# https://github.com/mikedh/trimesh

o right_wrist_yaw_link.STL
v 2.89999153 2.38623526 0.00033719
v 2.80002039 2.28617005 0.00032225
v 2.80001964 2.27904357 0.37712720
v 2.80001964 2.15812344 1.50000686
v 2.90038418 2.26030201 1.49995564
v 2.90058386 2.29348950 1.31453741
v 2.80001964 2.15812344 1.50000686
v 2.90058386 2.29348950 1.31453741
v 2.80001964 2.19200514 1.31467106
v 2.80001964 2.19200514 1.31467106
v 2.90058386 2.29348950 1.31453741
v 2.90062632 2.31798291 1.14392582
v 2.80001964 2.19200514 1.31467106
v 2.90062632 2.31798291 1.14392582
v 2.80001964 2.21904777 1.12818917
v 2.90062632 2.31798291 1.14392582
v 2.90062483 2.32002195 1.12802070
v 2.80001964 2.21904777 1.12818917
v 2.80001964 2.21904777 1.12818917
v 2.90062483 2.32002195 1.12802070
v 2.90040355 2.35769432 0.75317803
v 2.80001964 2.21904777 1.12818917
v 2.90040355 2.35769432 0.75317803
v 2.80002039 2.25738827 0.75332229
v 2.80002039 2.25738827 0.75332229
v 2.90040355 2.35769432 0.75317803
v 2.90034842 2.36213319 0.69234162
v 2.80002039 2.25738827 0.75332229
v 2.90034842 2.36213319 0.69234162
v 2.80001964 2.27904357 0.37712720
v 2.80001964 2.27904357 0.37712720
v 2.90034842 2.36213319 0.69234162
v 2.90007498 2.37891246 0.37702201
v 2.80001964 2.27904357 0.37712720
v 2.90007498 2.37891246 0.37702201
v 2.89999153 2.38623526 0.00033719
v 2.43933778 1.87580884 2.05735303
v 2.43420359 1.87402237 2.05869079
v 2.48345267 1.89800970 2.17713639
v 2.69901436 2.02165432 2.17185076
v 2.68431064 2.00681221 2.04667915
v 2.62484010 1.96921956 2.09984221
v 2.62484010 1.96921956 2.09984221
v 2.68431064 2.00681221 2.04667915
v 2.63134595 1.96377058 1.96726043
v 2.69901436 2.02165432 2.17185076
v 2.73727607 2.04985254 2.12609936
v 2.68431064 2.00681221 2.04667915
v 2.68431064 2.00681221 2.04667915
v 2.73727607 2.04985254 2.12609936
v 2.76218858 2.06961650 2.09040754
v 2.68431064 2.00681221 2.04667915
v 2.76218858 2.06961650 2.09040754
v 2.63134595 1.96377058 1.96726043
v 2.88443919 2.20342502 1.74077190
v 2.78472882 2.10550707 1.69161670
v 2.87674498 2.19008923 1.78698804
v 2.87674498 2.19008923 1.78698804
v 2.78472882 2.10550707 1.69161670
v 2.77252477 2.08532084 1.74462348
v 2.87674498 2.19008923 1.78698804
v 2.77252477 2.08532084 1.74462348
v 2.85509657 2.16019396 1.87978595
v 2.77252477 2.08532084 1.74462348
v 2.76667979 2.07699183 1.76455621
v 2.85509657 2.16019396 1.87978595
v 2.85509657 2.16019396 1.87978595
v 2.76667979 2.07699183 1.76455621
v 2.75591668 2.06323173 1.79551020
v 2.85509657 2.16019396 1.87978595
v 2.75591668 2.06323173 1.79551020
v 2.84550097 2.14882009 1.91150848
v 2.75591668 2.06323173 1.79551020
v 2.74481159 2.05072537 1.82180591
v 2.84550097 2.14882009 1.91150848
v 2.84550097 2.14882009 1.91150848
v 2.74481159 2.05072537 1.82180591
v 2.74161156 2.04737820 1.82857513
v 2.84550097 2.14882009 1.91150848
v 2.74161156 2.04737820 1.82857513
v 2.82539781 2.12708339 1.96728166
v 2.82539781 2.12708339 1.96728166
v 2.74161156 2.04737820 1.82857513
v 2.72455420 2.03096848 1.86025333
v 2.82539781 2.12708339 1.96728166
v 2.72455420 2.03096848 1.86025333
v 2.81340759 2.11512297 1.99557841
v 2.81340759 2.11512297 1.99557841
v 2.72455420 2.03096848 1.86025333
v 2.70834323 2.01706141 1.88527312
v 2.81340759 2.11512297 1.99557841
v 2.70834323 2.01706141 1.88527312
v 2.78621893 2.09001340 2.05022190
v 2.78621893 2.09001340 2.05022190
v 2.70834323 2.01706141 1.88527312
v 2.68273037 1.99741628 1.91798955
v 2.78621893 2.09001340 2.05022190
v 2.68273037 1.99741628 1.91798955
v 2.78045516 2.08498556 2.06045844
v 2.78045516 2.08498556 2.06045844
v 2.68273037 1.99741628 1.91798955
v 2.67004501 1.98849160 1.93188414
v 2.78045516 2.08498556 2.06045844
v 2.67004501 1.98849160 1.93188414
v 2.76218858 2.06961650 2.09040754
v 2.76218858 2.06961650 2.09040754
v 2.67004501 1.98849160 1.93188414
v 2.66264435 1.98349003 1.93941128
v 2.76218858 2.06961650 2.09040754
v 2.66264435 1.98349003 1.93941128
v 2.63134595 1.96377058 1.96726043
v 2.20756736 1.81717686 2.09259000
v 2.17375662 1.81221981 2.09486727
v 2.14622747 1.80787407 2.39439942
v 2.14622747 1.80787407 2.39439942
v 2.17375662 1.81221981 2.09486727
v 2.12950837 1.80701558 2.09710728
v 2.14622747 1.80787407 2.39439942
v 2.12950837 1.80701558 2.09710728
v 2.07093786 1.80186648 2.39877347
v 2.07093786 1.80186648 2.39877347
v 2.12950837 1.80701558 2.09710728
v 2.05078851 1.80112217 2.09937617
v 2.07093786 1.80186648 2.39877347
v 2.05078851 1.80112217 2.09937617
v 1.97201129 1.79927032 2.40057055
v 1.97201129 1.79927032 2.40057055
v 2.05078851 1.80112217 2.09937617
v 1.97189730 1.79926623 2.09999997
v 2.47932803 1.89670455 2.32034530
v 2.51787137 1.91466194 2.30298229
v 2.48345267 1.89800970 2.17713639
v 2.48345267 1.89800970 2.17713639
v 2.51787137 1.91466194 2.30298229
v 2.60956865 1.96387097 2.24951301
v 2.48345267 1.89800970 2.17713639
v 2.60956865 1.96387097 2.24951301
v 2.55726483 1.93238258 2.14306042
v 2.55726483 1.93238258 2.14306042
v 2.60956865 1.96387097 2.24951301
v 2.62280386 1.97176579 2.23998763
v 2.55726483 1.93238258 2.14306042
v 2.62280386 1.97176579 2.23998763
v 2.62484010 1.96921956 2.09984221
v 2.62484010 1.96921956 2.09984221
v 2.62280386 1.97176579 2.23998763
v 2.67825332 2.00727843 2.19301637
v 2.62484010 1.96921956 2.09984221
v 2.67825332 2.00727843 2.19301637
v 2.69901436 2.02165432 2.17185076
v 2.43420359 1.87402237 2.05869079
v 2.33513694 1.84403360 2.07847748
v 2.48345267 1.89800970 2.17713639
v 2.48345267 1.89800970 2.17713639
v 2.33513694 1.84403360 2.07847748
v 2.40477975 1.86732579 2.20331084
v 2.48345267 1.89800970 2.17713639
v 2.40477975 1.86732579 2.20331084
v 2.47932803 1.89670455 2.32034530
v 2.14622747 1.80787407 2.39439942
v 2.26607081 1.82679351 2.37981007
v 2.20756736 1.81717686 2.09259000
v 2.20756736 1.81717686 2.09259000
v 2.26607081 1.82679351 2.37981007
v 2.28349846 1.83065664 2.37675980
v 2.20756736 1.81717686 2.09259000
v 2.28349846 1.83065664 2.37675980
v 2.28467416 1.83185749 2.08523013
v 2.28467416 1.83185749 2.08523013
v 2.28349846 1.83065664 2.37675980
v 2.35984754 1.85133740 2.36009657
v 2.28467416 1.83185749 2.08523013
v 2.35984754 1.85133740 2.36009657
v 2.33513694 1.84403360 2.07847748
v 2.33513694 1.84403360 2.07847748
v 2.35984754 1.85133740 2.36009657
v 2.40196716 1.86549872 2.34823022
v 2.33513694 1.84403360 2.07847748
v 2.40196716 1.86549872 2.34823022
v 2.40477975 1.86732579 2.20331084
v 2.40477975 1.86732579 2.20331084
v 2.40196716 1.86549872 2.34823022
v 2.44912636 1.88374128 2.33225506
v 2.40477975 1.86732579 2.20331084
v 2.44912636 1.88374128 2.33225506
v 2.47932803 1.89670455 2.32034530
v 2.90038418 2.26030201 1.49995564
v 2.80001964 2.15812344 1.50000686
v 2.89909970 2.24520322 1.57179106
v 2.89909970 2.24520322 1.57179106
v 2.80001964 2.15812344 1.50000686
v 2.79805120 2.14052852 1.57688092
v 2.89909970 2.24520322 1.57179106
v 2.79805120 2.14052852 1.57688092
v 2.89805364 2.23961379 1.59681328
v 2.89805364 2.23961379 1.59681328
v 2.79805120 2.14052852 1.57688092
v 2.79578771 2.13177726 1.60918143
v 2.89805364 2.23961379 1.59681328
v 2.79578771 2.13177726 1.60918143
v 2.88443919 2.20342502 1.74077190
v 2.88443919 2.20342502 1.74077190
v 2.79578771 2.13177726 1.60918143
v 2.79287156 2.12325994 1.63798295
v 2.88443919 2.20342502 1.74077190
v 2.79287156 2.12325994 1.63798295
v 2.78472882 2.10550707 1.69161670
v 2.63134595 1.96377058 1.96726043
v 2.61080544 1.95191372 1.98256318
v 2.62484010 1.96921956 2.09984221
v 2.62484010 1.96921956 2.09984221
v 2.61080544 1.95191372 1.98256318
v 2.57142764 1.93115957 2.00666953
v 2.62484010 1.96921956 2.09984221
v 2.57142764 1.93115957 2.00666953
v 2.55726483 1.93238258 2.14306042
v 2.55726483 1.93238258 2.14306042
v 2.57142764 1.93115957 2.00666953
v 2.54112985 1.91668775 2.02167369
v 2.54112985 1.91668775 2.02167369
v 2.50863042 1.90242659 2.03522295
v 2.55726483 1.93238258 2.14306042
v 2.55726483 1.93238258 2.14306042
v 2.50863042 1.90242659 2.03522295
v 2.50496250 1.90089308 2.03660969
v 2.55726483 1.93238258 2.14306042
v 2.50496250 1.90089308 2.03660969
v 2.48345267 1.89800970 2.17713639
v 2.48345267 1.89800970 2.17713639
v 2.50496250 1.90089308 2.03660969
v 2.45397817 1.88103747 2.05333140
v 2.48345267 1.89800970 2.17713639
v 2.45397817 1.88103747 2.05333140
v 2.43933778 1.87580884 2.05735303
v 3.69660892 1.97516736 2.12960094
v 3.69609110 1.93994138 2.17951909
v 3.71094234 1.92831121 2.16677040
v 3.56209837 1.79904699 2.40023807
v 3.57995965 1.79790538 2.39852052
v 3.57358642 1.89811774 2.31691673
v 3.64048965 2.03868356 2.10021175
v 3.64094414 2.09488533 1.98630393
v 3.61938290 2.10292134 1.99068878
v 3.69872116 2.10520681 1.85380746
v 3.69916745 2.14224774 1.73743702
v 3.68142240 2.15649754 1.74100399
v 3.71556170 2.17414685 1.54130915
v 3.71567495 2.18291786 1.50000686
v 3.69958095 2.19997782 1.50000742
v 3.71487923 2.12759990 1.72880068
v 3.69916745 2.14224774 1.73743702
v 3.71453352 2.10739318 1.79559905
v 3.71453352 2.10739318 1.79559905
v 3.69916745 2.14224774 1.73743702
v 3.69872116 2.10520681 1.85380746
v 3.71453352 2.10739318 1.79559905
v 3.69872116 2.10520681 1.85380746
v 3.71423997 2.09123325 1.84393376
v 3.71423997 2.09123325 1.84393376
v 3.69872116 2.10520681 1.85380746
v 3.71304043 2.03214716 1.99076813
v 3.67972143 2.21662093 1.50000760
v 3.68142240 2.15649754 1.74100399
v 3.69187556 2.20692158 1.50000760
v 3.69187556 2.20692158 1.50000760
v 3.68142240 2.15649754 1.74100399
v 3.69916745 2.14224774 1.73743702
v 3.69187556 2.20692158 1.50000760
v 3.69916745 2.14224774 1.73743702
v 3.69958095 2.19997782 1.50000742
v 3.69958095 2.19997782 1.50000742
v 3.69916745 2.14224774 1.73743702
v 3.71487923 2.12759990 1.72880068
v 3.69958095 2.19997782 1.50000742
v 3.71487923 2.12759990 1.72880068
v 3.71556170 2.17414685 1.54130915
v 3.59705798 2.15583649 1.87379569
v 3.61958928 2.14942005 1.87121239
v 3.61970551 2.18804646 1.74902249
v 3.64141576 2.17947848 1.74681488
v 3.64146717 2.23948210 1.50000406
v 3.63150276 2.24387720 1.50000388
v 3.55056040 2.20576841 1.73219088
v 3.55057605 2.14904808 1.91106722
v 3.57396118 2.19870098 1.75188258
v 3.57396118 2.19870098 1.75188258
v 3.55057605 2.14904808 1.91106722
v 3.57393585 2.16000341 1.87551957
v 3.57396118 2.19870098 1.75188258
v 3.57393585 2.16000341 1.87551957
v 3.59712429 2.19454225 1.75073687
v 3.59712429 2.19454225 1.75073687
v 3.57393585 2.16000341 1.87551957
v 3.59705798 2.15583649 1.87379569
v 3.63979526 1.78693254 2.38205791
v 3.63960750 1.88432857 2.30084211
v 3.62000503 1.79182906 2.38940176
v 3.62000503 1.79182906 2.38940176
v 3.63960750 1.88432857 2.30084211
v 3.62914465 1.88755617 2.30462886
v 3.62000503 1.79182906 2.38940176
v 3.62914465 1.88755617 2.30462886
v 3.61832269 1.79218426 2.38993466
v 3.61832269 1.79218426 2.38993466
v 3.62914465 1.88755617 2.30462886
v 3.61842327 1.89043265 2.30799671
v 3.61832269 1.79218426 2.38993466
v 3.61842327 1.89043265 2.30799671
v 3.60918082 1.79395620 2.39259284
v 3.60918082 1.79395620 2.39259284
v 3.61842327 1.89043265 2.30799671
v 3.60746868 1.89295113 2.31093820
v 3.60918082 1.79395620 2.39259284
v 3.60746868 1.89295113 2.31093820
v 3.59679647 1.79594494 2.39557698
v 3.59679647 1.79594494 2.39557698
v 3.60746868 1.89295113 2.31093820
v 3.59631516 1.89509448 2.31343247
v 3.60767283 1.97892394 2.21552234
v 3.61867435 1.97607409 2.21291762
v 3.61905582 2.04620697 2.10559964
v 3.61905582 2.04620697 2.10559964
v 3.61867435 1.97607409 2.21291762
v 3.62944566 1.97283681 2.20994763
v 3.57361697 1.94340199 2.27067024
v 3.57358642 1.89811774 2.31691673
v 3.58500592 1.89682841 2.31543947
v 3.58500592 1.89682841 2.31543947
v 3.57358642 1.89811774 2.31691673
v 3.57995965 1.79790538 2.39852052
v 3.58500592 1.89682841 2.31543947
v 3.57995965 1.79790538 2.39852052
v 3.59631516 1.89509448 2.31343247
v 3.59631516 1.89509448 2.31343247
v 3.57995965 1.79790538 2.39852052
v 3.59626301 1.79602019 2.39568986
v 3.59631516 1.89509448 2.31343247
v 3.59626301 1.79602019 2.39568986
v 3.59679647 1.79594494 2.39557698
v 3.56213860 1.98576096 2.22168081
v 3.56211700 1.94427837 2.27153655
v 3.57361697 1.94340199 2.27067024
v 3.57361697 1.94340199 2.27067024
v 3.56211700 1.94427837 2.27153655
v 3.57358642 1.89811774 2.31691673
v 3.57358642 1.89811774 2.31691673
v 3.56211700 1.94427837 2.27153655
v 3.56210284 1.89892687 2.31782217
v 3.57358642 1.89811774 2.31691673
v 3.56210284 1.89892687 2.31782217
v 3.56209837 1.79904699 2.40023807
v 3.56209837 1.79904699 2.40023807
v 3.56210284 1.89892687 2.31782217
v 3.55060063 1.80085860 2.39935573
v 3.56209837 1.79904699 2.40023807
v 3.55060063 1.80085860 2.39935573
v 3.55060063 1.79925691 2.40055714
v 3.57378088 2.05589123 2.11248528
v 3.57366167 1.98482964 2.22086236
v 3.58530469 2.05424856 2.11132132
v 3.58530469 2.05424856 2.11132132
v 3.57366167 1.98482964 2.22086236
v 3.58512215 1.98334809 2.21953541
v 3.58530469 2.05424856 2.11132132
v 3.58512215 1.98334809 2.21953541
v 3.59672122 2.05204822 2.10976042
v 3.59672122 2.05204822 2.10976042
v 3.58512215 1.98334809 2.21953541
v 3.59647460 1.98136363 2.21774168
v 3.59672122 2.05204822 2.10976042
v 3.59647460 1.98136363 2.21774168
v 3.60767283 1.97892394 2.21552234
v 3.56219523 2.05691755 2.11321395
v 3.55059095 2.05726847 2.11346895
v 3.55059393 2.02616509 2.16498151
v 3.56219523 2.05691755 2.11321395
v 3.55059393 2.02616509 2.16498151
v 3.56213860 1.98576096 2.22168081
v 3.56213860 1.98576096 2.22168081
v 3.55059393 2.02616509 2.16498151
v 3.55059691 1.98609475 2.22194921
v 3.56213860 1.98576096 2.22168081
v 3.55059691 1.98609475 2.22194921
v 3.56211700 1.94427837 2.27153655
v 3.56211700 1.94427837 2.27153655
v 3.55059691 1.98609475 2.22194921
v 3.55059840 1.96728036 2.24559717
v 3.56211700 1.94427837 2.27153655
v 3.55059840 1.96728036 2.24559717
v 3.56210284 1.89892687 2.31782217
v 3.56210284 1.89892687 2.31782217
v 3.55059840 1.96728036 2.24559717
v 3.55059989 1.89817436 2.31909584
v 3.56210284 1.89892687 2.31782217
v 3.55059989 1.89817436 2.31909584
v 3.55060063 1.80085860 2.39935573
v 3.71094234 1.92831121 2.16677040
v 3.69609110 1.93994138 2.17951909
v 3.71034630 1.88105125 2.22217310
v 3.71034630 1.88105125 2.22217310
v 3.69609110 1.93994138 2.17951909
v 3.69564109 1.90074742 2.22626477
v 3.71034630 1.88105125 2.22217310
v 3.69564109 1.90074742 2.22626477
v 3.71006764 1.84713602 2.25605983
v 3.66933309 1.77679695 2.36685853
v 3.67805995 1.77301019 2.36118045
v 3.67834233 1.86803434 2.28165891
v 3.67834233 1.86803434 2.28165891
v 3.67805995 1.77301019 2.36118045
v 3.68604474 1.76914502 2.35538483
v 3.65965404 1.87684484 2.29204241
v 3.65943573 1.78061873 2.37258952
v 3.66933309 1.77679695 2.36685853
v 3.65943573 1.78061873 2.37258952
v 3.65965404 1.87684484 2.29204241
v 3.63979526 1.78693254 2.38205791
v 3.71140130 1.95501894 2.12956239
v 3.71220745 1.99422333 2.06536017
v 3.69714014 2.00672392 2.07721237
v 3.69714014 2.00672392 2.07721237
v 3.71220745 1.99422333 2.06536017
v 3.71304043 2.03214716 1.99076813
v 3.69714014 2.00672392 2.07721237
v 3.71304043 2.03214716 1.99076813
v 3.69806252 2.06069034 1.96767040
v 3.69806252 2.06069034 1.96767040
v 3.71304043 2.03214716 1.99076813
v 3.69872116 2.10520681 1.85380746
v 3.69806252 2.06069034 1.96767040
v 3.69872116 2.10520681 1.85380746
v 3.68109532 2.11889297 1.85916163
v 3.68109532 2.11889297 1.85916163
v 3.69872116 2.10520681 1.85380746
v 3.68142240 2.15649754 1.74100399
v 3.68109532 2.11889297 1.85916163
v 3.68142240 2.15649754 1.74100399
v 3.66205685 2.16893461 1.74413603
v 3.66205685 2.16893461 1.74413603
v 3.68142240 2.15649754 1.74100399
v 3.67972143 2.21662093 1.50000760
v 3.66205685 2.16893461 1.74413603
v 3.67972143 2.21662093 1.50000760
v 3.66410129 2.22721398 1.50000649
v 3.69660892 1.97516736 2.12960094
v 3.67984138 2.01889127 2.08597705
v 3.69609110 1.93994138 2.17951909
v 3.69609110 1.93994138 2.17951909
v 3.67984138 2.01889127 2.08597705
v 3.67898233 1.95110086 2.18986869
v 3.69609110 1.93994138 2.17951909
v 3.67898233 1.95110086 2.18986869
v 3.69564109 1.90074742 2.22626477
v 3.61970551 2.18804646 1.74902249
v 3.61958928 2.14942005 1.87121239
v 3.64141576 2.17947848 1.74681488
v 3.64141576 2.17947848 1.74681488
v 3.61958928 2.14942005 1.87121239
v 3.64124142 2.14106701 1.86789073
v 3.64141576 2.17947848 1.74681488
v 3.64124142 2.14106701 1.86789073
v 3.66181172 2.13086791 1.86386481
v 3.66181172 2.13086791 1.86386481
v 3.64124142 2.14106701 1.86789073
v 3.66141461 2.08512824 1.98098253
v 3.66181172 2.13086791 1.86386481
v 3.66141461 2.08512824 1.98098253
v 3.68058421 2.07371283 1.97476037
v 3.68058421 2.07371283 1.97476037
v 3.66141461 2.08512824 1.98098253
v 3.66082154 2.02955864 2.09365580
v 3.68058421 2.07371283 1.97476037
v 3.66082154 2.02955864 2.09365580
v 3.67984138 2.01889127 2.08597705
v 3.67984138 2.01889127 2.08597705
v 3.66082154 2.02955864 2.09365580
v 3.66013683 1.96087565 2.19891779
v 3.67984138 2.01889127 2.08597705
v 3.66013683 1.96087565 2.19891779
v 3.67898233 1.95110086 2.18986869
v 3.67898233 1.95110086 2.18986869
v 3.66013683 1.96087565 2.19891779
v 3.67861427 1.91138331 2.23740842
v 3.67898233 1.95110086 2.18986869
v 3.67861427 1.91138331 2.23740842
v 3.69564109 1.90074742 2.22626477
v 3.69564109 1.90074742 2.22626477
v 3.67861427 1.91138331 2.23740842
v 3.69530208 1.85796432 2.26976871
v 3.69564109 1.90074742 2.22626477
v 3.69530208 1.85796432 2.26976871
v 3.71006764 1.84713602 2.25605983
v 3.71006764 1.84713602 2.25605983
v 3.69530208 1.85796432 2.26976871
v 3.69282402 1.76550914 2.34993305
v 3.71006764 1.84713602 2.25605983
v 3.69282402 1.76550914 2.34993305
v 3.70978750 1.75448060 2.33339593
v 3.66933309 1.77679695 2.36685853
v 3.67834233 1.86803434 2.28165891
v 3.65965404 1.87684484 2.29204241
v 3.65965404 1.87684484 2.29204241
v 3.67834233 1.86803434 2.28165891
v 3.65985371 1.92069765 2.24714838
v 3.65965404 1.87684484 2.29204241
v 3.65985371 1.92069765 2.24714838
v 3.63975205 1.92863438 2.25542616
v 3.63975205 1.92863438 2.25542616
v 3.65985371 1.92069765 2.24714838
v 3.63996290 1.96921974 2.20661946
v 3.63975205 1.92863438 2.25542616
v 3.63996290 1.96921974 2.20661946
v 3.62944566 1.97283681 2.20994763
v 3.62944566 1.97283681 2.20994763
v 3.63996290 1.96921974 2.20661946
v 3.64048965 2.03868356 2.10021175
v 3.62944566 1.97283681 2.20994763
v 3.64048965 2.03868356 2.10021175
v 3.61905582 2.04620697 2.10559964
v 3.61905582 2.04620697 2.10559964
v 3.64048965 2.03868356 2.10021175
v 3.61938290 2.10292134 1.99068878
v 3.61905582 2.04620697 2.10559964
v 3.61938290 2.10292134 1.99068878
v 3.59692983 2.10915096 1.99409053
v 3.64141576 2.17947848 1.74681488
v 3.63150276 2.24387720 1.50000388
v 3.61970551 2.18804646 1.74902249
v 3.61970551 2.18804646 1.74902249
v 3.63150276 2.24387720 1.50000388
v 3.61971371 2.24835854 1.50000518
v 3.61970551 2.18804646 1.74902249
v 3.61971371 2.24835854 1.50000518
v 3.59714963 2.22714860 1.62591320
v 3.59714963 2.22714860 1.62591320
v 3.61971371 2.24835854 1.50000518
v 3.59590761 2.25519873 1.50001394
v 3.59714963 2.22714860 1.62591320
v 3.59590761 2.25519873 1.50001394
v 3.57396565 2.23124884 1.62648186
v 3.57396565 2.23124884 1.62648186
v 3.59590761 2.25519873 1.50001394
v 3.57636549 2.25869045 1.50001952
v 3.57396565 2.23124884 1.62648186
v 3.57636549 2.25869045 1.50001952
v 3.56454961 2.25987080 1.50001785
v 3.59705798 2.15583649 1.87379569
v 3.61970551 2.18804646 1.74902249
v 3.59712429 2.19454225 1.75073687
v 3.59712429 2.19454225 1.75073687
v 3.61970551 2.18804646 1.74902249
v 3.59714963 2.22714860 1.62591320
v 3.59712429 2.19454225 1.75073687
v 3.59714963 2.22714860 1.62591320
v 3.57396118 2.19870098 1.75188258
v 3.57396118 2.19870098 1.75188258
v 3.59714963 2.22714860 1.62591320
v 3.57396565 2.23124884 1.62648186
v 3.57396118 2.19870098 1.75188258
v 3.57396565 2.23124884 1.62648186
v 3.55056040 2.20576841 1.73219088
v 3.55056040 2.20576841 1.73219088
v 3.57396565 2.23124884 1.62648186
v 3.56454961 2.25987080 1.50001785
v 3.55056040 2.20576841 1.73219088
v 3.56454961 2.25987080 1.50001785
v 3.55053954 2.26033572 1.50000704
v 3.71094234 1.92831121 2.16677040
v 3.71140130 1.95501894 2.12956239
v 3.69660892 1.97516736 2.12960094
v 3.69660892 1.97516736 2.12960094
v 3.71140130 1.95501894 2.12956239
v 3.69714014 2.00672392 2.07721237
v 3.69660892 1.97516736 2.12960094
v 3.69714014 2.00672392 2.07721237
v 3.67984138 2.01889127 2.08597705
v 3.67984138 2.01889127 2.08597705
v 3.69714014 2.00672392 2.07721237
v 3.69806252 2.06069034 1.96767040
v 3.67984138 2.01889127 2.08597705
v 3.69806252 2.06069034 1.96767040
v 3.68058421 2.07371283 1.97476037
v 3.68058421 2.07371283 1.97476037
v 3.69806252 2.06069034 1.96767040
v 3.68109532 2.11889297 1.85916163
v 3.68058421 2.07371283 1.97476037
v 3.68109532 2.11889297 1.85916163
v 3.66181172 2.13086791 1.86386481
v 3.66181172 2.13086791 1.86386481
v 3.68109532 2.11889297 1.85916163
v 3.66205685 2.16893461 1.74413603
v 3.66181172 2.13086791 1.86386481
v 3.66205685 2.16893461 1.74413603
v 3.64141576 2.17947848 1.74681488
v 3.64141576 2.17947848 1.74681488
v 3.66205685 2.16893461 1.74413603
v 3.66410129 2.22721398 1.50000649
v 3.64141576 2.17947848 1.74681488
v 3.66410129 2.22721398 1.50000649
v 3.64146717 2.23948210 1.50000406
v 3.60767283 1.97892394 2.21552234
v 3.61905582 2.04620697 2.10559964
v 3.59672122 2.05204822 2.10976042
v 3.59672122 2.05204822 2.10976042
v 3.61905582 2.04620697 2.10559964
v 3.59692983 2.10915096 1.99409053
v 3.59672122 2.05204822 2.10976042
v 3.59692983 2.10915096 1.99409053
v 3.58530469 2.05424856 2.11132132
v 3.58530469 2.05424856 2.11132132
v 3.59692983 2.10915096 1.99409053
v 3.57387997 2.11323947 1.99634153
v 3.58530469 2.05424856 2.11132132
v 3.57387997 2.11323947 1.99634153
v 3.57378088 2.05589123 2.11248528
v 3.57378088 2.05589123 2.11248528
v 3.57387997 2.11323947 1.99634153
v 3.55058275 2.11469084 1.99719612
v 3.57378088 2.05589123 2.11248528
v 3.55058275 2.11469084 1.99719612
v 3.55058797 2.08554436 2.06003115
v 3.63979526 1.78693254 2.38205791
v 3.65965404 1.87684484 2.29204241
v 3.63960750 1.88432857 2.30084211
v 3.63960750 1.88432857 2.30084211
v 3.65965404 1.87684484 2.29204241
v 3.63975205 1.92863438 2.25542616
v 3.63960750 1.88432857 2.30084211
v 3.63975205 1.92863438 2.25542616
v 3.62914465 1.88755617 2.30462886
v 3.62914465 1.88755617 2.30462886
v 3.63975205 1.92863438 2.25542616
v 3.62944566 1.97283681 2.20994763
v 3.62914465 1.88755617 2.30462886
v 3.62944566 1.97283681 2.20994763
v 3.61842327 1.89043265 2.30799671
v 3.61842327 1.89043265 2.30799671
v 3.62944566 1.97283681 2.20994763
v 3.61867435 1.97607409 2.21291762
v 3.61842327 1.89043265 2.30799671
v 3.61867435 1.97607409 2.21291762
v 3.60746868 1.89295113 2.31093820
v 3.60746868 1.89295113 2.31093820
v 3.61867435 1.97607409 2.21291762
v 3.60767283 1.97892394 2.21552234
v 3.60746868 1.89295113 2.31093820
v 3.60767283 1.97892394 2.21552234
v 3.59631516 1.89509448 2.31343247
v 3.59631516 1.89509448 2.31343247
v 3.60767283 1.97892394 2.21552234
v 3.59647460 1.98136363 2.21774168
v 3.59631516 1.89509448 2.31343247
v 3.59647460 1.98136363 2.21774168
v 3.58500592 1.89682841 2.31543947
v 3.58500592 1.89682841 2.31543947
v 3.59647460 1.98136363 2.21774168
v 3.58512215 1.98334809 2.21953541
v 3.58500592 1.89682841 2.31543947
v 3.58512215 1.98334809 2.21953541
v 3.57361697 1.94340199 2.27067024
v 3.57361697 1.94340199 2.27067024
v 3.58512215 1.98334809 2.21953541
v 3.57366167 1.98482964 2.22086236
v 3.57361697 1.94340199 2.27067024
v 3.57366167 1.98482964 2.22086236
v 3.56213860 1.98576096 2.22168081
v 3.56213860 1.98576096 2.22168081
v 3.57366167 1.98482964 2.22086236
v 3.57378088 2.05589123 2.11248528
v 3.56213860 1.98576096 2.22168081
v 3.57378088 2.05589123 2.11248528
v 3.56219523 2.05691755 2.11321395
v 3.56219523 2.05691755 2.11321395
v 3.57378088 2.05589123 2.11248528
v 3.55058797 2.08554436 2.06003115
v 3.56219523 2.05691755 2.11321395
v 3.55058797 2.08554436 2.06003115
v 3.55059095 2.05726847 2.11346895
v 3.55057605 2.14904808 1.91106722
v 3.55058275 2.11469084 1.99719612
v 3.57393585 2.16000341 1.87551957
v 3.57393585 2.16000341 1.87551957
v 3.55058275 2.11469084 1.99719612
v 3.57387997 2.11323947 1.99634153
v 3.57393585 2.16000341 1.87551957
v 3.57387997 2.11323947 1.99634153
v 3.59705798 2.15583649 1.87379569
v 3.59705798 2.15583649 1.87379569
v 3.57387997 2.11323947 1.99634153
v 3.59692983 2.10915096 1.99409053
v 3.59705798 2.15583649 1.87379569
v 3.59692983 2.10915096 1.99409053
v 3.61958928 2.14942005 1.87121239
v 3.61958928 2.14942005 1.87121239
v 3.59692983 2.10915096 1.99409053
v 3.61938290 2.10292134 1.99068878
v 3.61958928 2.14942005 1.87121239
v 3.61938290 2.10292134 1.99068878
v 3.64124142 2.14106701 1.86789073
v 3.64124142 2.14106701 1.86789073
v 3.61938290 2.10292134 1.99068878
v 3.64094414 2.09488533 1.98630393
v 3.64124142 2.14106701 1.86789073
v 3.64094414 2.09488533 1.98630393
v 3.66141461 2.08512824 1.98098253
v 3.66141461 2.08512824 1.98098253
v 3.64094414 2.09488533 1.98630393
v 3.64048965 2.03868356 2.10021175
v 3.66141461 2.08512824 1.98098253
v 3.64048965 2.03868356 2.10021175
v 3.66082154 2.02955864 2.09365580
v 3.66082154 2.02955864 2.09365580
v 3.64048965 2.03868356 2.10021175
v 3.63996290 1.96921974 2.20661946
v 3.66082154 2.02955864 2.09365580
v 3.63996290 1.96921974 2.20661946
v 3.66013683 1.96087565 2.19891779
v 3.66013683 1.96087565 2.19891779
v 3.63996290 1.96921974 2.20661946
v 3.65985371 1.92069765 2.24714838
v 3.66013683 1.96087565 2.19891779
v 3.65985371 1.92069765 2.24714838
v 3.67861427 1.91138331 2.23740842
v 3.67861427 1.91138331 2.23740842
v 3.65985371 1.92069765 2.24714838
v 3.67834233 1.86803434 2.28165891
v 3.67861427 1.91138331 2.23740842
v 3.67834233 1.86803434 2.28165891
v 3.69530208 1.85796432 2.26976871
v 3.69530208 1.85796432 2.26976871
v 3.67834233 1.86803434 2.28165891
v 3.68604474 1.76914502 2.35538483
v 3.69530208 1.85796432 2.26976871
v 3.68604474 1.76914502 2.35538483
v 3.69282402 1.76550914 2.34993305
v 0.45950613 0.19289578 2.99379211
v 0.45950613 0.24106910 2.99029853
v -0.02055566 0.24116826 2.98883561
v -0.40013292 -1.75422039 2.40054484
v -0.34727554 -1.76546164 2.40053348
v -0.34891542 -1.56892594 2.53302809
v -0.25716524 -1.78077687 2.40055900
v -0.19721265 -1.78841241 2.40055155
v -0.23561518 -1.58563461 2.53537651
v -0.45951554 -0.48635807 2.92444061
v -0.45951032 -0.69038980 2.88308170
v -0.35376872 -0.70073204 2.89521758
v -0.24623375 0.23859327 2.97922734
v -0.24645727 0.00026907 2.98869107
v -0.02086561 0.00044662 2.99847703
v -0.45948424 0.39123436 2.93868836
v -0.45949765 0.23195860 2.95551922
v -0.24623375 0.23859327 2.97922734
v -0.24437036 0.70875133 2.90383287
v -0.24274464 0.93829874 2.83827800
v -0.35284783 0.92805177 2.83077043
v -0.02055566 0.24116826 2.98883561
v -0.01960497 0.48007118 2.95997579
v -0.24554383 0.47517088 2.95088254
v -0.01297842 1.17313145 2.76024900
v -0.00959958 1.39092105 2.65746452
v -0.12432586 1.38737373 2.65614949
v 0.45950613 -1.79931857 2.40064971
v 0.45950613 -1.79119613 2.40657758
v 0.39422042 -1.79915726 2.40076408
v 0.39422042 -1.79915726 2.40076408
v 0.45950613 -1.79119613 2.40657758
v 0.45950613 -1.60046723 2.53742076
v 0.39422042 -1.79915726 2.40076408
v 0.45950613 -1.60046723 2.53742076
v -0.00000025 -1.79926530 2.40055062
v 0.45950613 1.60046481 2.53742225
v 0.45950613 1.79930665 2.40052585
v -0.00000025 1.79926530 2.40055081
v 0.45950613 1.60046481 2.53742225
v -0.00000025 1.79926530 2.40055081
v -0.00576924 1.59974452 2.53755394
v -0.00576924 1.59974452 2.53755394
v -0.00000025 1.79926530 2.40055081
v -0.08248414 1.79737806 2.40055081
v -0.00576924 1.59974452 2.53755394
v -0.08248414 1.79737806 2.40055081
v -0.12072052 1.59598198 2.53690481
v -0.08248414 1.79737806 2.40055081
v -0.11705484 1.79550126 2.40054522
v -0.12072052 1.59598198 2.53690481
v -0.12072052 1.59598198 2.53690481
v -0.11705484 1.79550126 2.40054522
v -0.25716524 1.78076569 2.40056906
v -0.12072052 1.59598198 2.53690481
v -0.25716524 1.78076569 2.40056906
v -0.23541923 1.58562660 2.53553353
v -0.34729640 1.76548399 2.40051132
v -0.45937547 1.73936896 2.40074806
v -0.45913332 1.67767741 2.44429149
v -0.25716524 1.78076569 2.40056906
v -0.27880769 1.77751500 2.40056403
v -0.23541923 1.58562660 2.53553353
v -0.23541923 1.58562660 2.53553353
v -0.27880769 1.77751500 2.40056403
v -0.34729640 1.76548399 2.40051132
v -0.23541923 1.58562660 2.53553353
v -0.34729640 1.76548399 2.40051132
v -0.34876044 1.56887174 2.53313333
v -0.34876044 1.56887174 2.53313333
v -0.34729640 1.76548399 2.40051132
v -0.45913332 1.67767741 2.44429149
v -0.01297842 1.17313145 2.76024900
v -0.12432586 1.38737373 2.65614949
v -0.12749906 1.16992090 2.75833383
v -0.12749906 1.16992090 2.75833383
v -0.12432586 1.38737373 2.65614949
v -0.23823257 1.37820020 2.65351124
v -0.12749906 1.16992090 2.75833383
v -0.23823257 1.37820020 2.65351124
v -0.24070393 1.16202943 2.75460631
v -0.24070393 1.16202943 2.75460631
v -0.23823257 1.37820020 2.65351124
v -0.35033401 1.36348084 2.64909919
v -0.24070393 1.16202943 2.75460631
v -0.35033401 1.36348084 2.64909919
v -0.35171385 1.14947716 2.74849795
v -0.45926520 1.23387435 2.69566625
v -0.35171385 1.14947716 2.74849795
v -0.45922198 1.34275379 2.64313016
v -0.45922198 1.34275379 2.64313016
v -0.35171385 1.14947716 2.74849795
v -0.35033401 1.36348084 2.64909919
v -0.45922198 1.34275379 2.64313016
v -0.35033401 1.36348084 2.64909919
v -0.45918175 1.43039720 2.59675551
v -0.45918175 1.43039720 2.59675551
v -0.35033401 1.36348084 2.64909919
v -0.45915418 1.49330124 2.56110262
v -0.45913332 1.67767741 2.44429149
v -0.45912215 1.61868688 2.48375274
v -0.34876044 1.56887174 2.53313333
v -0.34876044 1.56887174 2.53313333
v -0.45912215 1.61868688 2.48375274
v -0.45913481 1.54523067 2.53011025
v -0.34876044 1.56887174 2.53313333
v -0.45913481 1.54523067 2.53011025
v -0.45915418 1.49330124 2.56110262
v -0.45937099 0.85390722 2.83898562
v -0.45938143 0.81777079 2.84960140
v -0.35284783 0.92805177 2.83077043
v -0.24437036 0.70875133 2.90383287
v -0.35284783 0.92805177 2.83077043
v -0.35376723 0.70093735 2.89521925
v -0.35376723 0.70093735 2.89521925
v -0.35284783 0.92805177 2.83077043
v -0.45938143 0.81777079 2.84960140
v -0.35376723 0.70093735 2.89521925
v -0.45938143 0.81777079 2.84960140
v -0.45942464 0.67905071 2.88578551
v -0.45930916 1.09171579 2.75629926
v -0.45934268 0.96099498 2.80455239
v -0.35284783 0.92805177 2.83077043
v -0.35284783 0.92805177 2.83077043
v -0.45934268 0.96099498 2.80455239
v -0.45935460 0.91372607 2.82030553
v -0.35284783 0.92805177 2.83077043
v -0.45935460 0.91372607 2.82030553
v -0.45937099 0.85390722 2.83898562
v -0.45926520 1.23387435 2.69566625
v -0.45929127 1.15489559 2.73043085
v -0.35171385 1.14947716 2.74849795
v -0.35171385 1.14947716 2.74849795
v -0.45929127 1.15489559 2.73043085
v -0.45929798 1.13186184 2.74005868
v -0.35171385 1.14947716 2.74849795
v -0.45929798 1.13186184 2.74005868
v -0.45930916 1.09171579 2.75629926
v -0.35493847 0.00009491 2.97865067
v -0.35480510 -0.23561865 2.96934284
v -0.24622034 -0.23803567 2.97922958
v -0.45951256 -0.23235399 2.95548178
v -0.45951554 -0.46276920 2.92826798
v -0.35441618 -0.46960050 2.94148680
v -0.35441618 -0.46960050 2.94148680
v -0.45951554 -0.46276920 2.92826798
v -0.45951554 -0.48635807 2.92444061
v -0.35045396 -1.36342226 2.64904555
v -0.45949765 -1.34311561 2.64289714
v -0.45949020 -1.39382621 2.61650905
v -0.35045396 -1.36342226 2.64904555
v -0.45949020 -1.39382621 2.61650905
v -0.34891542 -1.56892594 2.53302809
v -0.45950883 -1.11113163 2.74849944
v -0.45950883 -1.13228736 2.73985174
v -0.35178314 -1.14939678 2.74845865
v -0.35178314 -1.14939678 2.74845865
v -0.45950883 -1.13228736 2.73985174
v -0.45950809 -1.20337587 2.70938110
v -0.35178314 -1.14939678 2.74845865
v -0.45950809 -1.20337587 2.70938110
v -0.35045396 -1.36342226 2.64904555
v -0.35045396 -1.36342226 2.64904555
v -0.45950809 -1.20337587 2.70938110
v -0.45950064 -1.32085709 2.65409108
v -0.35045396 -1.36342226 2.64904555
v -0.45950064 -1.32085709 2.65409108
v -0.45949765 -1.34311561 2.64289714
v -0.34727554 -1.76546164 2.40053348
v -0.25716524 -1.78077687 2.40055900
v -0.34891542 -1.56892594 2.53302809
v -0.34891542 -1.56892594 2.53302809
v -0.25716524 -1.78077687 2.40055900
v -0.23561518 -1.58563461 2.53537651
v -0.34891542 -1.56892594 2.53302809
v -0.23561518 -1.58563461 2.53537651
v -0.35045396 -1.36342226 2.64904555
v -0.35045396 -1.36342226 2.64904555
v -0.23561518 -1.58563461 2.53537651
v -0.23837786 -1.37801291 2.65343431
v -0.35045396 -1.36342226 2.64904555
v -0.23837786 -1.37801291 2.65343431
v -0.35178314 -1.14939678 2.74845865
v -0.35178314 -1.14939678 2.74845865
v -0.23837786 -1.37801291 2.65343431
v -0.24078141 -1.16173448 2.75457371
v -0.35178314 -1.14939678 2.74845865
v -0.24078141 -1.16173448 2.75457371
v -0.35288509 -0.92795854 2.83072870
v -0.35288509 -0.92795854 2.83072870
v -0.24078141 -1.16173448 2.75457371
v -0.24278041 -0.93792984 2.83825453
v -0.35288509 -0.92795854 2.83072870
v -0.24278041 -0.93792984 2.83825453
v -0.35376872 -0.70073204 2.89521758
v -0.35376872 -0.70073204 2.89521758
v -0.24278041 -0.93792984 2.83825453
v -0.24436961 -0.70824753 2.90384516
v -0.45951032 -0.69038980 2.88308170
v -0.45950734 -0.77291336 2.86206622
v -0.35376872 -0.70073204 2.89521758
v -0.35376872 -0.70073204 2.89521758
v -0.45950734 -0.77291336 2.86206622
v -0.45950660 -0.80518322 2.85315756
v -0.35376872 -0.70073204 2.89521758
v -0.45950660 -0.80518322 2.85315756
v -0.35288509 -0.92795854 2.83072870
v -0.35288509 -0.92795854 2.83072870
v -0.45950660 -0.80518322 2.85315756
v -0.45950585 -0.91418959 2.82012653
v -0.35288509 -0.92795854 2.83072870
v -0.45950585 -0.91418959 2.82012653
v -0.35178314 -1.14939678 2.74845865
v -0.35178314 -1.14939678 2.74845865
v -0.45950585 -0.91418959 2.82012653
v -0.45950809 -1.05250645 2.77147889
v -0.35178314 -1.14939678 2.74845865
v -0.45950809 -1.05250645 2.77147889
v -0.45950883 -1.11113163 2.74849944
v -0.19721265 -1.78841241 2.40055155
v -0.11705186 -1.79549865 2.40054820
v -0.23561518 -1.58563461 2.53537651
v -0.23561518 -1.58563461 2.53537651
v -0.11705186 -1.79549865 2.40054820
v -0.12089710 -1.59590729 2.53674965
v -0.23561518 -1.58563461 2.53537651
v -0.12089710 -1.59590729 2.53674965
v -0.23837786 -1.37801291 2.65343431
v -0.23837786 -1.37801291 2.65343431
v -0.12089710 -1.59590729 2.53674965
v -0.12445401 -1.38706435 2.65608802
v -0.23837786 -1.37801291 2.65343431
v -0.12445401 -1.38706435 2.65608802
v -0.24078141 -1.16173448 2.75457371
v -0.24078141 -1.16173448 2.75457371
v -0.12445401 -1.38706435 2.65608802
v -0.12755718 -1.16945552 2.75833346
v -0.24078141 -1.16173448 2.75457371
v -0.12755718 -1.16945552 2.75833346
v -0.24278041 -0.93792984 2.83825453
v -0.24278041 -0.93792984 2.83825453
v -0.12755718 -1.16945552 2.75833346
v -0.13014327 -0.94422000 2.84292903
v -0.24278041 -0.93792984 2.83825453
v -0.13014327 -0.94422000 2.84292903
v -0.24436961 -0.70824753 2.90384516
v -0.24436961 -0.70824753 2.90384516
v -0.13014327 -0.94422000 2.84292903
v -0.01798670 -0.71508279 2.91212704
v -0.02053778 -0.24026949 2.98885498
v 0.45950613 -0.24107154 2.99029816
v 0.45950613 -0.15898698 2.99578402
v -0.35493847 0.00009491 2.97865067
v -0.24622034 -0.23803567 2.97922958
v -0.24645727 0.00026907 2.98869107
v -0.24645727 0.00026907 2.98869107
v -0.24622034 -0.23803567 2.97922958
v -0.02053778 -0.24026949 2.98885498
v -0.24645727 0.00026907 2.98869107
v -0.02053778 -0.24026949 2.98885498
v -0.02086561 0.00044662 2.99847703
v -0.02086561 0.00044662 2.99847703
v -0.02053778 -0.24026949 2.98885498
v 0.45950613 -0.15898698 2.99578402
v -0.02086561 0.00044662 2.99847703
v 0.45950613 -0.15898698 2.99578402
v 0.45950613 -0.00000053 2.99999993
v -0.01798670 -0.71508279 2.91212704
v 0.45950613 -0.71635395 2.91321762
v 0.45950613 -0.50868234 2.95655914
v -0.45951554 -0.48635807 2.92444061
v -0.35376872 -0.70073204 2.89521758
v -0.35441618 -0.46960050 2.94148680
v -0.35441618 -0.46960050 2.94148680
v -0.35376872 -0.70073204 2.89521758
v -0.24436961 -0.70824753 2.90384516
v -0.35441618 -0.46960050 2.94148680
v -0.24436961 -0.70824753 2.90384516
v -0.24552445 -0.47459048 2.95090340
v -0.24552445 -0.47459048 2.95090340
v -0.24436961 -0.70824753 2.90384516
v -0.01798670 -0.71508279 2.91212704
v -0.24552445 -0.47459048 2.95090340
v -0.01798670 -0.71508279 2.91212704
v -0.01957591 -0.47917739 2.96002664
v -0.01957591 -0.47917739 2.96002664
v -0.01798670 -0.71508279 2.91212704
v 0.45950613 -0.50868234 2.95655914
v -0.01957591 -0.47917739 2.96002664
v 0.45950613 -0.50868234 2.95655914
v 0.45950613 -0.48024845 2.96131074
v -0.45951256 -0.23235399 2.95548178
v -0.35441618 -0.46960050 2.94148680
v -0.35480510 -0.23561865 2.96934284
v -0.35480510 -0.23561865 2.96934284
v -0.35441618 -0.46960050 2.94148680
v -0.24552445 -0.47459048 2.95090340
v -0.35480510 -0.23561865 2.96934284
v -0.24552445 -0.47459048 2.95090340
v -0.24622034 -0.23803567 2.97922958
v -0.24622034 -0.23803567 2.97922958
v -0.24552445 -0.47459048 2.95090340
v -0.01957591 -0.47917739 2.96002664
v -0.24622034 -0.23803567 2.97922958
v -0.01957591 -0.47917739 2.96002664
v -0.02053778 -0.24026949 2.98885498
v -0.02053778 -0.24026949 2.98885498
v -0.01957591 -0.47917739 2.96002664
v 0.45950613 -0.48024845 2.96131074
v -0.02053778 -0.24026949 2.98885498
v 0.45950613 -0.48024845 2.96131074
v 0.45950613 -0.24107154 2.99029816
v -0.00000025 -1.79926530 2.40055062
v 0.45950613 -1.60046723 2.53742076
v -0.00591825 -1.59960836 2.53740624
v -0.00591825 -1.59960836 2.53740624
v 0.45950613 -1.60046723 2.53742076
v 0.45950613 -1.49707785 2.59976108
v -0.00591825 -1.59960836 2.53740624
v 0.45950613 -1.49707785 2.59976108
v -0.00970538 -1.39054162 2.65742019
v -0.00970538 -1.39054162 2.65742019
v 0.45950613 -1.49707785 2.59976108
v 0.45950613 -1.39174433 2.65763942
v -0.00970538 -1.39054162 2.65742019
v 0.45950613 -1.39174433 2.65763942
v -0.01302163 -1.17257787 2.76027489
v -0.01302163 -1.17257787 2.76027489
v 0.45950613 -1.39174433 2.65763942
v 0.45950613 -1.18236216 2.75717601
v -0.01302163 -1.17257787 2.76027489
v 0.45950613 -1.18236216 2.75717601
v -0.01579251 -0.94686886 2.84538716
v -0.01579251 -0.94686886 2.84538716
v 0.45950613 -1.18236216 2.75717601
v 0.45950613 -0.94826892 2.84618791
v -0.01579251 -0.94686886 2.84538716
v 0.45950613 -0.94826892 2.84618791
v 0.45950613 -0.85137906 2.87665669
v -0.11705186 -1.79549865 2.40054820
v -0.00000025 -1.79926530 2.40055062
v -0.12089710 -1.59590729 2.53674965
v -0.12089710 -1.59590729 2.53674965
v -0.00000025 -1.79926530 2.40055062
v -0.00591825 -1.59960836 2.53740624
v -0.12089710 -1.59590729 2.53674965
v -0.00591825 -1.59960836 2.53740624
v -0.12445401 -1.38706435 2.65608802
v -0.12445401 -1.38706435 2.65608802
v -0.00591825 -1.59960836 2.53740624
v -0.00970538 -1.39054162 2.65742019
v -0.12445401 -1.38706435 2.65608802
v -0.00970538 -1.39054162 2.65742019
v -0.12755718 -1.16945552 2.75833346
v -0.12755718 -1.16945552 2.75833346
v -0.00970538 -1.39054162 2.65742019
v -0.01302163 -1.17257787 2.76027489
v -0.12755718 -1.16945552 2.75833346
v -0.01302163 -1.17257787 2.76027489
v -0.13014327 -0.94422000 2.84292903
v -0.13014327 -0.94422000 2.84292903
v -0.01302163 -1.17257787 2.76027489
v -0.01579251 -0.94686886 2.84538716
v -0.13014327 -0.94422000 2.84292903
v -0.01579251 -0.94686886 2.84538716
v -0.01798670 -0.71508279 2.91212704
v -0.01798670 -0.71508279 2.91212704
v -0.01579251 -0.94686886 2.84538716
v 0.45950613 -0.85137906 2.87665669
v -0.01798670 -0.71508279 2.91212704
v 0.45950613 -0.85137906 2.87665669
v 0.45950613 -0.71635395 2.91321762
v -0.01297842 1.17313145 2.76024900
v 0.45950613 1.17394915 2.76076850
v 0.45950613 1.21350372 2.74361223
v -0.01297842 1.17313145 2.76024900
v 0.45950613 1.21350372 2.74361223
v -0.00959958 1.39092105 2.65746452
v -0.00959958 1.39092105 2.65746452
v 0.45950613 1.21350372 2.74361223
v 0.45950613 1.39174284 2.65764017
v -0.00959958 1.39092105 2.65746452
v 0.45950613 1.39174284 2.65764017
v 0.45950613 1.52641702 2.58264411
v -0.45915418 1.49330124 2.56110262
v -0.35033401 1.36348084 2.64909919
v -0.34876044 1.56887174 2.53313333
v -0.34876044 1.56887174 2.53313333
v -0.35033401 1.36348084 2.64909919
v -0.23823257 1.37820020 2.65351124
v -0.34876044 1.56887174 2.53313333
v -0.23823257 1.37820020 2.65351124
v -0.23541923 1.58562660 2.53553353
v -0.23541923 1.58562660 2.53553353
v -0.23823257 1.37820020 2.65351124
v -0.12432586 1.38737373 2.65614949
v -0.23541923 1.58562660 2.53553353
v -0.12432586 1.38737373 2.65614949
v -0.12072052 1.59598198 2.53690481
v -0.12072052 1.59598198 2.53690481
v -0.12432586 1.38737373 2.65614949
v -0.00959958 1.39092105 2.65746452
v -0.12072052 1.59598198 2.53690481
v -0.00959958 1.39092105 2.65746452
v -0.00576924 1.59974452 2.53755394
v -0.00576924 1.59974452 2.53755394
v -0.00959958 1.39092105 2.65746452
v 0.45950613 1.52641702 2.58264411
v -0.00576924 1.59974452 2.53755394
v 0.45950613 1.52641702 2.58264411
v 0.45950613 1.60046481 2.53742225
v -0.01800756 0.71589863 2.91206781
v 0.45950613 0.71635288 2.91321781
v 0.45950613 0.88389460 2.86683273
v -0.24274464 0.93829874 2.83827800
v -0.24437036 0.70875133 2.90383287
v -0.13012688 0.94479695 2.84291562
v -0.13012688 0.94479695 2.84291562
v -0.24437036 0.70875133 2.90383287
v -0.01800756 0.71589863 2.91206781
v -0.13012688 0.94479695 2.84291562
v -0.01800756 0.71589863 2.91206781
v -0.01578803 0.94755031 2.84534581
v -0.01578803 0.94755031 2.84534581
v -0.01800756 0.71589863 2.91206781
v 0.45950613 0.88389460 2.86683273
v -0.01578803 0.94755031 2.84534581
v 0.45950613 0.88389460 2.86683273
v 0.45950613 0.94826724 2.84618847
v -0.02055566 0.24116826 2.98883561
v 0.45950613 0.24106910 2.99029853
v -0.01960497 0.48007118 2.95997579
v -0.01960497 0.48007118 2.95997579
v 0.45950613 0.24106910 2.99029853
v 0.45950613 0.48024505 2.96131130
v -0.01960497 0.48007118 2.95997579
v 0.45950613 0.48024505 2.96131130
v 0.45950613 0.54212459 2.95061022
v -0.45942464 0.67905071 2.88578551
v -0.35443481 0.46986523 2.94147544
v -0.35376723 0.70093735 2.89521925
v -0.35376723 0.70093735 2.89521925
v -0.35443481 0.46986523 2.94147544
v -0.24554383 0.47517088 2.95088254
v -0.35376723 0.70093735 2.89521925
v -0.24554383 0.47517088 2.95088254
v -0.24437036 0.70875133 2.90383287
v -0.24437036 0.70875133 2.90383287
v -0.24554383 0.47517088 2.95088254
v -0.01960497 0.48007118 2.95997579
v -0.24437036 0.70875133 2.90383287
v -0.01960497 0.48007118 2.95997579
v -0.01800756 0.71589863 2.91206781
v -0.01800756 0.71589863 2.91206781
v -0.01960497 0.48007118 2.95997579
v 0.45950613 0.54212459 2.95061022
v -0.01800756 0.71589863 2.91206781
v 0.45950613 0.54212459 2.95061022
v 0.45950613 0.71635288 2.91321781
v -0.45930916 1.09171579 2.75629926
v -0.35284783 0.92805177 2.83077043
v -0.35171385 1.14947716 2.74849795
v -0.35171385 1.14947716 2.74849795
v -0.35284783 0.92805177 2.83077043
v -0.24274464 0.93829874 2.83827800
v -0.35171385 1.14947716 2.74849795
v -0.24274464 0.93829874 2.83827800
v -0.24070393 1.16202943 2.75460631
v -0.24070393 1.16202943 2.75460631
v -0.24274464 0.93829874 2.83827800
v -0.13012688 0.94479695 2.84291562
v -0.24070393 1.16202943 2.75460631
v -0.13012688 0.94479695 2.84291562
v -0.12749906 1.16992090 2.75833383
v -0.12749906 1.16992090 2.75833383
v -0.13012688 0.94479695 2.84291562
v -0.01578803 0.94755031 2.84534581
v -0.12749906 1.16992090 2.75833383
v -0.01578803 0.94755031 2.84534581
v -0.01297842 1.17313145 2.76024900
v -0.01297842 1.17313145 2.76024900
v -0.01578803 0.94755031 2.84534581
v 0.45950613 0.94826724 2.84618847
v -0.01297842 1.17313145 2.76024900
v 0.45950613 0.94826724 2.84618847
v 0.45950613 1.17394915 2.76076850
v -0.45947456 -1.73948407 2.40064226
v -0.40013292 -1.75422039 2.40054484
v -0.45945072 -1.57644432 2.51072068
v -0.45945072 -1.57644432 2.51072068
v -0.40013292 -1.75422039 2.40054484
v -0.34891542 -1.56892594 2.53302809
v -0.45945072 -1.57644432 2.51072068
v -0.34891542 -1.56892594 2.53302809
v -0.45945817 -1.54561559 2.52981503
v -0.45945817 -1.54561559 2.52981503
v -0.34891542 -1.56892594 2.53302809
v -0.45949020 -1.39382621 2.61650905
v -0.24623375 0.23859327 2.97922734
v -0.45949765 0.23195860 2.95551922
v -0.24645727 0.00026907 2.98869107
v -0.24645727 0.00026907 2.98869107
v -0.45949765 0.23195860 2.95551922
v -0.45950362 0.09865070 2.96295080
v -0.24645727 0.00026907 2.98869107
v -0.45950362 0.09865070 2.96295080
v -0.35493847 0.00009491 2.97865067
v -0.35493847 0.00009491 2.97865067
v -0.45950362 0.09865070 2.96295080
v -0.45950734 -0.00021619 2.96458676
v -0.35493847 0.00009491 2.97865067
v -0.45950734 -0.00021619 2.96458676
v -0.35480510 -0.23561865 2.96934284
v -0.35480510 -0.23561865 2.96934284
v -0.45950734 -0.00021619 2.96458676
v -0.45951181 -0.19499026 2.95817778
v -0.35480510 -0.23561865 2.96934284
v -0.45951181 -0.19499026 2.95817778
v -0.45951256 -0.23235399 2.95548178
v 0.45950613 -0.00000053 2.99999993
v 0.45950613 0.19289578 2.99379211
v -0.02086561 0.00044662 2.99847703
v -0.02086561 0.00044662 2.99847703
v 0.45950613 0.19289578 2.99379211
v -0.02055566 0.24116826 2.98883561
v -0.02086561 0.00044662 2.99847703
v -0.02055566 0.24116826 2.98883561
v -0.24623375 0.23859327 2.97922734
v -0.24623375 0.23859327 2.97922734
v -0.02055566 0.24116826 2.98883561
v -0.24554383 0.47517088 2.95088254
v -0.24623375 0.23859327 2.97922734
v -0.24554383 0.47517088 2.95088254
v -0.45948424 0.39123436 2.93868836
v -0.45948424 0.39123436 2.93868836
v -0.24554383 0.47517088 2.95088254
v -0.35443481 0.46986523 2.94147544
v -0.45948424 0.39123436 2.93868836
v -0.35443481 0.46986523 2.94147544
v -0.45947456 0.46243835 2.92832367
v -0.45947456 0.46243835 2.92832367
v -0.35443481 0.46986523 2.94147544
v -0.45942464 0.67905071 2.88578551
v -0.45950883 -1.13228736 2.73985174
v -0.45950883 -1.11113163 2.74849944
v -0.56847134 -1.01313079 2.76593678
v -0.45948424 0.39123436 2.93868836
v -0.45947456 0.46243835 2.92832367
v -0.50831758 0.53497870 2.90781893
v -0.45929798 1.13186184 2.74005868
v -0.45929127 1.15489559 2.73043085
v -0.56853541 1.24884583 2.66779885
v -0.45913481 1.54523067 2.53011025
v -0.45912215 1.61868688 2.48375274
v -0.56493827 1.51168369 2.52896361
v -0.77275434 1.62487123 2.40074061
v -0.70945644 1.61730945 2.42507365
v -0.68146312 1.66522190 2.40074284
v -1.79920364 0.01489181 2.40069553
v -1.76758412 0.04979741 2.42346190
v -1.79419015 0.13504279 2.40069833
v -1.79419015 -0.13504277 2.40069218
v -1.78204048 -0.24837242 2.40068957
v -1.65995676 -0.10960288 2.49650367
v -1.50623722 -0.98417802 2.40067188
v -1.43002970 -1.09195793 2.40066890
v -1.45091815 -1.01984944 2.41965763
v -0.64374753 -1.68016218 2.40064673
v -0.58578574 -1.70123819 2.40064524
v -0.54851123 -1.58435479 2.48776097
v -0.54851123 -1.58435479 2.48776097
v -0.58578574 -1.70123819 2.40064524
v -0.52082934 -1.72223486 2.40064375
v -0.64374753 -1.68016218 2.40064673
v -0.54851123 -1.58435479 2.48776097
v -0.70893415 -1.65371355 2.40064822
v -0.70893415 -1.65371355 2.40064822
v -0.54851123 -1.58435479 2.48776097
v -0.71153366 -1.45395603 2.52581295
v -0.70893415 -1.65371355 2.40064822
v -0.71153366 -1.45395603 2.52581295
v -0.77275434 -1.62487105 2.40064971
v -1.05294017 -1.45899728 2.40065716
v -1.00726811 -1.49089480 2.40065586
v -1.01264147 -1.45730088 2.41884924
v -1.01264147 -1.45730088 2.41884924
v -1.00726811 -1.49089480 2.40065586
v -0.94314171 -1.53226638 2.40065418
v -1.01264147 -1.45730088 2.41884924
v -0.94314171 -1.53226638 2.40065418
v -0.82826642 -1.59728844 2.40065120
v -1.05294017 -1.45899728 2.40065716
v -1.01264147 -1.45730088 2.41884924
v -1.15707172 -1.37787554 2.40066014
v -1.15707172 -1.37787554 2.40066014
v -1.01264147 -1.45730088 2.41884924
v -1.16849719 -1.31366923 2.43082047
v -1.15707172 -1.37787554 2.40066014
v -1.16849719 -1.31366923 2.43082047
v -1.21908514 -1.32332454 2.40066182
v -1.45091815 -1.01984944 2.41965763
v -1.43002970 -1.09195793 2.40066890
v -1.31366951 -1.16849691 2.43082047
v -1.43002970 -1.09195793 2.40066890
v -1.40343262 -1.12593621 2.40066797
v -1.31366951 -1.16849691 2.43082047
v -1.31366951 -1.16849691 2.43082047
v -1.40343262 -1.12593621 2.40066797
v -1.34612499 -1.19386073 2.40066592
v -1.31366951 -1.16849691 2.43082047
v -1.34612499 -1.19386073 2.40066592
v -1.16849719 -1.31366923 2.43082047
v -1.16849719 -1.31366923 2.43082047
v -1.34612499 -1.19386073 2.40066592
v -1.25497533 -1.28933787 2.40066294
v -1.16849719 -1.31366923 2.43082047
v -1.25497533 -1.28933787 2.40066294
v -1.21908514 -1.32332454 2.40066182
v -1.44188432 -0.72600646 2.52861325
v -1.57433767 -0.87110102 2.40067486
v -1.55615760 -0.90317763 2.40067393
v -1.44188432 -0.72600646 2.52861325
v -1.55615760 -0.90317763 2.40067393
v -1.30955679 -0.87848781 2.55212076
v -1.57433767 -0.87110102 2.40067486
v -1.44188432 -0.72600646 2.52861325
v -1.63396467 -0.75333565 2.40067784
v -1.63396467 -0.75333565 2.40067784
v -1.44188432 -0.72600646 2.52861325
v -1.56796817 -0.56970916 2.49337275
v -1.63396467 -0.75333565 2.40067784
v -1.56796817 -0.56970916 2.49337275
v -1.67381782 -0.66006812 2.40068007
v -1.75903533 -0.37835273 2.40068659
v -1.75376255 -0.40208548 2.40068622
v -1.68716032 -0.41029374 2.44645644
v -1.68716032 -0.41029374 2.44645644
v -1.75376255 -0.40208548 2.40068622
v -1.72656272 -0.50629666 2.40068380
v -1.68716032 -0.41029374 2.44645644
v -1.72656272 -0.50629666 2.40068380
v -1.56796817 -0.56970916 2.49337275
v -1.56796817 -0.56970916 2.49337275
v -1.72656272 -0.50629666 2.40068380
v -1.68479774 -0.63151564 2.40068082
v -1.56796817 -0.56970916 2.49337275
v -1.68479774 -0.63151564 2.40068082
v -1.67381782 -0.66006812 2.40068007
v -1.65995676 -0.10960288 2.49650367
v -1.78204048 -0.24837242 2.40068957
v -1.54487966 -0.26801329 2.55763866
v -1.76758412 0.04979741 2.42346190
v -1.79920364 0.01489181 2.40069553
v -1.65995676 -0.10960288 2.49650367
v -1.65995676 -0.10960288 2.49650367
v -1.79920364 0.01489181 2.40069553
v -1.79545376 -0.11705530 2.40069255
v -1.65995676 -0.10960288 2.49650367
v -1.79545376 -0.11705530 2.40069255
v -1.79419015 -0.13504277 2.40069218
v -1.79327000 0.14675879 2.40069851
v -1.62722189 0.19015949 2.51316298
v -1.77768487 0.27783588 2.40070149
v -1.77768487 0.27783588 2.40070149
v -1.62722189 0.19015949 2.51316298
v -1.73172671 0.34489522 2.42531840
v -1.77768487 0.27783588 2.40070149
v -1.73172671 0.34489522 2.42531840
v -1.75253171 0.40741758 2.40070447
v -1.59179363 0.48482846 2.49622408
v -1.68815274 0.62249140 2.40070950
v -1.71794612 0.53480649 2.40070745
v -1.59845371 0.82601588 2.40071453
v -1.62127111 0.78027886 2.40071323
v -1.55651672 0.77024926 2.44621579
v -1.55651672 0.77024926 2.44621579
v -1.62127111 0.78027886 2.40071323
v -1.67411361 0.65931696 2.40071025
v -1.55651672 0.77024926 2.44621579
v -1.67411361 0.65931696 2.40071025
v -1.44828660 0.62833549 2.55101174
v -1.41636608 0.91039948 2.48295777
v -1.48974014 1.00897541 2.40071919
v -1.55970333 0.89704115 2.40071621
v -1.37453331 1.16104027 2.40072347
v -1.40343262 1.12593621 2.40072254
v -1.27458228 1.05218319 2.50366721
v -1.27458228 1.05218319 2.50366721
v -1.40343262 1.12593621 2.40072254
v -1.41175864 1.11547913 2.40072217
v -1.21908514 1.32332444 2.40072850
v -1.23346178 1.30993444 2.40072813
v -1.13208098 1.19468495 2.50821058
v -1.13208098 1.19468495 2.50821058
v -1.23346178 1.30993444 2.40072813
v -1.32617904 1.21597908 2.40072515
v -1.02864606 1.47622637 2.40073409
v -1.09410612 1.42838629 2.40073223
v -0.98978160 1.33698452 2.49655861
v -0.98978160 1.33698452 2.49655861
v -1.09410612 1.42838629 2.40073223
v -1.13410605 1.39683941 2.40073111
v -0.84860278 1.47816325 2.46878657
v -0.91764955 1.54766794 2.40073688
v -1.00726811 1.49089471 2.40073465
v -0.70945644 1.61730945 2.42507365
v -0.77275434 1.62487123 2.40074061
v -0.84860278 1.47816325 2.46878657
v -0.84860278 1.47816325 2.46878657
v -0.77275434 1.62487123 2.40074061
v -0.80171404 1.61077976 2.40073986
v -0.84860278 1.47816325 2.46878657
v -0.80171404 1.61077976 2.40073986
v -0.91764955 1.54766794 2.40073688
v -0.45929127 1.15489559 2.73043085
v -0.45926520 1.23387435 2.69566625
v -0.56853541 1.24884583 2.66779885
v -0.56853541 1.24884583 2.66779885
v -0.45926520 1.23387435 2.69566625
v -0.45922198 1.34275379 2.64313016
v -0.56853541 1.24884583 2.66779885
v -0.45922198 1.34275379 2.64313016
v -0.71004578 1.36657646 2.57454924
v -0.71004578 1.36657646 2.57454924
v -0.45922198 1.34275379 2.64313016
v -0.45918175 1.43039720 2.59675551
v -0.71004578 1.36657646 2.57454924
v -0.45918175 1.43039720 2.59675551
v -0.56493827 1.51168369 2.52896361
v -0.56493827 1.51168369 2.52896361
v -0.45918175 1.43039720 2.59675551
v -0.45915418 1.49330124 2.56110262
v -0.56493827 1.51168369 2.52896361
v -0.45915418 1.49330124 2.56110262
v -0.45913481 1.54523067 2.53011025
v -0.58192709 0.96842693 2.77912039
v -0.45937099 0.85390722 2.83898562
v -0.45935460 0.91372607 2.82030553
v -0.45929798 1.13186184 2.74005868
v -0.72109499 1.09628653 2.69780979
v -0.45930916 1.09171579 2.75629926
v -0.45930916 1.09171579 2.75629926
v -0.72109499 1.09628653 2.69780979
v -0.58192709 0.96842693 2.77912039
v -0.45930916 1.09171579 2.75629926
v -0.58192709 0.96842693 2.77912039
v -0.45934268 0.96099498 2.80455239
v -0.45934268 0.96099498 2.80455239
v -0.58192709 0.96842693 2.77912039
v -0.45935460 0.91372607 2.82030553
v -0.45938143 0.81777079 2.84960140
v -0.45937099 0.85390722 2.83898562
v -0.74033239 0.81002172 2.79209111
v -0.45947456 0.46243835 2.92832367
v -0.45942464 0.67905071 2.88578551
v -0.50831758 0.53497870 2.90781893
v -0.50831758 0.53497870 2.90781893
v -0.45942464 0.67905071 2.88578551
v -0.45938143 0.81777079 2.84960140
v -0.50831758 0.53497870 2.90781893
v -0.45938143 0.81777079 2.84960140
v -0.60273507 0.67413133 2.86046453
v -0.60273507 0.67413133 2.86046453
v -0.45938143 0.81777079 2.84960140
v -0.74033239 0.81002172 2.79209111
v -0.45950362 0.09865070 2.96295080
v -0.45949765 0.23195860 2.95551922
v -0.48901387 0.22686340 2.95116883
v -0.48901387 0.22686340 2.95116883
v -0.45949765 0.23195860 2.95551922
v -0.45948424 0.39123436 2.93868836
v -0.48901387 0.22686340 2.95116883
v -0.45948424 0.39123436 2.93868836
v -0.62837773 0.36988081 2.91003939
v -0.45951256 -0.23235399 2.95548178
v -0.45951181 -0.19499026 2.95817778
v -0.51650801 -0.08543917 2.95396671
v -0.51650801 -0.08543917 2.95396671
v -0.45951181 -0.19499026 2.95817778
v -0.45950734 -0.00021619 2.96458676
v -0.51650801 -0.08543917 2.95396671
v -0.45950734 -0.00021619 2.96458676
v -0.65614008 0.05973747 2.92675775
v -0.65614008 0.05973747 2.92675775
v -0.45950734 -0.00021619 2.96458676
v -0.45950362 0.09865070 2.96295080
v -0.45951554 -0.48635807 2.92444061
v -0.45951554 -0.46276920 2.92826798
v -0.54245391 -0.39728135 2.92368103
v -0.54245391 -0.39728135 2.92368103
v -0.45951554 -0.46276920 2.92826798
v -0.45951256 -0.23235399 2.95548178
v -0.54245391 -0.39728135 2.92368103
v -0.45951256 -0.23235399 2.95548178
v -0.68324381 -0.25217542 2.91025508
v -0.45950585 -0.91418959 2.82012653
v -0.45950660 -0.80518322 2.85315756
v -0.56175315 -0.70692524 2.86088977
v -0.56175315 -0.70692524 2.86088977
v -0.45950660 -0.80518322 2.85315756
v -0.45950734 -0.77291336 2.86206622
v -0.45950734 -0.77291336 2.86206622
v -0.45951032 -0.69038980 2.88308170
v -0.56175315 -0.70692524 2.86088977
v -0.56175315 -0.70692524 2.86088977
v -0.45951032 -0.69038980 2.88308170
v -0.45951554 -0.48635807 2.92444061
v -0.56175315 -0.70692524 2.86088977
v -0.45951554 -0.48635807 2.92444061
v -0.70692548 -0.56175287 2.86088977
v -0.45950883 -1.11113163 2.74849944
v -0.45950809 -1.05250645 2.77147889
v -0.56847134 -1.01313079 2.76593678
v -0.56847134 -1.01313079 2.76593678
v -0.45950809 -1.05250645 2.77147889
v -0.45950585 -0.91418959 2.82012653
v -0.56847134 -1.01313079 2.76593678
v -0.45950585 -0.91418959 2.82012653
v -0.72212839 -0.86730095 2.77962573
v -0.56463801 -1.30706038 2.64060162
v -0.45949020 -1.39382621 2.61650905
v -0.45949765 -1.34311561 2.64289714
v -0.45950883 -1.13228736 2.73985174
v -0.72295093 -1.16761047 2.66721342
v -0.45950809 -1.20337587 2.70938110
v -0.45950809 -1.20337587 2.70938110
v -0.72295093 -1.16761047 2.66721342
v -0.56463801 -1.30706038 2.64060162
v -0.45950809 -1.20337587 2.70938110
v -0.56463801 -1.30706038 2.64060162
v -0.45950064 -1.32085709 2.65409108
v -0.45950064 -1.32085709 2.65409108
v -0.56463801 -1.30706038 2.64060162
v -0.45949765 -1.34311561 2.64289714
v -0.45949020 -1.39382621 2.61650905
v -0.71153366 -1.45395603 2.52581295
v -0.45945817 -1.54561559 2.52981503
v -0.45945817 -1.54561559 2.52981503
v -0.71153366 -1.45395603 2.52581295
v -0.54851123 -1.58435479 2.48776097
v -0.45945817 -1.54561559 2.52981503
v -0.54851123 -1.58435479 2.48776097
v -0.45945072 -1.57644432 2.51072068
v -0.45945072 -1.57644432 2.51072068
v -0.54851123 -1.58435479 2.48776097
v -0.52082934 -1.72223486 2.40064375
v -0.45945072 -1.57644432 2.51072068
v -0.52082934 -1.72223486 2.40064375
v -0.45947456 -1.73948407 2.40064226
v -0.84860278 1.47816325 2.46878657
v -0.71004578 1.36657646 2.57454924
v -0.70945644 1.61730945 2.42507365
v -0.70945644 1.61730945 2.42507365
v -0.71004578 1.36657646 2.57454924
v -0.56493827 1.51168369 2.52896361
v -0.70945644 1.61730945 2.42507365
v -0.56493827 1.51168369 2.52896361
v -0.68146312 1.66522190 2.40074284
v -0.68146312 1.66522190 2.40074284
v -0.56493827 1.51168369 2.52896361
v -0.45912215 1.61868688 2.48375274
v -0.68146312 1.66522190 2.40074284
v -0.45912215 1.61868688 2.48375274
v -0.55754506 1.71070155 2.40074582
v -0.55754506 1.71070155 2.40074582
v -0.45912215 1.61868688 2.48375274
v -0.45913332 1.67767741 2.44429149
v -0.55754506 1.71070155 2.40074582
v -0.45913332 1.67767741 2.44429149
v -0.52082934 1.72223505 2.40074676
v -0.52082934 1.72223505 2.40074676
v -0.45913332 1.67767741 2.44429149
v -0.45937547 1.73936896 2.40074806
v -0.45929798 1.13186184 2.74005868
v -0.56853541 1.24884583 2.66779885
v -0.72109499 1.09628653 2.69780979
v -0.72109499 1.09628653 2.69780979
v -0.56853541 1.24884583 2.66779885
v -0.71004578 1.36657646 2.57454924
v -0.72109499 1.09628653 2.69780979
v -0.71004578 1.36657646 2.57454924
v -0.85727228 1.21934973 2.60351114
v -0.85727228 1.21934973 2.60351114
v -0.71004578 1.36657646 2.57454924
v -0.84860278 1.47816325 2.46878657
v -0.85727228 1.21934973 2.60351114
v -0.84860278 1.47816325 2.46878657
v -0.98978160 1.33698452 2.49655861
v -0.98978160 1.33698452 2.49655861
v -0.84860278 1.47816325 2.46878657
v -1.00726811 1.49089471 2.40073465
v -0.98978160 1.33698452 2.49655861
v -1.00726811 1.49089471 2.40073465
v -1.02864606 1.47622637 2.40073409
v -0.45937099 0.85390722 2.83898562
v -0.58192709 0.96842693 2.77912039
v -0.74033239 0.81002172 2.79209111
v -0.74033239 0.81002172 2.79209111
v -0.58192709 0.96842693 2.77912039
v -0.72109499 1.09628653 2.69780979
v -0.74033239 0.81002172 2.79209111
v -0.72109499 1.09628653 2.69780979
v -0.87486533 0.94251595 2.71040108
v -0.87486533 0.94251595 2.71040108
v -0.72109499 1.09628653 2.69780979
v -0.85727228 1.21934973 2.60351114
v -0.87486533 0.94251595 2.71040108
v -0.85727228 1.21934973 2.60351114
v -1.00566773 1.07095400 2.61566229
v -1.00566773 1.07095400 2.61566229
v -0.85727228 1.21934973 2.60351114
v -0.98978160 1.33698452 2.49655861
v -1.00566773 1.07095400 2.61566229
v -0.98978160 1.33698452 2.49655861
v -1.13208098 1.19468495 2.50821058
v -1.13208098 1.19468495 2.50821058
v -0.98978160 1.33698452 2.49655861
v -1.13410605 1.39683941 2.40073111
v -1.13208098 1.19468495 2.50821058
v -1.13410605 1.39683941 2.40073111
v -1.21908514 1.32332444 2.40072850
v -0.45948424 0.39123436 2.93868836
v -0.50831758 0.53497870 2.90781893
v -0.62837773 0.36988081 2.91003939
v -0.62837773 0.36988081 2.91003939
v -0.50831758 0.53497870 2.90781893
v -0.60273507 0.67413133 2.86046453
v -0.62837773 0.36988081 2.91003939
v -0.60273507 0.67413133 2.86046453
v -0.76525011 0.51161661 2.85528302
v -0.76525011 0.51161661 2.85528302
v -0.60273507 0.67413133 2.86046453
v -0.74033239 0.81002172 2.79209111
v -0.76525011 0.51161661 2.85528302
v -0.74033239 0.81002172 2.79209111
v -0.89896200 0.65139160 2.78703347
v -0.89896200 0.65139160 2.78703347
v -0.74033239 0.81002172 2.79209111
v -0.87486533 0.94251595 2.71040108
v -0.89896200 0.65139160 2.78703347
v -0.87486533 0.94251595 2.71040108
v -1.02885468 0.78852698 2.70549133
v -1.02885468 0.78852698 2.70549133
v -0.87486533 0.94251595 2.71040108
v -1.00566773 1.07095400 2.61566229
v -1.02885468 0.78852698 2.70549133
v -1.00566773 1.07095400 2.61566229
v -1.15427477 0.92234751 2.61092428
v -1.15427477 0.92234751 2.61092428
v -1.00566773 1.07095400 2.61566229
v -1.13208098 1.19468495 2.50821058
v -1.15427477 0.92234751 2.61092428
v -1.13208098 1.19468495 2.50821058
v -1.27458228 1.05218319 2.50366721
v -1.27458228 1.05218319 2.50366721
v -1.13208098 1.19468495 2.50821058
v -1.32617904 1.21597908 2.40072515
v -1.27458228 1.05218319 2.50366721
v -1.32617904 1.21597908 2.40072515
v -1.37453331 1.16104027 2.40072347
v -0.45950362 0.09865070 2.96295080
v -0.48901387 0.22686340 2.95116883
v -0.65614008 0.05973747 2.92675775
v -0.65614008 0.05973747 2.92675775
v -0.48901387 0.22686340 2.95116883
v -0.62837773 0.36988081 2.91003939
v -0.65614008 0.05973747 2.92675775
v -0.62837773 0.36988081 2.91003939
v -0.79317493 0.20508408 2.88596842
v -0.79317493 0.20508408 2.88596842
v -0.62837773 0.36988081 2.91003939
v -0.76525011 0.51161661 2.85528302
v -0.79317493 0.20508408 2.88596842
v -0.76525011 0.51161661 2.85528302
v -0.92694564 0.34992073 2.83166505
v -0.92694564 0.34992073 2.83166505
v -0.76525011 0.51161661 2.85528302
v -0.89896200 0.65139160 2.78703347
v -0.92694564 0.34992073 2.83166505
v -0.89896200 0.65139160 2.78703347
v -1.05679287 0.49356073 2.76398007
v -1.05679287 0.49356073 2.76398007
v -0.89896200 0.65139160 2.78703347
v -1.02885468 0.78852698 2.70549133
v -1.05679287 0.49356073 2.76398007
v -1.02885468 0.78852698 2.70549133
v -1.18206767 0.63531385 2.68311240
v -1.18206767 0.63531385 2.68311240
v -1.02885468 0.78852698 2.70549133
v -1.15427477 0.92234751 2.61092428
v -1.18206767 0.63531385 2.68311240
v -1.15427477 0.92234751 2.61092428
v -1.30213229 0.77448976 2.58932747
v -1.30213229 0.77448976 2.58932747
v -1.15427477 0.92234751 2.61092428
v -1.27458228 1.05218319 2.50366721
v -1.30213229 0.77448976 2.58932747
v -1.27458228 1.05218319 2.50366721
v -1.41636608 0.91039948 2.48295777
v -1.41636608 0.91039948 2.48295777
v -1.27458228 1.05218319 2.50366721
v -1.41175864 1.11547913 2.40072217
v -1.41636608 0.91039948 2.48295777
v -1.41175864 1.11547913 2.40072217
v -1.48974014 1.00897541 2.40071919
v -0.45951256 -0.23235399 2.95548178
v -0.51650801 -0.08543917 2.95396671
v -0.68324381 -0.25217542 2.91025508
v -0.68324381 -0.25217542 2.91025508
v -0.51650801 -0.08543917 2.95396671
v -0.65614008 0.05973747 2.92675775
v -0.68324381 -0.25217542 2.91025508
v -0.65614008 0.05973747 2.92675775
v -0.82134036 -0.10546299 2.88344882
v -0.82134036 -0.10546299 2.88344882
v -0.65614008 0.05973747 2.92675775
v -0.79317493 0.20508408 2.88596842
v -0.82134036 -0.10546299 2.88344882
v -0.79317493 0.20508408 2.88596842
v -0.95607294 0.04218597 2.84326300
v -0.95607294 0.04218597 2.84326300
v -0.79317493 0.20508408 2.88596842
v -0.92694564 0.34992073 2.83166505
v -0.95607294 0.04218597 2.84326300
v -0.92694564 0.34992073 2.83166505
v -1.08677847 0.19008778 2.78976317
v -1.08677847 0.19008778 2.78976317
v -0.92694564 0.34992073 2.83166505
v -1.05679287 0.49356073 2.76398007
v -1.08677847 0.19008778 2.78976317
v -1.05679287 0.49356073 2.76398007
v -1.21280579 0.33754823 2.72307973
v -1.21280579 0.33754823 2.72307973
v -1.05679287 0.49356073 2.76398007
v -1.18206767 0.63531385 2.68311240
v -1.21280579 0.33754823 2.72307973
v -1.18206767 0.63531385 2.68311240
v -1.33351563 0.48386594 2.64340881
v -1.33351563 0.48386594 2.64340881
v -1.18206767 0.63531385 2.68311240
v -1.30213229 0.77448976 2.58932747
v -1.33351563 0.48386594 2.64340881
v -1.30213229 0.77448976 2.58932747
v -1.44828660 0.62833549 2.55101174
v -1.44828660 0.62833549 2.55101174
v -1.30213229 0.77448976 2.58932747
v -1.41636608 0.91039948 2.48295777
v -1.44828660 0.62833549 2.55101174
v -1.41636608 0.91039948 2.48295777
v -1.55651672 0.77024926 2.44621579
v -1.55651672 0.77024926 2.44621579
v -1.41636608 0.91039948 2.48295777
v -1.55970333 0.89704115 2.40071621
v -1.55651672 0.77024926 2.44621579
v -1.55970333 0.89704115 2.40071621
v -1.59845371 0.82601588 2.40071453
v -0.45951554 -0.48635807 2.92444061
v -0.54245391 -0.39728135 2.92368103
v -0.70692548 -0.56175287 2.86088977
v -0.70692548 -0.56175287 2.86088977
v -0.54245391 -0.39728135 2.92368103
v -0.68324381 -0.25217542 2.91025508
v -0.70692548 -0.56175287 2.86088977
v -0.68324381 -0.25217542 2.91025508
v -0.84696067 -0.41589169 2.84775198
v -0.84696067 -0.41589169 2.84775198
v -0.68324381 -0.25217542 2.91025508
v -0.82134036 -0.10546299 2.88344882
v -0.84696067 -0.41589169 2.84775198
v -0.82134036 -0.10546299 2.88344882
v -0.98354919 -0.26767128 2.82152146
v -0.98354919 -0.26767128 2.82152146
v -0.82134036 -0.10546299 2.88344882
v -0.95607294 0.04218597 2.84326300
v -0.98354919 -0.26767128 2.82152146
v -0.95607294 0.04218597 2.84326300
v -1.11602051 -0.11776167 2.78219879
v -1.11602051 -0.11776167 2.78219879
v -0.95607294 0.04218597 2.84326300
v -1.08677847 0.19008778 2.78976317
v -1.11602051 -0.11776167 2.78219879
v -1.08677847 0.19008778 2.78976317
v -1.24371676 0.03314976 2.72984784
v -1.24371676 0.03314976 2.72984784
v -1.08677847 0.19008778 2.78976317
v -1.21280579 0.33754823 2.72307973
v -1.24371676 0.03314976 2.72984784
v -1.21280579 0.33754823 2.72307973
v -1.36599271 0.18436151 2.66459659
v -1.36599271 0.18436151 2.66459659
v -1.21280579 0.33754823 2.72307973
v -1.33351563 0.48386594 2.64340881
v -1.36599271 0.18436151 2.66459659
v -1.33351563 0.48386594 2.64340881
v -1.48222027 0.33516109 2.58663688
v -1.48222027 0.33516109 2.58663688
v -1.33351563 0.48386594 2.64340881
v -1.44828660 0.62833549 2.55101174
v -1.48222027 0.33516109 2.58663688
v -1.44828660 0.62833549 2.55101174
v -1.59179363 0.48482846 2.49622408
v -1.59179363 0.48482846 2.49622408
v -1.44828660 0.62833549 2.55101174
v -1.67411361 0.65931696 2.40071025
v -1.59179363 0.48482846 2.49622408
v -1.67411361 0.65931696 2.40071025
v -1.68815274 0.62249140 2.40070950
v -0.45950585 -0.91418959 2.82012653
v -0.56175315 -0.70692524 2.86088977
v -0.72212839 -0.86730095 2.77962573
v -0.72212839 -0.86730095 2.77962573
v -0.56175315 -0.70692524 2.86088977
v -0.70692548 -0.56175287 2.86088977
v -0.72212839 -0.86730095 2.77962573
v -0.70692548 -0.56175287 2.86088977
v -0.86730076 -0.72212853 2.77962573
v -0.86730076 -0.72212853 2.77962573
v -0.70692548 -0.56175287 2.86088977
v -0.84696067 -0.41589169 2.84775198
v -0.86730076 -0.72212853 2.77962573
v -0.84696067 -0.41589169 2.84775198
v -1.00659980 -0.57553090 2.76686121
v -1.00659980 -0.57553090 2.76686121
v -0.84696067 -0.41589169 2.84775198
v -0.98354919 -0.26767128 2.82152146
v -1.00659980 -0.57553090 2.76686121
v -0.98354919 -0.26767128 2.82152146
v -1.14171756 -0.42584003 2.74137575
v -1.14171756 -0.42584003 2.74137575
v -0.98354919 -0.26767128 2.82152146
v -1.11602051 -0.11776167 2.78219879
v -1.14171756 -0.42584003 2.74137575
v -1.11602051 -0.11776167 2.78219879
v -1.27198501 -0.27372607 2.70316992
v -1.27198501 -0.27372607 2.70316992
v -1.11602051 -0.11776167 2.78219879
v -1.24371676 0.03314976 2.72984784
v -1.27198501 -0.27372607 2.70316992
v -1.24371676 0.03314976 2.72984784
v -1.39674647 -0.11987996 2.65230611
v -1.39674647 -0.11987996 2.65230611
v -1.24371676 0.03314976 2.72984784
v -1.36599271 0.18436151 2.66459659
v -1.39674647 -0.11987996 2.65230611
v -1.36599271 0.18436151 2.66459659
v -1.51536418 0.03498963 2.58890837
v -1.51536418 0.03498963 2.58890837
v -1.36599271 0.18436151 2.66459659
v -1.48222027 0.33516109 2.58663688
v -1.51536418 0.03498963 2.58890837
v -1.48222027 0.33516109 2.58663688
v -1.62722189 0.19015949 2.51316298
v -1.62722189 0.19015949 2.51316298
v -1.48222027 0.33516109 2.58663688
v -1.59179363 0.48482846 2.49622408
v -1.62722189 0.19015949 2.51316298
v -1.59179363 0.48482846 2.49622408
v -1.73172671 0.34489522 2.42531840
v -1.73172671 0.34489522 2.42531840
v -1.59179363 0.48482846 2.49622408
v -1.71794612 0.53480649 2.40070745
v -1.73172671 0.34489522 2.42531840
v -1.71794612 0.53480649 2.40070745
v -1.75253171 0.40741758 2.40070447
v -0.45950883 -1.13228736 2.73985174
v -0.56847134 -1.01313079 2.76593678
v -0.72295093 -1.16761047 2.66721342
v -0.72295093 -1.16761047 2.66721342
v -0.56847134 -1.01313079 2.76593678
v -0.72212839 -0.86730095 2.77962573
v -0.72295093 -1.16761047 2.66721342
v -0.72212839 -0.86730095 2.77962573
v -0.87737245 -1.02254516 2.68041380
v -0.87737245 -1.02254516 2.68041380
v -0.72212839 -0.86730095 2.77962573
v -0.86730076 -0.72212853 2.77962573
v -0.87737245 -1.02254516 2.68041380
v -0.86730076 -0.72212853 2.77962573
v -1.02254553 -0.87737273 2.68041380
v -1.02254553 -0.87737273 2.68041380
v -0.86730076 -0.72212853 2.77962573
v -1.00659980 -0.57553090 2.76686121
v -1.02254553 -0.87737273 2.68041380
v -1.00659980 -0.57553090 2.76686121
v -1.16113080 -0.73006218 2.66810488
v -1.16113080 -0.73006218 2.66810488
v -1.00659980 -0.57553090 2.76686121
v -1.14171756 -0.42584003 2.74137575
v -1.16113080 -0.73006218 2.66810488
v -1.14171756 -0.42584003 2.74137575
v -1.29482551 -0.57894797 2.64352914
v -1.29482551 -0.57894797 2.64352914
v -1.14171756 -0.42584003 2.74137575
v -1.27198501 -0.27372607 2.70316992
v -1.29482551 -0.57894797 2.64352914
v -1.27198501 -0.27372607 2.70316992
v -1.42295910 -0.42470018 2.60668695
v -1.42295910 -0.42470018 2.60668695
v -1.27198501 -0.27372607 2.70316992
v -1.39674647 -0.11987996 2.65230611
v -1.42295910 -0.42470018 2.60668695
v -1.39674647 -0.11987996 2.65230611
v -1.54487966 -0.26801329 2.55763866
v -1.54487966 -0.26801329 2.55763866
v -1.39674647 -0.11987996 2.65230611
v -1.51536418 0.03498963 2.58890837
v -1.54487966 -0.26801329 2.55763866
v -1.51536418 0.03498963 2.58890837
v -1.65995676 -0.10960288 2.49650367
v -1.65995676 -0.10960288 2.49650367
v -1.51536418 0.03498963 2.58890837
v -1.62722189 0.19015949 2.51316298
v -1.65995676 -0.10960288 2.49650367
v -1.62722189 0.19015949 2.51316298
v -1.76758412 0.04979741 2.42346190
v -1.76758412 0.04979741 2.42346190
v -1.62722189 0.19015949 2.51316298
v -1.79327000 0.14675879 2.40069851
v -1.76758412 0.04979741 2.42346190
v -1.79327000 0.14675879 2.40069851
v -1.79419015 0.13504279 2.40069833
v -0.77275434 -1.62487105 2.40064971
v -0.71153366 -1.45395603 2.52581295
v -0.82826642 -1.59728844 2.40065120
v -0.82826642 -1.59728844 2.40065120
v -0.71153366 -1.45395603 2.52581295
v -0.87132705 -1.31598646 2.55126804
v -0.82826642 -1.59728844 2.40065120
v -0.87132705 -1.31598646 2.55126804
v -1.01264147 -1.45730088 2.41884924
v -1.01264147 -1.45730088 2.41884924
v -0.87132705 -1.31598646 2.55126804
v -1.02648316 -1.17165549 2.56389454
v -1.01264147 -1.45730088 2.41884924
v -1.02648316 -1.17165549 2.56389454
v -1.16849719 -1.31366923 2.43082047
v -1.16849719 -1.31366923 2.43082047
v -1.02648316 -1.17165549 2.56389454
v -1.17165549 -1.02648316 2.56389454
v -1.16849719 -1.31366923 2.43082047
v -1.17165549 -1.02648316 2.56389454
v -1.31366951 -1.16849691 2.43082047
v -1.31366951 -1.16849691 2.43082047
v -1.17165549 -1.02648316 2.56389454
v -1.30955679 -0.87848781 2.55212076
v -1.31366951 -1.16849691 2.43082047
v -1.30955679 -0.87848781 2.55212076
v -1.45091815 -1.01984944 2.41965763
v -1.45091815 -1.01984944 2.41965763
v -1.30955679 -0.87848781 2.55212076
v -1.55615760 -0.90317763 2.40067393
v -1.45091815 -1.01984944 2.41965763
v -1.55615760 -0.90317763 2.40067393
v -1.50623722 -0.98417802 2.40067188
v -0.45949020 -1.39382621 2.61650905
v -0.56463801 -1.30706038 2.64060162
v -0.71153366 -1.45395603 2.52581295
v -0.71153366 -1.45395603 2.52581295
v -0.56463801 -1.30706038 2.64060162
v -0.72295093 -1.16761047 2.66721342
v -0.71153366 -1.45395603 2.52581295
v -0.72295093 -1.16761047 2.66721342
v -0.87132705 -1.31598646 2.55126804
v -0.87132705 -1.31598646 2.55126804
v -0.72295093 -1.16761047 2.66721342
v -0.87737245 -1.02254516 2.68041380
v -0.87132705 -1.31598646 2.55126804
v -0.87737245 -1.02254516 2.68041380
v -1.02648316 -1.17165549 2.56389454
v -1.02648316 -1.17165549 2.56389454
v -0.87737245 -1.02254516 2.68041380
v -1.02254553 -0.87737273 2.68041380
v -1.02648316 -1.17165549 2.56389454
v -1.02254553 -0.87737273 2.68041380
v -1.17165549 -1.02648316 2.56389454
v -1.17165549 -1.02648316 2.56389454
v -1.02254553 -0.87737273 2.68041380
v -1.16113080 -0.73006218 2.66810488
v -1.17165549 -1.02648316 2.56389454
v -1.16113080 -0.73006218 2.66810488
v -1.30955679 -0.87848781 2.55212076
v -1.30955679 -0.87848781 2.55212076
v -1.16113080 -0.73006218 2.66810488
v -1.29482551 -0.57894797 2.64352914
v -1.30955679 -0.87848781 2.55212076
v -1.29482551 -0.57894797 2.64352914
v -1.44188432 -0.72600646 2.52861325
v -1.44188432 -0.72600646 2.52861325
v -1.29482551 -0.57894797 2.64352914
v -1.42295910 -0.42470018 2.60668695
v -1.44188432 -0.72600646 2.52861325
v -1.42295910 -0.42470018 2.60668695
v -1.56796817 -0.56970916 2.49337275
v -1.56796817 -0.56970916 2.49337275
v -1.42295910 -0.42470018 2.60668695
v -1.54487966 -0.26801329 2.55763866
v -1.56796817 -0.56970916 2.49337275
v -1.54487966 -0.26801329 2.55763866
v -1.68716032 -0.41029374 2.44645644
v -1.68716032 -0.41029374 2.44645644
v -1.54487966 -0.26801329 2.55763866
v -1.78204048 -0.24837242 2.40068957
v -1.68716032 -0.41029374 2.44645644
v -1.78204048 -0.24837242 2.40068957
v -1.75903533 -0.37835273 2.40068659
v 2.90013980 -2.99520902 0.17159317
v 2.90001985 -2.99999993 0.00016850
v 3.55062149 -2.99999993 -0.00000000
v 0.45950613 1.52641702 2.58264411
v 1.97201129 1.79927032 2.40057055
v 0.45950613 1.60046481 2.53742225
v 0.45950613 1.60046481 2.53742225
v 1.97201129 1.79927032 2.40057055
v 0.45950613 1.79930665 2.40052585
v 3.55060063 1.79925691 2.40055714
v 1.97201129 1.79927032 2.40057055
v 3.55060063 1.69753321 2.47353613
v 3.55060063 1.69753321 2.47353613
v 1.97201129 1.79927032 2.40057055
v 0.45950613 1.52641702 2.58264411
v 3.55060063 1.69753321 2.47353613
v 0.45950613 1.52641702 2.58264411
v 3.55060063 1.52641702 2.58264411
v 3.55060063 1.52641702 2.58264411
v 0.45950613 1.52641702 2.58264411
v 3.55060063 1.50355268 2.59602182
v 3.55060063 1.50355268 2.59602182
v 0.45950613 1.52641702 2.58264411
v 3.55060063 1.30075701 2.70333700
v 3.55060063 1.30075701 2.70333700
v 0.45950613 1.52641702 2.58264411
v 0.45950613 1.39174284 2.65764017
v 3.55060063 1.30075701 2.70333700
v 0.45950613 1.39174284 2.65764017
v 3.55060063 1.21350372 2.74361223
v 0.45950613 1.39174284 2.65764017
v 0.45950613 1.21350372 2.74361223
v 3.55060063 1.21350372 2.74361223
v 3.55060063 1.21350372 2.74361223
v 0.45950613 1.21350372 2.74361223
v 0.45950613 1.17394915 2.76076850
v 3.55060063 1.21350372 2.74361223
v 0.45950613 1.17394915 2.76076850
v 3.55060063 1.09035261 2.79484000
v 3.55060063 1.09035261 2.79484000
v 0.45950613 1.17394915 2.76076850
v 3.55060063 0.88389460 2.86683273
v 0.45950613 1.17394915 2.76076850
v 0.45950613 0.94826724 2.84618847
v 3.55060063 0.88389460 2.86683273
v 3.55060063 0.88389460 2.86683273
v 0.45950613 0.94826724 2.84618847
v 0.45950613 0.88389460 2.86683273
v 3.55060063 0.88389460 2.86683273
v 0.45950613 0.88389460 2.86683273
v 3.55060063 0.65167220 2.92836521
v 3.55060063 0.65167220 2.92836521
v 0.45950613 0.88389460 2.86683273
v 0.45950613 0.71635288 2.91321781
v 3.55060063 0.65167220 2.92836521
v 0.45950613 0.71635288 2.91321781
v 3.55060063 0.54212459 2.95061022
v 3.55060063 0.54212459 2.95061022
v 0.45950613 0.71635288 2.91321781
v 0.45950613 0.54212459 2.95061022
v 3.55060063 0.54212459 2.95061022
v 0.45950613 0.54212459 2.95061022
v 3.55060063 0.42598671 2.96960175
v 3.55060063 0.42598671 2.96960175
v 0.45950613 0.54212459 2.95061022
v 0.45950613 0.48024505 2.96131130
v 3.55060063 0.42598671 2.96960175
v 0.45950613 0.48024505 2.96131130
v 3.55060063 0.19289578 2.99379211
v 0.45950613 0.48024505 2.96131130
v 0.45950613 0.24106910 2.99029853
v 3.55060063 0.19289578 2.99379211
v 3.55060063 0.19289578 2.99379211
v 0.45950613 0.24106910 2.99029853
v 0.45950613 0.19289578 2.99379211
v 3.55060063 0.19289578 2.99379211
v 0.45950613 0.19289578 2.99379211
v 3.55060063 0.00000000 2.99999993
v 3.55060063 0.00000000 2.99999993
v 0.45950613 0.19289578 2.99379211
v 0.45950613 -0.00000053 2.99999993
v 0.45950613 -0.15898698 2.99578402
v 3.55058797 -0.07314098 2.99910810
v 0.45950613 -0.00000053 2.99999993
v 0.45950613 -0.00000053 2.99999993
v 3.55058797 -0.07314098 2.99910810
v 3.55059542 -0.03158773 2.99983378
v 0.45950613 -0.00000053 2.99999993
v 3.55059542 -0.03158773 2.99983378
v 3.55060063 0.00000000 2.99999993
v 0.45950613 -0.48024845 2.96131074
v 3.55052836 -0.41277362 2.97146719
v 0.45950613 -0.24107154 2.99029816
v 0.45950613 -0.24107154 2.99029816
v 3.55052836 -0.41277362 2.97146719
v 3.55055816 -0.24335007 2.99011376
v 0.45950613 -0.24107154 2.99029816
v 3.55055816 -0.24335007 2.99011376
v 0.45950613 -0.15898698 2.99578402
v 0.45950613 -0.15898698 2.99578402
v 3.55055816 -0.24335007 2.99011376
v 3.55057307 -0.15898698 2.99578402
v 0.45950613 -0.15898698 2.99578402
v 3.55057307 -0.15898698 2.99578402
v 3.55058797 -0.07314098 2.99910810
v 0.45950613 -0.50868234 2.95655914
v 0.45950613 -0.71635395 2.91321762
v 3.55047472 -0.71403123 2.91378777
v 3.55047472 -0.71403123 2.91378777
v 3.55049856 -0.58086473 2.94322874
v 0.45950613 -0.50868234 2.95655914
v 0.45950613 -0.50868234 2.95655914
v 3.55049856 -0.58086473 2.94322874
v 3.55051123 -0.50868234 2.95655914
v 0.45950613 -0.50868234 2.95655914
v 3.55051123 -0.50868234 2.95655914
v 0.45950613 -0.48024845 2.96131074
v 0.45950613 -0.48024845 2.96131074
v 3.55051123 -0.50868234 2.95655914
v 3.55051495 -0.48897220 2.95988265
v 0.45950613 -0.48024845 2.96131074
v 3.55051495 -0.48897220 2.95988265
v 3.55052836 -0.41277362 2.97146719
v 0.45950613 -0.94826892 2.84618791
v 3.55043896 -0.91088535 2.85837147
v 0.45950613 -0.85137906 2.87665669
v 0.45950613 -0.85137906 2.87665669
v 3.55043896 -0.91088535 2.85837147
v 3.55045013 -0.85137906 2.87665669
v 0.45950613 -0.85137906 2.87665669
v 3.55045013 -0.85137906 2.87665669
v 0.45950613 -0.71635395 2.91321762
v 0.45950613 -0.71635395 2.91321762
v 3.55045013 -0.85137906 2.87665669
v 3.55046876 -0.74708080 2.90548969
v 0.45950613 -0.71635395 2.91321762
v 3.55046876 -0.74708080 2.90548969
v 3.55047472 -0.71403123 2.91378777
v 3.55038829 -1.18236216 2.75717601
v 3.55039425 -1.15027074 2.77071781
v 0.45950613 -1.18236216 2.75717601
v 0.45950613 -1.18236216 2.75717601
v 3.55039425 -1.15027074 2.77071781
v 3.55040915 -1.07174944 2.80202646
v 0.45950613 -1.18236216 2.75717601
v 3.55040915 -1.07174944 2.80202646
v 0.45950613 -0.94826892 2.84618791
v 0.45950613 -0.94826892 2.84618791
v 3.55040915 -1.07174944 2.80202646
v 3.55043449 -0.93488637 2.85061169
v 0.45950613 -0.94826892 2.84618791
v 3.55043449 -0.93488637 2.85061169
v 3.55043896 -0.91088535 2.85837147
v 0.45950613 -1.39174433 2.65763942
v 0.45950613 -1.49707785 2.59976108
v 3.55032645 -1.49707785 2.59976108
v 3.55032645 -1.49707785 2.59976108
v 3.55034955 -1.38259083 2.66241282
v 0.45950613 -1.39174433 2.65763942
v 0.45950613 -1.39174433 2.65763942
v 3.55034955 -1.38259083 2.66241282
v 3.55035402 -1.35891102 2.67457664
v 0.45950613 -1.39174433 2.65763942
v 3.55035402 -1.35891102 2.67457664
v 0.45950613 -1.18236216 2.75717601
v 0.45950613 -1.18236216 2.75717601
v 3.55035402 -1.35891102 2.67457664
v 3.55037935 -1.22915404 2.73663662
v 0.45950613 -1.18236216 2.75717601
v 3.55037935 -1.22915404 2.73663662
v 3.55038829 -1.18236216 2.75717601
v 0.45950613 -1.79119613 2.40657758
v 3.55026536 -1.79119613 2.40657758
v 3.55027430 -1.75110977 2.43590102
v 0.45950613 -1.79119613 2.40657758
v 3.55027430 -1.75110977 2.43590102
v 0.45950613 -1.60046723 2.53742076
v 3.55027430 -1.75110977 2.43590102
v 3.55028994 -1.67559460 2.48844977
v 0.45950613 -1.60046723 2.53742076
v 0.45950613 -1.60046723 2.53742076
v 3.55028994 -1.67559460 2.48844977
v 3.55031379 -1.55957872 2.56275516
v 0.45950613 -1.60046723 2.53742076
v 3.55031379 -1.55957872 2.56275516
v 0.45950613 -1.49707785 2.59976108
v 0.45950613 -1.49707785 2.59976108
v 3.55031379 -1.55957872 2.56275516
v 3.55031975 -1.53156472 2.57959478
v 0.45950613 -1.49707785 2.59976108
v 3.55031975 -1.53156472 2.57959478
v 3.55032645 -1.49707785 2.59976108
v 2.39231046 -1.86571740 2.34984234
v 2.48719063 -1.90717690 2.31619682
v 3.55026536 -1.79119613 2.40657758
v 2.07662862 -1.80282220 2.39866544
v 2.18476187 -1.81434751 2.38996726
v 3.55026536 -1.79119613 2.40657758
v 3.55026536 -1.79119613 2.40657758
v 2.18476187 -1.81434751 2.38996726
v 2.29062047 -1.83496866 2.37406604
v 3.55026536 -1.79119613 2.40657758
v 2.29062047 -1.83496866 2.37406604
v 2.39231046 -1.86571740 2.34984234
v 2.07662862 -1.80282220 2.39866544
v 3.55026536 -1.79119613 2.40657758
v 1.96762215 -1.79926753 2.40130126
v 1.96762215 -1.79926753 2.40130126
v 3.55026536 -1.79119613 2.40657758
v 0.45950613 -1.79119613 2.40657758
v 1.96762215 -1.79926753 2.40130126
v 0.45950613 -1.79119613 2.40657758
v 0.45950613 -1.79931857 2.40064971
v 2.48719063 -1.90717690 2.31619682
v 2.57320385 -1.95828080 2.27307901
v 3.55026536 -1.79119613 2.40657758
v 3.55026536 -1.79119613 2.40657758
v 2.57320385 -1.95828080 2.27307901
v 2.64885332 -2.01697536 2.22109333
v 3.55026536 -1.79119613 2.40657758
v 2.64885332 -2.01697536 2.22109333
v 3.55026014 -1.81421563 2.38927212
v 3.55026014 -1.81421563 2.38927212
v 2.64885332 -2.01697536 2.22109333
v 3.55023034 -1.94698051 2.28238180
v 3.55023034 -1.94698051 2.28238180
v 2.64885332 -2.01697536 2.22109333
v 3.55020352 -2.06067041 2.18028370
v 3.55020352 -2.06067041 2.18028370
v 2.64885332 -2.01697536 2.22109333
v 2.69347634 -2.06007268 2.18111668
v 3.55020352 -2.06067041 2.18028370
v 2.69347634 -2.06007268 2.18111668
v 2.71287765 -2.08141040 2.16073040
v 2.71287765 -2.08141040 2.16073040
v 2.76519191 -2.14920677 2.09317002
v 3.55020352 -2.06067041 2.18028370
v 3.55020352 -2.06067041 2.18028370
v 2.76519191 -2.14920677 2.09317002
v 2.80667823 -2.21817102 2.01976765
v 3.55020352 -2.06067041 2.18028370
v 2.80667823 -2.21817102 2.01976765
v 3.55020054 -2.07346044 2.16812398
v 3.55014093 -2.30595414 1.91900358
v 3.55015360 -2.25989893 1.97303221
v 2.83881184 -2.28701010 1.94147434
v 2.83881184 -2.28701010 1.94147434
v 3.55015360 -2.25989893 1.97303221
v 3.55017073 -2.19324715 2.04686727
v 2.83881184 -2.28701010 1.94147434
v 3.55017073 -2.19324715 2.04686727
v 2.80667823 -2.21817102 2.01976765
v 2.80667823 -2.21817102 2.01976765
v 3.55017073 -2.19324715 2.04686727
v 3.55019383 -2.10229792 2.14017350
v 2.80667823 -2.21817102 2.01976765
v 3.55019383 -2.10229792 2.14017350
v 3.55020054 -2.07346044 2.16812398
v 2.83881184 -2.28701010 1.94147434
v 2.84461286 -2.30161045 1.92416031
v 3.55014093 -2.30595414 1.91900358
v 3.55014093 -2.30595414 1.91900358
v 2.84461286 -2.30161045 1.92416031
v 2.86300089 -2.35447045 1.85913332
v 3.55014093 -2.30595414 1.91900358
v 2.86300089 -2.35447045 1.85913332
v 3.55011113 -2.41121762 1.78494509
v 2.86300089 -2.35447045 1.85913332
v 2.88035776 -2.41963714 1.77341513
v 3.55011113 -2.41121762 1.78494509
v 3.55011113 -2.41121762 1.78494509
v 2.88035776 -2.41963714 1.77341513
v 2.89167743 -2.48212442 1.68476850
v 3.55011113 -2.41121762 1.78494509
v 2.89167743 -2.48212442 1.68476850
v 3.55008133 -2.50869747 1.64512489
v 3.55008133 -2.50869747 1.64512489
v 2.89167743 -2.48212442 1.68476850
v 2.89523061 -2.51111928 1.64120998
v 3.55008133 -2.50869747 1.64512489
v 2.89523061 -2.51111928 1.64120998
v 3.55008058 -2.51124725 1.64123010
v 3.55008058 -2.51124725 1.64123010
v 2.89523061 -2.51111928 1.64120998
v 3.55007313 -2.53448896 1.60510577
v 2.89523061 -2.51111928 1.64120998
v 2.89785322 -2.54160855 1.59355067
v 3.55007313 -2.53448896 1.60510577
v 3.55007313 -2.53448896 1.60510577
v 2.89785322 -2.54160855 1.59355067
v 2.89970171 -2.59765591 1.50009254
v 3.55007313 -2.53448896 1.60510577
v 2.89970171 -2.59765591 1.50009254
v 3.55005153 -2.59806812 1.50000686
v 3.55005153 -2.59806812 1.50000686
v 2.89970171 -2.59765591 1.50009254
v 2.90101822 -2.60764565 1.48468828
v 3.55005153 -2.59806812 1.50000686
v 2.90101822 -2.60764565 1.48468828
v 3.55006792 -2.62055043 1.46038188
v 3.55006792 -2.62055043 1.46038188
v 2.90101822 -2.60764565 1.48468828
v 2.90093105 -2.68691648 1.33639406
v 3.55006792 -2.62055043 1.46038188
v 2.90093105 -2.68691648 1.33639406
v 3.55009027 -2.64987499 1.40647143
v 2.90082376 -2.75911428 1.17987758
v 3.55012678 -2.69533675 1.31725455
v 2.90093105 -2.68691648 1.33639406
v 2.90093105 -2.68691648 1.33639406
v 3.55012678 -2.69533675 1.31725455
v 3.55011933 -2.68615056 1.33588733
v 2.90093105 -2.68691648 1.33639406
v 3.55011933 -2.68615056 1.33588733
v 3.55009027 -2.64987499 1.40647143
v 3.55024748 -2.82409675 1.01216482
v 3.55018862 -2.76579671 1.16205327
v 2.90082376 -2.75911428 1.17987758
v 2.90082376 -2.75911428 1.17987758
v 3.55018862 -2.76579671 1.16205327
v 3.55017371 -2.74972543 1.19958706
v 2.90082376 -2.75911428 1.17987758
v 3.55017371 -2.74972543 1.19958706
v 3.55012678 -2.69533675 1.31725455
v 2.90082376 -2.75911428 1.17987758
v 2.90071424 -2.82230619 1.01919407
v 3.55024748 -2.82409675 1.01216482
v 3.55024748 -2.82409675 1.01216482
v 2.90071424 -2.82230619 1.01919407
v 2.90070977 -2.82475259 1.01238005
v 3.55024748 -2.82409675 1.01216482
v 2.90070977 -2.82475259 1.01238005
v 3.55025046 -2.82732882 1.00310100
v 3.55025046 -2.82732882 1.00310100
v 2.90070977 -2.82475259 1.01238005
v 2.90060397 -2.87623610 0.85485112
v 3.55049782 -2.98064947 0.34018909
v 3.55043598 -2.95651834 0.50891885
v 2.90037673 -2.95542683 0.51729362
v 2.90037673 -2.95542683 0.51729362
v 3.55043598 -2.95651834 0.50891885
v 3.55042405 -2.95067653 0.54176329
v 2.90037673 -2.95542683 0.51729362
v 3.55042405 -2.95067653 0.54176329
v 2.90048253 -2.92364154 0.67460914
v 2.90048253 -2.92364154 0.67460914
v 3.55042405 -2.95067653 0.54176329
v 3.55037414 -2.92284377 0.67600575
v 2.90048253 -2.92364154 0.67460914
v 3.55037414 -2.92284377 0.67600575
v 2.90049147 -2.92067602 0.68737171
v 2.90049147 -2.92067602 0.68737171
v 3.55037414 -2.92284377 0.67600575
v 3.55034061 -2.90056989 0.76595969
v 2.90049147 -2.92067602 0.68737171
v 3.55034061 -2.90056989 0.76595969
v 2.90060397 -2.87623610 0.85485112
v 2.90060397 -2.87623610 0.85485112
v 3.55034061 -2.90056989 0.76595969
v 3.55031230 -2.87973415 0.84091062
v 2.90060397 -2.87623610 0.85485112
v 3.55031230 -2.87973415 0.84091062
v 3.55025046 -2.82732882 1.00310100
v 2.90037673 -2.95542683 0.51729362
v 2.90025976 -2.98031848 0.34516733
v 3.55049782 -2.98064947 0.34018909
v 3.55049782 -2.98064947 0.34018909
v 2.90025976 -2.98031848 0.34516733
v 2.90024783 -2.98228767 0.32760734
v 3.55049782 -2.98064947 0.34018909
v 2.90024783 -2.98228767 0.32760734
v 3.55050750 -2.98348162 0.31438270
v 3.55050750 -2.98348162 0.31438270
v 2.90024783 -2.98228767 0.32760734
v 2.90013980 -2.99520902 0.17159317
v 3.55050750 -2.98348162 0.31438270
v 2.90013980 -2.99520902 0.17159317
v 3.55055965 -2.99515892 0.17036122
v 3.55055965 -2.99515892 0.17036122
v 2.90013980 -2.99520902 0.17159317
v 3.55062149 -2.99999993 -0.00000000
v 2.80001964 -2.30387449 1.50000369
v 2.79985499 -2.48295497 1.49798626
v 2.79961359 -2.27948297 1.53459748
v 2.79961359 -2.27948297 1.53459748
v 2.79985499 -2.48295497 1.49798626
v 2.79771890 -2.43525468 1.57287363
v 2.79961359 -2.27948297 1.53459748
v 2.79771890 -2.43525468 1.57287363
v 2.79613715 -2.22815387 1.60187520
v 2.79613715 -2.22815387 1.60187520
v 2.79771890 -2.43525468 1.57287363
v 2.79100966 -2.38393992 1.64511167
v 2.79613715 -2.22815387 1.60187520
v 2.79100966 -2.38393992 1.64511167
v 2.78633516 -2.16139723 1.68080945
v 2.78633516 -2.16139723 1.68080945
v 2.79100966 -2.38393992 1.64511167
v 2.77890172 -2.32933164 1.71409175
v 2.78633516 -2.16139723 1.68080945
v 2.77890172 -2.32933164 1.71409175
v 2.78280508 -2.14438066 1.70008801
v 2.78280508 -2.14438066 1.70008801
v 2.77890172 -2.32933164 1.71409175
v 2.76050325 -2.27183569 1.77905113
v 2.78280508 -2.14438066 1.70008801
v 2.76050325 -2.27183569 1.77905113
v 2.76519489 -2.07822155 1.76831391
v 2.76050325 -2.27183569 1.77905113
v 2.74853539 -2.24203449 1.80988889
v 2.76519489 -2.07822155 1.76831391
v 2.76519489 -2.07822155 1.76831391
v 2.74853539 -2.24203449 1.80988889
v 2.73464974 -2.21189223 1.83927249
v 2.76519489 -2.07822155 1.76831391
v 2.73464974 -2.21189223 1.83927249
v 2.74272319 -2.01891176 1.82666499
v 2.74272319 -2.01891176 1.82666499
v 2.73464974 -2.21189223 1.83927249
v 2.74176951 -2.01677736 1.82873234
v 2.74176951 -2.01677736 1.82873234
v 2.73464974 -2.21189223 1.83927249
v 2.71865632 -2.18133423 1.86739787
v 2.74176951 -2.01677736 1.82873234
v 2.71865632 -2.18133423 1.86739787
v 2.72822808 -1.98899340 1.85541306
v 2.72822808 -1.98899340 1.85541306
v 2.71865632 -2.18133423 1.86739787
v 2.70057376 -2.15073749 1.89402737
v 2.70057376 -2.15073749 1.89402737
v 2.69138496 -1.93052255 1.90979224
v 2.71476191 -1.96524486 1.87776405
v 2.70057376 -2.15073749 1.89402737
v 2.71476191 -1.96524486 1.87776405
v 2.72822808 -1.98899340 1.85541306
v 2.70057376 -2.15073749 1.89402737
v 2.68027987 -2.12022997 1.91913657
v 2.69138496 -1.93052255 1.90979224
v 2.69138496 -1.93052255 1.90979224
v 2.68027987 -2.12022997 1.91913657
v 2.65770610 -2.09004935 1.94258075
v 2.69138496 -1.93052255 1.90979224
v 2.65770610 -2.09004935 1.94258075
v 2.68141907 -1.91760361 1.92147866
v 2.68141907 -1.91760361 1.92147866
v 2.65770610 -2.09004935 1.94258075
v 2.66874414 -1.90242585 1.93501618
v 2.66874414 -1.90242585 1.93501618
v 2.65770610 -2.09004935 1.94258075
v 2.65884828 -1.89140271 1.94470510
v 2.65884828 -1.89140271 1.94470510
v 2.65770610 -2.09004935 1.94258075
v 2.63273846 -2.06036624 1.96427181
v 2.65884828 -1.89140271 1.94470510
v 2.63273846 -2.06036624 1.96427181
v 2.63995733 -1.87202971 1.96141358
v 2.63995733 -1.87202971 1.96141358
v 2.63273846 -2.06036624 1.96427181
v 2.61831041 -1.85327679 1.97684448
v 2.61831041 -1.85327679 1.97684448
v 2.63273846 -2.06036624 1.96427181
v 2.60543209 -2.03148425 1.98409725
v 2.61831041 -1.85327679 1.97684448
v 2.60543209 -2.03148425 1.98409725
v 2.61440855 -1.84989665 1.97962597
v 2.61440855 -1.84989665 1.97962597
v 2.60543209 -2.03148425 1.98409725
v 2.59726252 -1.83504242 1.99184883
v 2.59726252 -1.83504242 1.99184883
v 2.60543209 -2.03148425 1.98409725
v 2.59679016 -1.83463302 1.99218579
v 2.59679016 -1.83463302 1.99218579
v 2.60543209 -2.03148425 1.98409725
v 2.59152409 -1.83007084 1.99593995
v 2.59152409 -1.83007084 1.99593995
v 2.60543209 -2.03148425 1.98409725
v 2.57584956 -2.00365428 2.00206209
v 2.59152409 -1.83007084 1.99593995
v 2.57584956 -2.00365428 2.00206209
v 2.57564392 -1.81755014 2.00513229
v 2.57564392 -1.81755014 2.00513229
v 2.57584956 -2.00365428 2.00206209
v 2.54401024 -1.97710060 2.01818328
v 2.57564392 -1.81755014 2.00513229
v 2.54401024 -1.97710060 2.01818328
v 2.51808371 -1.78042445 2.03207154
v 2.51808371 -1.78042445 2.03207154
v 2.54401024 -1.97710060 2.01818328
v 2.47456711 -1.92880444 2.04495490
v 2.51808371 -1.78042445 2.03207154
v 2.47456711 -1.92880444 2.04495490
v 2.47915294 -1.75950229 2.04601474
v 2.47915294 -1.75950229 2.04601474
v 2.47456711 -1.92880444 2.04495490
v 2.45320778 -1.74693465 2.05384735
v 2.45320778 -1.74693465 2.05384735
v 2.47456711 -1.92880444 2.04495490
v 2.39861887 -1.88750345 2.06522252
v 2.45320778 -1.74693465 2.05384735
v 2.39861887 -1.88750345 2.06522252
v 2.41053011 -1.72837526 2.06467025
v 2.41053011 -1.72837526 2.06467025
v 2.39861887 -1.88750345 2.06522252
v 2.37067919 -1.71320233 2.07283832
v 2.37067919 -1.71320233 2.07283832
v 2.39861887 -1.88750345 2.06522252
v 2.31769513 -1.85421128 2.07976699
v 2.37067919 -1.71320233 2.07283832
v 2.31769513 -1.85421128 2.07976699
v 2.33335029 -1.70073416 2.07908079
v 2.33335029 -1.70073416 2.07908079
v 2.31769513 -1.85421128 2.07976699
v 2.30996963 -1.69374365 2.08239704
v 2.30996963 -1.69374365 2.08239704
v 2.31769513 -1.85421128 2.07976699
v 2.23315861 -1.82932466 2.08949037
v 2.30996963 -1.69374365 2.08239704
v 2.23315861 -1.82932466 2.08949037
v 2.21749227 -1.67177841 2.09207572
v 2.21749227 -1.67177841 2.09207572
v 2.23315861 -1.82932466 2.08949037
v 2.14615893 -1.81225147 2.09547132
v 2.21749227 -1.67177841 2.09207572
v 2.14615893 -1.81225147 2.09547132
v 2.11932492 -1.65707860 2.09764317
v 2.11932492 -1.65707860 2.09764317
v 2.14615893 -1.81225147 2.09547132
v 2.05783155 -1.80242658 2.09851675
v 2.11932492 -1.65707860 2.09764317
v 2.05783155 -1.80242658 2.09851675
v 2.01573204 -1.64997615 2.09984835
v 2.01573204 -1.64997615 2.09984835
v 2.05783155 -1.80242658 2.09851675
v 1.96903702 -1.79926567 2.09939629
v 2.01573204 -1.64997615 2.09984835
v 1.96903702 -1.79926567 2.09939629
v 1.97192188 -1.64926965 2.09999997
v 2.96213459 2.10705753 1.50000686
v 2.95428615 2.09902655 1.50000686
v 2.96215247 2.14376748 1.30205080
v 2.96215247 2.14376748 1.30205080
v 2.95428615 2.09902655 1.50000686
v 2.94638555 2.09104735 1.50000686
v 2.96225455 2.19860822 0.85658608
v 2.96225976 2.17413530 1.08837783
v 2.86202859 2.07137112 1.10191759
v 2.86202859 2.07137112 1.10191759
v 2.96225976 2.17413530 1.08837783
v 2.96222623 2.16659252 1.14727272
v 2.86202859 2.07137112 1.10191759
v 2.96222623 2.16659252 1.14727272
v 2.86200698 2.04468351 1.28703313
v 2.86200698 2.04468351 1.28703313
v 2.96222623 2.16659252 1.14727272
v 2.96215247 2.14376748 1.30205080
v 2.86200698 2.04468351 1.28703313
v 2.96215247 2.14376748 1.30205080
v 2.86200549 2.04173289 1.30496547
v 2.86200549 2.04173289 1.30496547
v 2.96215247 2.14376748 1.30205080
v 2.94638555 2.09104735 1.50000686
v 2.86200549 2.04173289 1.30496547
v 2.94638555 2.09104735 1.50000686
v 2.86199059 2.00473182 1.50000686
v 2.86202859 2.07137112 1.10191759
v 2.86205020 2.08907463 0.94780531
v 2.96225455 2.19860822 0.85658608
v 2.96225455 2.19860822 0.85658608
v 2.86205020 2.08907463 0.94780531
v 2.86206137 2.09628846 0.87464945
v 2.96225455 2.19860822 0.85658608
v 2.86206137 2.09628846 0.87464945
v 2.96209287 2.21063159 0.70850314
v 2.96209287 2.21063159 0.70850314
v 2.86206137 2.09628846 0.87464945
v 2.86209788 2.11679433 0.61511192
v 2.96209287 2.21063159 0.70850314
v 2.86209788 2.11679433 0.61511192
v 2.96204891 2.21763495 0.60479175
v 2.96204891 2.21763495 0.60479175
v 2.86209788 2.11679433 0.61511192
v 2.86211502 2.12518722 0.46404460
v 2.96204891 2.21763495 0.60479175
v 2.86211502 2.12518722 0.46404460
v 2.96210852 2.23127864 0.30968781
v 2.96210852 2.23127864 0.30968781
v 2.86211502 2.12518722 0.46404460
v 2.86212768 2.13077627 0.32362957
v 2.86212768 2.13077627 0.32362957
v 2.86213662 2.13342942 0.22772052
v 2.96210852 2.23127864 0.30968781
v 2.96210852 2.23127864 0.30968781
v 2.86213662 2.13342942 0.22772052
v 2.86215525 2.13617012 0.00032512
v 2.96210852 2.23127864 0.30968781
v 2.86215525 2.13617012 0.00032512
v 2.96229329 2.23631524 0.00033990
v 2.80002784 2.12338548 -1.69999078
v 2.80002560 1.96842887 -1.70001667
v 2.80001964 1.97792929 -1.66345444
v 2.80002784 2.12338548 -1.69999078
v 2.80001964 1.97792929 -1.66345444
v 2.80001964 2.18152795 -1.42434677
v 2.80001964 2.08948664 0.94786929
v 2.80001964 2.06533987 1.15571404
v 2.80001964 2.21904777 1.12818917
v 2.80001964 1.97792929 -1.66345444
v 2.80001964 2.01247763 -1.50962286
v 2.80001964 2.18152795 -1.42434677
v 2.80001964 2.18152795 -1.42434677
v 2.80001964 2.01247763 -1.50962286
v 2.80001964 2.04113089 -1.35472333
v 2.80001964 2.18152795 -1.42434677
v 2.80001964 2.04113089 -1.35472333
v 2.80001964 2.23005433 -1.08532608
v 2.80001964 2.00478192 1.50000704
v 2.80001964 2.15812344 1.50000686
v 2.80001964 2.03500930 1.34960460
v 2.80001964 2.03500930 1.34960460
v 2.80001964 2.15812344 1.50000686
v 2.80001964 2.19200514 1.31467106
v 2.80001964 2.21904777 1.12818917
v 2.80001964 2.06533987 1.15571404
v 2.80001964 2.19200514 1.31467106
v 2.80001964 2.19200514 1.31467106
v 2.80001964 2.06533987 1.15571404
v 2.80001964 2.04573441 1.28717506
v 2.80001964 2.19200514 1.31467106
v 2.80001964 2.04573441 1.28717506
v 2.80001964 2.03500930 1.34960460
v 2.80001964 2.04113089 -1.35472333
v 2.80001964 2.06773411 -1.17634637
v 2.80001964 2.23005433 -1.08532608
v 2.80001964 2.23005433 -1.08532608
v 2.80001964 2.06773411 -1.17634637
v 2.80001964 2.08893660 -0.99713523
v 2.80001964 2.23005433 -1.08532608
v 2.80001964 2.08893660 -0.99713523
v 2.80001964 2.26601753 -0.67934874
v 2.80001964 2.08893660 -0.99713523
v 2.80001964 2.10877098 -0.77712042
v 2.80001964 2.26601753 -0.67934874
v 2.80001964 2.26601753 -0.67934874
v 2.80001964 2.10877098 -0.77712042
v 2.80001964 2.12277621 -0.55665034
v 2.80001964 2.26601753 -0.67934874
v 2.80001964 2.12277621 -0.55665034
v 2.80001964 2.28340849 -0.26879183
v 2.80001964 2.28340849 -0.26879183
v 2.80001964 2.12277621 -0.55665034
v 2.80001964 2.13305540 -0.27825800
v 2.80001964 2.28340849 -0.26879183
v 2.80001964 2.13305540 -0.27825800
v 2.80002039 2.28617005 0.00032225
v 2.80002039 2.28617005 0.00032225
v 2.80001964 2.13305540 -0.27825800
v 2.80001964 2.13617012 0.00031779
v 2.80002039 2.28617005 0.00032225
v 2.80001964 2.13617012 0.00031779
v 2.80001964 2.27904357 0.37712720
v 2.80001964 2.27904357 0.37712720
v 2.80001964 2.13617012 0.00031779
v 2.80001964 2.13089343 0.32064426
v 2.80001964 2.27904357 0.37712720
v 2.80001964 2.13089343 0.32064426
v 2.80002039 2.25738827 0.75332229
v 2.80002039 2.25738827 0.75332229
v 2.80001964 2.13089343 0.32064426
v 2.80001964 2.11615376 0.62621110
v 2.80002039 2.25738827 0.75332229
v 2.80001964 2.11615376 0.62621110
v 2.80001964 2.21904777 1.12818917
v 2.80001964 2.21904777 1.12818917
v 2.80001964 2.11615376 0.62621110
v 2.80001964 2.09060386 0.93665896
v 2.80001964 2.21904777 1.12818917
v 2.80001964 2.09060386 0.93665896
v 2.80001964 2.08948664 0.94786929
v 3.58294435 2.23648213 0.00041310
v 3.58295552 2.23087817 0.32509621
v 2.96229329 2.23631524 0.00033990
v 2.96229329 2.23631524 0.00033990
v 3.58295552 2.23087817 0.32509621
v 2.96210852 2.23127864 0.30968781
v 2.96225455 2.19860822 0.85658608
v 3.58254872 2.19267011 0.92130145
v 2.96225976 2.17413530 1.08837783
v 2.96225976 2.17413530 1.08837783
v 3.58254872 2.19267011 0.92130145
v 3.58228348 2.16945224 1.12662604
v 2.96225976 2.17413530 1.08837783
v 3.58228348 2.16945224 1.12662604
v 2.96222623 2.16659252 1.14727272
v 2.96210852 2.23127864 0.30968781
v 3.58295552 2.23087817 0.32509621
v 2.96204891 2.21763495 0.60479175
v 2.96204891 2.21763495 0.60479175
v 3.58295552 2.23087817 0.32509621
v 3.58282588 2.21712235 0.61475253
v 2.96204891 2.21763495 0.60479175
v 3.58282588 2.21712235 0.61475253
v 2.96209287 2.21063159 0.70850314
v 2.96209287 2.21063159 0.70850314
v 3.58282588 2.21712235 0.61475253
v 3.58275585 2.21077092 0.70850099
v 2.96209287 2.21063159 0.70850314
v 3.58275585 2.21077092 0.70850099
v 2.96225455 2.19860822 0.85658608
v 2.96225455 2.19860822 0.85658608
v 3.58275585 2.21077092 0.70850099
v 3.58258449 2.19575502 0.88914549
v 2.96225455 2.19860822 0.85658608
v 3.58258449 2.19575502 0.88914549
v 3.58254872 2.19267011 0.92130145
v 3.58163081 2.10722778 1.50000686
v 2.96213459 2.10705753 1.50000686
v 3.58184688 2.12871879 1.39012020
v 3.58184688 2.12871879 1.39012020
v 2.96213459 2.10705753 1.50000686
v 2.96215247 2.14376748 1.30205080
v 3.58184688 2.12871879 1.39012020
v 2.96215247 2.14376748 1.30205080
v 3.58194448 2.13815477 1.33659076
v 3.58194448 2.13815477 1.33659076
v 2.96215247 2.14376748 1.30205080
v 2.96222623 2.16659252 1.14727272
v 3.58194448 2.13815477 1.33659076
v 2.96222623 2.16659252 1.14727272
v 3.58225293 2.16674339 1.14727048
v 3.58225293 2.16674339 1.14727048
v 2.96222623 2.16659252 1.14727272
v 3.58228348 2.16945224 1.12662604
v 3.57465036 -2.84999944 0.00026134
v 2.96215769 -2.84999833 0.00018910
v 3.57464813 -2.84875371 0.08427046
v 3.57464813 -2.84875371 0.08427046
v 2.96215769 -2.84999833 0.00018910
v 2.96215173 -2.84756571 0.11776855
v 3.57464813 -2.84875371 0.08427046
v 2.96215173 -2.84756571 0.11776855
v 3.57464291 -2.83900369 0.25011483
v 3.57464291 -2.83900369 0.25011483
v 2.96215173 -2.84756571 0.11776855
v 2.96215173 -2.83733122 0.26842249
v 3.57464291 -2.83900369 0.25011483
v 2.96215173 -2.83733122 0.26842249
v 3.57464217 -2.83733122 0.26842249
v 3.57464217 -2.83733122 0.26842249
v 2.96215173 -2.83733122 0.26842249
v 2.96215173 -2.83193570 0.32037422
v 3.57464217 -2.83733122 0.26842249
v 2.96215173 -2.83193570 0.32037422
v 3.57463770 -2.81960703 0.41510938
v 3.57463770 -2.81960703 0.41510938
v 2.96215173 -2.83193570 0.32037422
v 2.96215173 -2.80190874 0.52135121
v 2.96215173 -2.68860664 0.94545940
v 3.57462130 -2.70435847 0.89941341
v 2.96215173 -2.75763739 0.71967770
v 2.96215173 -2.75763739 0.71967770
v 3.57462130 -2.70435847 0.89941341
v 3.57462652 -2.75216978 0.74031116
v 2.96215173 -2.75763739 0.71967770
v 3.57462652 -2.75216978 0.74031116
v 2.96215173 -2.78362930 0.61147939
v 2.96215173 -2.78362930 0.61147939
v 3.57462652 -2.75216978 0.74031116
v 3.57463099 -2.78362930 0.61147939
v 2.96215173 -2.78362930 0.61147939
v 3.57463099 -2.78362930 0.61147939
v 2.96215173 -2.80190874 0.52135121
v 2.96215173 -2.80190874 0.52135121
v 3.57463099 -2.78362930 0.61147939
v 3.57463248 -2.79062949 0.57869344
v 2.96215173 -2.80190874 0.52135121
v 3.57463248 -2.79062949 0.57869344
v 3.57463770 -2.81960703 0.41510938
v 2.96219643 -2.42343247 1.49998283
v 3.57458182 -2.42342241 1.50000295
v 2.96215173 -2.54196227 1.28876977
v 2.96215173 -2.54196227 1.28876977
v 3.57458182 -2.42342241 1.50000295
v 3.57460566 -2.50659510 1.35627454
v 2.96215173 -2.54196227 1.28876977
v 3.57460566 -2.50659510 1.35627454
v 2.96215173 -2.55367383 1.26540484
v 2.96215173 -2.55367383 1.26540484
v 3.57460566 -2.50659510 1.35627454
v 3.57461087 -2.58136224 1.20791923
v 2.96215173 -2.55367383 1.26540484
v 3.57461087 -2.58136224 1.20791923
v 2.96215173 -2.62733288 1.10436492
v 2.96215173 -2.62733288 1.10436492
v 3.57461087 -2.58136224 1.20791923
v 3.57461609 -2.64735818 1.05545949
v 2.96215173 -2.62733288 1.10436492
v 3.57461609 -2.64735818 1.05545949
v 2.96215173 -2.68860664 0.94545940
v 2.96215173 -2.68860664 0.94545940
v 3.57461609 -2.64735818 1.05545949
v 3.57461981 -2.68860664 0.94545940
v 2.96215173 -2.68860664 0.94545940
v 3.57461981 -2.68860664 0.94545940
v 3.57462130 -2.70435847 0.89941341
v 3.95001955 -1.88740343 1.38149429
v 3.80710252 -2.04177555 1.49998916
v 3.95000912 -1.79488920 1.50000183
v 3.95001955 -2.33882815 0.00032076
v 3.76230516 -2.59445570 0.00033153
v 3.76230069 -2.59224325 0.10749818
v 3.95001955 -2.33882815 0.00032076
v 3.76230069 -2.59224325 0.10749818
v 3.95001210 -2.33561229 0.12206057
v 3.95001210 -2.33561229 0.12206057
v 3.76230069 -2.59224325 0.10749818
v 3.76230069 -2.58463956 0.22536833
v 3.95001210 -2.33561229 0.12206057
v 3.76230069 -2.58463956 0.22536833
v 3.95001061 -2.32281964 0.27242531
v 3.76230069 -2.58463956 0.22536833
v 3.76230069 -2.57164985 0.34291097
v 3.95001061 -2.32281964 0.27242531
v 3.95001061 -2.32281964 0.27242531
v 3.76230069 -2.57164985 0.34291097
v 3.76230367 -2.55332850 0.45975405
v 3.95001061 -2.32281964 0.27242531
v 3.76230367 -2.55332850 0.45975405
v 3.95001359 -2.30039507 0.42170333
v 3.76231708 -2.15530507 1.44425733
v 3.95001955 -1.97231174 1.25718350
v 3.76231559 -2.21927911 1.34384809
v 3.76231559 -2.21927911 1.34384809
v 3.95001955 -1.97231174 1.25718350
v 3.95001806 -2.04925723 1.12739876
v 3.95001955 -1.88740343 1.38149429
v 3.95001955 -1.97231174 1.25718350
v 3.80710252 -2.04177555 1.49998916
v 3.80710252 -2.04177555 1.49998916
v 3.95001955 -1.97231174 1.25718350
v 3.76231708 -2.15530507 1.44425733
v 3.80710252 -2.04177555 1.49998916
v 3.76231708 -2.15530507 1.44425733
v 3.57458182 -2.42342241 1.50000295
v 3.57458182 -2.42342241 1.50000295
v 3.76231708 -2.15530507 1.44425733
v 3.76231559 -2.21927911 1.34384809
v 3.57458182 -2.42342241 1.50000295
v 3.76231559 -2.21927911 1.34384809
v 3.76231410 -2.27829386 1.24119828
v 3.76231410 -2.27829386 1.24119828
v 3.76231559 -2.21927911 1.34384809
v 3.95001806 -2.04925723 1.12739876
v 3.76231410 -2.27829386 1.24119828
v 3.95001806 -2.04925723 1.12739876
v 3.95001806 -2.11772937 0.99290134
v 3.57463099 -2.78362930 0.61147939
v 3.57462652 -2.75216978 0.74031116
v 3.76230963 -2.50051264 0.69174008
v 3.76230963 -2.50051264 0.69174008
v 3.57462652 -2.75216978 0.74031116
v 3.57462130 -2.70435847 0.89941341
v 3.76230963 -2.50051264 0.69174008
v 3.57462130 -2.70435847 0.89941341
v 3.76231261 -2.46615615 0.80586327
v 3.76231261 -2.46615615 0.80586327
v 3.57462130 -2.70435847 0.89941341
v 3.57461981 -2.68860664 0.94545940
v 3.76231261 -2.46615615 0.80586327
v 3.57461981 -2.68860664 0.94545940
v 3.76231112 -2.42658705 0.91829132
v 3.76231112 -2.42658705 0.91829132
v 3.57461981 -2.68860664 0.94545940
v 3.57461609 -2.64735818 1.05545949
v 3.76231112 -2.42658705 0.91829132
v 3.57461609 -2.64735818 1.05545949
v 3.76231112 -2.38208454 1.02821719
v 3.76231112 -2.38208454 1.02821719
v 3.57461609 -2.64735818 1.05545949
v 3.57461087 -2.58136224 1.20791923
v 3.76231112 -2.38208454 1.02821719
v 3.57461087 -2.58136224 1.20791923
v 3.76231261 -2.33258326 1.13597121
v 3.76231261 -2.33258326 1.13597121
v 3.57461087 -2.58136224 1.20791923
v 3.57460566 -2.50659510 1.35627454
v 3.57463248 -2.79062949 0.57869344
v 3.57463099 -2.78362930 0.61147939
v 3.76230665 -2.52956841 0.57634553
v 3.76230665 -2.52956841 0.57634553
v 3.57463099 -2.78362930 0.61147939
v 3.76230963 -2.50051264 0.69174008
v 3.76230665 -2.52956841 0.57634553
v 3.76230963 -2.50051264 0.69174008
v 3.95001806 -2.26855166 0.56886845
v 3.95001806 -2.26855166 0.56886845
v 3.76230963 -2.50051264 0.69174008
v 3.76231261 -2.46615615 0.80586327
v 3.95001806 -2.26855166 0.56886845
v 3.76231261 -2.46615615 0.80586327
v 3.95001955 -2.22756658 0.71300096
v 3.95001955 -2.22756658 0.71300096
v 3.76231261 -2.46615615 0.80586327
v 3.76231112 -2.42658705 0.91829132
v 3.95001955 -2.22756658 0.71300096
v 3.76231112 -2.42658705 0.91829132
v 3.95001806 -2.17728410 0.85449284
v 3.95001806 -2.17728410 0.85449284
v 3.76231112 -2.42658705 0.91829132
v 3.76231112 -2.38208454 1.02821719
v 3.95001806 -2.17728410 0.85449284
v 3.76231112 -2.38208454 1.02821719
v 3.95001806 -2.11772937 0.99290134
v 3.95001806 -2.11772937 0.99290134
v 3.76231112 -2.38208454 1.02821719
v 3.76231261 -2.33258326 1.13597121
v 3.95001806 -2.11772937 0.99290134
v 3.76231261 -2.33258326 1.13597121
v 3.76231410 -2.27829386 1.24119828
v 3.76231410 -2.27829386 1.24119828
v 3.76231261 -2.33258326 1.13597121
v 3.57460566 -2.50659510 1.35627454
v 3.76231410 -2.27829386 1.24119828
v 3.57460566 -2.50659510 1.35627454
v 3.57458182 -2.42342241 1.50000295
v 3.95001806 -2.26855166 0.56886845
v 3.95001359 -2.30039507 0.42170333
v 3.76230665 -2.52956841 0.57634553
v 3.76230665 -2.52956841 0.57634553
v 3.95001359 -2.30039507 0.42170333
v 3.76230367 -2.55332850 0.45975405
v 3.76230665 -2.52956841 0.57634553
v 3.76230367 -2.55332850 0.45975405
v 3.57463248 -2.79062949 0.57869344
v 3.57463248 -2.79062949 0.57869344
v 3.76230367 -2.55332850 0.45975405
v 3.76230069 -2.57164985 0.34291097
v 3.57463248 -2.79062949 0.57869344
v 3.76230069 -2.57164985 0.34291097
v 3.57463770 -2.81960703 0.41510938
v 3.57463770 -2.81960703 0.41510938
v 3.76230069 -2.57164985 0.34291097
v 3.57464217 -2.83733122 0.26842249
v 3.57464217 -2.83733122 0.26842249
v 3.76230069 -2.57164985 0.34291097
v 3.76230069 -2.58463956 0.22536833
v 3.57464217 -2.83733122 0.26842249
v 3.76230069 -2.58463956 0.22536833
v 3.57464291 -2.83900369 0.25011483
v 3.57464291 -2.83900369 0.25011483
v 3.76230069 -2.58463956 0.22536833
v 3.76230069 -2.59224325 0.10749818
v 3.57464291 -2.83900369 0.25011483
v 3.76230069 -2.59224325 0.10749818
v 3.57464813 -2.84875371 0.08427046
v 3.57464813 -2.84875371 0.08427046
v 3.76230069 -2.59224325 0.10749818
v 3.76230516 -2.59445570 0.00033153
v 3.57464813 -2.84875371 0.08427046
v 3.76230516 -2.59445570 0.00033153
v 3.57465036 -2.84999944 0.00026134
v 3.74920256 1.90610550 1.50000686
v 3.58163081 2.10722778 1.50000686
v 3.58184688 2.12871879 1.39012020
v 3.58294435 2.23648213 0.00041310
v 3.95001955 1.82213988 0.00033700
v 3.58295552 2.23087817 0.32509621
v 3.58295552 2.23087817 0.32509621
v 3.95001955 1.82213988 0.00033700
v 3.95058878 1.81651209 0.30635023
v 3.58295552 2.23087817 0.32509621
v 3.95058878 1.81651209 0.30635023
v 3.58282588 2.21712235 0.61475253
v 3.58282588 2.21712235 0.61475253
v 3.95058878 1.81651209 0.30635023
v 3.95097025 1.80293676 0.57217879
v 3.95117886 1.78204551 0.81964731
v 3.58258449 2.19575502 0.88914549
v 3.95097025 1.80293676 0.57217879
v 3.95097025 1.80293676 0.57217879
v 3.58258449 2.19575502 0.88914549
v 3.58275585 2.21077092 0.70850099
v 3.95097025 1.80293676 0.57217879
v 3.58275585 2.21077092 0.70850099
v 3.58282588 2.21712235 0.61475253
v 3.95122953 1.75585635 1.03578493
v 3.58228348 2.16945224 1.12662604
v 3.95117886 1.78204551 0.81964731
v 3.95117886 1.78204551 0.81964731
v 3.58228348 2.16945224 1.12662604
v 3.58254872 2.19267011 0.92130145
v 3.95117886 1.78204551 0.81964731
v 3.58254872 2.19267011 0.92130145
v 3.58258449 2.19575502 0.88914549
v 3.95076014 1.69271491 1.37756001
v 3.74920256 1.90610550 1.50000686
v 3.95107754 1.72500499 1.22509971
v 3.95107754 1.72500499 1.22509971
v 3.74920256 1.90610550 1.50000686
v 3.58184688 2.12871879 1.39012020
v 3.95107754 1.72500499 1.22509971
v 3.58184688 2.12871879 1.39012020
v 3.95115949 1.73960011 1.14184581
v 3.95115949 1.73960011 1.14184581
v 3.58184688 2.12871879 1.39012020
v 3.58194448 2.13815477 1.33659076
v 3.95115949 1.73960011 1.14184581
v 3.58194448 2.13815477 1.33659076
v 3.95122953 1.75585635 1.03578493
v 3.95122953 1.75585635 1.03578493
v 3.58194448 2.13815477 1.33659076
v 3.58225293 2.16674339 1.14727048
v 3.95122953 1.75585635 1.03578493
v 3.58225293 2.16674339 1.14727048
v 3.58228348 2.16945224 1.12662604
v 3.95001955 1.65949166 1.50000686
v 3.91738601 1.70015506 1.50000686
v 3.95076014 1.69271491 1.37756001
v 3.95076014 1.69271491 1.37756001
v 3.91738601 1.70015506 1.50000686
v 3.88990082 1.73420627 1.50000537
v 3.95076014 1.69271491 1.37756001
v 3.88990082 1.73420627 1.50000537
v 3.74920256 1.90610550 1.50000686
v 2.86214482 -2.71494314 0.43765986
v 2.86214780 -2.70359199 0.50305738
v 2.91180220 -2.75240894 0.51214076
v 2.86215525 -2.68608201 0.58947639
v 2.86216196 -2.67140493 0.65280213
v 2.91180220 -2.70891972 0.70696357
v 2.86141392 -2.30406132 1.49987740
v 2.91164424 -2.36372501 1.49998674
v 2.86243688 -2.34242361 1.44122140
v 2.86243688 -2.34242361 1.44122140
v 2.91164424 -2.36372501 1.49998674
v 2.91180220 -2.40049772 1.44071309
v 2.86243688 -2.34242361 1.44122140
v 2.91180220 -2.40049772 1.44071309
v 2.86283772 -2.40767859 1.33017087
v 2.86283772 -2.40767859 1.33017087
v 2.91180220 -2.40049772 1.44071309
v 2.91180220 -2.49705482 1.26600200
v 2.86283772 -2.40767859 1.33017087
v 2.91180220 -2.49705482 1.26600200
v 2.86227744 -2.46878937 1.21172164
v 2.86227744 -2.46878937 1.21172164
v 2.91180220 -2.49705482 1.26600200
v 2.91180220 -2.58091725 1.08485473
v 2.86227744 -2.46878937 1.21172164
v 2.91180220 -2.58091725 1.08485473
v 2.86215078 -2.52652131 1.08590173
v 2.86215078 -2.52652131 1.08590173
v 2.91180220 -2.58091725 1.08485473
v 2.86215153 -2.58122366 0.94856927
v 2.86215153 -2.58122366 0.94856927
v 2.91180220 -2.58091725 1.08485473
v 2.91180220 -2.65165884 0.89819226
v 2.86215153 -2.58122366 0.94856927
v 2.91180220 -2.65165884 0.89819226
v 2.86215600 -2.60463618 0.88226441
v 2.91180220 -2.70891972 0.70696357
v 2.86216196 -2.67140493 0.65280213
v 2.91180220 -2.65165884 0.89819226
v 2.91180220 -2.65165884 0.89819226
v 2.86216196 -2.67140493 0.65280213
v 2.86216270 -2.63046194 0.80201551
v 2.91180220 -2.65165884 0.89819226
v 2.86216270 -2.63046194 0.80201551
v 2.86215600 -2.60463618 0.88226441
v 2.86214482 -2.71494314 0.43765986
v 2.91180220 -2.75240894 0.51214076
v 2.86204796 -2.73501873 0.28565857
v 2.86215972 -2.75000222 0.00018027
v 2.86192503 -2.74663027 0.13142509
v 2.91180220 -2.79725939 0.11568799
v 2.91180220 -2.79725939 0.11568799
v 2.86192503 -2.74663027 0.13142509
v 2.86204796 -2.73501873 0.28565857
v 2.91180220 -2.79725939 0.11568799
v 2.86204796 -2.73501873 0.28565857
v 2.91180220 -2.78190561 0.31471434
v 2.91180220 -2.78190561 0.31471434
v 2.86204796 -2.73501873 0.28565857
v 2.91180220 -2.75240894 0.51214076
v 2.96215769 -2.84999833 0.00018910
v 2.86215972 -2.75000222 0.00018027
v 2.96215173 -2.84756571 0.11776855
v 2.96215173 -2.84756571 0.11776855
v 2.86215972 -2.75000222 0.00018027
v 2.91180220 -2.79725939 0.11568799
v 2.96215173 -2.84756571 0.11776855
v 2.91180220 -2.79725939 0.11568799
v 2.96215173 -2.83733122 0.26842249
v 2.96215173 -2.83733122 0.26842249
v 2.91180220 -2.79725939 0.11568799
v 2.91180220 -2.78190561 0.31471434
v 2.96215173 -2.83733122 0.26842249
v 2.91180220 -2.78190561 0.31471434
v 2.96215173 -2.83193570 0.32037422
v 2.96215173 -2.83193570 0.32037422
v 2.91180220 -2.78190561 0.31471434
v 2.91180220 -2.75240894 0.51214076
v 2.96215173 -2.75763739 0.71967770
v 2.96215173 -2.78362930 0.61147939
v 2.91180220 -2.75240894 0.51214076
v 2.91180220 -2.75240894 0.51214076
v 2.96215173 -2.78362930 0.61147939
v 2.96215173 -2.80190874 0.52135121
v 2.91180220 -2.75240894 0.51214076
v 2.96215173 -2.80190874 0.52135121
v 2.96215173 -2.83193570 0.32037422
v 2.91180220 -2.58091725 1.08485473
v 2.96215173 -2.68860664 0.94545940
v 2.91180220 -2.65165884 0.89819226
v 2.91180220 -2.65165884 0.89819226
v 2.96215173 -2.68860664 0.94545940
v 2.96215173 -2.75763739 0.71967770
v 2.91180220 -2.65165884 0.89819226
v 2.96215173 -2.75763739 0.71967770
v 2.91180220 -2.70891972 0.70696357
v 2.91180220 -2.70891972 0.70696357
v 2.96215173 -2.75763739 0.71967770
v 2.91180220 -2.75240894 0.51214076
v 2.91180220 -2.70891972 0.70696357
v 2.91180220 -2.75240894 0.51214076
v 2.86215525 -2.68608201 0.58947639
v 2.86215525 -2.68608201 0.58947639
v 2.91180220 -2.75240894 0.51214076
v 2.86214780 -2.70359199 0.50305738
v 2.91164424 -2.36372501 1.49998674
v 2.96219643 -2.42343247 1.49998283
v 2.91180220 -2.40049772 1.44071309
v 2.91180220 -2.40049772 1.44071309
v 2.96219643 -2.42343247 1.49998283
v 2.96215173 -2.54196227 1.28876977
v 2.91180220 -2.40049772 1.44071309
v 2.96215173 -2.54196227 1.28876977
v 2.91180220 -2.49705482 1.26600200
v 2.91180220 -2.49705482 1.26600200
v 2.96215173 -2.54196227 1.28876977
v 2.96215173 -2.55367383 1.26540484
v 2.91180220 -2.49705482 1.26600200
v 2.96215173 -2.55367383 1.26540484
v 2.91180220 -2.58091725 1.08485473
v 2.91180220 -2.58091725 1.08485473
v 2.96215173 -2.55367383 1.26540484
v 2.96215173 -2.62733288 1.10436492
v 2.91180220 -2.58091725 1.08485473
v 2.96215173 -2.62733288 1.10436492
v 2.96215173 -2.68860664 0.94545940
v 2.80001964 -2.30387449 1.50000369
v 2.86141392 -2.30406132 1.49987740
v 2.80001964 -2.37410460 1.38921561
v 2.80001964 -2.37410460 1.38921561
v 2.86141392 -2.30406132 1.49987740
v 2.86243688 -2.34242361 1.44122140
v 2.80001964 -2.37410460 1.38921561
v 2.86243688 -2.34242361 1.44122140
v 2.80001964 -2.40434539 1.33622950
v 2.86215078 -2.52652131 1.08590173
v 2.80001964 -2.44672373 1.25616724
v 2.86227744 -2.46878937 1.21172164
v 2.86227744 -2.46878937 1.21172164
v 2.80001964 -2.44672373 1.25616724
v 2.80001964 -2.40434539 1.33622950
v 2.86227744 -2.46878937 1.21172164
v 2.80001964 -2.40434539 1.33622950
v 2.86283772 -2.40767859 1.33017087
v 2.86283772 -2.40767859 1.33017087
v 2.80001964 -2.40434539 1.33622950
v 2.86243688 -2.34242361 1.44122140
v 2.86214780 -2.70359199 0.50305738
v 2.80001964 -2.70976741 0.46859318
v 2.86215525 -2.68608201 0.58947639
v 2.86215525 -2.68608201 0.58947639
v 2.80001964 -2.70976741 0.46859318
v 2.80001964 -2.68063806 0.61371485
v 2.86215525 -2.68608201 0.58947639
v 2.80001964 -2.68063806 0.61371485
v 2.86216196 -2.67140493 0.65280213
v 2.86216196 -2.67140493 0.65280213
v 2.80001964 -2.68063806 0.61371485
v 2.80001964 -2.66100094 0.69395793
v 2.86216196 -2.67140493 0.65280213
v 2.80001964 -2.66100094 0.69395793
v 2.86216270 -2.63046194 0.80201551
v 2.86216270 -2.63046194 0.80201551
v 2.80001964 -2.66100094 0.69395793
v 2.80001964 -2.64197066 0.76321992
v 2.86216270 -2.63046194 0.80201551
v 2.80001964 -2.64197066 0.76321992
v 2.86215600 -2.60463618 0.88226441
v 2.86215600 -2.60463618 0.88226441
v 2.80001964 -2.64197066 0.76321992
v 2.80001964 -2.59484276 0.91062672
v 2.86215600 -2.60463618 0.88226441
v 2.80001964 -2.59484276 0.91062672
v 2.86215153 -2.58122366 0.94856927
v 2.86215153 -2.58122366 0.94856927
v 2.80001964 -2.59484276 0.91062672
v 2.80001964 -2.57229786 0.97247763
v 2.86215153 -2.58122366 0.94856927
v 2.80001964 -2.57229786 0.97247763
v 2.86215078 -2.52652131 1.08590173
v 2.86215078 -2.52652131 1.08590173
v 2.80001964 -2.57229786 0.97247763
v 2.80001964 -2.51357220 1.11552337
v 2.86215078 -2.52652131 1.08590173
v 2.80001964 -2.51357220 1.11552337
v 2.80001964 -2.44672373 1.25616724
v 2.86214780 -2.70359199 0.50305738
v 2.86214482 -2.71494314 0.43765986
v 2.80001964 -2.70976741 0.46859318
v 2.80001964 -2.70976741 0.46859318
v 2.86214482 -2.71494314 0.43765986
v 2.86204796 -2.73501873 0.28565857
v 2.80001964 -2.70976741 0.46859318
v 2.86204796 -2.73501873 0.28565857
v 2.80001964 -2.73179673 0.31530284
v 2.80001964 -2.73179673 0.31530284
v 2.86204796 -2.73501873 0.28565857
v 2.86192503 -2.74663027 0.13142509
v 2.80001964 -2.73179673 0.31530284
v 2.86192503 -2.74663027 0.13142509
v 2.80001964 -2.74514742 0.15939703
v 2.80001964 -2.74514742 0.15939703
v 2.86192503 -2.74663027 0.13142509
v 2.86215972 -2.75000222 0.00018027
v 2.80001964 -2.74514742 0.15939703
v 2.86215972 -2.75000222 0.00018027
v 2.80001964 -2.75000278 0.00033700
v 4.10001911 -1.88195109 1.47030009
v 4.10001911 -1.85838360 1.50000686
v 3.90923359 -2.18202863 1.50000704
v 4.10001911 -2.15199608 1.03553943
v 4.10001911 -2.15117820 1.03723723
v 3.70976813 -2.66065076 1.20189572
v 3.70976813 -2.66065076 1.20189572
v 4.10001911 -2.15117820 1.03723723
v 4.10001911 -2.10218001 1.13322493
v 3.70976813 -2.66065076 1.20189572
v 4.10001911 -2.10218001 1.13322493
v 3.70977409 -2.58694850 1.35316784
v 3.70977409 -2.58694850 1.35316784
v 4.10001911 -2.10218001 1.13322493
v 4.10001911 -2.04889961 1.22690126
v 3.70977409 -2.58694850 1.35316784
v 4.10001911 -2.04889961 1.22690126
v 3.70977856 -2.50459667 1.50000686
v 3.70977856 -2.50459667 1.50000686
v 4.10001911 -2.04889961 1.22690126
v 4.10001911 -2.02531237 1.26545224
v 3.70977856 -2.50459667 1.50000686
v 4.10001911 -2.02531237 1.26545224
v 3.90923359 -2.18202863 1.50000704
v 3.90923359 -2.18202863 1.50000704
v 4.10001911 -2.02531237 1.26545224
v 4.10001911 -1.92960482 1.40712373
v 3.90923359 -2.18202863 1.50000704
v 4.10001911 -1.92960482 1.40712373
v 4.10001911 -1.88195109 1.47030009
v 4.10001911 -2.15199608 1.03553943
v 3.70976813 -2.66065076 1.20189572
v 4.10001911 -2.19601635 0.93854209
v 4.10001911 -2.19601635 0.93854209
v 3.70976813 -2.66065076 1.20189572
v 3.70976813 -2.67577842 1.16782989
v 4.10001911 -2.19601635 0.93854209
v 3.70976813 -2.67577842 1.16782989
v 4.10001911 -2.23629791 0.83790133
v 4.10001911 -2.23629791 0.83790133
v 3.70976813 -2.67577842 1.16782989
v 3.70976366 -2.72524841 1.04710478
v 4.10001911 -2.23629791 0.83790133
v 3.70976366 -2.72524841 1.04710478
v 4.10001911 -2.25283820 0.79231150
v 4.10001911 -2.25283820 0.79231150
v 3.70976366 -2.72524841 1.04710478
v 3.70976068 -2.75722239 0.95966524
v 4.10001911 -2.25283820 0.79231150
v 3.70976068 -2.75722239 0.95966524
v 4.10001911 -2.27190536 0.73581808
v 3.70976068 -2.75722239 0.95966524
v 3.70975919 -2.78078746 0.88901697
v 4.10001911 -2.27190536 0.73581808
v 4.10001911 -2.27190536 0.73581808
v 3.70975919 -2.78078746 0.88901697
v 3.70975323 -2.82740481 0.72723166
v 4.10001911 -2.27190536 0.73581808
v 3.70975323 -2.82740481 0.72723166
v 4.10001911 -2.32621059 0.54004584
v 4.10001911 -2.32621059 0.54004584
v 3.70975323 -2.82740481 0.72723166
v 3.70974876 -2.86468305 0.56290277
v 4.10001911 -2.32621059 0.54004584
v 3.70974876 -2.86468305 0.56290277
v 4.10001911 -2.32913531 0.52728145
v 4.10001911 -2.32913531 0.52728145
v 3.70974876 -2.86468305 0.56290277
v 4.10001911 -2.35060751 0.42119450
v 4.10001911 -2.35060751 0.42119450
v 3.70974876 -2.86468305 0.56290277
v 3.70974876 -2.87137367 0.52776430
v 4.10001911 -2.35060751 0.42119450
v 3.70974876 -2.87137367 0.52776430
v 4.10001911 -2.36721449 0.31440724
v 4.10001911 -2.36721449 0.31440724
v 3.70974876 -2.87137367 0.52776430
v 3.70974578 -2.89240461 0.39687213
v 4.10001911 -2.36721449 0.31440724
v 3.70974578 -2.89240461 0.39687213
v 4.10001911 -2.37153657 0.27985135
v 4.10001911 -2.37153657 0.27985135
v 3.70974578 -2.89240461 0.39687213
v 3.70974429 -2.90338546 0.30654036
v 4.10001911 -2.37153657 0.27985135
v 3.70974429 -2.90338546 0.30654036
v 4.10001911 -2.37898659 0.20700346
v 3.70974429 -2.90338546 0.30654036
v 3.70974280 -2.91047953 0.22971213
v 4.10001911 -2.37898659 0.20700346
v 4.10001911 -2.37898659 0.20700346
v 3.70974280 -2.91047953 0.22971213
v 3.70973535 -2.91884858 0.06193368
v 4.10001911 -2.37898659 0.20700346
v 3.70973535 -2.91884858 0.06193368
v 4.10001911 -2.38792617 0.01687801
v 4.10001911 -2.38792617 0.01687801
v 3.70973535 -2.91884858 0.06193368
v 3.70979197 -2.91951988 0.00033700
v 4.10001911 -2.38792617 0.01687801
v 3.70979197 -2.91951988 0.00033700
v 4.10001911 -2.38798819 0.00033700
v 4.10001911 1.79883093 1.13575002
v 3.86987664 1.99820064 1.50000649
v 4.10001911 1.77294929 1.27629945
v 4.10001911 1.77294929 1.27629945
v 3.86987664 1.99820064 1.50000649
v 3.97757627 1.86764281 1.50001748
v 4.10001911 1.77294929 1.27629945
v 3.97757627 1.86764281 1.50001748
v 4.10001911 1.74051933 1.41678331
v 4.10001911 1.74051933 1.41678331
v 3.97757627 1.86764281 1.50001748
v 3.99538465 1.84588078 1.50002046
v 4.10001911 1.74051933 1.41678331
v 3.99538465 1.84588078 1.50002046
v 4.10001911 1.71664078 1.50000686
v 3.71567495 2.18291786 1.50000686
v 3.86987664 1.99820064 1.50000649
v 3.71574946 2.20322423 1.39642805
v 3.71574946 2.20322423 1.39642805
v 3.86987664 1.99820064 1.50000649
v 4.10001911 1.79883093 1.13575002
v 3.71574946 2.20322423 1.39642805
v 4.10001911 1.79883093 1.13575002
v 3.71577926 2.21052729 1.35542285
v 3.71577926 2.21052729 1.35542285
v 4.10001911 1.79883093 1.13575002
v 4.10001911 1.82584394 0.94744982
v 3.71577926 2.21052729 1.35542285
v 4.10001911 1.82584394 0.94744982
v 3.71593125 2.24256590 1.14466753
v 4.10001911 1.82584394 0.94744982
v 4.10001911 1.82598997 0.94627412
v 3.71593125 2.24256590 1.14466753
v 3.71593125 2.24256590 1.14466753
v 4.10001911 1.82598997 0.94627412
v 4.10001911 1.84645522 0.75596836
v 3.71593125 2.24256590 1.14466753
v 4.10001911 1.84645522 0.75596836
v 3.71610411 2.26994157 0.90547036
v 3.71610411 2.26994157 0.90547036
v 4.10001911 1.84645522 0.75596836
v 4.10001911 1.86131503 0.56512826
v 3.71610411 2.26994157 0.90547036
v 4.10001911 1.86131503 0.56512826
v 3.71626504 2.28824746 0.68432898
v 3.71626504 2.28824746 0.68432898
v 4.10001911 1.86131503 0.56512826
v 3.71629633 2.29119025 0.64043584
v 3.71629633 2.29119025 0.64043584
v 4.10001911 1.86131503 0.56512826
v 4.10001911 1.86334886 0.53272247
v 3.71629633 2.29119025 0.64043584
v 4.10001911 1.86334886 0.53272247
v 3.71653028 2.30645668 0.32214769
v 3.71653028 2.30645668 0.32214769
v 4.10001911 1.86334886 0.53272247
v 4.10001911 1.87726766 0.18266203
v 3.71653028 2.30645668 0.32214769
v 4.10001911 1.87726766 0.18266203
v 3.71677019 2.31162757 0.00033700
v 3.71677019 2.31162757 0.00033700
v 4.10001911 1.87726766 0.18266203
v 4.10001911 1.87841225 0.10854363
v 3.71677019 2.31162757 0.00033700
v 4.10001911 1.87841225 0.10854363
v 4.10001911 1.87902562 0.00033700
v 2.86215525 2.13617012 0.00032512
v 2.80001964 2.13089343 0.32064426
v 2.80001964 2.13617012 0.00031779
v 2.86200549 2.04173289 1.30496547
v 2.86199059 2.00473182 1.50000686
v 2.80718636 2.00477708 1.50000686
v 2.86200698 2.04468351 1.28703313
v 2.86200549 2.04173289 1.30496547
v 2.80001964 2.04573441 1.28717506
v 2.80001964 2.04573441 1.28717506
v 2.86200549 2.04173289 1.30496547
v 2.80718636 2.00477708 1.50000686
v 2.80001964 2.04573441 1.28717506
v 2.80718636 2.00477708 1.50000686
v 2.80001964 2.03500930 1.34960460
v 2.80001964 2.03500930 1.34960460
v 2.80718636 2.00477708 1.50000686
v 2.80001964 2.00478192 1.50000704
v 2.86200698 2.04468351 1.28703313
v 2.80001964 2.04573441 1.28717506
v 2.86202859 2.07137112 1.10191759
v 2.86202859 2.07137112 1.10191759
v 2.80001964 2.04573441 1.28717506
v 2.80001964 2.06533987 1.15571404
v 2.86202859 2.07137112 1.10191759
v 2.80001964 2.06533987 1.15571404
v 2.86205020 2.08907463 0.94780531
v 2.86205020 2.08907463 0.94780531
v 2.80001964 2.06533987 1.15571404
v 2.80001964 2.08948664 0.94786929
v 2.86205020 2.08907463 0.94780531
v 2.80001964 2.08948664 0.94786929
v 2.80001964 2.09060386 0.93665896
v 2.80001964 2.13089343 0.32064426
v 2.86211502 2.12518722 0.46404460
v 2.80001964 2.11615376 0.62621110
v 2.80001964 2.11615376 0.62621110
v 2.86211502 2.12518722 0.46404460
v 2.86209788 2.11679433 0.61511192
v 2.80001964 2.11615376 0.62621110
v 2.86209788 2.11679433 0.61511192
v 2.80001964 2.09060386 0.93665896
v 2.80001964 2.09060386 0.93665896
v 2.86209788 2.11679433 0.61511192
v 2.86206137 2.09628846 0.87464945
v 2.80001964 2.09060386 0.93665896
v 2.86206137 2.09628846 0.87464945
v 2.86205020 2.08907463 0.94780531
v 2.86215525 2.13617012 0.00032512
v 2.86213662 2.13342942 0.22772052
v 2.80001964 2.13089343 0.32064426
v 2.80001964 2.13089343 0.32064426
v 2.86213662 2.13342942 0.22772052
v 2.86212768 2.13077627 0.32362957
v 2.80001964 2.13089343 0.32064426
v 2.86212768 2.13077627 0.32362957
v 2.86211502 2.12518722 0.46404460
v 1.97189730 1.79926623 2.09999997
v 1.97177436 1.64926555 2.09999997
v -0.00000025 1.79926548 2.09999997
v -0.00000025 1.79926548 2.09999997
v 1.97177436 1.64926555 2.09999997
v -0.00000025 1.64926555 2.09999997
v -0.00000025 1.79926548 2.09999997
v -0.00000025 1.64926555 2.09999997
v -0.25716822 1.78079233 2.09999997
v -0.25716822 1.78079233 2.09999997
v -0.00000025 1.64926555 2.09999997
v -0.25800194 1.62896030 2.09999997
v -0.25716822 1.78079233 2.09999997
v -0.25800194 1.62896030 2.09999997
v -0.52082934 1.72223505 2.09999997
v -0.52082934 1.72223505 2.09999997
v -0.25800194 1.62896030 2.09999997
v -0.50965124 1.56854466 2.09999997
v -0.52082934 1.72223505 2.09999997
v -0.50965124 1.56854466 2.09999997
v -0.77275434 1.62487123 2.09999997
v -0.77275434 1.62487123 2.09999997
v -0.50965124 1.56854466 2.09999997
v -0.74875080 1.46950623 2.09999997
v -0.77275434 1.62487123 2.09999997
v -0.74875080 1.46950623 2.09999997
v -1.00726811 1.49089471 2.09999997
v -1.00726811 1.49089471 2.09999997
v -0.74875080 1.46950623 2.09999997
v -0.96941395 1.33428378 2.09999997
v -1.00726811 1.49089471 2.09999997
v -0.96941395 1.33428378 2.09999997
v -1.21908514 1.32332444 2.09999997
v -1.21908514 1.32332444 2.09999997
v -0.96941395 1.33428378 2.09999997
v -1.16620688 1.16620678 2.09999997
v -1.21908514 1.32332444 2.09999997
v -1.16620688 1.16620678 2.09999997
v -1.40343262 1.12593621 2.09999997
v -1.40343262 1.12593621 2.09999997
v -1.16620688 1.16620678 2.09999997
v -1.33428378 0.96941385 2.09999997
v -1.40343262 1.12593621 2.09999997
v -1.33428378 0.96941385 2.09999997
v -1.55615760 0.90317763 2.09999997
v -1.55615760 0.90317763 2.09999997
v -1.33428378 0.96941385 2.09999997
v -1.46950660 0.74875085 2.09999997
v -1.55615760 0.90317763 2.09999997
v -1.46950660 0.74875085 2.09999997
v -1.67381782 0.66006812 2.09999997
v -1.67381782 0.66006812 2.09999997
v -1.46950660 0.74875085 2.09999997
v -1.56854484 0.50965105 2.09999997
v -1.67381782 0.66006812 2.09999997
v -1.56854484 0.50965105 2.09999997
v -1.75376255 0.40208548 2.09999997
v -1.75376255 0.40208548 2.09999997
v -1.56854484 0.50965105 2.09999997
v -1.62896011 0.25800196 2.09999997
v -1.75376255 0.40208548 2.09999997
v -1.62896011 0.25800196 2.09999997
v -1.79419015 0.13504279 2.09999997
v -1.79419015 0.13504279 2.09999997
v -1.62896011 0.25800196 2.09999997
v -1.64926518 0.00000000 2.09999997
v 1.97192188 -1.64926965 2.09999997
v 1.96903702 -1.79926567 2.09939629
v -0.00000025 -1.64926536 2.09999997
v -0.00000025 -1.64926536 2.09999997
v 1.96903702 -1.79926567 2.09939629
v -0.00000025 -1.79926530 2.09999997
v -0.00000025 -1.64926536 2.09999997
v -0.00000025 -1.79926530 2.09999997
v -0.25800194 -1.62896011 2.09999997
v -0.25800194 -1.62896011 2.09999997
v -0.00000025 -1.79926530 2.09999997
v -0.25716822 -1.78079214 2.09999997
v -0.25800194 -1.62896011 2.09999997
v -0.25716822 -1.78079214 2.09999997
v -0.50965124 -1.56854447 2.09999997
v -0.50965124 -1.56854447 2.09999997
v -0.25716822 -1.78079214 2.09999997
v -0.52082934 -1.72223486 2.09999997
v -0.50965124 -1.56854447 2.09999997
v -0.52082934 -1.72223486 2.09999997
v -0.74875080 -1.46950623 2.09999997
v -0.74875080 -1.46950623 2.09999997
v -0.52082934 -1.72223486 2.09999997
v -0.77275434 -1.62487105 2.09999997
v -0.74875080 -1.46950623 2.09999997
v -0.77275434 -1.62487105 2.09999997
v -0.96941395 -1.33428378 2.09999997
v -0.96941395 -1.33428378 2.09999997
v -0.77275434 -1.62487105 2.09999997
v -1.00726811 -1.49089480 2.09999997
v -0.96941395 -1.33428378 2.09999997
v -1.00726811 -1.49089480 2.09999997
v -1.16620688 -1.16620678 2.09999997
v -1.16620688 -1.16620678 2.09999997
v -1.00726811 -1.49089480 2.09999997
v -1.21908514 -1.32332454 2.09999997
v -1.16620688 -1.16620678 2.09999997
v -1.21908514 -1.32332454 2.09999997
v -1.33428378 -0.96941395 2.09999997
v -1.33428378 -0.96941395 2.09999997
v -1.21908514 -1.32332454 2.09999997
v -1.40343262 -1.12593621 2.09999997
v -1.33428378 -0.96941395 2.09999997
v -1.40343262 -1.12593621 2.09999997
v -1.46950660 -0.74875085 2.09999997
v -1.46950660 -0.74875085 2.09999997
v -1.40343262 -1.12593621 2.09999997
v -1.55615760 -0.90317763 2.09999997
v -1.46950660 -0.74875085 2.09999997
v -1.55615760 -0.90317763 2.09999997
v -1.56854484 -0.50965105 2.09999997
v -1.56854484 -0.50965105 2.09999997
v -1.55615760 -0.90317763 2.09999997
v -1.67381782 -0.66006812 2.09999997
v -1.56854484 -0.50965105 2.09999997
v -1.67381782 -0.66006812 2.09999997
v -1.62896011 -0.25800196 2.09999997
v -1.62896011 -0.25800196 2.09999997
v -1.67381782 -0.66006812 2.09999997
v -1.75376255 -0.40208548 2.09999997
v -1.62896011 -0.25800196 2.09999997
v -1.75376255 -0.40208548 2.09999997
v -1.64926518 0.00000000 2.09999997
v -1.64926518 0.00000000 2.09999997
v -1.75376255 -0.40208548 2.09999997
v -1.79419015 -0.13504277 2.09999997
v -1.64926518 0.00000000 2.09999997
v -1.79419015 -0.13504277 2.09999997
v -1.79419015 0.13504279 2.09999997
v -0.00000025 -1.64926536 2.32431144
v 1.97201129 -1.64927263 2.32430603
v -0.00000025 -1.64926536 2.09999997
v -0.00000025 -1.64926536 2.09999997
v 1.97201129 -1.64927263 2.32430603
v 1.97192188 -1.64926965 2.09999997
v 1.97201129 1.64926145 2.32431423
v -0.00000025 1.64926555 2.32431144
v 1.97177436 1.64926555 2.09999997
v 1.97177436 1.64926555 2.09999997
v -0.00000025 1.64926555 2.32431144
v -0.00000025 1.64926555 2.09999997
v 1.97201129 1.79927032 2.40057055
v 1.97189730 1.79926623 2.09999997
v 0.45950613 1.79930665 2.40052585
v 0.45950613 1.79930665 2.40052585
v 1.97189730 1.79926623 2.09999997
v -0.00000025 1.79926548 2.09999997
v 0.45950613 1.79930665 2.40052585
v -0.00000025 1.79926548 2.09999997
v -0.00000025 1.79926530 2.40055081
v -1.48593662 -0.71558943 2.32431144
v -1.46950660 -0.74875085 2.32431144
v -1.46950660 -0.74875085 2.09999997
v -0.00000025 -1.64926536 2.32431144
v -0.00000025 -1.64926536 2.09999997
v -0.18465917 -1.63889509 2.32431144
v -0.18465917 -1.63889509 2.32431144
v -0.00000025 -1.64926536 2.09999997
v -0.25800194 -1.62896011 2.09999997
v -0.18465917 -1.63889509 2.32431144
v -0.25800194 -1.62896011 2.09999997
v -0.25800194 -1.62896011 2.32431144
v -0.50965124 -1.56854447 2.09999997
v -0.50965124 -1.56854447 2.32431144
v -0.25800194 -1.62896011 2.09999997
v -0.25800194 -1.62896011 2.09999997
v -0.50965124 -1.56854447 2.32431144
v -0.36699574 -1.60791483 2.32431144
v -0.25800194 -1.62896011 2.09999997
v -0.36699574 -1.60791483 2.32431144
v -0.25800194 -1.62896011 2.32431144
v -0.74875080 -1.46950623 2.09999997
v -0.71558976 -1.48593681 2.32431144
v -0.50965124 -1.56854447 2.09999997
v -0.50965124 -1.56854447 2.09999997
v -0.71558976 -1.48593681 2.32431144
v -0.54471814 -1.55671416 2.32431144
v -0.50965124 -1.56854447 2.09999997
v -0.54471814 -1.55671416 2.32431144
v -0.50965124 -1.56854447 2.32431144
v -1.02830036 -1.28944768 2.32431144
v -0.96941395 -1.33428378 2.32431144
v -0.96941395 -1.33428378 2.09999997
v -0.96941395 -1.33428378 2.09999997
v -0.96941395 -1.33428378 2.32431144
v -0.87746186 -1.39647294 2.32431144
v -0.96941395 -1.33428378 2.09999997
v -0.87746186 -1.39647294 2.32431144
v -0.74875080 -1.46950623 2.09999997
v -0.74875080 -1.46950623 2.09999997
v -0.87746186 -1.39647294 2.32431144
v -0.74875080 -1.46950623 2.32431144
v -0.74875080 -1.46950623 2.09999997
v -0.74875080 -1.46950623 2.32431144
v -0.71558976 -1.48593681 2.32431144
v -1.02830036 -1.28944768 2.32431144
v -0.96941395 -1.33428378 2.09999997
v -1.16620688 -1.16620678 2.32431144
v -1.16620688 -1.16620678 2.32431144
v -0.96941395 -1.33428378 2.09999997
v -1.16620688 -1.16620678 2.09999997
v -1.16620688 -1.16620678 2.32431144
v -1.16620688 -1.16620678 2.09999997
v -1.28944768 -1.02830017 2.32431144
v -1.28944768 -1.02830017 2.32431144
v -1.16620688 -1.16620678 2.09999997
v -1.33428378 -0.96941395 2.09999997
v -1.28944768 -1.02830017 2.32431144
v -1.33428378 -0.96941395 2.09999997
v -1.33428378 -0.96941395 2.32431144
v -1.46950660 -0.74875085 2.09999997
v -1.46950660 -0.74875085 2.32431144
v -1.33428378 -0.96941395 2.09999997
v -1.33428378 -0.96941395 2.09999997
v -1.46950660 -0.74875085 2.32431144
v -1.39647303 -0.87746214 2.32431144
v -1.33428378 -0.96941395 2.09999997
v -1.39647303 -0.87746214 2.32431144
v -1.33428378 -0.96941395 2.32431144
v -1.48593662 -0.71558943 2.32431144
v -1.46950660 -0.74875085 2.09999997
v -1.55671416 -0.54471786 2.32431144
v -1.55671416 -0.54471786 2.32431144
v -1.46950660 -0.74875085 2.09999997
v -1.56854484 -0.50965105 2.09999997
v -1.55671416 -0.54471786 2.32431144
v -1.56854484 -0.50965105 2.09999997
v -1.56854484 -0.50965105 2.32431144
v -1.56854484 -0.50965105 2.32431144
v -1.56854484 -0.50965105 2.09999997
v -1.60791520 -0.36699609 2.32431144
v -1.60791520 -0.36699609 2.32431144
v -1.56854484 -0.50965105 2.09999997
v -1.62896011 -0.25800196 2.09999997
v -1.60791520 -0.36699609 2.32431144
v -1.62896011 -0.25800196 2.09999997
v -1.62896011 -0.25800196 2.32431144
v -1.62896011 0.25800196 2.09999997
v -1.63889546 0.18465915 2.32431144
v -1.64926518 0.00000000 2.09999997
v -1.64926518 0.00000000 2.09999997
v -1.63889546 0.18465915 2.32431144
v -1.64926518 0.00000000 2.32431144
v -1.64926518 0.00000000 2.09999997
v -1.64926518 0.00000000 2.32431144
v -1.62896011 -0.25800196 2.09999997
v -1.62896011 -0.25800196 2.09999997
v -1.64926518 0.00000000 2.32431144
v -1.63889546 -0.18465915 2.32431144
v -1.62896011 -0.25800196 2.09999997
v -1.63889546 -0.18465915 2.32431144
v -1.62896011 -0.25800196 2.32431144
v -1.55671416 0.54471786 2.32431144
v -1.56854484 0.50965105 2.32431144
v -1.56854484 0.50965105 2.09999997
v -1.56854484 0.50965105 2.09999997
v -1.56854484 0.50965105 2.32431144
v -1.60791520 0.36699609 2.32431144
v -1.56854484 0.50965105 2.09999997
v -1.60791520 0.36699609 2.32431144
v -1.62896011 0.25800196 2.09999997
v -1.62896011 0.25800196 2.09999997
v -1.60791520 0.36699609 2.32431144
v -1.62896011 0.25800196 2.32431144
v -1.62896011 0.25800196 2.09999997
v -1.62896011 0.25800196 2.32431144
v -1.63889546 0.18465915 2.32431144
v -1.55671416 0.54471786 2.32431144
v -1.56854484 0.50965105 2.09999997
v -1.48593662 0.71558943 2.32431144
v -1.48593662 0.71558943 2.32431144
v -1.56854484 0.50965105 2.09999997
v -1.46950660 0.74875085 2.09999997
v -1.48593662 0.71558943 2.32431144
v -1.46950660 0.74875085 2.09999997
v -1.46950660 0.74875085 2.32431144
v -1.46950660 0.74875085 2.32431144
v -1.46950660 0.74875085 2.09999997
v -1.39647303 0.87746214 2.32431144
v -1.39647303 0.87746214 2.32431144
v -1.46950660 0.74875085 2.09999997
v -1.33428378 0.96941385 2.09999997
v -1.39647303 0.87746214 2.32431144
v -1.33428378 0.96941385 2.09999997
v -1.33428378 0.96941385 2.32431144
v -0.96941395 1.33428378 2.09999997
v -1.02830036 1.28944768 2.32431144
v -1.16620688 1.16620678 2.09999997
v -1.16620688 1.16620678 2.09999997
v -1.02830036 1.28944768 2.32431144
v -1.16620688 1.16620678 2.32431144
v -1.16620688 1.16620678 2.09999997
v -1.16620688 1.16620678 2.32431144
v -1.33428378 0.96941385 2.09999997
v -1.33428378 0.96941385 2.09999997
v -1.16620688 1.16620678 2.32431144
v -1.28944768 1.02830017 2.32431144
v -1.33428378 0.96941385 2.09999997
v -1.28944768 1.02830017 2.32431144
v -1.33428378 0.96941385 2.32431144
v -0.71558976 1.48593681 2.32431144
v -0.74875080 1.46950623 2.32431144
v -0.74875080 1.46950623 2.09999997
v -0.74875080 1.46950623 2.09999997
v -0.74875080 1.46950623 2.32431144
v -0.87746186 1.39647294 2.32431144
v -0.74875080 1.46950623 2.09999997
v -0.87746186 1.39647294 2.32431144
v -0.96941395 1.33428378 2.09999997
v -0.96941395 1.33428378 2.09999997
v -0.87746186 1.39647294 2.32431144
v -0.96941395 1.33428378 2.32431144
v -0.96941395 1.33428378 2.09999997
v -0.96941395 1.33428378 2.32431144
v -1.02830036 1.28944768 2.32431144
v -0.71558976 1.48593681 2.32431144
v -0.74875080 1.46950623 2.09999997
v -0.54471814 1.55671416 2.32431144
v -0.54471814 1.55671416 2.32431144
v -0.74875080 1.46950623 2.09999997
v -0.50965124 1.56854466 2.09999997
v -0.54471814 1.55671416 2.32431144
v -0.50965124 1.56854466 2.09999997
v -0.50965124 1.56854466 2.32431144
v -0.50965124 1.56854466 2.32431144
v -0.50965124 1.56854466 2.09999997
v -0.36699574 1.60791501 2.32431144
v -0.36699574 1.60791501 2.32431144
v -0.50965124 1.56854466 2.09999997
v -0.25800194 1.62896030 2.09999997
v -0.36699574 1.60791501 2.32431144
v -0.25800194 1.62896030 2.09999997
v -0.25800194 1.62896030 2.32431144
v -0.25800194 1.62896030 2.32431144
v -0.25800194 1.62896030 2.09999997
v -0.18465917 1.63889527 2.32431144
v -0.18465917 1.63889527 2.32431144
v -0.25800194 1.62896030 2.09999997
v -0.00000025 1.64926555 2.09999997
v -0.18465917 1.63889527 2.32431144
v -0.00000025 1.64926555 2.09999997
v -0.00000025 1.64926555 2.32431144
v -0.08248414 1.79737806 2.40055081
v -0.00000025 1.79926530 2.40055081
v -0.00000025 1.79926548 2.09999997
v -0.45947456 -1.73948407 2.40064226
v -0.52082934 -1.72223486 2.40064375
v -0.52082934 -1.72223486 2.09999997
v -0.34729640 1.76548399 2.40051132
v -0.25716822 1.78079233 2.09999997
v -0.45937547 1.73936896 2.40074806
v -0.45937547 1.73936896 2.40074806
v -0.25716822 1.78079233 2.09999997
v -0.52082934 1.72223505 2.09999997
v -0.45937547 1.73936896 2.40074806
v -0.52082934 1.72223505 2.09999997
v -0.52082934 1.72223505 2.40074676
v -0.52082934 1.72223505 2.40074676
v -0.52082934 1.72223505 2.09999997
v -0.55754506 1.71070155 2.40074582
v -0.55754506 1.71070155 2.40074582
v -0.52082934 1.72223505 2.09999997
v -0.68146312 1.66522190 2.40074284
v -0.68146312 1.66522190 2.40074284
v -0.52082934 1.72223505 2.09999997
v -0.77275434 1.62487123 2.09999997
v -0.68146312 1.66522190 2.40074284
v -0.77275434 1.62487123 2.09999997
v -0.77275434 1.62487123 2.40074061
v -1.00726811 1.49089471 2.09999997
v -0.91764955 1.54766794 2.40073688
v -0.77275434 1.62487123 2.09999997
v -0.77275434 1.62487123 2.09999997
v -0.91764955 1.54766794 2.40073688
v -0.80171404 1.61077976 2.40073986
v -0.77275434 1.62487123 2.09999997
v -0.80171404 1.61077976 2.40073986
v -0.77275434 1.62487123 2.40074061
v -1.09410612 1.42838629 2.40073223
v -1.02864606 1.47622637 2.40073409
v -1.00726811 1.49089471 2.09999997
v -1.00726811 1.49089471 2.09999997
v -1.02864606 1.47622637 2.40073409
v -1.00726811 1.49089471 2.40073465
v -1.00726811 1.49089471 2.09999997
v -1.00726811 1.49089471 2.40073465
v -0.91764955 1.54766794 2.40073688
v -1.09410612 1.42838629 2.40073223
v -1.00726811 1.49089471 2.09999997
v -1.13410605 1.39683941 2.40073111
v -1.13410605 1.39683941 2.40073111
v -1.00726811 1.49089471 2.09999997
v -1.21908514 1.32332444 2.09999997
v -1.13410605 1.39683941 2.40073111
v -1.21908514 1.32332444 2.09999997
v -1.21908514 1.32332444 2.40072850
v -1.40343262 1.12593621 2.40072254
v -1.37453331 1.16104027 2.40072347
v -1.40343262 1.12593621 2.09999997
v -1.40343262 1.12593621 2.09999997
v -1.37453331 1.16104027 2.40072347
v -1.32617904 1.21597908 2.40072515
v -1.40343262 1.12593621 2.09999997
v -1.32617904 1.21597908 2.40072515
v -1.21908514 1.32332444 2.09999997
v -1.21908514 1.32332444 2.09999997
v -1.32617904 1.21597908 2.40072515
v -1.23346178 1.30993444 2.40072813
v -1.21908514 1.32332444 2.09999997
v -1.23346178 1.30993444 2.40072813
v -1.21908514 1.32332444 2.40072850
v -1.59845371 0.82601588 2.40071453
v -1.55970333 0.89704115 2.40071621
v -1.55615760 0.90317763 2.09999997
v -1.55615760 0.90317763 2.09999997
v -1.55970333 0.89704115 2.40071621
v -1.48974014 1.00897541 2.40071919
v -1.55615760 0.90317763 2.09999997
v -1.48974014 1.00897541 2.40071919
v -1.40343262 1.12593621 2.09999997
v -1.40343262 1.12593621 2.09999997
v -1.48974014 1.00897541 2.40071919
v -1.41175864 1.11547913 2.40072217
v -1.40343262 1.12593621 2.09999997
v -1.41175864 1.11547913 2.40072217
v -1.40343262 1.12593621 2.40072254
v -1.59845371 0.82601588 2.40071453
v -1.55615760 0.90317763 2.09999997
v -1.62127111 0.78027886 2.40071323
v -1.62127111 0.78027886 2.40071323
v -1.55615760 0.90317763 2.09999997
v -1.67381782 0.66006812 2.09999997
v -1.62127111 0.78027886 2.40071323
v -1.67381782 0.66006812 2.09999997
v -1.67411361 0.65931696 2.40071025
v -1.77768487 0.27783588 2.40070149
v -1.75253171 0.40741758 2.40070447
v -1.75376255 0.40208548 2.09999997
v -1.75376255 0.40208548 2.09999997
v -1.75253171 0.40741758 2.40070447
v -1.71794612 0.53480649 2.40070745
v -1.75376255 0.40208548 2.09999997
v -1.71794612 0.53480649 2.40070745
v -1.67381782 0.66006812 2.09999997
v -1.67381782 0.66006812 2.09999997
v -1.71794612 0.53480649 2.40070745
v -1.68815274 0.62249140 2.40070950
v -1.67381782 0.66006812 2.09999997
v -1.68815274 0.62249140 2.40070950
v -1.67411361 0.65931696 2.40071025
v -1.77768487 0.27783588 2.40070149
v -1.75376255 0.40208548 2.09999997
v -1.79327000 0.14675879 2.40069851
v -1.79327000 0.14675879 2.40069851
v -1.75376255 0.40208548 2.09999997
v -1.79419015 0.13504279 2.09999997
v -1.79327000 0.14675879 2.40069851
v -1.79419015 0.13504279 2.09999997
v -1.79419015 0.13504279 2.40069833
v -1.78204048 -0.24837242 2.40068957
v -1.79419015 -0.13504277 2.40069218
v -1.79419015 -0.13504277 2.09999997
v -1.79419015 -0.13504277 2.09999997
v -1.79419015 -0.13504277 2.40069218
v -1.79545376 -0.11705530 2.40069255
v -1.79419015 -0.13504277 2.09999997
v -1.79545376 -0.11705530 2.40069255
v -1.79419015 0.13504279 2.09999997
v -1.79419015 0.13504279 2.09999997
v -1.79545376 -0.11705530 2.40069255
v -1.79920364 0.01489181 2.40069553
v -1.79419015 0.13504279 2.09999997
v -1.79920364 0.01489181 2.40069553
v -1.79419015 0.13504279 2.40069833
v -1.78204048 -0.24837242 2.40068957
v -1.79419015 -0.13504277 2.09999997
v -1.75903533 -0.37835273 2.40068659
v -1.75903533 -0.37835273 2.40068659
v -1.79419015 -0.13504277 2.09999997
v -1.75376255 -0.40208548 2.09999997
v -1.75903533 -0.37835273 2.40068659
v -1.75376255 -0.40208548 2.09999997
v -1.75376255 -0.40208548 2.40068622
v -1.63396467 -0.75333565 2.40067784
v -1.67381782 -0.66006812 2.40068007
v -1.67381782 -0.66006812 2.09999997
v -1.67381782 -0.66006812 2.09999997
v -1.67381782 -0.66006812 2.40068007
v -1.68479774 -0.63151564 2.40068082
v -1.67381782 -0.66006812 2.09999997
v -1.68479774 -0.63151564 2.40068082
v -1.75376255 -0.40208548 2.09999997
v -1.75376255 -0.40208548 2.09999997
v -1.68479774 -0.63151564 2.40068082
v -1.72656272 -0.50629666 2.40068380
v -1.75376255 -0.40208548 2.09999997
v -1.72656272 -0.50629666 2.40068380
v -1.75376255 -0.40208548 2.40068622
v -1.63396467 -0.75333565 2.40067784
v -1.67381782 -0.66006812 2.09999997
v -1.57433767 -0.87110102 2.40067486
v -1.57433767 -0.87110102 2.40067486
v -1.67381782 -0.66006812 2.09999997
v -1.55615760 -0.90317763 2.09999997
v -1.57433767 -0.87110102 2.40067486
v -1.55615760 -0.90317763 2.09999997
v -1.55615760 -0.90317763 2.40067393
v -1.34612499 -1.19386073 2.40066592
v -1.40343262 -1.12593621 2.40066797
v -1.40343262 -1.12593621 2.09999997
v -1.40343262 -1.12593621 2.09999997
v -1.40343262 -1.12593621 2.40066797
v -1.43002970 -1.09195793 2.40066890
v -1.40343262 -1.12593621 2.09999997
v -1.43002970 -1.09195793 2.40066890
v -1.55615760 -0.90317763 2.09999997
v -1.55615760 -0.90317763 2.09999997
v -1.43002970 -1.09195793 2.40066890
v -1.50623722 -0.98417802 2.40067188
v -1.55615760 -0.90317763 2.09999997
v -1.50623722 -0.98417802 2.40067188
v -1.55615760 -0.90317763 2.40067393
v -1.34612499 -1.19386073 2.40066592
v -1.40343262 -1.12593621 2.09999997
v -1.25497533 -1.28933787 2.40066294
v -1.25497533 -1.28933787 2.40066294
v -1.40343262 -1.12593621 2.09999997
v -1.21908514 -1.32332454 2.09999997
v -1.25497533 -1.28933787 2.40066294
v -1.21908514 -1.32332454 2.09999997
v -1.21908514 -1.32332454 2.40066182
v -0.94314171 -1.53226638 2.40065418
v -1.00726811 -1.49089480 2.40065586
v -1.00726811 -1.49089480 2.09999997
v -1.00726811 -1.49089480 2.09999997
v -1.00726811 -1.49089480 2.40065586
v -1.05294017 -1.45899728 2.40065716
v -1.00726811 -1.49089480 2.09999997
v -1.05294017 -1.45899728 2.40065716
v -1.21908514 -1.32332454 2.09999997
v -1.21908514 -1.32332454 2.09999997
v -1.05294017 -1.45899728 2.40065716
v -1.15707172 -1.37787554 2.40066014
v -1.21908514 -1.32332454 2.09999997
v -1.15707172 -1.37787554 2.40066014
v -1.21908514 -1.32332454 2.40066182
v -0.94314171 -1.53226638 2.40065418
v -1.00726811 -1.49089480 2.09999997
v -0.82826642 -1.59728844 2.40065120
v -0.82826642 -1.59728844 2.40065120
v -1.00726811 -1.49089480 2.09999997
v -0.77275434 -1.62487105 2.09999997
v -0.82826642 -1.59728844 2.40065120
v -0.77275434 -1.62487105 2.09999997
v -0.77275434 -1.62487105 2.40064971
v -0.52082934 -1.72223486 2.40064375
v -0.58578574 -1.70123819 2.40064524
v -0.52082934 -1.72223486 2.09999997
v -0.52082934 -1.72223486 2.09999997
v -0.58578574 -1.70123819 2.40064524
v -0.64374753 -1.68016218 2.40064673
v -0.52082934 -1.72223486 2.09999997
v -0.64374753 -1.68016218 2.40064673
v -0.77275434 -1.62487105 2.09999997
v -0.77275434 -1.62487105 2.09999997
v -0.64374753 -1.68016218 2.40064673
v -0.70893415 -1.65371355 2.40064822
v -0.77275434 -1.62487105 2.09999997
v -0.70893415 -1.65371355 2.40064822
v -0.77275434 -1.62487105 2.40064971
v -0.19721265 -1.78841241 2.40055155
v -0.25716524 -1.78077687 2.40055900
v -0.25716822 -1.78079214 2.09999997
v -0.25716822 -1.78079214 2.09999997
v -0.25716524 -1.78077687 2.40055900
v -0.34727554 -1.76546164 2.40053348
v -0.25716822 -1.78079214 2.09999997
v -0.34727554 -1.76546164 2.40053348
v -0.52082934 -1.72223486 2.09999997
v -0.52082934 -1.72223486 2.09999997
v -0.34727554 -1.76546164 2.40053348
v -0.40013292 -1.75422039 2.40054484
v -0.52082934 -1.72223486 2.09999997
v -0.40013292 -1.75422039 2.40054484
v -0.45947456 -1.73948407 2.40064226
v -0.19721265 -1.78841241 2.40055155
v -0.25716822 -1.78079214 2.09999997
v -0.11705186 -1.79549865 2.40054820
v -0.11705186 -1.79549865 2.40054820
v -0.25716822 -1.78079214 2.09999997
v -0.00000025 -1.79926530 2.09999997
v -0.11705186 -1.79549865 2.40054820
v -0.00000025 -1.79926530 2.09999997
v -0.00000025 -1.79926530 2.40055062
v -0.34729640 1.76548399 2.40051132
v -0.27880769 1.77751500 2.40056403
v -0.25716822 1.78079233 2.09999997
v -0.25716822 1.78079233 2.09999997
v -0.27880769 1.77751500 2.40056403
v -0.25716524 1.78076569 2.40056906
v -0.25716822 1.78079233 2.09999997
v -0.25716524 1.78076569 2.40056906
v -0.00000025 1.79926548 2.09999997
v -0.00000025 1.79926548 2.09999997
v -0.25716524 1.78076569 2.40056906
v -0.11705484 1.79550126 2.40054522
v -0.00000025 1.79926548 2.09999997
v -0.11705484 1.79550126 2.40054522
v -0.08248414 1.79737806 2.40055081
v -0.00000025 0.00000000 2.85000000
v -0.05255069 -0.15018086 2.84555517
v -0.06903510 -0.14335278 2.84555517
v -0.03540541 -0.15512037 2.84555517
v -0.05255069 -0.15018086 2.84555517
v -0.00000025 0.00000000 2.85000000
v -0.00000025 0.00000000 2.85000000
v -0.09920325 -0.12439687 2.84555517
v -0.11250775 -0.11250747 2.84555517
v -0.08465152 -0.13472193 2.84555517
v -0.09920325 -0.12439687 2.84555517
v -0.00000025 0.00000000 2.85000000
v -0.06903510 -0.14335278 2.84555517
v -0.08465152 -0.13472193 2.84555517
v -0.00000025 0.00000000 2.85000000
v -0.00000025 0.00000000 2.85000000
v -0.13472165 -0.08465140 2.84555517
v -0.14335241 -0.06903505 2.84555517
v -0.12439664 -0.09920320 2.84555517
v -0.13472165 -0.08465140 2.84555517
v -0.00000025 0.00000000 2.85000000
v -0.11250775 -0.11250747 2.84555517
v -0.12439664 -0.09920320 2.84555517
v -0.00000025 0.00000000 2.85000000
v -0.00000025 0.00000000 2.85000000
v -0.15512060 -0.03540522 2.84555517
v -0.15810903 -0.01781462 2.84555517
v -0.15018086 -0.05255056 2.84555517
v -0.15512060 -0.03540522 2.84555517
v -0.00000025 0.00000000 2.85000000
v -0.14335241 -0.06903505 2.84555517
v -0.15018086 -0.05255056 2.84555517
v -0.00000025 0.00000000 2.85000000
v -0.00000025 0.00000000 2.85000000
v -0.15810903 0.01781462 2.84555517
v -0.15512060 0.03540521 2.84555517
v -0.15910964 0.00000000 2.84555517
v -0.15810903 0.01781462 2.84555517
v -0.00000025 0.00000000 2.85000000
v -0.15810903 -0.01781462 2.84555517
v -0.15910964 0.00000000 2.84555517
v -0.00000025 0.00000000 2.85000000
v -0.00000025 0.00000000 2.85000000
v -0.14335241 0.06903505 2.84555517
v -0.13472165 0.08465140 2.84555517
v -0.15018086 0.05255056 2.84555517
v -0.14335241 0.06903505 2.84555517
v -0.00000025 0.00000000 2.85000000
v -0.15512060 0.03540521 2.84555517
v -0.15018086 0.05255056 2.84555517
v -0.00000025 0.00000000 2.85000000
v -0.00000025 0.00000000 2.85000000
v -0.11250775 0.11250746 2.84555517
v -0.09920325 0.12439687 2.84555517
v -0.12439664 0.09920320 2.84555517
v -0.11250775 0.11250746 2.84555517
v -0.00000025 0.00000000 2.85000000
v -0.13472165 0.08465140 2.84555517
v -0.12439664 0.09920320 2.84555517
v -0.00000025 0.00000000 2.85000000
v -0.00000025 0.00000000 2.85000000
v -0.06903510 0.14335277 2.84555517
v -0.05255069 0.15018088 2.84555517
v -0.08465152 0.13472192 2.84555517
v -0.06903510 0.14335277 2.84555517
v -0.00000025 0.00000000 2.85000000
v -0.09920325 0.12439687 2.84555517
v -0.08465152 0.13472192 2.84555517
v -0.00000025 0.00000000 2.85000000
v -0.00000025 0.00000000 2.85000000
v -0.03540541 0.15512037 2.84555517
v -0.01781459 0.15810912 2.84555517
v -0.00000025 0.00000000 2.85000000
v -0.01781459 0.15810912 2.84555517
v -0.00000025 0.10085566 2.84821484
v -0.05255069 0.15018088 2.84555517
v -0.03540541 0.15512037 2.84555517
v -0.00000025 0.00000000 2.85000000
v -0.00000025 -0.23019919 2.84068789
v -0.00000025 -0.35586851 2.82769464
v -0.03984447 -0.35363086 2.82769464
v -0.03984447 -0.35363086 2.82769464
v -0.00000025 -0.35586851 2.82769464
v -0.00000025 -0.55154813 2.79612131
v -0.10477330 -0.92989048 2.69199293
v -0.00000025 -0.93577439 2.69199293
v -0.00000025 -1.12236980 2.61969194
v -0.00000025 -1.18711013 2.59099770
v -0.00000025 -1.30399326 2.53418647
v -0.14600109 -1.29579408 2.53418647
v -0.14600109 -1.29579408 2.53418647
v -0.00000025 -1.30399326 2.53418647
v -0.00000025 -1.47968447 2.43578199
v -0.18465917 1.63889527 2.32431144
v -0.00000025 1.64926555 2.32431144
v -0.00000025 1.47968447 2.43578199
v -0.18465917 1.63889527 2.32431144
v -0.16567211 1.47038046 2.43578199
v -0.25800194 1.62896030 2.32431144
v -0.25800194 1.62896030 2.32431144
v -0.16567211 1.47038046 2.43578199
v -0.32926078 1.44258570 2.43578199
v -0.48870840 1.39664952 2.43578199
v -0.50965124 1.56854466 2.32431144
v -0.32926078 1.44258570 2.43578199
v -0.32926078 1.44258570 2.43578199
v -0.50965124 1.56854466 2.32431144
v -0.36699574 1.60791501 2.32431144
v -0.32926078 1.44258570 2.43578199
v -0.36699574 1.60791501 2.32431144
v -0.25800194 1.62896030 2.32431144
v -0.78723980 1.25288460 2.43578199
v -0.74875080 1.46950623 2.32431144
v -0.64201080 1.33314962 2.43578199
v -0.64201080 1.33314962 2.43578199
v -0.74875080 1.46950623 2.32431144
v -0.71558976 1.48593681 2.32431144
v -0.64201080 1.33314962 2.43578199
v -0.71558976 1.48593681 2.32431144
v -0.48870840 1.39664952 2.43578199
v -0.48870840 1.39664952 2.43578199
v -0.71558976 1.48593681 2.32431144
v -0.54471814 1.55671416 2.32431144
v -0.48870840 1.39664952 2.43578199
v -0.54471814 1.55671416 2.32431144
v -0.50965124 1.56854466 2.32431144
v -0.92256842 1.15686385 2.43578199
v -0.96941395 1.33428378 2.32431144
v -0.78723980 1.25288460 2.43578199
v -0.78723980 1.25288460 2.43578199
v -0.96941395 1.33428378 2.32431144
v -0.87746186 1.39647294 2.32431144
v -0.78723980 1.25288460 2.43578199
v -0.87746186 1.39647294 2.32431144
v -0.74875080 1.46950623 2.32431144
v -1.25288470 0.78723961 2.43578199
v -1.33428378 0.96941385 2.32431144
v -1.15686385 0.92256814 2.43578199
v -1.15686385 0.92256814 2.43578199
v -1.33428378 0.96941385 2.32431144
v -1.28944768 1.02830017 2.32431144
v -1.15686385 0.92256814 2.43578199
v -1.28944768 1.02830017 2.32431144
v -1.04629500 1.04629491 2.43578199
v -1.04629500 1.04629491 2.43578199
v -1.28944768 1.02830017 2.32431144
v -1.16620688 1.16620678 2.32431144
v -1.04629500 1.04629491 2.43578199
v -1.16620688 1.16620678 2.32431144
v -0.92256842 1.15686385 2.43578199
v -0.92256842 1.15686385 2.43578199
v -1.16620688 1.16620678 2.32431144
v -1.02830036 1.28944768 2.32431144
v -0.92256842 1.15686385 2.43578199
v -1.02830036 1.28944768 2.32431144
v -0.96941395 1.33428378 2.32431144
v -1.33314980 0.64201104 2.43578199
v -1.46950660 0.74875085 2.32431144
v -1.25288470 0.78723961 2.43578199
v -1.25288470 0.78723961 2.43578199
v -1.46950660 0.74875085 2.32431144
v -1.39647303 0.87746214 2.32431144
v -1.25288470 0.78723961 2.43578199
v -1.39647303 0.87746214 2.32431144
v -1.33428378 0.96941385 2.32431144
v -1.44258542 0.32926076 2.43578199
v -1.56854484 0.50965105 2.32431144
v -1.39664961 0.48870882 2.43578199
v -1.39664961 0.48870882 2.43578199
v -1.56854484 0.50965105 2.32431144
v -1.55671416 0.54471786 2.32431144
v -1.39664961 0.48870882 2.43578199
v -1.55671416 0.54471786 2.32431144
v -1.33314980 0.64201104 2.43578199
v -1.33314980 0.64201104 2.43578199
v -1.55671416 0.54471786 2.32431144
v -1.48593662 0.71558943 2.32431144
v -1.33314980 0.64201104 2.43578199
v -1.48593662 0.71558943 2.32431144
v -1.46950660 0.74875085 2.32431144
v -1.47038056 0.16567210 2.43578199
v -1.62896011 0.25800196 2.32431144
v -1.44258542 0.32926076 2.43578199
v -1.44258542 0.32926076 2.43578199
v -1.62896011 0.25800196 2.32431144
v -1.60791520 0.36699609 2.32431144
v -1.44258542 0.32926076 2.43578199
v -1.60791520 0.36699609 2.32431144
v -1.56854484 0.50965105 2.32431144
v -1.44258542 -0.32926076 2.43578199
v -1.62896011 -0.25800196 2.32431144
v -1.47038056 -0.16567209 2.43578199
v -1.47038056 -0.16567209 2.43578199
v -1.62896011 -0.25800196 2.32431144
v -1.63889546 -0.18465915 2.32431144
v -1.47038056 -0.16567209 2.43578199
v -1.63889546 -0.18465915 2.32431144
v -1.47968410 0.00000000 2.43578199
v -1.47968410 0.00000000 2.43578199
v -1.63889546 -0.18465915 2.32431144
v -1.64926518 0.00000000 2.32431144
v -1.47968410 0.00000000 2.43578199
v -1.64926518 0.00000000 2.32431144
v -1.47038056 0.16567210 2.43578199
v -1.47038056 0.16567210 2.43578199
v -1.64926518 0.00000000 2.32431144
v -1.63889546 0.18465915 2.32431144
v -1.47038056 0.16567210 2.43578199
v -1.63889546 0.18465915 2.32431144
v -1.62896011 0.25800196 2.32431144
v -1.39664961 -0.48870877 2.43578199
v -1.56854484 -0.50965105 2.32431144
v -1.44258542 -0.32926076 2.43578199
v -1.44258542 -0.32926076 2.43578199
v -1.56854484 -0.50965105 2.32431144
v -1.60791520 -0.36699609 2.32431144
v -1.44258542 -0.32926076 2.43578199
v -1.60791520 -0.36699609 2.32431144
v -1.62896011 -0.25800196 2.32431144
v -1.25288470 -0.78723961 2.43578199
v -1.46950660 -0.74875085 2.32431144
v -1.33314980 -0.64201104 2.43578199
v -1.33314980 -0.64201104 2.43578199
v -1.46950660 -0.74875085 2.32431144
v -1.48593662 -0.71558943 2.32431144
v -1.33314980 -0.64201104 2.43578199
v -1.48593662 -0.71558943 2.32431144
v -1.39664961 -0.48870877 2.43578199
v -1.39664961 -0.48870877 2.43578199
v -1.48593662 -0.71558943 2.32431144
v -1.55671416 -0.54471786 2.32431144
v -1.39664961 -0.48870877 2.43578199
v -1.55671416 -0.54471786 2.32431144
v -1.56854484 -0.50965105 2.32431144
v -1.15686385 -0.92256814 2.43578199
v -1.33428378 -0.96941395 2.32431144
v -1.25288470 -0.78723961 2.43578199
v -1.25288470 -0.78723961 2.43578199
v -1.33428378 -0.96941395 2.32431144
v -1.39647303 -0.87746214 2.32431144
v -1.25288470 -0.78723961 2.43578199
v -1.39647303 -0.87746214 2.32431144
v -1.46950660 -0.74875085 2.32431144
v -0.78723980 -1.25288460 2.43578199
v -0.96941395 -1.33428378 2.32431144
v -0.92256842 -1.15686385 2.43578199
v -0.92256842 -1.15686385 2.43578199
v -0.96941395 -1.33428378 2.32431144
v -1.02830036 -1.28944768 2.32431144
v -0.92256842 -1.15686385 2.43578199
v -1.02830036 -1.28944768 2.32431144
v -1.04629500 -1.04629491 2.43578199
v -1.04629500 -1.04629491 2.43578199
v -1.02830036 -1.28944768 2.32431144
v -1.16620688 -1.16620678 2.32431144
v -1.04629500 -1.04629491 2.43578199
v -1.16620688 -1.16620678 2.32431144
v -1.15686385 -0.92256814 2.43578199
v -1.15686385 -0.92256814 2.43578199
v -1.16620688 -1.16620678 2.32431144
v -1.28944768 -1.02830017 2.32431144
v -1.15686385 -0.92256814 2.43578199
v -1.28944768 -1.02830017 2.32431144
v -1.33428378 -0.96941395 2.32431144
v -0.64201080 -1.33314962 2.43578199
v -0.74875080 -1.46950623 2.32431144
v -0.78723980 -1.25288460 2.43578199
v -0.78723980 -1.25288460 2.43578199
v -0.74875080 -1.46950623 2.32431144
v -0.87746186 -1.39647294 2.32431144
v -0.78723980 -1.25288460 2.43578199
v -0.87746186 -1.39647294 2.32431144
v -0.96941395 -1.33428378 2.32431144
v -0.32926078 -1.44258570 2.43578199
v -0.50965124 -1.56854447 2.32431144
v -0.48870840 -1.39664952 2.43578199
v -0.48870840 -1.39664952 2.43578199
v -0.50965124 -1.56854447 2.32431144
v -0.54471814 -1.55671416 2.32431144
v -0.48870840 -1.39664952 2.43578199
v -0.54471814 -1.55671416 2.32431144
v -0.64201080 -1.33314962 2.43578199
v -0.64201080 -1.33314962 2.43578199
v -0.54471814 -1.55671416 2.32431144
v -0.71558976 -1.48593681 2.32431144
v -0.64201080 -1.33314962 2.43578199
v -0.71558976 -1.48593681 2.32431144
v -0.74875080 -1.46950623 2.32431144
v -0.00000025 -1.64926536 2.32431144
v -0.18465917 -1.63889509 2.32431144
v -0.16567211 -1.47038056 2.43578199
v -0.16567211 -1.47038056 2.43578199
v -0.18465917 -1.63889509 2.32431144
v -0.25800194 -1.62896011 2.32431144
v -0.16567211 -1.47038056 2.43578199
v -0.25800194 -1.62896011 2.32431144
v -0.32926078 -1.44258570 2.43578199
v -0.32926078 -1.44258570 2.43578199
v -0.25800194 -1.62896011 2.32431144
v -0.36699574 -1.60791483 2.32431144
v -0.32926078 -1.44258570 2.43578199
v -0.36699574 -1.60791483 2.32431144
v -0.50965124 -1.56854447 2.32431144
v -0.16567211 1.47038046 2.43578199
v -0.14600109 1.29579408 2.53418647
v -0.29016610 1.27129946 2.53418647
v -0.16567211 1.47038046 2.43578199
v -0.29016610 1.27129946 2.53418647
v -0.32926078 1.44258570 2.43578199
v -0.32926078 1.44258570 2.43578199
v -0.29016610 1.27129946 2.53418647
v -0.43068179 1.23081757 2.53418647
v -0.32926078 1.44258570 2.43578199
v -0.43068179 1.23081757 2.53418647
v -0.48870840 1.39664952 2.43578199
v -0.48870840 1.39664952 2.43578199
v -0.43068179 1.23081757 2.53418647
v -0.56578168 1.17485737 2.53418647
v -0.48870840 1.39664952 2.43578199
v -0.56578168 1.17485737 2.53418647
v -0.64201080 1.33314962 2.43578199
v -0.64201080 1.33314962 2.43578199
v -0.56578168 1.17485737 2.53418647
v -0.69376626 1.10412268 2.53418647
v -0.64201080 1.33314962 2.43578199
v -0.69376626 1.10412268 2.53418647
v -0.78723980 1.25288460 2.43578199
v -0.78723980 1.25288460 2.43578199
v -0.69376626 1.10412268 2.53418647
v -0.81302626 1.01950299 2.53418647
v -0.78723980 1.25288460 2.43578199
v -0.81302626 1.01950299 2.53418647
v -0.92256842 1.15686385 2.43578199
v -0.92256842 1.15686385 2.43578199
v -0.81302626 1.01950299 2.53418647
v -0.92206253 0.92206253 2.53418647
v -0.92256842 1.15686385 2.43578199
v -0.92206253 0.92206253 2.53418647
v -1.04629500 1.04629491 2.43578199
v -1.04629500 1.04629491 2.43578199
v -0.92206253 0.92206253 2.53418647
v -1.01950271 0.81302654 2.53418647
v -1.04629500 1.04629491 2.43578199
v -1.01950271 0.81302654 2.53418647
v -1.15686385 0.92256814 2.43578199
v -1.15686385 0.92256814 2.43578199
v -1.01950271 0.81302654 2.53418647
v -1.10412268 0.69376626 2.53418647
v -1.15686385 0.92256814 2.43578199
v -1.10412268 0.69376626 2.53418647
v -1.25288470 0.78723961 2.43578199
v -1.25288470 0.78723961 2.43578199
v -1.10412268 0.69376626 2.53418647
v -1.17485775 0.56578149 2.53418647
v -1.25288470 0.78723961 2.43578199
v -1.17485775 0.56578149 2.53418647
v -1.33314980 0.64201104 2.43578199
v -1.33314980 0.64201104 2.43578199
v -1.17485775 0.56578149 2.53418647
v -1.23081757 0.43068170 2.53418647
v -1.33314980 0.64201104 2.43578199
v -1.23081757 0.43068170 2.53418647
v -1.39664961 0.48870882 2.43578199
v -1.39664961 0.48870882 2.43578199
v -1.23081757 0.43068170 2.53418647
v -1.27129955 0.29016582 2.53418647
v -1.39664961 0.48870882 2.43578199
v -1.27129955 0.29016582 2.53418647
v -1.44258542 0.32926076 2.43578199
v -1.44258542 0.32926076 2.43578199
v -1.27129955 0.29016582 2.53418647
v -1.29579408 0.14600093 2.53418647
v -1.44258542 0.32926076 2.43578199
v -1.29579408 0.14600093 2.53418647
v -1.47038056 0.16567210 2.43578199
v -1.47038056 0.16567210 2.43578199
v -1.29579408 0.14600093 2.53418647
v -1.30399344 0.00000000 2.53418647
v -1.47038056 0.16567210 2.43578199
v -1.30399344 0.00000000 2.53418647
v -1.47968410 0.00000000 2.43578199
v -1.47968410 0.00000000 2.43578199
v -1.30399344 0.00000000 2.53418647
v -1.29579408 -0.14600093 2.53418647
v -1.47968410 0.00000000 2.43578199
v -1.29579408 -0.14600093 2.53418647
v -1.47038056 -0.16567209 2.43578199
v -1.47038056 -0.16567209 2.43578199
v -1.29579408 -0.14600093 2.53418647
v -1.27129955 -0.29016582 2.53418647
v -1.47038056 -0.16567209 2.43578199
v -1.27129955 -0.29016582 2.53418647
v -1.44258542 -0.32926076 2.43578199
v -1.44258542 -0.32926076 2.43578199
v -1.27129955 -0.29016582 2.53418647
v -1.23081757 -0.43068170 2.53418647
v -1.44258542 -0.32926076 2.43578199
v -1.23081757 -0.43068170 2.53418647
v -1.39664961 -0.48870877 2.43578199
v -1.39664961 -0.48870877 2.43578199
v -1.23081757 -0.43068170 2.53418647
v -1.17485775 -0.56578149 2.53418647
v -1.39664961 -0.48870877 2.43578199
v -1.17485775 -0.56578149 2.53418647
v -1.33314980 -0.64201104 2.43578199
v -1.33314980 -0.64201104 2.43578199
v -1.17485775 -0.56578149 2.53418647
v -1.10412268 -0.69376631 2.53418647
v -1.33314980 -0.64201104 2.43578199
v -1.10412268 -0.69376631 2.53418647
v -1.25288470 -0.78723961 2.43578199
v -1.25288470 -0.78723961 2.43578199
v -1.10412268 -0.69376631 2.53418647
v -1.01950271 -0.81302654 2.53418647
v -1.25288470 -0.78723961 2.43578199
v -1.01950271 -0.81302654 2.53418647
v -1.15686385 -0.92256814 2.43578199
v -1.15686385 -0.92256814 2.43578199
v -1.01950271 -0.81302654 2.53418647
v -0.92206253 -0.92206253 2.53418647
v -1.15686385 -0.92256814 2.43578199
v -0.92206253 -0.92206253 2.53418647
v -1.04629500 -1.04629491 2.43578199
v -1.04629500 -1.04629491 2.43578199
v -0.92206253 -0.92206253 2.53418647
v -0.81302626 -1.01950299 2.53418647
v -1.04629500 -1.04629491 2.43578199
v -0.81302626 -1.01950299 2.53418647
v -0.92256842 -1.15686385 2.43578199
v -0.92256842 -1.15686385 2.43578199
v -0.81302626 -1.01950299 2.53418647
v -0.69376626 -1.10412268 2.53418647
v -0.92256842 -1.15686385 2.43578199
v -0.69376626 -1.10412268 2.53418647
v -0.78723980 -1.25288460 2.43578199
v -0.78723980 -1.25288460 2.43578199
v -0.69376626 -1.10412268 2.53418647
v -0.56578168 -1.17485737 2.53418647
v -0.78723980 -1.25288460 2.43578199
v -0.56578168 -1.17485737 2.53418647
v -0.64201080 -1.33314962 2.43578199
v -0.64201080 -1.33314962 2.43578199
v -0.56578168 -1.17485737 2.53418647
v -0.43068179 -1.23081757 2.53418647
v -0.64201080 -1.33314962 2.43578199
v -0.43068179 -1.23081757 2.53418647
v -0.48870840 -1.39664952 2.43578199
v -0.48870840 -1.39664952 2.43578199
v -0.43068179 -1.23081757 2.53418647
v -0.29016610 -1.27129946 2.53418647
v -0.48870840 -1.39664952 2.43578199
v -0.29016610 -1.27129946 2.53418647
v -0.32926078 -1.44258570 2.43578199
v -0.32926078 -1.44258570 2.43578199
v -0.29016610 -1.27129946 2.53418647
v -0.14600109 -1.29579408 2.53418647
v -0.32926078 -1.44258570 2.43578199
v -0.14600109 -1.29579408 2.53418647
v -0.16567211 -1.47038056 2.43578199
v -0.16567211 -1.47038056 2.43578199
v -0.14600109 -1.29579408 2.53418647
v -0.00000025 -1.47968447 2.43578199
v -0.16567211 -1.47038056 2.43578199
v -0.00000025 -1.47968447 2.43578199
v -0.00000025 -1.64926536 2.32431144
v -0.18465917 1.63889527 2.32431144
v -0.00000025 1.47968447 2.43578199
v -0.16567211 1.47038046 2.43578199
v -0.16567211 1.47038046 2.43578199
v -0.00000025 1.47968447 2.43578199
v -0.00000025 1.36740226 2.50054207
v -0.16567211 1.47038046 2.43578199
v -0.00000025 1.36740226 2.50054207
v -0.14600109 1.29579408 2.53418647
v -0.14600109 1.29579408 2.53418647
v -0.00000025 1.36740226 2.50054207
v -0.00000025 1.30399326 2.53418647
v -0.14600109 1.29579408 2.53418647
v -0.00000025 1.30399326 2.53418647
v -0.00000025 1.12236980 2.61969194
v -0.00000025 -1.18711013 2.59099770
v -0.14600109 -1.29579408 2.53418647
v -0.12566547 -1.11531261 2.61969194
v -0.12566547 -1.11531261 2.61969194
v -0.14600109 -1.29579408 2.53418647
v -0.29016610 -1.27129946 2.53418647
v -0.12566547 -1.11531261 2.61969194
v -0.29016610 -1.27129946 2.53418647
v -0.24975042 -1.09422961 2.61969194
v -0.24975042 -1.09422961 2.61969194
v -0.29016610 -1.27129946 2.53418647
v -0.43068179 -1.23081757 2.53418647
v -0.24975042 -1.09422961 2.61969194
v -0.43068179 -1.23081757 2.53418647
v -0.37069495 -1.05938613 2.61969194
v -0.37069495 -1.05938613 2.61969194
v -0.43068179 -1.23081757 2.53418647
v -0.56578168 -1.17485737 2.53418647
v -0.37069495 -1.05938613 2.61969194
v -0.56578168 -1.17485737 2.53418647
v -0.48697763 -1.01122027 2.61969194
v -0.48697763 -1.01122027 2.61969194
v -0.56578168 -1.17485737 2.53418647
v -0.69376626 -1.10412268 2.53418647
v -0.48697763 -1.01122027 2.61969194
v -0.69376626 -1.10412268 2.53418647
v -0.59713670 -0.95033767 2.61969194
v -0.59713670 -0.95033767 2.61969194
v -0.69376626 -1.10412268 2.53418647
v -0.81302626 -1.01950299 2.53418647
v -0.59713670 -0.95033767 2.61969194
v -0.81302626 -1.01950299 2.53418647
v -0.69978633 -0.87750405 2.61969194
v -0.69978633 -0.87750405 2.61969194
v -0.81302626 -1.01950299 2.53418647
v -0.92206253 -0.92206253 2.53418647
v -0.69978633 -0.87750405 2.61969194
v -0.92206253 -0.92206253 2.53418647
v -0.79363538 -0.79363529 2.61969194
v -0.79363538 -0.79363529 2.61969194
v -0.92206253 -0.92206253 2.53418647
v -1.01950271 -0.81302654 2.53418647
v -0.79363538 -0.79363529 2.61969194
v -1.01950271 -0.81302654 2.53418647
v -0.87750433 -0.69978610 2.61969194
v -0.87750433 -0.69978610 2.61969194
v -1.01950271 -0.81302654 2.53418647
v -1.10412268 -0.69376631 2.53418647
v -0.87750433 -0.69978610 2.61969194
v -1.10412268 -0.69376631 2.53418647
v -0.95033748 -0.59713675 2.61969194
v -0.95033748 -0.59713675 2.61969194
v -1.10412268 -0.69376631 2.53418647
v -1.17485775 -0.56578149 2.53418647
v -0.95033748 -0.59713675 2.61969194
v -1.17485775 -0.56578149 2.53418647
v -1.01121990 -0.48697800 2.61969194
v -1.01121990 -0.48697800 2.61969194
v -1.17485775 -0.56578149 2.53418647
v -1.23081757 -0.43068170 2.53418647
v -1.01121990 -0.48697800 2.61969194
v -1.23081757 -0.43068170 2.53418647
v -1.05938641 -0.37069526 2.61969194
v -1.05938641 -0.37069526 2.61969194
v -1.23081757 -0.43068170 2.53418647
v -1.27129955 -0.29016582 2.53418647
v -1.05938641 -0.37069526 2.61969194
v -1.27129955 -0.29016582 2.53418647
v -1.09422980 -0.24975077 2.61969194
v -1.09422980 -0.24975077 2.61969194
v -1.27129955 -0.29016582 2.53418647
v -1.29579408 -0.14600093 2.53418647
v -1.09422980 -0.24975077 2.61969194
v -1.29579408 -0.14600093 2.53418647
v -1.11531271 -0.12566554 2.61969194
v -1.11531271 -0.12566554 2.61969194
v -1.29579408 -0.14600093 2.53418647
v -1.30399344 0.00000000 2.53418647
v -1.11531271 -0.12566554 2.61969194
v -1.30399344 0.00000000 2.53418647
v -1.12236990 0.00000000 2.61969194
v -1.12236990 0.00000000 2.61969194
v -1.30399344 0.00000000 2.53418647
v -1.29579408 0.14600093 2.53418647
v -1.12236990 0.00000000 2.61969194
v -1.29579408 0.14600093 2.53418647
v -1.11531271 0.12566554 2.61969194
v -1.11531271 0.12566554 2.61969194
v -1.29579408 0.14600093 2.53418647
v -1.27129955 0.29016582 2.53418647
v -1.11531271 0.12566554 2.61969194
v -1.27129955 0.29016582 2.53418647
v -1.09422980 0.24975077 2.61969194
v -1.09422980 0.24975077 2.61969194
v -1.27129955 0.29016582 2.53418647
v -1.23081757 0.43068170 2.53418647
v -1.09422980 0.24975077 2.61969194
v -1.23081757 0.43068170 2.53418647
v -1.05938641 0.37069523 2.61969194
v -1.05938641 0.37069523 2.61969194
v -1.23081757 0.43068170 2.53418647
v -1.17485775 0.56578149 2.53418647
v -1.05938641 0.37069523 2.61969194
v -1.17485775 0.56578149 2.53418647
v -1.01121990 0.48697800 2.61969194
v -1.01121990 0.48697800 2.61969194
v -1.17485775 0.56578149 2.53418647
v -1.10412268 0.69376626 2.53418647
v -1.01121990 0.48697800 2.61969194
v -1.10412268 0.69376626 2.53418647
v -0.95033748 0.59713675 2.61969194
v -0.95033748 0.59713675 2.61969194
v -1.10412268 0.69376626 2.53418647
v -1.01950271 0.81302654 2.53418647
v -0.95033748 0.59713675 2.61969194
v -1.01950271 0.81302654 2.53418647
v -0.87750433 0.69978614 2.61969194
v -0.87750433 0.69978614 2.61969194
v -1.01950271 0.81302654 2.53418647
v -0.92206253 0.92206253 2.53418647
v -0.87750433 0.69978614 2.61969194
v -0.92206253 0.92206253 2.53418647
v -0.79363538 0.79363529 2.61969194
v -0.79363538 0.79363529 2.61969194
v -0.92206253 0.92206253 2.53418647
v -0.81302626 1.01950299 2.53418647
v -0.79363538 0.79363529 2.61969194
v -0.81302626 1.01950299 2.53418647
v -0.69978633 0.87750405 2.61969194
v -0.69978633 0.87750405 2.61969194
v -0.81302626 1.01950299 2.53418647
v -0.69376626 1.10412268 2.53418647
v -0.69978633 0.87750405 2.61969194
v -0.69376626 1.10412268 2.53418647
v -0.59713670 0.95033767 2.61969194
v -0.59713670 0.95033767 2.61969194
v -0.69376626 1.10412268 2.53418647
v -0.56578168 1.17485737 2.53418647
v -0.59713670 0.95033767 2.61969194
v -0.56578168 1.17485737 2.53418647
v -0.48697763 1.01122027 2.61969194
v -0.48697763 1.01122027 2.61969194
v -0.56578168 1.17485737 2.53418647
v -0.43068179 1.23081757 2.53418647
v -0.48697763 1.01122027 2.61969194
v -0.43068179 1.23081757 2.53418647
v -0.37069495 1.05938613 2.61969194
v -0.37069495 1.05938613 2.61969194
v -0.43068179 1.23081757 2.53418647
v -0.29016610 1.27129946 2.53418647
v -0.37069495 1.05938613 2.61969194
v -0.29016610 1.27129946 2.53418647
v -0.24975042 1.09422961 2.61969194
v -0.24975042 1.09422961 2.61969194
v -0.29016610 1.27129946 2.53418647
v -0.14600109 1.29579408 2.53418647
v -0.24975042 1.09422961 2.61969194
v -0.14600109 1.29579408 2.53418647
v -0.12566547 1.11531261 2.61969194
v -0.12566547 1.11531261 2.61969194
v -0.14600109 1.29579408 2.53418647
v -0.00000025 1.12236980 2.61969194
v -0.12566547 1.11531261 2.61969194
v -0.00000025 1.12236980 2.61969194
v -0.00000025 1.06812585 2.64227297
v -0.00000025 1.06812585 2.64227297
v -0.10477330 0.92989048 2.69199293
v -0.12566547 1.11531261 2.61969194
v -0.12566547 1.11531261 2.61969194
v -0.10477330 0.92989048 2.69199293
v -0.20822908 0.91231260 2.69199293
v -0.12566547 1.11531261 2.61969194
v -0.20822908 0.91231260 2.69199293
v -0.24975042 1.09422961 2.61969194
v -0.24975042 1.09422961 2.61969194
v -0.20822908 0.91231260 2.69199293
v -0.30906673 0.88326186 2.69199293
v -0.24975042 1.09422961 2.61969194
v -0.30906673 0.88326186 2.69199293
v -0.37069495 1.05938613 2.61969194
v -0.37069495 1.05938613 2.61969194
v -0.30906673 0.88326186 2.69199293
v -0.40601739 0.84310360 2.69199293
v -0.37069495 1.05938613 2.61969194
v -0.40601739 0.84310360 2.69199293
v -0.48697763 1.01122027 2.61969194
v -0.48697763 1.01122027 2.61969194
v -0.40601739 0.84310360 2.69199293
v -0.49786218 0.79234289 2.69199293
v -0.48697763 1.01122027 2.61969194
v -0.49786218 0.79234289 2.69199293
v -0.59713670 0.95033767 2.61969194
v -0.59713670 0.95033767 2.61969194
v -0.49786218 0.79234289 2.69199293
v -0.58344551 0.73161791 2.69199293
v -0.59713670 0.95033767 2.61969194
v -0.58344551 0.73161791 2.69199293
v -0.69978633 0.87750405 2.61969194
v -0.69978633 0.87750405 2.61969194
v -0.58344551 0.73161791 2.69199293
v -0.66169226 0.66169244 2.69199293
v -0.69978633 0.87750405 2.61969194
v -0.66169226 0.66169244 2.69199293
v -0.79363538 0.79363529 2.61969194
v -0.79363538 0.79363529 2.61969194
v -0.66169226 0.66169244 2.69199293
v -0.73161819 0.58344579 2.69199293
v -0.79363538 0.79363529 2.61969194
v -0.73161819 0.58344579 2.69199293
v -0.87750433 0.69978614 2.61969194
v -0.87750433 0.69978614 2.61969194
v -0.73161819 0.58344579 2.69199293
v -0.79234270 0.49786200 2.69199293
v -0.87750433 0.69978614 2.61969194
v -0.79234270 0.49786200 2.69199293
v -0.95033748 0.59713675 2.61969194
v -0.95033748 0.59713675 2.61969194
v -0.79234270 0.49786200 2.69199293
v -0.84310351 0.40601729 2.69199293
v -0.95033748 0.59713675 2.61969194
v -0.84310351 0.40601729 2.69199293
v -1.01121990 0.48697800 2.61969194
v -1.01121990 0.48697800 2.61969194
v -0.84310351 0.40601729 2.69199293
v -0.88326214 0.30906671 2.69199293
v -1.01121990 0.48697800 2.61969194
v -0.88326214 0.30906671 2.69199293
v -1.05938641 0.37069523 2.61969194
v -1.05938641 0.37069523 2.61969194
v -0.88326214 0.30906671 2.69199293
v -0.91231270 0.20822941 2.69199293
v -1.05938641 0.37069523 2.61969194
v -0.91231270 0.20822941 2.69199293
v -1.09422980 0.24975077 2.61969194
v -1.09422980 0.24975077 2.61969194
v -0.91231270 0.20822941 2.69199293
v -0.92989085 0.10477350 2.69199293
v -1.09422980 0.24975077 2.61969194
v -0.92989085 0.10477350 2.69199293
v -1.11531271 0.12566554 2.61969194
v -1.11531271 0.12566554 2.61969194
v -0.92989085 0.10477350 2.69199293
v -0.93577458 0.00000000 2.69199293
v -1.11531271 0.12566554 2.61969194
v -0.93577458 0.00000000 2.69199293
v -1.12236990 0.00000000 2.61969194
v -1.12236990 0.00000000 2.61969194
v -0.93577458 0.00000000 2.69199293
v -0.92989085 -0.10477349 2.69199293
v -1.12236990 0.00000000 2.61969194
v -0.92989085 -0.10477349 2.69199293
v -1.11531271 -0.12566554 2.61969194
v -1.11531271 -0.12566554 2.61969194
v -0.92989085 -0.10477349 2.69199293
v -0.91231270 -0.20822941 2.69199293
v -1.11531271 -0.12566554 2.61969194
v -0.91231270 -0.20822941 2.69199293
v -1.09422980 -0.24975077 2.61969194
v -1.09422980 -0.24975077 2.61969194
v -0.91231270 -0.20822941 2.69199293
v -0.88326214 -0.30906671 2.69199293
v -1.09422980 -0.24975077 2.61969194
v -0.88326214 -0.30906671 2.69199293
v -1.05938641 -0.37069526 2.61969194
v -1.05938641 -0.37069526 2.61969194
v -0.88326214 -0.30906671 2.69199293
v -0.84310351 -0.40601729 2.69199293
v -1.05938641 -0.37069526 2.61969194
v -0.84310351 -0.40601729 2.69199293
v -1.01121990 -0.48697800 2.61969194
v -1.01121990 -0.48697800 2.61969194
v -0.84310351 -0.40601729 2.69199293
v -0.79234270 -0.49786200 2.69199293
v -1.01121990 -0.48697800 2.61969194
v -0.79234270 -0.49786200 2.69199293
v -0.95033748 -0.59713675 2.61969194
v -0.95033748 -0.59713675 2.61969194
v -0.79234270 -0.49786200 2.69199293
v -0.73161819 -0.58344579 2.69199293
v -0.95033748 -0.59713675 2.61969194
v -0.73161819 -0.58344579 2.69199293
v -0.87750433 -0.69978610 2.61969194
v -0.87750433 -0.69978610 2.61969194
v -0.73161819 -0.58344579 2.69199293
v -0.66169226 -0.66169244 2.69199293
v -0.87750433 -0.69978610 2.61969194
v -0.66169226 -0.66169244 2.69199293
v -0.79363538 -0.79363529 2.61969194
v -0.79363538 -0.79363529 2.61969194
v -0.66169226 -0.66169244 2.69199293
v -0.58344551 -0.73161786 2.69199293
v -0.79363538 -0.79363529 2.61969194
v -0.58344551 -0.73161786 2.69199293
v -0.69978633 -0.87750405 2.61969194
v -0.69978633 -0.87750405 2.61969194
v -0.58344551 -0.73161786 2.69199293
v -0.49786218 -0.79234289 2.69199293
v -0.69978633 -0.87750405 2.61969194
v -0.49786218 -0.79234289 2.69199293
v -0.59713670 -0.95033767 2.61969194
v -0.59713670 -0.95033767 2.61969194
v -0.49786218 -0.79234289 2.69199293
v -0.40601739 -0.84310360 2.69199293
v -0.59713670 -0.95033767 2.61969194
v -0.40601739 -0.84310360 2.69199293
v -0.48697763 -1.01122027 2.61969194
v -0.48697763 -1.01122027 2.61969194
v -0.40601739 -0.84310360 2.69199293
v -0.30906673 -0.88326186 2.69199293
v -0.48697763 -1.01122027 2.61969194
v -0.30906673 -0.88326186 2.69199293
v -0.37069495 -1.05938613 2.61969194
v -0.37069495 -1.05938613 2.61969194
v -0.30906673 -0.88326186 2.69199293
v -0.20822908 -0.91231260 2.69199293
v -0.37069495 -1.05938613 2.61969194
v -0.20822908 -0.91231260 2.69199293
v -0.24975042 -1.09422961 2.61969194
v -0.24975042 -1.09422961 2.61969194
v -0.20822908 -0.91231260 2.69199293
v -0.10477330 -0.92989048 2.69199293
v -0.24975042 -1.09422961 2.61969194
v -0.10477330 -0.92989048 2.69199293
v -0.12566547 -1.11531261 2.61969194
v -0.12566547 -1.11531261 2.61969194
v -0.10477330 -0.92989048 2.69199293
v -0.00000025 -1.12236980 2.61969194
v -0.12566547 -1.11531261 2.61969194
v -0.00000025 -1.12236980 2.61969194
v -0.00000025 -1.18711013 2.59099770
v -0.10477330 0.92989048 2.69199293
v -0.08343335 0.74049006 2.75085680
v -0.16581740 0.72649247 2.75085680
v -0.08343335 -0.74049011 2.75085680
v -0.00000025 -0.74517559 2.75085680
v -0.00000025 -0.87855849 2.71120537
v -0.10477330 0.92989048 2.69199293
v -0.16581740 0.72649247 2.75085680
v -0.20822908 0.91231260 2.69199293
v -0.20822908 0.91231260 2.69199293
v -0.16581740 0.72649247 2.75085680
v -0.24611603 0.70335879 2.75085680
v -0.20822908 0.91231260 2.69199293
v -0.24611603 0.70335879 2.75085680
v -0.30906673 0.88326186 2.69199293
v -0.30906673 0.88326186 2.69199293
v -0.24611603 0.70335879 2.75085680
v -0.32331969 0.67138001 2.75085680
v -0.30906673 0.88326186 2.69199293
v -0.32331969 0.67138001 2.75085680
v -0.40601739 0.84310360 2.69199293
v -0.40601739 0.84310360 2.69199293
v -0.32331969 0.67138001 2.75085680
v -0.39645755 0.63095819 2.75085680
v -0.40601739 0.84310360 2.69199293
v -0.39645755 0.63095819 2.75085680
v -0.49786218 0.79234289 2.69199293
v -0.49786218 0.79234289 2.69199293
v -0.39645755 0.63095819 2.75085680
v -0.46460950 0.58260174 2.75085680
v -0.49786218 0.79234289 2.69199293
v -0.46460950 0.58260174 2.75085680
v -0.58344551 0.73161791 2.69199293
v -0.58344551 0.73161791 2.69199293
v -0.46460950 0.58260174 2.75085680
v -0.52691870 0.52691870 2.75085680
v -0.58344551 0.73161791 2.69199293
v -0.52691870 0.52691870 2.75085680
v -0.66169226 0.66169244 2.69199293
v -0.66169226 0.66169244 2.69199293
v -0.52691870 0.52691870 2.75085680
v -0.58260136 0.46460936 2.75085680
v -0.66169226 0.66169244 2.69199293
v -0.58260136 0.46460936 2.75085680
v -0.73161819 0.58344579 2.69199293
v -0.73161819 0.58344579 2.69199293
v -0.58260136 0.46460936 2.75085680
v -0.63095787 0.39645731 2.75085680
v -0.73161819 0.58344579 2.69199293
v -0.63095787 0.39645731 2.75085680
v -0.79234270 0.49786200 2.69199293
v -0.79234270 0.49786200 2.69199293
v -0.63095787 0.39645731 2.75085680
v -0.67138025 0.32331955 2.75085680
v -0.79234270 0.49786200 2.69199293
v -0.67138025 0.32331955 2.75085680
v -0.84310351 0.40601729 2.69199293
v -0.84310351 0.40601729 2.69199293
v -0.67138025 0.32331955 2.75085680
v -0.70335888 0.24611589 2.75085680
v -0.84310351 0.40601729 2.69199293
v -0.70335888 0.24611589 2.75085680
v -0.88326214 0.30906671 2.69199293
v -0.88326214 0.30906671 2.69199293
v -0.70335888 0.24611589 2.75085680
v -0.72649219 0.16581716 2.75085680
v -0.88326214 0.30906671 2.69199293
v -0.72649219 0.16581716 2.75085680
v -0.91231270 0.20822941 2.69199293
v -0.91231270 0.20822941 2.69199293
v -0.72649219 0.16581716 2.75085680
v -0.74049034 0.08343319 2.75085680
v -0.91231270 0.20822941 2.69199293
v -0.74049034 0.08343319 2.75085680
v -0.92989085 0.10477350 2.69199293
v -0.92989085 0.10477350 2.69199293
v -0.74049034 0.08343319 2.75085680
v -0.74517527 0.00000000 2.75085680
v -0.92989085 0.10477350 2.69199293
v -0.74517527 0.00000000 2.75085680
v -0.93577458 0.00000000 2.69199293
v -0.93577458 0.00000000 2.69199293
v -0.74517527 0.00000000 2.75085680
v -0.74049034 -0.08343320 2.75085680
v -0.93577458 0.00000000 2.69199293
v -0.74049034 -0.08343320 2.75085680
v -0.92989085 -0.10477349 2.69199293
v -0.92989085 -0.10477349 2.69199293
v -0.74049034 -0.08343320 2.75085680
v -0.72649219 -0.16581716 2.75085680
v -0.92989085 -0.10477349 2.69199293
v -0.72649219 -0.16581716 2.75085680
v -0.91231270 -0.20822941 2.69199293
v -0.91231270 -0.20822941 2.69199293
v -0.72649219 -0.16581716 2.75085680
v -0.70335888 -0.24611589 2.75085680
v -0.91231270 -0.20822941 2.69199293
v -0.70335888 -0.24611589 2.75085680
v -0.88326214 -0.30906671 2.69199293
v -0.88326214 -0.30906671 2.69199293
v -0.70335888 -0.24611589 2.75085680
v -0.67138025 -0.32331957 2.75085680
v -0.88326214 -0.30906671 2.69199293
v -0.67138025 -0.32331957 2.75085680
v -0.84310351 -0.40601729 2.69199293
v -0.84310351 -0.40601729 2.69199293
v -0.67138025 -0.32331957 2.75085680
v -0.63095787 -0.39645731 2.75085680
v -0.84310351 -0.40601729 2.69199293
v -0.63095787 -0.39645731 2.75085680
v -0.79234270 -0.49786200 2.69199293
v -0.79234270 -0.49786200 2.69199293
v -0.63095787 -0.39645731 2.75085680
v -0.58260136 -0.46460936 2.75085680
v -0.79234270 -0.49786200 2.69199293
v -0.58260136 -0.46460936 2.75085680
v -0.73161819 -0.58344579 2.69199293
v -0.73161819 -0.58344579 2.69199293
v -0.58260136 -0.46460936 2.75085680
v -0.52691870 -0.52691870 2.75085680
v -0.73161819 -0.58344579 2.69199293
v -0.52691870 -0.52691870 2.75085680
v -0.66169226 -0.66169244 2.69199293
v -0.66169226 -0.66169244 2.69199293
v -0.52691870 -0.52691870 2.75085680
v -0.46460950 -0.58260174 2.75085680
v -0.66169226 -0.66169244 2.69199293
v -0.46460950 -0.58260174 2.75085680
v -0.58344551 -0.73161786 2.69199293
v -0.58344551 -0.73161786 2.69199293
v -0.46460950 -0.58260174 2.75085680
v -0.39645755 -0.63095819 2.75085680
v -0.58344551 -0.73161786 2.69199293
v -0.39645755 -0.63095819 2.75085680
v -0.49786218 -0.79234289 2.69199293
v -0.49786218 -0.79234289 2.69199293
v -0.39645755 -0.63095819 2.75085680
v -0.32331969 -0.67138001 2.75085680
v -0.49786218 -0.79234289 2.69199293
v -0.32331969 -0.67138001 2.75085680
v -0.40601739 -0.84310360 2.69199293
v -0.40601739 -0.84310360 2.69199293
v -0.32331969 -0.67138001 2.75085680
v -0.24611603 -0.70335884 2.75085680
v -0.40601739 -0.84310360 2.69199293
v -0.24611603 -0.70335884 2.75085680
v -0.30906673 -0.88326186 2.69199293
v -0.30906673 -0.88326186 2.69199293
v -0.24611603 -0.70335884 2.75085680
v -0.16581740 -0.72649242 2.75085680
v -0.30906673 -0.88326186 2.69199293
v -0.16581740 -0.72649242 2.75085680
v -0.20822908 -0.91231260 2.69199293
v -0.20822908 -0.91231260 2.69199293
v -0.16581740 -0.72649242 2.75085680
v -0.08343335 -0.74049011 2.75085680
v -0.20822908 -0.91231260 2.69199293
v -0.08343335 -0.74049011 2.75085680
v -0.10477330 -0.92989048 2.69199293
v -0.10477330 -0.92989048 2.69199293
v -0.08343335 -0.74049011 2.75085680
v -0.00000025 -0.87855849 2.71120537
v -0.10477330 -0.92989048 2.69199293
v -0.00000025 -0.87855849 2.71120537
v -0.00000025 -0.93577439 2.69199293
v -0.08343335 0.74049006 2.75085680
v -0.06175365 0.54808012 2.79612131
v -0.12273069 0.53771967 2.79612131
v -0.08343335 0.74049006 2.75085680
v -0.12273069 0.53771967 2.79612131
v -0.16581740 0.72649247 2.75085680
v -0.16581740 0.72649247 2.75085680
v -0.12273069 0.53771967 2.79612131
v -0.18216472 0.52059707 2.79612131
v -0.16581740 0.72649247 2.75085680
v -0.18216472 0.52059707 2.79612131
v -0.24611603 0.70335879 2.75085680
v -0.24611603 0.70335879 2.75085680
v -0.18216472 0.52059707 2.79612131
v -0.23930769 0.49692770 2.79612131
v -0.24611603 0.70335879 2.75085680
v -0.23930769 0.49692770 2.79612131
v -0.32331969 0.67138001 2.75085680
v -0.32331969 0.67138001 2.75085680
v -0.23930769 0.49692770 2.79612131
v -0.29344137 0.46700914 2.79612131
v -0.32331969 0.67138001 2.75085680
v -0.29344137 0.46700914 2.79612131
v -0.39645755 0.63095819 2.75085680
v -0.39645755 0.63095819 2.75085680
v -0.29344137 0.46700914 2.79612131
v -0.34388478 0.43121772 2.79612131
v -0.39645755 0.63095819 2.75085680
v -0.34388478 0.43121772 2.79612131
v -0.46460950 0.58260174 2.75085680
v -0.46460950 0.58260174 2.75085680
v -0.34388478 0.43121772 2.79612131
v -0.39000313 0.39000344 2.79612131
v -0.46460950 0.58260174 2.75085680
v -0.39000313 0.39000344 2.79612131
v -0.52691870 0.52691870 2.75085680
v -0.52691870 0.52691870 2.75085680
v -0.39000313 0.39000344 2.79612131
v -0.43121749 0.34388464 2.79612131
v -0.52691870 0.52691870 2.75085680
v -0.43121749 0.34388464 2.79612131
v -0.58260136 0.46460936 2.75085680
v -0.58260136 0.46460936 2.75085680
v -0.43121749 0.34388464 2.79612131
v -0.46700933 0.29344130 2.79612131
v -0.58260136 0.46460936 2.75085680
v -0.46700933 0.29344130 2.79612131
v -0.63095787 0.39645731 2.75085680
v -0.63095787 0.39645731 2.75085680
v -0.46700933 0.29344130 2.79612131
v -0.49692788 0.23930778 2.79612131
v -0.63095787 0.39645731 2.75085680
v -0.49692788 0.23930778 2.79612131
v -0.67138025 0.32331955 2.75085680
v -0.67138025 0.32331955 2.75085680
v -0.49692788 0.23930778 2.79612131
v -0.52059689 0.18216480 2.79612131
v -0.67138025 0.32331955 2.75085680
v -0.52059689 0.18216480 2.79612131
v -0.70335888 0.24611589 2.75085680
v -0.70335888 0.24611589 2.75085680
v -0.52059689 0.18216480 2.79612131
v -0.53771981 0.12273100 2.79612131
v -0.70335888 0.24611589 2.75085680
v -0.53771981 0.12273100 2.79612131
v -0.72649219 0.16581716 2.75085680
v -0.72649219 0.16581716 2.75085680
v -0.53771981 0.12273100 2.79612131
v -0.54807984 0.06175380 2.79612131
v -0.72649219 0.16581716 2.75085680
v -0.54807984 0.06175380 2.79612131
v -0.74049034 0.08343319 2.75085680
v -0.74049034 0.08343319 2.75085680
v -0.54807984 0.06175380 2.79612131
v -0.55154809 0.00000000 2.79612131
v -0.74049034 0.08343319 2.75085680
v -0.55154809 0.00000000 2.79612131
v -0.74517527 0.00000000 2.75085680
v -0.74517527 0.00000000 2.75085680
v -0.55154809 0.00000000 2.79612131
v -0.54807984 -0.06175380 2.79612131
v -0.74517527 0.00000000 2.75085680
v -0.54807984 -0.06175380 2.79612131
v -0.74049034 -0.08343320 2.75085680
v -0.74049034 -0.08343320 2.75085680
v -0.54807984 -0.06175380 2.79612131
v -0.53771981 -0.12273102 2.79612131
v -0.74049034 -0.08343320 2.75085680
v -0.53771981 -0.12273102 2.79612131
v -0.72649219 -0.16581716 2.75085680
v -0.72649219 -0.16581716 2.75085680
v -0.53771981 -0.12273102 2.79612131
v -0.52059689 -0.18216481 2.79612131
v -0.72649219 -0.16581716 2.75085680
v -0.52059689 -0.18216481 2.79612131
v -0.70335888 -0.24611589 2.75085680
v -0.70335888 -0.24611589 2.75085680
v -0.52059689 -0.18216481 2.79612131
v -0.49692788 -0.23930776 2.79612131
v -0.70335888 -0.24611589 2.75085680
v -0.49692788 -0.23930776 2.79612131
v -0.67138025 -0.32331957 2.75085680
v -0.67138025 -0.32331957 2.75085680
v -0.49692788 -0.23930776 2.79612131
v -0.46700933 -0.29344130 2.79612131
v -0.67138025 -0.32331957 2.75085680
v -0.46700933 -0.29344130 2.79612131
v -0.63095787 -0.39645731 2.75085680
v -0.63095787 -0.39645731 2.75085680
v -0.46700933 -0.29344130 2.79612131
v -0.43121749 -0.34388462 2.79612131
v -0.63095787 -0.39645731 2.75085680
v -0.43121749 -0.34388462 2.79612131
v -0.58260136 -0.46460936 2.75085680
v -0.58260136 -0.46460936 2.75085680
v -0.43121749 -0.34388462 2.79612131
v -0.39000313 -0.39000344 2.79612131
v -0.58260136 -0.46460936 2.75085680
v -0.39000313 -0.39000344 2.79612131
v -0.52691870 -0.52691870 2.75085680
v -0.52691870 -0.52691870 2.75085680
v -0.39000313 -0.39000344 2.79612131
v -0.34388478 -0.43121772 2.79612131
v -0.52691870 -0.52691870 2.75085680
v -0.34388478 -0.43121772 2.79612131
v -0.46460950 -0.58260174 2.75085680
v -0.46460950 -0.58260174 2.75085680
v -0.34388478 -0.43121772 2.79612131
v -0.29344137 -0.46700914 2.79612131
v -0.46460950 -0.58260174 2.75085680
v -0.29344137 -0.46700914 2.79612131
v -0.39645755 -0.63095819 2.75085680
v -0.39645755 -0.63095819 2.75085680
v -0.29344137 -0.46700914 2.79612131
v -0.23930769 -0.49692770 2.79612131
v -0.39645755 -0.63095819 2.75085680
v -0.23930769 -0.49692770 2.79612131
v -0.32331969 -0.67138001 2.75085680
v -0.32331969 -0.67138001 2.75085680
v -0.23930769 -0.49692770 2.79612131
v -0.18216472 -0.52059707 2.79612131
v -0.32331969 -0.67138001 2.75085680
v -0.18216472 -0.52059707 2.79612131
v -0.24611603 -0.70335884 2.75085680
v -0.24611603 -0.70335884 2.75085680
v -0.18216472 -0.52059707 2.79612131
v -0.12273069 -0.53771967 2.79612131
v -0.24611603 -0.70335884 2.75085680
v -0.12273069 -0.53771967 2.79612131
v -0.16581740 -0.72649242 2.75085680
v -0.16581740 -0.72649242 2.75085680
v -0.12273069 -0.53771967 2.79612131
v -0.06175365 -0.54808012 2.79612131
v -0.16581740 -0.72649242 2.75085680
v -0.06175365 -0.54808012 2.79612131
v -0.08343335 -0.74049011 2.75085680
v -0.08343335 -0.74049011 2.75085680
v -0.06175365 -0.54808012 2.79612131
v -0.00000025 -0.55814637 2.79481169
v -0.08343335 -0.74049011 2.75085680
v -0.00000025 -0.55814637 2.79481169
v -0.00000025 -0.74517559 2.75085680
v -0.06175365 0.54808012 2.79612131
v -0.03984447 0.35363086 2.82769464
v -0.07918801 0.34694613 2.82769464
v -0.06175365 0.54808012 2.79612131
v -0.07918801 0.34694613 2.82769464
v -0.12273069 0.53771967 2.79612131
v -0.12273069 0.53771967 2.79612131
v -0.07918801 0.34694613 2.82769464
v -0.11753615 0.33589834 2.82769464
v -0.12273069 0.53771967 2.79612131
v -0.11753615 0.33589834 2.82769464
v -0.18216472 0.52059707 2.79612131
v -0.18216472 0.52059707 2.79612131
v -0.11753615 0.33589834 2.82769464
v -0.15440534 0.32062645 2.82769464
v -0.18216472 0.52059707 2.79612131
v -0.15440534 0.32062645 2.82769464
v -0.23930769 0.49692770 2.79612131
v -0.23930769 0.49692770 2.79612131
v -0.15440534 0.32062645 2.82769464
v -0.18933367 0.30132248 2.82769464
v -0.23930769 0.49692770 2.79612131
v -0.18933367 0.30132248 2.82769464
v -0.29344137 0.46700914 2.79612131
v -0.29344137 0.46700914 2.79612131
v -0.18933367 0.30132248 2.82769464
v -0.22188004 0.27822920 2.82769464
v -0.29344137 0.46700914 2.79612131
v -0.22188004 0.27822920 2.82769464
v -0.34388478 0.43121772 2.79612131
v -0.34388478 0.43121772 2.79612131
v -0.22188004 0.27822920 2.82769464
v -0.25163691 0.25163703 2.82769464
v -0.34388478 0.43121772 2.79612131
v -0.25163691 0.25163703 2.82769464
v -0.39000313 0.39000344 2.79612131
v -0.39000313 0.39000344 2.79612131
v -0.25163691 0.25163703 2.82769464
v -0.27822952 0.22188039 2.82769464
v -0.39000313 0.39000344 2.79612131
v -0.27822952 0.22188039 2.82769464
v -0.43121749 0.34388464 2.79612131
v -0.43121749 0.34388464 2.79612131
v -0.27822952 0.22188039 2.82769464
v -0.30132260 0.18933346 2.82769464
v -0.43121749 0.34388464 2.79612131
v -0.30132260 0.18933346 2.82769464
v -0.46700933 0.29344130 2.79612131
v -0.46700933 0.29344130 2.79612131
v -0.30132260 0.18933346 2.82769464
v -0.32062631 0.15440555 2.82769464
v -0.46700933 0.29344130 2.79612131
v -0.32062631 0.15440555 2.82769464
v -0.49692788 0.23930778 2.79612131
v -0.49692788 0.23930778 2.79612131
v -0.32062631 0.15440555 2.82769464
v -0.33589851 0.11753591 2.82769464
v -0.49692788 0.23930778 2.79612131
v -0.33589851 0.11753591 2.82769464
v -0.52059689 0.18216480 2.79612131
v -0.52059689 0.18216480 2.79612131
v -0.33589851 0.11753591 2.82769464
v -0.34694623 0.07918819 2.82769464
v -0.52059689 0.18216480 2.79612131
v -0.34694623 0.07918819 2.82769464
v -0.53771981 0.12273100 2.79612131
v -0.53771981 0.12273100 2.79612131
v -0.34694623 0.07918819 2.82769464
v -0.35363089 0.03984463 2.82769464
v -0.53771981 0.12273100 2.79612131
v -0.35363089 0.03984463 2.82769464
v -0.54807984 0.06175380 2.79612131
v -0.54807984 0.06175380 2.79612131
v -0.35363089 0.03984463 2.82769464
v -0.35586830 0.00000000 2.82769464
v -0.54807984 0.06175380 2.79612131
v -0.35586830 0.00000000 2.82769464
v -0.55154809 0.00000000 2.79612131
v -0.55154809 0.00000000 2.79612131
v -0.35586830 0.00000000 2.82769464
v -0.35363089 -0.03984463 2.82769464
v -0.55154809 0.00000000 2.79612131
v -0.35363089 -0.03984463 2.82769464
v -0.54807984 -0.06175380 2.79612131
v -0.54807984 -0.06175380 2.79612131
v -0.35363089 -0.03984463 2.82769464
v -0.34694623 -0.07918819 2.82769464
v -0.54807984 -0.06175380 2.79612131
v -0.34694623 -0.07918819 2.82769464
v -0.53771981 -0.12273102 2.79612131
v -0.53771981 -0.12273102 2.79612131
v -0.34694623 -0.07918819 2.82769464
v -0.33589851 -0.11753591 2.82769464
v -0.53771981 -0.12273102 2.79612131
v -0.33589851 -0.11753591 2.82769464
v -0.52059689 -0.18216481 2.79612131
v -0.52059689 -0.18216481 2.79612131
v -0.33589851 -0.11753591 2.82769464
v -0.32062631 -0.15440555 2.82769464
v -0.52059689 -0.18216481 2.79612131
v -0.32062631 -0.15440555 2.82769464
v -0.49692788 -0.23930776 2.79612131
v -0.49692788 -0.23930776 2.79612131
v -0.32062631 -0.15440555 2.82769464
v -0.30132260 -0.18933346 2.82769464
v -0.49692788 -0.23930776 2.79612131
v -0.30132260 -0.18933346 2.82769464
v -0.46700933 -0.29344130 2.79612131
v -0.46700933 -0.29344130 2.79612131
v -0.30132260 -0.18933346 2.82769464
v -0.27822952 -0.22188039 2.82769464
v -0.46700933 -0.29344130 2.79612131
v -0.27822952 -0.22188039 2.82769464
v -0.43121749 -0.34388462 2.79612131
v -0.43121749 -0.34388462 2.79612131
v -0.27822952 -0.22188039 2.82769464
v -0.25163691 -0.25163703 2.82769464
v -0.43121749 -0.34388462 2.79612131
v -0.25163691 -0.25163703 2.82769464
v -0.39000313 -0.39000344 2.79612131
v -0.39000313 -0.39000344 2.79612131
v -0.25163691 -0.25163703 2.82769464
v -0.22188004 -0.27822920 2.82769464
v -0.39000313 -0.39000344 2.79612131
v -0.22188004 -0.27822920 2.82769464
v -0.34388478 -0.43121772 2.79612131
v -0.34388478 -0.43121772 2.79612131
v -0.22188004 -0.27822920 2.82769464
v -0.18933367 -0.30132248 2.82769464
v -0.34388478 -0.43121772 2.79612131
v -0.18933367 -0.30132248 2.82769464
v -0.29344137 -0.46700914 2.79612131
v -0.29344137 -0.46700914 2.79612131
v -0.18933367 -0.30132248 2.82769464
v -0.15440534 -0.32062642 2.82769464
v -0.29344137 -0.46700914 2.79612131
v -0.15440534 -0.32062642 2.82769464
v -0.23930769 -0.49692770 2.79612131
v -0.23930769 -0.49692770 2.79612131
v -0.15440534 -0.32062642 2.82769464
v -0.11753615 -0.33589834 2.82769464
v -0.23930769 -0.49692770 2.79612131
v -0.11753615 -0.33589834 2.82769464
v -0.18216472 -0.52059707 2.79612131
v -0.18216472 -0.52059707 2.79612131
v -0.11753615 -0.33589834 2.82769464
v -0.07918801 -0.34694616 2.82769464
v -0.18216472 -0.52059707 2.79612131
v -0.07918801 -0.34694616 2.82769464
v -0.12273069 -0.53771967 2.79612131
v -0.12273069 -0.53771967 2.79612131
v -0.07918801 -0.34694616 2.82769464
v -0.03984447 -0.35363086 2.82769464
v -0.12273069 -0.53771967 2.79612131
v -0.03984447 -0.35363086 2.82769464
v -0.06175365 -0.54808012 2.79612131
v -0.06175365 -0.54808012 2.79612131
v -0.03984447 -0.35363086 2.82769464
v -0.00000025 -0.55154813 2.79612131
v -0.06175365 -0.54808012 2.79612131
v -0.00000025 -0.55154813 2.79612131
v -0.00000025 -0.55814637 2.79481169
v -0.00000025 1.06812585 2.64227297
v -0.00000025 0.93577439 2.69199293
v -0.10477330 0.92989048 2.69199293
v -0.10477330 0.92989048 2.69199293
v -0.00000025 0.93577439 2.69199293
v -0.00000025 0.74517559 2.75085680
v -0.10477330 0.92989048 2.69199293
v -0.00000025 0.74517559 2.75085680
v -0.08343335 0.74049006 2.75085680
v -0.08343335 0.74049006 2.75085680
v -0.00000025 0.74517559 2.75085680
v -0.00000025 0.55154813 2.79612131
v -0.08343335 0.74049006 2.75085680
v -0.00000025 0.55154813 2.79612131
v -0.06175365 0.54808012 2.79612131
v -0.06175365 0.54808012 2.79612131
v -0.00000025 0.55154813 2.79612131
v -0.00000025 0.43054898 2.81729084
v -0.06175365 0.54808012 2.79612131
v -0.00000025 0.43054898 2.81729084
v -0.03984447 0.35363086 2.82769464
v -0.03984447 0.35363086 2.82769464
v -0.00000025 0.43054898 2.81729084
v -0.00000025 0.35586851 2.82769464
v -0.03984447 0.35363086 2.82769464
v -0.00000025 0.35586851 2.82769464
v -0.00000025 0.15910957 2.84555517
v -0.00000025 0.00000000 2.85000000
v -0.00000025 -0.15910957 2.84555517
v -0.01781459 -0.15810912 2.84555517
v -0.01781459 -0.15810912 2.84555517
v -0.00000025 -0.15910957 2.84555517
v -0.00000025 -0.23019919 2.84068789
v -0.03540541 -0.15512037 2.84555517
v -0.00000025 0.00000000 2.85000000
v -0.01781459 -0.15810912 2.84555517
v -0.00000025 -0.23019919 2.84068789
v -0.03984447 -0.35363086 2.82769464
v -0.01781459 -0.15810912 2.84555517
v -0.01781459 -0.15810912 2.84555517
v -0.03984447 -0.35363086 2.82769464
v -0.07918801 -0.34694616 2.82769464
v -0.01781459 -0.15810912 2.84555517
v -0.07918801 -0.34694616 2.82769464
v -0.03540541 -0.15512037 2.84555517
v -0.03540541 -0.15512037 2.84555517
v -0.07918801 -0.34694616 2.82769464
v -0.11753615 -0.33589834 2.82769464
v -0.03540541 -0.15512037 2.84555517
v -0.11753615 -0.33589834 2.82769464
v -0.05255069 -0.15018086 2.84555517
v -0.05255069 -0.15018086 2.84555517
v -0.11753615 -0.33589834 2.82769464
v -0.15440534 -0.32062642 2.82769464
v -0.05255069 -0.15018086 2.84555517
v -0.15440534 -0.32062642 2.82769464
v -0.06903510 -0.14335278 2.84555517
v -0.06903510 -0.14335278 2.84555517
v -0.15440534 -0.32062642 2.82769464
v -0.18933367 -0.30132248 2.82769464
v -0.06903510 -0.14335278 2.84555517
v -0.18933367 -0.30132248 2.82769464
v -0.08465152 -0.13472193 2.84555517
v -0.08465152 -0.13472193 2.84555517
v -0.18933367 -0.30132248 2.82769464
v -0.22188004 -0.27822920 2.82769464
v -0.08465152 -0.13472193 2.84555517
v -0.22188004 -0.27822920 2.82769464
v -0.09920325 -0.12439687 2.84555517
v -0.09920325 -0.12439687 2.84555517
v -0.22188004 -0.27822920 2.82769464
v -0.25163691 -0.25163703 2.82769464
v -0.09920325 -0.12439687 2.84555517
v -0.25163691 -0.25163703 2.82769464
v -0.11250775 -0.11250747 2.84555517
v -0.11250775 -0.11250747 2.84555517
v -0.25163691 -0.25163703 2.82769464
v -0.27822952 -0.22188039 2.82769464
v -0.11250775 -0.11250747 2.84555517
v -0.27822952 -0.22188039 2.82769464
v -0.12439664 -0.09920320 2.84555517
v -0.12439664 -0.09920320 2.84555517
v -0.27822952 -0.22188039 2.82769464
v -0.30132260 -0.18933346 2.82769464
v -0.12439664 -0.09920320 2.84555517
v -0.30132260 -0.18933346 2.82769464
v -0.13472165 -0.08465140 2.84555517
v -0.13472165 -0.08465140 2.84555517
v -0.30132260 -0.18933346 2.82769464
v -0.32062631 -0.15440555 2.82769464
v -0.13472165 -0.08465140 2.84555517
v -0.32062631 -0.15440555 2.82769464
v -0.14335241 -0.06903505 2.84555517
v -0.14335241 -0.06903505 2.84555517
v -0.32062631 -0.15440555 2.82769464
v -0.33589851 -0.11753591 2.82769464
v -0.14335241 -0.06903505 2.84555517
v -0.33589851 -0.11753591 2.82769464
v -0.15018086 -0.05255056 2.84555517
v -0.15018086 -0.05255056 2.84555517
v -0.33589851 -0.11753591 2.82769464
v -0.34694623 -0.07918819 2.82769464
v -0.15018086 -0.05255056 2.84555517
v -0.34694623 -0.07918819 2.82769464
v -0.15512060 -0.03540522 2.84555517
v -0.15512060 -0.03540522 2.84555517
v -0.34694623 -0.07918819 2.82769464
v -0.35363089 -0.03984463 2.82769464
v -0.15512060 -0.03540522 2.84555517
v -0.35363089 -0.03984463 2.82769464
v -0.15810903 -0.01781462 2.84555517
v -0.15810903 -0.01781462 2.84555517
v -0.35363089 -0.03984463 2.82769464
v -0.35586830 0.00000000 2.82769464
v -0.15810903 -0.01781462 2.84555517
v -0.35586830 0.00000000 2.82769464
v -0.15910964 0.00000000 2.84555517
v -0.15910964 0.00000000 2.84555517
v -0.35586830 0.00000000 2.82769464
v -0.35363089 0.03984463 2.82769464
v -0.15910964 0.00000000 2.84555517
v -0.35363089 0.03984463 2.82769464
v -0.15810903 0.01781462 2.84555517
v -0.15810903 0.01781462 2.84555517
v -0.35363089 0.03984463 2.82769464
v -0.34694623 0.07918819 2.82769464
v -0.15810903 0.01781462 2.84555517
v -0.34694623 0.07918819 2.82769464
v -0.15512060 0.03540521 2.84555517
v -0.15512060 0.03540521 2.84555517
v -0.34694623 0.07918819 2.82769464
v -0.33589851 0.11753591 2.82769464
v -0.15512060 0.03540521 2.84555517
v -0.33589851 0.11753591 2.82769464
v -0.15018086 0.05255056 2.84555517
v -0.15018086 0.05255056 2.84555517
v -0.33589851 0.11753591 2.82769464
v -0.32062631 0.15440555 2.82769464
v -0.15018086 0.05255056 2.84555517
v -0.32062631 0.15440555 2.82769464
v -0.14335241 0.06903505 2.84555517
v -0.14335241 0.06903505 2.84555517
v -0.32062631 0.15440555 2.82769464
v -0.30132260 0.18933346 2.82769464
v -0.14335241 0.06903505 2.84555517
v -0.30132260 0.18933346 2.82769464
v -0.13472165 0.08465140 2.84555517
v -0.13472165 0.08465140 2.84555517
v -0.30132260 0.18933346 2.82769464
v -0.27822952 0.22188039 2.82769464
v -0.13472165 0.08465140 2.84555517
v -0.27822952 0.22188039 2.82769464
v -0.12439664 0.09920320 2.84555517
v -0.12439664 0.09920320 2.84555517
v -0.27822952 0.22188039 2.82769464
v -0.25163691 0.25163703 2.82769464
v -0.12439664 0.09920320 2.84555517
v -0.25163691 0.25163703 2.82769464
v -0.11250775 0.11250746 2.84555517
v -0.11250775 0.11250746 2.84555517
v -0.25163691 0.25163703 2.82769464
v -0.22188004 0.27822920 2.82769464
v -0.11250775 0.11250746 2.84555517
v -0.22188004 0.27822920 2.82769464
v -0.09920325 0.12439687 2.84555517
v -0.09920325 0.12439687 2.84555517
v -0.22188004 0.27822920 2.82769464
v -0.18933367 0.30132248 2.82769464
v -0.09920325 0.12439687 2.84555517
v -0.18933367 0.30132248 2.82769464
v -0.08465152 0.13472192 2.84555517
v -0.08465152 0.13472192 2.84555517
v -0.18933367 0.30132248 2.82769464
v -0.15440534 0.32062645 2.82769464
v -0.08465152 0.13472192 2.84555517
v -0.15440534 0.32062645 2.82769464
v -0.06903510 0.14335277 2.84555517
v -0.06903510 0.14335277 2.84555517
v -0.15440534 0.32062645 2.82769464
v -0.11753615 0.33589834 2.82769464
v -0.06903510 0.14335277 2.84555517
v -0.11753615 0.33589834 2.82769464
v -0.05255069 0.15018088 2.84555517
v -0.05255069 0.15018088 2.84555517
v -0.11753615 0.33589834 2.82769464
v -0.07918801 0.34694613 2.82769464
v -0.05255069 0.15018088 2.84555517
v -0.07918801 0.34694613 2.82769464
v -0.03540541 0.15512037 2.84555517
v -0.03540541 0.15512037 2.84555517
v -0.07918801 0.34694613 2.82769464
v -0.03984447 0.35363086 2.82769464
v -0.03540541 0.15512037 2.84555517
v -0.03984447 0.35363086 2.82769464
v -0.01781459 0.15810912 2.84555517
v -0.01781459 0.15810912 2.84555517
v -0.03984447 0.35363086 2.82769464
v -0.00000025 0.15910957 2.84555517
v -0.01781459 0.15810912 2.84555517
v -0.00000025 0.15910957 2.84555517
v -0.00000025 0.10085566 2.84821484
v 2.66777854 1.81086119 1.96290668
v 2.69056614 1.83458403 1.91555880
v 2.71781441 1.83949750 1.92054622
v 2.38017049 1.70043092 2.07729917
v 2.38766428 1.70427002 2.06935108
v 2.39383411 1.70423090 2.07403470
v 2.27200072 1.67599227 2.09197681
v 2.24338528 1.67103019 2.08954718
v 2.34120768 1.69347953 2.07746252
v 2.38017049 1.70043092 2.07729917
v 2.36179810 1.69817545 2.07399782
v 2.38727238 1.70430578 2.06916481
v 2.80001964 2.00478192 1.50000704
v 2.80718636 2.00477708 1.50000686
v 2.79974993 1.99798886 1.53009174
v 2.79974993 1.99798886 1.53009174
v 2.80718636 2.00477708 1.50000686
v 2.81959828 1.97620690 1.60707086
v 2.79974993 1.99798886 1.53009174
v 2.81959828 1.97620690 1.60707086
v 2.79510077 1.97298490 1.61643680
v 2.80176904 1.93023533 1.73420161
v 2.74723228 1.88988298 1.81362592
v 2.76612919 1.91418510 1.76429860
v 2.76612919 1.91418510 1.76429860
v 2.77466010 1.92737821 1.73534378
v 2.80176904 1.93023533 1.73420161
v 2.80176904 1.93023533 1.73420161
v 2.77466010 1.92737821 1.73534378
v 2.78280508 1.94208827 1.70008801
v 2.80176904 1.93023533 1.73420161
v 2.78280508 1.94208827 1.70008801
v 2.84507107 1.95403062 1.67960431
v 2.84507107 1.95403062 1.67960431
v 2.78280508 1.94208827 1.70008801
v 2.79510077 1.97298490 1.61643680
v 2.84507107 1.95403062 1.67960431
v 2.79510077 1.97298490 1.61643680
v 2.85267364 1.96983535 1.63118858
v 2.85267364 1.96983535 1.63118858
v 2.79510077 1.97298490 1.61643680
v 2.81959828 1.97620690 1.60707086
v 2.85267364 1.96983535 1.63118858
v 2.81959828 1.97620690 1.60707086
v 2.85746213 1.98221523 1.58907417
v 2.85746213 1.98221523 1.58907417
v 2.81959828 1.97620690 1.60707086
v 2.80718636 2.00477708 1.50000686
v 2.85746213 1.98221523 1.58907417
v 2.80718636 2.00477708 1.50000686
v 2.86199059 2.00473182 1.50000686
v 2.84507107 1.95403062 1.67960431
v 2.84092333 1.94621552 1.70008801
v 2.80176904 1.93023533 1.73420161
v 2.80176904 1.93023533 1.73420161
v 2.84092333 1.94621552 1.70008801
v 2.82205325 1.92168597 1.76277980
v 2.80176904 1.93023533 1.73420161
v 2.82205325 1.92168597 1.76277980
v 2.74723228 1.88988298 1.81362592
v 2.74723228 1.88988298 1.81362592
v 2.82205325 1.92168597 1.76277980
v 2.79475730 1.89497340 1.82042513
v 2.74723228 1.88988298 1.81362592
v 2.79475730 1.89497340 1.82042513
v 2.74057817 1.88302770 1.82799473
v 2.74057817 1.88302770 1.82799473
v 2.79475730 1.89497340 1.82042513
v 2.76119839 1.86847467 1.87117886
v 2.74057817 1.88302770 1.82799473
v 2.76119839 1.86847467 1.87117886
v 2.71217208 1.85513571 1.87806841
v 2.71781441 1.83949750 1.92054622
v 2.69056614 1.83458403 1.91555880
v 2.76119839 1.86847467 1.87117886
v 2.51047444 1.74380224 2.03325860
v 2.56339069 1.76531542 2.01031081
v 2.56369095 1.76522862 2.01049540
v 2.56369095 1.76522862 2.01049540
v 2.56339069 1.76531542 2.01031081
v 2.56414320 1.76562127 2.00998466
v 2.56369095 1.76522862 2.01049540
v 2.56414320 1.76562127 2.00998466
v 2.57014763 1.76806245 2.00738069
v 2.71217208 1.85513571 1.87806841
v 2.76119839 1.86847467 1.87117886
v 2.70858686 1.85271800 1.88349858
v 2.70858686 1.85271800 1.88349858
v 2.76119839 1.86847467 1.87117886
v 2.69056614 1.83458403 1.91555880
v 2.70858686 1.85271800 1.88349858
v 2.69056614 1.83458403 1.91555880
v 2.67155748 1.82405338 1.93010252
v 2.67155748 1.82405338 1.93010252
v 2.69056614 1.83458403 1.91555880
v 2.66777854 1.81086119 1.96290668
v 2.67155748 1.82405338 1.93010252
v 2.66777854 1.81086119 1.96290668
v 2.62529608 1.79565027 1.97230335
v 2.62529608 1.79565027 1.97230335
v 2.66777854 1.81086119 1.96290668
v 2.61208545 1.78332757 1.99762471
v 2.62529608 1.79565027 1.97230335
v 2.61208545 1.78332757 1.99762471
v 2.57014763 1.76806245 2.00738069
v 2.57014763 1.76806245 2.00738069
v 2.61208545 1.78332757 1.99762471
v 2.55038347 1.75661948 2.02643238
v 2.57014763 1.76806245 2.00738069
v 2.55038347 1.75661948 2.02643238
v 2.56369095 1.76522862 2.01049540
v 2.56369095 1.76522862 2.01049540
v 2.55038347 1.75661948 2.02643238
v 2.54865121 1.75598487 2.02703122
v 2.56369095 1.76522862 2.01049540
v 2.54865121 1.75598487 2.02703122
v 2.51047444 1.74380224 2.03325860
v 2.54865121 1.75598487 2.02703122
v 2.51667108 1.74427144 2.03808397
v 2.51047444 1.74380224 2.03325860
v 2.51047444 1.74380224 2.03325860
v 2.51667108 1.74427144 2.03808397
v 2.48784628 1.73371378 2.04804596
v 2.51047444 1.74380224 2.03325860
v 2.48784628 1.73371378 2.04804596
v 2.49518733 1.73758715 2.03988794
v 2.49518733 1.73758715 2.03988794
v 2.48784628 1.73371378 2.04804596
v 2.49379780 1.73702221 2.04049069
v 2.49379780 1.73702221 2.04049069
v 2.48784628 1.73371378 2.04804596
v 2.47516315 1.72906816 2.05242969
v 2.49379780 1.73702221 2.04049069
v 2.47516315 1.72906816 2.05242969
v 2.45177727 1.72270238 2.05369964
v 2.47516315 1.72906816 2.05242969
v 2.45780628 1.72344036 2.05743480
v 2.45177727 1.72270238 2.05369964
v 2.45177727 1.72270238 2.05369964
v 2.45780628 1.72344036 2.05743480
v 2.43355539 1.71590224 2.06396505
v 2.45177727 1.72270238 2.05369964
v 2.43355539 1.71590224 2.06396505
v 2.43938174 1.71880387 2.05707848
v 2.43938174 1.71880387 2.05707848
v 2.43355539 1.71590224 2.06396505
v 2.39805337 1.70705430 2.06691846
v 2.39805337 1.70705430 2.06691846
v 2.43355539 1.71590224 2.06396505
v 2.39383411 1.70423090 2.07403470
v 2.39805337 1.70705430 2.06691846
v 2.39383411 1.70423090 2.07403470
v 2.38810536 1.70451440 2.06899587
v 2.38810536 1.70451440 2.06899587
v 2.39383411 1.70423090 2.07403470
v 2.38766428 1.70427002 2.06935108
v 2.38810536 1.70451440 2.06899587
v 2.38766428 1.70427002 2.06935108
v 2.38727238 1.70430578 2.06916481
v 2.38727238 1.70430578 2.06916481
v 2.38766428 1.70427002 2.06935108
v 2.38017049 1.70043092 2.07729917
v 2.36179810 1.69817545 2.07399782
v 2.38017049 1.70043092 2.07729917
v 2.34120768 1.69347953 2.07746252
v 2.34120768 1.69347953 2.07746252
v 2.38017049 1.70043092 2.07729917
v 2.31816974 1.68506335 2.08969712
v 2.34120768 1.69347953 2.07746252
v 2.31816974 1.68506335 2.08969712
v 2.27200072 1.67599227 2.09197681
v 2.63340008 1.79494787 2.05567814
v 2.66777854 1.81086119 1.96290668
v 2.69601326 1.82833057 2.02186499
v 2.69601326 1.82833057 2.02186499
v 2.66777854 1.81086119 1.96290668
v 2.71781441 1.83949750 1.92054622
v 2.69601326 1.82833057 2.02186499
v 2.71781441 1.83949750 1.92054622
v 2.75288727 1.86344068 1.98043939
v 2.75288727 1.86344068 1.98043939
v 2.71781441 1.83949750 1.92054622
v 2.76119839 1.86847467 1.87117886
v 2.75288727 1.86344068 1.98043939
v 2.76119839 1.86847467 1.87117886
v 2.80258488 1.89939253 1.93065740
v 2.80258488 1.89939253 1.93065740
v 2.76119839 1.86847467 1.87117886
v 2.79475730 1.89497340 1.82042513
v 2.80258488 1.89939253 1.93065740
v 2.79475730 1.89497340 1.82042513
v 2.88349520 1.96698010 1.93292834
v 2.88349520 1.96698010 1.93292834
v 2.79475730 1.89497340 1.82042513
v 2.82205325 1.92168597 1.76277980
v 2.88349520 1.96698010 1.93292834
v 2.82205325 1.92168597 1.76277980
v 2.91180592 1.99866872 1.86041445
v 2.91180592 1.99866872 1.86041445
v 2.82205325 1.92168597 1.76277980
v 2.84092333 1.94621552 1.70008801
v 2.91180592 1.99866872 1.86041445
v 2.84092333 1.94621552 1.70008801
v 2.93085258 2.02445183 1.79443099
v 2.93085258 2.02445183 1.79443099
v 2.84092333 1.94621552 1.70008801
v 2.94842999 2.05574036 1.70008801
v 2.56648418 1.76417828 2.08262280
v 2.55038347 1.75661948 2.02643238
v 2.63340008 1.79494787 2.05567814
v 2.63340008 1.79494787 2.05567814
v 2.55038347 1.75661948 2.02643238
v 2.61208545 1.78332757 1.99762471
v 2.63340008 1.79494787 2.05567814
v 2.61208545 1.78332757 1.99762471
v 2.66777854 1.81086119 1.96290668
v 2.56648418 1.76417828 2.08262280
v 2.47516315 1.72906816 2.05242969
v 2.48784628 1.73371378 2.04804596
v 2.48784628 1.73371378 2.04804596
v 2.51667108 1.74427144 2.03808397
v 2.56648418 1.76417828 2.08262280
v 2.56648418 1.76417828 2.08262280
v 2.51667108 1.74427144 2.03808397
v 2.54865121 1.75598487 2.02703122
v 2.56648418 1.76417828 2.08262280
v 2.54865121 1.75598487 2.02703122
v 2.55038347 1.75661948 2.02643238
v 2.59090271 1.77323278 2.22371928
v 2.51084324 1.74028687 2.25503016
v 2.45780628 1.72344036 2.05743480
v 2.31741872 1.68386213 2.29937118
v 2.31816974 1.68506335 2.08969712
v 2.41794866 1.70930196 2.28052344
v 2.41794866 1.70930196 2.28052344
v 2.31816974 1.68506335 2.08969712
v 2.38017049 1.70043092 2.07729917
v 2.41794866 1.70930196 2.28052344
v 2.38017049 1.70043092 2.07729917
v 2.43039187 1.71303991 2.27766372
v 2.43039187 1.71303991 2.27766372
v 2.38017049 1.70043092 2.07729917
v 2.39383411 1.70423090 2.07403470
v 2.43039187 1.71303991 2.27766372
v 2.39383411 1.70423090 2.07403470
v 2.51084324 1.74028687 2.25503016
v 2.51084324 1.74028687 2.25503016
v 2.39383411 1.70423090 2.07403470
v 2.43355539 1.71590224 2.06396505
v 2.51084324 1.74028687 2.25503016
v 2.43355539 1.71590224 2.06396505
v 2.45780628 1.72344036 2.05743480
v 2.20950674 1.66500136 2.31306516
v 2.24338528 1.67103019 2.08954718
v 2.31741872 1.68386213 2.29937118
v 2.31741872 1.68386213 2.29937118
v 2.24338528 1.67103019 2.08954718
v 2.27200072 1.67599227 2.09197681
v 2.31741872 1.68386213 2.29937118
v 2.27200072 1.67599227 2.09197681
v 2.31816974 1.68506335 2.08969712
v 1.97201129 1.64926145 2.32431423
v 1.97177436 1.64926555 2.09999997
v 2.09386628 1.65328719 2.32145246
v 2.09386628 1.65328719 2.32145246
v 1.97177436 1.64926555 2.09999997
v 2.09151041 1.65328402 2.09832340
v 2.09386628 1.65328719 2.32145246
v 2.09151041 1.65328402 2.09832340
v 2.13801842 1.65679455 2.31895056
v 2.13801842 1.65679455 2.31895056
v 2.09151041 1.65328402 2.09832340
v 2.18348559 1.66223794 2.09414493
v 2.13801842 1.65679455 2.31895056
v 2.18348559 1.66223794 2.09414493
v 2.20950674 1.66500136 2.31306516
v 2.20950674 1.66500136 2.31306516
v 2.18348559 1.66223794 2.09414493
v 2.20416766 1.66500006 2.09275410
v 2.20950674 1.66500136 2.31306516
v 2.20416766 1.66500006 2.09275410
v 2.24338528 1.67103019 2.08954718
v 2.88349520 1.96698010 1.93292834
v 2.85208058 1.93709936 1.99381821
v 2.80258488 1.89939253 1.93065740
v 2.80258488 1.89939253 1.93065740
v 2.85208058 1.93709936 1.99381821
v 2.80936267 1.90207195 2.05565710
v 2.80258488 1.89939253 1.93065740
v 2.80936267 1.90207195 2.05565710
v 2.75288727 1.86344068 1.98043939
v 2.75288727 1.86344068 1.98043939
v 2.80936267 1.90207195 2.05565710
v 2.76600402 1.87083595 2.10421737
v 2.75288727 1.86344068 1.98043939
v 2.76600402 1.87083595 2.10421737
v 2.69601326 1.82833057 2.02186499
v 2.69601326 1.82833057 2.02186499
v 2.76600402 1.87083595 2.10421737
v 2.71460023 1.83796417 2.14934181
v 2.69601326 1.82833057 2.02186499
v 2.71460023 1.83796417 2.14934181
v 2.63340008 1.79494787 2.05567814
v 2.63340008 1.79494787 2.05567814
v 2.71460023 1.83796417 2.14934181
v 2.65586432 1.80491507 2.18952987
v 2.63340008 1.79494787 2.05567814
v 2.65586432 1.80491507 2.18952987
v 2.56648418 1.76417828 2.08262280
v 2.56648418 1.76417828 2.08262280
v 2.65586432 1.80491507 2.18952987
v 2.59090271 1.77323278 2.22371928
v 2.56648418 1.76417828 2.08262280
v 2.59090271 1.77323278 2.22371928
v 2.47516315 1.72906816 2.05242969
v 2.47516315 1.72906816 2.05242969
v 2.59090271 1.77323278 2.22371928
v 2.45780628 1.72344036 2.05743480
v 2.59679016 -1.83463302 1.99218579
v 2.59703081 -1.83447059 1.99224371
v 2.59726252 -1.83504242 1.99184883
v 2.71476191 -1.96524486 1.87776405
v 2.69138496 -1.93052255 1.90979224
v 2.69982871 -1.93294361 1.91377308
v 2.82635149 -2.13159453 1.72362830
v 2.83260029 -2.15085857 1.70065481
v 2.77163368 -2.06608679 1.78393945
v 2.83260029 -2.15085857 1.70065481
v 2.78280508 -2.14438066 1.70008801
v 2.76519489 -2.07822155 1.76831391
v 2.82635149 -2.13159453 1.72362830
v 2.77163368 -2.06608679 1.78393945
v 2.80308332 -2.07520928 1.78575721
v 2.80308332 -2.07520928 1.78575721
v 2.77163368 -2.06608679 1.78393945
v 2.79137325 -2.06330381 1.79541856
v 2.80308332 -2.07520928 1.78575721
v 2.79137325 -2.06330381 1.79541856
v 2.77241152 -2.02060137 1.84102096
v 2.68932860 -1.91630423 1.93226747
v 2.68141907 -1.91760361 1.92147866
v 2.66874414 -1.90242585 1.93501618
v 2.68932860 -1.91630423 1.93226747
v 2.66874414 -1.90242585 1.93501618
v 2.66572144 -1.89275723 1.95048116
v 2.66572144 -1.89275723 1.95048116
v 2.66874414 -1.90242585 1.93501618
v 2.65884828 -1.89140271 1.94470510
v 2.66572144 -1.89275723 1.95048116
v 2.65884828 -1.89140271 1.94470510
v 2.63515543 -1.86488964 1.97132528
v 2.63515543 -1.86488964 1.97132528
v 2.65884828 -1.89140271 1.94470510
v 2.63995733 -1.87202971 1.96141358
v 2.63515543 -1.86488964 1.97132528
v 2.63995733 -1.87202971 1.96141358
v 2.62682643 -1.85826458 1.97605658
v 2.62682643 -1.85826458 1.97605658
v 2.63995733 -1.87202971 1.96141358
v 2.61831041 -1.85327679 1.97684448
v 2.62682643 -1.85826458 1.97605658
v 2.61831041 -1.85327679 1.97684448
v 2.62125861 -1.85383558 1.97921954
v 2.59152409 -1.83007084 1.99593995
v 2.57564392 -1.81755014 2.00513229
v 2.59566288 -1.83347482 1.99375991
v 2.61831041 -1.85327679 1.97684448
v 2.61440855 -1.84989665 1.97962597
v 2.62125861 -1.85383558 1.97921954
v 2.62125861 -1.85383558 1.97921954
v 2.61440855 -1.84989665 1.97962597
v 2.59726252 -1.83504242 1.99184883
v 2.62125861 -1.85383558 1.97921954
v 2.59726252 -1.83504242 1.99184883
v 2.59737950 -1.83483977 1.99278500
v 2.59737950 -1.83483977 1.99278500
v 2.59726252 -1.83504242 1.99184883
v 2.59703081 -1.83447059 1.99224371
v 2.59737950 -1.83483977 1.99278500
v 2.59703081 -1.83447059 1.99224371
v 2.59566288 -1.83347482 1.99375991
v 2.59566288 -1.83347482 1.99375991
v 2.59703081 -1.83447059 1.99224371
v 2.59679016 -1.83463302 1.99218579
v 2.59566288 -1.83347482 1.99375991
v 2.59679016 -1.83463302 1.99218579
v 2.59152409 -1.83007084 1.99593995
v 2.83260029 -2.15085857 1.70065481
v 2.76519489 -2.07822155 1.76831391
v 2.77163368 -2.06608679 1.78393945
v 2.77163368 -2.06608679 1.78393945
v 2.76519489 -2.07822155 1.76831391
v 2.74272319 -2.01891176 1.82666499
v 2.77163368 -2.06608679 1.78393945
v 2.74272319 -2.01891176 1.82666499
v 2.79137325 -2.06330381 1.79541856
v 2.79137325 -2.06330381 1.79541856
v 2.74272319 -2.01891176 1.82666499
v 2.75772344 -2.01931857 1.83386281
v 2.79137325 -2.06330381 1.79541856
v 2.75772344 -2.01931857 1.83386281
v 2.77241152 -2.02060137 1.84102096
v 2.77241152 -2.02060137 1.84102096
v 2.75772344 -2.01931857 1.83386281
v 2.72404980 -1.97515916 1.87079012
v 2.77241152 -2.02060137 1.84102096
v 2.72404980 -1.97515916 1.87079012
v 2.73312759 -1.96602046 1.89119522
v 2.74272319 -2.01891176 1.82666499
v 2.74176951 -2.01677736 1.82873234
v 2.75772344 -2.01931857 1.83386281
v 2.75772344 -2.01931857 1.83386281
v 2.74176951 -2.01677736 1.82873234
v 2.72822808 -1.98899340 1.85541306
v 2.75772344 -2.01931857 1.83386281
v 2.72822808 -1.98899340 1.85541306
v 2.72404980 -1.97515916 1.87079012
v 2.72404980 -1.97515916 1.87079012
v 2.72822808 -1.98899340 1.85541306
v 2.71476191 -1.96524486 1.87776405
v 2.72404980 -1.97515916 1.87079012
v 2.71476191 -1.96524486 1.87776405
v 2.73312759 -1.96602046 1.89119522
v 2.73312759 -1.96602046 1.89119522
v 2.71476191 -1.96524486 1.87776405
v 2.69982871 -1.93294361 1.91377308
v 2.73312759 -1.96602046 1.89119522
v 2.69982871 -1.93294361 1.91377308
v 2.68932860 -1.91630423 1.93226747
v 2.68932860 -1.91630423 1.93226747
v 2.69982871 -1.93294361 1.91377308
v 2.69138496 -1.93052255 1.90979224
v 2.68932860 -1.91630423 1.93226747
v 2.69138496 -1.93052255 1.90979224
v 2.68141907 -1.91760361 1.92147866
v 2.41053011 -1.72837526 2.06467025
v 2.37067919 -1.71320233 2.07283832
v 2.43341010 -1.72469579 2.26890370
v 2.43341010 -1.72469579 2.26890370
v 2.37067919 -1.71320233 2.07283832
v 2.35114079 -1.69747081 2.28934325
v 2.37067919 -1.71320233 2.07283832
v 2.33335029 -1.70073416 2.07908079
v 2.35114079 -1.69747081 2.28934325
v 2.35114079 -1.69747081 2.28934325
v 2.33335029 -1.70073416 2.07908079
v 2.30996963 -1.69374365 2.08239704
v 2.35114079 -1.69747081 2.28934325
v 2.30996963 -1.69374365 2.08239704
v 2.26374473 -1.67646222 2.30477192
v 2.26374473 -1.67646222 2.30477192
v 2.30996963 -1.69374365 2.08239704
v 2.21749227 -1.67177841 2.09207572
v 2.26374473 -1.67646222 2.30477192
v 2.21749227 -1.67177841 2.09207572
v 2.24450137 -1.67276524 2.30745655
v 2.24450137 -1.67276524 2.30745655
v 2.21749227 -1.67177841 2.09207572
v 2.11932492 -1.65707860 2.09764317
v 2.24450137 -1.67276524 2.30745655
v 2.11932492 -1.65707860 2.09764317
v 2.16873642 -1.66108329 2.31588036
v 2.16873642 -1.66108329 2.31588036
v 2.11932492 -1.65707860 2.09764317
v 2.01573204 -1.64997615 2.09984835
v 2.16873642 -1.66108329 2.31588036
v 2.01573204 -1.64997615 2.09984835
v 2.06558388 -1.65180974 2.32250392
v 2.06558388 -1.65180974 2.32250392
v 2.01573204 -1.64997615 2.09984835
v 1.97192188 -1.64926965 2.09999997
v 2.06558388 -1.65180974 2.32250392
v 1.97192188 -1.64926965 2.09999997
v 1.97201129 -1.64927263 2.32430603
v 2.43341010 -1.72469579 2.26890370
v 2.45717149 -1.73403118 2.26177704
v 2.41053011 -1.72837526 2.06467025
v 2.41053011 -1.72837526 2.06467025
v 2.45717149 -1.73403118 2.26177704
v 2.49742996 -1.75145231 2.24831365
v 2.41053011 -1.72837526 2.06467025
v 2.49742996 -1.75145231 2.24831365
v 2.45320778 -1.74693465 2.05384735
v 2.45320778 -1.74693465 2.05384735
v 2.49742996 -1.75145231 2.24831365
v 2.53214296 -1.76820289 2.23516393
v 2.45320778 -1.74693465 2.05384735
v 2.53214296 -1.76820289 2.23516393
v 2.47915294 -1.75950229 2.04601474
v 2.47915294 -1.75950229 2.04601474
v 2.53214296 -1.76820289 2.23516393
v 2.51808371 -1.78042445 2.03207154
v 2.53214296 -1.76820289 2.23516393
v 2.60137599 -1.80706568 2.20386311
v 2.51808371 -1.78042445 2.03207154
v 2.51808371 -1.78042445 2.03207154
v 2.60137599 -1.80706568 2.20386311
v 2.66405623 -1.85006186 2.16789544
v 2.51808371 -1.78042445 2.03207154
v 2.66405623 -1.85006186 2.16789544
v 2.57564392 -1.81755014 2.00513229
v 2.62682643 -1.85826458 1.97605658
v 2.68417727 -1.86587777 2.15429794
v 2.73760986 -1.91348940 2.11212151
v 2.62682643 -1.85826458 1.97605658
v 2.62125861 -1.85383558 1.97921954
v 2.68417727 -1.86587777 2.15429794
v 2.68417727 -1.86587777 2.15429794
v 2.62125861 -1.85383558 1.97921954
v 2.59737950 -1.83483977 1.99278500
v 2.68417727 -1.86587777 2.15429794
v 2.59737950 -1.83483977 1.99278500
v 2.66405623 -1.85006186 2.16789544
v 2.66405623 -1.85006186 2.16789544
v 2.59737950 -1.83483977 1.99278500
v 2.59566288 -1.83347482 1.99375991
v 2.66405623 -1.85006186 2.16789544
v 2.59566288 -1.83347482 1.99375991
v 2.57564392 -1.81755014 2.00513229
v 2.68932860 -1.91630423 1.93226747
v 2.66572144 -1.89275723 1.95048116
v 2.73760986 -1.91348940 2.11212151
v 2.73760986 -1.91348940 2.11212151
v 2.66572144 -1.89275723 1.95048116
v 2.63515543 -1.86488964 1.97132528
v 2.73760986 -1.91348940 2.11212151
v 2.63515543 -1.86488964 1.97132528
v 2.62682643 -1.85826458 1.97605658
v 2.73760986 -1.91348940 2.11212151
v 2.78514158 -1.96426231 2.06498727
v 2.68932860 -1.91630423 1.93226747
v 2.68932860 -1.91630423 1.93226747
v 2.78514158 -1.96426231 2.06498727
v 2.81446557 -2.00079530 2.02961024
v 2.68932860 -1.91630423 1.93226747
v 2.81446557 -2.00079530 2.02961024
v 2.73312759 -1.96602046 1.89119522
v 2.81446557 -2.00079530 2.02961024
v 2.82681640 -2.01769546 2.01281011
v 2.73312759 -1.96602046 1.89119522
v 2.73312759 -1.96602046 1.89119522
v 2.82681640 -2.01769546 2.01281011
v 2.84926649 -2.05128584 1.97856650
v 2.73312759 -1.96602046 1.89119522
v 2.84926649 -2.05128584 1.97856650
v 2.77241152 -2.02060137 1.84102096
v 2.84926649 -2.05128584 1.97856650
v 2.86513027 -2.07780078 1.95070319
v 2.77241152 -2.02060137 1.84102096
v 2.77241152 -2.02060137 1.84102096
v 2.86513027 -2.07780078 1.95070319
v 2.88230311 -2.10987199 1.91596970
v 2.77241152 -2.02060137 1.84102096
v 2.88230311 -2.10987199 1.91596970
v 2.80308332 -2.07520928 1.78575721
v 2.80308332 -2.07520928 1.78575721
v 2.88230311 -2.10987199 1.91596970
v 2.90870797 -2.16897316 1.84879825
v 2.80308332 -2.07520928 1.78575721
v 2.90870797 -2.16897316 1.84879825
v 2.82635149 -2.13159453 1.72362830
v 2.82635149 -2.13159453 1.72362830
v 2.90870797 -2.16897316 1.84879825
v 2.92915832 -2.22825129 1.77690610
v 2.94454973 -2.28731409 1.70008820
v 2.93964650 -2.28142180 1.70008801
v 2.92915832 -2.22825129 1.77690610
v 2.92915832 -2.22825129 1.77690610
v 2.93964650 -2.28142180 1.70008801
v 2.93484684 -2.27561444 1.70008801
v 2.93484684 -2.27561444 1.70008801
v 2.88348105 -2.21343655 1.70008801
v 2.92915832 -2.22825129 1.77690610
v 2.92915832 -2.22825129 1.77690610
v 2.88348105 -2.21343655 1.70008801
v 2.83260029 -2.15085857 1.70065481
v 2.92915832 -2.22825129 1.77690610
v 2.83260029 -2.15085857 1.70065481
v 2.82635149 -2.13159453 1.72362830
v 3.00222989 1.96144152 1.95324700
v 2.91180592 1.99866872 1.86041445
v 3.00154444 1.99798569 1.86800007
v 3.00154444 1.99798569 1.86800007
v 2.91180592 1.99866872 1.86041445
v 2.93085258 2.02445183 1.79443099
v 3.58081125 2.05894280 1.70008801
v 3.58043574 2.01669354 1.83430314
v 3.18099000 2.05764677 1.70008801
v 3.18099000 2.05764677 1.70008801
v 3.58043574 2.01669354 1.83430314
v 3.00154444 1.99798569 1.86800007
v 3.18099000 2.05764677 1.70008801
v 3.00154444 1.99798569 1.86800007
v 3.14723663 2.05743425 1.70008801
v 3.14723663 2.05743425 1.70008801
v 3.00154444 1.99798569 1.86800007
v 2.93085258 2.02445183 1.79443099
v 3.14723663 2.05743425 1.70008801
v 2.93085258 2.02445183 1.79443099
v 2.94842999 2.05574036 1.70008801
v 3.00217625 1.87518857 2.10692864
v 2.80936267 1.90207195 2.05565710
v 3.00248098 1.92057472 2.03348361
v 3.00248098 1.92057472 2.03348361
v 2.80936267 1.90207195 2.05565710
v 2.85208058 1.93709936 1.99381821
v 3.00248098 1.92057472 2.03348361
v 2.85208058 1.93709936 1.99381821
v 3.00222989 1.96144152 1.95324700
v 3.00222989 1.96144152 1.95324700
v 2.85208058 1.93709936 1.99381821
v 2.88349520 1.96698010 1.93292834
v 3.00222989 1.96144152 1.95324700
v 2.88349520 1.96698010 1.93292834
v 2.91180592 1.99866872 1.86041445
v 3.00152730 1.82490293 2.17279382
v 2.71460023 1.83796417 2.14934181
v 3.00217625 1.87518857 2.10692864
v 3.00217625 1.87518857 2.10692864
v 2.71460023 1.83796417 2.14934181
v 2.76600402 1.87083595 2.10421737
v 3.00217625 1.87518857 2.10692864
v 2.76600402 1.87083595 2.10421737
v 2.80936267 1.90207195 2.05565710
v 3.32180671 1.71140190 2.27894802
v 2.41794866 1.70930196 2.28052344
v 2.43039187 1.71303991 2.27766372
v 2.65586432 1.80491507 2.18952987
v 2.71460023 1.83796417 2.14934181
v 2.70496812 1.81887690 2.17412710
v 2.70496812 1.81887690 2.17412710
v 2.71460023 1.83796417 2.14934181
v 3.00152730 1.82490293 2.17279382
v 2.70496812 1.81887690 2.17412710
v 3.00152730 1.82490293 2.17279382
v 2.65586432 1.80491507 2.18952987
v 2.65586432 1.80491507 2.18952987
v 3.00152730 1.82490293 2.17279382
v 3.00081950 1.76910590 2.23084539
v 2.65586432 1.80491507 2.18952987
v 3.00081950 1.76910590 2.23084539
v 2.59090271 1.77323278 2.22371928
v 2.59090271 1.77323278 2.22371928
v 3.00081950 1.76910590 2.23084539
v 2.51084324 1.74028687 2.25503016
v 3.57727595 1.78506952 2.21846420
v 3.57464291 1.71068311 2.27949079
v 3.32180671 1.71140190 2.27894802
v 3.58043574 2.01669354 1.83430314
v 3.58036719 2.00491846 1.86686181
v 3.00154444 1.99798569 1.86800007
v 3.00154444 1.99798569 1.86800007
v 3.58036719 2.00491846 1.86686181
v 3.58023606 1.97557732 1.93978939
v 3.00154444 1.99798569 1.86800007
v 3.58023606 1.97557732 1.93978939
v 3.00222989 1.96144152 1.95324700
v 3.00222989 1.96144152 1.95324700
v 3.58023606 1.97557732 1.93978939
v 3.58010642 1.93376895 2.02588644
v 3.00222989 1.96144152 1.95324700
v 3.58010642 1.93376895 2.02588644
v 3.00248098 1.92057472 2.03348361
v 3.00248098 1.92057472 2.03348361
v 3.58010642 1.93376895 2.02588644
v 3.57994549 1.88977830 2.09792145
v 3.00248098 1.92057472 2.03348361
v 3.57994549 1.88977830 2.09792145
v 3.00217625 1.87518857 2.10692864
v 3.00217625 1.87518857 2.10692864
v 3.57994549 1.88977830 2.09792145
v 3.57923917 1.84234846 2.15962268
v 3.00217625 1.87518857 2.10692864
v 3.57923917 1.84234846 2.15962268
v 3.00152730 1.82490293 2.17279382
v 3.00152730 1.82490293 2.17279382
v 3.57923917 1.84234846 2.15962268
v 3.57727595 1.78506952 2.21846420
v 3.00152730 1.82490293 2.17279382
v 3.57727595 1.78506952 2.21846420
v 3.00081950 1.76910590 2.23084539
v 3.00081950 1.76910590 2.23084539
v 3.57727595 1.78506952 2.21846420
v 3.32180671 1.71140190 2.27894802
v 3.00081950 1.76910590 2.23084539
v 3.32180671 1.71140190 2.27894802
v 2.51084324 1.74028687 2.25503016
v 2.51084324 1.74028687 2.25503016
v 3.32180671 1.71140190 2.27894802
v 2.43039187 1.71303991 2.27766372
v 3.76233049 0.00001750 2.59457044
v 3.95001955 -0.00003346 2.33913343
v 3.95001657 -0.15870465 2.33379565
v 3.93928178 -1.62692014 1.70008801
v 3.57470848 -1.95901562 2.06996556
v 3.57470550 -1.83507726 2.18059421
v 3.78053226 -1.92621555 1.70008074
v 3.76770534 -1.94973946 1.69977676
v 3.57471593 -2.18652431 1.82800740
v 3.57471593 -2.18652431 1.82800740
v 3.76770534 -1.94973946 1.69977676
v 3.69729735 -2.07537562 1.70005020
v 3.57471593 -2.18652431 1.82800740
v 3.69729735 -2.07537562 1.70005020
v 3.57473455 -2.28731427 1.70008894
v 3.78053226 -1.92621555 1.70008074
v 3.57471593 -2.18652431 1.82800740
v 3.80035378 -1.89069547 1.70008801
v 3.80035378 -1.89069547 1.70008801
v 3.57471593 -2.18652431 1.82800740
v 3.57471220 -2.07629744 1.95230339
v 3.80035378 -1.89069547 1.70008801
v 3.57471220 -2.07629744 1.95230339
v 3.86210270 -1.77345555 1.70008801
v 3.86210270 -1.77345555 1.70008801
v 3.57471220 -2.07629744 1.95230339
v 3.93928178 -1.62692014 1.70008801
v 3.93928178 -1.62692014 1.70008801
v 3.57471220 -2.07629744 1.95230339
v 3.57470997 -2.00108197 2.02932749
v 3.93928178 -1.62692014 1.70008801
v 3.57470997 -2.00108197 2.02932749
v 3.57470848 -1.95901562 2.06996556
v 3.95001955 -1.60653200 1.70008801
v 3.93928178 -1.62692014 1.70008801
v 3.95001955 -1.52939660 1.76946092
v 3.95001955 -1.52939660 1.76946092
v 3.93928178 -1.62692014 1.70008801
v 3.57470550 -1.83507726 2.18059421
v 3.95001955 -1.52939660 1.76946092
v 3.57470550 -1.83507726 2.18059421
v 3.95001955 -1.41199315 1.86450817
v 3.95001955 -1.41199315 1.86450817
v 3.57470550 -1.83507726 2.18059421
v 3.57470326 -1.75218601 2.24774182
v 3.57470326 -1.75218601 2.24774182
v 3.57470177 -1.70490332 2.28381343
v 3.95001955 -1.41199315 1.86450817
v 3.95001955 -1.41199315 1.86450817
v 3.57470177 -1.70490332 2.28381343
v 3.57469805 -1.56893656 2.37927251
v 3.95001955 -1.41199315 1.86450817
v 3.57469805 -1.56893656 2.37927251
v 3.95002104 -1.28910700 1.95160825
v 3.95002104 -1.28910700 1.95160825
v 3.57469805 -1.56893656 2.37927251
v 3.57469581 -1.47963567 2.43581161
v 3.95002104 -1.28910700 1.95160825
v 3.57469581 -1.47963567 2.43581161
v 3.95002104 -1.16153061 2.03029253
v 3.57469581 -1.47963567 2.43581161
v 3.57469507 -1.42763862 2.46664714
v 3.95002104 -1.16153061 2.03029253
v 3.95002104 -1.16153061 2.03029253
v 3.57469507 -1.42763862 2.46664714
v 3.57469134 -1.28148971 2.54564025
v 3.95002104 -1.16153061 2.03029253
v 3.57469134 -1.28148971 2.54564025
v 3.95001955 -1.02920597 2.10060012
v 3.95001955 -1.02920597 2.10060012
v 3.57469134 -1.28148971 2.54564025
v 3.57468911 -1.18711013 2.59099770
v 3.95001955 -1.02920597 2.10060012
v 3.57468911 -1.18711013 2.59099770
v 3.95001955 -0.93090134 2.14599725
v 3.57468911 -1.18711013 2.59099770
v 3.57468762 -1.13098631 2.61598341
v 3.95001955 -0.93090134 2.14599725
v 3.95001955 -0.93090134 2.14599725
v 3.57468762 -1.13098631 2.61598341
v 3.57468389 -0.97664008 2.67743785
v 3.95001955 -0.93090134 2.14599725
v 3.57468389 -0.97664008 2.67743785
v 3.95001955 -0.89213336 2.16239765
v 3.95001955 -0.89213336 2.16239765
v 3.57468389 -0.97664008 2.67743785
v 3.57468165 -0.87855849 2.71120537
v 3.95001955 -0.89213336 2.16239765
v 3.57468165 -0.87855849 2.71120537
v 3.95001955 -0.75113075 2.21528988
v 3.95001955 -0.75113075 2.21528988
v 3.57468165 -0.87855849 2.71120537
v 3.57468091 -0.81897518 2.72979476
v 3.95001955 -0.75113075 2.21528988
v 3.57468091 -0.81897518 2.72979476
v 3.95001955 -0.60689333 2.25903224
v 3.95001955 -0.60689333 2.25903224
v 3.57468091 -0.81897518 2.72979476
v 3.57467718 -0.65852762 2.77287588
v 3.95001955 -0.60689333 2.25903224
v 3.57467718 -0.65852762 2.77287588
v 3.95001955 -0.52562524 2.27930062
v 3.95001955 -0.52562524 2.27930062
v 3.57467718 -0.65852762 2.77287588
v 3.57467495 -0.55814637 2.79481169
v 3.95001955 -0.52562524 2.27930062
v 3.57467495 -0.55814637 2.79481169
v 3.95001955 -0.46008285 2.29342710
v 3.95001955 -0.46008285 2.29342710
v 3.57467495 -0.55814637 2.79481169
v 3.57467346 -0.49584238 2.80653518
v 3.95001955 -0.46008285 2.29342710
v 3.57467346 -0.49584238 2.80653518
v 3.95001806 -0.31175888 2.31827814
v 3.57466303 0.00006735 2.85000000
v 3.76233049 0.00001750 2.59457044
v 3.57466675 -0.16597596 2.84516290
v 3.57466675 -0.16597596 2.84516290
v 3.76233049 0.00001750 2.59457044
v 3.95001657 -0.15870465 2.33379565
v 3.57466675 -0.16597596 2.84516290
v 3.95001657 -0.15870465 2.33379565
v 3.57466824 -0.23019919 2.84068789
v 3.57466824 -0.23019919 2.84068789
v 3.95001657 -0.15870465 2.33379565
v 3.95001806 -0.31175888 2.31827814
v 3.57466824 -0.23019919 2.84068789
v 3.95001806 -0.31175888 2.31827814
v 3.57467048 -0.33147233 2.83065811
v 3.57467048 -0.33147233 2.83065811
v 3.95001806 -0.31175888 2.31827814
v 3.57467346 -0.49584238 2.80653518
v 3.76234092 0.11067272 2.59220917
v 3.95001806 0.16407979 2.33340114
v 3.76233049 0.00001750 2.59457044
v 3.76233049 0.00001750 2.59457044
v 3.95001806 0.16407979 2.33340114
v 3.95001955 0.01943185 2.33901683
v 3.76233049 0.00001750 2.59457044
v 3.95001955 0.01943185 2.33901683
v 3.95001955 -0.00003346 2.33913343
v 3.76234092 0.11067272 2.59220917
v 3.76235731 0.22979516 2.58437805
v 3.95001806 0.16407979 2.33340114
v 3.95001806 0.16407979 2.33340114
v 3.76235731 0.22979516 2.58437805
v 3.76237817 0.34767808 2.57111751
v 3.95001806 0.16407979 2.33340114
v 3.76237817 0.34767808 2.57111751
v 3.95002253 0.31394407 2.31797062
v 3.95002253 0.31394407 2.31797062
v 3.76237817 0.34767808 2.57111751
v 3.76240201 0.46502701 2.55246684
v 3.95002253 0.31394407 2.31797062
v 3.76240201 0.46502701 2.55246684
v 3.95002402 0.46250727 2.29294747
v 3.95002402 0.46250727 2.29294747
v 3.76240201 0.46502701 2.55246684
v 3.76243331 0.66334503 2.50825807
v 3.95002402 0.46250727 2.29294747
v 3.76243331 0.66334503 2.50825807
v 3.95002253 0.60869898 2.25857068
v 3.95002253 0.60869898 2.25857068
v 3.76243331 0.66334503 2.50825807
v 3.76244672 0.77781128 2.47517545
v 3.95002253 0.60869898 2.25857068
v 3.76244672 0.77781128 2.47517545
v 3.95002104 0.75237164 2.21488047
v 3.57464291 1.71068311 2.27949079
v 3.76237668 1.52794505 2.09671017
v 3.57464440 1.57497097 2.37528235
v 3.57464440 1.57497097 2.37528235
v 3.76237668 1.52794505 2.09671017
v 3.76240499 1.34183448 2.22050231
v 3.57464440 1.57497097 2.37528235
v 3.76240499 1.34183448 2.22050231
v 3.57464589 1.46372207 2.44540740
v 3.57464589 1.46372207 2.44540740
v 3.76240499 1.34183448 2.22050231
v 3.57464664 1.43389506 2.46301536
v 3.57464664 1.43389506 2.46301536
v 3.76240499 1.34183448 2.22050231
v 3.76243033 1.23925256 2.27929745
v 3.57464664 1.43389506 2.46301536
v 3.76243033 1.23925256 2.27929745
v 3.57464738 1.36740226 2.50054207
v 3.57464738 1.36740226 2.50054207
v 3.76243033 1.23925256 2.27929745
v 3.76244672 1.13380766 2.33353674
v 3.57464738 1.36740226 2.50054207
v 3.76244672 1.13380766 2.33353674
v 3.57464813 1.28794713 2.54237913
v 3.57464813 1.28794713 2.54237913
v 3.76244672 1.13380766 2.33353674
v 3.76245566 1.02590537 2.38297991
v 3.57464813 1.28794713 2.54237913
v 3.76245566 1.02590537 2.38297991
v 3.57465036 1.13762282 2.61310432
v 3.57465036 1.13762282 2.61310432
v 3.76245566 1.02590537 2.38297991
v 3.57465111 1.06812585 2.64227297
v 3.57465111 1.06812585 2.64227297
v 3.76245566 1.02590537 2.38297991
v 3.76245566 0.89062676 2.43683625
v 3.57465111 1.06812585 2.64227297
v 3.76245566 0.89062676 2.43683625
v 3.57465185 0.98343305 2.67495029
v 3.57464291 1.71068311 2.27949079
v 3.95001955 1.42715098 1.85322650
v 3.76237668 1.52794505 2.09671017
v 3.76237668 1.52794505 2.09671017
v 3.95001955 1.42715098 1.85322650
v 3.95001657 1.29595157 1.94728039
v 3.76237668 1.52794505 2.09671017
v 3.95001657 1.29595157 1.94728039
v 3.76240499 1.34183448 2.22050231
v 3.76240499 1.34183448 2.22050231
v 3.95001657 1.29595157 1.94728039
v 3.95001955 1.16331931 2.02929359
v 3.76240499 1.34183448 2.22050231
v 3.95001955 1.16331931 2.02929359
v 3.76243033 1.23925256 2.27929745
v 3.76243033 1.23925256 2.27929745
v 3.95001955 1.16331931 2.02929359
v 3.95002402 1.03083774 2.09970362
v 3.76243033 1.23925256 2.27929745
v 3.95002402 1.03083774 2.09970362
v 3.76244672 1.13380766 2.33353674
v 3.76244672 1.13380766 2.33353674
v 3.95002402 1.03083774 2.09970362
v 3.95002253 0.89338683 2.16181539
v 3.76244672 1.13380766 2.33353674
v 3.95002253 0.89338683 2.16181539
v 3.76245566 1.02590537 2.38297991
v 3.76245566 1.02590537 2.38297991
v 3.95002253 0.89338683 2.16181539
v 3.95002104 0.75237164 2.21488047
v 3.76245566 1.02590537 2.38297991
v 3.95002104 0.75237164 2.21488047
v 3.76245566 0.89062676 2.43683625
v 3.76245566 0.89062676 2.43683625
v 3.95002104 0.75237164 2.21488047
v 3.76244672 0.77781128 2.47517545
v 3.76245566 0.89062676 2.43683625
v 3.76244672 0.77781128 2.47517545
v 3.57465185 0.98343305 2.67495029
v 3.57465185 0.98343305 2.67495029
v 3.76244672 0.77781128 2.47517545
v 3.57465409 0.82590161 2.72770710
v 3.57465409 0.82590161 2.72770710
v 3.76244672 0.77781128 2.47517545
v 3.57465483 0.75442982 2.74833310
v 3.57465483 0.75442982 2.74833310
v 3.76244672 0.77781128 2.47517545
v 3.76243331 0.66334503 2.50825807
v 3.57465483 0.75442982 2.74833310
v 3.76243331 0.66334503 2.50825807
v 3.57465558 0.66556386 2.77119540
v 3.57465558 0.66556386 2.77119540
v 3.76243331 0.66334503 2.50825807
v 3.76240201 0.46502701 2.55246684
v 3.57465558 0.66556386 2.77119540
v 3.76240201 0.46502701 2.55246684
v 3.57465781 0.50296457 2.80526765
v 3.57465781 0.50296457 2.80526765
v 3.76240201 0.46502701 2.55246684
v 3.57465856 0.43054898 2.81729084
v 3.57465856 0.43054898 2.81729084
v 3.76240201 0.46502701 2.55246684
v 3.76237817 0.34767808 2.57111751
v 3.57465856 0.43054898 2.81729084
v 3.76237817 0.34767808 2.57111751
v 3.57465930 0.33865629 2.82980762
v 3.57465930 0.33865629 2.82980762
v 3.76237817 0.34767808 2.57111751
v 3.76235731 0.22979516 2.58437805
v 3.57465930 0.33865629 2.82980762
v 3.76235731 0.22979516 2.58437805
v 3.57466154 0.17319728 2.84473244
v 3.57466154 0.17319728 2.84473244
v 3.76235731 0.22979516 2.58437805
v 3.76234092 0.11067272 2.59220917
v 3.57466154 0.17319728 2.84473244
v 3.76234092 0.11067272 2.59220917
v 3.57466228 0.10085566 2.84821484
v 3.57466228 0.10085566 2.84821484
v 3.76234092 0.11067272 2.59220917
v 3.76233049 0.00001750 2.59457044
v 3.57466228 0.10085566 2.84821484
v 3.76233049 0.00001750 2.59457044
v 3.57466303 0.00006735 2.85000000
v 3.83079685 1.74000598 1.70008801
v 3.87842245 1.67530067 1.70008801
v 3.58010642 1.93376895 2.02588644
v 3.58010642 1.93376895 2.02588644
v 3.87842245 1.67530067 1.70008801
v 3.92466076 1.60959680 1.70008801
v 3.58010642 1.93376895 2.02588644
v 3.92466076 1.60959680 1.70008801
v 3.57994549 1.88977830 2.09792145
v 3.58010642 1.93376895 2.02588644
v 3.58023606 1.97557732 1.93978939
v 3.83079685 1.74000598 1.70008801
v 3.83079685 1.74000598 1.70008801
v 3.58023606 1.97557732 1.93978939
v 3.58036719 2.00491846 1.86686181
v 3.83079685 1.74000598 1.70008801
v 3.58036719 2.00491846 1.86686181
v 3.78222503 1.80397909 1.70008801
v 3.58043574 2.01669354 1.83430314
v 3.58081125 2.05894280 1.70008801
v 3.60652469 2.02700179 1.70008801
v 3.58043574 2.01669354 1.83430314
v 3.60652469 2.02700179 1.70008801
v 3.58036719 2.00491846 1.86686181
v 3.58036719 2.00491846 1.86686181
v 3.60652469 2.02700179 1.70008801
v 3.73299159 1.86744370 1.70008801
v 3.58036719 2.00491846 1.86686181
v 3.73299159 1.86744370 1.70008801
v 3.78222503 1.80397909 1.70008801
v 3.92466076 1.60959680 1.70008801
v 3.95001955 1.57183949 1.70008801
v 3.57994549 1.88977830 2.09792145
v 3.57994549 1.88977830 2.09792145
v 3.95001955 1.57183949 1.70008801
v 3.95040549 1.52697321 1.76102761
v 3.57994549 1.88977830 2.09792145
v 3.95040549 1.52697321 1.76102761
v 3.57923917 1.84234846 2.15962268
v 3.57923917 1.84234846 2.15962268
v 3.95040549 1.52697321 1.76102761
v 3.95017602 1.47363581 1.81520991
v 3.57923917 1.84234846 2.15962268
v 3.95017602 1.47363581 1.81520991
v 3.57727595 1.78506952 2.21846420
v 3.57727595 1.78506952 2.21846420
v 3.95017602 1.47363581 1.81520991
v 3.95001955 1.42715098 1.85322650
v 3.57727595 1.78506952 2.21846420
v 3.95001955 1.42715098 1.85322650
v 3.57464291 1.71068311 2.27949079
v 3.70980240 -0.00001471 2.91942414
v 4.10001911 -0.00011172 2.38833018
v 4.10001911 0.10878555 2.38586813
v 4.10001911 0.43344516 2.34865360
v 3.70982774 0.43330779 2.88704410
v 4.10001911 0.32578688 2.36599520
v 4.10001911 0.32578688 2.36599520
v 3.70982774 0.43330779 2.88704410
v 3.70981134 0.25913562 2.90786065
v 4.10001911 0.32578688 2.36599520
v 3.70981134 0.25913562 2.90786065
v 4.10001911 0.21745118 2.37841532
v 4.10001911 0.21745118 2.37841532
v 3.70981134 0.25913562 2.90786065
v 3.70980836 0.19286317 2.91301515
v 4.10001911 0.21745118 2.37841532
v 3.70980836 0.19286317 2.91301515
v 4.10001911 0.10878555 2.38586813
v 4.10001911 0.10878555 2.38586813
v 3.70980836 0.19286317 2.91301515
v 3.70980687 0.14344278 2.91587468
v 4.10001911 0.10878555 2.38586813
v 3.70980687 0.14344278 2.91587468
v 3.70980240 -0.00001471 2.91942414
v 4.10001911 0.64672809 2.29911692
v 3.70987989 0.71827117 2.82966159
v 4.10001911 0.54065334 2.32632626
v 4.10001911 0.54065334 2.32632626
v 3.70987989 0.71827117 2.82966159
v 3.70986648 0.63564708 2.84934919
v 4.10001911 0.54065334 2.32632626
v 3.70986648 0.63564708 2.84934919
v 4.10001911 0.43344516 2.34865360
v 4.10001911 0.43344516 2.34865360
v 3.70986648 0.63564708 2.84934919
v 3.70984264 0.51814029 2.87303440
v 4.10001911 0.43344516 2.34865360
v 3.70984264 0.51814029 2.87303440
v 3.70982774 0.43330779 2.88704410
v 4.10001911 0.95463991 2.18922626
v 3.70984562 1.06347026 2.71885656
v 4.10001911 0.85404851 2.23042425
v 4.10001911 0.85404851 2.23042425
v 3.70984562 1.06347026 2.71885656
v 3.70985605 0.99624395 2.74420772
v 4.10001911 0.85404851 2.23042425
v 3.70985605 0.99624395 2.74420772
v 4.10001911 0.75117745 2.26715486
v 4.10001911 0.75117745 2.26715486
v 3.70985605 0.99624395 2.74420772
v 3.70988287 0.85205901 2.79231854
v 4.10001911 0.75117745 2.26715486
v 3.70988287 0.85205901 2.79231854
v 4.10001911 0.64672809 2.29911692
v 4.10001911 0.64672809 2.29911692
v 3.70988287 0.85205901 2.79231854
v 3.70988436 0.77503989 2.81465240
v 4.10001911 0.64672809 2.29911692
v 3.70988436 0.77503989 2.81465240
v 3.70987989 0.71827117 2.82966159
v 4.10001911 1.15007125 2.09313389
v 3.70983817 1.26596820 2.63064243
v 4.10001911 1.05325393 2.14349795
v 4.10001911 1.05325393 2.14349795
v 3.70983817 1.26596820 2.63064243
v 3.70983817 1.26491841 2.63114758
v 4.10001911 1.05325393 2.14349795
v 3.70983817 1.26491841 2.63114758
v 4.10001911 0.95463991 2.18922626
v 4.10001911 0.95463991 2.18922626
v 3.70983817 1.26491841 2.63114758
v 3.70983966 1.14688659 2.68472005
v 4.10001911 0.95463991 2.18922626
v 3.70983966 1.14688659 2.68472005
v 3.70984562 1.06347026 2.71885656
v 3.70983519 1.51784187 2.49382090
v 3.70983668 1.49655342 2.50665043
v 4.10001911 1.24449292 2.03841217
v 4.10001911 1.24449292 2.03841217
v 3.70983668 1.49655342 2.50665043
v 3.70983817 1.46630025 2.52446216
v 4.10001911 1.24449292 2.03841217
v 3.70983817 1.46630025 2.52446216
v 4.10001911 1.15007125 2.09313389
v 4.10001911 1.15007125 2.09313389
v 3.70983817 1.46630025 2.52446216
v 3.70983966 1.38277672 2.57115588
v 4.10001911 1.15007125 2.09313389
v 3.70983966 1.38277672 2.57115588
v 3.70983817 1.26596820 2.63064243
v 3.70983519 1.51784187 2.49382090
v 4.10001911 1.24449292 2.03841217
v 3.70981134 1.65541582 2.40472760
v 3.70981134 1.65541582 2.40472760
v 4.10001911 1.24449292 2.03841217
v 4.10001911 1.41623225 1.92306004
v 3.70981134 1.65541582 2.40472760
v 4.10001911 1.41623225 1.92306004
v 3.70979644 1.70297492 2.37128846
v 3.70979644 1.70297492 2.37128846
v 4.10001911 1.41623225 1.92306004
v 4.10001911 1.45920655 1.89063530
v 3.70979644 1.70297492 2.37128846
v 4.10001911 1.45920655 1.89063530
v 3.70978750 1.75448060 2.33339593
v 3.57465409 0.82590161 2.72770710
v -0.00000025 0.74517559 2.75085680
v 3.57465185 0.98343305 2.67495029
v 3.57465185 0.98343305 2.67495029
v -0.00000025 0.74517559 2.75085680
v -0.00000025 0.93577439 2.69199293
v 3.57465185 0.98343305 2.67495029
v -0.00000025 0.93577439 2.69199293
v 3.57465111 1.06812585 2.64227297
v 3.57465111 1.06812585 2.64227297
v -0.00000025 0.93577439 2.69199293
v -0.00000025 1.06812585 2.64227297
v 3.57465111 1.06812585 2.64227297
v -0.00000025 1.06812585 2.64227297
v 3.57465036 1.13762282 2.61310432
v 3.57465036 1.13762282 2.61310432
v -0.00000025 1.06812585 2.64227297
v -0.00000025 1.12236980 2.61969194
v 3.57465036 1.13762282 2.61310432
v -0.00000025 1.12236980 2.61969194
v 3.57464813 1.28794713 2.54237913
v 3.57464813 1.28794713 2.54237913
v -0.00000025 1.12236980 2.61969194
v -0.00000025 1.30399326 2.53418647
v 3.57464813 1.28794713 2.54237913
v -0.00000025 1.30399326 2.53418647
v 3.57464738 1.36740226 2.50054207
v 3.57464738 1.36740226 2.50054207
v -0.00000025 1.30399326 2.53418647
v -0.00000025 1.36740226 2.50054207
v 3.57464738 1.36740226 2.50054207
v -0.00000025 1.36740226 2.50054207
v 3.57464664 1.43389506 2.46301536
v 3.57464664 1.43389506 2.46301536
v -0.00000025 1.36740226 2.50054207
v -0.00000025 1.47968447 2.43578199
v 3.57464664 1.43389506 2.46301536
v -0.00000025 1.47968447 2.43578199
v 3.57464589 1.46372207 2.44540740
v 3.57464589 1.46372207 2.44540740
v -0.00000025 1.47968447 2.43578199
v 3.57464440 1.57497097 2.37528235
v 2.20950674 1.66500136 2.31306516
v 2.31741872 1.68386213 2.29937118
v 3.57464440 1.57497097 2.37528235
v 2.20950674 1.66500136 2.31306516
v 3.57464440 1.57497097 2.37528235
v 2.13801842 1.65679455 2.31895056
v -0.00000025 1.47968447 2.43578199
v -0.00000025 1.64926555 2.32431144
v 1.97201129 1.64926145 2.32431423
v -0.00000025 1.47968447 2.43578199
v 1.97201129 1.64926145 2.32431423
v 3.57464440 1.57497097 2.37528235
v 3.57464440 1.57497097 2.37528235
v 1.97201129 1.64926145 2.32431423
v 2.09386628 1.65328719 2.32145246
v 3.57464440 1.57497097 2.37528235
v 2.09386628 1.65328719 2.32145246
v 2.13801842 1.65679455 2.31895056
v 2.31741872 1.68386213 2.29937118
v 2.41794866 1.70930196 2.28052344
v 3.57464440 1.57497097 2.37528235
v 3.57464440 1.57497097 2.37528235
v 2.41794866 1.70930196 2.28052344
v 3.32180671 1.71140190 2.27894802
v 3.57464440 1.57497097 2.37528235
v 3.32180671 1.71140190 2.27894802
v 3.57464291 1.71068311 2.27949079
v 2.43341010 -1.72469579 2.26890370
v 2.35114079 -1.69747081 2.28934325
v 3.57469581 -1.47963567 2.43581161
v 2.43341010 -1.72469579 2.26890370
v 3.57469581 -1.47963567 2.43581161
v 2.45717149 -1.73403118 2.26177704
v 2.35114079 -1.69747081 2.28934325
v 2.26374473 -1.67646222 2.30477192
v 3.57469581 -1.47963567 2.43581161
v 3.57469581 -1.47963567 2.43581161
v 2.26374473 -1.67646222 2.30477192
v 2.24450137 -1.67276524 2.30745655
v 3.57469581 -1.47963567 2.43581161
v 2.24450137 -1.67276524 2.30745655
v 2.16873642 -1.66108329 2.31588036
v -0.00000025 -1.64926536 2.32431144
v -0.00000025 -1.47968447 2.43578199
v 1.97201129 -1.64927263 2.32430603
v 1.97201129 -1.64927263 2.32430603
v -0.00000025 -1.47968447 2.43578199
v 3.57469581 -1.47963567 2.43581161
v 1.97201129 -1.64927263 2.32430603
v 3.57469581 -1.47963567 2.43581161
v 2.06558388 -1.65180974 2.32250392
v 2.06558388 -1.65180974 2.32250392
v 3.57469581 -1.47963567 2.43581161
v 2.16873642 -1.66108329 2.31588036
v 2.78514158 -1.96426231 2.06498727
v 2.73760986 -1.91348940 2.11212151
v 3.57470326 -1.75218601 2.24774182
v 2.73760986 -1.91348940 2.11212151
v 2.68417727 -1.86587777 2.15429794
v 3.57470326 -1.75218601 2.24774182
v 3.57470326 -1.75218601 2.24774182
v 2.68417727 -1.86587777 2.15429794
v 2.66405623 -1.85006186 2.16789544
v 3.57470326 -1.75218601 2.24774182
v 2.66405623 -1.85006186 2.16789544
v 2.60137599 -1.80706568 2.20386311
v 3.57469581 -1.47963567 2.43581161
v 3.57469805 -1.56893656 2.37927251
v 2.45717149 -1.73403118 2.26177704
v 2.45717149 -1.73403118 2.26177704
v 3.57469805 -1.56893656 2.37927251
v 3.57470177 -1.70490332 2.28381343
v 2.45717149 -1.73403118 2.26177704
v 3.57470177 -1.70490332 2.28381343
v 2.49742996 -1.75145231 2.24831365
v 2.49742996 -1.75145231 2.24831365
v 3.57470177 -1.70490332 2.28381343
v 3.57470326 -1.75218601 2.24774182
v 2.49742996 -1.75145231 2.24831365
v 3.57470326 -1.75218601 2.24774182
v 2.53214296 -1.76820289 2.23516393
v 2.53214296 -1.76820289 2.23516393
v 3.57470326 -1.75218601 2.24774182
v 2.60137599 -1.80706568 2.20386311
v 2.92915832 -2.22825129 1.77690610
v 2.90870797 -2.16897316 1.84879825
v 3.57471220 -2.07629744 1.95230339
v 2.86513027 -2.07780078 1.95070319
v 2.84926649 -2.05128584 1.97856650
v 3.57470997 -2.00108197 2.02932749
v 3.57471220 -2.07629744 1.95230339
v 2.90870797 -2.16897316 1.84879825
v 3.57470997 -2.00108197 2.02932749
v 3.57470997 -2.00108197 2.02932749
v 2.90870797 -2.16897316 1.84879825
v 2.88230311 -2.10987199 1.91596970
v 3.57470997 -2.00108197 2.02932749
v 2.88230311 -2.10987199 1.91596970
v 2.86513027 -2.07780078 1.95070319
v 3.57470326 -1.75218601 2.24774182
v 3.57470550 -1.83507726 2.18059421
v 2.78514158 -1.96426231 2.06498727
v 2.78514158 -1.96426231 2.06498727
v 3.57470550 -1.83507726 2.18059421
v 3.57470848 -1.95901562 2.06996556
v 2.78514158 -1.96426231 2.06498727
v 3.57470848 -1.95901562 2.06996556
v 2.81446557 -2.00079530 2.02961024
v 2.81446557 -2.00079530 2.02961024
v 3.57470848 -1.95901562 2.06996556
v 3.57470997 -2.00108197 2.02932749
v 2.81446557 -2.00079530 2.02961024
v 3.57470997 -2.00108197 2.02932749
v 2.82681640 -2.01769546 2.01281011
v 2.82681640 -2.01769546 2.01281011
v 3.57470997 -2.00108197 2.02932749
v 2.84926649 -2.05128584 1.97856650
v 3.57471220 -2.07629744 1.95230339
v 3.57471593 -2.18652431 1.82800740
v 2.92915832 -2.22825129 1.77690610
v 2.92915832 -2.22825129 1.77690610
v 3.57471593 -2.18652431 1.82800740
v 3.57473455 -2.28731427 1.70008894
v 2.92915832 -2.22825129 1.77690610
v 3.57473455 -2.28731427 1.70008894
v 2.94454973 -2.28731409 1.70008820
v -0.00000025 -0.55814637 2.79481169
v 3.57467718 -0.65852762 2.77287588
v -0.00000025 -0.74517559 2.75085680
v -0.00000025 -0.74517559 2.75085680
v 3.57467718 -0.65852762 2.77287588
v 3.57468091 -0.81897518 2.72979476
v -0.00000025 -0.74517559 2.75085680
v 3.57468091 -0.81897518 2.72979476
v -0.00000025 -0.87855849 2.71120537
v -0.00000025 -0.87855849 2.71120537
v 3.57468091 -0.81897518 2.72979476
v 3.57468165 -0.87855849 2.71120537
v -0.00000025 -0.87855849 2.71120537
v 3.57468165 -0.87855849 2.71120537
v -0.00000025 -0.93577439 2.69199293
v -0.00000025 -0.93577439 2.69199293
v 3.57468165 -0.87855849 2.71120537
v 3.57468389 -0.97664008 2.67743785
v -0.00000025 -0.93577439 2.69199293
v 3.57468389 -0.97664008 2.67743785
v -0.00000025 -1.12236980 2.61969194
v -0.00000025 -1.12236980 2.61969194
v 3.57468389 -0.97664008 2.67743785
v 3.57468762 -1.13098631 2.61598341
v -0.00000025 -1.12236980 2.61969194
v 3.57468762 -1.13098631 2.61598341
v -0.00000025 -1.18711013 2.59099770
v -0.00000025 -1.18711013 2.59099770
v 3.57468762 -1.13098631 2.61598341
v 3.57468911 -1.18711013 2.59099770
v -0.00000025 -1.18711013 2.59099770
v 3.57468911 -1.18711013 2.59099770
v -0.00000025 -1.30399326 2.53418647
v -0.00000025 -1.30399326 2.53418647
v 3.57468911 -1.18711013 2.59099770
v 3.57469134 -1.28148971 2.54564025
v -0.00000025 -1.30399326 2.53418647
v 3.57469134 -1.28148971 2.54564025
v -0.00000025 -1.47968447 2.43578199
v -0.00000025 -1.47968447 2.43578199
v 3.57469134 -1.28148971 2.54564025
v 3.57469507 -1.42763862 2.46664714
v -0.00000025 -1.47968447 2.43578199
v 3.57469507 -1.42763862 2.46664714
v 3.57469581 -1.47963567 2.43581161
v 3.57465409 0.82590161 2.72770710
v 3.57465483 0.75442982 2.74833310
v -0.00000025 0.74517559 2.75085680
v -0.00000025 0.74517559 2.75085680
v 3.57465483 0.75442982 2.74833310
v 3.57465558 0.66556386 2.77119540
v -0.00000025 0.74517559 2.75085680
v 3.57465558 0.66556386 2.77119540
v -0.00000025 0.55154813 2.79612131
v -0.00000025 0.55154813 2.79612131
v 3.57465558 0.66556386 2.77119540
v 3.57465781 0.50296457 2.80526765
v -0.00000025 0.55154813 2.79612131
v 3.57465781 0.50296457 2.80526765
v -0.00000025 0.43054898 2.81729084
v -0.00000025 0.43054898 2.81729084
v 3.57465781 0.50296457 2.80526765
v 3.57465856 0.43054898 2.81729084
v -0.00000025 0.43054898 2.81729084
v 3.57465856 0.43054898 2.81729084
v -0.00000025 0.35586851 2.82769464
v -0.00000025 0.35586851 2.82769464
v 3.57465856 0.43054898 2.81729084
v 3.57465930 0.33865629 2.82980762
v -0.00000025 0.35586851 2.82769464
v 3.57465930 0.33865629 2.82980762
v -0.00000025 0.15910957 2.84555517
v -0.00000025 0.15910957 2.84555517
v 3.57465930 0.33865629 2.82980762
v 3.57466154 0.17319728 2.84473244
v -0.00000025 0.15910957 2.84555517
v 3.57466154 0.17319728 2.84473244
v -0.00000025 0.10085566 2.84821484
v -0.00000025 0.10085566 2.84821484
v 3.57466154 0.17319728 2.84473244
v 3.57466228 0.10085566 2.84821484
v -0.00000025 0.10085566 2.84821484
v 3.57466228 0.10085566 2.84821484
v -0.00000025 0.00000000 2.85000000
v -0.00000025 0.00000000 2.85000000
v 3.57466228 0.10085566 2.84821484
v 3.57466303 0.00006735 2.85000000
v -0.00000025 0.00000000 2.85000000
v 3.57466303 0.00006735 2.85000000
v -0.00000025 -0.15910957 2.84555517
v -0.00000025 -0.15910957 2.84555517
v 3.57466303 0.00006735 2.85000000
v 3.57466675 -0.16597596 2.84516290
v -0.00000025 -0.15910957 2.84555517
v 3.57466675 -0.16597596 2.84516290
v -0.00000025 -0.23019919 2.84068789
v -0.00000025 -0.23019919 2.84068789
v 3.57466675 -0.16597596 2.84516290
v 3.57466824 -0.23019919 2.84068789
v -0.00000025 -0.23019919 2.84068789
v 3.57466824 -0.23019919 2.84068789
v -0.00000025 -0.35586851 2.82769464
v -0.00000025 -0.35586851 2.82769464
v 3.57466824 -0.23019919 2.84068789
v 3.57467048 -0.33147233 2.83065811
v -0.00000025 -0.35586851 2.82769464
v 3.57467048 -0.33147233 2.83065811
v -0.00000025 -0.55154813 2.79612131
v -0.00000025 -0.55154813 2.79612131
v 3.57467048 -0.33147233 2.83065811
v 3.57467346 -0.49584238 2.80653518
v -0.00000025 -0.55154813 2.79612131
v 3.57467346 -0.49584238 2.80653518
v -0.00000025 -0.55814637 2.79481169
v -0.00000025 -0.55814637 2.79481169
v 3.57467346 -0.49584238 2.80653518
v 3.57467495 -0.55814637 2.79481169
v -0.00000025 -0.55814637 2.79481169
v 3.57467495 -0.55814637 2.79481169
v 3.57467718 -0.65852762 2.77287588
v 3.91648896 1.62156262 1.70008801
v 3.92466076 1.60959680 1.70008801
v 3.87842245 1.67530067 1.70008801
v 3.60652469 2.02700179 1.70008801
v 3.71538289 1.89106856 1.70008801
v 3.73299159 1.86744370 1.70008801
v 3.73299159 1.86744370 1.70008801
v 3.71538289 1.89106856 1.70008801
v 3.79570313 1.78798847 1.70008801
v 3.91648896 1.62156262 1.70008801
v 3.87842245 1.67530067 1.70008801
v 3.85943688 1.70230381 1.70008801
v 3.85943688 1.70230381 1.70008801
v 3.87842245 1.67530067 1.70008801
v 3.83079685 1.74000598 1.70008801
v 3.85943688 1.70230381 1.70008801
v 3.83079685 1.74000598 1.70008801
v 3.79570313 1.78798847 1.70008801
v 3.79570313 1.78798847 1.70008801
v 3.83079685 1.74000598 1.70008801
v 3.78222503 1.80397909 1.70008801
v 3.79570313 1.78798847 1.70008801
v 3.78222503 1.80397909 1.70008801
v 3.73299159 1.86744370 1.70008801
v 1.97177436 1.64926555 2.09999997
v 1.97189730 1.79926623 2.09999997
v 2.09151041 1.65328402 2.09832340
v 2.09151041 1.65328402 2.09832340
v 1.97189730 1.79926623 2.09999997
v 2.05078851 1.80112217 2.09937617
v 2.09151041 1.65328402 2.09832340
v 2.05078851 1.80112217 2.09937617
v 2.18348559 1.66223794 2.09414493
v 2.05078851 1.80112217 2.09937617
v 2.12950837 1.80701558 2.09710728
v 2.18348559 1.66223794 2.09414493
v 2.18348559 1.66223794 2.09414493
v 2.12950837 1.80701558 2.09710728
v 2.17375662 1.81221981 2.09486727
v 2.18348559 1.66223794 2.09414493
v 2.17375662 1.81221981 2.09486727
v 2.20416766 1.66500006 2.09275410
v 2.20416766 1.66500006 2.09275410
v 2.17375662 1.81221981 2.09486727
v 2.20756736 1.81717686 2.09259000
v 2.20416766 1.66500006 2.09275410
v 2.20756736 1.81717686 2.09259000
v 2.24338528 1.67103019 2.08954718
v 2.24338528 1.67103019 2.08954718
v 2.20756736 1.81717686 2.09259000
v 2.28467416 1.83185749 2.08523013
v 2.38810536 1.70451440 2.06899587
v 2.38727238 1.70430578 2.06916481
v 2.33513694 1.84403360 2.07847748
v 2.33513694 1.84403360 2.07847748
v 2.38727238 1.70430578 2.06916481
v 2.36179810 1.69817545 2.07399782
v 2.33513694 1.84403360 2.07847748
v 2.36179810 1.69817545 2.07399782
v 2.28467416 1.83185749 2.08523013
v 2.28467416 1.83185749 2.08523013
v 2.36179810 1.69817545 2.07399782
v 2.34120768 1.69347953 2.07746252
v 2.28467416 1.83185749 2.08523013
v 2.34120768 1.69347953 2.07746252
v 2.24338528 1.67103019 2.08954718
v 2.38810536 1.70451440 2.06899587
v 2.33513694 1.84403360 2.07847748
v 2.39805337 1.70705430 2.06691846
v 2.39805337 1.70705430 2.06691846
v 2.33513694 1.84403360 2.07847748
v 2.43420359 1.87402237 2.05869079
v 2.39805337 1.70705430 2.06691846
v 2.43420359 1.87402237 2.05869079
v 2.43938174 1.71880387 2.05707848
v 2.43938174 1.71880387 2.05707848
v 2.43420359 1.87402237 2.05869079
v 2.43933778 1.87580884 2.05735303
v 2.43938174 1.71880387 2.05707848
v 2.43933778 1.87580884 2.05735303
v 2.45177727 1.72270238 2.05369964
v 2.45177727 1.72270238 2.05369964
v 2.43933778 1.87580884 2.05735303
v 2.45397817 1.88103747 2.05333140
v 2.45177727 1.72270238 2.05369964
v 2.45397817 1.88103747 2.05333140
v 2.49379780 1.73702221 2.04049069
v 2.50863042 1.90242659 2.03522295
v 2.56339069 1.76531542 2.01031081
v 2.51047444 1.74380224 2.03325860
v 2.45397817 1.88103747 2.05333140
v 2.50496250 1.90089308 2.03660969
v 2.49379780 1.73702221 2.04049069
v 2.49379780 1.73702221 2.04049069
v 2.50496250 1.90089308 2.03660969
v 2.50863042 1.90242659 2.03522295
v 2.49379780 1.73702221 2.04049069
v 2.50863042 1.90242659 2.03522295
v 2.49518733 1.73758715 2.03988794
v 2.49518733 1.73758715 2.03988794
v 2.50863042 1.90242659 2.03522295
v 2.51047444 1.74380224 2.03325860
v 2.56339069 1.76531542 2.01031081
v 2.50863042 1.90242659 2.03522295
v 2.56414320 1.76562127 2.00998466
v 2.56414320 1.76562127 2.00998466
v 2.50863042 1.90242659 2.03522295
v 2.54112985 1.91668775 2.02167369
v 2.56414320 1.76562127 2.00998466
v 2.54112985 1.91668775 2.02167369
v 2.57014763 1.76806245 2.00738069
v 2.57014763 1.76806245 2.00738069
v 2.54112985 1.91668775 2.02167369
v 2.57142764 1.93115957 2.00666953
v 2.57014763 1.76806245 2.00738069
v 2.57142764 1.93115957 2.00666953
v 2.62539592 1.79570261 1.97247565
v 2.57142764 1.93115957 2.00666953
v 2.61080544 1.95191372 1.98256318
v 2.62539592 1.79570261 1.97247565
v 2.62539592 1.79570261 1.97247565
v 2.61080544 1.95191372 1.98256318
v 2.63134595 1.96377058 1.96726043
v 2.62539592 1.79570261 1.97247565
v 2.63134595 1.96377058 1.96726043
v 2.67226901 1.82436667 1.93098169
v 2.67226901 1.82436667 1.93098169
v 2.63134595 1.96377058 1.96726043
v 2.66264435 1.98349003 1.93941128
v 2.74161156 2.04737820 1.82857513
v 2.74057817 1.88302770 1.82799473
v 2.72455420 2.03096848 1.86025333
v 2.72455420 2.03096848 1.86025333
v 2.74057817 1.88302770 1.82799473
v 2.71343868 1.85569264 1.87922101
v 2.72455420 2.03096848 1.86025333
v 2.71343868 1.85569264 1.87922101
v 2.70834323 2.01706141 1.88527312
v 2.70834323 2.01706141 1.88527312
v 2.71343868 1.85569264 1.87922101
v 2.70858686 1.85271800 1.88349858
v 2.70834323 2.01706141 1.88527312
v 2.70858686 1.85271800 1.88349858
v 2.68273037 1.99741628 1.91798955
v 2.68273037 1.99741628 1.91798955
v 2.70858686 1.85271800 1.88349858
v 2.67226901 1.82436667 1.93098169
v 2.68273037 1.99741628 1.91798955
v 2.67226901 1.82436667 1.93098169
v 2.67004501 1.98849160 1.93188414
v 2.67004501 1.98849160 1.93188414
v 2.67226901 1.82436667 1.93098169
v 2.66264435 1.98349003 1.93941128
v 2.74481159 2.05072537 1.82180591
v 2.76612919 1.91418510 1.76429860
v 2.74161156 2.04737820 1.82857513
v 2.74161156 2.04737820 1.82857513
v 2.76612919 1.91418510 1.76429860
v 2.74827462 1.89028345 1.81427952
v 2.74161156 2.04737820 1.82857513
v 2.74827462 1.89028345 1.81427952
v 2.74057817 1.88302770 1.82799473
v 2.74481159 2.05072537 1.82180591
v 2.75591668 2.06323173 1.79551020
v 2.76612919 1.91418510 1.76429860
v 2.76612919 1.91418510 1.76429860
v 2.75591668 2.06323173 1.79551020
v 2.76667979 2.07699183 1.76455621
v 2.76612919 1.91418510 1.76429860
v 2.76667979 2.07699183 1.76455621
v 2.77483668 1.92722101 1.73531976
v 2.77483668 1.92722101 1.73531976
v 2.76667979 2.07699183 1.76455621
v 2.77252477 2.08532084 1.74462348
v 2.77483668 1.92722101 1.73531976
v 2.77252477 2.08532084 1.74462348
v 2.78280508 1.94208827 1.70008801
v 2.77252477 2.08532084 1.74462348
v 2.78472882 2.10550707 1.69161670
v 2.78280508 1.94208827 1.70008801
v 2.78280508 1.94208827 1.70008801
v 2.78472882 2.10550707 1.69161670
v 2.79287156 2.12325994 1.63798295
v 2.78280508 1.94208827 1.70008801
v 2.79287156 2.12325994 1.63798295
v 2.79510077 1.97298490 1.61643680
v 2.79287156 2.12325994 1.63798295
v 2.79578771 2.13177726 1.60918143
v 2.79510077 1.97298490 1.61643680
v 2.79510077 1.97298490 1.61643680
v 2.79578771 2.13177726 1.60918143
v 2.79805120 2.14052852 1.57688092
v 2.79510077 1.97298490 1.61643680
v 2.79805120 2.14052852 1.57688092
v 2.79974993 1.99798886 1.53009174
v 2.79974993 1.99798886 1.53009174
v 2.79805120 2.14052852 1.57688092
v 2.80001964 2.15812344 1.50000686
v 2.79974993 1.99798886 1.53009174
v 2.80001964 2.15812344 1.50000686
v 2.80001964 2.00478192 1.50000704
v 3.57458182 -2.42342241 1.50000295
v 2.96219643 -2.42343247 1.49998283
v 2.95313578 -2.33169552 1.63799208
v 3.57458182 -2.42342241 1.50000295
v 2.95313578 -2.33169552 1.63799208
v 3.57477032 -2.35879272 1.59864482
v 3.57477032 -2.35879272 1.59864482
v 2.95313578 -2.33169552 1.63799208
v 2.94454973 -2.28731409 1.70008820
v 3.57477032 -2.35879272 1.59864482
v 2.94454973 -2.28731409 1.70008820
v 3.57473455 -2.28731427 1.70008894
v 3.93901654 -1.62678026 1.70121286
v 3.95001955 -1.60653200 1.70008801
v 3.95029671 -1.72032733 1.58358049
v 3.76747586 -1.94961168 1.70007590
v 3.78036536 -1.92612261 1.70111377
v 3.76689322 -2.03238130 1.60133541
v 3.76689322 -2.03238130 1.60133541
v 3.78036536 -1.92612261 1.70111377
v 3.80035378 -1.89069547 1.70008801
v 3.76689322 -2.03238130 1.60133541
v 3.80035378 -1.89069547 1.70008801
v 3.95029671 -1.72032733 1.58358049
v 3.95029671 -1.72032733 1.58358049
v 3.80035378 -1.89069547 1.70008801
v 3.86148728 -1.77313164 1.70434434
v 3.95029671 -1.72032733 1.58358049
v 3.86148728 -1.77313164 1.70434434
v 3.93901654 -1.62678026 1.70121286
v 3.57477032 -2.35879272 1.59864482
v 3.57473455 -2.28731427 1.70008894
v 3.76689322 -2.03238130 1.60133541
v 3.76689322 -2.03238130 1.60133541
v 3.57473455 -2.28731427 1.70008894
v 3.69729735 -2.07537562 1.70005020
v 3.76689322 -2.03238130 1.60133541
v 3.69729735 -2.07537562 1.70005020
v 3.76747586 -1.94961168 1.70007590
v 3.95029671 -1.72032733 1.58358049
v 3.95000912 -1.79488920 1.50000183
v 3.76689322 -2.03238130 1.60133541
v 3.76689322 -2.03238130 1.60133541
v 3.95000912 -1.79488920 1.50000183
v 3.80710252 -2.04177555 1.49998916
v 3.76689322 -2.03238130 1.60133541
v 3.80710252 -2.04177555 1.49998916
v 3.57477032 -2.35879272 1.59864482
v 3.57477032 -2.35879272 1.59864482
v 3.80710252 -2.04177555 1.49998916
v 3.57458182 -2.42342241 1.50000295
v 2.94842999 2.05574036 1.70008801
v 2.95964833 2.08695494 1.58689506
v 3.14723663 2.05743425 1.70008801
v 3.14723663 2.05743425 1.70008801
v 2.95964833 2.08695494 1.58689506
v 3.18099000 2.05764677 1.70008801
v 2.96213459 2.10705753 1.50000686
v 3.58163081 2.10722778 1.50000686
v 2.95964833 2.08695494 1.58689506
v 2.95964833 2.08695494 1.58689506
v 3.58163081 2.10722778 1.50000686
v 3.58127467 2.08491925 1.59895271
v 2.95964833 2.08695494 1.58689506
v 3.58127467 2.08491925 1.59895271
v 3.18099000 2.05764677 1.70008801
v 3.18099000 2.05764677 1.70008801
v 3.58127467 2.08491925 1.59895271
v 3.58088724 2.06287540 1.68554261
v 3.18099000 2.05764677 1.70008801
v 3.58088724 2.06287540 1.68554261
v 3.58081125 2.05894280 1.70008801
v 3.95107754 1.72500499 1.22509971
v 3.95115949 1.73960011 1.14184581
v 3.95001955 0.01943185 2.33901683
v 3.95001955 1.81886293 -0.25967415
v 3.95001955 1.80828273 -0.51302067
v 3.95001955 -2.29685809 -0.44027809
v 3.95001955 -2.28763036 -0.48595238
v 3.95001955 1.75082423 -1.08333407
v 3.95001955 1.73317753 -1.19227609
v 3.95001955 1.80828273 -0.51302067
v 3.95001955 1.79695636 -0.67679440
v 3.95001955 -2.29685809 -0.44027809
v 3.95001955 -2.29685809 -0.44027809
v 3.95001955 1.79695636 -0.67679440
v 3.95001955 1.77675933 -0.88512357
v 3.95001955 -2.29685809 -0.44027809
v 3.95001955 1.77675933 -0.88512357
v 3.95001955 -2.28763036 -0.48595238
v 3.95001955 -2.28763036 -0.48595238
v 3.95001955 1.77675933 -0.88512357
v 3.95001955 1.76265761 -0.99931154
v 3.95001955 -2.28763036 -0.48595238
v 3.95001955 1.76265761 -0.99931154
v 3.95001955 1.75082423 -1.08333407
v 3.95001955 -0.66623110 -2.24452056
v 3.95001955 1.71473771 -1.28836026
v 3.95001955 -0.56497101 -2.27211732
v 3.95001955 -0.56497101 -2.27211732
v 3.95001955 1.71473771 -1.28836026
v 3.95001955 -0.44037257 -2.29953360
v 3.95001955 -2.30144337 -0.41565974
v 3.95001955 -2.32253913 -0.27466938
v 3.95058878 1.81651209 0.30635023
v 3.95058878 1.81651209 0.30635023
v 3.95001955 -2.32253913 -0.27466938
v 3.95001955 -2.32929755 -0.21011923
v 3.95058878 1.81651209 0.30635023
v 3.95001955 -2.32929755 -0.21011923
v 3.95001955 -2.33500022 -0.13312544
v 3.95001955 -2.30144337 -0.41565974
v 3.95058878 1.81651209 0.30635023
v 3.95001955 -2.29685809 -0.44027809
v 3.95001955 -2.29685809 -0.44027809
v 3.95058878 1.81651209 0.30635023
v 3.95001955 1.82213988 0.00033700
v 3.95001955 -2.29685809 -0.44027809
v 3.95001955 1.82213988 0.00033700
v 3.95001955 1.81886293 -0.25967415
v 3.95001955 -0.14373504 -2.33691353
v 3.95001955 -0.21020554 -2.33194251
v 3.95001955 1.71473771 -1.28836026
v 3.95001955 1.73317753 -1.19227609
v 3.95001955 1.72234215 -1.25067364
v 3.95001955 -2.28763036 -0.48595238
v 3.95001955 -2.28763036 -0.48595238
v 3.95001955 1.72234215 -1.25067364
v 3.95001955 1.71473771 -1.28836026
v 3.95001955 -2.28763036 -0.48595238
v 3.95001955 1.71473771 -1.28836026
v 3.95001955 -2.25372873 -0.62477342
v 3.95001955 -2.25372873 -0.62477342
v 3.95001955 1.71473771 -1.28836026
v 3.95001955 -2.24191695 -0.66602067
v 3.95000912 -1.79488920 1.50000183
v 3.95029671 -1.72032733 1.58358049
v 3.95115949 1.73960011 1.14184581
v 3.95115949 1.73960011 1.14184581
v 3.95029671 -1.72032733 1.58358049
v 3.95001955 -1.60653200 1.70008801
v 3.95001955 -0.93090134 2.14599725
v 3.95001955 -0.89213336 2.16239765
v 3.95115949 1.73960011 1.14184581
v 3.95115949 1.73960011 1.14184581
v 3.95001955 -0.89213336 2.16239765
v 3.95001955 -0.75113075 2.21528988
v 3.95115949 1.73960011 1.14184581
v 3.95001955 -0.75113075 2.21528988
v 3.95001955 -0.60689333 2.25903224
v 3.95001955 -0.60689333 2.25903224
v 3.95001955 -0.52562524 2.27930062
v 3.95115949 1.73960011 1.14184581
v 3.95115949 1.73960011 1.14184581
v 3.95001955 -0.52562524 2.27930062
v 3.95001955 -0.46008285 2.29342710
v 3.95115949 1.73960011 1.14184581
v 3.95001955 -0.46008285 2.29342710
v 3.95001806 -0.31175888 2.31827814
v 3.95001955 1.31096868 -1.93959139
v 3.95001955 1.27657345 -1.96243189
v 3.95001955 1.69412307 -1.37908747
v 3.95001955 -1.09592471 -2.06878539
v 3.95001955 -1.20594427 -2.00651623
v 3.95001955 1.71473771 -1.28836026
v 3.95001955 1.71473771 -1.28836026
v 3.95001955 -1.20594427 -2.00651623
v 3.95001955 -1.29559785 -1.94974449
v 3.95001955 1.71473771 -1.28836026
v 3.95001955 -1.29559785 -1.94974449
v 3.95001955 -1.32583585 -1.92928687
v 3.95001806 -2.04925723 1.12739876
v 3.95001955 -1.97231174 1.25718350
v 3.95115949 1.73960011 1.14184581
v 3.95115949 1.73960011 1.14184581
v 3.95001955 -1.97231174 1.25718350
v 3.95001955 -1.88740343 1.38149429
v 3.95115949 1.73960011 1.14184581
v 3.95001955 -1.88740343 1.38149429
v 3.95000912 -1.79488920 1.50000183
v 3.95001806 -0.31175888 2.31827814
v 3.95001657 -0.15870465 2.33379565
v 3.95115949 1.73960011 1.14184581
v 3.95115949 1.73960011 1.14184581
v 3.95001657 -0.15870465 2.33379565
v 3.95001955 -0.00003346 2.33913343
v 3.95115949 1.73960011 1.14184581
v 3.95001955 -0.00003346 2.33913343
v 3.95001955 0.01943185 2.33901683
v 3.95001955 1.64516531 1.54133635
v 3.95001955 1.65949166 1.50000686
v 3.95001955 0.01943185 2.33901683
v 3.95001955 0.01943185 2.33901683
v 3.95001955 1.65949166 1.50000686
v 3.95076014 1.69271491 1.37756001
v 3.95001955 0.01943185 2.33901683
v 3.95076014 1.69271491 1.37756001
v 3.95107754 1.72500499 1.22509971
v 3.95001955 1.71473771 -1.28836026
v 3.95001955 0.75393636 -2.21665781
v 3.95001955 0.68829996 -2.23791730
v 3.95001955 1.71473771 -1.28836026
v 3.95001955 0.37748110 -2.31073648
v 3.95001955 0.28380374 -2.32411474
v 3.95001955 -0.21020554 -2.33194251
v 3.95001955 -0.28473723 -2.32399330
v 3.95001955 1.71473771 -1.28836026
v 3.95001955 1.71473771 -1.28836026
v 3.95001955 -0.28473723 -2.32399330
v 3.95001955 -0.42565223 -2.30230745
v 3.95001955 1.71473771 -1.28836026
v 3.95001955 -0.42565223 -2.30230745
v 3.95001955 -0.44037257 -2.29953360
v 3.95001955 1.71473771 -1.28836026
v 3.95001955 -1.94803886 -1.29593154
v 3.95001955 -1.97124816 -1.26019074
v 3.95001955 -1.60653200 1.70008801
v 3.95001955 -1.52939660 1.76946092
v 3.95115949 1.73960011 1.14184581
v 3.95115949 1.73960011 1.14184581
v 3.95001955 -1.52939660 1.76946092
v 3.95001955 -1.41199315 1.86450817
v 3.95115949 1.73960011 1.14184581
v 3.95001955 -1.41199315 1.86450817
v 3.95002104 -1.28910700 1.95160825
v 3.95002104 -1.28910700 1.95160825
v 3.95002104 -1.16153061 2.03029253
v 3.95115949 1.73960011 1.14184581
v 3.95115949 1.73960011 1.14184581
v 3.95002104 -1.16153061 2.03029253
v 3.95001955 -1.02920597 2.10060012
v 3.95115949 1.73960011 1.14184581
v 3.95001955 -1.02920597 2.10060012
v 3.95001955 -0.93090134 2.14599725
v 3.95001955 -2.33500022 -0.13312544
v 3.95001955 -2.33882815 0.00032076
v 3.95058878 1.81651209 0.30635023
v 3.95058878 1.81651209 0.30635023
v 3.95001955 -2.33882815 0.00032076
v 3.95001210 -2.33561229 0.12206057
v 3.95058878 1.81651209 0.30635023
v 3.95001210 -2.33561229 0.12206057
v 3.95097025 1.80293676 0.57217879
v 3.95097025 1.80293676 0.57217879
v 3.95001210 -2.33561229 0.12206057
v 3.95001061 -2.32281964 0.27242531
v 3.95097025 1.80293676 0.57217879
v 3.95001061 -2.32281964 0.27242531
v 3.95117886 1.78204551 0.81964731
v 3.95117886 1.78204551 0.81964731
v 3.95001061 -2.32281964 0.27242531
v 3.95001359 -2.30039507 0.42170333
v 3.95117886 1.78204551 0.81964731
v 3.95001359 -2.30039507 0.42170333
v 3.95122953 1.75585635 1.03578493
v 3.95001955 0.68829996 -2.23791730
v 3.95001955 0.55087837 -2.27563810
v 3.95001955 1.71473771 -1.28836026
v 3.95001955 1.71473771 -1.28836026
v 3.95001955 0.55087837 -2.27563810
v 3.95001955 0.42504971 -2.30245814
v 3.95001955 1.71473771 -1.28836026
v 3.95001955 0.42504971 -2.30245814
v 3.95001955 0.37748110 -2.31073648
v 3.95001955 -0.66623110 -2.24452056
v 3.95001955 -0.68537137 -2.23875251
v 3.95001955 1.71473771 -1.28836026
v 3.95001955 1.71473771 -1.28836026
v 3.95001955 -0.68537137 -2.23875251
v 3.95001955 -0.82155513 -2.19245125
v 3.95001955 1.71473771 -1.28836026
v 3.95001955 -0.82155513 -2.19245125
v 3.95001955 -0.88547450 -2.16741245
v 3.95001955 -0.88547450 -2.16741245
v 3.95001955 -0.95361704 -2.13826504
v 3.95001955 1.71473771 -1.28836026
v 3.95001955 1.71473771 -1.28836026
v 3.95001955 -0.95361704 -2.13826504
v 3.95001955 -1.08177708 -2.07623504
v 3.95001955 1.71473771 -1.28836026
v 3.95001955 -1.08177708 -2.07623504
v 3.95001955 -1.09592471 -2.06878539
v 3.95001955 -1.32583585 -1.92928687
v 3.95001955 -1.40080908 -1.87551305
v 3.95001955 1.71473771 -1.28836026
v 3.95001955 1.71473771 -1.28836026
v 3.95001955 -1.40080908 -1.87551305
v 3.95001955 -1.48250768 -1.81158315
v 3.95001955 1.71473771 -1.28836026
v 3.95001955 -1.48250768 -1.81158315
v 3.95001955 -1.51204141 -1.78698897
v 3.95001955 -1.97124816 -1.26019074
v 3.95001955 -2.03555860 -1.15299160
v 3.95001955 1.71473771 -1.28836026
v 3.95001955 1.71473771 -1.28836026
v 3.95001955 -2.03555860 -1.15299160
v 3.95001955 -2.06668936 -1.09601030
v 3.95001955 1.71473771 -1.28836026
v 3.95001955 -2.06668936 -1.09601030
v 3.95001955 -2.10254714 -1.02530364
v 3.95122953 1.75585635 1.03578493
v 3.95001359 -2.30039507 0.42170333
v 3.95115949 1.73960011 1.14184581
v 3.95115949 1.73960011 1.14184581
v 3.95001359 -2.30039507 0.42170333
v 3.95001806 -2.26855166 0.56886845
v 3.95115949 1.73960011 1.14184581
v 3.95001806 -2.26855166 0.56886845
v 3.95001955 -2.22756658 0.71300096
v 3.95001955 1.06586441 -2.08450388
v 3.95001955 0.93731657 -2.14546155
v 3.95001955 1.71473771 -1.28836026
v 3.95001955 1.71473771 -1.28836026
v 3.95001955 0.93731657 -2.14546155
v 3.95001955 0.82322760 -2.19184086
v 3.95001955 1.71473771 -1.28836026
v 3.95001955 0.82322760 -2.19184086
v 3.95001955 0.75393636 -2.21665781
v 3.95001955 0.28380374 -2.32411474
v 3.95001955 0.14205009 -2.33707856
v 3.95001955 1.71473771 -1.28836026
v 3.95001955 1.71473771 -1.28836026
v 3.95001955 0.14205009 -2.33707856
v 3.95001359 -0.00009753 -2.34134961
v 3.95001955 1.71473771 -1.28836026
v 3.95001359 -0.00009753 -2.34134961
v 3.95001955 -0.14373504 -2.33691353
v 3.95001955 -1.51204141 -1.78698897
v 3.95001955 -1.60910152 -1.70000903
v 3.95001955 1.71473771 -1.28836026
v 3.95001955 1.71473771 -1.28836026
v 3.95001955 -1.60910152 -1.70000903
v 3.95001955 -1.65468082 -1.65557805
v 3.95001955 1.71473771 -1.28836026
v 3.95001955 -1.65468082 -1.65557805
v 3.95001955 -1.70984957 -1.59834642
v 3.95001955 -2.10254714 -1.02530364
v 3.95001955 -2.16115545 -0.89470483
v 3.95001955 1.71473771 -1.28836026
v 3.95001955 1.71473771 -1.28836026
v 3.95001955 -2.16115545 -0.89470483
v 3.95001955 -2.21154355 -0.76111583
v 3.95001955 1.71473771 -1.28836026
v 3.95001955 -2.21154355 -0.76111583
v 3.95001955 -2.24191695 -0.66602067
v 3.95001806 0.16407979 2.33340114
v 3.95002253 0.31394407 2.31797062
v 3.95001955 1.42715098 1.85322650
v 3.95001955 1.42715098 1.85322650
v 3.95002253 0.31394407 2.31797062
v 3.95002402 0.46250727 2.29294747
v 3.95001955 1.42715098 1.85322650
v 3.95002402 0.46250727 2.29294747
v 3.95001657 1.29595157 1.94728039
v 3.95001806 0.16407979 2.33340114
v 3.95001955 1.42715098 1.85322650
v 3.95001955 0.01943185 2.33901683
v 3.95001955 0.01943185 2.33901683
v 3.95001955 1.42715098 1.85322650
v 3.95017602 1.47363581 1.81520991
v 3.95001955 0.01943185 2.33901683
v 3.95017602 1.47363581 1.81520991
v 3.95040549 1.52697321 1.76102761
v 3.95001955 1.69412307 -1.37908747
v 3.95001955 1.27657345 -1.96243189
v 3.95001955 1.71473771 -1.28836026
v 3.95001955 1.71473771 -1.28836026
v 3.95001955 1.27657345 -1.96243189
v 3.95001955 1.19055994 -2.01581791
v 3.95001955 1.71473771 -1.28836026
v 3.95001955 1.19055994 -2.01581791
v 3.95001955 1.06586441 -2.08450388
v 3.95001955 -1.70984957 -1.59834642
v 3.95001955 -1.80381704 -1.49100702
v 3.95001955 1.71473771 -1.28836026
v 3.95001955 1.71473771 -1.28836026
v 3.95001955 -1.80381704 -1.49100702
v 3.95001955 -1.89098846 -1.37821194
v 3.95001955 1.71473771 -1.28836026
v 3.95001955 -1.89098846 -1.37821194
v 3.95001955 -1.94803886 -1.29593154
v 3.95001955 -2.22756658 0.71300096
v 3.95001806 -2.17728410 0.85449284
v 3.95115949 1.73960011 1.14184581
v 3.95115949 1.73960011 1.14184581
v 3.95001806 -2.17728410 0.85449284
v 3.95001806 -2.11772937 0.99290134
v 3.95115949 1.73960011 1.14184581
v 3.95001806 -2.11772937 0.99290134
v 3.95001806 -2.04925723 1.12739876
v 3.95040549 1.52697321 1.76102761
v 3.95001955 1.57183949 1.70008801
v 3.95001955 0.01943185 2.33901683
v 3.95001955 0.01943185 2.33901683
v 3.95001955 1.57183949 1.70008801
v 3.95001955 1.60923228 1.62766129
v 3.95001955 0.01943185 2.33901683
v 3.95001955 1.60923228 1.62766129
v 3.95001955 1.64516531 1.54133635
v 3.95002104 0.75237164 2.21488047
v 3.95002253 0.89338683 2.16181539
v 3.95002253 0.60869898 2.25857068
v 3.95002253 0.60869898 2.25857068
v 3.95002253 0.89338683 2.16181539
v 3.95002402 1.03083774 2.09970362
v 3.95002253 0.60869898 2.25857068
v 3.95002402 1.03083774 2.09970362
v 3.95002402 0.46250727 2.29294747
v 3.95002402 0.46250727 2.29294747
v 3.95002402 1.03083774 2.09970362
v 3.95001955 1.16331931 2.02929359
v 3.95002402 0.46250727 2.29294747
v 3.95001955 1.16331931 2.02929359
v 3.95001657 1.29595157 1.94728039
v 3.95001955 1.69412307 -1.37908747
v 3.95001955 1.67123526 -1.46422917
v 3.95001955 1.31096868 -1.93959139
v 3.95001955 1.31096868 -1.93959139
v 3.95001955 1.67123526 -1.46422917
v 3.95001955 1.64588094 -1.54357990
v 3.95001955 1.31096868 -1.93959139
v 3.95001955 1.64588094 -1.54357990
v 3.95001955 1.42735792 -1.85547508
v 3.95001955 1.42735792 -1.85547508
v 3.95001955 1.64588094 -1.54357990
v 3.95001955 1.61685124 -1.61702968
v 3.95001955 1.61685124 -1.61702968
v 3.95001955 1.58290304 -1.68434456
v 3.95001955 1.42735792 -1.85547508
v 3.95001955 1.42735792 -1.85547508
v 3.95001955 1.58290304 -1.68434456
v 3.95001955 1.57358516 -1.70000885
v 3.95001955 1.42735792 -1.85547508
v 3.95001955 1.57358516 -1.70000885
v 3.95001955 1.48743531 -1.80547461
v 3.95001955 1.48743531 -1.80547461
v 3.95001955 1.57358516 -1.70000885
v 3.95001955 1.53402854 -1.75590701
v 3.95001955 1.64516531 1.54133635
v 3.95001955 1.60923228 1.62766129
v 3.86218466 1.73627883 1.60300136
v 3.95001955 1.65949166 1.50000686
v 3.95001955 1.64516531 1.54133635
v 3.91738601 1.70015506 1.50000686
v 3.91738601 1.70015506 1.50000686
v 3.95001955 1.64516531 1.54133635
v 3.86218466 1.73627883 1.60300136
v 3.91738601 1.70015506 1.50000686
v 3.86218466 1.73627883 1.60300136
v 3.88990082 1.73420627 1.50000537
v 3.88990082 1.73420627 1.50000537
v 3.86218466 1.73627883 1.60300136
v 3.75520326 1.89866144 1.50000686
v 3.86218466 1.73627883 1.60300136
v 3.76895107 1.85510721 1.60114728
v 3.75520326 1.89866144 1.50000686
v 3.75520326 1.89866144 1.50000686
v 3.76895107 1.85510721 1.60114728
v 3.58127467 2.08491925 1.59895271
v 3.75520326 1.89866144 1.50000686
v 3.58127467 2.08491925 1.59895271
v 3.58163081 2.10722778 1.50000686
v 3.86218466 1.73627883 1.60300136
v 3.79570313 1.78798847 1.70008801
v 3.76895107 1.85510721 1.60114728
v 3.76895107 1.85510721 1.60114728
v 3.79570313 1.78798847 1.70008801
v 3.71538289 1.89106856 1.70008801
v 3.76895107 1.85510721 1.60114728
v 3.71538289 1.89106856 1.70008801
v 3.58127467 2.08491925 1.59895271
v 3.58127467 2.08491925 1.59895271
v 3.71538289 1.89106856 1.70008801
v 3.60652469 2.02700179 1.70008801
v 3.58127467 2.08491925 1.59895271
v 3.60652469 2.02700179 1.70008801
v 3.58088724 2.06287540 1.68554261
v 3.58088724 2.06287540 1.68554261
v 3.60652469 2.02700179 1.70008801
v 3.58081125 2.05894280 1.70008801
v 3.95001955 1.57183949 1.70008801
v 3.92466076 1.60959680 1.70008801
v 3.95001955 1.60923228 1.62766129
v 3.95001955 1.60923228 1.62766129
v 3.92466076 1.60959680 1.70008801
v 3.91648896 1.62156262 1.70008801
v 3.95001955 1.60923228 1.62766129
v 3.91648896 1.62156262 1.70008801
v 3.86218466 1.73627883 1.60300136
v 3.86218466 1.73627883 1.60300136
v 3.91648896 1.62156262 1.70008801
v 3.85943688 1.70230381 1.70008801
v 3.86218466 1.73627883 1.60300136
v 3.85943688 1.70230381 1.70008801
v 3.79570313 1.78798847 1.70008801
v 2.95428615 2.09902655 1.50000686
v 2.96213459 2.10705753 1.50000686
v 2.95964833 2.08695494 1.58689506
v 2.95428615 2.09902655 1.50000686
v 2.95964833 2.08695494 1.58689506
v 2.94638555 2.09104735 1.50000686
v 2.86199059 2.00473182 1.50000686
v 2.91078966 2.05027051 1.52118960
v 2.85746213 1.98221523 1.58907417
v 2.85746213 1.98221523 1.58907417
v 2.91078966 2.05027051 1.52118960
v 2.90459227 2.02420820 1.62351653
v 2.85746213 1.98221523 1.58907417
v 2.90459227 2.02420820 1.62351653
v 2.85267364 1.96983535 1.63118858
v 2.85267364 1.96983535 1.63118858
v 2.90459227 2.02420820 1.62351653
v 2.84507107 1.95403062 1.67960431
v 2.84092333 1.94621552 1.70008801
v 2.84507107 1.95403062 1.67960431
v 2.94842999 2.05574036 1.70008801
v 2.94842999 2.05574036 1.70008801
v 2.84507107 1.95403062 1.67960431
v 2.90459227 2.02420820 1.62351653
v 2.94842999 2.05574036 1.70008801
v 2.90459227 2.02420820 1.62351653
v 2.95964833 2.08695494 1.58689506
v 2.95964833 2.08695494 1.58689506
v 2.90459227 2.02420820 1.62351653
v 2.91078966 2.05027051 1.52118960
v 2.95964833 2.08695494 1.58689506
v 2.91078966 2.05027051 1.52118960
v 2.94638555 2.09104735 1.50000686
v 2.94638555 2.09104735 1.50000686
v 2.91078966 2.05027051 1.52118960
v 2.86199059 2.00473182 1.50000686
v 2.93964650 -2.28142180 1.70008801
v 2.94454973 -2.28731409 1.70008820
v 2.95313578 -2.33169552 1.63799208
v 2.86141392 -2.30406132 1.49987740
v 2.84658652 -2.20334399 1.63522083
v 2.91164424 -2.36372501 1.49998674
v 2.91164424 -2.36372501 1.49998674
v 2.84658652 -2.20334399 1.63522083
v 2.95313578 -2.33169552 1.63799208
v 2.91164424 -2.36372501 1.49998674
v 2.95313578 -2.33169552 1.63799208
v 2.96219643 -2.42343247 1.49998283
v 2.84658652 -2.20334399 1.63522083
v 2.83260029 -2.15085857 1.70065481
v 2.88387369 -2.21330449 1.70064643
v 2.84658652 -2.20334399 1.63522083
v 2.88387369 -2.21330449 1.70064643
v 2.95313578 -2.33169552 1.63799208
v 2.95313578 -2.33169552 1.63799208
v 2.88387369 -2.21330449 1.70064643
v 2.93484684 -2.27561444 1.70008801
v 2.95313578 -2.33169552 1.63799208
v 2.93484684 -2.27561444 1.70008801
v 2.93964650 -2.28142180 1.70008801
v 2.86141392 -2.30406132 1.49987740
v 2.82046329 -2.22873446 1.60116274
v 2.84658652 -2.20334399 1.63522083
v 2.78633516 -2.16139723 1.68080945
v 2.82046329 -2.22873446 1.60116274
v 2.79613715 -2.22815387 1.60187520
v 2.84658652 -2.20334399 1.63522083
v 2.82046329 -2.22873446 1.60116274
v 2.83260029 -2.15085857 1.70065481
v 2.83260029 -2.15085857 1.70065481
v 2.82046329 -2.22873446 1.60116274
v 2.78633516 -2.16139723 1.68080945
v 2.83260029 -2.15085857 1.70065481
v 2.78633516 -2.16139723 1.68080945
v 2.78280508 -2.14438066 1.70008801
v 2.79613715 -2.22815387 1.60187520
v 2.82046329 -2.22873446 1.60116274
v 2.79961359 -2.27948297 1.53459748
v 2.79961359 -2.27948297 1.53459748
v 2.82046329 -2.22873446 1.60116274
v 2.86141392 -2.30406132 1.49987740
v 2.79961359 -2.27948297 1.53459748
v 2.86141392 -2.30406132 1.49987740
v 2.80001964 -2.30387449 1.50000369
v 4.10001911 1.64999999 -0.00000000
v 4.10001911 1.64479800 -0.14234086
v 4.10001911 1.87637862 -0.22279257
v 4.10001911 -0.79322010 -1.88659318
v 4.10001911 -0.90357736 -2.21021287
v 4.10001911 -0.51327385 -1.93830188
v 4.10001911 -0.51327385 -1.93830188
v 4.10001911 -0.90357736 -2.21021287
v 4.10001911 -0.71296562 -2.27877274
v 4.10001911 -0.21453637 -2.37801932
v 4.10001911 -0.22878204 -1.94869917
v 4.10001911 -0.45866054 -2.34316755
v 4.10001911 -0.45866054 -2.34316755
v 4.10001911 -0.22878204 -1.94869917
v 4.10001911 -0.51327385 -1.93830188
v 4.10001911 -0.45866054 -2.34316755
v 4.10001911 -0.51327385 -1.93830188
v 4.10001911 -0.67982301 -2.28886288
v 4.10001911 -0.67982301 -2.28886288
v 4.10001911 -0.51327385 -1.93830188
v 4.10001911 -0.71296562 -2.27877274
v 4.10001911 -1.71185844 -1.66475605
v 4.10001911 -1.68874525 -1.68819744
v 4.10001911 -1.54736238 -1.49886189
v 4.10001911 1.87637862 -0.22279257
v 4.10001911 1.64479800 -0.14234086
v 4.10001911 1.86661761 -0.47498727
v 4.10001911 1.86661761 -0.47498727
v 4.10001911 1.64479800 -0.14234086
v 4.10001911 1.60334799 -0.42398884
v 4.10001911 1.86661761 -0.47498727
v 4.10001911 1.60334799 -0.42398884
v 4.10001911 1.84901152 -0.72676321
v 4.10001911 1.84901152 -0.72676321
v 4.10001911 1.60334799 -0.42398884
v 4.10001911 1.52133144 -0.69660023
v 4.10001911 1.84901152 -0.72676321
v 4.10001911 1.52133144 -0.69660023
v 4.10001911 1.82191059 -0.97767292
v 4.10001911 1.82191059 -0.97767292
v 4.10001911 1.52133144 -0.69660023
v 4.10001911 1.40049635 -0.95436480
v 4.10001911 1.82191059 -0.97767292
v 4.10001911 1.40049635 -0.95436480
v 4.10001911 1.78254731 -1.22694476
v 4.10001911 -2.04889961 1.22690126
v 4.10001911 -2.10218001 1.13322493
v 4.10001911 -1.92629565 1.07594710
v 4.10001911 1.78254731 -1.22694476
v 4.10001911 1.40049635 -0.95436480
v 4.10001911 1.75669827 -1.35047082
v 4.10001911 1.75669827 -1.35047082
v 4.10001911 1.40049635 -0.95436480
v 4.10001911 1.24341818 -1.19178873
v 4.10001911 1.75669827 -1.35047082
v 4.10001911 1.24341818 -1.19178873
v 4.10001911 1.72480252 -1.47251161
v 4.10001911 1.45920655 -1.88995730
v 4.10001911 1.50814783 -1.85013879
v 4.10001911 1.05344467 -1.40381176
v 4.10001911 1.05344467 -1.40381176
v 4.10001911 1.50814783 -1.85013879
v 4.10001911 1.55352857 -1.80634949
v 4.10001911 1.01784337 -2.15986818
v 4.10001911 0.83462493 -1.58591494
v 4.10001911 0.95052077 -2.19034124
v 4.10001911 0.95052077 -2.19034124
v 4.10001911 0.83462493 -1.58591494
v 4.10001911 0.59162253 -1.73421726
v 4.10001911 0.38364937 -2.35662181
v 4.10001911 0.52047661 -2.33024228
v 4.10001911 0.32961678 -1.84555762
v 4.10001911 0.32961678 -1.84555762
v 4.10001911 0.52047661 -2.33024228
v 4.10001911 0.57698139 -2.31691189
v 4.10001911 0.32961678 -1.84555762
v 4.10001911 0.57698139 -2.31691189
v 4.10001911 0.59162253 -1.73421726
v 4.10001911 0.59162253 -1.73421726
v 4.10001911 0.57698139 -2.31691189
v 4.10001911 0.77424999 -2.25870106
v 4.10001911 0.59162253 -1.73421726
v 4.10001911 0.77424999 -2.25870106
v 4.10001911 0.95052077 -2.19034124
v 4.10001911 -0.21453637 -2.37801932
v 4.10001911 -0.19741007 -2.37950571
v 4.10001911 -0.22878204 -1.94869917
v 4.10001911 -0.22878204 -1.94869917
v 4.10001911 -0.19741007 -2.37950571
v 4.10001911 -0.00010461 -2.38765217
v 4.10001911 -0.22878204 -1.94869917
v 4.10001911 -0.00010461 -2.38765217
v 4.10001911 0.05419186 -1.91756319
v 4.10001911 0.05419186 -1.91756319
v 4.10001911 -0.00010461 -2.38765217
v 4.10001911 0.18770631 -2.38027405
v 4.10001911 0.05419186 -1.91756319
v 4.10001911 0.18770631 -2.38027405
v 4.10001911 0.32961678 -1.84555762
v 4.10001911 0.32961678 -1.84555762
v 4.10001911 0.18770631 -2.38027405
v 4.10001911 0.26161985 -2.37327795
v 4.10001911 0.32961678 -1.84555762
v 4.10001911 0.26161985 -2.37327795
v 4.10001911 0.38364937 -2.35662181
v 4.10001911 1.05344467 1.40381185
v 4.10001911 1.48281138 1.87208112
v 4.10001911 1.45920655 1.89063530
v 4.10001911 1.55352857 -1.80634949
v 4.10001911 1.59375258 -1.75776836
v 4.10001911 1.05344467 -1.40381176
v 4.10001911 1.05344467 -1.40381176
v 4.10001911 1.59375258 -1.75776836
v 4.10001911 1.62856951 -1.70513485
v 4.10001911 1.05344467 -1.40381176
v 4.10001911 1.62856951 -1.70513485
v 4.10001911 1.24341818 -1.19178873
v 4.10001911 1.24341818 -1.19178873
v 4.10001911 1.62856951 -1.70513485
v 4.10001911 1.68382432 -1.59186833
v 4.10001911 1.24341818 -1.19178873
v 4.10001911 1.68382432 -1.59186833
v 4.10001911 1.72480252 -1.47251161
v 4.10001911 1.01784337 -2.15986818
v 4.10001911 1.12816710 -2.10434403
v 4.10001911 0.83462493 -1.58591494
v 4.10001911 0.83462493 -1.58591494
v 4.10001911 1.12816710 -2.10434403
v 4.10001911 1.24915568 -2.03488059
v 4.10001911 0.83462493 -1.58591494
v 4.10001911 1.24915568 -2.03488059
v 4.10001911 1.05344467 -1.40381176
v 4.10001911 1.05344467 -1.40381176
v 4.10001911 1.24915568 -2.03488059
v 4.10001911 1.29812649 -2.00401004
v 4.10001911 1.05344467 -1.40381176
v 4.10001911 1.29812649 -2.00401004
v 4.10001911 1.45920655 -1.88995730
v 4.10001911 -1.32210590 -1.98822599
v 4.10001911 -1.06265424 -1.79467518
v 4.10001911 -1.31583363 -1.66450646
v 4.10001911 -2.04889961 1.22690126
v 4.10001911 -1.92629565 1.07594710
v 4.10001911 -2.02531237 1.26545224
v 4.10001911 0.85404851 2.23042425
v 4.10001911 0.59162253 1.73421707
v 4.10001911 0.95463991 2.18922626
v 4.10001911 0.95463991 2.18922626
v 4.10001911 0.59162253 1.73421707
v 4.10001911 0.83462493 1.58591494
v 4.10001911 0.95463991 2.18922626
v 4.10001911 0.83462493 1.58591494
v 4.10001911 1.05325393 2.14349795
v 4.10001911 1.82598997 0.94627412
v 4.10001911 1.40049635 0.95436480
v 4.10001911 1.84645522 0.75596836
v 4.10001911 1.84645522 0.75596836
v 4.10001911 1.40049635 0.95436480
v 4.10001911 1.52133144 0.69660018
v 4.10001911 1.84645522 0.75596836
v 4.10001911 1.52133144 0.69660018
v 4.10001911 1.86131503 0.56512826
v 4.10001911 1.86131503 0.56512826
v 4.10001911 1.52133144 0.69660018
v 4.10001911 1.60334799 0.42398884
v 4.10001911 1.87637862 -0.22279257
v 4.10001911 1.87902562 0.00033700
v 4.10001911 1.64999999 -0.00000000
v 4.10001911 1.64999999 -0.00000000
v 4.10001911 1.87902562 0.00033700
v 4.10001911 1.87841225 0.10854363
v 4.10001911 1.64999999 -0.00000000
v 4.10001911 1.87841225 0.10854363
v 4.10001911 1.64479800 0.14234086
v 4.10001911 1.64479800 0.14234086
v 4.10001911 1.87841225 0.10854363
v 4.10001911 1.87726766 0.18266203
v 4.10001911 1.64479800 0.14234086
v 4.10001911 1.87726766 0.18266203
v 4.10001911 1.60334799 0.42398884
v 4.10001911 1.60334799 0.42398884
v 4.10001911 1.87726766 0.18266203
v 4.10001911 1.86334886 0.53272247
v 4.10001911 1.60334799 0.42398884
v 4.10001911 1.86334886 0.53272247
v 4.10001911 1.86131503 0.56512826
v 4.10001911 -1.68874525 -1.68819744
v 4.10001911 -1.61718391 -1.75683014
v 4.10001911 -1.54736238 -1.49886189
v 4.10001911 -1.54736238 -1.49886189
v 4.10001911 -1.61718391 -1.75683014
v 4.10001911 -1.51287811 -1.84731968
v 4.10001911 -1.54736238 -1.49886189
v 4.10001911 -1.51287811 -1.84731968
v 4.10001911 -1.31583363 -1.66450646
v 4.10001911 -1.31583363 -1.66450646
v 4.10001911 -1.51287811 -1.84731968
v 4.10001911 -1.41494125 -1.92329418
v 4.10001911 -1.31583363 -1.66450646
v 4.10001911 -1.41494125 -1.92329418
v 4.10001911 -1.32210590 -1.98822599
v 4.10001911 -2.24999990 -0.00000000
v 4.10001911 -2.38798819 0.00033700
v 4.10001911 -2.37837136 -0.21408305
v 4.10001911 -0.19291856 2.38055252
v 4.10001911 -0.30066376 2.36932933
v 4.10001911 -0.22878204 1.94869898
v 4.10001911 -0.22878204 1.94869898
v 4.10001911 -0.30066376 2.36932933
v 4.10001911 -0.40778317 2.35323608
v 4.10001911 -0.22878204 1.94869898
v 4.10001911 -0.40778317 2.35323608
v 4.10001911 -0.51327385 1.93830188
v 4.10001911 -0.51327385 1.93830188
v 4.10001911 -0.40778317 2.35323608
v 4.10001911 -0.51406743 2.33231988
v 4.10001911 -0.51327385 1.93830188
v 4.10001911 -0.51406743 2.33231988
v 4.10001911 -0.61879833 2.30676252
v 4.10001911 1.45920655 1.89063530
v 4.10001911 1.41623225 1.92306004
v 4.10001911 1.05344467 1.40381185
v 4.10001911 1.05344467 1.40381185
v 4.10001911 1.41623225 1.92306004
v 4.10001911 1.24449292 2.03841217
v 4.10001911 1.05344467 1.40381185
v 4.10001911 1.24449292 2.03841217
v 4.10001911 0.83462493 1.58591494
v 4.10001911 0.83462493 1.58591494
v 4.10001911 1.24449292 2.03841217
v 4.10001911 1.15007125 2.09313389
v 4.10001911 0.83462493 1.58591494
v 4.10001911 1.15007125 2.09313389
v 4.10001911 1.05325393 2.14349795
v 4.10001911 1.82598997 0.94627412
v 4.10001911 1.82584394 0.94744982
v 4.10001911 1.40049635 0.95436480
v 4.10001911 1.40049635 0.95436480
v 4.10001911 1.82584394 0.94744982
v 4.10001911 1.79883093 1.13575002
v 4.10001911 1.40049635 0.95436480
v 4.10001911 1.79883093 1.13575002
v 4.10001911 1.24341818 1.19178882
v 4.10001911 1.24341818 1.19178882
v 4.10001911 1.79883093 1.13575002
v 4.10001911 1.77294929 1.27629945
v 4.10001911 1.24341818 1.19178882
v 4.10001911 1.77294929 1.27629945
v 4.10001911 1.74051933 1.41678331
v 4.10001911 -1.32210590 -1.98822599
v 4.10001911 -1.19465832 -2.06733774
v 4.10001911 -1.06265424 -1.79467518
v 4.10001911 -1.06265424 -1.79467518
v 4.10001911 -1.19465832 -2.06733774
v 4.10001911 -1.11836130 -2.10962184
v 4.10001911 -1.06265424 -1.79467518
v 4.10001911 -1.11836130 -2.10962184
v 4.10001911 -0.79322010 -1.88659318
v 4.10001911 -0.79322010 -1.88659318
v 4.10001911 -1.11836130 -2.10962184
v 4.10001911 -0.95913066 -2.18667928
v 4.10001911 -0.79322010 -1.88659318
v 4.10001911 -0.95913066 -2.18667928
v 4.10001911 -0.90357736 -2.21021287
v 4.10001911 -1.71185844 -1.66475605
v 4.10001911 -1.54736238 -1.49886189
v 4.10001911 -1.84784736 -1.51230516
v 4.10001911 -1.84784736 -1.51230516
v 4.10001911 -1.54736238 -1.49886189
v 4.10001911 -1.75230559 -1.30127165
v 4.10001911 -1.84784736 -1.51230516
v 4.10001911 -1.75230559 -1.30127165
v 4.10001911 -1.88510641 -1.46557083
v 4.10001911 -2.25895252 -0.77402145
v 4.10001911 -2.06562392 -0.82769059
v 4.10001911 -2.28925254 -0.67916317
v 4.10001911 -2.28925254 -0.67916317
v 4.10001911 -2.06562392 -0.82769059
v 4.10001911 -2.16732100 -0.56179324
v 4.10001911 -2.28925254 -0.67916317
v 4.10001911 -2.16732100 -0.56179324
v 4.10001911 -2.33045835 -0.52062422
v 4.10001911 -2.10218001 1.13322493
v 4.10001911 -2.15117820 1.03723723
v 4.10001911 -1.92629565 1.07594710
v 4.10001911 -1.92629565 1.07594710
v 4.10001911 -2.15117820 1.03723723
v 4.10001911 -2.15199608 1.03553943
v 4.10001911 -1.92629565 1.07594710
v 4.10001911 -2.15199608 1.03553943
v 4.10001911 -2.06562392 0.82769059
v 4.10001911 -2.06562392 0.82769059
v 4.10001911 -2.15199608 1.03553943
v 4.10001911 -2.19601635 0.93854209
v 4.10001911 -2.06562392 0.82769059
v 4.10001911 -2.19601635 0.93854209
v 4.10001911 -2.23629791 0.83790133
v 4.10001911 -0.61879833 2.30676252
v 4.10001911 -0.72227456 2.27652173
v 4.10001911 -0.51327385 1.93830188
v 4.10001911 -0.51327385 1.93830188
v 4.10001911 -0.72227456 2.27652173
v 4.10001911 -0.82426602 2.24165041
v 4.10001911 -0.51327385 1.93830188
v 4.10001911 -0.82426602 2.24165041
v 4.10001911 -0.79322010 1.88659318
v 4.10001911 -0.19291856 2.38055252
v 4.10001911 -0.22878204 1.94869898
v 4.10001911 -0.08477083 2.38685738
v 4.10001911 -0.08477083 2.38685738
v 4.10001911 -0.22878204 1.94869898
v 4.10001911 0.05419186 1.91756301
v 4.10001911 -0.08477083 2.38685738
v 4.10001911 0.05419186 1.91756301
v 4.10001911 -0.00011172 2.38833018
v 4.10001911 0.43344516 2.34865360
v 4.10001911 0.32578688 2.36599520
v 4.10001911 0.32961678 1.84555743
v 4.10001911 0.32961678 1.84555743
v 4.10001911 0.32578688 2.36599520
v 4.10001911 0.21745118 2.37841532
v 4.10001911 0.32961678 1.84555743
v 4.10001911 0.21745118 2.37841532
v 4.10001911 0.05419186 1.91756301
v 4.10001911 0.05419186 1.91756301
v 4.10001911 0.21745118 2.37841532
v 4.10001911 0.10878555 2.38586813
v 4.10001911 0.05419186 1.91756301
v 4.10001911 0.10878555 2.38586813
v 4.10001911 -0.00011172 2.38833018
v 4.10001911 0.85404851 2.23042425
v 4.10001911 0.75117745 2.26715486
v 4.10001911 0.59162253 1.73421707
v 4.10001911 0.59162253 1.73421707
v 4.10001911 0.75117745 2.26715486
v 4.10001911 0.64672809 2.29911692
v 4.10001911 0.59162253 1.73421707
v 4.10001911 0.64672809 2.29911692
v 4.10001911 0.32961678 1.84555743
v 4.10001911 0.32961678 1.84555743
v 4.10001911 0.64672809 2.29911692
v 4.10001911 0.54065334 2.32632626
v 4.10001911 0.32961678 1.84555743
v 4.10001911 0.54065334 2.32632626
v 4.10001911 0.43344516 2.34865360
v 4.10001911 1.65965110 1.64749753
v 4.10001911 1.05344467 1.40381185
v 4.10001911 1.68631691 1.58630181
v 4.10001911 1.68631691 1.58630181
v 4.10001911 1.05344467 1.40381185
v 4.10001911 1.24341818 1.19178882
v 4.10001911 1.68631691 1.58630181
v 4.10001911 1.24341818 1.19178882
v 4.10001911 1.71664078 1.50000686
v 4.10001911 1.71664078 1.50000686
v 4.10001911 1.24341818 1.19178882
v 4.10001911 1.74051933 1.41678331
v 4.10001911 -1.88510641 -1.46557083
v 4.10001911 -1.75230559 -1.30127165
v 4.10001911 -1.98873561 -1.32151349
v 4.10001911 -1.98873561 -1.32151349
v 4.10001911 -1.75230559 -1.30127165
v 4.10001911 -1.92629565 -1.07594710
v 4.10001911 -1.98873561 -1.32151349
v 4.10001911 -1.92629565 -1.07594710
v 4.10001911 -2.03489475 -1.24930665
v 4.10001911 -2.25895252 -0.77402145
v 4.10001911 -2.21060850 -0.90295877
v 4.10001911 -2.06562392 -0.82769059
v 4.10001911 -2.06562392 -0.82769059
v 4.10001911 -2.21060850 -0.90295877
v 4.10001911 -2.15977076 -1.01856887
v 4.10001911 -2.06562392 -0.82769059
v 4.10001911 -2.15977076 -1.01856887
v 4.10001911 -1.92629565 -1.07594710
v 4.10001911 -1.92629565 -1.07594710
v 4.10001911 -2.15977076 -1.01856887
v 4.10001911 -2.11009439 -1.11775408
v 4.10001911 -1.92629565 -1.07594710
v 4.10001911 -2.11009439 -1.11775408
v 4.10001911 -2.03489475 -1.24930665
v 4.10001911 -2.24999990 -0.00000000
v 4.10001911 -2.37837136 -0.21408305
v 4.10001911 -2.22921949 -0.28392228
v 4.10001911 -2.22921949 -0.28392228
v 4.10001911 -2.37837136 -0.21408305
v 4.10001911 -2.37357989 -0.26184574
v 4.10001911 -2.22921949 -0.28392228
v 4.10001911 -2.37357989 -0.26184574
v 4.10001911 -2.16732100 -0.56179324
v 4.10001911 -2.16732100 -0.56179324
v 4.10001911 -2.37357989 -0.26184574
v 4.10001911 -2.34538019 -0.44876770
v 4.10001911 -2.16732100 -0.56179324
v 4.10001911 -2.34538019 -0.44876770
v 4.10001911 -2.33045835 -0.52062422
v 4.10001911 -2.36721449 0.31440724
v 4.10001911 -2.37153657 0.27985135
v 4.10001911 -2.22921949 0.28392226
v 4.10001911 -2.22921949 0.28392226
v 4.10001911 -2.37153657 0.27985135
v 4.10001911 -2.37898659 0.20700346
v 4.10001911 -2.22921949 0.28392226
v 4.10001911 -2.37898659 0.20700346
v 4.10001911 -2.24999990 -0.00000000
v 4.10001911 -2.24999990 -0.00000000
v 4.10001911 -2.37898659 0.20700346
v 4.10001911 -2.38792617 0.01687801
v 4.10001911 -2.24999990 -0.00000000
v 4.10001911 -2.38792617 0.01687801
v 4.10001911 -2.38798819 0.00033700
v 4.10001911 -2.16732100 0.56179324
v 4.10001911 -2.32913531 0.52728145
v 4.10001911 -2.22921949 0.28392226
v 4.10001911 -2.22921949 0.28392226
v 4.10001911 -2.32913531 0.52728145
v 4.10001911 -2.35060751 0.42119450
v 4.10001911 -2.22921949 0.28392226
v 4.10001911 -2.35060751 0.42119450
v 4.10001911 -2.36721449 0.31440724
v 4.10001911 -2.23629791 0.83790133
v 4.10001911 -2.25283820 0.79231150
v 4.10001911 -2.06562392 0.82769059
v 4.10001911 -2.06562392 0.82769059
v 4.10001911 -2.25283820 0.79231150
v 4.10001911 -2.27190536 0.73581808
v 4.10001911 -2.06562392 0.82769059
v 4.10001911 -2.27190536 0.73581808
v 4.10001911 -2.16732100 0.56179324
v 4.10001911 -2.16732100 0.56179324
v 4.10001911 -2.27190536 0.73581808
v 4.10001911 -2.32621059 0.54004584
v 4.10001911 -2.16732100 0.56179324
v 4.10001911 -2.32621059 0.54004584
v 4.10001911 -2.32913531 0.52728145
v 4.10001911 -2.02531237 1.26545224
v 4.10001911 -1.92629565 1.07594710
v 4.10001911 -1.92960482 1.40712373
v 4.10001911 -1.92960482 1.40712373
v 4.10001911 -1.92629565 1.07594710
v 4.10001911 -1.75230559 1.30127175
v 4.10001911 -1.92960482 1.40712373
v 4.10001911 -1.75230559 1.30127175
v 4.10001911 -1.88195109 1.47030009
v 4.10001911 -1.65405944 1.72285791
v 4.10001911 -1.73042864 1.64611358
v 4.10001911 -1.54736238 1.49886189
v 4.10001911 -1.54736238 1.49886189
v 4.10001911 -1.73042864 1.64611358
v 4.10001911 -1.80321224 1.56596750
v 4.10001911 -1.54736238 1.49886189
v 4.10001911 -1.80321224 1.56596750
v 4.10001911 -1.75230559 1.30127175
v 4.10001911 -1.75230559 1.30127175
v 4.10001911 -1.80321224 1.56596750
v 4.10001911 -1.85838360 1.50000686
v 4.10001911 -1.75230559 1.30127175
v 4.10001911 -1.85838360 1.50000686
v 4.10001911 -1.88195109 1.47030009
v 4.10001911 -1.39589747 1.93782896
v 4.10001911 -1.48206586 1.87278166
v 4.10001911 -1.31583363 1.66450646
v 4.10001911 -1.31583363 1.66450646
v 4.10001911 -1.48206586 1.87278166
v 4.10001911 -1.56500079 1.80410147
v 4.10001911 -1.31583363 1.66450646
v 4.10001911 -1.56500079 1.80410147
v 4.10001911 -1.54736238 1.49886189
v 4.10001911 -1.54736238 1.49886189
v 4.10001911 -1.56500079 1.80410147
v 4.10001911 -1.64475087 1.73174478
v 4.10001911 -1.54736238 1.49886189
v 4.10001911 -1.64475087 1.73174478
v 4.10001911 -1.65405944 1.72285791
v 4.10001911 -1.39589747 1.93782896
v 4.10001911 -1.31583363 1.66450646
v 4.10001911 -1.30689126 1.99893694
v 4.10001911 -1.30689126 1.99893694
v 4.10001911 -1.31583363 1.66450646
v 4.10001911 -1.06265424 1.79467499
v 4.10001911 -1.30689126 1.99893694
v 4.10001911 -1.06265424 1.79467499
v 4.10001911 -1.21483617 2.05621626
v 4.10001911 -0.82426602 2.24165041
v 4.10001911 -0.92457682 2.20219083
v 4.10001911 -0.79322010 1.88659318
v 4.10001911 -0.79322010 1.88659318
v 4.10001911 -0.92457682 2.20219083
v 4.10001911 -1.02349306 2.15796381
v 4.10001911 -0.79322010 1.88659318
v 4.10001911 -1.02349306 2.15796381
v 4.10001911 -1.06265424 1.79467499
v 4.10001911 -1.06265424 1.79467499
v 4.10001911 -1.02349306 2.15796381
v 4.10001911 -1.12028737 2.10927650
v 4.10001911 -1.06265424 1.79467499
v 4.10001911 -1.12028737 2.10927650
v 4.10001911 -1.21483617 2.05621626
v 4.10001911 1.65965110 1.64749753
v 4.10001911 1.64638944 1.67386904
v 4.10001911 1.05344467 1.40381185
v 4.10001911 1.05344467 1.40381185
v 4.10001911 1.64638944 1.67386904
v 4.10001911 1.60862394 1.73739474
v 4.10001911 1.05344467 1.40381185
v 4.10001911 1.60862394 1.73739474
v 4.10001911 1.59574151 1.75574012
v 4.10001911 1.59574151 1.75574012
v 4.10001911 1.55304819 1.80754531
v 4.10001911 1.05344467 1.40381185
v 4.10001911 1.05344467 1.40381185
v 4.10001911 1.55304819 1.80754531
v 4.10001911 1.53262215 1.82834938
v 4.10001911 1.05344467 1.40381185
v 4.10001911 1.53262215 1.82834938
v 4.10001911 1.48281138 1.87208112
v 3.70977856 -2.50459667 1.50000686
v 3.90923359 -2.18202863 1.50000704
v 3.70977856 -2.46618576 1.56232929
v 3.70977856 -2.46618576 1.56232929
v 3.90923359 -2.18202863 1.50000704
v 3.70978005 -2.42183115 1.63022969
v 3.70978005 -2.42183115 1.63022969
v 3.90923359 -2.18202863 1.50000704
v 3.70978154 -2.32386850 1.76712126
v 3.70978154 -2.32386850 1.76712126
v 3.90923359 -2.18202863 1.50000704
v 4.10001911 -1.85838360 1.50000686
v 3.70978154 -2.32386850 1.76712126
v 4.10001911 -1.85838360 1.50000686
v 3.70978303 -2.21854486 1.89777035
v 3.70978303 -2.21854486 1.89777035
v 4.10001911 -1.85838360 1.50000686
v 4.10001911 -1.80321224 1.56596750
v 3.70978303 -2.21854486 1.89777035
v 4.10001911 -1.80321224 1.56596750
v 3.70978303 -2.19902918 1.92037001
v 3.70978303 -2.19902918 1.92037001
v 4.10001911 -1.80321224 1.56596750
v 4.10001911 -1.73042864 1.64611358
v 3.70978303 -2.19902918 1.92037001
v 4.10001911 -1.73042864 1.64611358
v 3.70978452 -2.10620333 2.02181656
v 3.70978452 -2.10620333 2.02181656
v 4.10001911 -1.73042864 1.64611358
v 4.10001911 -1.65405944 1.72285791
v 3.70978452 -2.10620333 2.02181656
v 4.10001911 -1.65405944 1.72285791
v 3.70978452 -2.04570498 2.08301861
v 3.70978452 -2.04570498 2.08301861
v 4.10001911 -1.65405944 1.72285791
v 4.10001911 -1.64475087 1.73174478
v 3.70978452 -2.04570498 2.08301861
v 4.10001911 -1.64475087 1.73174478
v 3.70978601 -1.98644493 2.13958193
v 3.70978601 -1.98644493 2.13958193
v 4.10001911 -1.64475087 1.73174478
v 3.70978601 -1.88029855 2.23336257
v 3.70978601 -1.88029855 2.23336257
v 4.10001911 -1.64475087 1.73174478
v 4.10001911 -1.56500079 1.80410147
v 3.70978601 -1.88029855 2.23336257
v 4.10001911 -1.56500079 1.80410147
v 3.70978601 -1.85970981 2.25051977
v 4.10001911 -1.56500079 1.80410147
v 4.10001911 -1.48206586 1.87278166
v 3.70978601 -1.85970981 2.25051977
v 3.70978601 -1.85970981 2.25051977
v 4.10001911 -1.48206586 1.87278166
v 4.10001911 -1.39589747 1.93782896
v 3.70978601 -1.85970981 2.25051977
v 4.10001911 -1.39589747 1.93782896
v 3.70978750 -1.72662698 2.35409234
v 3.70978750 -1.72662698 2.35409234
v 4.10001911 -1.39589747 1.93782896
v 3.70978750 -1.70386788 2.37060916
v 3.70978750 -1.70386788 2.37060916
v 4.10001911 -1.39589747 1.93782896
v 4.10001911 -1.30689126 1.99893694
v 3.70978750 -1.70386788 2.37060916
v 4.10001911 -1.30689126 1.99893694
v 3.70978899 -1.58787277 2.44980864
v 3.70978899 -1.58787277 2.44980864
v 4.10001911 -1.30689126 1.99893694
v 3.70979048 -1.51750101 2.49402765
v 3.70979048 -1.51750101 2.49402765
v 4.10001911 -1.30689126 1.99893694
v 4.10001911 -1.21483617 2.05621626
v 3.70979048 -1.51750101 2.49402765
v 4.10001911 -1.21483617 2.05621626
v 3.70979048 -1.44415675 2.53723264
v 3.70979048 -1.44415675 2.53723264
v 4.10001911 -1.21483617 2.05621626
v 3.70979197 -1.32228425 2.60289162
v 3.70979197 -1.32228425 2.60289162
v 4.10001911 -1.21483617 2.05621626
v 4.10001911 -1.12028737 2.10927650
v 3.70979197 -1.32228425 2.60289162
v 4.10001911 -1.12028737 2.10927650
v 3.70979197 -1.29620777 2.61598919
v 4.10001911 -1.12028737 2.10927650
v 4.10001911 -1.02349306 2.15796381
v 3.70979197 -1.29620777 2.61598919
v 3.70979197 -1.29620777 2.61598919
v 4.10001911 -1.02349306 2.15796381
v 4.10001911 -0.92457682 2.20219083
v 3.70979197 -1.29620777 2.61598919
v 4.10001911 -0.92457682 2.20219083
v 3.70979346 -1.14405686 2.68606823
v 3.70979346 -1.14405686 2.68606823
v 4.10001911 -0.92457682 2.20219083
v 3.70979346 -1.11930203 2.69647762
v 3.70979346 -1.11930203 2.69647762
v 4.10001911 -0.92457682 2.20219083
v 4.10001911 -0.82426602 2.24165041
v 3.70979346 -1.11930203 2.69647762
v 4.10001911 -0.82426602 2.24165041
v 3.70979495 -0.98751662 2.74744220
v 3.70979495 -0.98751662 2.74744220
v 4.10001911 -0.82426602 2.24165041
v 3.70979495 -0.90969764 2.77414564
v 3.70979495 -0.90969764 2.77414564
v 4.10001911 -0.82426602 2.24165041
v 4.10001911 -0.72227456 2.27652173
v 3.70979495 -0.90969764 2.77414564
v 4.10001911 -0.72227456 2.27652173
v 3.70979644 -0.82737189 2.79976502
v 3.70979644 -0.82737189 2.79976502
v 4.10001911 -0.72227456 2.27652173
v 4.10001911 -0.61879833 2.30676252
v 3.70979644 -0.82737189 2.79976502
v 4.10001911 -0.61879833 2.30676252
v 3.70979793 -0.69476478 2.83553973
v 3.70979793 -0.69476478 2.83553973
v 4.10001911 -0.61879833 2.30676252
v 4.10001911 -0.51406743 2.33231988
v 3.70979793 -0.69476478 2.83553973
v 4.10001911 -0.51406743 2.33231988
v 3.70979793 -0.66441838 2.84279771
v 3.70979793 -0.66441838 2.84279771
v 4.10001911 -0.51406743 2.33231988
v 4.10001911 -0.40778317 2.35323608
v 3.70979793 -0.66441838 2.84279771
v 4.10001911 -0.40778317 2.35323608
v 3.70979942 -0.49947114 2.87636258
v 3.70979942 -0.49947114 2.87636258
v 4.10001911 -0.40778317 2.35323608
v 4.10001911 -0.30066376 2.36932933
v 3.70979942 -0.49947114 2.87636258
v 4.10001911 -0.30066376 2.36932933
v 3.70980091 -0.33334792 2.90034581
v 3.70980091 -0.33334792 2.90034581
v 4.10001911 -0.30066376 2.36932933
v 3.70980091 -0.25407972 2.90837996
v 3.70980091 -0.25407972 2.90837996
v 4.10001911 -0.30066376 2.36932933
v 4.10001911 -0.19291856 2.38055252
v 3.70980091 -0.25407972 2.90837996
v 4.10001911 -0.19291856 2.38055252
v 3.70980091 -0.16685373 2.91469637
v 3.70980091 -0.16685373 2.91469637
v 4.10001911 -0.19291856 2.38055252
v 4.10001911 -0.08477083 2.38685738
v 3.70980091 -0.16685373 2.91469637
v 4.10001911 -0.08477083 2.38685738
v 3.70980240 -0.03078525 2.91927960
v 3.70980240 -0.03078525 2.91927960
v 4.10001911 -0.08477083 2.38685738
v 4.10001911 -0.00011172 2.38833018
v 3.70980240 -0.03078525 2.91927960
v 4.10001911 -0.00011172 2.38833018
v 3.70980240 -0.00001471 2.91942414
v 3.71006764 1.84713602 2.25605983
v 3.70978750 1.75448060 2.33339593
v 4.10001911 1.45920655 1.89063530
v 4.10001911 1.45920655 1.89063530
v 4.10001911 1.48281138 1.87208112
v 3.71006764 1.84713602 2.25605983
v 3.71006764 1.84713602 2.25605983
v 4.10001911 1.48281138 1.87208112
v 4.10001911 1.53262215 1.82834938
v 3.71006764 1.84713602 2.25605983
v 4.10001911 1.53262215 1.82834938
v 3.71034630 1.88105125 2.22217310
v 3.71034630 1.88105125 2.22217310
v 4.10001911 1.53262215 1.82834938
v 4.10001911 1.55304819 1.80754531
v 3.71034630 1.88105125 2.22217310
v 4.10001911 1.55304819 1.80754531
v 3.71094234 1.92831121 2.16677040
v 3.71094234 1.92831121 2.16677040
v 4.10001911 1.55304819 1.80754531
v 4.10001911 1.59574151 1.75574012
v 3.71094234 1.92831121 2.16677040
v 4.10001911 1.59574151 1.75574012
v 3.71140130 1.95501894 2.12956239
v 3.71140130 1.95501894 2.12956239
v 4.10001911 1.59574151 1.75574012
v 4.10001911 1.60862394 1.73739474
v 3.71140130 1.95501894 2.12956239
v 4.10001911 1.60862394 1.73739474
v 3.71220745 1.99422333 2.06536017
v 3.71220745 1.99422333 2.06536017
v 4.10001911 1.60862394 1.73739474
v 4.10001911 1.64638944 1.67386904
v 3.71220745 1.99422333 2.06536017
v 4.10001911 1.64638944 1.67386904
v 3.71304043 2.03214716 1.99076813
v 3.71304043 2.03214716 1.99076813
v 4.10001911 1.64638944 1.67386904
v 4.10001911 1.65965110 1.64749753
v 4.10001911 1.65965110 1.64749753
v 4.10001911 1.68631691 1.58630181
v 3.71304043 2.03214716 1.99076813
v 3.71304043 2.03214716 1.99076813
v 4.10001911 1.68631691 1.58630181
v 4.10001911 1.71664078 1.50000686
v 3.71304043 2.03214716 1.99076813
v 4.10001911 1.71664078 1.50000686
v 3.71423997 2.09123325 1.84393376
v 3.71423997 2.09123325 1.84393376
v 4.10001911 1.71664078 1.50000686
v 3.99538465 1.84588078 1.50002046
v 3.71423997 2.09123325 1.84393376
v 3.99538465 1.84588078 1.50002046
v 3.71453352 2.10739318 1.79559905
v 3.71453352 2.10739318 1.79559905
v 3.99538465 1.84588078 1.50002046
v 3.71487923 2.12759990 1.72880068
v 3.99538465 1.84588078 1.50002046
v 3.97757627 1.86764281 1.50001748
v 3.71487923 2.12759990 1.72880068
v 3.71487923 2.12759990 1.72880068
v 3.97757627 1.86764281 1.50001748
v 3.86987664 1.99820064 1.50000649
v 3.71487923 2.12759990 1.72880068
v 3.86987664 1.99820064 1.50000649
v 3.71556170 2.17414685 1.54130915
v 3.71556170 2.17414685 1.54130915
v 3.86987664 1.99820064 1.50000649
v 3.71567495 2.18291786 1.50000686
v 2.83260029 -2.15085857 1.70065481
v 2.88348105 -2.21343655 1.70008801
v 2.88387369 -2.21330449 1.70064643
v 2.88387369 -2.21330449 1.70064643
v 2.88348105 -2.21343655 1.70008801
v 2.93484684 -2.27561444 1.70008801
v 3.58163081 2.10722778 1.50000686
v 3.74920256 1.90610550 1.50000686
v 3.75520326 1.89866144 1.50000686
v 3.75520326 1.89866144 1.50000686
v 3.74920256 1.90610550 1.50000686
v 3.88990082 1.73420627 1.50000537
v 2.80001964 -2.87701618 -0.36441702
v 2.80001964 -2.74104066 -0.22183389
v 2.80001964 -2.86409650 -0.45495303
v 2.80001964 -2.86409650 -0.45495303
v 2.80001964 -2.74104066 -0.22183389
v 2.80001964 -2.69682761 -0.53817644
v 2.80001964 -2.58213170 -1.32008167
v 2.80001964 -2.64048800 -1.19909681
v 2.80001964 -2.50033792 -1.14490939
v 2.80001964 -2.50033792 -1.14490939
v 2.80001964 -2.64048800 -1.19909681
v 2.80001964 -2.67799366 -1.11281201
v 2.80001964 -2.50033792 -1.14490939
v 2.80001964 -2.67799366 -1.11281201
v 2.80001964 -2.61623096 -0.84725823
v 2.80001964 -2.61623096 -0.84725823
v 2.80001964 -2.67799366 -1.11281201
v 2.80001964 -2.74708364 -0.92927841
v 2.80001964 -2.61623096 -0.84725823
v 2.80001964 -2.74708364 -0.92927841
v 2.80001964 -2.69682761 -0.53817644
v 2.80001964 -2.69682761 -0.53817644
v 2.80001964 -2.74708364 -0.92927841
v 2.80001964 -2.82620918 -0.65003820
v 2.80001964 -2.69682761 -0.53817644
v 2.80001964 -2.82620918 -0.65003820
v 2.80001964 -2.86409650 -0.45495303
v 2.80001964 -2.58213170 -1.32008167
v 2.80001964 -2.50033792 -1.14490939
v 2.80001964 -2.50748247 -1.45689156
v 2.80001964 -2.50748247 -1.45689156
v 2.80001964 -2.50033792 -1.14490939
v 2.80001964 -2.35071201 -1.42711410
v 2.80001964 -2.50748247 -1.45689156
v 2.80001964 -2.35071201 -1.42711410
v 2.80003827 -2.34948844 -1.70000866
v 2.80003827 -2.34948844 -1.70000866
v 2.80001964 -2.35071201 -1.42711410
v 2.80001964 -2.22791620 -1.61210652
v 2.80003827 -2.34948844 -1.70000866
v 2.80001964 -2.22791620 -1.61210652
v 2.80001964 -2.16136258 -1.70000866
v 2.80001964 -2.51751896 1.43928239
v 2.79985499 -2.48295497 1.49798626
v 2.80001964 -2.30387449 1.50000369
v 2.80001964 -2.72779260 0.98520312
v 2.80001964 -2.59484276 0.91062672
v 2.80001964 -2.78019551 0.82571646
v 2.80001964 -2.78019551 0.82571646
v 2.80001964 -2.59484276 0.91062672
v 2.80001964 -2.64197066 0.76321992
v 2.80001964 -2.78019551 0.82571646
v 2.80001964 -2.64197066 0.76321992
v 2.80001964 -2.82337032 0.66340030
v 2.80001964 -2.87701618 -0.36441702
v 2.80001964 -2.89101079 -0.22817948
v 2.80001964 -2.74104066 -0.22183389
v 2.80001964 -2.74104066 -0.22183389
v 2.80001964 -2.89101079 -0.22817948
v 2.80001964 -2.89902948 -0.07515374
v 2.80001964 -2.74104066 -0.22183389
v 2.80001964 -2.89902948 -0.07515374
v 2.80001964 -2.75000278 0.00033700
v 2.80001964 -2.75000278 0.00033700
v 2.80001964 -2.89902948 -0.07515374
v 2.80001964 -2.90000252 -0.00000001
v 2.80001964 -2.75000278 0.00033700
v 2.80001964 -2.90000252 -0.00000001
v 2.80001964 -2.74514742 0.15939703
v 2.80001964 -2.74514742 0.15939703
v 2.80001964 -2.90000252 -0.00000001
v 2.80001964 -2.89527588 0.16813691
v 2.80001964 -2.74514742 0.15939703
v 2.80001964 -2.89527588 0.16813691
v 2.80001964 -2.73179673 0.31530284
v 2.80001964 -2.73179673 0.31530284
v 2.80001964 -2.89527588 0.16813691
v 2.80001964 -2.88089477 0.33483743
v 2.80001964 -2.73179673 0.31530284
v 2.80001964 -2.88089477 0.33483743
v 2.80001964 -2.70976741 0.46859318
v 2.80001964 -2.70976741 0.46859318
v 2.80001964 -2.88089477 0.33483743
v 2.80001964 -2.85692550 0.49983077
v 2.80001964 -2.70976741 0.46859318
v 2.80001964 -2.85692550 0.49983077
v 2.80001964 -2.68063806 0.61371485
v 2.80001964 -2.68063806 0.61371485
v 2.80001964 -2.85692550 0.49983077
v 2.80001964 -2.82337032 0.66340030
v 2.80001964 -2.68063806 0.61371485
v 2.80001964 -2.82337032 0.66340030
v 2.80001964 -2.66100094 0.69395793
v 2.80001964 -2.66100094 0.69395793
v 2.80001964 -2.82337032 0.66340030
v 2.80001964 -2.64197066 0.76321992
v 2.80001964 -2.30387449 1.50000369
v 2.80001964 -2.37410460 1.38921561
v 2.80001964 -2.51751896 1.43928239
v 2.80001964 -2.51751896 1.43928239
v 2.80001964 -2.37410460 1.38921561
v 2.80001964 -2.40434539 1.33622950
v 2.80001964 -2.51751896 1.43928239
v 2.80001964 -2.40434539 1.33622950
v 2.80001964 -2.59646792 1.29187321
v 2.80001964 -2.59646792 1.29187321
v 2.80001964 -2.40434539 1.33622950
v 2.80001964 -2.44672373 1.25616724
v 2.80001964 -2.59646792 1.29187321
v 2.80001964 -2.44672373 1.25616724
v 2.80001964 -2.66652815 1.14060221
v 2.80001964 -2.66652815 1.14060221
v 2.80001964 -2.44672373 1.25616724
v 2.80001964 -2.51357220 1.11552337
v 2.80001964 -2.66652815 1.14060221
v 2.80001964 -2.51357220 1.11552337
v 2.80001964 -2.72779260 0.98520312
v 2.80001964 -2.72779260 0.98520312
v 2.80001964 -2.51357220 1.11552337
v 2.80001964 -2.57229786 0.97247763
v 2.80001964 -2.72779260 0.98520312
v 2.80001964 -2.57229786 0.97247763
v 2.80001964 -2.59484276 0.91062672
v 2.84925606 -2.53986400 1.49902748
v 2.84983199 -2.54024137 1.49954064
v 2.79985499 -2.48295497 1.49798626
v 2.84983199 -2.54024137 1.49954064
v 2.84925606 -2.53986400 1.49902748
v 2.89970171 -2.59765591 1.50009254
v 2.90001985 -2.99999993 0.00016850
v 2.80001964 -2.89527588 0.16813691
v 2.80001964 -2.90000252 -0.00000001
v 2.90070977 -2.82475259 1.01238005
v 2.80001964 -2.72779260 0.98520312
v 2.80001964 -2.78019551 0.82571646
v 2.84925606 -2.53986400 1.49902748
v 2.79985499 -2.48295497 1.49798626
v 2.80001964 -2.51751896 1.43928239
v 2.90070977 -2.82475259 1.01238005
v 2.90071424 -2.82230619 1.01919407
v 2.80001964 -2.72779260 0.98520312
v 2.80001964 -2.72779260 0.98520312
v 2.90071424 -2.82230619 1.01919407
v 2.90082376 -2.75911428 1.17987758
v 2.80001964 -2.72779260 0.98520312
v 2.90082376 -2.75911428 1.17987758
v 2.80001964 -2.66652815 1.14060221
v 2.80001964 -2.66652815 1.14060221
v 2.90082376 -2.75911428 1.17987758
v 2.90093105 -2.68691648 1.33639406
v 2.80001964 -2.66652815 1.14060221
v 2.90093105 -2.68691648 1.33639406
v 2.80001964 -2.59646792 1.29187321
v 2.80001964 -2.59646792 1.29187321
v 2.90093105 -2.68691648 1.33639406
v 2.90101822 -2.60764565 1.48468828
v 2.80001964 -2.59646792 1.29187321
v 2.90101822 -2.60764565 1.48468828
v 2.80001964 -2.51751896 1.43928239
v 2.80001964 -2.51751896 1.43928239
v 2.90101822 -2.60764565 1.48468828
v 2.89970171 -2.59765591 1.50009254
v 2.80001964 -2.51751896 1.43928239
v 2.89970171 -2.59765591 1.50009254
v 2.84925606 -2.53986400 1.49902748
v 2.80001964 -2.88089477 0.33483743
v 2.90037673 -2.95542683 0.51729362
v 2.80001964 -2.85692550 0.49983077
v 2.80001964 -2.85692550 0.49983077
v 2.90037673 -2.95542683 0.51729362
v 2.90048253 -2.92364154 0.67460914
v 2.80001964 -2.85692550 0.49983077
v 2.90048253 -2.92364154 0.67460914
v 2.80001964 -2.82337032 0.66340030
v 2.80001964 -2.82337032 0.66340030
v 2.90048253 -2.92364154 0.67460914
v 2.90049147 -2.92067602 0.68737171
v 2.80001964 -2.82337032 0.66340030
v 2.90049147 -2.92067602 0.68737171
v 2.80001964 -2.78019551 0.82571646
v 2.80001964 -2.78019551 0.82571646
v 2.90049147 -2.92067602 0.68737171
v 2.90060397 -2.87623610 0.85485112
v 2.80001964 -2.78019551 0.82571646
v 2.90060397 -2.87623610 0.85485112
v 2.90070977 -2.82475259 1.01238005
v 2.90001985 -2.99999993 0.00016850
v 2.90013980 -2.99520902 0.17159317
v 2.80001964 -2.89527588 0.16813691
v 2.80001964 -2.89527588 0.16813691
v 2.90013980 -2.99520902 0.17159317
v 2.90024783 -2.98228767 0.32760734
v 2.80001964 -2.89527588 0.16813691
v 2.90024783 -2.98228767 0.32760734
v 2.80001964 -2.88089477 0.33483743
v 2.80001964 -2.88089477 0.33483743
v 2.90024783 -2.98228767 0.32760734
v 2.90025976 -2.98031848 0.34516733
v 2.80001964 -2.88089477 0.33483743
v 2.90025976 -2.98031848 0.34516733
v 2.90037673 -2.95542683 0.51729362
v 2.84983199 -2.54024137 1.49954064
v 2.89970171 -2.59765591 1.50009254
v 2.89785322 -2.54160855 1.59355067
v 2.80667823 -2.21817102 2.01976765
v 2.70057376 -2.15073749 1.89402737
v 2.71865632 -2.18133423 1.86739787
v 2.80667823 -2.21817102 2.01976765
v 2.71865632 -2.18133423 1.86739787
v 2.83881184 -2.28701010 1.94147434
v 2.71865632 -2.18133423 1.86739787
v 2.73464974 -2.21189223 1.83927249
v 2.83881184 -2.28701010 1.94147434
v 2.83881184 -2.28701010 1.94147434
v 2.73464974 -2.21189223 1.83927249
v 2.84461286 -2.30161045 1.92416031
v 2.84461286 -2.30161045 1.92416031
v 2.73464974 -2.21189223 1.83927249
v 2.74853539 -2.24203449 1.80988889
v 2.84461286 -2.30161045 1.92416031
v 2.74853539 -2.24203449 1.80988889
v 2.86300089 -2.35447045 1.85913332
v 2.86300089 -2.35447045 1.85913332
v 2.74853539 -2.24203449 1.80988889
v 2.76050325 -2.27183569 1.77905113
v 2.86300089 -2.35447045 1.85913332
v 2.76050325 -2.27183569 1.77905113
v 2.88035776 -2.41963714 1.77341513
v 2.88035776 -2.41963714 1.77341513
v 2.76050325 -2.27183569 1.77905113
v 2.77890172 -2.32933164 1.71409175
v 2.88035776 -2.41963714 1.77341513
v 2.77890172 -2.32933164 1.71409175
v 2.89167743 -2.48212442 1.68476850
v 2.89167743 -2.48212442 1.68476850
v 2.77890172 -2.32933164 1.71409175
v 2.79100966 -2.38393992 1.64511167
v 2.89167743 -2.48212442 1.68476850
v 2.79100966 -2.38393992 1.64511167
v 2.89523061 -2.51111928 1.64120998
v 2.89523061 -2.51111928 1.64120998
v 2.79100966 -2.38393992 1.64511167
v 2.79771890 -2.43525468 1.57287363
v 2.89523061 -2.51111928 1.64120998
v 2.79771890 -2.43525468 1.57287363
v 2.89785322 -2.54160855 1.59355067
v 2.89785322 -2.54160855 1.59355067
v 2.79771890 -2.43525468 1.57287363
v 2.79985499 -2.48295497 1.49798626
v 2.89785322 -2.54160855 1.59355067
v 2.79985499 -2.48295497 1.49798626
v 2.84983199 -2.54024137 1.49954064
v 2.70057376 -2.15073749 1.89402737
v 2.80667823 -2.21817102 2.01976765
v 2.68027987 -2.12022997 1.91913657
v 2.68027987 -2.12022997 1.91913657
v 2.80667823 -2.21817102 2.01976765
v 2.76519191 -2.14920677 2.09317002
v 2.68027987 -2.12022997 1.91913657
v 2.76519191 -2.14920677 2.09317002
v 2.65770610 -2.09004935 1.94258075
v 2.71287765 -2.08141040 2.16073040
v 2.63273846 -2.06036624 1.96427181
v 2.76519191 -2.14920677 2.09317002
v 2.76519191 -2.14920677 2.09317002
v 2.63273846 -2.06036624 1.96427181
v 2.65770610 -2.09004935 1.94258075
v 2.64885332 -2.01697536 2.22109333
v 2.57584956 -2.00365428 2.00206209
v 2.69347634 -2.06007268 2.18111668
v 2.69347634 -2.06007268 2.18111668
v 2.57584956 -2.00365428 2.00206209
v 2.60543209 -2.03148425 1.98409725
v 2.69347634 -2.06007268 2.18111668
v 2.60543209 -2.03148425 1.98409725
v 2.71287765 -2.08141040 2.16073040
v 2.71287765 -2.08141040 2.16073040
v 2.60543209 -2.03148425 1.98409725
v 2.63273846 -2.06036624 1.96427181
v 1.96762215 -1.79926753 2.40130126
v 1.96903702 -1.79926567 2.09939629
v 2.07662862 -1.80282220 2.39866544
v 2.07662862 -1.80282220 2.39866544
v 1.96903702 -1.79926567 2.09939629
v 2.05783155 -1.80242658 2.09851675
v 2.07662862 -1.80282220 2.39866544
v 2.05783155 -1.80242658 2.09851675
v 2.18476187 -1.81434751 2.38996726
v 2.18476187 -1.81434751 2.38996726
v 2.05783155 -1.80242658 2.09851675
v 2.14615893 -1.81225147 2.09547132
v 2.18476187 -1.81434751 2.38996726
v 2.14615893 -1.81225147 2.09547132
v 2.29062047 -1.83496866 2.37406604
v 2.29062047 -1.83496866 2.37406604
v 2.14615893 -1.81225147 2.09547132
v 2.23315861 -1.82932466 2.08949037
v 2.29062047 -1.83496866 2.37406604
v 2.23315861 -1.82932466 2.08949037
v 2.39231046 -1.86571740 2.34984234
v 2.39231046 -1.86571740 2.34984234
v 2.23315861 -1.82932466 2.08949037
v 2.31769513 -1.85421128 2.07976699
v 2.39231046 -1.86571740 2.34984234
v 2.31769513 -1.85421128 2.07976699
v 2.48719063 -1.90717690 2.31619682
v 2.48719063 -1.90717690 2.31619682
v 2.31769513 -1.85421128 2.07976699
v 2.39861887 -1.88750345 2.06522252
v 2.48719063 -1.90717690 2.31619682
v 2.39861887 -1.88750345 2.06522252
v 2.57320385 -1.95828080 2.27307901
v 2.57320385 -1.95828080 2.27307901
v 2.39861887 -1.88750345 2.06522252
v 2.47456711 -1.92880444 2.04495490
v 2.57320385 -1.95828080 2.27307901
v 2.47456711 -1.92880444 2.04495490
v 2.64885332 -2.01697536 2.22109333
v 2.64885332 -2.01697536 2.22109333
v 2.47456711 -1.92880444 2.04495490
v 2.54401024 -1.97710060 2.01818328
v 2.64885332 -2.01697536 2.22109333
v 2.54401024 -1.97710060 2.01818328
v 2.57584956 -2.00365428 2.00206209
v -0.00000025 -1.79926530 2.09999997
v 1.96903702 -1.79926567 2.09939629
v 1.96762215 -1.79926753 2.40130126
v 1.96762215 -1.79926753 2.40130126
v 0.45950613 -1.79931857 2.40064971
v -0.00000025 -1.79926530 2.09999997
v -0.00000025 -1.79926530 2.09999997
v 0.45950613 -1.79931857 2.40064971
v 0.39422042 -1.79915726 2.40076408
v -0.00000025 -1.79926530 2.09999997
v 0.39422042 -1.79915726 2.40076408
v -0.00000025 -1.79926530 2.40055062
v 2.78621893 2.09001340 2.05022190
v 2.78045516 2.08498556 2.06045844
v 3.55058797 2.08554436 2.06003115
v 2.51787137 1.91466194 2.30298229
v 2.47932803 1.89670455 2.32034530
v 3.55059989 1.89817436 2.31909584
v 3.55060063 1.80085860 2.39935573
v 2.14622747 1.80787407 2.39439942
v 3.55060063 1.79925691 2.40055714
v 3.55060063 1.79925691 2.40055714
v 2.14622747 1.80787407 2.39439942
v 2.07093786 1.80186648 2.39877347
v 3.55060063 1.79925691 2.40055714
v 2.07093786 1.80186648 2.39877347
v 1.97201129 1.79927032 2.40057055
v 2.40196716 1.86549872 2.34823022
v 2.35984754 1.85133740 2.36009657
v 3.55060063 1.80085860 2.39935573
v 3.55059989 1.89817436 2.31909584
v 2.47932803 1.89670455 2.32034530
v 3.55060063 1.80085860 2.39935573
v 3.55060063 1.80085860 2.39935573
v 2.47932803 1.89670455 2.32034530
v 2.44912636 1.88374128 2.33225506
v 3.55060063 1.80085860 2.39935573
v 2.44912636 1.88374128 2.33225506
v 2.40196716 1.86549872 2.34823022
v 2.35984754 1.85133740 2.36009657
v 2.28349846 1.83065664 2.37675980
v 3.55060063 1.80085860 2.39935573
v 3.55060063 1.80085860 2.39935573
v 2.28349846 1.83065664 2.37675980
v 2.26607081 1.82679351 2.37981007
v 3.55060063 1.80085860 2.39935573
v 2.26607081 1.82679351 2.37981007
v 2.14622747 1.80787407 2.39439942
v 3.55059393 2.02616509 2.16498151
v 2.69901436 2.02165432 2.17185076
v 3.55059691 1.98609475 2.22194921
v 3.55059691 1.98609475 2.22194921
v 2.69901436 2.02165432 2.17185076
v 2.67825332 2.00727843 2.19301637
v 3.55059691 1.98609475 2.22194921
v 2.67825332 2.00727843 2.19301637
v 3.55059840 1.96728036 2.24559717
v 3.55059840 1.96728036 2.24559717
v 2.67825332 2.00727843 2.19301637
v 2.62280386 1.97176579 2.23998763
v 3.55059840 1.96728036 2.24559717
v 2.62280386 1.97176579 2.23998763
v 3.55059989 1.89817436 2.31909584
v 3.55059989 1.89817436 2.31909584
v 2.62280386 1.97176579 2.23998763
v 2.60956865 1.96387097 2.24951301
v 3.55059989 1.89817436 2.31909584
v 2.60956865 1.96387097 2.24951301
v 2.51787137 1.91466194 2.30298229
v 3.55058797 2.08554436 2.06003115
v 2.78045516 2.08498556 2.06045844
v 3.55059095 2.05726847 2.11346895
v 3.55059095 2.05726847 2.11346895
v 2.78045516 2.08498556 2.06045844
v 2.76218858 2.06961650 2.09040754
v 3.55059095 2.05726847 2.11346895
v 2.76218858 2.06961650 2.09040754
v 3.55059393 2.02616509 2.16498151
v 3.55059393 2.02616509 2.16498151
v 2.76218858 2.06961650 2.09040754
v 2.73727607 2.04985254 2.12609936
v 3.55059393 2.02616509 2.16498151
v 2.73727607 2.04985254 2.12609936
v 2.69901436 2.02165432 2.17185076
v 2.87674498 2.19008923 1.78698804
v 3.55057605 2.14904808 1.91106722
v 2.88443919 2.20342502 1.74077190
v 2.88443919 2.20342502 1.74077190
v 3.55057605 2.14904808 1.91106722
v 3.55056040 2.20576841 1.73219088
v 2.88443919 2.20342502 1.74077190
v 3.55056040 2.20576841 1.73219088
v 2.89805364 2.23961379 1.59681328
v 2.87674498 2.19008923 1.78698804
v 2.85509657 2.16019396 1.87978595
v 3.55057605 2.14904808 1.91106722
v 3.55057605 2.14904808 1.91106722
v 2.85509657 2.16019396 1.87978595
v 2.84550097 2.14882009 1.91150848
v 3.55057605 2.14904808 1.91106722
v 2.84550097 2.14882009 1.91150848
v 3.55058275 2.11469084 1.99719612
v 3.55058275 2.11469084 1.99719612
v 2.84550097 2.14882009 1.91150848
v 2.82539781 2.12708339 1.96728166
v 3.55058275 2.11469084 1.99719612
v 2.82539781 2.12708339 1.96728166
v 3.55058797 2.08554436 2.06003115
v 3.55058797 2.08554436 2.06003115
v 2.82539781 2.12708339 1.96728166
v 2.81340759 2.11512297 1.99557841
v 3.55058797 2.08554436 2.06003115
v 2.81340759 2.11512297 1.99557841
v 2.78621893 2.09001340 2.05022190
v 2.89805364 2.23961379 1.59681328
v 3.55056040 2.20576841 1.73219088
v 2.89909970 2.24520322 1.57179106
v 2.89909970 2.24520322 1.57179106
v 3.55056040 2.20576841 1.73219088
v 3.55053954 2.26033572 1.50000704
v 2.89909970 2.24520322 1.57179106
v 3.55053954 2.26033572 1.50000704
v 2.90038418 2.26030201 1.49995564
v 2.90038418 2.26030201 1.49995564
v 3.55053954 2.26033572 1.50000704
v 2.90058386 2.29348950 1.31453741
v 2.90058386 2.29348950 1.31453741
v 3.55053954 2.26033572 1.50000704
v 3.55051421 2.30977461 1.20570064
v 2.90058386 2.29348950 1.31453741
v 3.55051421 2.30977461 1.20570064
v 2.90062632 2.31798291 1.14392582
v 2.90062632 2.31798291 1.14392582
v 3.55051421 2.30977461 1.20570064
v 3.55050899 2.31809188 1.14391642
v 3.55045237 2.38033421 0.34343912
v 2.90007498 2.37891246 0.37702201
v 3.55047472 2.36228704 0.69234041
v 3.55047472 2.36228704 0.69234041
v 2.90007498 2.37891246 0.37702201
v 2.90034842 2.36213319 0.69234162
v 3.55047472 2.36228704 0.69234041
v 2.90034842 2.36213319 0.69234162
v 3.55048068 2.35610195 0.77548870
v 3.55048068 2.35610195 0.77548870
v 2.90034842 2.36213319 0.69234162
v 2.90040355 2.35769432 0.75317803
v 3.55048068 2.35610195 0.77548870
v 2.90040355 2.35769432 0.75317803
v 3.55050899 2.31809188 1.14391642
v 3.55050899 2.31809188 1.14391642
v 2.90040355 2.35769432 0.75317803
v 2.90062483 2.32002195 1.12802070
v 3.55050899 2.31809188 1.14391642
v 2.90062483 2.32002195 1.12802070
v 2.90062632 2.31798291 1.14392582
v 3.55045237 2.38033421 0.34343912
v 3.55044566 2.38348003 0.23461038
v 2.90007498 2.37891246 0.37702201
v 2.90007498 2.37891246 0.37702201
v 3.55044566 2.38348003 0.23461038
v 3.55043449 2.38645095 0.00033707
v 2.90007498 2.37891246 0.37702201
v 3.55043449 2.38645095 0.00033707
v 2.89999153 2.38623526 0.00033719
v 3.69958095 2.19997782 1.50000742
v 3.71567495 2.18291786 1.50000686
v 3.71574946 2.20322423 1.39642805
v 3.71629633 2.29119025 0.64043584
v 3.71653028 2.30645668 0.32214769
v 3.70220877 2.32060850 0.33559436
v 3.58387418 2.38377396 0.00049733
v 3.55043449 2.38645095 0.00033707
v 3.55044566 2.38348003 0.23461038
v 3.57631482 2.37876214 0.34246286
v 3.60313393 2.37377062 0.34130295
v 3.58387418 2.38377396 0.00049733
v 3.58387418 2.38377396 0.00049733
v 3.60313393 2.37377062 0.34130295
v 3.60315479 2.37981956 0.00050086
v 3.60315479 2.37981956 0.00050086
v 3.60313393 2.37377062 0.34130295
v 3.61664258 2.37598419 0.00050337
v 3.61664258 2.37598419 0.00050337
v 3.60313393 2.37377062 0.34130295
v 3.62948664 2.36545652 0.34001824
v 3.61664258 2.37598419 0.00050337
v 3.62948664 2.36545652 0.34001824
v 3.62950303 2.37147361 0.00050584
v 3.62950303 2.37147361 0.00050584
v 3.62948664 2.36545652 0.34001824
v 3.65553685 2.35359520 0.33859848
v 3.62950303 2.37147361 0.00050584
v 3.65553685 2.35359520 0.33859848
v 3.65210734 2.36137360 0.00051053
v 3.65210734 2.36137360 0.00051053
v 3.65553685 2.35359520 0.33859848
v 3.68014537 2.33844165 0.33710049
v 3.65210734 2.36137360 0.00051053
v 3.68014537 2.33844165 0.33710049
v 3.68017219 2.34435778 0.00051702
v 3.68017219 2.34435778 0.00051702
v 3.68014537 2.33844165 0.33710049
v 3.70220877 2.32060850 0.33559436
v 3.68017219 2.34435778 0.00051702
v 3.70220877 2.32060850 0.33559436
v 3.70637514 2.32253298 0.00052319
v 3.70637514 2.32253298 0.00052319
v 3.70220877 2.32060850 0.33559436
v 3.71653028 2.30645668 0.32214769
v 3.70637514 2.32253298 0.00052319
v 3.71653028 2.30645668 0.32214769
v 3.71677019 2.31162757 0.00033700
v 3.70219387 2.29729302 0.75628110
v 3.71626504 2.28824746 0.68432898
v 3.71629633 2.29119025 0.64043584
v 3.70189883 2.25298982 1.17534883
v 3.71593125 2.24256590 1.14466753
v 3.71610411 2.26994157 0.90547036
v 3.70164998 2.22048666 1.38361715
v 3.71574946 2.20322423 1.39642805
v 3.71577926 2.21052729 1.35542285
v 3.69958095 2.19997782 1.50000742
v 3.71574946 2.20322423 1.39642805
v 3.69187556 2.20692158 1.50000760
v 3.71574946 2.20322423 1.39642805
v 3.70164998 2.22048666 1.38361715
v 3.69187556 2.20692158 1.50000760
v 3.69187556 2.20692158 1.50000760
v 3.70164998 2.22048666 1.38361715
v 3.67982425 2.23742779 1.39126871
v 3.69187556 2.20692158 1.50000760
v 3.67982425 2.23742779 1.39126871
v 3.67972143 2.21662093 1.50000760
v 3.67972143 2.21662093 1.50000760
v 3.67982425 2.23742779 1.39126871
v 3.65537740 2.25173030 1.39857475
v 3.67972143 2.21662093 1.50000760
v 3.65537740 2.25173030 1.39857475
v 3.66410129 2.22721398 1.50000649
v 3.59590761 2.25519873 1.50001394
v 3.61971371 2.24835854 1.50000518
v 3.62942703 2.26280391 1.40519496
v 3.62942703 2.26280391 1.40519496
v 3.61971371 2.24835854 1.50000518
v 3.63150276 2.24387720 1.50000388
v 3.62942703 2.26280391 1.40519496
v 3.63150276 2.24387720 1.50000388
v 3.65537740 2.25173030 1.39857475
v 3.65537740 2.25173030 1.39857475
v 3.63150276 2.24387720 1.50000388
v 3.64146717 2.23948210 1.50000406
v 3.65537740 2.25173030 1.39857475
v 3.64146717 2.23948210 1.50000406
v 3.66410129 2.22721398 1.50000649
v 3.62942703 2.26280391 1.40519496
v 3.60313393 2.27040835 1.41088096
v 3.59590761 2.25519873 1.50001394
v 3.59590761 2.25519873 1.50001394
v 3.60313393 2.27040835 1.41088096
v 3.57635580 2.27474682 1.41568827
v 3.59590761 2.25519873 1.50001394
v 3.57635580 2.27474682 1.41568827
v 3.57636549 2.25869045 1.50001952
v 3.55051421 2.30977461 1.20570064
v 3.55053954 2.26033572 1.50000704
v 3.57635580 2.27474682 1.41568827
v 3.57635580 2.27474682 1.41568827
v 3.55053954 2.26033572 1.50000704
v 3.56454961 2.25987080 1.50001785
v 3.57635580 2.27474682 1.41568827
v 3.56454961 2.25987080 1.50001785
v 3.57636549 2.25869045 1.50001952
v 3.55048068 2.35610195 0.77548870
v 3.55050899 2.31809188 1.14391642
v 3.57634388 2.33479720 0.98821269
v 3.58387418 2.38377396 0.00049733
v 3.55044566 2.38348003 0.23461038
v 3.57631482 2.37876214 0.34246286
v 3.57631482 2.37876214 0.34246286
v 3.55044566 2.38348003 0.23461038
v 3.55045237 2.38033421 0.34343912
v 3.57631482 2.37876214 0.34246286
v 3.55045237 2.38033421 0.34343912
v 3.55047472 2.36228704 0.69234041
v 3.71629633 2.29119025 0.64043584
v 3.70220877 2.32060850 0.33559436
v 3.70219387 2.29729302 0.75628110
v 3.70219387 2.29729302 0.75628110
v 3.70220877 2.32060850 0.33559436
v 3.68014537 2.33844165 0.33710049
v 3.70219387 2.29729302 0.75628110
v 3.68014537 2.33844165 0.33710049
v 3.68016101 2.31493413 0.76019145
v 3.68016101 2.31493413 0.76019145
v 3.68014537 2.33844165 0.33710049
v 3.65553685 2.35359520 0.33859848
v 3.68016101 2.31493413 0.76019145
v 3.65553685 2.35359520 0.33859848
v 3.65556367 2.32990514 0.76399450
v 3.65556367 2.32990514 0.76399450
v 3.65553685 2.35359520 0.33859848
v 3.62948664 2.36545652 0.34001824
v 3.65556367 2.32990514 0.76399450
v 3.62948664 2.36545652 0.34001824
v 3.62951271 2.34159753 0.76751239
v 3.62951271 2.34159753 0.76751239
v 3.62948664 2.36545652 0.34001824
v 3.60313393 2.37377062 0.34130295
v 3.62951271 2.34159753 0.76751239
v 3.60313393 2.37377062 0.34130295
v 3.60315554 2.34975889 0.77060866
v 3.60315554 2.34975889 0.77060866
v 3.60313393 2.37377062 0.34130295
v 3.57631482 2.37876214 0.34246286
v 3.60315554 2.34975889 0.77060866
v 3.57631482 2.37876214 0.34246286
v 3.57633494 2.35460829 0.77331043
v 3.57633494 2.35460829 0.77331043
v 3.57631482 2.37876214 0.34246286
v 3.55047472 2.36228704 0.69234041
v 3.57633494 2.35460829 0.77331043
v 3.55047472 2.36228704 0.69234041
v 3.55048068 2.35610195 0.77548870
v 3.71610411 2.26994157 0.90547036
v 3.70208509 2.27819420 0.96613336
v 3.70189883 2.25298982 1.17534883
v 3.70189883 2.25298982 1.17534883
v 3.70208509 2.27819420 0.96613336
v 3.68009694 2.29567215 0.97126439
v 3.70189883 2.25298982 1.17534883
v 3.68009694 2.29567215 0.97126439
v 3.67997847 2.27023959 1.18172187
v 3.67997847 2.27023959 1.18172187
v 3.68009694 2.29567215 0.97126439
v 3.65553163 2.31048837 0.97622592
v 3.67997847 2.27023959 1.18172187
v 3.65553163 2.31048837 0.97622592
v 3.65546383 2.28483714 1.18784951
v 3.65546383 2.28483714 1.18784951
v 3.65553163 2.31048837 0.97622592
v 3.62950079 2.32203733 0.98078614
v 3.65546383 2.28483714 1.18784951
v 3.62950079 2.32203733 0.98078614
v 3.62946801 2.29618363 1.19344573
v 3.62946801 2.29618363 1.19344573
v 3.62950079 2.32203733 0.98078614
v 3.60315628 2.33006869 0.98476978
v 3.62946801 2.29618363 1.19344573
v 3.60315628 2.33006869 0.98476978
v 3.60314660 2.30403207 1.19829774
v 3.60314660 2.30403207 1.19829774
v 3.60315628 2.33006869 0.98476978
v 3.57634388 2.33479720 0.98821269
v 3.60314660 2.30403207 1.19829774
v 3.57634388 2.33479720 0.98821269
v 3.57634984 2.30859257 1.20245060
v 3.57634984 2.30859257 1.20245060
v 3.57634388 2.33479720 0.98821269
v 3.55050899 2.31809188 1.14391642
v 3.57634984 2.30859257 1.20245060
v 3.55050899 2.31809188 1.14391642
v 3.55051421 2.30977461 1.20570064
v 3.55048068 2.35610195 0.77548870
v 3.57634388 2.33479720 0.98821269
v 3.57633494 2.35460829 0.77331043
v 3.57633494 2.35460829 0.77331043
v 3.57634388 2.33479720 0.98821269
v 3.60315628 2.33006869 0.98476978
v 3.57633494 2.35460829 0.77331043
v 3.60315628 2.33006869 0.98476978
v 3.60315554 2.34975889 0.77060866
v 3.60315554 2.34975889 0.77060866
v 3.60315628 2.33006869 0.98476978
v 3.62950079 2.32203733 0.98078614
v 3.60315554 2.34975889 0.77060866
v 3.62950079 2.32203733 0.98078614
v 3.62951271 2.34159753 0.76751239
v 3.62951271 2.34159753 0.76751239
v 3.62950079 2.32203733 0.98078614
v 3.65553163 2.31048837 0.97622592
v 3.62951271 2.34159753 0.76751239
v 3.65553163 2.31048837 0.97622592
v 3.65556367 2.32990514 0.76399450
v 3.65556367 2.32990514 0.76399450
v 3.65553163 2.31048837 0.97622592
v 3.68009694 2.29567215 0.97126439
v 3.65556367 2.32990514 0.76399450
v 3.68009694 2.29567215 0.97126439
v 3.68016101 2.31493413 0.76019145
v 3.68016101 2.31493413 0.76019145
v 3.68009694 2.29567215 0.97126439
v 3.70208509 2.27819420 0.96613336
v 3.68016101 2.31493413 0.76019145
v 3.70208509 2.27819420 0.96613336
v 3.70219387 2.29729302 0.75628110
v 3.70219387 2.29729302 0.75628110
v 3.70208509 2.27819420 0.96613336
v 3.71610411 2.26994157 0.90547036
v 3.70219387 2.29729302 0.75628110
v 3.71610411 2.26994157 0.90547036
v 3.71626504 2.28824746 0.68432898
v 3.55051421 2.30977461 1.20570064
v 3.57635580 2.27474682 1.41568827
v 3.57634984 2.30859257 1.20245060
v 3.57634984 2.30859257 1.20245060
v 3.57635580 2.27474682 1.41568827
v 3.60313393 2.27040835 1.41088096
v 3.57634984 2.30859257 1.20245060
v 3.60313393 2.27040835 1.41088096
v 3.60314660 2.30403207 1.19829774
v 3.60314660 2.30403207 1.19829774
v 3.60313393 2.27040835 1.41088096
v 3.62942703 2.26280391 1.40519496
v 3.60314660 2.30403207 1.19829774
v 3.62942703 2.26280391 1.40519496
v 3.62946801 2.29618363 1.19344573
v 3.62946801 2.29618363 1.19344573
v 3.62942703 2.26280391 1.40519496
v 3.65537740 2.25173030 1.39857475
v 3.62946801 2.29618363 1.19344573
v 3.65537740 2.25173030 1.39857475
v 3.65546383 2.28483714 1.18784951
v 3.65546383 2.28483714 1.18784951
v 3.65537740 2.25173030 1.39857475
v 3.67982425 2.23742779 1.39126871
v 3.65546383 2.28483714 1.18784951
v 3.67982425 2.23742779 1.39126871
v 3.67997847 2.27023959 1.18172187
v 3.67997847 2.27023959 1.18172187
v 3.67982425 2.23742779 1.39126871
v 3.70164998 2.22048666 1.38361715
v 3.67997847 2.27023959 1.18172187
v 3.70164998 2.22048666 1.38361715
v 3.70189883 2.25298982 1.17534883
v 3.70189883 2.25298982 1.17534883
v 3.70164998 2.22048666 1.38361715
v 3.71577926 2.21052729 1.35542285
v 3.70189883 2.25298982 1.17534883
v 3.71577926 2.21052729 1.35542285
v 3.71593125 2.24256590 1.14466753
v 3.69282402 1.76550914 2.34993305
v 3.70139368 1.75217930 2.34831497
v 3.70978750 1.75448060 2.33339593
v 3.67805995 1.77301019 2.36118045
v 3.66933309 1.77679695 2.36685853
v 3.66580747 1.76993646 2.37519033
v 3.65943573 1.78061873 2.37258952
v 3.63979526 1.78693254 2.38205791
v 3.64338942 1.77756120 2.38672048
v 3.60918082 1.79395620 2.39259284
v 3.59679647 1.79594494 2.39557698
v 3.59679945 1.78758781 2.40186136
v 3.59626301 1.79602019 2.39568986
v 3.57995965 1.79790538 2.39852052
v 3.57301347 1.79010611 2.40565017
v 3.55060063 0.00000000 2.99999993
v 3.55059542 -0.03158773 2.99983378
v 3.57300155 -0.03157535 2.99840700
v 3.60998921 -2.99050249 0.00007072
v 3.62014286 -2.98689064 0.00008920
v 3.62012871 -2.98566855 0.08498655
v 3.70980240 -0.03078525 2.91927960
v 3.70980240 -0.00001471 2.91942414
v 3.70140411 -0.03089112 2.92981341
v 3.70140411 -0.03089112 2.92981341
v 3.70980240 -0.00001471 2.91942414
v 3.70980687 0.14344278 2.91587468
v 3.70980240 -0.03078525 2.91927960
v 3.70140411 -0.03089112 2.92981341
v 3.70980091 -0.16685373 2.91469637
v 3.70980091 -0.16685373 2.91469637
v 3.70140411 -0.03089112 2.92981341
v 3.70139666 -0.25498557 2.91885659
v 3.70980091 -0.16685373 2.91469637
v 3.70139666 -0.25498557 2.91885659
v 3.70980091 -0.25407972 2.90837996
v 3.70980091 -0.25407972 2.90837996
v 3.70139666 -0.25498557 2.91885659
v 3.70980091 -0.33334792 2.90034581
v 3.70980091 -0.33334792 2.90034581
v 3.70139666 -0.25498557 2.91885659
v 3.70139517 -0.47752261 2.89078765
v 3.70980091 -0.33334792 2.90034581
v 3.70139517 -0.47752261 2.89078765
v 3.70979942 -0.49947114 2.87636258
v 3.70140560 -0.69727888 2.84578279
v 3.70979793 -0.69476478 2.83553973
v 3.70979793 -0.66441838 2.84279771
v 3.70141752 -0.91298157 2.78414395
v 3.70979495 -0.90969764 2.77414564
v 3.70979644 -0.82737189 2.79976502
v 3.70979495 -0.90969764 2.77414564
v 3.70141752 -0.91298157 2.78414395
v 3.70979495 -0.98751662 2.74744220
v 3.70979495 -0.98751662 2.74744220
v 3.70141752 -0.91298157 2.78414395
v 3.70140858 -1.12334713 2.70620137
v 3.70979495 -0.98751662 2.74744220
v 3.70140858 -1.12334713 2.70620137
v 3.70979346 -1.11930203 2.69647762
v 3.70139219 -1.32707553 2.61229463
v 3.70979197 -1.32228425 2.60289162
v 3.70979197 -1.29620777 2.61598919
v 3.70139219 -1.32707553 2.61229463
v 3.70979197 -1.29620777 2.61598919
v 3.70140858 -1.12334713 2.70620137
v 3.70140858 -1.12334713 2.70620137
v 3.70979197 -1.29620777 2.61598919
v 3.70979346 -1.14405686 2.68606823
v 3.70140858 -1.12334713 2.70620137
v 3.70979346 -1.14405686 2.68606823
v 3.70979346 -1.11930203 2.69647762
v 3.70979197 -1.32228425 2.60289162
v 3.70139219 -1.32707553 2.61229463
v 3.70979048 -1.44415675 2.53723264
v 3.70979048 -1.44415675 2.53723264
v 3.70139219 -1.32707553 2.61229463
v 3.70139219 -1.52299842 2.50303410
v 3.70979048 -1.44415675 2.53723264
v 3.70139219 -1.52299842 2.50303410
v 3.70979048 -1.51750101 2.49402765
v 3.70979048 -1.51750101 2.49402765
v 3.70139219 -1.52299842 2.50303410
v 3.70978899 -1.58787277 2.44980864
v 3.70978899 -1.58787277 2.44980864
v 3.70139219 -1.52299842 2.50303410
v 3.70139815 -1.71003323 2.37915944
v 3.70978899 -1.58787277 2.44980864
v 3.70139815 -1.71003323 2.37915944
v 3.70978750 -1.70386788 2.37060916
v 3.70140411 -1.88709777 2.24140994
v 3.70978601 -1.85970981 2.25051977
v 3.70139815 -1.71003323 2.37915944
v 3.70139815 -1.71003323 2.37915944
v 3.70978601 -1.85970981 2.25051977
v 3.70978750 -1.72662698 2.35409234
v 3.70139815 -1.71003323 2.37915944
v 3.70978750 -1.72662698 2.35409234
v 3.70978750 -1.70386788 2.37060916
v 3.70139964 -2.05310918 2.09052581
v 3.70978601 -1.98644493 2.13958193
v 3.70140411 -1.88709777 2.24140994
v 3.70140411 -1.88709777 2.24140994
v 3.70978601 -1.98644493 2.13958193
v 3.70978601 -1.88029855 2.23336257
v 3.70140411 -1.88709777 2.24140994
v 3.70978601 -1.88029855 2.23336257
v 3.70978601 -1.85970981 2.25051977
v 3.70978303 -2.21854486 1.89777035
v 3.70978303 -2.19902918 1.92037001
v 3.70138623 -2.20700018 1.92729458
v 3.70138623 -2.20700018 1.92729458
v 3.70978303 -2.19902918 1.92037001
v 3.70978452 -2.10620333 2.02181656
v 3.70138623 -2.20700018 1.92729458
v 3.70978452 -2.10620333 2.02181656
v 3.70139964 -2.05310918 2.09052581
v 3.70139964 -2.05310918 2.09052581
v 3.70978452 -2.10620333 2.02181656
v 3.70978452 -2.04570498 2.08301861
v 3.70139964 -2.05310918 2.09052581
v 3.70978452 -2.04570498 2.08301861
v 3.70978601 -1.98644493 2.13958193
v 3.70978303 -2.21854486 1.89777035
v 3.70138623 -2.20700018 1.92729458
v 3.70978154 -2.32386850 1.76712126
v 3.70978154 -2.32386850 1.76712126
v 3.70138623 -2.20700018 1.92729458
v 3.70138027 -2.34791450 1.75274070
v 3.70978154 -2.32386850 1.76712126
v 3.70138027 -2.34791450 1.75274070
v 3.70978005 -2.42183115 1.63022969
v 3.70978005 -2.42183115 1.63022969
v 3.70138027 -2.34791450 1.75274070
v 3.70137878 -2.47512050 1.56795271
v 3.70978005 -2.42183115 1.63022969
v 3.70137878 -2.47512050 1.56795271
v 3.70977856 -2.46618576 1.56232929
v 3.70977856 -2.46618576 1.56232929
v 3.70137878 -2.47512050 1.56795271
v 3.70977856 -2.50459667 1.50000686
v 3.70977856 -2.50459667 1.50000686
v 3.70137878 -2.47512050 1.56795271
v 3.70138027 -2.58788783 1.37401922
v 3.70977856 -2.50459667 1.50000686
v 3.70138027 -2.58788783 1.37401922
v 3.70977409 -2.58694850 1.35316784
v 3.70977409 -2.58694850 1.35316784
v 3.70138027 -2.58788783 1.37401922
v 3.70976813 -2.66065076 1.20189572
v 3.70976813 -2.66065076 1.20189572
v 3.70138027 -2.58788783 1.37401922
v 3.70138027 -2.68548597 1.17202858
v 3.70976813 -2.66065076 1.20189572
v 3.70138027 -2.68548597 1.17202858
v 3.70976813 -2.67577842 1.16782989
v 3.70976813 -2.67577842 1.16782989
v 3.70138027 -2.68548597 1.17202858
v 3.70976366 -2.72524841 1.04710478
v 3.70976366 -2.72524841 1.04710478
v 3.70138027 -2.68548597 1.17202858
v 3.70137580 -2.76723225 0.96310796
v 3.70976366 -2.72524841 1.04710478
v 3.70137580 -2.76723225 0.96310796
v 3.70976068 -2.75722239 0.95966524
v 3.70976068 -2.75722239 0.95966524
v 3.70137580 -2.76723225 0.96310796
v 3.70975919 -2.78078746 0.88901697
v 3.70975919 -2.78078746 0.88901697
v 3.70137580 -2.76723225 0.96310796
v 3.70136686 -2.83274725 0.74854842
v 3.70975919 -2.78078746 0.88901697
v 3.70136686 -2.83274725 0.74854842
v 3.70975323 -2.82740481 0.72723166
v 3.70975323 -2.82740481 0.72723166
v 3.70136686 -2.83274725 0.74854842
v 3.70974876 -2.86468305 0.56290277
v 3.70974876 -2.86468305 0.56290277
v 3.70136686 -2.83274725 0.74854842
v 3.70135494 -2.88173873 0.52962378
v 3.70974876 -2.86468305 0.56290277
v 3.70135494 -2.88173873 0.52962378
v 3.70974876 -2.87137367 0.52776430
v 3.70974876 -2.87137367 0.52776430
v 3.70135494 -2.88173873 0.52962378
v 3.70974578 -2.89240461 0.39687213
v 3.70974578 -2.89240461 0.39687213
v 3.70135494 -2.88173873 0.52962378
v 3.70134749 -2.91391220 0.30760244
v 3.70974578 -2.89240461 0.39687213
v 3.70134749 -2.91391220 0.30760244
v 3.70974429 -2.90338546 0.30654036
v 3.70974429 -2.90338546 0.30654036
v 3.70134749 -2.91391220 0.30760244
v 3.70974280 -2.91047953 0.22971213
v 3.70974280 -2.91047953 0.22971213
v 3.70134749 -2.91391220 0.30760244
v 3.70134749 -2.92897243 0.08375287
v 3.70974280 -2.91047953 0.22971213
v 3.70134749 -2.92897243 0.08375287
v 3.70973535 -2.91884858 0.06193368
v 3.70973535 -2.91884858 0.06193368
v 3.70134749 -2.92897243 0.08375287
v 3.69458832 -2.93761976 0.00028179
v 3.70973535 -2.91884858 0.06193368
v 3.69458832 -2.93761976 0.00028179
v 3.70979197 -2.91951988 0.00033700
v 3.55049782 -2.98064947 0.34018909
v 3.55050750 -2.98348162 0.31438270
v 3.57311554 -2.98211500 0.31429729
v 3.57311554 -2.98211500 0.31429729
v 3.55050750 -2.98348162 0.31438270
v 3.55055965 -2.99515892 0.17036122
v 3.57311554 -2.98211500 0.31429729
v 3.55055965 -2.99515892 0.17036122
v 3.57314534 -2.99754720 0.08516918
v 3.57314534 -2.99754720 0.08516918
v 3.55055965 -2.99515892 0.17036122
v 3.55062149 -2.99999993 -0.00000000
v 3.57314534 -2.99754720 0.08516918
v 3.55062149 -2.99999993 -0.00000000
v 3.58012803 -2.99778152 0.00002686
v 3.55049782 -2.98064947 0.34018909
v 3.57311554 -2.98211500 0.31429729
v 3.55043598 -2.95651834 0.50891885
v 3.55043598 -2.95651834 0.50891885
v 3.57311554 -2.98211500 0.31429729
v 3.57310288 -2.94923037 0.54155458
v 3.55043598 -2.95651834 0.50891885
v 3.57310288 -2.94923037 0.54155458
v 3.55042405 -2.95067653 0.54176329
v 3.55042405 -2.95067653 0.54176329
v 3.57310288 -2.94923037 0.54155458
v 3.55037414 -2.92284377 0.67600575
v 3.55037414 -2.92284377 0.67600575
v 3.57310288 -2.94923037 0.54155458
v 3.57309841 -2.89915781 0.76564276
v 3.55037414 -2.92284377 0.67600575
v 3.57309841 -2.89915781 0.76564276
v 3.55034061 -2.90056989 0.76595969
v 3.55034061 -2.90056989 0.76595969
v 3.57309841 -2.89915781 0.76564276
v 3.55031230 -2.87973415 0.84091062
v 3.55031230 -2.87973415 0.84091062
v 3.57309841 -2.89915781 0.76564276
v 3.57309394 -2.83216219 0.98526366
v 3.55031230 -2.87973415 0.84091062
v 3.57309394 -2.83216219 0.98526366
v 3.55025046 -2.82732882 1.00310100
v 3.57308425 -2.74850987 1.19911339
v 3.55018862 -2.76579671 1.16205327
v 3.57309394 -2.83216219 0.98526366
v 3.57309394 -2.83216219 0.98526366
v 3.55018862 -2.76579671 1.16205327
v 3.55024748 -2.82409675 1.01216482
v 3.57309394 -2.83216219 0.98526366
v 3.55024748 -2.82409675 1.01216482
v 3.55025046 -2.82732882 1.00310100
v 3.55009027 -2.64987499 1.40647143
v 3.55011933 -2.68615056 1.33588733
v 3.57307233 -2.64863167 1.40586551
v 3.57307233 -2.64863167 1.40586551
v 3.55011933 -2.68615056 1.33588733
v 3.55012678 -2.69533675 1.31725455
v 3.57307233 -2.64863167 1.40586551
v 3.55012678 -2.69533675 1.31725455
v 3.57308425 -2.74850987 1.19911339
v 3.57308425 -2.74850987 1.19911339
v 3.55012678 -2.69533675 1.31725455
v 3.55017371 -2.74972543 1.19958706
v 3.57308425 -2.74850987 1.19911339
v 3.55017371 -2.74972543 1.19958706
v 3.55018862 -2.76579671 1.16205327
v 3.55008058 -2.51124725 1.64123010
v 3.55007313 -2.53448896 1.60510577
v 3.57306339 -2.53323875 1.60436798
v 3.57306339 -2.53323875 1.60436798
v 3.55007313 -2.53448896 1.60510577
v 3.55005153 -2.59806812 1.50000686
v 3.57306339 -2.53323875 1.60436798
v 3.55005153 -2.59806812 1.50000686
v 3.57307233 -2.64863167 1.40586551
v 3.57307233 -2.64863167 1.40586551
v 3.55005153 -2.59806812 1.50000686
v 3.55006792 -2.62055043 1.46038188
v 3.57307233 -2.64863167 1.40586551
v 3.55006792 -2.62055043 1.46038188
v 3.55009027 -2.64987499 1.40647143
v 3.57304849 -2.25886591 1.97218396
v 3.55014093 -2.30595414 1.91900358
v 3.57305519 -2.40307059 1.79351084
v 3.57305519 -2.40307059 1.79351084
v 3.55014093 -2.30595414 1.91900358
v 3.55011113 -2.41121762 1.78494509
v 3.57305519 -2.40307059 1.79351084
v 3.55011113 -2.41121762 1.78494509
v 3.57306339 -2.53323875 1.60436798
v 3.57306339 -2.53323875 1.60436798
v 3.55011113 -2.41121762 1.78494509
v 3.55008133 -2.50869747 1.64512489
v 3.57306339 -2.53323875 1.60436798
v 3.55008133 -2.50869747 1.64512489
v 3.55008058 -2.51124725 1.64123010
v 3.55020054 -2.07346044 2.16812398
v 3.55019383 -2.10229792 2.14017350
v 3.57304253 -2.10136529 2.13927664
v 3.57304253 -2.10136529 2.13927664
v 3.55019383 -2.10229792 2.14017350
v 3.55017073 -2.19324715 2.04686727
v 3.57304253 -2.10136529 2.13927664
v 3.55017073 -2.19324715 2.04686727
v 3.57304849 -2.25886591 1.97218396
v 3.57304849 -2.25886591 1.97218396
v 3.55017073 -2.19324715 2.04686727
v 3.55015360 -2.25989893 1.97303221
v 3.57304849 -2.25886591 1.97218396
v 3.55015360 -2.25989893 1.97303221
v 3.55014093 -2.30595414 1.91900358
v 3.55027430 -1.75110977 2.43590102
v 3.55026536 -1.79119613 2.40657758
v 3.57302837 -1.75023526 2.43473873
v 3.57302837 -1.75023526 2.43473873
v 3.55026536 -1.79119613 2.40657758
v 3.55026014 -1.81421563 2.38927212
v 3.57302837 -1.75023526 2.43473873
v 3.55026014 -1.81421563 2.38927212
v 3.57303582 -1.93145610 2.29373258
v 3.57303582 -1.93145610 2.29373258
v 3.55026014 -1.81421563 2.38927212
v 3.55023034 -1.94698051 2.28238180
v 3.57303582 -1.93145610 2.29373258
v 3.55023034 -1.94698051 2.28238180
v 3.57304253 -2.10136529 2.13927664
v 3.57304253 -2.10136529 2.13927664
v 3.55023034 -1.94698051 2.28238180
v 3.55020352 -2.06067041 2.18028370
v 3.57304253 -2.10136529 2.13927664
v 3.55020352 -2.06067041 2.18028370
v 3.55020054 -2.07346044 2.16812398
v 3.55027430 -1.75110977 2.43590102
v 3.57302837 -1.75023526 2.43473873
v 3.55028994 -1.67559460 2.48844977
v 3.55028994 -1.67559460 2.48844977
v 3.57302837 -1.75023526 2.43473873
v 3.57302167 -1.55880665 2.56153755
v 3.55028994 -1.67559460 2.48844977
v 3.57302167 -1.55880665 2.56153755
v 3.55031379 -1.55957872 2.56275516
v 3.55035402 -1.35891102 2.67457664
v 3.55034955 -1.38259083 2.66241282
v 3.57301570 -1.35827297 2.67337114
v 3.57301570 -1.35827297 2.67337114
v 3.55034955 -1.38259083 2.66241282
v 3.55032645 -1.49707785 2.59976108
v 3.57301570 -1.35827297 2.67337114
v 3.55032645 -1.49707785 2.59976108
v 3.57302167 -1.55880665 2.56153755
v 3.57302167 -1.55880665 2.56153755
v 3.55032645 -1.49707785 2.59976108
v 3.55031975 -1.53156472 2.57959478
v 3.57302167 -1.55880665 2.56153755
v 3.55031975 -1.53156472 2.57959478
v 3.55031379 -1.55957872 2.56275516
v 3.55035402 -1.35891102 2.67457664
v 3.57301570 -1.35827297 2.67337114
v 3.55037935 -1.22915404 2.73663662
v 3.55037935 -1.22915404 2.73663662
v 3.57301570 -1.35827297 2.67337114
v 3.57301272 -1.14973802 2.76948158
v 3.55037935 -1.22915404 2.73663662
v 3.57301272 -1.14973802 2.76948158
v 3.55038829 -1.18236216 2.75717601
v 3.57300974 -0.93443049 2.84927338
v 3.55040915 -1.07174944 2.80202646
v 3.57301272 -1.14973802 2.76948158
v 3.57301272 -1.14973802 2.76948158
v 3.55040915 -1.07174944 2.80202646
v 3.55039425 -1.15027074 2.77071781
v 3.57301272 -1.14973802 2.76948158
v 3.55039425 -1.15027074 2.77071781
v 3.55038829 -1.18236216 2.75717601
v 3.55045013 -0.85137906 2.87665669
v 3.55043896 -0.91088535 2.85837147
v 3.57300974 -0.93443049 2.84927338
v 3.57300974 -0.93443049 2.84927338
v 3.55043896 -0.91088535 2.85837147
v 3.55043449 -0.93488637 2.85061169
v 3.57300974 -0.93443049 2.84927338
v 3.55043449 -0.93488637 2.85061169
v 3.55040915 -1.07174944 2.80202646
v 3.55047472 -0.71403123 2.91378777
v 3.55046876 -0.74708080 2.90548969
v 3.57300676 -0.71367687 2.91240085
v 3.57300676 -0.71367687 2.91240085
v 3.55046876 -0.74708080 2.90548969
v 3.55045013 -0.85137906 2.87665669
v 3.57300378 -0.48873378 2.95848772
v 3.55051123 -0.50868234 2.95655914
v 3.55049856 -0.58086473 2.94322874
v 3.57300229 -0.26088993 2.98720170
v 3.55052836 -0.41277362 2.97146719
v 3.57300378 -0.48873378 2.95848772
v 3.57300378 -0.48873378 2.95848772
v 3.55052836 -0.41277362 2.97146719
v 3.55051495 -0.48897220 2.95988265
v 3.57300378 -0.48873378 2.95848772
v 3.55051495 -0.48897220 2.95988265
v 3.55051123 -0.50868234 2.95655914
v 3.55059542 -0.03158773 2.99983378
v 3.55058797 -0.07314098 2.99910810
v 3.57300155 -0.03157535 2.99840700
v 3.57300155 -0.03157535 2.99840700
v 3.55058797 -0.07314098 2.99910810
v 3.55057307 -0.15898698 2.99578402
v 3.57300155 -0.03157535 2.99840700
v 3.55057307 -0.15898698 2.99578402
v 3.57300229 -0.26088993 2.98720170
v 3.57300229 -0.26088993 2.98720170
v 3.55057307 -0.15898698 2.99578402
v 3.55055816 -0.24335007 2.99011376
v 3.57300229 -0.26088993 2.98720170
v 3.55055816 -0.24335007 2.99011376
v 3.55052836 -0.41277362 2.97146719
v 3.57300676 0.42584753 2.96818092
v 3.55060063 0.42598671 2.96960175
v 3.55060063 0.19289578 2.99379211
v 3.55060063 0.65167220 2.92836521
v 3.57301496 0.87322090 2.86862496
v 3.55060063 0.88389460 2.86683273
v 3.55060063 0.88389460 2.86683273
v 3.57301496 0.87322090 2.86862496
v 3.57301198 1.08988816 2.79351752
v 3.55060063 0.88389460 2.86683273
v 3.57301198 1.08988816 2.79351752
v 3.55060063 1.09035261 2.79484000
v 3.55060063 1.09035261 2.79484000
v 3.57301198 1.08988816 2.79351752
v 3.55060063 1.21350372 2.74361223
v 3.55060063 1.21350372 2.74361223
v 3.57301198 1.08988816 2.79351752
v 3.57301272 1.30017726 2.70201340
v 3.55060063 1.21350372 2.74361223
v 3.57301272 1.30017726 2.70201340
v 3.55060063 1.30075701 2.70333700
v 3.55060063 1.30075701 2.70333700
v 3.57301272 1.30017726 2.70201340
v 3.57301496 1.50288269 2.59475242
v 3.55060063 1.30075701 2.70333700
v 3.57301496 1.50288269 2.59475242
v 3.55060063 1.50355268 2.59602182
v 3.57995965 1.79790538 2.39852052
v 3.56209837 1.79904699 2.40023807
v 3.57301347 1.79010611 2.40565017
v 3.57301347 1.79010611 2.40565017
v 3.56209837 1.79904699 2.40023807
v 3.55060063 1.79925691 2.40055714
v 3.57301347 1.79010611 2.40565017
v 3.55060063 1.79925691 2.40055714
v 3.55060063 1.69753321 2.47353613
v 3.62000279 1.78347751 2.39565950
v 3.62000503 1.79182906 2.38940176
v 3.61832269 1.79218426 2.38993466
v 3.70983817 1.46630025 2.52446216
v 3.70144136 1.47117274 2.53383517
v 3.70983966 1.38277672 2.57115588
v 3.70983966 1.38277672 2.57115588
v 3.70144136 1.47117274 2.53383517
v 3.70144136 1.27281034 2.63905842
v 3.70983966 1.38277672 2.57115588
v 3.70144136 1.27281034 2.63905842
v 3.70983817 1.26596820 2.63064243
v 3.70988436 0.77503989 2.81465240
v 3.70988287 0.85205901 2.79231854
v 3.70148309 0.85489163 2.80249007
v 3.70148309 0.85489163 2.80249007
v 3.70988287 0.85205901 2.79231854
v 3.70985605 0.99624395 2.74420772
v 3.70148309 0.85489163 2.80249007
v 3.70985605 0.99624395 2.74420772
v 3.70144732 1.06699327 2.72881072
v 3.70983817 1.46630025 2.52446216
v 3.70983668 1.49655342 2.50665043
v 3.70144136 1.47117274 2.53383517
v 3.70144136 1.47117274 2.53383517
v 3.70983668 1.49655342 2.50665043
v 3.70983519 1.51784187 2.49382090
v 3.70144136 1.47117274 2.53383517
v 3.70983519 1.51784187 2.49382090
v 3.70141603 1.66091733 2.41375156
v 3.70141603 1.66091733 2.41375156
v 3.70983519 1.51784187 2.49382090
v 3.70981134 1.65541582 2.40472760
v 3.70141603 1.66091733 2.41375156
v 3.70981134 1.65541582 2.40472760
v 3.70979644 1.70297492 2.37128846
v 3.70985605 0.99624395 2.74420772
v 3.70984562 1.06347026 2.71885656
v 3.70144732 1.06699327 2.72881072
v 3.70144732 1.06699327 2.72881072
v 3.70984562 1.06347026 2.71885656
v 3.70983966 1.14688659 2.68472005
v 3.70144732 1.06699327 2.72881072
v 3.70983966 1.14688659 2.68472005
v 3.70144136 1.27281034 2.63905842
v 3.70144136 1.27281034 2.63905842
v 3.70983966 1.14688659 2.68472005
v 3.70983817 1.26491841 2.63114758
v 3.70144136 1.27281034 2.63905842
v 3.70983817 1.26491841 2.63114758
v 3.70983817 1.26596820 2.63064243
v 3.70146520 0.63777380 2.85968855
v 3.70986648 0.63564708 2.84934919
v 3.70987989 0.71827117 2.82966159
v 3.70142646 0.41688844 2.90012211
v 3.70982774 0.43330779 2.88704410
v 3.70984264 0.51814029 2.87303440
v 3.70141007 0.19352691 2.92354599
v 3.70980836 0.19286317 2.91301515
v 3.70981134 0.25913562 2.90786065
v 3.68598662 -2.94607598 0.00025367
v 3.69458832 -2.93761976 0.00028179
v 3.68598439 -2.94488929 0.08411902
v 3.68598439 -2.94488929 0.08411902
v 3.69458832 -2.93761976 0.00028179
v 3.70134749 -2.92897243 0.08375287
v 3.68598439 -2.94488929 0.08411902
v 3.70134749 -2.92897243 0.08375287
v 3.68598513 -2.92974170 0.30919244
v 3.68598513 -2.92974170 0.30919244
v 3.70134749 -2.92897243 0.08375287
v 3.70134749 -2.91391220 0.30760244
v 3.68598513 -2.92974170 0.30919244
v 3.70134749 -2.91391220 0.30760244
v 3.68599258 -2.89739426 0.53242566
v 3.68599258 -2.89739426 0.53242566
v 3.70134749 -2.91391220 0.30760244
v 3.70135494 -2.88173873 0.52962378
v 3.68599258 -2.89739426 0.53242566
v 3.70135494 -2.88173873 0.52962378
v 3.68600301 -2.84813941 0.75254398
v 3.68600301 -2.84813941 0.75254398
v 3.70135494 -2.88173873 0.52962378
v 3.70136686 -2.83274725 0.74854842
v 3.68600301 -2.84813941 0.75254398
v 3.70136686 -2.83274725 0.74854842
v 3.68601270 -2.78226994 0.96827298
v 3.68601270 -2.78226994 0.96827298
v 3.70136686 -2.83274725 0.74854842
v 3.70137580 -2.76723225 0.96310796
v 3.68601270 -2.78226994 0.96827298
v 3.70137580 -2.76723225 0.96310796
v 3.68601792 -2.70007588 1.17833242
v 3.68601792 -2.70007588 1.17833242
v 3.70137580 -2.76723225 0.96310796
v 3.70138027 -2.68548597 1.17202858
v 3.68601792 -2.70007588 1.17833242
v 3.70138027 -2.68548597 1.17202858
v 3.68601941 -2.60194466 1.38142165
v 3.68601941 -2.60194466 1.38142165
v 3.70138027 -2.68548597 1.17202858
v 3.70138027 -2.58788783 1.37401922
v 3.68601941 -2.60194466 1.38142165
v 3.70138027 -2.58788783 1.37401922
v 3.68602015 -2.48856395 1.57640781
v 3.68602015 -2.48856395 1.57640781
v 3.70138027 -2.58788783 1.37401922
v 3.70137878 -2.47512050 1.56795271
v 3.68602015 -2.48856395 1.57640781
v 3.70137878 -2.47512050 1.56795271
v 3.68602239 -2.36066673 1.76219828
v 3.68602239 -2.36066673 1.76219828
v 3.70137878 -2.47512050 1.56795271
v 3.70138027 -2.34791450 1.75274070
v 3.68602239 -2.36066673 1.76219828
v 3.70138027 -2.34791450 1.75274070
v 3.68602909 -2.21898574 1.93770006
v 3.68602909 -2.21898574 1.93770006
v 3.70138027 -2.34791450 1.75274070
v 3.70138623 -2.20700018 1.92729458
v 3.68602909 -2.21898574 1.93770006
v 3.70138623 -2.20700018 1.92729458
v 3.68604101 -2.06425507 2.10182015
v 3.68604101 -2.06425507 2.10182015
v 3.70138623 -2.20700018 1.92729458
v 3.70139964 -2.05310918 2.09052581
v 3.68604101 -2.06425507 2.10182015
v 3.70139964 -2.05310918 2.09052581
v 3.68604623 -1.89733934 2.25352515
v 3.68604623 -1.89733934 2.25352515
v 3.70139964 -2.05310918 2.09052581
v 3.70140411 -1.88709777 2.24140994
v 3.68604623 -1.89733934 2.25352515
v 3.70140411 -1.88709777 2.24140994
v 3.68604325 -1.71931256 2.39202138
v 3.68604325 -1.71931256 2.39202138
v 3.70140411 -1.88709777 2.24140994
v 3.70139815 -1.71003323 2.37915944
v 3.68604325 -1.71931256 2.39202138
v 3.70139815 -1.71003323 2.37915944
v 3.68603803 -1.53126186 2.51656603
v 3.68603803 -1.53126186 2.51656603
v 3.70139815 -1.71003323 2.37915944
v 3.70139219 -1.52299842 2.50303410
v 3.68603803 -1.53126186 2.51656603
v 3.70139219 -1.52299842 2.50303410
v 3.68603952 -1.33427382 2.62641683
v 3.68603952 -1.33427382 2.62641683
v 3.70139219 -1.52299842 2.50303410
v 3.70139219 -1.32707553 2.61229463
v 3.68603952 -1.33427382 2.62641683
v 3.70139219 -1.32707553 2.61229463
v 3.68605442 -1.12943575 2.72083115
v 3.68605442 -1.12943575 2.72083115
v 3.70139219 -1.32707553 2.61229463
v 3.70140858 -1.12334713 2.70620137
v 3.68605442 -1.12943575 2.72083115
v 3.70140858 -1.12334713 2.70620137
v 3.68606262 -0.91792811 2.79919766
v 3.68606262 -0.91792811 2.79919766
v 3.70140858 -1.12334713 2.70620137
v 3.70141752 -0.91298157 2.78414395
v 3.68606262 -0.91792811 2.79919766
v 3.70141752 -0.91298157 2.78414395
v 3.70140560 -0.69727888 2.84578279
v 3.70140560 -0.69727888 2.84578279
v 3.70141752 -0.91298157 2.78414395
v 3.70979644 -0.82737189 2.79976502
v 3.70140560 -0.69727888 2.84578279
v 3.70979644 -0.82737189 2.79976502
v 3.70979793 -0.69476478 2.83553973
v 3.66885848 -2.96021141 0.00020288
v 3.68598662 -2.94607598 0.00025367
v 3.66578512 -2.96122879 0.08448282
v 3.66578512 -2.96122879 0.08448282
v 3.68598662 -2.94607598 0.00025367
v 3.68598439 -2.94488929 0.08411902
v 3.66578512 -2.96122879 0.08448282
v 3.68598439 -2.94488929 0.08411902
v 3.66577916 -2.94599142 0.31081336
v 3.66577916 -2.94599142 0.31081336
v 3.68598439 -2.94488929 0.08411902
v 3.68598513 -2.92974170 0.30919244
v 3.66577916 -2.94599142 0.31081336
v 3.68598513 -2.92974170 0.30919244
v 3.66578139 -2.91346963 0.53529213
v 3.66578139 -2.91346963 0.53529213
v 3.68598513 -2.92974170 0.30919244
v 3.68599258 -2.89739426 0.53242566
v 3.66578139 -2.91346963 0.53529213
v 3.68599258 -2.89739426 0.53242566
v 3.66578810 -2.86395121 0.75663808
v 3.66578810 -2.86395121 0.75663808
v 3.68599258 -2.89739426 0.53242566
v 3.68600301 -2.84813941 0.75254398
v 3.66578810 -2.86395121 0.75663808
v 3.68600301 -2.84813941 0.75254398
v 3.66579406 -2.79772338 0.97357007
v 3.66579406 -2.79772338 0.97357007
v 3.68600301 -2.84813941 0.75254398
v 3.68601270 -2.78226994 0.96827298
v 3.66579406 -2.79772338 0.97357007
v 3.68601270 -2.78226994 0.96827298
v 3.66579555 -2.71507222 1.18480111
v 3.66579555 -2.71507222 1.18480111
v 3.68601270 -2.78226994 0.96827298
v 3.68601792 -2.70007588 1.17833242
v 3.66579555 -2.71507222 1.18480111
v 3.68601792 -2.70007588 1.17833242
v 3.66579480 -2.61639562 1.38902143
v 3.66579480 -2.61639562 1.38902143
v 3.68601792 -2.70007588 1.17833242
v 3.68601941 -2.60194466 1.38142165
v 3.66579480 -2.61639562 1.38902143
v 3.68601941 -2.60194466 1.38142165
v 3.66579257 -2.50238720 1.58509202
v 3.66579257 -2.50238720 1.58509202
v 3.68601941 -2.60194466 1.38142165
v 3.68602015 -2.48856395 1.57640781
v 3.66579257 -2.50238720 1.58509202
v 3.68602015 -2.48856395 1.57640781
v 3.66579257 -2.37378217 1.77191570
v 3.66579257 -2.37378217 1.77191570
v 3.68602015 -2.48856395 1.57640781
v 3.68602239 -2.36066673 1.76219828
v 3.66579257 -2.37378217 1.77191570
v 3.68602239 -2.36066673 1.76219828
v 3.66579555 -2.23131571 1.94839463
v 3.66579555 -2.23131571 1.94839463
v 3.68602239 -2.36066673 1.76219828
v 3.68602909 -2.21898574 1.93770006
v 3.66579555 -2.23131571 1.94839463
v 3.68602909 -2.21898574 1.93770006
v 3.66580375 -2.07572412 2.11343095
v 3.66580375 -2.07572412 2.11343095
v 3.68602909 -2.21898574 1.93770006
v 3.68604101 -2.06425507 2.10182015
v 3.66580375 -2.07572412 2.11343095
v 3.68604101 -2.06425507 2.10182015
v 3.66580673 -1.90787967 2.26598289
v 3.66580673 -1.90787967 2.26598289
v 3.68604101 -2.06425507 2.10182015
v 3.68604623 -1.89733934 2.25352515
v 3.66580673 -1.90787967 2.26598289
v 3.68604623 -1.89733934 2.25352515
v 3.66580151 -1.72886401 2.40525007
v 3.66580151 -1.72886401 2.40525007
v 3.68604623 -1.89733934 2.25352515
v 3.68604325 -1.71931256 2.39202138
v 3.66580151 -1.72886401 2.40525007
v 3.68604325 -1.71931256 2.39202138
v 3.66579555 -1.53976856 2.53048670
v 3.66579555 -1.53976856 2.53048670
v 3.68604325 -1.71931256 2.39202138
v 3.68603803 -1.53126186 2.51656603
v 3.66579555 -1.53976856 2.53048670
v 3.68603803 -1.53126186 2.51656603
v 3.66579480 -1.34168481 2.64094677
v 3.66579480 -1.34168481 2.64094677
v 3.68603803 -1.53126186 2.51656603
v 3.68603952 -1.33427382 2.62641683
v 3.66579480 -1.34168481 2.64094677
v 3.68603952 -1.33427382 2.62641683
v 3.66580598 -1.13570457 2.73588412
v 3.66580598 -1.13570457 2.73588412
v 3.68603952 -1.33427382 2.62641683
v 3.68605442 -1.12943575 2.72083115
v 3.66580598 -1.13570457 2.73588412
v 3.68605442 -1.12943575 2.72083115
v 3.66581269 -0.92302170 2.81468835
v 3.66581269 -0.92302170 2.81468835
v 3.68605442 -1.12943575 2.72083115
v 3.68606262 -0.91792811 2.79919766
v 3.66581269 -0.92302170 2.81468835
v 3.68606262 -0.91792811 2.79919766
v 3.68605293 -0.70105791 2.86117289
v 3.68605293 -0.70105791 2.86117289
v 3.68606262 -0.91792811 2.79919766
v 3.70140560 -0.69727888 2.84578279
v 3.68605293 -0.70105791 2.86117289
v 3.70140560 -0.69727888 2.84578279
v 3.70139517 -0.47752261 2.89078765
v 3.70139517 -0.47752261 2.89078765
v 3.70140560 -0.69727888 2.84578279
v 3.70979793 -0.66441838 2.84279771
v 3.70139517 -0.47752261 2.89078765
v 3.70979793 -0.66441838 2.84279771
v 3.70979942 -0.49947114 2.87636258
v 3.63952704 -2.97826547 0.00012939
v 3.66885848 -2.96021141 0.00020288
v 3.64344232 -2.97501069 0.08477565
v 3.64344232 -2.97501069 0.08477565
v 3.66885848 -2.96021141 0.00020288
v 3.66578512 -2.96122879 0.08448282
v 3.64344232 -2.97501069 0.08477565
v 3.66578512 -2.96122879 0.08448282
v 3.64342667 -2.95969769 0.31216713
v 3.64342667 -2.95969769 0.31216713
v 3.66578512 -2.96122879 0.08448282
v 3.66577916 -2.94599142 0.31081336
v 3.64342667 -2.95969769 0.31216713
v 3.66577916 -2.94599142 0.31081336
v 3.64342220 -2.92703304 0.53769806
v 3.64342220 -2.92703304 0.53769806
v 3.66577916 -2.94599142 0.31081336
v 3.66578139 -2.91346963 0.53529213
v 3.64342220 -2.92703304 0.53769806
v 3.66578139 -2.91346963 0.53529213
v 3.64342295 -2.87729781 0.76008146
v 3.64342295 -2.87729781 0.76008146
v 3.66578139 -2.91346963 0.53529213
v 3.66578810 -2.86395121 0.75663808
v 3.64342295 -2.87729781 0.76008146
v 3.66578810 -2.86395121 0.75663808
v 3.64342369 -2.81077288 0.97803045
v 3.64342369 -2.81077288 0.97803045
v 3.66578810 -2.86395121 0.75663808
v 3.66579406 -2.79772338 0.97357007
v 3.64342369 -2.81077288 0.97803045
v 3.66579406 -2.79772338 0.97357007
v 3.64341922 -2.72773858 1.19025214
v 3.64341922 -2.72773858 1.19025214
v 3.66579406 -2.79772338 0.97357007
v 3.66579555 -2.71507222 1.18480111
v 3.64341922 -2.72773858 1.19025214
v 3.66579555 -2.71507222 1.18480111
v 3.64341252 -2.62860358 1.39542948
v 3.64341252 -2.62860358 1.39542948
v 3.66579555 -2.71507222 1.18480111
v 3.66579480 -2.61639562 1.38902143
v 3.64341252 -2.62860358 1.39542948
v 3.66579480 -2.61639562 1.38902143
v 3.64340581 -2.51406766 1.59241818
v 3.64340581 -2.51406766 1.59241818
v 3.66579480 -2.61639562 1.38902143
v 3.66579257 -2.50238720 1.58509202
v 3.64340581 -2.51406766 1.59241818
v 3.66579257 -2.50238720 1.58509202
v 3.64340059 -2.38486752 1.78011712
v 3.64340059 -2.38486752 1.78011712
v 3.66579257 -2.50238720 1.58509202
v 3.66579257 -2.37378217 1.77191570
v 3.64340059 -2.38486752 1.78011712
v 3.66579257 -2.37378217 1.77191570
v 3.64339910 -2.24173963 1.95742399
v 3.64339910 -2.24173963 1.95742399
v 3.66579257 -2.37378217 1.77191570
v 3.66579555 -2.23131571 1.94839463
v 3.64339910 -2.24173963 1.95742399
v 3.66579555 -2.23131571 1.94839463
v 3.64340134 -2.08542235 2.12323647
v 3.64340134 -2.08542235 2.12323647
v 3.66579555 -2.23131571 1.94839463
v 3.66580375 -2.07572412 2.11343095
v 3.64340134 -2.08542235 2.12323647
v 3.66580375 -2.07572412 2.11343095
v 3.64339910 -1.91679448 2.27650627
v 3.64339910 -1.91679448 2.27650627
v 3.66580375 -2.07572412 2.11343095
v 3.66580673 -1.90787967 2.26598289
v 3.64339910 -1.91679448 2.27650627
v 3.66580673 -1.90787967 2.26598289
v 3.64339165 -1.73694361 2.41642818
v 3.64339165 -1.73694361 2.41642818
v 3.66580673 -1.90787967 2.26598289
v 3.66580151 -1.72886401 2.40525007
v 3.64339165 -1.73694361 2.41642818
v 3.66580151 -1.72886401 2.40525007
v 3.64338346 -1.54696545 2.54225228
v 3.64338346 -1.54696545 2.54225228
v 3.66580151 -1.72886401 2.40525007
v 3.66579555 -1.53976856 2.53048670
v 3.64338346 -1.54696545 2.54225228
v 3.66579555 -1.53976856 2.53048670
v 3.64337973 -1.34795522 2.65322924
v 3.64337973 -1.34795522 2.65322924
v 3.66579555 -1.53976856 2.53048670
v 3.66579480 -1.34168481 2.64094677
v 3.64337973 -1.34795522 2.65322924
v 3.66579480 -1.34168481 2.64094677
v 3.64338569 -1.14100883 2.74860952
v 3.64338569 -1.14100883 2.74860952
v 3.66579480 -1.34168481 2.64094677
v 3.66580598 -1.13570457 2.73588412
v 3.64338569 -1.14100883 2.74860952
v 3.66580598 -1.13570457 2.73588412
v 3.64338867 -0.92733232 2.82778554
v 3.64338867 -0.92733232 2.82778554
v 3.66580598 -1.13570457 2.73588412
v 3.66581269 -0.92302170 2.81468835
v 3.64338867 -0.92733232 2.82778554
v 3.66581269 -0.92302170 2.81468835
v 3.66580375 -0.70495047 2.87701394
v 3.66580375 -0.70495047 2.87701394
v 3.66581269 -0.92302170 2.81468835
v 3.68605293 -0.70105791 2.86117289
v 3.66580375 -0.70495047 2.87701394
v 3.68605293 -0.70105791 2.86117289
v 3.68604250 -0.48010615 2.90642213
v 3.68604250 -0.48010615 2.90642213
v 3.68605293 -0.70105791 2.86117289
v 3.70139517 -0.47752261 2.89078765
v 3.68604250 -0.48010615 2.90642213
v 3.70139517 -0.47752261 2.89078765
v 3.68604474 -0.25635019 2.93464027
v 3.68604474 -0.25635019 2.93464027
v 3.70139517 -0.47752261 2.89078765
v 3.70139666 -0.25498557 2.91885659
v 3.68604474 -0.25635019 2.93464027
v 3.70139666 -0.25498557 2.91885659
v 3.68605219 -0.03105040 2.94565558
v 3.68605219 -0.03105040 2.94565558
v 3.70139666 -0.25498557 2.91885659
v 3.70140411 -0.03089112 2.92981341
v 3.68605219 -0.03105040 2.94565558
v 3.70140411 -0.03089112 2.92981341
v 3.70141007 0.19352691 2.92354599
v 3.70141007 0.19352691 2.92354599
v 3.70140411 -0.03089112 2.92981341
v 3.70980687 0.14344278 2.91587468
v 3.70141007 0.19352691 2.92354599
v 3.70980687 0.14344278 2.91587468
v 3.70980836 0.19286317 2.91301515
v 3.62014286 -2.98689064 0.00008920
v 3.63952704 -2.97826547 0.00012939
v 3.62012871 -2.98566855 0.08498655
v 3.62012871 -2.98566855 0.08498655
v 3.63952704 -2.97826547 0.00012939
v 3.64344232 -2.97501069 0.08477565
v 3.62012871 -2.98566855 0.08498655
v 3.64344232 -2.97501069 0.08477565
v 3.62010337 -2.97029763 0.31319903
v 3.62010337 -2.97029763 0.31319903
v 3.64344232 -2.97501069 0.08477565
v 3.64342667 -2.95969769 0.31216713
v 3.62010337 -2.97029763 0.31319903
v 3.64342667 -2.95969769 0.31216713
v 3.62009220 -2.93752588 0.53954488
v 3.62009220 -2.93752588 0.53954488
v 3.64342667 -2.95969769 0.31216713
v 3.64342220 -2.92703304 0.53769806
v 3.62009220 -2.93752588 0.53954488
v 3.64342220 -2.92703304 0.53769806
v 3.62008773 -2.88762748 0.76273237
v 3.62008773 -2.88762748 0.76273237
v 3.64342220 -2.92703304 0.53769806
v 3.64342295 -2.87729781 0.76008146
v 3.62008773 -2.88762748 0.76273237
v 3.64342295 -2.87729781 0.76008146
v 3.62008400 -2.82087661 0.98146982
v 3.62008400 -2.82087661 0.98146982
v 3.64342295 -2.87729781 0.76008146
v 3.64342369 -2.81077288 0.97803045
v 3.62008400 -2.82087661 0.98146982
v 3.64342369 -2.81077288 0.97803045
v 3.62007432 -2.73754802 1.19445967
v 3.62007432 -2.73754802 1.19445967
v 3.64342369 -2.81077288 0.97803045
v 3.64341922 -2.72773858 1.19025214
v 3.62007432 -2.73754802 1.19445967
v 3.64341922 -2.72773858 1.19025214
v 3.62006165 -2.63805985 1.40037937
v 3.62006165 -2.63805985 1.40037937
v 3.64341922 -2.72773858 1.19025214
v 3.64341252 -2.62860358 1.39542948
v 3.62006165 -2.63805985 1.40037937
v 3.64341252 -2.62860358 1.39542948
v 3.62005122 -2.52311751 1.59808118
v 3.62005122 -2.52311751 1.59808118
v 3.64341252 -2.62860358 1.39542948
v 3.64340581 -2.51406766 1.59241818
v 3.62005122 -2.52311751 1.59808118
v 3.64340581 -2.51406766 1.59241818
v 3.62004153 -2.39345822 1.78645980
v 3.62004153 -2.39345822 1.78645980
v 3.64340581 -2.51406766 1.59241818
v 3.64340059 -2.38486752 1.78011712
v 3.62004153 -2.39345822 1.78645980
v 3.64340059 -2.38486752 1.78011712
v 3.62003557 -2.24982034 1.96440984
v 3.62003557 -2.24982034 1.96440984
v 3.64340059 -2.38486752 1.78011712
v 3.64339910 -2.24173963 1.95742399
v 3.62003557 -2.24982034 1.96440984
v 3.64339910 -2.24173963 1.95742399
v 3.62003185 -2.09294241 2.13082545
v 3.62003185 -2.09294241 2.13082545
v 3.64339910 -2.24173963 1.95742399
v 3.64340134 -2.08542235 2.12323647
v 3.62003185 -2.09294241 2.13082545
v 3.64340134 -2.08542235 2.12323647
v 3.62002589 -1.92370862 2.28465348
v 3.62002589 -1.92370862 2.28465348
v 3.64340134 -2.08542235 2.12323647
v 3.64339910 -1.91679448 2.27650627
v 3.62002589 -1.92370862 2.28465348
v 3.64339910 -1.91679448 2.27650627
v 3.62001546 -1.74321085 2.42508482
v 3.62001546 -1.74321085 2.42508482
v 3.64339910 -1.91679448 2.27650627
v 3.64339165 -1.73694361 2.41642818
v 3.62001546 -1.74321085 2.42508482
v 3.64339165 -1.73694361 2.41642818
v 3.62000577 -1.55254854 2.55136658
v 3.62000577 -1.55254854 2.55136658
v 3.64339165 -1.73694361 2.41642818
v 3.64338346 -1.54696545 2.54225228
v 3.62000577 -1.55254854 2.55136658
v 3.64338346 -1.54696545 2.54225228
v 3.61999907 -1.35281989 2.66274605
v 3.61999907 -1.35281989 2.66274605
v 3.64338346 -1.54696545 2.54225228
v 3.64337973 -1.34795522 2.65322924
v 3.61999907 -1.35281989 2.66274605
v 3.64337973 -1.34795522 2.65322924
v 3.61999981 -1.14512416 2.75846999
v 3.61999981 -1.14512416 2.75846999
v 3.64337973 -1.34795522 2.65322924
v 3.64338569 -1.14100883 2.74860952
v 3.61999981 -1.14512416 2.75846999
v 3.64338569 -1.14100883 2.74860952
v 3.61999907 -0.93067763 2.83793565
v 3.61999907 -0.93067763 2.83793565
v 3.64338569 -1.14100883 2.74860952
v 3.64338867 -0.92733232 2.82778554
v 3.61999907 -0.93067763 2.83793565
v 3.64338867 -0.92733232 2.82778554
v 3.64338048 -0.70824577 2.89041065
v 3.64338048 -0.70824577 2.89041065
v 3.64338867 -0.92733232 2.82778554
v 3.66580375 -0.70495047 2.87701394
v 3.64338048 -0.70824577 2.89041065
v 3.66580375 -0.70495047 2.87701394
v 3.66579480 -0.48276763 2.92251762
v 3.66579480 -0.48276763 2.92251762
v 3.66580375 -0.70495047 2.87701394
v 3.68604250 -0.48010615 2.90642213
v 3.66579480 -0.48276763 2.92251762
v 3.68604250 -0.48010615 2.90642213
v 3.66579555 -0.25775488 2.95088924
v 3.66579555 -0.25775488 2.95088924
v 3.68604250 -0.48010615 2.90642213
v 3.68604474 -0.25635019 2.93464027
v 3.66579555 -0.25775488 2.95088924
v 3.68604474 -0.25635019 2.93464027
v 3.66580151 -0.03121400 2.96196397
v 3.66580151 -0.03121400 2.96196397
v 3.68604474 -0.25635019 2.93464027
v 3.68605219 -0.03105040 2.94565558
v 3.66580151 -0.03121400 2.96196397
v 3.68605219 -0.03105040 2.94565558
v 3.68605740 0.19452099 2.93936227
v 3.68605740 0.19452099 2.93936227
v 3.68605219 -0.03105040 2.94565558
v 3.70141007 0.19352691 2.92354599
v 3.68605740 0.19452099 2.93936227
v 3.70141007 0.19352691 2.92354599
v 3.70142646 0.41688844 2.90012211
v 3.70142646 0.41688844 2.90012211
v 3.70141007 0.19352691 2.92354599
v 3.70981134 0.25913562 2.90786065
v 3.70142646 0.41688844 2.90012211
v 3.70981134 0.25913562 2.90786065
v 3.70982774 0.43330779 2.88704410
v 3.59697603 -2.99427658 0.00004965
v 3.60998921 -2.99050249 0.00007072
v 3.59695964 -2.99304705 0.08511489
v 3.59695964 -2.99304705 0.08511489
v 3.60998921 -2.99050249 0.00007072
v 3.62012871 -2.98566855 0.08498655
v 3.59695964 -2.99304705 0.08511489
v 3.62012871 -2.98566855 0.08498655
v 3.59692834 -2.97763702 0.31389599
v 3.59692834 -2.97763702 0.31389599
v 3.62012871 -2.98566855 0.08498655
v 3.62010337 -2.97029763 0.31319903
v 3.59692834 -2.97763702 0.31389599
v 3.62010337 -2.97029763 0.31319903
v 3.59691419 -2.94479374 0.54080719
v 3.59691419 -2.94479374 0.54080719
v 3.62010337 -2.97029763 0.31319903
v 3.62009220 -2.93752588 0.53954488
v 3.59691419 -2.94479374 0.54080719
v 3.62009220 -2.93752588 0.53954488
v 3.59690748 -2.89478563 0.76455302
v 3.59690748 -2.89478563 0.76455302
v 3.62009220 -2.93752588 0.53954488
v 3.62008773 -2.88762748 0.76273237
v 3.59690748 -2.89478563 0.76455302
v 3.62008773 -2.88762748 0.76273237
v 3.59690152 -2.82788109 0.98383809
v 3.59690152 -2.82788109 0.98383809
v 3.62008773 -2.88762748 0.76273237
v 3.62008400 -2.82087661 0.98146982
v 3.59690152 -2.82788109 0.98383809
v 3.62008400 -2.82087661 0.98146982
v 3.59688886 -2.74435040 1.19736120
v 3.59688886 -2.74435040 1.19736120
v 3.62008400 -2.82087661 0.98146982
v 3.62007432 -2.73754802 1.19445967
v 3.59688886 -2.74435040 1.19736120
v 3.62007432 -2.73754802 1.19445967
v 3.59687470 -2.64461916 1.40379686
v 3.59687470 -2.64461916 1.40379686
v 3.62007432 -2.73754802 1.19445967
v 3.62006165 -2.63805985 1.40037937
v 3.59687470 -2.64461916 1.40379686
v 3.62006165 -2.63805985 1.40037937
v 3.59686203 -2.52939630 1.60199460
v 3.59686203 -2.52939630 1.60199460
v 3.62006165 -2.63805985 1.40037937
v 3.62005122 -2.52311751 1.59808118
v 3.59686203 -2.52939630 1.60199460
v 3.62005122 -2.52311751 1.59808118
v 3.59685160 -2.39942055 1.79084651
v 3.59685160 -2.39942055 1.79084651
v 3.62005122 -2.52311751 1.59808118
v 3.62004153 -2.39345822 1.78645980
v 3.59685160 -2.39942055 1.79084651
v 3.62004153 -2.39345822 1.78645980
v 3.59684266 -2.25543007 1.96924414
v 3.59684266 -2.25543007 1.96924414
v 3.62004153 -2.39345822 1.78645980
v 3.62003557 -2.24982034 1.96440984
v 3.59684266 -2.25543007 1.96924414
v 3.62003557 -2.24982034 1.96440984
v 3.59683596 -2.09816471 2.13607922
v 3.59683596 -2.09816471 2.13607922
v 3.62003557 -2.24982034 1.96440984
v 3.62003185 -2.09294241 2.13082545
v 3.59683596 -2.09816471 2.13607922
v 3.62003185 -2.09294241 2.13082545
v 3.59682776 -1.92851126 2.29029600
v 3.59682776 -1.92851126 2.29029600
v 3.62003185 -2.09294241 2.13082545
v 3.62002589 -1.92370862 2.28465348
v 3.59682776 -1.92851126 2.29029600
v 3.62002589 -1.92370862 2.28465348
v 3.59681733 -1.74756516 2.43108291
v 3.59681733 -1.74756516 2.43108291
v 3.62002589 -1.92370862 2.28465348
v 3.62001546 -1.74321085 2.42508482
v 3.59681733 -1.74756516 2.43108291
v 3.62001546 -1.74321085 2.42508482
v 3.59680764 -1.55642768 2.55768429
v 3.59680764 -1.55642768 2.55768429
v 3.62001546 -1.74321085 2.42508482
v 3.62000577 -1.55254854 2.55136658
v 3.59680764 -1.55642768 2.55768429
v 3.62000577 -1.55254854 2.55136658
v 3.59680019 -1.35620013 2.66934428
v 3.59680019 -1.35620013 2.66934428
v 3.62000577 -1.55254854 2.55136658
v 3.61999907 -1.35281989 2.66274605
v 3.59680019 -1.35620013 2.66934428
v 3.61999907 -1.35281989 2.66274605
v 3.59679721 -1.14798397 2.76530758
v 3.59679721 -1.14798397 2.76530758
v 3.61999907 -1.35281989 2.66274605
v 3.61999981 -1.14512416 2.75846999
v 3.59679721 -1.14798397 2.76530758
v 3.61999981 -1.14512416 2.75846999
v 3.59679423 -0.93300315 2.84497496
v 3.59679423 -0.93300315 2.84497496
v 3.61999981 -1.14512416 2.75846999
v 3.61999907 -0.93067763 2.83793565
v 3.59679423 -0.93300315 2.84497496
v 3.61999907 -0.93067763 2.83793565
v 3.61999236 -0.71080411 2.90079564
v 3.61999236 -0.71080411 2.90079564
v 3.61999907 -0.93067763 2.83793565
v 3.64338048 -0.70824577 2.89041065
v 3.61999236 -0.71080411 2.90079564
v 3.64338048 -0.70824577 2.89041065
v 3.64337228 -0.48502097 2.93613225
v 3.64337228 -0.48502097 2.93613225
v 3.64338048 -0.70824577 2.89041065
v 3.66579480 -0.48276763 2.92251762
v 3.64337228 -0.48502097 2.93613225
v 3.66579480 -0.48276763 2.92251762
v 3.64337228 -0.25894269 2.96463352
v 3.64337228 -0.25894269 2.96463352
v 3.66579480 -0.48276763 2.92251762
v 3.66579555 -0.25775488 2.95088924
v 3.64337228 -0.25894269 2.96463352
v 3.66579555 -0.25775488 2.95088924
v 3.64337601 -0.03135193 2.97575798
v 3.64337601 -0.03135193 2.97575798
v 3.66579555 -0.25775488 2.95088924
v 3.66580151 -0.03121400 2.96196397
v 3.64337601 -0.03135193 2.97575798
v 3.66580151 -0.03121400 2.96196397
v 3.66580673 0.19553981 2.95564551
v 3.66580673 0.19553981 2.95564551
v 3.66580151 -0.03121400 2.96196397
v 3.68605740 0.19452099 2.93936227
v 3.66580673 0.19553981 2.95564551
v 3.68605740 0.19452099 2.93936227
v 3.68607156 0.41899094 2.91583259
v 3.68607156 0.41899094 2.91583259
v 3.68605740 0.19452099 2.93936227
v 3.70142646 0.41688844 2.90012211
v 3.68607156 0.41899094 2.91583259
v 3.70142646 0.41688844 2.90012211
v 3.70146520 0.63777380 2.85968855
v 3.70146520 0.63777380 2.85968855
v 3.70142646 0.41688844 2.90012211
v 3.70984264 0.51814029 2.87303440
v 3.70146520 0.63777380 2.85968855
v 3.70984264 0.51814029 2.87303440
v 3.70986648 0.63564708 2.84934919
v 3.59679647 1.79594494 2.39557698
v 3.59626301 1.79602019 2.39568986
v 3.59679945 1.78758781 2.40186136
v 3.59679945 1.78758781 2.40186136
v 3.59626301 1.79602019 2.39568986
v 3.57301347 1.79010611 2.40565017
v 3.59679945 1.78758781 2.40186136
v 3.57301347 1.79010611 2.40565017
v 3.57301570 1.69680044 2.47238800
v 3.57301570 1.69680044 2.47238800
v 3.57301347 1.79010611 2.40565017
v 3.55060063 1.69753321 2.47353613
v 3.57301570 1.69680044 2.47238800
v 3.55060063 1.69753321 2.47353613
v 3.57301496 1.50288269 2.59475242
v 3.57301496 1.50288269 2.59475242
v 3.55060063 1.69753321 2.47353613
v 3.55060063 1.52641702 2.58264411
v 3.57301496 1.50288269 2.59475242
v 3.55060063 1.52641702 2.58264411
v 3.55060063 1.50355268 2.59602182
v 3.61832269 1.79218426 2.38993466
v 3.60918082 1.79395620 2.39259284
v 3.62000279 1.78347751 2.39565950
v 3.62000279 1.78347751 2.39565950
v 3.60918082 1.79395620 2.39259284
v 3.59679945 1.78758781 2.40186136
v 3.62000279 1.78347751 2.39565950
v 3.59679945 1.78758781 2.40186136
v 3.59680541 1.69440638 2.46851929
v 3.59680541 1.69440638 2.46851929
v 3.59679945 1.78758781 2.40186136
v 3.57301570 1.69680044 2.47238800
v 3.59680541 1.69440638 2.46851929
v 3.57301570 1.69680044 2.47238800
v 3.59680541 1.50078116 2.59072948
v 3.59680541 1.50078116 2.59072948
v 3.57301570 1.69680044 2.47238800
v 3.57301496 1.50288269 2.59475242
v 3.59680541 1.50078116 2.59072948
v 3.57301496 1.50288269 2.59475242
v 3.59680168 1.29836658 2.69785430
v 3.59680168 1.29836658 2.69785430
v 3.57301496 1.50288269 2.59475242
v 3.57301272 1.30017726 2.70201340
v 3.59680168 1.29836658 2.69785430
v 3.57301272 1.30017726 2.70201340
v 3.59680094 1.08837700 2.78924070
v 3.59680094 1.08837700 2.78924070
v 3.57301272 1.30017726 2.70201340
v 3.57301198 1.08988816 2.79351752
v 3.59680094 1.08837700 2.78924070
v 3.57301198 1.08988816 2.79351752
v 3.59680839 0.87202713 2.86424942
v 3.59680839 0.87202713 2.86424942
v 3.57301198 1.08988816 2.79351752
v 3.57301496 0.87322090 2.86862496
v 3.59680839 0.87202713 2.86424942
v 3.57301496 0.87322090 2.86862496
v 3.57301198 0.65143211 2.92695034
v 3.57301198 0.65143211 2.92695034
v 3.57301496 0.87322090 2.86862496
v 3.55060063 0.65167220 2.92836521
v 3.57301198 0.65143211 2.92695034
v 3.55060063 0.65167220 2.92836521
v 3.55060063 0.54212459 2.95061022
v 3.63979526 1.78693254 2.38205791
v 3.62000503 1.79182906 2.38940176
v 3.64338942 1.77756120 2.38672048
v 3.64338942 1.77756120 2.38672048
v 3.62000503 1.79182906 2.38940176
v 3.62000279 1.78347751 2.39565950
v 3.64338942 1.77756120 2.38672048
v 3.62000279 1.78347751 2.39565950
v 3.62001248 1.69051085 2.46218070
v 3.62001248 1.69051085 2.46218070
v 3.62000279 1.78347751 2.39565950
v 3.59680541 1.69440638 2.46851929
v 3.62001248 1.69051085 2.46218070
v 3.59680541 1.69440638 2.46851929
v 3.62001620 1.49734737 2.58414261
v 3.62001620 1.49734737 2.58414261
v 3.59680541 1.69440638 2.46851929
v 3.59680541 1.50078116 2.59072948
v 3.62001620 1.49734737 2.58414261
v 3.59680541 1.50078116 2.59072948
v 3.62001173 1.29540516 2.69104615
v 3.62001173 1.29540516 2.69104615
v 3.59680541 1.50078116 2.59072948
v 3.59680168 1.29836658 2.69785430
v 3.62001173 1.29540516 2.69104615
v 3.59680168 1.29836658 2.69785430
v 3.62001173 1.08590173 2.78224200
v 3.62001173 1.08590173 2.78224200
v 3.59680168 1.29836658 2.69785430
v 3.59680094 1.08837700 2.78924070
v 3.62001173 1.08590173 2.78224200
v 3.59680094 1.08837700 2.78924070
v 3.62002514 0.87005533 2.85709407
v 3.62002514 0.87005533 2.85709407
v 3.59680094 1.08837700 2.78924070
v 3.59680839 0.87202713 2.86424942
v 3.62002514 0.87005533 2.85709407
v 3.59680839 0.87202713 2.86424942
v 3.59680317 0.65056458 2.92249694
v 3.59680317 0.65056458 2.92249694
v 3.59680839 0.87202713 2.86424942
v 3.57301198 0.65143211 2.92695034
v 3.59680317 0.65056458 2.92249694
v 3.57301198 0.65143211 2.92695034
v 3.57300676 0.42584753 2.96818092
v 3.57300676 0.42584753 2.96818092
v 3.57301198 0.65143211 2.92695034
v 3.55060063 0.54212459 2.95061022
v 3.57300676 0.42584753 2.96818092
v 3.55060063 0.54212459 2.95061022
v 3.55060063 0.42598671 2.96960175
v 3.55060063 0.19289578 2.99379211
v 3.57300304 0.19776628 2.99204420
v 3.57300676 0.42584753 2.96818092
v 3.57300676 0.42584753 2.96818092
v 3.57300304 0.19776628 2.99204420
v 3.59679125 0.42529139 2.96367500
v 3.57300676 0.42584753 2.96818092
v 3.59679125 0.42529139 2.96367500
v 3.59680317 0.65056458 2.92249694
v 3.59680317 0.65056458 2.92249694
v 3.59679125 0.42529139 2.96367500
v 3.62001620 0.64910855 2.91521642
v 3.59680317 0.65056458 2.92249694
v 3.62001620 0.64910855 2.91521642
v 3.62002514 0.87005533 2.85709407
v 3.62002514 0.87005533 2.85709407
v 3.62001620 0.64910855 2.91521642
v 3.64342742 0.86720176 2.84678396
v 3.62002514 0.87005533 2.85709407
v 3.64342742 0.86720176 2.84678396
v 3.62001173 1.08590173 2.78224200
v 3.62001173 1.08590173 2.78224200
v 3.64342742 0.86720176 2.84678396
v 3.64340879 1.08233290 2.77215503
v 3.62001173 1.08590173 2.78224200
v 3.64340879 1.08233290 2.77215503
v 3.62001173 1.29540516 2.69104615
v 3.62001173 1.29540516 2.69104615
v 3.64340879 1.08233290 2.77215503
v 3.64340656 1.29113812 2.68123243
v 3.62001173 1.29540516 2.69104615
v 3.64340656 1.29113812 2.68123243
v 3.62001620 1.49734737 2.58414261
v 3.62001620 1.49734737 2.58414261
v 3.64340656 1.29113812 2.68123243
v 3.64341028 1.49240224 2.57464666
v 3.62001620 1.49734737 2.58414261
v 3.64341028 1.49240224 2.57464666
v 3.62001248 1.69051085 2.46218070
v 3.62001248 1.69051085 2.46218070
v 3.64341028 1.49240224 2.57464666
v 3.64340134 1.68491136 2.45304070
v 3.62001248 1.69051085 2.46218070
v 3.64340134 1.68491136 2.45304070
v 3.64338942 1.77756120 2.38672048
v 3.64338942 1.77756120 2.38672048
v 3.64340134 1.68491136 2.45304070
v 3.66580747 1.76993646 2.37519033
v 3.64338942 1.77756120 2.38672048
v 3.66580747 1.76993646 2.37519033
v 3.65943573 1.78061873 2.37258952
v 3.65943573 1.78061873 2.37258952
v 3.66580747 1.76993646 2.37519033
v 3.66933309 1.77679695 2.36685853
v 3.68604474 1.76914502 2.35538483
v 3.67805995 1.77301019 2.36118045
v 3.68604921 1.76092703 2.36155801
v 3.68604921 1.76092703 2.36155801
v 3.67805995 1.77301019 2.36118045
v 3.66580747 1.76993646 2.37519033
v 3.68604921 1.76092703 2.36155801
v 3.66580747 1.76993646 2.37519033
v 3.66582312 1.67770013 2.44124793
v 3.66582312 1.67770013 2.44124793
v 3.66580747 1.76993646 2.37519033
v 3.64340134 1.68491136 2.45304070
v 3.66582312 1.67770013 2.44124793
v 3.64340134 1.68491136 2.45304070
v 3.66583802 1.48602668 2.56239604
v 3.66583802 1.48602668 2.56239604
v 3.64340134 1.68491136 2.45304070
v 3.64341028 1.49240224 2.57464666
v 3.66583802 1.48602668 2.56239604
v 3.64341028 1.49240224 2.57464666
v 3.66583578 1.28563512 2.66857259
v 3.66583578 1.28563512 2.66857259
v 3.64341028 1.49240224 2.57464666
v 3.64340656 1.29113812 2.68123243
v 3.66583578 1.28563512 2.66857259
v 3.64340656 1.29113812 2.68123243
v 3.66583876 1.07772844 2.75914352
v 3.66583876 1.07772844 2.75914352
v 3.64340656 1.29113812 2.68123243
v 3.64340879 1.08233290 2.77215503
v 3.66583876 1.07772844 2.75914352
v 3.64340879 1.08233290 2.77215503
v 3.66586484 0.86351205 2.83348635
v 3.66586484 0.86351205 2.83348635
v 3.64340879 1.08233290 2.77215503
v 3.64342742 0.86720176 2.84678396
v 3.66586484 0.86351205 2.83348635
v 3.64342742 0.86720176 2.84678396
v 3.64341550 0.64698686 2.90472843
v 3.64341550 0.64698686 2.90472843
v 3.64342742 0.86720176 2.84678396
v 3.62001620 0.64910855 2.91521642
v 3.64341550 0.64698686 2.90472843
v 3.62001620 0.64910855 2.91521642
v 3.61999832 0.42434395 2.95630749
v 3.61999832 0.42434395 2.95630749
v 3.62001620 0.64910855 2.91521642
v 3.59679125 0.42529139 2.96367500
v 3.61999832 0.42434395 2.95630749
v 3.59679125 0.42529139 2.96367500
v 3.59678529 0.19750241 2.98751313
v 3.59678529 0.19750241 2.98751313
v 3.59679125 0.42529139 2.96367500
v 3.57300304 0.19776628 2.99204420
v 3.59678529 0.19750241 2.98751313
v 3.57300304 0.19776628 2.99204420
v 3.57300155 -0.03157535 2.99840700
v 3.57300155 -0.03157535 2.99840700
v 3.57300304 0.19776628 2.99204420
v 3.55060063 0.19289578 2.99379211
v 3.57300155 -0.03157535 2.99840700
v 3.55060063 0.19289578 2.99379211
v 3.55060063 0.00000000 2.99999993
v 3.69282402 1.76550914 2.34993305
v 3.68604474 1.76914502 2.35538483
v 3.70139368 1.75217930 2.34831497
v 3.70139368 1.75217930 2.34831497
v 3.68604474 1.76914502 2.35538483
v 3.68604921 1.76092703 2.36155801
v 3.70139368 1.75217930 2.34831497
v 3.68604921 1.76092703 2.36155801
v 3.68606858 1.66918375 2.42730174
v 3.68606858 1.66918375 2.42730174
v 3.68604921 1.76092703 2.36155801
v 3.66582312 1.67770013 2.44124793
v 3.68606858 1.66918375 2.42730174
v 3.66582312 1.67770013 2.44124793
v 3.68608870 1.47849116 2.54790969
v 3.68608870 1.47849116 2.54790969
v 3.66582312 1.67770013 2.44124793
v 3.66583802 1.48602668 2.56239604
v 3.68608870 1.47849116 2.54790969
v 3.66583802 1.48602668 2.56239604
v 3.68608795 1.27912965 2.65360270
v 3.68608795 1.27912965 2.65360270
v 3.66583802 1.48602668 2.56239604
v 3.66583578 1.28563512 2.66857259
v 3.68608795 1.27912965 2.65360270
v 3.66583578 1.28563512 2.66857259
v 3.68609317 1.07228355 2.74375826
v 3.68609317 1.07228355 2.74375826
v 3.66583578 1.28563512 2.66857259
v 3.66583876 1.07772844 2.75914352
v 3.68609317 1.07228355 2.74375826
v 3.66583876 1.07772844 2.75914352
v 3.68612446 0.85914209 2.81776413
v 3.68612446 0.85914209 2.81776413
v 3.66583876 1.07772844 2.75914352
v 3.66586484 0.86351205 2.83348635
v 3.68612446 0.85914209 2.81776413
v 3.66586484 0.86351205 2.83348635
v 3.66584919 0.64423243 2.89120413
v 3.66584919 0.64423243 2.89120413
v 3.66586484 0.86351205 2.83348635
v 3.64341550 0.64698686 2.90472843
v 3.66584919 0.64423243 2.89120413
v 3.64341550 0.64698686 2.90472843
v 3.64339091 0.42295489 2.94569395
v 3.64339091 0.42295489 2.94569395
v 3.64341550 0.64698686 2.90472843
v 3.61999832 0.42434395 2.95630749
v 3.64339091 0.42295489 2.94569395
v 3.61999832 0.42434395 2.95630749
v 3.61998938 0.19705361 2.98010055
v 3.61998938 0.19705361 2.98010055
v 3.61999832 0.42434395 2.95630749
v 3.59678529 0.19750241 2.98751313
v 3.61998938 0.19705361 2.98010055
v 3.59678529 0.19750241 2.98751313
v 3.59678231 -0.03153153 2.99387295
v 3.59678231 -0.03153153 2.99387295
v 3.59678529 0.19750241 2.98751313
v 3.57300155 -0.03157535 2.99840700
v 3.59678231 -0.03153153 2.99387295
v 3.57300155 -0.03157535 2.99840700
v 3.59678157 -0.26050115 2.98268367
v 3.59678157 -0.26050115 2.98268367
v 3.57300155 -0.03157535 2.99840700
v 3.57300229 -0.26088993 2.98720170
v 3.59678157 -0.26050115 2.98268367
v 3.57300229 -0.26088993 2.98720170
v 3.59678380 -0.48798686 2.95401253
v 3.59678380 -0.48798686 2.95401253
v 3.57300229 -0.26088993 2.98720170
v 3.57300378 -0.48873378 2.95848772
v 3.59678380 -0.48798686 2.95401253
v 3.57300378 -0.48873378 2.95848772
v 3.57300676 -0.71367687 2.91240085
v 3.57300676 -0.71367687 2.91240085
v 3.57300378 -0.48873378 2.95848772
v 3.55049856 -0.58086473 2.94322874
v 3.57300676 -0.71367687 2.91240085
v 3.55049856 -0.58086473 2.94322874
v 3.55047472 -0.71403123 2.91378777
v 3.55045013 -0.85137906 2.87665669
v 3.57300974 -0.93443049 2.84927338
v 3.57300676 -0.71367687 2.91240085
v 3.57300676 -0.71367687 2.91240085
v 3.57300974 -0.93443049 2.84927338
v 3.59678902 -0.71258349 2.90800016
v 3.57300676 -0.71367687 2.91240085
v 3.59678902 -0.71258349 2.90800016
v 3.59678380 -0.48798686 2.95401253
v 3.59678380 -0.48798686 2.95401253
v 3.59678902 -0.71258349 2.90800016
v 3.61998565 -0.48677037 2.94668805
v 3.59678380 -0.48798686 2.95401253
v 3.61998565 -0.48677037 2.94668805
v 3.59678157 -0.26050115 2.98268367
v 3.59678157 -0.26050115 2.98268367
v 3.61998565 -0.48677037 2.94668805
v 3.61998416 -0.25986317 2.97528971
v 3.59678157 -0.26050115 2.98268367
v 3.61998416 -0.25986317 2.97528971
v 3.59678231 -0.03153153 2.99387295
v 3.59678231 -0.03153153 2.99387295
v 3.61998416 -0.25986317 2.97528971
v 3.61998640 -0.03145833 2.98645217
v 3.59678231 -0.03153153 2.99387295
v 3.61998640 -0.03145833 2.98645217
v 3.61998938 0.19705361 2.98010055
v 3.61998938 0.19705361 2.98010055
v 3.61998640 -0.03145833 2.98645217
v 3.64338048 0.19639607 2.96941977
v 3.61998938 0.19705361 2.98010055
v 3.64338048 0.19639607 2.96941977
v 3.64339091 0.42295489 2.94569395
v 3.64339091 0.42295489 2.94569395
v 3.64338048 0.19639607 2.96941977
v 3.66581865 0.42114509 2.93200854
v 3.64339091 0.42295489 2.94569395
v 3.66581865 0.42114509 2.93200854
v 3.66584919 0.64423243 2.89120413
v 3.66584919 0.64423243 2.89120413
v 3.66581865 0.42114509 2.93200854
v 3.68610732 0.64096134 2.87521705
v 3.66584919 0.64423243 2.89120413
v 3.68610732 0.64096134 2.87521705
v 3.68612446 0.85914209 2.81776413
v 3.68612446 0.85914209 2.81776413
v 3.68610732 0.64096134 2.87521705
v 3.70148309 0.85489163 2.80249007
v 3.68612446 0.85914209 2.81776413
v 3.70148309 0.85489163 2.80249007
v 3.68609317 1.07228355 2.74375826
v 3.68609317 1.07228355 2.74375826
v 3.70148309 0.85489163 2.80249007
v 3.70144732 1.06699327 2.72881072
v 3.68609317 1.07228355 2.74375826
v 3.70144732 1.06699327 2.72881072
v 3.68608795 1.27912965 2.65360270
v 3.68608795 1.27912965 2.65360270
v 3.70144732 1.06699327 2.72881072
v 3.70144136 1.27281034 2.63905842
v 3.68608795 1.27912965 2.65360270
v 3.70144136 1.27281034 2.63905842
v 3.68608870 1.47849116 2.54790969
v 3.68608870 1.47849116 2.54790969
v 3.70144136 1.27281034 2.63905842
v 3.70144136 1.47117274 2.53383517
v 3.68608870 1.47849116 2.54790969
v 3.70144136 1.47117274 2.53383517
v 3.68606858 1.66918375 2.42730174
v 3.68606858 1.66918375 2.42730174
v 3.70144136 1.47117274 2.53383517
v 3.70141603 1.66091733 2.41375156
v 3.68606858 1.66918375 2.42730174
v 3.70141603 1.66091733 2.41375156
v 3.70139368 1.75217930 2.34831497
v 3.70139368 1.75217930 2.34831497
v 3.70141603 1.66091733 2.41375156
v 3.70979644 1.70297492 2.37128846
v 3.70139368 1.75217930 2.34831497
v 3.70979644 1.70297492 2.37128846
v 3.70978750 1.75448060 2.33339593
v 3.58012803 -2.99778152 0.00002686
v 3.59697603 -2.99427658 0.00004965
v 3.57314534 -2.99754720 0.08516918
v 3.57314534 -2.99754720 0.08516918
v 3.59697603 -2.99427658 0.00004965
v 3.59695964 -2.99304705 0.08511489
v 3.57314534 -2.99754720 0.08516918
v 3.59695964 -2.99304705 0.08511489
v 3.57311554 -2.98211500 0.31429729
v 3.57311554 -2.98211500 0.31429729
v 3.59695964 -2.99304705 0.08511489
v 3.59692834 -2.97763702 0.31389599
v 3.57311554 -2.98211500 0.31429729
v 3.59692834 -2.97763702 0.31389599
v 3.57310288 -2.94923037 0.54155458
v 3.57310288 -2.94923037 0.54155458
v 3.59692834 -2.97763702 0.31389599
v 3.59691419 -2.94479374 0.54080719
v 3.57310288 -2.94923037 0.54155458
v 3.59691419 -2.94479374 0.54080719
v 3.57309841 -2.89915781 0.76564276
v 3.57309841 -2.89915781 0.76564276
v 3.59691419 -2.94479374 0.54080719
v 3.59690748 -2.89478563 0.76455302
v 3.57309841 -2.89915781 0.76564276
v 3.59690748 -2.89478563 0.76455302
v 3.57309394 -2.83216219 0.98526366
v 3.57309394 -2.83216219 0.98526366
v 3.59690748 -2.89478563 0.76455302
v 3.59690152 -2.82788109 0.98383809
v 3.57309394 -2.83216219 0.98526366
v 3.59690152 -2.82788109 0.98383809
v 3.57308425 -2.74850987 1.19911339
v 3.57308425 -2.74850987 1.19911339
v 3.59690152 -2.82788109 0.98383809
v 3.59688886 -2.74435040 1.19736120
v 3.57308425 -2.74850987 1.19911339
v 3.59688886 -2.74435040 1.19736120
v 3.57307233 -2.64863167 1.40586551
v 3.57307233 -2.64863167 1.40586551
v 3.59688886 -2.74435040 1.19736120
v 3.59687470 -2.64461916 1.40379686
v 3.57307233 -2.64863167 1.40586551
v 3.59687470 -2.64461916 1.40379686
v 3.57306339 -2.53323875 1.60436798
v 3.57306339 -2.53323875 1.60436798
v 3.59687470 -2.64461916 1.40379686
v 3.59686203 -2.52939630 1.60199460
v 3.57306339 -2.53323875 1.60436798
v 3.59686203 -2.52939630 1.60199460
v 3.57305519 -2.40307059 1.79351084
v 3.57305519 -2.40307059 1.79351084
v 3.59686203 -2.52939630 1.60199460
v 3.59685160 -2.39942055 1.79084651
v 3.57305519 -2.40307059 1.79351084
v 3.59685160 -2.39942055 1.79084651
v 3.57304849 -2.25886591 1.97218396
v 3.57304849 -2.25886591 1.97218396
v 3.59685160 -2.39942055 1.79084651
v 3.59684266 -2.25543007 1.96924414
v 3.57304849 -2.25886591 1.97218396
v 3.59684266 -2.25543007 1.96924414
v 3.57304253 -2.10136529 2.13927664
v 3.57304253 -2.10136529 2.13927664
v 3.59684266 -2.25543007 1.96924414
v 3.59683596 -2.09816471 2.13607922
v 3.57304253 -2.10136529 2.13927664
v 3.59683596 -2.09816471 2.13607922
v 3.57303582 -1.93145610 2.29373258
v 3.57303582 -1.93145610 2.29373258
v 3.59683596 -2.09816471 2.13607922
v 3.59682776 -1.92851126 2.29029600
v 3.57303582 -1.93145610 2.29373258
v 3.59682776 -1.92851126 2.29029600
v 3.57302837 -1.75023526 2.43473873
v 3.57302837 -1.75023526 2.43473873
v 3.59682776 -1.92851126 2.29029600
v 3.59681733 -1.74756516 2.43108291
v 3.57302837 -1.75023526 2.43473873
v 3.59681733 -1.74756516 2.43108291
v 3.57302167 -1.55880665 2.56153755
v 3.57302167 -1.55880665 2.56153755
v 3.59681733 -1.74756516 2.43108291
v 3.59680764 -1.55642768 2.55768429
v 3.57302167 -1.55880665 2.56153755
v 3.59680764 -1.55642768 2.55768429
v 3.57301570 -1.35827297 2.67337114
v 3.57301570 -1.35827297 2.67337114
v 3.59680764 -1.55642768 2.55768429
v 3.59680019 -1.35620013 2.66934428
v 3.57301570 -1.35827297 2.67337114
v 3.59680019 -1.35620013 2.66934428
v 3.57301272 -1.14973802 2.76948158
v 3.57301272 -1.14973802 2.76948158
v 3.59680019 -1.35620013 2.66934428
v 3.59679721 -1.14798397 2.76530758
v 3.57301272 -1.14973802 2.76948158
v 3.59679721 -1.14798397 2.76530758
v 3.57300974 -0.93443049 2.84927338
v 3.57300974 -0.93443049 2.84927338
v 3.59679721 -1.14798397 2.76530758
v 3.59679423 -0.93300315 2.84497496
v 3.57300974 -0.93443049 2.84927338
v 3.59679423 -0.93300315 2.84497496
v 3.59678902 -0.71258349 2.90800016
v 3.59678902 -0.71258349 2.90800016
v 3.59679423 -0.93300315 2.84497496
v 3.61999236 -0.71080411 2.90079564
v 3.59678902 -0.71258349 2.90800016
v 3.61999236 -0.71080411 2.90079564
v 3.61998565 -0.48677037 2.94668805
v 3.61998565 -0.48677037 2.94668805
v 3.61999236 -0.71080411 2.90079564
v 3.64337228 -0.48502097 2.93613225
v 3.61998565 -0.48677037 2.94668805
v 3.64337228 -0.48502097 2.93613225
v 3.61998416 -0.25986317 2.97528971
v 3.61998416 -0.25986317 2.97528971
v 3.64337228 -0.48502097 2.93613225
v 3.64337228 -0.25894269 2.96463352
v 3.61998416 -0.25986317 2.97528971
v 3.64337228 -0.25894269 2.96463352
v 3.61998640 -0.03145833 2.98645217
v 3.61998640 -0.03145833 2.98645217
v 3.64337228 -0.25894269 2.96463352
v 3.64337601 -0.03135193 2.97575798
v 3.61998640 -0.03145833 2.98645217
v 3.64337601 -0.03135193 2.97575798
v 3.64338048 0.19639607 2.96941977
v 3.64338048 0.19639607 2.96941977
v 3.64337601 -0.03135193 2.97575798
v 3.66580673 0.19553981 2.95564551
v 3.64338048 0.19639607 2.96941977
v 3.66580673 0.19553981 2.95564551
v 3.66581865 0.42114509 2.93200854
v 3.66581865 0.42114509 2.93200854
v 3.66580673 0.19553981 2.95564551
v 3.68607156 0.41899094 2.91583259
v 3.66581865 0.42114509 2.93200854
v 3.68607156 0.41899094 2.91583259
v 3.68610732 0.64096134 2.87521705
v 3.68610732 0.64096134 2.87521705
v 3.68607156 0.41899094 2.91583259
v 3.70146520 0.63777380 2.85968855
v 3.68610732 0.64096134 2.87521705
v 3.70146520 0.63777380 2.85968855
v 3.70148309 0.85489163 2.80249007
v 3.70148309 0.85489163 2.80249007
v 3.70146520 0.63777380 2.85968855
v 3.70987989 0.71827117 2.82966159
v 3.70148309 0.85489163 2.80249007
v 3.70987989 0.71827117 2.82966159
v 3.70988436 0.77503989 2.81465240
v 2.29825061 1.67656373 -2.28099879
v 2.29651239 1.67644061 -2.27813013
v 2.29405146 1.67582612 -2.28159484
v 2.59428900 1.76258571 -2.19227131
v 2.60881837 1.76915117 -2.17417050
v 2.59813275 1.76515728 -2.17067860
v 2.81595346 1.88837573 -1.95476655
v 2.80057322 1.88096035 -1.96815580
v 2.80702394 1.88131705 -1.97482631
v 2.86210831 1.96837522 -1.70000773
v 2.80002560 1.96842887 -1.70001667
v 2.86127608 1.95798595 -1.73514560
v 2.86127608 1.95798595 -1.73514560
v 2.80002560 1.96842887 -1.70001667
v 2.79792901 1.94034781 -1.79471225
v 2.84430366 1.91661809 -1.86588243
v 2.84830239 1.92233063 -1.84720643
v 2.83318441 1.92658026 -1.83370821
v 2.83318441 1.92658026 -1.83370821
v 2.84830239 1.92233063 -1.84720643
v 2.85395291 1.93258543 -1.81434304
v 2.83318441 1.92658026 -1.83370821
v 2.85395291 1.93258543 -1.81434304
v 2.79792901 1.94034781 -1.79471225
v 2.79792901 1.94034781 -1.79471225
v 2.85395291 1.93258543 -1.81434304
v 2.85434853 1.93345714 -1.81160495
v 2.79792901 1.94034781 -1.79471225
v 2.85434853 1.93345714 -1.81160495
v 2.86127608 1.95798595 -1.73514560
v 2.78998222 1.88160632 -1.95683241
v 2.83993240 1.91119928 -1.88361797
v 2.77916919 1.88339576 -1.94586515
v 2.77916919 1.88339576 -1.94586515
v 2.83993240 1.91119928 -1.88361797
v 2.84430366 1.91661809 -1.86588243
v 2.77916919 1.88339576 -1.94586515
v 2.84430366 1.91661809 -1.86588243
v 2.76919436 1.88609809 -1.93558391
v 2.76919436 1.88609809 -1.93558391
v 2.84430366 1.91661809 -1.86588243
v 2.77595352 1.89457648 -1.91633236
v 2.81595346 1.88837573 -1.95476655
v 2.81906705 1.89096145 -1.94715541
v 2.78998222 1.88160632 -1.95683241
v 2.78998222 1.88160632 -1.95683241
v 2.81906705 1.89096145 -1.94715541
v 2.82792952 1.89879891 -1.92329623
v 2.78998222 1.88160632 -1.95683241
v 2.82792952 1.89879891 -1.92329623
v 2.83993240 1.91119928 -1.88361797
v 2.67838668 1.81137994 -2.07905527
v 2.66703572 1.80444792 -2.09067930
v 2.64109131 1.78649109 -2.13188659
v 2.80702394 1.88131705 -1.97482631
v 2.80057322 1.88096035 -1.96815580
v 2.79829707 1.87481213 -1.99235212
v 2.65732463 1.79135371 -2.15326529
v 2.70740297 1.81765482 -2.11219024
v 2.65103411 1.78909171 -2.14428678
v 2.65103411 1.78909171 -2.14428678
v 2.70740297 1.81765482 -2.11219024
v 2.75311451 1.84462704 -2.06226651
v 2.65103411 1.78909171 -2.14428678
v 2.75311451 1.84462704 -2.06226651
v 2.64109131 1.78649109 -2.13188659
v 2.59428900 1.76258571 -2.19227131
v 2.59813275 1.76515728 -2.17067860
v 2.55540442 1.74700823 -2.21129209
v 2.55540442 1.74700823 -2.21129209
v 2.59813275 1.76515728 -2.17067860
v 2.58810949 1.76301338 -2.15838421
v 2.55540442 1.74700823 -2.21129209
v 2.58810949 1.76301338 -2.15838421
v 2.54477989 1.74363628 -2.19784696
v 2.51127835 1.73106845 -2.22931374
v 2.52194386 1.73476059 -2.22526453
v 2.54477989 1.74363628 -2.19784696
v 2.54477989 1.74363628 -2.19784696
v 2.52194386 1.73476059 -2.22526453
v 2.55508404 1.74688622 -2.21143551
v 2.54477989 1.74363628 -2.19784696
v 2.55508404 1.74688622 -2.21143551
v 2.55540442 1.74700823 -2.21129209
v 2.47763898 1.72104873 -2.21801419
v 2.46273112 1.71632413 -2.22451147
v 2.43948605 1.70873273 -2.25230344
v 2.43948605 1.70873273 -2.25230344
v 2.46273112 1.71632413 -2.22451147
v 2.43350174 1.70763768 -2.23621074
v 2.43555810 1.70763265 -2.25337222
v 2.42670532 1.70554966 -2.24225484
v 2.40878668 1.70045830 -2.26020161
v 2.40878668 1.70045830 -2.26020161
v 2.42670532 1.70554966 -2.24225484
v 2.36188974 1.68949105 -2.25969404
v 2.40878668 1.70045830 -2.26020161
v 2.36188974 1.68949105 -2.25969404
v 2.36937981 1.69090815 -2.26886123
v 2.35546585 1.68808326 -2.26131473
v 2.36188974 1.68949105 -2.25969404
v 2.42996421 1.70663707 -2.23753881
v 2.42996421 1.70663707 -2.23753881
v 2.36188974 1.68949105 -2.25969404
v 2.42670532 1.70554966 -2.24225484
v 2.42996421 1.70663707 -2.23753881
v 2.42670532 1.70554966 -2.24225484
v 2.43350174 1.70763768 -2.23621074
v 2.43350174 1.70763768 -2.23621074
v 2.42670532 1.70554966 -2.24225484
v 2.43555810 1.70763265 -2.25337222
v 2.43350174 1.70763768 -2.23621074
v 2.43555810 1.70763265 -2.25337222
v 2.43948605 1.70873273 -2.25230344
v 2.24133562 1.66750681 -2.28808131
v 2.26292294 1.67070758 -2.28564125
v 2.27166098 1.67256575 -2.27970779
v 2.27166098 1.67256575 -2.27970779
v 2.26292294 1.67070758 -2.28564125
v 2.29405146 1.67582612 -2.28159484
v 2.27166098 1.67256575 -2.27970779
v 2.29405146 1.67582612 -2.28159484
v 2.29378324 1.67618152 -2.27555074
v 2.29378324 1.67618152 -2.27555074
v 2.29405146 1.67582612 -2.28159484
v 2.29651239 1.67644061 -2.27813013
v 2.29378324 1.67618152 -2.27555074
v 2.29651239 1.67644061 -2.27813013
v 2.30225157 1.67764947 -2.27383655
v 2.30225157 1.67764947 -2.27383655
v 2.29651239 1.67644061 -2.27813013
v 2.29825061 1.67656373 -2.28099879
v 2.30225157 1.67764947 -2.27383655
v 2.29825061 1.67656373 -2.28099879
v 2.33202707 1.68321766 -2.26722378
v 2.33202707 1.68321766 -2.26722378
v 2.29825061 1.67656373 -2.28099879
v 2.32144874 1.68085098 -2.27747764
v 2.33202707 1.68321766 -2.26722378
v 2.32144874 1.68085098 -2.27747764
v 2.35546585 1.68808326 -2.26131473
v 2.35546585 1.68808326 -2.26131473
v 2.32144874 1.68085098 -2.27747764
v 2.34865081 1.68635398 -2.27282401
v 2.35546585 1.68808326 -2.26131473
v 2.34865081 1.68635398 -2.27282401
v 2.36188974 1.68949105 -2.25969404
v 2.36188974 1.68949105 -2.25969404
v 2.34865081 1.68635398 -2.27282401
v 2.36312803 1.68950129 -2.27009654
v 2.36188974 1.68949105 -2.25969404
v 2.36312803 1.68950129 -2.27009654
v 2.36937981 1.69090815 -2.26886123
v 2.15397384 1.65726598 -2.29516439
v 2.16651913 1.65849049 -2.29441002
v 2.17100885 1.65921543 -2.29350198
v 2.17100885 1.65921543 -2.29350198
v 2.16651913 1.65849049 -2.29441002
v 2.17904281 1.65978633 -2.29357090
v 2.17100885 1.65921543 -2.29350198
v 2.17904281 1.65978633 -2.29357090
v 2.17951145 1.66019443 -2.29263101
v 2.17951145 1.66019443 -2.29263101
v 2.17904281 1.65978633 -2.29357090
v 2.18446981 1.66037288 -2.29318049
v 2.17951145 1.66019443 -2.29263101
v 2.18446981 1.66037288 -2.29318049
v 2.18386259 1.66070312 -2.29216553
v 2.18386259 1.66070312 -2.29216553
v 2.18446981 1.66037288 -2.29318049
v 2.19154563 1.66116115 -2.29264684
v 2.18386259 1.66070312 -2.29216553
v 2.19154563 1.66116115 -2.29264684
v 2.19283607 1.66177079 -2.29116268
v 2.19283607 1.66177079 -2.29116268
v 2.19154563 1.66116115 -2.29264684
v 2.20402684 1.66261904 -2.29163691
v 2.19283607 1.66177079 -2.29116268
v 2.20402684 1.66261904 -2.29163691
v 2.20613014 1.66340303 -2.28956956
v 2.20613014 1.66340303 -2.28956956
v 2.20402684 1.66261904 -2.29163691
v 2.21648645 1.66416205 -2.29054000
v 2.20613014 1.66340303 -2.28956956
v 2.21648645 1.66416205 -2.29054000
v 2.21939143 1.66509803 -2.28784923
v 2.21939143 1.66509803 -2.28784923
v 2.21648645 1.66416205 -2.29054000
v 2.22333055 1.66504756 -2.28989925
v 2.21939143 1.66509803 -2.28784923
v 2.22333055 1.66504756 -2.28989925
v 2.22121533 1.66533682 -2.28760205
v 2.22121533 1.66533682 -2.28760205
v 2.22333055 1.66504756 -2.28989925
v 2.24133562 1.66750681 -2.28808131
v 2.22121533 1.66533682 -2.28760205
v 2.24133562 1.66750681 -2.28808131
v 2.24581268 1.66870207 -2.28401460
v 2.24581268 1.66870207 -2.28401460
v 2.24133562 1.66750681 -2.28808131
v 2.27166098 1.67256575 -2.27970779
v 2.51919385 1.73534397 -2.19778400
v 2.50462200 1.73013378 -2.20525339
v 2.49097627 1.72453858 -2.22578067
v 2.49097627 1.72453858 -2.22578067
v 2.50462200 1.73013378 -2.20525339
v 2.48246472 1.72262210 -2.21582912
v 2.49097627 1.72453858 -2.22578067
v 2.48246472 1.72262210 -2.21582912
v 2.47763898 1.72104873 -2.21801419
v 2.43948605 1.70873273 -2.25230344
v 2.44562011 1.71047561 -2.25059837
v 2.47763898 1.72104873 -2.21801419
v 2.47763898 1.72104873 -2.21801419
v 2.44562011 1.71047561 -2.25059837
v 2.47507896 1.71927009 -2.24177092
v 2.47763898 1.72104873 -2.21801419
v 2.47507896 1.71927009 -2.24177092
v 2.49097627 1.72453858 -2.22578067
v 2.49097627 1.72453858 -2.22578067
v 2.47507896 1.71927009 -2.24177092
v 2.49736812 1.72640234 -2.23432705
v 2.49097627 1.72453858 -2.22578067
v 2.49736812 1.72640234 -2.23432705
v 2.51919385 1.73534397 -2.19778400
v 2.51919385 1.73534397 -2.19778400
v 2.49736812 1.72640234 -2.23432705
v 2.51127835 1.73106845 -2.22931374
v 2.51919385 1.73534397 -2.19778400
v 2.51127835 1.73106845 -2.22931374
v 2.53665503 1.74189210 -2.18825229
v 2.53665503 1.74189210 -2.18825229
v 2.51127835 1.73106845 -2.22931374
v 2.54477989 1.74363628 -2.19784696
v 2.53665503 1.74189210 -2.18825229
v 2.54477989 1.74363628 -2.19784696
v 2.57176217 1.75617728 -2.16696505
v 2.57176217 1.75617728 -2.16696505
v 2.54477989 1.74363628 -2.19784696
v 2.58810949 1.76301338 -2.15838421
v 2.57176217 1.75617728 -2.16696505
v 2.58810949 1.76301338 -2.15838421
v 2.62729581 1.78240053 -2.12639328
v 2.62729581 1.78240053 -2.12639328
v 2.58810949 1.76301338 -2.15838421
v 2.59813275 1.76515728 -2.17067860
v 2.75311451 1.84462704 -2.06226651
v 2.79046427 1.86921991 -2.00668201
v 2.64109131 1.78649109 -2.13188659
v 2.64109131 1.78649109 -2.13188659
v 2.79046427 1.86921991 -2.00668201
v 2.79829707 1.87481213 -1.99235212
v 2.64109131 1.78649109 -2.13188659
v 2.79829707 1.87481213 -1.99235212
v 2.67838668 1.81137994 -2.07905527
v 2.67838668 1.81137994 -2.07905527
v 2.79829707 1.87481213 -1.99235212
v 2.80057322 1.88096035 -1.96815580
v 2.67838668 1.81137994 -2.07905527
v 2.80057322 1.88096035 -1.96815580
v 2.70689931 1.83041450 -2.04593893
v 2.70689931 1.83041450 -2.04593893
v 2.80057322 1.88096035 -1.96815580
v 2.72000041 1.84013024 -2.02826876
v 2.81595346 1.88837573 -1.95476655
v 2.78998222 1.88160632 -1.95683241
v 2.80057322 1.88096035 -1.96815580
v 2.80057322 1.88096035 -1.96815580
v 2.78998222 1.88160632 -1.95683241
v 2.74031367 1.85685083 -1.99645981
v 2.80057322 1.88096035 -1.96815580
v 2.74031367 1.85685083 -1.99645981
v 2.72000041 1.84013024 -2.02826876
v 2.77916919 1.88339576 -1.94586515
v 2.76919436 1.88609809 -1.93558391
v 2.76647788 1.88293401 -1.94255784
v 2.77916919 1.88339576 -1.94586515
v 2.76647788 1.88293401 -1.94255784
v 2.78998222 1.88160632 -1.95683241
v 2.78998222 1.88160632 -1.95683241
v 2.76647788 1.88293401 -1.94255784
v 2.75232401 1.86801068 -1.97411235
v 2.78998222 1.88160632 -1.95683241
v 2.75232401 1.86801068 -1.97411235
v 2.74031367 1.85685083 -1.99645981
v 2.79792901 1.94034781 -1.79471225
v 2.79551726 1.93022583 -1.82461049
v 2.83318441 1.92658026 -1.83370821
v 2.83318441 1.92658026 -1.83370821
v 2.79551726 1.93022583 -1.82461049
v 2.79085245 1.91866998 -1.85647067
v 2.83318441 1.92658026 -1.83370821
v 2.79085245 1.91866998 -1.85647067
v 2.84430366 1.91661809 -1.86588243
v 2.84430366 1.91661809 -1.86588243
v 2.79085245 1.91866998 -1.85647067
v 2.78484654 1.90762579 -1.88492499
v 2.84430366 1.91661809 -1.86588243
v 2.78484654 1.90762579 -1.88492499
v 2.77595352 1.89457648 -1.91633236
v 2.66703572 1.80444792 -2.09067930
v 2.62729581 1.78240053 -2.12639328
v 2.64109131 1.78649109 -2.13188659
v 2.64109131 1.78649109 -2.13188659
v 2.62729581 1.78240053 -2.12639328
v 2.59813275 1.76515728 -2.17067860
v 2.64109131 1.78649109 -2.13188659
v 2.59813275 1.76515728 -2.17067860
v 2.65103411 1.78909171 -2.14428678
v 2.65103411 1.78909171 -2.14428678
v 2.59813275 1.76515728 -2.17067860
v 2.60881837 1.76915117 -2.17417050
v 2.65103411 1.78909171 -2.14428678
v 2.60881837 1.76915117 -2.17417050
v 2.65732463 1.79135371 -2.15326529
v 2.65732463 1.79135371 -2.15326529
v 2.60881837 1.76915117 -2.17417050
v 2.59428900 1.76258571 -2.19227131
v 2.02868562 1.79991778 -2.29938570
v 2.06199121 1.76388342 -2.29949933
v 2.12526601 1.80509984 -2.29624398
v 2.12526601 1.80509984 -2.29624398
v 2.06199121 1.76388342 -2.29949933
v 2.15177368 1.73614267 -2.29539778
v 2.12526601 1.80509984 -2.29624398
v 2.15177368 1.73614267 -2.29539778
v 2.15141233 1.80760045 -2.29458064
v 2.06199121 1.76388342 -2.29949933
v 2.06207167 1.72663275 -2.29958091
v 2.15177368 1.73614267 -2.29539778
v 2.15177368 1.73614267 -2.29539778
v 2.06207167 1.72663275 -2.29958091
v 2.06188913 1.65115464 -2.29901001
v 2.15177368 1.73614267 -2.29539778
v 2.06188913 1.65115464 -2.29901001
v 2.15173718 1.65707096 -2.29529869
v 1.97177362 1.64926667 -2.29966547
v 2.06188913 1.65115464 -2.29901001
v 1.97176691 1.72479749 -2.29966324
v 1.97176691 1.72479749 -2.29966324
v 2.06188913 1.65115464 -2.29901001
v 2.06207167 1.72663275 -2.29958091
v 1.97176691 1.72479749 -2.29966324
v 2.06207167 1.72663275 -2.29958091
v 1.97176393 1.76205374 -2.29966342
v 1.97176393 1.76205374 -2.29966342
v 2.06207167 1.72663275 -2.29958091
v 2.06199121 1.76388342 -2.29949933
v 1.97176393 1.76205374 -2.29966342
v 2.06199121 1.76388342 -2.29949933
v 1.97176095 1.79927703 -2.29966156
v 1.97176095 1.79927703 -2.29966156
v 2.06199121 1.76388342 -2.29949933
v 2.02868562 1.79991778 -2.29938570
v -0.00000026 -1.64926536 -2.29966305
v 0.92999982 -1.64926611 -2.29966305
v 0.00000570 -1.64926574 -2.37373039
v 0.00000570 -1.64926574 -2.37373039
v 0.92999982 -1.64926611 -2.29966305
v 0.92999982 -1.64925717 -2.37373635
v -0.01250382 -1.18643511 -2.80332714
v 0.48119626 -1.37824686 -2.71408353
v -0.00927623 -1.40653551 -2.69811712
v -0.00927623 -1.40653551 -2.69811712
v 0.48119626 -1.37824686 -2.71408353
v 0.48119626 -1.61799639 -2.57569849
v -0.00927623 -1.40653551 -2.69811712
v 0.48119626 -1.61799639 -2.57569849
v -0.00563513 -1.61746498 -2.57540289
v -0.00563513 -1.61746498 -2.57540289
v 0.48119626 -1.61799639 -2.57569849
v 0.48119626 -1.68567840 -2.53104940
v -0.00563513 -1.61746498 -2.57540289
v 0.48119626 -1.68567840 -2.53104940
v 0.00000347 -1.79923680 -2.45000012
v 0.00000347 -1.79923680 -2.45000012
v 0.48119626 -1.68567840 -2.53104940
v 0.48119626 -1.79927312 -2.44997051
v -0.01888748 -0.48537757 -3.00772525
v 0.48119621 -0.70922310 -2.96438113
v -0.01734819 -0.72402004 -2.95869205
v -0.01734819 -0.72402004 -2.95869205
v 0.48119621 -0.70922310 -2.96438113
v 0.48119626 -0.95948018 -2.89184730
v -0.01734819 -0.72402004 -2.95869205
v 0.48119626 -0.95948018 -2.89184730
v -0.01520987 -0.95838094 -2.89040003
v -0.01520987 -0.95838094 -2.89040003
v 0.48119626 -0.95948018 -2.89184730
v 0.48119626 -1.05121117 -2.85921544
v -0.01520987 -0.95838094 -2.89040003
v 0.48119626 -1.05121117 -2.85921544
v -0.01250382 -1.18643511 -2.80332714
v -0.01250382 -1.18643511 -2.80332714
v 0.48119626 -1.05121117 -2.85921544
v 0.48119626 -1.18755596 -2.80436222
v -0.01250382 -1.18643511 -2.80332714
v 0.48119626 -1.18755596 -2.80436222
v 0.48119626 -1.37824686 -2.71408353
v -0.01978080 0.24362144 -3.03720795
v 0.48119621 0.00000901 -3.04941926
v -0.02010639 -0.00001027 -3.04707978
v -0.02010639 -0.00001027 -3.04707978
v 0.48119621 0.00000901 -3.04941926
v 0.48119621 -0.24390265 -3.03948801
v -0.02010639 -0.00001027 -3.04707978
v 0.48119621 -0.24390265 -3.03948801
v -0.01980762 -0.24363853 -3.03723682
v -0.01980762 -0.24363853 -3.03723682
v 0.48119621 -0.24390265 -3.03948801
v 0.48119621 -0.35714707 -3.02808434
v -0.01980762 -0.24363853 -3.03723682
v 0.48119621 -0.35714707 -3.02808434
v -0.01888748 -0.48537757 -3.00772525
v -0.01888748 -0.48537757 -3.00772525
v 0.48119621 -0.35714707 -3.02808434
v 0.48119621 -0.48599201 -3.00979279
v -0.01888748 -0.48537757 -3.00772525
v 0.48119621 -0.48599201 -3.00979279
v 0.48119621 -0.70922310 -2.96438113
v -0.01727815 0.72404887 -2.95860451
v 0.48119621 0.48628552 -3.00974455
v -0.01883458 0.48537403 -3.00767012
v -0.01883458 0.48537403 -3.00767012
v 0.48119621 0.48628552 -3.00974455
v 0.48119621 0.35716498 -3.02808229
v -0.01883458 0.48537403 -3.00767012
v 0.48119621 0.35716498 -3.02808229
v -0.01978080 0.24362144 -3.03720795
v -0.01978080 0.24362144 -3.03720795
v 0.48119621 0.35716498 -3.02808229
v 0.48119621 0.24419902 -3.03946380
v -0.01978080 0.24362144 -3.03720795
v 0.48119621 0.24419902 -3.03946380
v 0.48119621 0.00000901 -3.04941926
v -0.01513239 0.95845256 -2.89027672
v 0.48119626 0.95976181 -2.89175231
v 0.48119621 0.70924065 -2.96437684
v 0.48119626 0.95976181 -2.89175231
v -0.01513239 0.95845256 -2.89027672
v 0.48119626 1.05122812 -2.85920911
v 0.48119626 1.05122812 -2.85920911
v -0.01513239 0.95845256 -2.89027672
v -0.01242857 1.18656503 -2.80316509
v 0.48119626 1.05122812 -2.85920911
v -0.01242857 1.18656503 -2.80316509
v 0.48119626 1.18782958 -2.80424431
v 0.48119626 1.18782958 -2.80424431
v -0.01242857 1.18656503 -2.80316509
v -0.00922109 1.40676182 -2.69789472
v 0.48119626 1.18782958 -2.80424431
v -0.00922109 1.40676182 -2.69789472
v 0.48119626 1.37826288 -2.71407515
v 0.48119626 1.37826288 -2.71407515
v -0.00922109 1.40676182 -2.69789472
v -0.00559937 1.61778498 -2.57513169
v 0.48119626 1.37826288 -2.71407515
v -0.00559937 1.61778498 -2.57513169
v 0.48119626 1.61824599 -2.57553868
v 0.48119626 1.61824599 -2.57553868
v -0.00559937 1.61778498 -2.57513169
v 0.48119626 1.68569349 -2.53103916
v 0.48119626 1.68569349 -2.53103916
v -0.00559937 1.61778498 -2.57513169
v 0.00000198 1.79924928 -2.45000012
v 0.48119626 1.68569349 -2.53103916
v 0.00000198 1.79924928 -2.45000012
v 0.48119626 1.79929268 -2.44996641
v -0.48119598 1.73392575 -2.44986694
v -0.35897444 1.76309217 -2.45000161
v -0.48115724 1.61154438 -2.53364574
v -0.48115724 1.61154438 -2.53364574
v -0.35897444 1.76309217 -2.45000161
v -0.36948945 1.58291645 -2.57064048
v -0.48115724 1.61154438 -2.53364574
v -0.36948945 1.58291645 -2.57064048
v -0.48115053 1.55846039 -2.56728400
v -0.48115053 1.55846039 -2.56728400
v -0.36948945 1.58291645 -2.57064048
v -0.48114606 1.46678863 -2.62176748
v -0.48114606 1.46678863 -2.62176748
v -0.36948945 1.58291645 -2.57064048
v -0.37085812 1.37593085 -2.68892497
v -0.48114606 1.46678863 -2.62176748
v -0.37085812 1.37593085 -2.68892497
v -0.48114606 1.31747741 -2.70135142
v -0.48114606 1.31747741 -2.70135142
v -0.37085812 1.37593085 -2.68892497
v -0.37207555 1.16022630 -2.79030558
v -0.48114606 1.31747741 -2.70135142
v -0.37207555 1.16022630 -2.79030558
v -0.48114830 1.16396705 -2.77223140
v -0.48114830 1.16396705 -2.77223140
v -0.37207555 1.16022630 -2.79030558
v -0.48114904 1.00655574 -2.83426065
v -0.48114904 1.00655574 -2.83426065
v -0.37207555 1.16022630 -2.79030558
v -0.37310373 0.93698148 -2.87417471
v -0.48114904 1.00655574 -2.83426065
v -0.37310373 0.93698148 -2.87417471
v -0.48114904 0.92253704 -2.86320355
v -0.37392403 0.70773014 -2.93996073
v -0.48114983 0.68150829 -2.93107517
v -0.37310373 0.93698148 -2.87417471
v -0.37310373 0.93698148 -2.87417471
v -0.48114983 0.68150829 -2.93107517
v -0.48114904 0.84552858 -2.88728811
v -0.37310373 0.93698148 -2.87417471
v -0.48114904 0.84552858 -2.88728811
v -0.48114904 0.92253704 -2.86320355
v -0.37452306 0.47443118 -2.98719835
v -0.48115132 0.51590200 -2.96530444
v -0.37392403 0.70773014 -2.93996073
v -0.37392403 0.70773014 -2.93996073
v -0.48115132 0.51590200 -2.96530444
v -0.48115058 0.61923857 -2.94510126
v -0.37392403 0.70773014 -2.93996073
v -0.48115058 0.61923857 -2.94510126
v -0.48114983 0.68150829 -2.93107517
v -0.48114760 0.12481128 -3.00793666
v -0.48114834 0.17992220 -3.00510488
v -0.37488739 0.23821283 -3.01563069
v -0.37488739 0.23821283 -3.01563069
v -0.48114834 0.17992220 -3.00510488
v -0.48115058 0.34865034 -2.99000274
v -0.37488739 0.23821283 -3.01563069
v -0.48115058 0.34865034 -2.99000274
v -0.37452306 0.47443118 -2.98719835
v -0.37452306 0.47443118 -2.98719835
v -0.48115058 0.34865034 -2.99000274
v -0.48115132 0.46722009 -2.97350660
v -0.37452306 0.47443118 -2.98719835
v -0.48115132 0.46722009 -2.97350660
v -0.48115132 0.51590200 -2.96530444
v -0.48114760 0.12481128 -3.00793666
v -0.37488739 0.23821283 -3.01563069
v -0.48114611 0.01044861 -3.01054195
v -0.48114611 0.01044861 -3.01054195
v -0.37488739 0.23821283 -3.01563069
v -0.37501331 0.00018773 -3.02513912
v -0.48114611 0.01044861 -3.01054195
v -0.37501331 0.00018773 -3.02513912
v -0.48114536 -0.15888442 -3.00630946
v -0.48114536 -0.15888442 -3.00630946
v -0.37501331 0.00018773 -3.02513912
v -0.37490304 -0.23784223 -3.01567726
v -0.48114536 -0.15888442 -3.00630946
v -0.37490304 -0.23784223 -3.01567726
v -0.48114611 -0.23392215 -3.00133321
v -0.37455808 -0.47406848 -2.98728347
v -0.48114760 -0.37306189 -2.98700798
v -0.37490304 -0.23784223 -3.01567726
v -0.37490304 -0.23784223 -3.01567726
v -0.48114760 -0.37306189 -2.98700798
v -0.48114685 -0.32746471 -2.99243722
v -0.37490304 -0.23784223 -3.01567726
v -0.48114685 -0.32746471 -2.99243722
v -0.48114611 -0.23392215 -3.00133321
v -0.37397172 -0.70736026 -2.94009112
v -0.48114462 -0.66123991 -2.93579418
v -0.37455808 -0.47406848 -2.98728347
v -0.37455808 -0.47406848 -2.98728347
v -0.48114462 -0.66123991 -2.93579418
v -0.48114834 -0.49525541 -2.96888389
v -0.37455808 -0.47406848 -2.98728347
v -0.48114834 -0.49525541 -2.96888389
v -0.48114760 -0.37306189 -2.98700798
v -0.37214111 -1.15987035 -2.79050395
v -0.48113861 -0.98632351 -2.84149218
v -0.37315886 -0.93661128 -2.87434775
v -0.37315886 -0.93661128 -2.87434775
v -0.48113861 -0.98632351 -2.84149218
v -0.48113861 -0.82507310 -2.89330520
v -0.37315886 -0.93661128 -2.87434775
v -0.48113861 -0.82507310 -2.89330520
v -0.37397172 -0.70736026 -2.94009112
v -0.37397172 -0.70736026 -2.94009112
v -0.48113861 -0.82507310 -2.89330520
v -0.48114313 -0.69610029 -2.92758495
v -0.37397172 -0.70736026 -2.94009112
v -0.48114313 -0.69610029 -2.92758495
v -0.48114462 -0.66123991 -2.93579418
v -0.37091996 -1.37555683 -2.68916376
v -0.48113563 -1.29878931 -2.71055568
v -0.37214111 -1.15987035 -2.79050395
v -0.37214111 -1.15987035 -2.79050395
v -0.48113563 -1.29878931 -2.71055568
v -0.48114010 -1.14443405 -2.78049894
v -0.37214111 -1.15987035 -2.79050395
v -0.48114010 -1.14443405 -2.78049894
v -0.48113861 -0.98632351 -2.84149218
v -0.48114904 -1.59363095 -2.54517589
v -0.48112893 -1.44873774 -2.63198148
v -0.37091996 -1.37555683 -2.68916376
v -0.37091996 -1.37555683 -2.68916376
v -0.48112893 -1.44873774 -2.63198148
v -0.48113191 -1.35395695 -2.68291272
v -0.37091996 -1.37555683 -2.68916376
v -0.48113191 -1.35395695 -2.68291272
v -0.48113563 -1.29878931 -2.71055568
v -0.37091996 -1.37555683 -2.68916376
v -0.36954980 -1.58251803 -2.57091280
v -0.48114904 -1.59363095 -2.54517589
v -0.48114904 -1.59363095 -2.54517589
v -0.36954980 -1.58251803 -2.57091280
v -0.37287872 -1.76020376 -2.44999900
v -0.48114904 -1.59363095 -2.54517589
v -0.37287872 -1.76020376 -2.44999900
v -0.48123174 -1.73340570 -2.44995635
v -0.11164125 1.79579854 -2.45003216
v 0.00000198 1.79924928 -2.45000012
v -0.12752812 1.61365587 -2.57434119
v -0.12752812 1.61365587 -2.57434119
v 0.00000198 1.79924928 -2.45000012
v -0.00559937 1.61778498 -2.57513169
v -0.12752812 1.61365587 -2.57434119
v -0.00559937 1.61778498 -2.57513169
v -0.13091366 1.40285799 -2.69632898
v -0.13091366 1.40285799 -2.69632898
v -0.00559937 1.61778498 -2.57513169
v -0.00922109 1.40676182 -2.69789472
v -0.13091366 1.40285799 -2.69632898
v -0.00922109 1.40676182 -2.69789472
v -0.13390507 1.18304295 -2.80090608
v -0.13390507 1.18304295 -2.80090608
v -0.00922109 1.40676182 -2.69789472
v -0.01242857 1.18656503 -2.80316509
v -0.13390507 1.18304295 -2.80090608
v -0.01242857 1.18656503 -2.80316509
v -0.13642262 0.95546395 -2.88741626
v -0.13642262 0.95546395 -2.88741626
v -0.01242857 1.18656503 -2.80316509
v -0.01513239 0.95845256 -2.89027672
v -0.13642262 0.95546395 -2.88741626
v -0.01513239 0.95845256 -2.89027672
v -0.01727815 0.72404887 -2.95860451
v -0.01727815 0.72404887 -2.95860451
v -0.01513239 0.95845256 -2.89027672
v 0.48119621 0.70924065 -2.96437684
v -0.01727815 0.72404887 -2.95860451
v 0.48119621 0.70924065 -2.96437684
v 0.48119621 0.48628552 -3.00974455
v -0.12557011 -1.79487821 -2.45003570
v -0.24992253 -1.78182330 -2.44999584
v -0.12756835 -1.61330756 -2.57464070
v -0.12756835 -1.61330756 -2.57464070
v -0.24992253 -1.78182330 -2.44999584
v -0.24934884 -1.60162169 -2.57320013
v -0.12756835 -1.61330756 -2.57464070
v -0.24934884 -1.60162169 -2.57320013
v -0.13097252 -1.40259983 -2.69658398
v -0.13097252 -1.40259983 -2.69658398
v -0.24934884 -1.60162169 -2.57320013
v -0.25194164 -1.39226606 -2.69371551
v -0.13097252 -1.40259983 -2.69658398
v -0.25194164 -1.39226606 -2.69371551
v -0.25423791 -1.17403073 -2.79698875
v -0.35897444 1.76309217 -2.45000161
v -0.23573216 1.78375635 -2.44999267
v -0.36948945 1.58291645 -2.57064048
v -0.36948945 1.58291645 -2.57064048
v -0.23573216 1.78375635 -2.44999267
v -0.24930562 1.60202291 -2.57288348
v -0.36948945 1.58291645 -2.57064048
v -0.24930562 1.60202291 -2.57288348
v -0.37085812 1.37593085 -2.68892497
v -0.37085812 1.37593085 -2.68892497
v -0.24930562 1.60202291 -2.57288348
v -0.25188427 1.39259379 -2.69344132
v -0.37085812 1.37593085 -2.68892497
v -0.25188427 1.39259379 -2.69344132
v -0.37207555 1.16022630 -2.79030558
v -0.37207555 1.16022630 -2.79030558
v -0.25188427 1.39259379 -2.69344132
v -0.25416564 1.17428852 -2.79677082
v -0.37207555 1.16022630 -2.79030558
v -0.25416564 1.17428852 -2.79677082
v -0.37310373 0.93698148 -2.87417471
v -0.37310373 0.93698148 -2.87417471
v -0.25416564 1.17428852 -2.79677082
v -0.25608789 0.94833728 -2.88223699
v -0.37310373 0.93698148 -2.87417471
v -0.25608789 0.94833728 -2.88223699
v -0.37392403 0.70773014 -2.93996073
v -0.37392403 0.70773014 -2.93996073
v -0.25608789 0.94833728 -2.88223699
v -0.25761526 0.71630036 -2.94926167
v -0.37392403 0.70773014 -2.93996073
v -0.25761526 0.71630036 -2.94926167
v -0.37452306 0.47443118 -2.98719835
v -0.37452306 0.47443118 -2.98719835
v -0.25761526 0.71630036 -2.94926167
v -0.25872539 0.48014740 -2.99738515
v -0.37452306 0.47443118 -2.98719835
v -0.25872539 0.48014740 -2.99738515
v -0.37488739 0.23821283 -3.01563069
v -0.37488739 0.23821283 -3.01563069
v -0.25872539 0.48014740 -2.99738515
v -0.25939967 0.24103066 -3.02635133
v -0.37488739 0.23821283 -3.01563069
v -0.25939967 0.24103066 -3.02635133
v -0.37501331 0.00018773 -3.02513912
v -0.37501331 0.00018773 -3.02513912
v -0.25939967 0.24103066 -3.02635133
v -0.25963213 0.00009133 -3.03603765
v -0.37501331 0.00018773 -3.02513912
v -0.25963213 0.00009133 -3.03603765
v -0.37490304 -0.23784223 -3.01567726
v -0.37490304 -0.23784223 -3.01567726
v -0.25963213 0.00009133 -3.03603765
v -0.25942202 -0.24084898 -3.02639827
v -0.37490304 -0.23784223 -3.01567726
v -0.25942202 -0.24084898 -3.02639827
v -0.37455808 -0.47406848 -2.98728347
v -0.37455808 -0.47406848 -2.98728347
v -0.25942202 -0.24084898 -3.02639827
v -0.25877084 -0.47996272 -2.99747325
v -0.37455808 -0.47406848 -2.98728347
v -0.25877084 -0.47996272 -2.99747325
v -0.37397172 -0.70736026 -2.94009112
v -0.37397172 -0.70736026 -2.94009112
v -0.25877084 -0.47996272 -2.99747325
v -0.25767635 -0.71609234 -2.94939727
v -0.37397172 -0.70736026 -2.94009112
v -0.25767635 -0.71609234 -2.94939727
v -0.37315886 -0.93661128 -2.87434775
v -0.37315886 -0.93661128 -2.87434775
v -0.25767635 -0.71609234 -2.94939727
v -0.25615569 -0.94810445 -2.88241878
v -0.37315886 -0.93661128 -2.87434775
v -0.25615569 -0.94810445 -2.88241878
v -0.37214111 -1.15987035 -2.79050395
v -0.37214111 -1.15987035 -2.79050395
v -0.25615569 -0.94810445 -2.88241878
v -0.25423791 -1.17403073 -2.79698875
v -0.37214111 -1.15987035 -2.79050395
v -0.25423791 -1.17403073 -2.79698875
v -0.37091996 -1.37555683 -2.68916376
v -0.37091996 -1.37555683 -2.68916376
v -0.25423791 -1.17403073 -2.79698875
v -0.25194164 -1.39226606 -2.69371551
v -0.37091996 -1.37555683 -2.68916376
v -0.25194164 -1.39226606 -2.69371551
v -0.36954980 -1.58251803 -2.57091280
v -0.36954980 -1.58251803 -2.57091280
v -0.25194164 -1.39226606 -2.69371551
v -0.24934884 -1.60162169 -2.57320013
v -0.36954980 -1.58251803 -2.57091280
v -0.24934884 -1.60162169 -2.57320013
v -0.37287872 -1.76020376 -2.44999900
v -0.37287872 -1.76020376 -2.44999900
v -0.24934884 -1.60162169 -2.57320013
v -0.24992253 -1.78182330 -2.44999584
v -0.23573216 1.78375635 -2.44999267
v -0.11164125 1.79579854 -2.45003216
v -0.24930562 1.60202291 -2.57288348
v -0.24930562 1.60202291 -2.57288348
v -0.11164125 1.79579854 -2.45003216
v -0.12752812 1.61365587 -2.57434119
v -0.24930562 1.60202291 -2.57288348
v -0.12752812 1.61365587 -2.57434119
v -0.25188427 1.39259379 -2.69344132
v -0.25188427 1.39259379 -2.69344132
v -0.12752812 1.61365587 -2.57434119
v -0.13091366 1.40285799 -2.69632898
v -0.25188427 1.39259379 -2.69344132
v -0.13091366 1.40285799 -2.69632898
v -0.25416564 1.17428852 -2.79677082
v -0.25416564 1.17428852 -2.79677082
v -0.13091366 1.40285799 -2.69632898
v -0.13390507 1.18304295 -2.80090608
v -0.25416564 1.17428852 -2.79677082
v -0.13390507 1.18304295 -2.80090608
v -0.25608789 0.94833728 -2.88223699
v -0.25608789 0.94833728 -2.88223699
v -0.13390507 1.18304295 -2.80090608
v -0.13642262 0.95546395 -2.88741626
v -0.25608789 0.94833728 -2.88223699
v -0.13642262 0.95546395 -2.88741626
v -0.25761526 0.71630036 -2.94926167
v -0.25761526 0.71630036 -2.94926167
v -0.13642262 0.95546395 -2.88741626
v -0.01727815 0.72404887 -2.95860451
v -0.25761526 0.71630036 -2.94926167
v -0.01727815 0.72404887 -2.95860451
v -0.25872539 0.48014740 -2.99738515
v -0.25872539 0.48014740 -2.99738515
v -0.01727815 0.72404887 -2.95860451
v -0.01883458 0.48537403 -3.00767012
v -0.25872539 0.48014740 -2.99738515
v -0.01883458 0.48537403 -3.00767012
v -0.25939967 0.24103066 -3.02635133
v -0.25939967 0.24103066 -3.02635133
v -0.01883458 0.48537403 -3.00767012
v -0.01978080 0.24362144 -3.03720795
v -0.25939967 0.24103066 -3.02635133
v -0.01978080 0.24362144 -3.03720795
v -0.25963213 0.00009133 -3.03603765
v -0.25963213 0.00009133 -3.03603765
v -0.01978080 0.24362144 -3.03720795
v -0.02010639 -0.00001027 -3.04707978
v -0.25963213 0.00009133 -3.03603765
v -0.02010639 -0.00001027 -3.04707978
v -0.25942202 -0.24084898 -3.02639827
v -0.25942202 -0.24084898 -3.02639827
v -0.02010639 -0.00001027 -3.04707978
v -0.01980762 -0.24363853 -3.03723682
v -0.25942202 -0.24084898 -3.02639827
v -0.01980762 -0.24363853 -3.03723682
v -0.25877084 -0.47996272 -2.99747325
v -0.25877084 -0.47996272 -2.99747325
v -0.01980762 -0.24363853 -3.03723682
v -0.01888748 -0.48537757 -3.00772525
v -0.25877084 -0.47996272 -2.99747325
v -0.01888748 -0.48537757 -3.00772525
v -0.25767635 -0.71609234 -2.94939727
v -0.25767635 -0.71609234 -2.94939727
v -0.01888748 -0.48537757 -3.00772525
v -0.01734819 -0.72402004 -2.95869205
v -0.25767635 -0.71609234 -2.94939727
v -0.01734819 -0.72402004 -2.95869205
v -0.25615569 -0.94810445 -2.88241878
v -0.25615569 -0.94810445 -2.88241878
v -0.01734819 -0.72402004 -2.95869205
v -0.01520987 -0.95838094 -2.89040003
v -0.25615569 -0.94810445 -2.88241878
v -0.01520987 -0.95838094 -2.89040003
v -0.25423791 -1.17403073 -2.79698875
v -0.25423791 -1.17403073 -2.79698875
v -0.01520987 -0.95838094 -2.89040003
v -0.01250382 -1.18643511 -2.80332714
v -0.25423791 -1.17403073 -2.79698875
v -0.01250382 -1.18643511 -2.80332714
v -0.13097252 -1.40259983 -2.69658398
v -0.13097252 -1.40259983 -2.69658398
v -0.01250382 -1.18643511 -2.80332714
v -0.00927623 -1.40653551 -2.69811712
v -0.13097252 -1.40259983 -2.69658398
v -0.00927623 -1.40653551 -2.69811712
v -0.12756835 -1.61330756 -2.57464070
v -0.12756835 -1.61330756 -2.57464070
v -0.00927623 -1.40653551 -2.69811712
v -0.00563513 -1.61746498 -2.57540289
v -0.12756835 -1.61330756 -2.57464070
v -0.00563513 -1.61746498 -2.57540289
v -0.12557011 -1.79487821 -2.45003570
v -0.12557011 -1.79487821 -2.45003570
v -0.00563513 -1.61746498 -2.57540289
v 0.00000347 -1.79923680 -2.45000012
v -1.46524860 -0.75704847 -2.37371810
v -1.41603155 -0.81891157 -2.38323193
v -1.44645749 -0.58902446 -2.43337695
v -1.41603155 -0.81891157 -2.38323193
v -1.46524860 -0.75704847 -2.37371810
v -1.40053434 -0.87096458 -2.37371866
v -1.15516288 -1.17714712 -2.37372071
v -1.19387982 -1.04312375 -2.41775122
v -1.24493865 -1.08175939 -2.37371996
v -0.95426021 -1.34516340 -2.37372238
v -0.96827922 -1.26010710 -2.41522305
v -1.05828522 -1.26495417 -2.37372164
v -0.72929361 -1.47925904 -2.37372443
v -0.60996958 -1.53232282 -2.37372536
v -0.56066462 -1.46835791 -2.42682490
v 0.00001092 1.51104787 -2.46587005
v 0.00001166 1.64926555 -2.37373058
v -0.11547904 1.64521765 -2.37372965
v 0.00001092 1.51104787 -2.46587005
v -0.18233384 1.46835772 -2.48522963
v 0.00001017 1.36768203 -2.54980847
v 0.00001017 1.36768203 -2.54980847
v -0.18233384 1.46835772 -2.48522963
v -0.19081931 1.26010682 -2.59857811
v 0.00001017 1.36768203 -2.54980847
v -0.19081931 1.26010682 -2.59857811
v 0.00001017 1.31245432 -2.57923417
v 0.00001017 1.31245432 -2.57923417
v -0.19081931 1.26010682 -2.59857811
v 0.00000943 1.26010682 -2.60571167
v 0.00000943 1.26010682 -2.60571167
v -0.19081931 1.26010682 -2.59857811
v 0.00000943 1.21966889 -2.62525063
v 0.00000943 1.21966889 -2.62525063
v -0.19081931 1.26010682 -2.59857811
v -0.19798304 1.04312347 -2.69426107
v 0.00000943 1.21966889 -2.62525063
v -0.19798304 1.04312347 -2.69426107
v 0.00000868 1.06751146 -2.69194059
v 0.00000794 0.75284401 -2.79818736
v 0.00000794 0.81891138 -2.77923327
v -0.20377364 0.81891138 -2.77161542
v -0.20377364 0.81891138 -2.77161542
v 0.00000794 0.81891138 -2.77923327
v 0.00000868 0.91172671 -2.74965148
v -0.20377364 0.81891138 -2.77161542
v 0.00000868 0.91172671 -2.74965148
v -0.19798304 1.04312347 -2.69426107
v -0.19798304 1.04312347 -2.69426107
v 0.00000868 0.91172671 -2.74965148
v 0.00000868 1.00383135 -2.71678176
v -0.19798304 1.04312347 -2.69426107
v 0.00000868 1.00383135 -2.71678176
v 0.00000868 1.06751146 -2.69194059
v 0.00000794 0.75284401 -2.79818736
v -0.20377364 0.81891138 -2.77161542
v 0.00000794 0.68109878 -2.81683765
v 0.00000794 0.68109878 -2.81683765
v -0.20377364 0.81891138 -2.77161542
v -0.20815234 0.58902418 -2.83010527
v 0.00000794 0.68109878 -2.81683765
v -0.20815234 0.58902418 -2.83010527
v 0.00000719 0.59140325 -2.83738300
v 0.00000719 0.59140325 -2.83738300
v -0.20815234 0.58902418 -2.83010527
v 0.00000719 0.42795292 -2.86710560
v 0.00000719 0.42795292 -2.86710560
v -0.20815234 0.58902418 -2.83010527
v -0.21108862 0.35505516 -2.86932513
v 0.00000719 0.42795292 -2.86710560
v -0.21108862 0.35505516 -2.86932513
v 0.00000645 0.34879295 -2.87799537
v 0.00000645 0.34879295 -2.87799537
v -0.21108862 0.35505516 -2.86932513
v 0.00000645 0.26304848 -2.88725384
v 0.00000645 0.26304848 -2.88725384
v -0.21108862 0.35505516 -2.86932513
v -0.21256160 0.11862565 -2.88900323
v 0.00000645 0.26304848 -2.88725384
v -0.21256160 0.11862565 -2.88900323
v 0.00000645 0.09725021 -2.89775953
v 0.00000645 0.09725021 -2.89775953
v -0.21256160 0.11862565 -2.88900323
v 0.00000570 0.01158455 -2.89939567
v 0.00000570 0.01158455 -2.89939567
v -0.21256160 0.11862565 -2.88900323
v -0.21256160 -0.11862596 -2.88900323
v 0.00000570 0.01158455 -2.89939567
v -0.21256160 -0.11862596 -2.88900323
v 0.00000570 -0.06887850 -2.89858673
v -0.21108862 -0.35505546 -2.86932513
v 0.00000570 -0.23477315 -2.88973283
v -0.21256160 -0.11862596 -2.88900323
v -0.21256160 -0.11862596 -2.88900323
v 0.00000570 -0.23477315 -2.88973283
v 0.00000570 -0.11862596 -2.89694946
v -0.21256160 -0.11862596 -2.88900323
v 0.00000570 -0.11862596 -2.89694946
v 0.00000570 -0.06887850 -2.89858673
v -0.20815234 -0.58902446 -2.83010527
v 0.00000496 -0.39987010 -2.87122782
v -0.21108862 -0.35505546 -2.86932513
v -0.21108862 -0.35505546 -2.86932513
v 0.00000496 -0.39987010 -2.87122782
v 0.00000570 -0.32578665 -2.88073756
v -0.21108862 -0.35505546 -2.86932513
v 0.00000570 -0.32578665 -2.88073756
v 0.00000570 -0.23477315 -2.88973283
v 0.00000496 -0.81891157 -2.77923308
v 0.00000496 -0.72543146 -2.80554872
v -0.20377364 -0.81891157 -2.77161542
v -0.20377364 -0.81891157 -2.77161542
v 0.00000496 -0.72543146 -2.80554872
v 0.00000496 -0.65857871 -2.82228310
v -0.20377364 -0.81891157 -2.77161542
v 0.00000496 -0.65857871 -2.82228310
v -0.20815234 -0.58902446 -2.83010527
v -0.20815234 -0.58902446 -2.83010527
v 0.00000496 -0.65857871 -2.82228310
v 0.00000496 -0.56360830 -2.84313466
v -0.20815234 -0.58902446 -2.83010527
v 0.00000496 -0.56360830 -2.84313466
v 0.00000496 -0.39987010 -2.87122782
v 0.00000496 -0.81891157 -2.77923308
v -0.20377364 -0.81891157 -2.77161542
v 0.00000496 -0.88478960 -2.75859758
v 0.00000496 -0.88478960 -2.75859758
v -0.20377364 -0.81891157 -2.77161542
v -0.19798304 -1.04312375 -2.69426089
v 0.00000496 -0.88478960 -2.75859758
v -0.19798304 -1.04312375 -2.69426089
v 0.00000496 -0.98211402 -2.72485409
v -0.19081931 -1.26010710 -2.59857792
v 0.00000496 -1.19395545 -2.63726972
v -0.19798304 -1.04312375 -2.69426089
v -0.19798304 -1.04312375 -2.69426089
v 0.00000496 -1.19395545 -2.63726972
v 0.00000496 -1.04114134 -2.70244107
v -0.19798304 -1.04312375 -2.69426089
v 0.00000496 -1.04114134 -2.70244107
v 0.00000496 -0.98211402 -2.72485409
v 0.00000570 -1.61886681 -2.39500441
v 0.00000570 -1.48690725 -2.48079877
v -0.18233384 -1.46835791 -2.48522963
v -0.18233384 -1.46835791 -2.48522963
v 0.00000570 -1.48690725 -2.48079877
v 0.00000496 -1.34271253 -2.56330520
v -0.18233384 -1.46835791 -2.48522963
v 0.00000496 -1.34271253 -2.56330520
v -0.19081931 -1.26010710 -2.59857792
v -0.19081931 -1.26010710 -2.59857792
v 0.00000496 -1.34271253 -2.56330520
v 0.00000496 -1.29184499 -2.58982014
v -0.19081931 -1.26010710 -2.59857792
v 0.00000496 -1.29184499 -2.58982014
v 0.00000496 -1.19395545 -2.63726972
v -0.11584263 -1.64519195 -2.37372965
v 0.00000570 -1.64926574 -2.37373039
v 0.00000570 -1.61886681 -2.39500441
v -0.60996958 -1.53232282 -2.37372536
v -0.48593679 -1.57605242 -2.37372648
v -0.37264477 -1.46835791 -2.46345028
v -0.37264477 -1.46835791 -2.46345028
v -0.48593679 -1.57605242 -2.37372648
v -0.35900723 -1.60971750 -2.37372760
v -0.37264477 -1.46835791 -2.46345028
v -0.35900723 -1.60971750 -2.37372760
v -0.23032676 -1.63310319 -2.37372871
v -0.72929361 -1.47925904 -2.37372443
v -0.74523562 -1.46835791 -2.37557888
v -0.84430231 -1.41676776 -2.37372331
v -0.84430231 -1.41676776 -2.37372331
v -0.74523562 -1.46835791 -2.37557888
v -0.77991509 -1.26010710 -2.48382483
v -0.84430231 -1.41676776 -2.37372331
v -0.77991509 -1.26010710 -2.48382483
v -0.95426021 -1.34516340 -2.37372238
v -1.24493865 -1.08175939 -2.37371996
v -1.19387982 -1.04312375 -2.41775122
v -1.32693602 -0.97944699 -2.37371922
v -1.32693602 -0.97944699 -2.37371922
v -1.19387982 -1.04312375 -2.41775122
v -1.22879772 -0.81891157 -2.48701852
v -1.32693602 -0.97944699 -2.37371922
v -1.22879772 -0.81891157 -2.48701852
v -1.40053434 -0.87096458 -2.37371866
v -1.46685867 -0.35505546 -2.46700123
v -1.56661216 -0.51555964 -2.37371717
v -1.44645749 -0.58902446 -2.43337695
v -1.44645749 -0.58902446 -2.43337695
v -1.56661216 -0.51555964 -2.37371717
v -1.52074648 -0.63828374 -2.37371754
v -1.44645749 -0.58902446 -2.43337695
v -1.52074648 -0.63828374 -2.37371754
v -1.46524860 -0.75704847 -2.37371810
v -1.47709502 -0.11862596 -2.48387177
v -1.62847135 -0.26107009 -2.37371661
v -1.46685867 -0.35505546 -2.46700123
v -1.46685867 -0.35505546 -2.46700123
v -1.62847135 -0.26107009 -2.37371661
v -1.60254184 -0.38978839 -2.37371679
v -1.46685867 -0.35505546 -2.46700123
v -1.60254184 -0.38978839 -2.37371679
v -1.56661216 -0.51555964 -2.37371717
v -1.47709502 0.11862565 -2.48387177
v -1.64926518 0.00000282 -2.37371642
v -1.47709502 -0.11862596 -2.48387177
v -1.47709502 -0.11862596 -2.48387177
v -1.64926518 0.00000282 -2.37371642
v -1.64406989 -0.13080770 -2.37371661
v -1.47709502 -0.11862596 -2.48387177
v -1.64406989 -0.13080770 -2.37371661
v -1.62847135 -0.26107009 -2.37371661
v -1.56661067 0.51556500 -2.37371717
v -1.60254333 0.38978448 -2.37371679
v -1.46685867 0.35505516 -2.46700123
v -1.46685867 0.35505516 -2.46700123
v -1.60254333 0.38978448 -2.37371679
v -1.62847061 0.26107565 -2.37371661
v -1.46685867 0.35505516 -2.46700123
v -1.62847061 0.26107565 -2.37371661
v -1.47709502 0.11862565 -2.48387177
v -1.47709502 0.11862565 -2.48387177
v -1.62847061 0.26107565 -2.37371661
v -1.64409298 0.13051931 -2.37371661
v -1.47709502 0.11862565 -2.48387177
v -1.64409298 0.13051931 -2.37371661
v -1.64926518 0.00000282 -2.37371642
v -1.56661067 0.51556500 -2.37371717
v -1.46685867 0.35505516 -2.46700123
v -1.52092753 0.63785198 -2.37371754
v -1.52092753 0.63785198 -2.37371754
v -1.46685867 0.35505516 -2.46700123
v -1.44645749 0.58902418 -2.43337695
v -1.52092753 0.63785198 -2.37371754
v -1.44645749 0.58902418 -2.43337695
v -1.46524636 0.75705349 -2.37371810
v -1.46524636 0.75705349 -2.37371810
v -1.44645749 0.58902418 -2.43337695
v -1.41603155 0.81891138 -2.38323212
v -1.46524636 0.75705349 -2.37371810
v -1.41603155 0.81891138 -2.38323212
v -1.40033020 0.87129334 -2.37371866
v -1.19387982 1.04312347 -2.41775140
v -1.24529405 1.08135045 -2.37371996
v -1.22879772 0.81891138 -2.48701870
v -1.22879772 0.81891138 -2.48701870
v -1.24529405 1.08135045 -2.37371996
v -1.32693304 0.97945156 -2.37371922
v -1.15515916 1.17715104 -2.37372071
v -1.00462465 1.04312347 -2.50402372
v -1.05770631 1.26543809 -2.37372164
v -1.05770631 1.26543809 -2.37372164
v -1.00462465 1.04312347 -2.50402372
v -0.96827922 1.26010682 -2.41522305
v -1.05770631 1.26543809 -2.37372164
v -0.96827922 1.26010682 -2.41522305
v -0.95425500 1.34516666 -2.37372238
v -0.77991509 1.26010682 -2.48382501
v -0.74523562 1.46835772 -2.37557907
v -0.84476871 1.41648948 -2.37372331
v -0.56066462 1.46835772 -2.42682509
v -0.60905688 1.53268585 -2.37372536
v -0.72928839 1.47926155 -2.37372443
v 0.00001092 1.51104787 -2.46587005
v -0.11547904 1.64521765 -2.37372965
v -0.18233384 1.46835772 -2.48522963
v -0.18233384 1.46835772 -2.48522963
v -0.11547904 1.64521765 -2.37372965
v -0.23032080 1.63310412 -2.37372871
v -0.18233384 1.46835772 -2.48522963
v -0.23032080 1.63310412 -2.37372871
v -0.35953696 1.60959922 -2.37372760
v -1.40053434 -0.87096458 -2.37371866
v -1.22879772 -0.81891157 -2.48701852
v -1.41603155 -0.81891157 -2.38323193
v -1.41603155 -0.81891157 -2.38323193
v -1.22879772 -0.81891157 -2.48701852
v -1.25520034 -0.58902446 -2.53939349
v -1.41603155 -0.81891157 -2.38323193
v -1.25520034 -0.58902446 -2.53939349
v -1.44645749 -0.58902446 -2.43337695
v -1.44645749 -0.58902446 -2.43337695
v -1.25520034 -0.58902446 -2.53939349
v -1.27290441 -0.35505546 -2.57451292
v -1.44645749 -0.58902446 -2.43337695
v -1.27290441 -0.35505546 -2.57451292
v -1.46685867 -0.35505546 -2.46700123
v -1.46685867 -0.35505546 -2.46700123
v -1.27290441 -0.35505546 -2.57451292
v -1.28178773 -0.11862596 -2.59213373
v -1.46685867 -0.35505546 -2.46700123
v -1.28178773 -0.11862596 -2.59213373
v -1.47709502 -0.11862596 -2.48387177
v -1.47709502 -0.11862596 -2.48387177
v -1.28178773 -0.11862596 -2.59213373
v -1.28178773 0.11862565 -2.59213373
v -1.47709502 -0.11862596 -2.48387177
v -1.28178773 0.11862565 -2.59213373
v -1.47709502 0.11862565 -2.48387177
v -1.47709502 0.11862565 -2.48387177
v -1.28178773 0.11862565 -2.59213373
v -1.27290515 0.35505516 -2.57451292
v -1.47709502 0.11862565 -2.48387177
v -1.27290515 0.35505516 -2.57451292
v -1.46685867 0.35505516 -2.46700123
v -1.46685867 0.35505516 -2.46700123
v -1.27290515 0.35505516 -2.57451292
v -1.25520034 0.58902418 -2.53939349
v -1.46685867 0.35505516 -2.46700123
v -1.25520034 0.58902418 -2.53939349
v -1.44645749 0.58902418 -2.43337695
v -1.44645749 0.58902418 -2.43337695
v -1.25520034 0.58902418 -2.53939349
v -1.22879772 0.81891138 -2.48701870
v -1.44645749 0.58902418 -2.43337695
v -1.22879772 0.81891138 -2.48701870
v -1.41603155 0.81891138 -2.38323212
v -1.41603155 0.81891138 -2.38323212
v -1.22879772 0.81891138 -2.48701870
v -1.32693304 0.97945156 -2.37371922
v -1.41603155 0.81891138 -2.38323212
v -1.32693304 0.97945156 -2.37371922
v -1.40033020 0.87129334 -2.37371866
v -1.05828522 -1.26495417 -2.37372164
v -0.96827922 -1.26010710 -2.41522305
v -1.15516288 -1.17714712 -2.37372071
v -1.15516288 -1.17714712 -2.37372071
v -0.96827922 -1.26010710 -2.41522305
v -1.00462390 -1.04312375 -2.50402372
v -1.15516288 -1.17714712 -2.37372071
v -1.00462390 -1.04312375 -2.50402372
v -1.19387982 -1.04312375 -2.41775122
v -1.19387982 -1.04312375 -2.41775122
v -1.00462390 -1.04312375 -2.50402372
v -1.03400750 -0.81891157 -2.57581417
v -1.19387982 -1.04312375 -2.41775122
v -1.03400750 -0.81891157 -2.57581417
v -1.22879772 -0.81891157 -2.48701852
v -1.22879772 -0.81891157 -2.48701852
v -1.03400750 -0.81891157 -2.57581417
v -1.05622439 -0.58902446 -2.63009686
v -1.22879772 -0.81891157 -2.48701852
v -1.05622439 -0.58902446 -2.63009686
v -1.25520034 -0.58902446 -2.53939349
v -1.25520034 -0.58902446 -2.53939349
v -1.05622439 -0.58902446 -2.63009686
v -1.07112257 -0.35505546 -2.66649574
v -1.25520034 -0.58902446 -2.53939349
v -1.07112257 -0.35505546 -2.66649574
v -1.27290441 -0.35505546 -2.57451292
v -1.27290441 -0.35505546 -2.57451292
v -1.07112257 -0.35505546 -2.66649574
v -1.07859699 -0.11862596 -2.68475842
v -1.27290441 -0.35505546 -2.57451292
v -1.07859699 -0.11862596 -2.68475842
v -1.28178773 -0.11862596 -2.59213373
v -1.28178773 -0.11862596 -2.59213373
v -1.07859699 -0.11862596 -2.68475842
v -1.07859699 0.11862565 -2.68475860
v -1.28178773 -0.11862596 -2.59213373
v -1.07859699 0.11862565 -2.68475860
v -1.28178773 0.11862565 -2.59213373
v -1.28178773 0.11862565 -2.59213373
v -1.07859699 0.11862565 -2.68475860
v -1.07112257 0.35505516 -2.66649574
v -1.28178773 0.11862565 -2.59213373
v -1.07112257 0.35505516 -2.66649574
v -1.27290515 0.35505516 -2.57451292
v -1.27290515 0.35505516 -2.57451292
v -1.07112257 0.35505516 -2.66649574
v -1.05622439 0.58902418 -2.63009705
v -1.27290515 0.35505516 -2.57451292
v -1.05622439 0.58902418 -2.63009705
v -1.25520034 0.58902418 -2.53939349
v -1.25520034 0.58902418 -2.53939349
v -1.05622439 0.58902418 -2.63009705
v -1.03400750 0.81891138 -2.57581417
v -1.25520034 0.58902418 -2.53939349
v -1.03400750 0.81891138 -2.57581417
v -1.22879772 0.81891138 -2.48701870
v -1.22879772 0.81891138 -2.48701870
v -1.03400750 0.81891138 -2.57581417
v -1.00462465 1.04312347 -2.50402372
v -1.22879772 0.81891138 -2.48701870
v -1.00462465 1.04312347 -2.50402372
v -1.19387982 1.04312347 -2.41775140
v -1.19387982 1.04312347 -2.41775140
v -1.00462465 1.04312347 -2.50402372
v -1.15515916 1.17715104 -2.37372071
v -1.19387982 1.04312347 -2.41775140
v -1.15515916 1.17715104 -2.37372071
v -1.24529405 1.08135045 -2.37371996
v -0.95426021 -1.34516340 -2.37372238
v -0.77991509 -1.26010710 -2.48382483
v -0.96827922 -1.26010710 -2.41522305
v -0.96827922 -1.26010710 -2.41522305
v -0.77991509 -1.26010710 -2.48382483
v -0.80919070 -1.04312375 -2.57520061
v -0.96827922 -1.26010710 -2.41522305
v -0.80919070 -1.04312375 -2.57520061
v -1.00462390 -1.04312375 -2.50402372
v -1.00462390 -1.04312375 -2.50402372
v -0.80919070 -1.04312375 -2.57520061
v -0.83285747 -0.81891157 -2.64907274
v -1.00462390 -1.04312375 -2.50402372
v -0.83285747 -0.81891157 -2.64907274
v -1.03400750 -0.81891157 -2.57581417
v -1.03400750 -0.81891157 -2.57581417
v -0.83285747 -0.81891157 -2.64907274
v -0.85075302 -0.58902446 -2.70492956
v -1.03400750 -0.81891157 -2.57581417
v -0.85075302 -0.58902446 -2.70492956
v -1.05622439 -0.58902446 -2.63009686
v -1.05622439 -0.58902446 -2.63009686
v -0.85075302 -0.58902446 -2.70492956
v -0.86275293 -0.35505546 -2.74238400
v -1.05622439 -0.58902446 -2.63009686
v -0.86275293 -0.35505546 -2.74238400
v -1.07112257 -0.35505546 -2.66649574
v -1.07112257 -0.35505546 -2.66649574
v -0.86275293 -0.35505546 -2.74238400
v -0.86877299 -0.11862596 -2.76117623
v -1.07112257 -0.35505546 -2.66649574
v -0.86877299 -0.11862596 -2.76117623
v -1.07859699 -0.11862596 -2.68475842
v -1.07859699 -0.11862596 -2.68475842
v -0.86877299 -0.11862596 -2.76117623
v -0.86877299 0.11862565 -2.76117623
v -1.07859699 -0.11862596 -2.68475842
v -0.86877299 0.11862565 -2.76117623
v -1.07859699 0.11862565 -2.68475860
v -1.07859699 0.11862565 -2.68475860
v -0.86877299 0.11862565 -2.76117623
v -0.86275293 0.35505516 -2.74238400
v -1.07859699 0.11862565 -2.68475860
v -0.86275293 0.35505516 -2.74238400
v -1.07112257 0.35505516 -2.66649574
v -1.07112257 0.35505516 -2.66649574
v -0.86275293 0.35505516 -2.74238400
v -0.85075302 0.58902418 -2.70492975
v -1.07112257 0.35505516 -2.66649574
v -0.85075302 0.58902418 -2.70492975
v -1.05622439 0.58902418 -2.63009705
v -1.05622439 0.58902418 -2.63009705
v -0.85075302 0.58902418 -2.70492975
v -0.83285747 0.81891138 -2.64907293
v -1.05622439 0.58902418 -2.63009705
v -0.83285747 0.81891138 -2.64907293
v -1.03400750 0.81891138 -2.57581417
v -1.03400750 0.81891138 -2.57581417
v -0.83285747 0.81891138 -2.64907293
v -0.80919070 1.04312347 -2.57520080
v -1.03400750 0.81891138 -2.57581417
v -0.80919070 1.04312347 -2.57520080
v -1.00462465 1.04312347 -2.50402372
v -1.00462465 1.04312347 -2.50402372
v -0.80919070 1.04312347 -2.57520080
v -0.77991509 1.26010682 -2.48382501
v -1.00462465 1.04312347 -2.50402372
v -0.77991509 1.26010682 -2.48382501
v -0.96827922 1.26010682 -2.41522305
v -0.96827922 1.26010682 -2.41522305
v -0.77991509 1.26010682 -2.48382501
v -0.84476871 1.41648948 -2.37372331
v -0.96827922 1.26010682 -2.41522305
v -0.84476871 1.41648948 -2.37372331
v -0.95425500 1.34516666 -2.37372238
v -0.11584263 -1.64519195 -2.37372965
v 0.00000570 -1.61886681 -2.39500441
v -0.23032676 -1.63310319 -2.37372871
v -0.23032676 -1.63310319 -2.37372871
v 0.00000570 -1.61886681 -2.39500441
v -0.18233384 -1.46835791 -2.48522963
v -0.23032676 -1.63310319 -2.37372871
v -0.18233384 -1.46835791 -2.48522963
v -0.37264477 -1.46835791 -2.46345028
v -0.37264477 -1.46835791 -2.46345028
v -0.18233384 -1.46835791 -2.48522963
v -0.19081931 -1.26010710 -2.59857792
v -0.37264477 -1.46835791 -2.46345028
v -0.19081931 -1.26010710 -2.59857792
v -0.38998674 -1.26010710 -2.57578511
v -0.38998674 -1.26010710 -2.57578511
v -0.19081931 -1.26010710 -2.59857792
v -0.19798304 -1.04312375 -2.69426089
v -0.38998674 -1.26010710 -2.57578511
v -0.19798304 -1.04312375 -2.69426089
v -0.40462562 -1.04312375 -2.67061256
v -0.40462562 -1.04312375 -2.67061256
v -0.19798304 -1.04312375 -2.69426089
v -0.20377364 -0.81891157 -2.77161542
v -0.40462562 -1.04312375 -2.67061256
v -0.20377364 -0.81891157 -2.77161542
v -0.41646012 -0.81891157 -2.74727531
v -0.41646012 -0.81891157 -2.74727531
v -0.20377364 -0.81891157 -2.77161542
v -0.20815234 -0.58902446 -2.83010527
v -0.41646012 -0.81891157 -2.74727531
v -0.20815234 -0.58902446 -2.83010527
v -0.42540901 -0.58902446 -2.80524231
v -0.42540901 -0.58902446 -2.80524231
v -0.20815234 -0.58902446 -2.83010527
v -0.21108862 -0.35505546 -2.86932513
v -0.42540901 -0.58902446 -2.80524231
v -0.21108862 -0.35505546 -2.86932513
v -0.43140971 -0.35505546 -2.84411144
v -0.43140971 -0.35505546 -2.84411144
v -0.21108862 -0.35505546 -2.86932513
v -0.21256160 -0.11862596 -2.88900323
v -0.43140971 -0.35505546 -2.84411144
v -0.21256160 -0.11862596 -2.88900323
v -0.43441975 -0.11862596 -2.86361352
v -0.43441975 -0.11862596 -2.86361352
v -0.21256160 -0.11862596 -2.88900323
v -0.21256160 0.11862565 -2.88900323
v -0.43441975 -0.11862596 -2.86361352
v -0.21256160 0.11862565 -2.88900323
v -0.43441975 0.11862565 -2.86361352
v -0.43441975 0.11862565 -2.86361352
v -0.21256160 0.11862565 -2.88900323
v -0.21108862 0.35505516 -2.86932513
v -0.43441975 0.11862565 -2.86361352
v -0.21108862 0.35505516 -2.86932513
v -0.43140971 0.35505516 -2.84411144
v -0.43140971 0.35505516 -2.84411144
v -0.21108862 0.35505516 -2.86932513
v -0.20815234 0.58902418 -2.83010527
v -0.43140971 0.35505516 -2.84411144
v -0.20815234 0.58902418 -2.83010527
v -0.42540901 0.58902418 -2.80524231
v -0.42540901 0.58902418 -2.80524231
v -0.20815234 0.58902418 -2.83010527
v -0.20377364 0.81891138 -2.77161542
v -0.42540901 0.58902418 -2.80524231
v -0.20377364 0.81891138 -2.77161542
v -0.41646012 0.81891138 -2.74727549
v -0.41646012 0.81891138 -2.74727549
v -0.20377364 0.81891138 -2.77161542
v -0.19798304 1.04312347 -2.69426107
v -0.41646012 0.81891138 -2.74727549
v -0.19798304 1.04312347 -2.69426107
v -0.40462562 1.04312347 -2.67061274
v -0.40462562 1.04312347 -2.67061274
v -0.19798304 1.04312347 -2.69426107
v -0.19081931 1.26010682 -2.59857811
v -0.40462562 1.04312347 -2.67061274
v -0.19081931 1.26010682 -2.59857811
v -0.38998674 1.26010682 -2.57578529
v -0.38998674 1.26010682 -2.57578529
v -0.19081931 1.26010682 -2.59857811
v -0.18233384 1.46835772 -2.48522963
v -0.38998674 1.26010682 -2.57578529
v -0.18233384 1.46835772 -2.48522963
v -0.37264477 1.46835772 -2.46345047
v -0.37264477 1.46835772 -2.46345047
v -0.18233384 1.46835772 -2.48522963
v -0.35953696 1.60959922 -2.37372760
v -0.37264477 1.46835772 -2.46345047
v -0.35953696 1.60959922 -2.37372760
v -0.48593157 1.57605428 -2.37372648
v -0.60996958 -1.53232282 -2.37372536
v -0.37264477 -1.46835791 -2.46345028
v -0.56066462 -1.46835791 -2.42682490
v -0.56066462 -1.46835791 -2.42682490
v -0.37264477 -1.46835791 -2.46345028
v -0.38998674 -1.26010710 -2.57578511
v -0.56066462 -1.46835791 -2.42682490
v -0.38998674 -1.26010710 -2.57578511
v -0.58675506 -1.26010710 -2.53745560
v -0.58675506 -1.26010710 -2.53745560
v -0.38998674 -1.26010710 -2.57578511
v -0.40462562 -1.04312375 -2.67061256
v -0.58675506 -1.26010710 -2.53745560
v -0.40462562 -1.04312375 -2.67061256
v -0.60877972 -1.04312375 -2.63084434
v -0.60877972 -1.04312375 -2.63084434
v -0.40462562 -1.04312375 -2.67061256
v -0.41646012 -0.81891157 -2.74727531
v -0.60877972 -1.04312375 -2.63084434
v -0.41646012 -0.81891157 -2.74727531
v -0.62658587 -0.81891157 -2.70634405
v -0.62658587 -0.81891157 -2.70634405
v -0.41646012 -0.81891157 -2.74727531
v -0.42540901 -0.58902446 -2.80524231
v -0.62658587 -0.81891157 -2.70634405
v -0.42540901 -0.58902446 -2.80524231
v -0.64004906 -0.58902446 -2.76343133
v -0.64004906 -0.58902446 -2.76343133
v -0.42540901 -0.58902446 -2.80524231
v -0.43140971 -0.35505546 -2.84411144
v -0.64004906 -0.58902446 -2.76343133
v -0.43140971 -0.35505546 -2.84411144
v -0.64907693 -0.35505546 -2.80171074
v -0.64907693 -0.35505546 -2.80171074
v -0.43140971 -0.35505546 -2.84411144
v -0.43441975 -0.11862596 -2.86361352
v -0.64907693 -0.35505546 -2.80171074
v -0.43441975 -0.11862596 -2.86361352
v -0.65360689 -0.11862596 -2.82091703
v -0.65360689 -0.11862596 -2.82091703
v -0.43441975 -0.11862596 -2.86361352
v -0.43441975 0.11862565 -2.86361352
v -0.65360689 -0.11862596 -2.82091703
v -0.43441975 0.11862565 -2.86361352
v -0.65360689 0.11862565 -2.82091703
v -0.65360689 0.11862565 -2.82091703
v -0.43441975 0.11862565 -2.86361352
v -0.43140971 0.35505516 -2.84411144
v -0.65360689 0.11862565 -2.82091703
v -0.43140971 0.35505516 -2.84411144
v -0.64907693 0.35505516 -2.80171074
v -0.64907693 0.35505516 -2.80171074
v -0.43140971 0.35505516 -2.84411144
v -0.42540901 0.58902418 -2.80524231
v -0.64907693 0.35505516 -2.80171074
v -0.42540901 0.58902418 -2.80524231
v -0.64004906 0.58902418 -2.76343133
v -0.64004906 0.58902418 -2.76343133
v -0.42540901 0.58902418 -2.80524231
v -0.41646012 0.81891138 -2.74727549
v -0.64004906 0.58902418 -2.76343133
v -0.41646012 0.81891138 -2.74727549
v -0.62658587 0.81891138 -2.70634405
v -0.62658587 0.81891138 -2.70634405
v -0.41646012 0.81891138 -2.74727549
v -0.40462562 1.04312347 -2.67061274
v -0.62658587 0.81891138 -2.70634405
v -0.40462562 1.04312347 -2.67061274
v -0.60877972 1.04312347 -2.63084434
v -0.60877972 1.04312347 -2.63084434
v -0.40462562 1.04312347 -2.67061274
v -0.38998674 1.26010682 -2.57578529
v -0.60877972 1.04312347 -2.63084434
v -0.38998674 1.26010682 -2.57578529
v -0.58675506 1.26010682 -2.53745578
v -0.58675506 1.26010682 -2.53745578
v -0.38998674 1.26010682 -2.57578529
v -0.37264477 1.46835772 -2.46345047
v -0.58675506 1.26010682 -2.53745578
v -0.37264477 1.46835772 -2.46345047
v -0.56066462 1.46835772 -2.42682509
v -0.56066462 1.46835772 -2.42682509
v -0.37264477 1.46835772 -2.46345047
v -0.48593157 1.57605428 -2.37372648
v -0.56066462 1.46835772 -2.42682509
v -0.48593157 1.57605428 -2.37372648
v -0.60905688 1.53268585 -2.37372536
v -0.72929361 -1.47925904 -2.37372443
v -0.56066462 -1.46835791 -2.42682490
v -0.74523562 -1.46835791 -2.37557888
v -0.74523562 -1.46835791 -2.37557888
v -0.56066462 -1.46835791 -2.42682490
v -0.58675506 -1.26010710 -2.53745560
v -0.74523562 -1.46835791 -2.37557888
v -0.58675506 -1.26010710 -2.53745560
v -0.77991509 -1.26010710 -2.48382483
v -0.77991509 -1.26010710 -2.48382483
v -0.58675506 -1.26010710 -2.53745560
v -0.60877972 -1.04312375 -2.63084434
v -0.77991509 -1.26010710 -2.48382483
v -0.60877972 -1.04312375 -2.63084434
v -0.80919070 -1.04312375 -2.57520061
v -0.80919070 -1.04312375 -2.57520061
v -0.60877972 -1.04312375 -2.63084434
v -0.62658587 -0.81891157 -2.70634405
v -0.80919070 -1.04312375 -2.57520061
v -0.62658587 -0.81891157 -2.70634405
v -0.83285747 -0.81891157 -2.64907274
v -0.83285747 -0.81891157 -2.64907274
v -0.62658587 -0.81891157 -2.70634405
v -0.64004906 -0.58902446 -2.76343133
v -0.83285747 -0.81891157 -2.64907274
v -0.64004906 -0.58902446 -2.76343133
v -0.85075302 -0.58902446 -2.70492956
v -0.85075302 -0.58902446 -2.70492956
v -0.64004906 -0.58902446 -2.76343133
v -0.64907693 -0.35505546 -2.80171074
v -0.85075302 -0.58902446 -2.70492956
v -0.64907693 -0.35505546 -2.80171074
v -0.86275293 -0.35505546 -2.74238400
v -0.86275293 -0.35505546 -2.74238400
v -0.64907693 -0.35505546 -2.80171074
v -0.65360689 -0.11862596 -2.82091703
v -0.86275293 -0.35505546 -2.74238400
v -0.65360689 -0.11862596 -2.82091703
v -0.86877299 -0.11862596 -2.76117623
v -0.86877299 -0.11862596 -2.76117623
v -0.65360689 -0.11862596 -2.82091703
v -0.65360689 0.11862565 -2.82091703
v -0.86877299 -0.11862596 -2.76117623
v -0.65360689 0.11862565 -2.82091703
v -0.86877299 0.11862565 -2.76117623
v -0.86877299 0.11862565 -2.76117623
v -0.65360689 0.11862565 -2.82091703
v -0.64907693 0.35505516 -2.80171074
v -0.86877299 0.11862565 -2.76117623
v -0.64907693 0.35505516 -2.80171074
v -0.86275293 0.35505516 -2.74238400
v -0.86275293 0.35505516 -2.74238400
v -0.64907693 0.35505516 -2.80171074
v -0.64004906 0.58902418 -2.76343133
v -0.86275293 0.35505516 -2.74238400
v -0.64004906 0.58902418 -2.76343133
v -0.85075302 0.58902418 -2.70492975
v -0.85075302 0.58902418 -2.70492975
v -0.64004906 0.58902418 -2.76343133
v -0.62658587 0.81891138 -2.70634405
v -0.85075302 0.58902418 -2.70492975
v -0.62658587 0.81891138 -2.70634405
v -0.83285747 0.81891138 -2.64907293
v -0.83285747 0.81891138 -2.64907293
v -0.62658587 0.81891138 -2.70634405
v -0.60877972 1.04312347 -2.63084434
v -0.83285747 0.81891138 -2.64907293
v -0.60877972 1.04312347 -2.63084434
v -0.80919070 1.04312347 -2.57520080
v -0.80919070 1.04312347 -2.57520080
v -0.60877972 1.04312347 -2.63084434
v -0.58675506 1.26010682 -2.53745578
v -0.80919070 1.04312347 -2.57520080
v -0.58675506 1.26010682 -2.53745578
v -0.77991509 1.26010682 -2.48382501
v -0.77991509 1.26010682 -2.48382501
v -0.58675506 1.26010682 -2.53745578
v -0.56066462 1.46835772 -2.42682509
v -0.77991509 1.26010682 -2.48382501
v -0.56066462 1.46835772 -2.42682509
v -0.74523562 1.46835772 -2.37557907
v -0.74523562 1.46835772 -2.37557907
v -0.56066462 1.46835772 -2.42682509
v -0.72928839 1.47926155 -2.37372443
v -0.74523562 1.46835772 -2.37557907
v -0.72928839 1.47926155 -2.37372443
v -0.84476871 1.41648948 -2.37372331
v -0.48119598 1.73392575 -2.44986694
v -0.49437308 1.73001494 -2.44996585
v -0.49437308 1.73001494 -2.29966305
v 0.00000347 -1.79923680 -2.45000012
v -0.00000026 -1.79926530 -2.29966305
v -0.12557011 -1.79487821 -2.45003570
v -0.12557011 -1.79487821 -2.45003570
v -0.00000026 -1.79926530 -2.29966305
v -0.22662606 -1.78493597 -2.29966305
v -0.49437233 -1.73001513 -2.44996585
v -0.48123174 -1.73340570 -2.44995635
v -0.49437233 -1.73001513 -2.29966305
v -0.49437233 -1.73001513 -2.29966305
v -0.48123174 -1.73340570 -2.44995635
v -0.37287872 -1.76020376 -2.44999900
v -0.49437233 -1.73001513 -2.29966305
v -0.37287872 -1.76020376 -2.44999900
v -0.22662606 -1.78493597 -2.29966305
v -0.22662606 -1.78493597 -2.29966305
v -0.37287872 -1.76020376 -2.44999900
v -0.24992253 -1.78182330 -2.44999584
v -0.22662606 -1.78493597 -2.29966305
v -0.24992253 -1.78182330 -2.44999584
v -0.12557011 -1.79487821 -2.45003570
v -0.49437233 -1.73001513 -2.44996585
v -0.49437233 -1.73001513 -2.29966305
v -0.62451833 -1.68740395 -2.44996473
v -0.62451833 -1.68740395 -2.44996473
v -0.49437233 -1.73001513 -2.29966305
v -0.75071030 -1.63517278 -2.29966305
v -0.62451833 -1.68740395 -2.44996473
v -0.75071030 -1.63517278 -2.29966305
v -0.75071030 -1.63517278 -2.44996380
v -0.75071030 -1.63517278 -2.44996380
v -0.75071030 -1.63517278 -2.29966305
v -0.87281717 -1.57338679 -2.44996268
v -0.87281717 -1.57338679 -2.44996268
v -0.75071030 -1.63517278 -2.29966305
v -0.98972498 -1.50259798 -2.29966305
v -0.87281717 -1.57338679 -2.44996268
v -0.98972498 -1.50259798 -2.29966305
v -0.98972498 -1.50259798 -2.44996175
v -0.98972498 -1.50259798 -2.44996175
v -0.98972498 -1.50259798 -2.29966305
v -1.10107316 -1.42302262 -2.44996082
v -1.10107316 -1.42302262 -2.44996082
v -0.98972498 -1.50259798 -2.29966305
v -1.20590134 -1.33534968 -2.29966305
v -1.10107316 -1.42302262 -2.44996082
v -1.20590134 -1.33534968 -2.29966305
v -1.20590134 -1.33534968 -2.44995989
v -1.57984141 -0.86107841 -2.44995691
v -1.55042661 -0.91298111 -2.44995710
v -1.55042661 -0.91298111 -2.29966305
v -1.55042661 -0.91298111 -2.29966305
v -1.55042661 -0.91298111 -2.44995710
v -1.47676049 -1.02787865 -2.44995765
v -1.55042661 -0.91298111 -2.29966305
v -1.47676049 -1.02787865 -2.44995765
v -1.39425052 -1.13728726 -2.29966305
v -1.39425052 -1.13728726 -2.29966305
v -1.47676049 -1.02787865 -2.44995765
v -1.39425052 -1.13728726 -2.44995840
v -1.39425052 -1.13728726 -2.29966305
v -1.39425052 -1.13728726 -2.44995840
v -1.20590134 -1.33534968 -2.29966305
v -1.20590134 -1.33534968 -2.29966305
v -1.39425052 -1.13728726 -2.44995840
v -1.30353151 -1.24022653 -2.44995914
v -1.20590134 -1.33534968 -2.29966305
v -1.30353151 -1.24022653 -2.44995914
v -1.20590134 -1.33534968 -2.44995989
v -1.77845377 -0.27287139 -2.44995523
v -1.75266881 -0.40682806 -2.44995542
v -1.75266881 -0.40682806 -2.29966305
v -1.75266881 -0.40682806 -2.29966305
v -1.75266881 -0.40682806 -2.44995542
v -1.71683971 -0.53834631 -2.44995579
v -1.75266881 -0.40682806 -2.29966305
v -1.71683971 -0.53834631 -2.44995579
v -1.67082492 -0.66760732 -2.29966305
v -1.67082492 -0.66760732 -2.29966305
v -1.71683971 -0.53834631 -2.44995579
v -1.67082492 -0.66760732 -2.44995616
v -1.67082492 -0.66760732 -2.29966305
v -1.67082492 -0.66760732 -2.44995616
v -1.55042661 -0.91298111 -2.29966305
v -1.55042661 -0.91298111 -2.29966305
v -1.67082492 -0.66760732 -2.44995616
v -1.61506627 -0.79304250 -2.44995654
v -1.55042661 -0.91298111 -2.29966305
v -1.61506627 -0.79304250 -2.44995654
v -1.57984141 -0.86107841 -2.44995691
v -1.77845377 -0.27287139 -2.44995523
v -1.75266881 -0.40682806 -2.29966305
v -1.79406796 -0.13666097 -2.44995505
v -1.79406796 -0.13666097 -2.44995505
v -1.75266881 -0.40682806 -2.29966305
v -1.79406796 -0.13666097 -2.29966305
v -1.79406796 -0.13666097 -2.44995505
v -1.79406796 -0.13666097 -2.29966305
v -1.79926548 0.00051439 -2.44995505
v -1.79926548 0.00051439 -2.44995505
v -1.79406796 -0.13666097 -2.29966305
v -1.79406796 0.13665969 -2.29966305
v -1.79926548 0.00051439 -2.44995505
v -1.79406796 0.13665969 -2.29966305
v -1.79406796 0.13665969 -2.44995505
v -1.61529128 0.79258494 -2.44995654
v -1.67082567 0.66760615 -2.44995616
v -1.67082567 0.66760615 -2.29966305
v -1.67082567 0.66760615 -2.29966305
v -1.67082567 0.66760615 -2.44995616
v -1.71663109 0.53901221 -2.44995579
v -1.67082567 0.66760615 -2.29966305
v -1.71663109 0.53901221 -2.44995579
v -1.75266881 0.40682685 -2.29966305
v -1.75266881 0.40682685 -2.29966305
v -1.71663109 0.53901221 -2.44995579
v -1.75266881 0.40682685 -2.44995542
v -1.75266881 0.40682685 -2.29966305
v -1.75266881 0.40682685 -2.44995542
v -1.79406796 0.13665969 -2.29966305
v -1.79406796 0.13665969 -2.29966305
v -1.75266881 0.40682685 -2.44995542
v -1.77853126 0.27236217 -2.44995523
v -1.79406796 0.13665969 -2.29966305
v -1.77853126 0.27236217 -2.44995523
v -1.79406796 0.13665969 -2.44995505
v -1.61529128 0.79258494 -2.44995654
v -1.67082567 0.66760615 -2.29966305
v -1.57970581 0.86132828 -2.44995691
v -1.57970581 0.86132828 -2.44995691
v -1.67082567 0.66760615 -2.29966305
v -1.55042661 0.91297999 -2.29966305
v -1.57970581 0.86132828 -2.44995691
v -1.55042661 0.91297999 -2.29966305
v -1.55042661 0.91297999 -2.44995710
v -1.10140396 1.42276697 -2.44996082
v -1.20590208 1.33534884 -2.44995989
v -1.20590208 1.33534884 -2.29966305
v -1.20590208 1.33534884 -2.29966305
v -1.20590208 1.33534884 -2.44995989
v -1.30372150 1.24002639 -2.44995914
v -1.20590208 1.33534884 -2.29966305
v -1.30372150 1.24002639 -2.44995914
v -1.39425127 1.13728624 -2.29966305
v -1.39425127 1.13728624 -2.29966305
v -1.30372150 1.24002639 -2.44995914
v -1.39425127 1.13728624 -2.44995840
v -1.39425127 1.13728624 -2.29966305
v -1.39425127 1.13728624 -2.44995840
v -1.55042661 0.91297999 -2.29966305
v -1.55042661 0.91297999 -2.29966305
v -1.39425127 1.13728624 -2.44995840
v -1.47675527 1.02788620 -2.44995765
v -1.55042661 0.91297999 -2.29966305
v -1.47675527 1.02788620 -2.44995765
v -1.55042661 0.91297999 -2.44995710
v -1.10140396 1.42276697 -2.44996082
v -1.20590208 1.33534884 -2.29966305
v -0.98972572 1.50259733 -2.44996175
v -0.98972572 1.50259733 -2.44996175
v -1.20590208 1.33534884 -2.29966305
v -0.98972572 1.50259733 -2.29966305
v -0.98972572 1.50259733 -2.44996175
v -0.98972572 1.50259733 -2.29966305
v -0.87243421 1.57359913 -2.44996268
v -0.87243421 1.57359913 -2.44996268
v -0.98972572 1.50259733 -2.29966305
v -0.75071105 1.63517240 -2.29966305
v -0.87243421 1.57359913 -2.44996268
v -0.75071105 1.63517240 -2.29966305
v -0.75071105 1.63517240 -2.44996380
v -0.49437308 1.73001494 -2.29966305
v -0.49437308 1.73001494 -2.44996585
v -0.75071105 1.63517240 -2.29966305
v -0.75071105 1.63517240 -2.29966305
v -0.49437308 1.73001494 -2.44996585
v -0.62476122 1.68731436 -2.44996473
v -0.75071105 1.63517240 -2.29966305
v -0.62476122 1.68731436 -2.44996473
v -0.75071105 1.63517240 -2.44996380
v -0.48119598 1.73392575 -2.44986694
v -0.49437308 1.73001494 -2.29966305
v -0.35897444 1.76309217 -2.45000161
v -0.35897444 1.76309217 -2.45000161
v -0.49437308 1.73001494 -2.29966305
v -0.22662755 1.78493597 -2.29966305
v -0.35897444 1.76309217 -2.45000161
v -0.22662755 1.78493597 -2.29966305
v -0.23573216 1.78375635 -2.44999267
v -0.23573216 1.78375635 -2.44999267
v -0.22662755 1.78493597 -2.29966305
v -0.11164125 1.79579854 -2.45003216
v -0.11164125 1.79579854 -2.45003216
v -0.22662755 1.78493597 -2.29966305
v -0.00000026 1.79926567 -2.29966305
v -0.11164125 1.79579854 -2.45003216
v -0.00000026 1.79926567 -2.29966305
v 0.00000198 1.79924928 -2.45000012
v -0.48113563 -1.29878931 -2.71055568
v -0.56289905 -1.32446000 -2.68170498
v -0.58395662 -1.09633207 -2.78017502
v -0.62451833 -1.68740395 -2.44996473
v -0.75071030 -1.63517278 -2.44996380
v -0.72986879 -1.54343704 -2.51621157
v -0.98972498 -1.50259798 -2.44996175
v -1.10107316 -1.42302262 -2.44996082
v -1.15060983 -1.32446000 -2.48290598
v -1.39425052 -1.13728726 -2.44995840
v -1.38431145 -1.09633207 -2.47463714
v -1.30353151 -1.24022653 -2.44995914
v -1.67082492 -0.66760732 -2.44995616
v -1.64697114 -0.61898082 -2.47929227
v -1.61506627 -0.79304250 -2.44995654
v -0.98972572 1.50259733 -2.44996175
v -0.91741411 1.54365860 -2.45263241
v -0.95996661 1.32469181 -2.56409962
v -0.87243421 1.57359913 -2.44996268
v -0.75071105 1.63517240 -2.44996380
v -0.72983154 1.54365860 -2.51608398
v -0.62476122 1.68731436 -2.44996473
v -0.49437308 1.73001494 -2.44996585
v -0.53792396 1.54365860 -2.56491806
v -0.53792396 1.54365860 -2.56491806
v -0.49437308 1.73001494 -2.44996585
v -0.48119598 1.73392575 -2.44986694
v -0.53792396 1.54365860 -2.56491806
v -0.48119598 1.73392575 -2.44986694
v -0.48115724 1.61154438 -2.53364574
v -0.98972572 1.50259733 -2.44996175
v -0.95996661 1.32469181 -2.56409962
v -1.10140396 1.42276697 -2.44996082
v -1.20590208 1.33534884 -2.44995989
v -1.15056066 1.32469181 -2.48280279
v -1.30372150 1.24002639 -2.44995914
v -1.30372150 1.24002639 -2.44995914
v -1.15056066 1.32469181 -2.48280279
v -1.19361235 1.09657263 -2.57385373
v -1.30372150 1.24002639 -2.44995914
v -1.19361235 1.09657263 -2.57385373
v -1.39425127 1.13728624 -2.44995840
v -1.47675527 1.02788620 -2.44995765
v -1.38426451 1.09657263 -2.47455519
v -1.55042661 0.91297999 -2.44995710
v -1.55042661 0.91297999 -2.44995710
v -1.38426451 1.09657263 -2.47455519
v -1.42462878 0.86087715 -2.54526902
v -1.45515008 0.61923368 -2.59873886
v -1.61529128 0.79258494 -2.44995654
v -1.42462878 0.86087715 -2.54526902
v -1.42462878 0.86087715 -2.54526902
v -1.61529128 0.79258494 -2.44995654
v -1.57970581 0.86132828 -2.44995691
v -1.42462878 0.86087715 -2.54526902
v -1.57970581 0.86132828 -2.44995691
v -1.55042661 0.91297999 -2.44995710
v -1.67082567 0.66760615 -2.44995616
v -1.64694134 0.61923368 -2.47924812
v -1.71663109 0.53901221 -2.44995579
v -1.71663109 0.53901221 -2.44995579
v -1.64694134 0.61923368 -2.47924812
v -1.67010594 0.37331185 -2.51342375
v -1.71663109 0.53901221 -2.44995579
v -1.67010594 0.37331185 -2.51342375
v -1.75266881 0.40682685 -2.44995542
v -1.75266881 0.40682685 -2.44995542
v -1.67010594 0.37331185 -2.51342375
v -1.77853126 0.27236217 -2.44995523
v -1.77853126 0.27236217 -2.44995523
v -1.67010594 0.37331185 -2.51342375
v -1.68173108 0.12481079 -2.53057536
v -1.77853126 0.27236217 -2.44995523
v -1.68173108 0.12481079 -2.53057536
v -1.79406796 0.13665969 -2.44995505
v -1.68173704 -0.12455261 -2.53058430
v -1.79406796 -0.13666097 -2.44995505
v -1.68173108 0.12481079 -2.53057536
v -1.68173108 0.12481079 -2.53057536
v -1.79406796 -0.13666097 -2.44995505
v -1.79926548 0.00051439 -2.44995505
v -1.68173108 0.12481079 -2.53057536
v -1.79926548 0.00051439 -2.44995505
v -1.79406796 0.13665969 -2.44995505
v -1.64697114 -0.61898082 -2.47929227
v -1.67082492 -0.66760732 -2.44995616
v -1.67012382 -0.37305546 -2.51345038
v -1.67082492 -0.66760732 -2.44995616
v -1.71683971 -0.53834631 -2.44995579
v -1.67012382 -0.37305546 -2.51345038
v -1.67012382 -0.37305546 -2.51345038
v -1.71683971 -0.53834631 -2.44995579
v -1.75266881 -0.40682806 -2.44995542
v -1.67012382 -0.37305546 -2.51345038
v -1.75266881 -0.40682806 -2.44995542
v -1.68173704 -0.12455261 -2.53058430
v -1.68173704 -0.12455261 -2.53058430
v -1.75266881 -0.40682806 -2.44995542
v -1.77845377 -0.27287139 -2.44995523
v -1.68173704 -0.12455261 -2.53058430
v -1.77845377 -0.27287139 -2.44995523
v -1.79406796 -0.13666097 -2.44995505
v -1.38431145 -1.09633207 -2.47463714
v -1.39425052 -1.13728726 -2.44995840
v -1.42466528 -0.86062960 -2.54533347
v -1.42466528 -0.86062960 -2.54533347
v -1.39425052 -1.13728726 -2.44995840
v -1.47676049 -1.02787865 -2.44995765
v -1.42466528 -0.86062960 -2.54533347
v -1.47676049 -1.02787865 -2.44995765
v -1.55042661 -0.91298111 -2.44995710
v -0.48123174 -1.73340570 -2.44995635
v -0.49437233 -1.73001513 -2.44996585
v -0.48114904 -1.59363095 -2.54517589
v -0.48114904 -1.59363095 -2.54517589
v -0.49437233 -1.73001513 -2.44996585
v -0.53795152 -1.54343704 -2.56504808
v -0.48114904 -1.59363095 -2.54517589
v -0.53795152 -1.54343704 -2.56504808
v -0.48112893 -1.44873774 -2.63198148
v -0.48112893 -1.44873774 -2.63198148
v -0.53795152 -1.54343704 -2.56504808
v -0.56289905 -1.32446000 -2.68170498
v -0.48112893 -1.44873774 -2.63198148
v -0.56289905 -1.32446000 -2.68170498
v -0.48113191 -1.35395695 -2.68291272
v -0.48113191 -1.35395695 -2.68291272
v -0.56289905 -1.32446000 -2.68170498
v -0.48113563 -1.29878931 -2.71055568
v -0.60098046 -0.86062960 -2.85977796
v -0.48113861 -0.98632351 -2.84149218
v -0.58395662 -1.09633207 -2.78017502
v -0.58395662 -1.09633207 -2.78017502
v -0.48113861 -0.98632351 -2.84149218
v -0.48114010 -1.14443405 -2.78049894
v -0.58395662 -1.09633207 -2.78017502
v -0.48114010 -1.14443405 -2.78049894
v -0.48113563 -1.29878931 -2.71055568
v -0.61385063 -0.61898082 -2.91996356
v -0.48114313 -0.69610029 -2.92758495
v -0.60098046 -0.86062960 -2.85977796
v -0.60098046 -0.86062960 -2.85977796
v -0.48114313 -0.69610029 -2.92758495
v -0.48113861 -0.82507310 -2.89330520
v -0.60098046 -0.86062960 -2.85977796
v -0.48113861 -0.82507310 -2.89330520
v -0.48113861 -0.98632351 -2.84149218
v -0.48114685 -0.32746471 -2.99243722
v -0.48114760 -0.37306189 -2.98700798
v -0.62248064 -0.37305546 -2.96031646
v -0.62248064 -0.37305546 -2.96031646
v -0.48114760 -0.37306189 -2.98700798
v -0.48114834 -0.49525541 -2.96888389
v -0.62248064 -0.37305546 -2.96031646
v -0.48114834 -0.49525541 -2.96888389
v -0.61385063 -0.61898082 -2.91996356
v -0.61385063 -0.61898082 -2.91996356
v -0.48114834 -0.49525541 -2.96888389
v -0.48114462 -0.66123991 -2.93579418
v -0.61385063 -0.61898082 -2.91996356
v -0.48114462 -0.66123991 -2.93579418
v -0.48114313 -0.69610029 -2.92758495
v -0.48114685 -0.32746471 -2.99243722
v -0.62248064 -0.37305546 -2.96031646
v -0.48114611 -0.23392215 -3.00133321
v -0.48114611 -0.23392215 -3.00133321
v -0.62248064 -0.37305546 -2.96031646
v -0.62680943 -0.12455261 -2.98055764
v -0.48114611 -0.23392215 -3.00133321
v -0.62680943 -0.12455261 -2.98055764
v -0.48114536 -0.15888442 -3.00630946
v -0.48114536 -0.15888442 -3.00630946
v -0.62680943 -0.12455261 -2.98055764
v -0.48114611 0.01044861 -3.01054195
v -0.48114611 0.01044861 -3.01054195
v -0.62680943 -0.12455261 -2.98055764
v -0.62680719 0.12481079 -2.98054703
v -0.48114611 0.01044861 -3.01054195
v -0.62680719 0.12481079 -2.98054703
v -0.48114760 0.12481128 -3.00793666
v -0.48114760 0.12481128 -3.00793666
v -0.62680719 0.12481079 -2.98054703
v -0.48114834 0.17992220 -3.00510488
v -0.48114834 0.17992220 -3.00510488
v -0.62680719 0.12481079 -2.98054703
v -0.62247394 0.37331185 -2.96028499
v -0.48114834 0.17992220 -3.00510488
v -0.62247394 0.37331185 -2.96028499
v -0.48115058 0.34865034 -2.99000274
v -0.61384020 0.61923368 -2.91991141
v -0.48115058 0.61923857 -2.94510126
v -0.48115132 0.51590200 -2.96530444
v -0.61384020 0.61923368 -2.91991141
v -0.48115132 0.51590200 -2.96530444
v -0.62247394 0.37331185 -2.96028499
v -0.62247394 0.37331185 -2.96028499
v -0.48115132 0.51590200 -2.96530444
v -0.48115132 0.46722009 -2.97350660
v -0.62247394 0.37331185 -2.96028499
v -0.48115132 0.46722009 -2.97350660
v -0.48115058 0.34865034 -2.99000274
v -0.48115058 0.61923857 -2.94510126
v -0.61384020 0.61923368 -2.91991141
v -0.48114983 0.68150829 -2.93107517
v -0.48114983 0.68150829 -2.93107517
v -0.61384020 0.61923368 -2.91991141
v -0.60096481 0.86087715 -2.85970531
v -0.48114983 0.68150829 -2.93107517
v -0.60096481 0.86087715 -2.85970531
v -0.48114904 0.84552858 -2.88728811
v -0.56287521 1.32469181 -2.68159341
v -0.48114830 1.16396705 -2.77223140
v -0.58393725 1.09657263 -2.78008264
v -0.58393725 1.09657263 -2.78008264
v -0.48114830 1.16396705 -2.77223140
v -0.48114904 1.00655574 -2.83426065
v -0.58393725 1.09657263 -2.78008264
v -0.48114904 1.00655574 -2.83426065
v -0.60096481 0.86087715 -2.85970531
v -0.60096481 0.86087715 -2.85970531
v -0.48114904 1.00655574 -2.83426065
v -0.48114904 0.92253704 -2.86320355
v -0.60096481 0.86087715 -2.85970531
v -0.48114904 0.92253704 -2.86320355
v -0.48114904 0.84552858 -2.88728811
v -0.48115724 1.61154438 -2.53364574
v -0.48115053 1.55846039 -2.56728400
v -0.53792396 1.54365860 -2.56491806
v -0.53792396 1.54365860 -2.56491806
v -0.48115053 1.55846039 -2.56728400
v -0.48114606 1.46678863 -2.62176748
v -0.53792396 1.54365860 -2.56491806
v -0.48114606 1.46678863 -2.62176748
v -0.56287521 1.32469181 -2.68159341
v -0.56287521 1.32469181 -2.68159341
v -0.48114606 1.46678863 -2.62176748
v -0.48114606 1.31747741 -2.70135142
v -0.56287521 1.32469181 -2.68159341
v -0.48114606 1.31747741 -2.70135142
v -0.48114830 1.16396705 -2.77223140
v -1.55042661 -0.91298111 -2.44995710
v -1.57984141 -0.86107841 -2.44995691
v -1.42466528 -0.86062960 -2.54533347
v -1.42466528 -0.86062960 -2.54533347
v -1.57984141 -0.86107841 -2.44995691
v -1.61506627 -0.79304250 -2.44995654
v -1.42466528 -0.86062960 -2.54533347
v -1.61506627 -0.79304250 -2.44995654
v -1.45517616 -0.61898082 -2.59878524
v -1.45517616 -0.61898082 -2.59878524
v -1.61506627 -0.79304250 -2.44995654
v -1.64697114 -0.61898082 -2.47929227
v -1.45517616 -0.61898082 -2.59878524
v -1.64697114 -0.61898082 -2.47929227
v -1.47563247 -0.37305546 -2.63462309
v -1.47563247 -0.37305546 -2.63462309
v -1.64697114 -0.61898082 -2.47929227
v -1.67012382 -0.37305546 -2.51345038
v -1.47563247 -0.37305546 -2.63462309
v -1.67012382 -0.37305546 -2.51345038
v -1.48589341 -0.12455261 -2.65259948
v -1.48589341 -0.12455261 -2.65259948
v -1.67012382 -0.37305546 -2.51345038
v -1.68173704 -0.12455261 -2.53058430
v -1.48589341 -0.12455261 -2.65259948
v -1.68173704 -0.12455261 -2.53058430
v -1.48588819 0.12481079 -2.65259016
v -1.48588819 0.12481079 -2.65259016
v -1.68173704 -0.12455261 -2.53058430
v -1.68173108 0.12481079 -2.53057536
v -1.48588819 0.12481079 -2.65259016
v -1.68173108 0.12481079 -2.53057536
v -1.47561682 0.37331185 -2.63459515
v -1.47561682 0.37331185 -2.63459515
v -1.68173108 0.12481079 -2.53057536
v -1.67010594 0.37331185 -2.51342375
v -1.47561682 0.37331185 -2.63459515
v -1.67010594 0.37331185 -2.51342375
v -1.45515008 0.61923368 -2.59873886
v -1.45515008 0.61923368 -2.59873886
v -1.67010594 0.37331185 -2.51342375
v -1.64694134 0.61923368 -2.47924812
v -1.45515008 0.61923368 -2.59873886
v -1.64694134 0.61923368 -2.47924812
v -1.61529128 0.79258494 -2.44995654
v -1.61529128 0.79258494 -2.44995654
v -1.64694134 0.61923368 -2.47924812
v -1.67082567 0.66760615 -2.44995616
v -1.10107316 -1.42302262 -2.44996082
v -1.20590134 -1.33534968 -2.44995989
v -1.15060983 -1.32446000 -2.48290598
v -1.15060983 -1.32446000 -2.48290598
v -1.20590134 -1.33534968 -2.44995989
v -1.30353151 -1.24022653 -2.44995914
v -1.15060983 -1.32446000 -2.48290598
v -1.30353151 -1.24022653 -2.44995914
v -1.19365333 -1.09633207 -2.57393923
v -1.19365333 -1.09633207 -2.57393923
v -1.30353151 -1.24022653 -2.44995914
v -1.38431145 -1.09633207 -2.47463714
v -1.19365333 -1.09633207 -2.57393923
v -1.38431145 -1.09633207 -2.47463714
v -1.22844903 -0.86062960 -2.64753010
v -1.22844903 -0.86062960 -2.64753010
v -1.38431145 -1.09633207 -2.47463714
v -1.42466528 -0.86062960 -2.54533347
v -1.22844903 -0.86062960 -2.64753010
v -1.42466528 -0.86062960 -2.54533347
v -1.25475777 -0.61898082 -2.70317048
v -1.25475777 -0.61898082 -2.70317048
v -1.42466528 -0.86062960 -2.54533347
v -1.45517616 -0.61898082 -2.59878524
v -1.25475777 -0.61898082 -2.70317048
v -1.45517616 -0.61898082 -2.59878524
v -1.27239702 -0.37305546 -2.74047572
v -1.27239702 -0.37305546 -2.74047572
v -1.45517616 -0.61898082 -2.59878524
v -1.47563247 -0.37305546 -2.63462309
v -1.27239702 -0.37305546 -2.74047572
v -1.47563247 -0.37305546 -2.63462309
v -1.28124459 -0.12455261 -2.75918823
v -1.28124459 -0.12455261 -2.75918823
v -1.47563247 -0.37305546 -2.63462309
v -1.48589341 -0.12455261 -2.65259948
v -1.28124459 -0.12455261 -2.75918823
v -1.48589341 -0.12455261 -2.65259948
v -1.28124012 0.12481079 -2.75917854
v -1.28124012 0.12481079 -2.75917854
v -1.48589341 -0.12455261 -2.65259948
v -1.48588819 0.12481079 -2.65259016
v -1.28124012 0.12481079 -2.75917854
v -1.48588819 0.12481079 -2.65259016
v -1.27238287 0.37331185 -2.74044666
v -1.27238287 0.37331185 -2.74044666
v -1.48588819 0.12481079 -2.65259016
v -1.47561682 0.37331185 -2.63459515
v -1.27238287 0.37331185 -2.74044666
v -1.47561682 0.37331185 -2.63459515
v -1.25473468 0.61923368 -2.70312224
v -1.25473468 0.61923368 -2.70312224
v -1.47561682 0.37331185 -2.63459515
v -1.45515008 0.61923368 -2.59873886
v -1.25473468 0.61923368 -2.70312224
v -1.45515008 0.61923368 -2.59873886
v -1.22841774 0.86087715 -2.64746305
v -1.22841774 0.86087715 -2.64746305
v -1.45515008 0.61923368 -2.59873886
v -1.42462878 0.86087715 -2.54526902
v -1.22841774 0.86087715 -2.64746305
v -1.42462878 0.86087715 -2.54526902
v -1.19361235 1.09657263 -2.57385373
v -1.19361235 1.09657263 -2.57385373
v -1.42462878 0.86087715 -2.54526902
v -1.38426451 1.09657263 -2.47455519
v -1.19361235 1.09657263 -2.57385373
v -1.38426451 1.09657263 -2.47455519
v -1.39425127 1.13728624 -2.44995840
v -1.39425127 1.13728624 -2.44995840
v -1.38426451 1.09657263 -2.47455519
v -1.47675527 1.02788620 -2.44995765
v -1.20590208 1.33534884 -2.44995989
v -1.10140396 1.42276697 -2.44996082
v -1.15056066 1.32469181 -2.48280279
v -1.15056066 1.32469181 -2.48280279
v -1.10140396 1.42276697 -2.44996082
v -0.95996661 1.32469181 -2.56409962
v -1.15056066 1.32469181 -2.48280279
v -0.95996661 1.32469181 -2.56409962
v -1.19361235 1.09657263 -2.57385373
v -1.19361235 1.09657263 -2.57385373
v -0.95996661 1.32469181 -2.56409962
v -0.99588735 1.09657263 -2.65819244
v -1.19361235 1.09657263 -2.57385373
v -0.99588735 1.09657263 -2.65819244
v -1.22841774 0.86087715 -2.64746305
v -1.22841774 0.86087715 -2.64746305
v -0.99588735 1.09657263 -2.65819244
v -1.02492673 0.86087715 -2.73426101
v -1.22841774 0.86087715 -2.64746305
v -1.02492673 0.86087715 -2.73426101
v -1.25473468 0.61923368 -2.70312224
v -1.25473468 0.61923368 -2.70312224
v -1.02492673 0.86087715 -2.73426101
v -1.04688434 0.61923368 -2.79177967
v -1.25473468 0.61923368 -2.70312224
v -1.04688434 0.61923368 -2.79177967
v -1.27238287 0.37331185 -2.74044666
v -1.27238287 0.37331185 -2.74044666
v -1.04688434 0.61923368 -2.79177967
v -1.06160892 0.37331185 -2.83035114
v -1.27238287 0.37331185 -2.74044666
v -1.06160892 0.37331185 -2.83035114
v -1.28124012 0.12481079 -2.75917854
v -1.28124012 0.12481079 -2.75917854
v -1.06160892 0.37331185 -2.83035114
v -1.06899915 0.12481079 -2.84970868
v -1.28124012 0.12481079 -2.75917854
v -1.06899915 0.12481079 -2.84970868
v -1.28124459 -0.12455261 -2.75918823
v -1.28124459 -0.12455261 -2.75918823
v -1.06899915 0.12481079 -2.84970868
v -1.06900288 -0.12455261 -2.84971874
v -1.28124459 -0.12455261 -2.75918823
v -1.06900288 -0.12455261 -2.84971874
v -1.27239702 -0.37305546 -2.74047572
v -1.27239702 -0.37305546 -2.74047572
v -1.06900288 -0.12455261 -2.84971874
v -1.06162084 -0.37305546 -2.83038113
v -1.27239702 -0.37305546 -2.74047572
v -1.06162084 -0.37305546 -2.83038113
v -1.25475777 -0.61898082 -2.70317048
v -1.25475777 -0.61898082 -2.70317048
v -1.06162084 -0.37305546 -2.83038113
v -1.04690371 -0.61898082 -2.79182959
v -1.25475777 -0.61898082 -2.70317048
v -1.04690371 -0.61898082 -2.79182959
v -1.22844903 -0.86062960 -2.64753010
v -1.22844903 -0.86062960 -2.64753010
v -1.04690371 -0.61898082 -2.79182959
v -1.02495281 -0.86062960 -2.73433030
v -1.22844903 -0.86062960 -2.64753010
v -1.02495281 -0.86062960 -2.73433030
v -1.19365333 -1.09633207 -2.57393923
v -1.19365333 -1.09633207 -2.57393923
v -1.02495281 -0.86062960 -2.73433030
v -0.99592088 -1.09633207 -2.65828073
v -1.19365333 -1.09633207 -2.57393923
v -0.99592088 -1.09633207 -2.65828073
v -1.15060983 -1.32446000 -2.48290598
v -1.15060983 -1.32446000 -2.48290598
v -0.99592088 -1.09633207 -2.65828073
v -0.96000759 -1.32446000 -2.56420616
v -1.15060983 -1.32446000 -2.48290598
v -0.96000759 -1.32446000 -2.56420616
v -0.98972498 -1.50259798 -2.44996175
v -0.98972498 -1.50259798 -2.44996175
v -0.96000759 -1.32446000 -2.56420616
v -0.91746105 -1.54343704 -2.45275665
v -0.98972498 -1.50259798 -2.44996175
v -0.91746105 -1.54343704 -2.45275665
v -0.87281717 -1.57338679 -2.44996268
v -0.49437233 -1.73001513 -2.44996585
v -0.62451833 -1.68740395 -2.44996473
v -0.53795152 -1.54343704 -2.56504808
v -0.53795152 -1.54343704 -2.56504808
v -0.62451833 -1.68740395 -2.44996473
v -0.72986879 -1.54343704 -2.51621157
v -0.53795152 -1.54343704 -2.56504808
v -0.72986879 -1.54343704 -2.51621157
v -0.56289905 -1.32446000 -2.68170498
v -0.56289905 -1.32446000 -2.68170498
v -0.72986879 -1.54343704 -2.51621157
v -0.76371604 -1.32446000 -2.63060369
v -0.56289905 -1.32446000 -2.68170498
v -0.76371604 -1.32446000 -2.63060369
v -0.58395662 -1.09633207 -2.78017502
v -0.58395662 -1.09633207 -2.78017502
v -0.76371604 -1.32446000 -2.63060369
v -0.79228682 -1.09633207 -2.72716209
v -0.58395662 -1.09633207 -2.78017502
v -0.79228682 -1.09633207 -2.72716209
v -0.60098046 -0.86062960 -2.85977796
v -0.60098046 -0.86062960 -2.85977796
v -0.79228682 -1.09633207 -2.72716209
v -0.81538288 -0.86062960 -2.80521959
v -0.60098046 -0.86062960 -2.85977796
v -0.81538288 -0.86062960 -2.80521959
v -0.61385063 -0.61898082 -2.91996356
v -0.61385063 -0.61898082 -2.91996356
v -0.81538288 -0.86062960 -2.80521959
v -0.83284480 -0.61898082 -2.86423694
v -0.61385063 -0.61898082 -2.91996356
v -0.83284480 -0.61898082 -2.86423694
v -0.62248064 -0.37305546 -2.96031646
v -0.62248064 -0.37305546 -2.96031646
v -0.83284480 -0.61898082 -2.86423694
v -0.84455339 -0.37305546 -2.90380642
v -0.62248064 -0.37305546 -2.96031646
v -0.84455339 -0.37305546 -2.90380642
v -0.62680943 -0.12455261 -2.98055764
v -0.62680943 -0.12455261 -2.98055764
v -0.84455339 -0.37305546 -2.90380642
v -0.85042594 -0.12455261 -2.92365458
v -0.62680943 -0.12455261 -2.98055764
v -0.85042594 -0.12455261 -2.92365458
v -0.62680719 0.12481079 -2.98054703
v -0.62680719 0.12481079 -2.98054703
v -0.85042594 -0.12455261 -2.92365458
v -0.85042296 0.12481079 -2.92364433
v -0.62680719 0.12481079 -2.98054703
v -0.85042296 0.12481079 -2.92364433
v -0.62247394 0.37331185 -2.96028499
v -0.62247394 0.37331185 -2.96028499
v -0.85042296 0.12481079 -2.92364433
v -0.84454371 0.37331185 -2.90377550
v -0.62247394 0.37331185 -2.96028499
v -0.84454371 0.37331185 -2.90377550
v -0.61384020 0.61923368 -2.91991141
v -0.61384020 0.61923368 -2.91991141
v -0.84454371 0.37331185 -2.90377550
v -0.83282990 0.61923368 -2.86418572
v -0.61384020 0.61923368 -2.91991141
v -0.83282990 0.61923368 -2.86418572
v -0.60096481 0.86087715 -2.85970531
v -0.60096481 0.86087715 -2.85970531
v -0.83282990 0.61923368 -2.86418572
v -0.81536127 0.86087715 -2.80514844
v -0.60096481 0.86087715 -2.85970531
v -0.81536127 0.86087715 -2.80514844
v -0.58393725 1.09657263 -2.78008264
v -0.58393725 1.09657263 -2.78008264
v -0.81536127 0.86087715 -2.80514844
v -0.79226000 1.09657263 -2.72707138
v -0.58393725 1.09657263 -2.78008264
v -0.79226000 1.09657263 -2.72707138
v -0.56287521 1.32469181 -2.68159341
v -0.56287521 1.32469181 -2.68159341
v -0.79226000 1.09657263 -2.72707138
v -0.76368400 1.32469181 -2.63049416
v -0.56287521 1.32469181 -2.68159341
v -0.76368400 1.32469181 -2.63049416
v -0.53792396 1.54365860 -2.56491806
v -0.53792396 1.54365860 -2.56491806
v -0.76368400 1.32469181 -2.63049416
v -0.72983154 1.54365860 -2.51608398
v -0.53792396 1.54365860 -2.56491806
v -0.72983154 1.54365860 -2.51608398
v -0.62476122 1.68731436 -2.44996473
v -0.62476122 1.68731436 -2.44996473
v -0.72983154 1.54365860 -2.51608398
v -0.75071105 1.63517240 -2.44996380
v -0.75071030 -1.63517278 -2.44996380
v -0.87281717 -1.57338679 -2.44996268
v -0.72986879 -1.54343704 -2.51621157
v -0.72986879 -1.54343704 -2.51621157
v -0.87281717 -1.57338679 -2.44996268
v -0.91746105 -1.54343704 -2.45275665
v -0.72986879 -1.54343704 -2.51621157
v -0.91746105 -1.54343704 -2.45275665
v -0.76371604 -1.32446000 -2.63060369
v -0.76371604 -1.32446000 -2.63060369
v -0.91746105 -1.54343704 -2.45275665
v -0.96000759 -1.32446000 -2.56420616
v -0.76371604 -1.32446000 -2.63060369
v -0.96000759 -1.32446000 -2.56420616
v -0.79228682 -1.09633207 -2.72716209
v -0.79228682 -1.09633207 -2.72716209
v -0.96000759 -1.32446000 -2.56420616
v -0.99592088 -1.09633207 -2.65828073
v -0.79228682 -1.09633207 -2.72716209
v -0.99592088 -1.09633207 -2.65828073
v -0.81538288 -0.86062960 -2.80521959
v -0.81538288 -0.86062960 -2.80521959
v -0.99592088 -1.09633207 -2.65828073
v -1.02495281 -0.86062960 -2.73433030
v -0.81538288 -0.86062960 -2.80521959
v -1.02495281 -0.86062960 -2.73433030
v -0.83284480 -0.61898082 -2.86423694
v -0.83284480 -0.61898082 -2.86423694
v -1.02495281 -0.86062960 -2.73433030
v -1.04690371 -0.61898082 -2.79182959
v -0.83284480 -0.61898082 -2.86423694
v -1.04690371 -0.61898082 -2.79182959
v -0.84455339 -0.37305546 -2.90380642
v -0.84455339 -0.37305546 -2.90380642
v -1.04690371 -0.61898082 -2.79182959
v -1.06162084 -0.37305546 -2.83038113
v -0.84455339 -0.37305546 -2.90380642
v -1.06162084 -0.37305546 -2.83038113
v -0.85042594 -0.12455261 -2.92365458
v -0.85042594 -0.12455261 -2.92365458
v -1.06162084 -0.37305546 -2.83038113
v -1.06900288 -0.12455261 -2.84971874
v -0.85042594 -0.12455261 -2.92365458
v -1.06900288 -0.12455261 -2.84971874
v -0.85042296 0.12481079 -2.92364433
v -0.85042296 0.12481079 -2.92364433
v -1.06900288 -0.12455261 -2.84971874
v -1.06899915 0.12481079 -2.84970868
v -0.85042296 0.12481079 -2.92364433
v -1.06899915 0.12481079 -2.84970868
v -0.84454371 0.37331185 -2.90377550
v -0.84454371 0.37331185 -2.90377550
v -1.06899915 0.12481079 -2.84970868
v -1.06160892 0.37331185 -2.83035114
v -0.84454371 0.37331185 -2.90377550
v -1.06160892 0.37331185 -2.83035114
v -0.83282990 0.61923368 -2.86418572
v -0.83282990 0.61923368 -2.86418572
v -1.06160892 0.37331185 -2.83035114
v -1.04688434 0.61923368 -2.79177967
v -0.83282990 0.61923368 -2.86418572
v -1.04688434 0.61923368 -2.79177967
v -0.81536127 0.86087715 -2.80514844
v -0.81536127 0.86087715 -2.80514844
v -1.04688434 0.61923368 -2.79177967
v -1.02492673 0.86087715 -2.73426101
v -0.81536127 0.86087715 -2.80514844
v -1.02492673 0.86087715 -2.73426101
v -0.79226000 1.09657263 -2.72707138
v -0.79226000 1.09657263 -2.72707138
v -1.02492673 0.86087715 -2.73426101
v -0.99588735 1.09657263 -2.65819244
v -0.79226000 1.09657263 -2.72707138
v -0.99588735 1.09657263 -2.65819244
v -0.76368400 1.32469181 -2.63049416
v -0.76368400 1.32469181 -2.63049416
v -0.99588735 1.09657263 -2.65819244
v -0.95996661 1.32469181 -2.56409962
v -0.76368400 1.32469181 -2.63049416
v -0.95996661 1.32469181 -2.56409962
v -0.72983154 1.54365860 -2.51608398
v -0.72983154 1.54365860 -2.51608398
v -0.95996661 1.32469181 -2.56409962
v -0.91741411 1.54365860 -2.45263241
v -0.72983154 1.54365860 -2.51608398
v -0.91741411 1.54365860 -2.45263241
v -0.87243421 1.57359913 -2.44996268
v -0.87243421 1.57359913 -2.44996268
v -0.91741411 1.54365860 -2.45263241
v -0.98972572 1.50259733 -2.44996175
v -1.40053434 -0.87096458 -2.37371866
v -1.46524860 -0.75704847 -2.37371810
v -1.46524860 -0.75704847 -2.29966305
v 0.00001166 1.64926555 -2.37373058
v -0.00000026 1.64926555 -2.29966305
v -0.11547904 1.64521765 -2.37372965
v -0.11547904 1.64521765 -2.37372965
v -0.00000026 1.64926555 -2.29966305
v -0.23032080 1.63310412 -2.29966305
v -0.60905688 1.53268585 -2.37372536
v -0.48593157 1.57605428 -2.37372648
v -0.48593157 1.57605428 -2.29966305
v -0.48593157 1.57605428 -2.29966305
v -0.48593157 1.57605428 -2.37372648
v -0.35953696 1.60959922 -2.37372760
v -0.48593157 1.57605428 -2.29966305
v -0.35953696 1.60959922 -2.37372760
v -0.23032080 1.63310412 -2.29966305
v -0.23032080 1.63310412 -2.29966305
v -0.35953696 1.60959922 -2.37372760
v -0.23032080 1.63310412 -2.37372871
v -0.23032080 1.63310412 -2.29966305
v -0.23032080 1.63310412 -2.37372871
v -0.11547904 1.64521765 -2.37372965
v -0.60905688 1.53268585 -2.37372536
v -0.48593157 1.57605428 -2.29966305
v -0.72928839 1.47926155 -2.37372443
v -0.72928839 1.47926155 -2.37372443
v -0.48593157 1.57605428 -2.29966305
v -0.72928839 1.47926155 -2.29966305
v -0.72928839 1.47926155 -2.37372443
v -0.72928839 1.47926155 -2.29966305
v -0.84476871 1.41648948 -2.37372331
v -0.84476871 1.41648948 -2.37372331
v -0.72928839 1.47926155 -2.29966305
v -0.95425500 1.34516666 -2.29966305
v -0.84476871 1.41648948 -2.37372331
v -0.95425500 1.34516666 -2.29966305
v -0.95425500 1.34516666 -2.37372238
v -1.40033020 0.87129334 -2.37371866
v -1.32693304 0.97945156 -2.37371922
v -1.32693304 0.97945156 -2.29966305
v -1.32693304 0.97945156 -2.29966305
v -1.32693304 0.97945156 -2.37371922
v -1.24529405 1.08135045 -2.37371996
v -1.32693304 0.97945156 -2.29966305
v -1.24529405 1.08135045 -2.37371996
v -1.15515916 1.17715104 -2.29966305
v -1.15515916 1.17715104 -2.29966305
v -1.24529405 1.08135045 -2.37371996
v -1.15515916 1.17715104 -2.37372071
v -1.15515916 1.17715104 -2.29966305
v -1.15515916 1.17715104 -2.37372071
v -0.95425500 1.34516666 -2.29966305
v -0.95425500 1.34516666 -2.29966305
v -1.15515916 1.17715104 -2.37372071
v -1.05770631 1.26543809 -2.37372164
v -0.95425500 1.34516666 -2.29966305
v -1.05770631 1.26543809 -2.37372164
v -0.95425500 1.34516666 -2.37372238
v -1.40033020 0.87129334 -2.37371866
v -1.32693304 0.97945156 -2.29966305
v -1.46524636 0.75705349 -2.37371810
v -1.46524636 0.75705349 -2.37371810
v -1.32693304 0.97945156 -2.29966305
v -1.46524636 0.75705349 -2.29966305
v -1.46524636 0.75705349 -2.37371810
v -1.46524636 0.75705349 -2.29966305
v -1.52092753 0.63785198 -2.37371754
v -1.52092753 0.63785198 -2.37371754
v -1.46524636 0.75705349 -2.29966305
v -1.56661067 0.51556500 -2.29966305
v -1.52092753 0.63785198 -2.37371754
v -1.56661067 0.51556500 -2.29966305
v -1.56661067 0.51556500 -2.37371717
v -1.64406989 -0.13080770 -2.37371661
v -1.64926518 0.00000282 -2.37371642
v -1.64926518 0.00000282 -2.29966305
v -1.64926518 0.00000282 -2.29966305
v -1.64926518 0.00000282 -2.37371642
v -1.64409298 0.13051931 -2.37371661
v -1.64926518 0.00000282 -2.29966305
v -1.64409298 0.13051931 -2.37371661
v -1.62847061 0.26107565 -2.29966305
v -1.62847061 0.26107565 -2.29966305
v -1.64409298 0.13051931 -2.37371661
v -1.62847061 0.26107565 -2.37371661
v -1.62847061 0.26107565 -2.29966305
v -1.62847061 0.26107565 -2.37371661
v -1.56661067 0.51556500 -2.29966305
v -1.56661067 0.51556500 -2.29966305
v -1.62847061 0.26107565 -2.37371661
v -1.60254333 0.38978448 -2.37371679
v -1.56661067 0.51556500 -2.29966305
v -1.60254333 0.38978448 -2.37371679
v -1.56661067 0.51556500 -2.37371717
v -1.64406989 -0.13080770 -2.37371661
v -1.64926518 0.00000282 -2.29966305
v -1.62847135 -0.26107009 -2.37371661
v -1.62847135 -0.26107009 -2.37371661
v -1.64926518 0.00000282 -2.29966305
v -1.62847135 -0.26107009 -2.29966305
v -1.62847135 -0.26107009 -2.37371661
v -1.62847135 -0.26107009 -2.29966305
v -1.60254184 -0.38978839 -2.37371679
v -1.60254184 -0.38978839 -2.37371679
v -1.62847135 -0.26107009 -2.29966305
v -1.56661216 -0.51555964 -2.29966305
v -1.60254184 -0.38978839 -2.37371679
v -1.56661216 -0.51555964 -2.29966305
v -1.56661216 -0.51555964 -2.37371717
v -1.46524860 -0.75704847 -2.29966305
v -1.46524860 -0.75704847 -2.37371810
v -1.56661216 -0.51555964 -2.29966305
v -1.56661216 -0.51555964 -2.29966305
v -1.46524860 -0.75704847 -2.37371810
v -1.52074648 -0.63828374 -2.37371754
v -1.56661216 -0.51555964 -2.29966305
v -1.52074648 -0.63828374 -2.37371754
v -1.56661216 -0.51555964 -2.37371717
v -1.40053434 -0.87096458 -2.37371866
v -1.46524860 -0.75704847 -2.29966305
v -1.32693602 -0.97944699 -2.37371922
v -1.32693602 -0.97944699 -2.37371922
v -1.46524860 -0.75704847 -2.29966305
v -1.32693602 -0.97944699 -2.29966305
v -1.32693602 -0.97944699 -2.37371922
v -1.32693602 -0.97944699 -2.29966305
v -1.24493865 -1.08175939 -2.37371996
v -1.24493865 -1.08175939 -2.37371996
v -1.32693602 -0.97944699 -2.29966305
v -1.15516288 -1.17714712 -2.29966305
v -1.24493865 -1.08175939 -2.37371996
v -1.15516288 -1.17714712 -2.29966305
v -1.15516288 -1.17714712 -2.37372071
v -0.60996958 -1.53232282 -2.37372536
v -0.72929361 -1.47925904 -2.37372443
v -0.72929361 -1.47925904 -2.29966305
v -0.72929361 -1.47925904 -2.29966305
v -0.72929361 -1.47925904 -2.37372443
v -0.84430231 -1.41676776 -2.37372331
v -0.72929361 -1.47925904 -2.29966305
v -0.84430231 -1.41676776 -2.37372331
v -0.95426021 -1.34516340 -2.29966305
v -0.95426021 -1.34516340 -2.29966305
v -0.84430231 -1.41676776 -2.37372331
v -0.95426021 -1.34516340 -2.37372238
v -0.95426021 -1.34516340 -2.29966305
v -0.95426021 -1.34516340 -2.37372238
v -1.15516288 -1.17714712 -2.29966305
v -1.15516288 -1.17714712 -2.29966305
v -0.95426021 -1.34516340 -2.37372238
v -1.05828522 -1.26495417 -2.37372164
v -1.15516288 -1.17714712 -2.29966305
v -1.05828522 -1.26495417 -2.37372164
v -1.15516288 -1.17714712 -2.37372071
v -0.60996958 -1.53232282 -2.37372536
v -0.72929361 -1.47925904 -2.29966305
v -0.48593679 -1.57605242 -2.37372648
v -0.48593679 -1.57605242 -2.37372648
v -0.72929361 -1.47925904 -2.29966305
v -0.48593679 -1.57605242 -2.29966305
v -0.48593679 -1.57605242 -2.37372648
v -0.48593679 -1.57605242 -2.29966305
v -0.35900723 -1.60971750 -2.37372760
v -0.35900723 -1.60971750 -2.37372760
v -0.48593679 -1.57605242 -2.29966305
v -0.23032676 -1.63310319 -2.29966305
v -0.35900723 -1.60971750 -2.37372760
v -0.23032676 -1.63310319 -2.29966305
v -0.23032676 -1.63310319 -2.37372871
v -0.00000026 -1.64926536 -2.29966305
v 0.00000570 -1.64926574 -2.37373039
v -0.23032676 -1.63310319 -2.29966305
v -0.23032676 -1.63310319 -2.29966305
v 0.00000570 -1.64926574 -2.37373039
v -0.11584263 -1.64519195 -2.37372965
v -0.23032676 -1.63310319 -2.29966305
v -0.11584263 -1.64519195 -2.37372965
v -0.23032676 -1.63310319 -2.37372871
v 1.97368842 -1.64924562 -2.37374473
v 0.92999982 -1.64925717 -2.37373635
v 1.97166856 -1.64926462 -2.29966305
v 1.97166856 -1.64926462 -2.29966305
v 0.92999982 -1.64925717 -2.37373635
v 0.92999982 -1.64926611 -2.29966305
v 1.97177362 1.64926667 -2.29966547
v -0.00000026 1.64926555 -2.29966305
v 1.97173413 1.64925661 -2.37373691
v 1.97173413 1.64925661 -2.37373691
v -0.00000026 1.64926555 -2.29966305
v 0.00001166 1.64926555 -2.37373058
v 1.97335463 -1.79926232 -2.29966305
v 1.97166856 -1.64926462 -2.29966305
v 0.92999982 -1.64926611 -2.29966305
v 1.97335463 -1.79926232 -2.29966305
v 0.92999982 -1.64926611 -2.29966305
v -0.00000026 -1.79926530 -2.29966305
v -0.00000026 -1.79926530 -2.29966305
v 0.92999982 -1.64926611 -2.29966305
v -0.00000026 -1.64926536 -2.29966305
v -0.00000026 -1.79926530 -2.29966305
v -0.00000026 -1.64926536 -2.29966305
v -0.22662606 -1.78493597 -2.29966305
v -0.22662606 -1.78493597 -2.29966305
v -0.00000026 -1.64926536 -2.29966305
v -0.23032676 -1.63310319 -2.29966305
v -0.22662606 -1.78493597 -2.29966305
v -0.23032676 -1.63310319 -2.29966305
v -0.49437233 -1.73001513 -2.29966305
v -0.49437233 -1.73001513 -2.29966305
v -0.23032676 -1.63310319 -2.29966305
v -0.48593679 -1.57605242 -2.29966305
v -0.49437233 -1.73001513 -2.29966305
v -0.48593679 -1.57605242 -2.29966305
v -0.75071030 -1.63517278 -2.29966305
v -0.75071030 -1.63517278 -2.29966305
v -0.48593679 -1.57605242 -2.29966305
v -0.72929361 -1.47925904 -2.29966305
v -0.75071030 -1.63517278 -2.29966305
v -0.72929361 -1.47925904 -2.29966305
v -0.98972498 -1.50259798 -2.29966305
v -0.98972498 -1.50259798 -2.29966305
v -0.72929361 -1.47925904 -2.29966305
v -0.95426021 -1.34516340 -2.29966305
v -0.98972498 -1.50259798 -2.29966305
v -0.95426021 -1.34516340 -2.29966305
v -1.20590134 -1.33534968 -2.29966305
v -1.20590134 -1.33534968 -2.29966305
v -0.95426021 -1.34516340 -2.29966305
v -1.15516288 -1.17714712 -2.29966305
v -1.20590134 -1.33534968 -2.29966305
v -1.15516288 -1.17714712 -2.29966305
v -1.39425052 -1.13728726 -2.29966305
v -1.39425052 -1.13728726 -2.29966305
v -1.15516288 -1.17714712 -2.29966305
v -1.32693602 -0.97944699 -2.29966305
v -1.39425052 -1.13728726 -2.29966305
v -1.32693602 -0.97944699 -2.29966305
v -1.55042661 -0.91298111 -2.29966305
v -1.55042661 -0.91298111 -2.29966305
v -1.32693602 -0.97944699 -2.29966305
v -1.46524860 -0.75704847 -2.29966305
v -1.55042661 -0.91298111 -2.29966305
v -1.46524860 -0.75704847 -2.29966305
v -1.67082492 -0.66760732 -2.29966305
v -1.67082492 -0.66760732 -2.29966305
v -1.46524860 -0.75704847 -2.29966305
v -1.56661216 -0.51555964 -2.29966305
v -1.67082492 -0.66760732 -2.29966305
v -1.56661216 -0.51555964 -2.29966305
v -1.75266881 -0.40682806 -2.29966305
v -1.75266881 -0.40682806 -2.29966305
v -1.56661216 -0.51555964 -2.29966305
v -1.62847135 -0.26107009 -2.29966305
v -1.75266881 -0.40682806 -2.29966305
v -1.62847135 -0.26107009 -2.29966305
v -1.79406796 -0.13666097 -2.29966305
v -1.79406796 -0.13666097 -2.29966305
v -1.62847135 -0.26107009 -2.29966305
v -1.64926518 0.00000282 -2.29966305
v -1.79406796 -0.13666097 -2.29966305
v -1.64926518 0.00000282 -2.29966305
v -1.79406796 0.13665969 -2.29966305
v -1.79406796 0.13665969 -2.29966305
v -1.64926518 0.00000282 -2.29966305
v -1.75266881 0.40682685 -2.29966305
v -1.75266881 0.40682685 -2.29966305
v -1.64926518 0.00000282 -2.29966305
v -1.62847061 0.26107565 -2.29966305
v -1.75266881 0.40682685 -2.29966305
v -1.62847061 0.26107565 -2.29966305
v -1.67082567 0.66760615 -2.29966305
v -1.67082567 0.66760615 -2.29966305
v -1.62847061 0.26107565 -2.29966305
v -1.56661067 0.51556500 -2.29966305
v -1.67082567 0.66760615 -2.29966305
v -1.56661067 0.51556500 -2.29966305
v -1.55042661 0.91297999 -2.29966305
v -1.55042661 0.91297999 -2.29966305
v -1.56661067 0.51556500 -2.29966305
v -1.46524636 0.75705349 -2.29966305
v -1.55042661 0.91297999 -2.29966305
v -1.46524636 0.75705349 -2.29966305
v -1.39425127 1.13728624 -2.29966305
v -1.39425127 1.13728624 -2.29966305
v -1.46524636 0.75705349 -2.29966305
v -1.32693304 0.97945156 -2.29966305
v -1.39425127 1.13728624 -2.29966305
v -1.32693304 0.97945156 -2.29966305
v -1.20590208 1.33534884 -2.29966305
v -1.20590208 1.33534884 -2.29966305
v -1.32693304 0.97945156 -2.29966305
v -1.15515916 1.17715104 -2.29966305
v -1.20590208 1.33534884 -2.29966305
v -1.15515916 1.17715104 -2.29966305
v -0.98972572 1.50259733 -2.29966305
v -0.98972572 1.50259733 -2.29966305
v -1.15515916 1.17715104 -2.29966305
v -0.95425500 1.34516666 -2.29966305
v -0.98972572 1.50259733 -2.29966305
v -0.95425500 1.34516666 -2.29966305
v -0.75071105 1.63517240 -2.29966305
v -0.75071105 1.63517240 -2.29966305
v -0.95425500 1.34516666 -2.29966305
v -0.72928839 1.47926155 -2.29966305
v -0.75071105 1.63517240 -2.29966305
v -0.72928839 1.47926155 -2.29966305
v -0.49437308 1.73001494 -2.29966305
v -0.49437308 1.73001494 -2.29966305
v -0.72928839 1.47926155 -2.29966305
v -0.48593157 1.57605428 -2.29966305
v -0.49437308 1.73001494 -2.29966305
v -0.48593157 1.57605428 -2.29966305
v -0.22662755 1.78493597 -2.29966305
v -0.22662755 1.78493597 -2.29966305
v -0.48593157 1.57605428 -2.29966305
v -0.23032080 1.63310412 -2.29966305
v -0.22662755 1.78493597 -2.29966305
v -0.23032080 1.63310412 -2.29966305
v -0.00000026 1.79926567 -2.29966305
v -0.00000026 1.79926567 -2.29966305
v -0.23032080 1.63310412 -2.29966305
v -0.00000026 1.64926555 -2.29966305
v -0.00000026 1.79926567 -2.29966305
v -0.00000026 1.64926555 -2.29966305
v 1.97177362 1.64926667 -2.29966547
v 1.97177362 1.64926667 -2.29966547
v 1.97176691 1.72479749 -2.29966324
v -0.00000026 1.79926567 -2.29966305
v -0.00000026 1.79926567 -2.29966305
v 1.97176691 1.72479749 -2.29966324
v 1.97176393 1.76205374 -2.29966342
v -0.00000026 1.79926567 -2.29966305
v 1.97176393 1.76205374 -2.29966342
v 1.97176095 1.79927703 -2.29966156
v 0.00000198 1.79924928 -2.45000012
v -0.00000026 1.79926567 -2.29966305
v 0.48119626 1.79929268 -2.44996641
v 0.48119626 1.79929268 -2.44996641
v -0.00000026 1.79926567 -2.29966305
v 1.97176095 1.79927703 -2.29966156
v 0.48119626 1.79929268 -2.44996641
v 1.97176095 1.79927703 -2.29966156
v 1.97165664 1.79926138 -2.44998038
v 1.97473597 -1.79922488 -2.44999975
v 1.97335463 -1.79926232 -2.29966305
v 0.48119626 -1.79927312 -2.44997051
v 0.48119626 -1.79927312 -2.44997051
v 1.97335463 -1.79926232 -2.29966305
v -0.00000026 -1.79926530 -2.29966305
v 0.48119626 -1.79927312 -2.44997051
v -0.00000026 -1.79926530 -2.29966305
v 0.00000347 -1.79923680 -2.45000012
v 1.97368842 -1.64924562 -2.37374473
v 1.97166856 -1.64926462 -2.29966305
v 1.97473597 -1.64925996 -2.29966305
v 3.55041586 2.35349070 -0.85443212
v 2.89978217 2.36609187 -0.67914138
v 3.55041735 2.37375814 -0.54674335
v 3.55041735 2.37375814 -0.54674335
v 2.89978217 2.36609187 -0.67914138
v 2.89984476 2.37346999 -0.54900819
v 3.55041735 2.37375814 -0.54674335
v 2.89984476 2.37346999 -0.54900819
v 3.55043449 2.38645095 0.00033707
v 3.55043449 2.38645095 0.00033707
v 2.89984476 2.37346999 -0.54900819
v 2.90002953 2.38399878 -0.24972057
v 3.55043449 2.38645095 0.00033707
v 2.90002953 2.38399878 -0.24972057
v 2.89999153 2.38623526 0.00033719
v 2.90004518 2.33077966 -1.08507359
v 2.89995279 2.33972352 -1.00193443
v 3.55041735 2.33989879 -1.00193443
v 3.55041735 2.33989879 -1.00193443
v 2.89995279 2.33972352 -1.00193443
v 2.89988872 2.34572105 -0.94053745
v 3.55041735 2.33989879 -1.00193443
v 2.89988872 2.34572105 -0.94053745
v 3.55041586 2.35349070 -0.85443212
v 3.55041586 2.35349070 -0.85443212
v 2.89988872 2.34572105 -0.94053745
v 2.89982017 2.35453825 -0.83951931
v 3.55041586 2.35349070 -0.85443212
v 2.89982017 2.35453825 -0.83951931
v 2.89978217 2.36609187 -0.67914138
v 3.55043150 2.29129829 -1.37599325
v 3.55045758 2.22656783 -1.70000773
v 2.89996471 2.22638976 -1.69999432
v 2.89996471 2.22638976 -1.69999432
v 2.90026646 2.26517152 -1.52230673
v 3.55043150 2.29129829 -1.37599325
v 3.55043150 2.29129829 -1.37599325
v 2.90026646 2.26517152 -1.52230673
v 2.90029850 2.28453670 -1.41575737
v 3.55043150 2.29129829 -1.37599325
v 2.90029850 2.28453670 -1.41575737
v 3.55041735 2.33989879 -1.00193443
v 3.55041735 2.33989879 -1.00193443
v 2.90029850 2.28453670 -1.41575737
v 2.90015545 2.31841318 -1.18719423
v 3.55041735 2.33989879 -1.00193443
v 2.90015545 2.31841318 -1.18719423
v 2.90004518 2.33077966 -1.08507359
v 3.36992927 2.07211934 -1.69867817
v 3.57832350 2.07300950 -1.69835668
v 3.55055220 2.08088439 -1.66435987
v 2.96185520 2.07158290 -1.70000773
v 3.36992927 2.07211934 -1.69867817
v 2.96199899 2.07936615 -1.66937914
v 2.96199899 2.07936615 -1.66937914
v 3.36992927 2.07211934 -1.69867817
v 3.55055220 2.08088439 -1.66435987
v 2.96199899 2.07936615 -1.66937914
v 3.55055220 2.08088439 -1.66435987
v 2.96208691 2.08768193 -1.63531229
v 2.76576187 -1.93367489 -1.98421571
v 2.75387224 -1.93341598 -1.97746661
v 2.78795790 -1.97275244 -1.93409249
v 2.80996617 -1.95772927 -1.97189618
v 2.80842315 -1.95561703 -1.97490938
v 2.78845560 -1.93568766 -1.99861992
v 2.78845560 -1.93568766 -1.99861992
v 2.80842315 -1.95561703 -1.97490938
v 2.77447980 -1.91512946 -2.03149170
v 2.68978905 -1.84034910 -2.12387126
v 2.68681105 -1.83813926 -2.12634001
v 2.71863770 -1.86606199 -2.08633319
v 2.30004098 -1.67338997 -2.27415226
v 2.29806807 -1.67300813 -2.27519013
v 2.29692739 -1.67278200 -2.27481350
v 2.36249547 -1.68788806 -2.25852281
v 2.36848649 -1.68952122 -2.25677658
v 2.37139743 -1.69015769 -2.25852579
v 2.37139743 -1.69015769 -2.25852579
v 2.36848649 -1.68952122 -2.25677658
v 2.37635802 -1.69173330 -2.25441214
v 2.40861084 -1.70157421 -2.24386696
v 2.40726676 -1.70107838 -2.24493966
v 2.40655895 -1.70091186 -2.24458091
v 2.57012080 -1.77121870 -2.16629170
v 2.60259937 -1.79078709 -2.14408822
v 2.56668832 -1.76634490 -2.18513049
v 2.80001964 -2.16136258 -1.70000866
v 2.80987602 -2.15845481 -1.70426928
v 2.79864874 -2.10861601 -1.76570788
v 2.77702417 -1.98748801 -1.91026423
v 2.78412830 -2.00884379 -1.88480187
v 2.82995906 -2.05579903 -1.83285661
v 2.82995906 -2.05579903 -1.83285661
v 2.78412830 -2.00884379 -1.88480187
v 2.79096942 -2.03802548 -1.85018014
v 2.75387224 -1.93341598 -1.97746661
v 2.75245365 -1.93715487 -1.97093524
v 2.78795790 -1.97275244 -1.93409249
v 2.78795790 -1.97275244 -1.93409249
v 2.75245365 -1.93715487 -1.97093524
v 2.76405346 -1.95806623 -1.94563325
v 2.78795790 -1.97275244 -1.93409249
v 2.76405346 -1.95806623 -1.94563325
v 2.77702417 -1.98748801 -1.91026423
v 2.69420203 -1.86346881 -2.05947906
v 2.71974485 -1.89142320 -2.02610735
v 2.73154210 -1.89603921 -2.02723145
v 2.73154210 -1.89603921 -2.02723145
v 2.71974485 -1.89142320 -2.02610735
v 2.72271987 -1.89504754 -2.02176888
v 2.73154210 -1.89603921 -2.02723145
v 2.72271987 -1.89504754 -2.02176888
v 2.73405369 -1.90969296 -2.00416576
v 2.65235659 -1.82280727 -2.11390387
v 2.67983507 -1.84972119 -2.07572505
v 2.69727018 -1.86041854 -2.07011197
v 2.67983507 -1.84972119 -2.07572505
v 2.65235659 -1.82280727 -2.11390387
v 2.62988787 -1.80928987 -2.12287009
v 2.62988787 -1.80928987 -2.12287009
v 2.65235659 -1.82280727 -2.11390387
v 2.61488538 -1.79532114 -2.14922111
v 2.62988787 -1.80928987 -2.12287009
v 2.61488538 -1.79532114 -2.14922111
v 2.60499176 -1.79232825 -2.14233007
v 2.57012080 -1.77121870 -2.16629170
v 2.56668832 -1.76634490 -2.18513049
v 2.56009605 -1.76564213 -2.17258874
v 2.56009605 -1.76564213 -2.17258874
v 2.56668832 -1.76634490 -2.18513049
v 2.55596917 -1.76308770 -2.17675362
v 2.56009605 -1.76564213 -2.17258874
v 2.55596917 -1.76308770 -2.17675362
v 2.55449023 -1.76261030 -2.17600893
v 2.50764769 -1.73946675 -2.20195800
v 2.52640452 -1.74827874 -2.19211187
v 2.50816252 -1.73827410 -2.21253633
v 2.50816252 -1.73827410 -2.21253633
v 2.52640452 -1.74827874 -2.19211187
v 2.51996722 -1.74235925 -2.22015921
v 2.50816252 -1.73827410 -2.21253633
v 2.51996722 -1.74235925 -2.22015921
v 2.51754429 -1.74128972 -2.22109910
v 2.43772473 -1.71146207 -2.23306492
v 2.44011115 -1.71231031 -2.23212279
v 2.44946163 -1.71459448 -2.23964807
v 2.44946163 -1.71459448 -2.23964807
v 2.44011115 -1.71231031 -2.23212279
v 2.46704724 -1.72235258 -2.22091787
v 2.44946163 -1.71459448 -2.23964807
v 2.46704724 -1.72235258 -2.22091787
v 2.46883389 -1.72140319 -2.23833304
v 2.46883389 -1.72140319 -2.23833304
v 2.46704724 -1.72235258 -2.22091787
v 2.49514785 -1.73391756 -2.20810547
v 2.46883389 -1.72140319 -2.23833304
v 2.49514785 -1.73391756 -2.20810547
v 2.50816252 -1.73827410 -2.21253633
v 2.50816252 -1.73827410 -2.21253633
v 2.49514785 -1.73391756 -2.20810547
v 2.49980446 -1.73595529 -2.20585540
v 2.50816252 -1.73827410 -2.21253633
v 2.49980446 -1.73595529 -2.20585540
v 2.50764769 -1.73946675 -2.20195800
v 2.46883389 -1.72140319 -2.23833304
v 2.45313477 -1.71561707 -2.24321876
v 2.44946163 -1.71459448 -2.23964807
v 2.44946163 -1.71459448 -2.23964807
v 2.45313477 -1.71561707 -2.24321876
v 2.44422015 -1.71245895 -2.24585142
v 2.44946163 -1.71459448 -2.23964807
v 2.44422015 -1.71245895 -2.24585142
v 2.43772473 -1.71146207 -2.23306492
v 2.43772473 -1.71146207 -2.23306492
v 2.44422015 -1.71245895 -2.24585142
v 2.42255162 -1.70513708 -2.25180797
v 2.43772473 -1.71146207 -2.23306492
v 2.42255162 -1.70513708 -2.25180797
v 2.41859760 -1.70385651 -2.25282814
v 2.40655895 -1.70091186 -2.24458091
v 2.40726676 -1.70107838 -2.24493966
v 2.37635802 -1.69173330 -2.25441214
v 2.34679487 -1.68381408 -2.26288736
v 2.36249547 -1.68788806 -2.25852281
v 2.36370470 -1.68788582 -2.26505417
v 2.36370470 -1.68788582 -2.26505417
v 2.36249547 -1.68788806 -2.25852281
v 2.37139743 -1.69015769 -2.25852579
v 2.36370470 -1.68788582 -2.26505417
v 2.37139743 -1.69015769 -2.25852579
v 2.37710755 -1.69147551 -2.26237830
v 2.37710755 -1.69147551 -2.26237830
v 2.37139743 -1.69015769 -2.25852579
v 2.37635802 -1.69173330 -2.25441214
v 2.37710755 -1.69147551 -2.26237830
v 2.37635802 -1.69173330 -2.25441214
v 2.39257943 -1.69586688 -2.25905236
v 2.39257943 -1.69586688 -2.25905236
v 2.37635802 -1.69173330 -2.25441214
v 2.40726676 -1.70107838 -2.24493966
v 2.39257943 -1.69586688 -2.25905236
v 2.40726676 -1.70107838 -2.24493966
v 2.41798591 -1.70366000 -2.25298423
v 2.41798591 -1.70366000 -2.25298423
v 2.40726676 -1.70107838 -2.24493966
v 2.40861084 -1.70157421 -2.24386696
v 2.41798591 -1.70366000 -2.25298423
v 2.40861084 -1.70157421 -2.24386696
v 2.41859760 -1.70385651 -2.25282814
v 2.41859760 -1.70385651 -2.25282814
v 2.40861084 -1.70157421 -2.24386696
v 2.43673157 -1.71111058 -2.23345440
v 2.41859760 -1.70385651 -2.25282814
v 2.43673157 -1.71111058 -2.23345440
v 2.43772473 -1.71146207 -2.23306492
v 2.36370470 -1.68788582 -2.26505417
v 2.35396158 -1.68539863 -2.26688813
v 2.34679487 -1.68381408 -2.26288736
v 2.34679487 -1.68381408 -2.26288736
v 2.35396158 -1.68539863 -2.26688813
v 2.35339906 -1.68525800 -2.26699132
v 2.34679487 -1.68381408 -2.26288736
v 2.35339906 -1.68525800 -2.26699132
v 2.32298877 -1.67819578 -2.26893891
v 2.35339906 -1.68525800 -2.26699132
v 2.32784133 -1.67922303 -2.27138400
v 2.32298877 -1.67819578 -2.26893891
v 2.32298877 -1.67819578 -2.26893891
v 2.32784133 -1.67922303 -2.27138400
v 2.31853779 -1.67719070 -2.27284897
v 2.32298877 -1.67819578 -2.26893891
v 2.31853779 -1.67719070 -2.27284897
v 2.30004098 -1.67338997 -2.27415226
v 2.30004098 -1.67338997 -2.27415226
v 2.31853779 -1.67719070 -2.27284897
v 2.29895469 -1.67318769 -2.27571949
v 2.30004098 -1.67338997 -2.27415226
v 2.29895469 -1.67318769 -2.27571949
v 2.29806807 -1.67300813 -2.27519013
v 2.29806807 -1.67300813 -2.27519013
v 2.29895469 -1.67318769 -2.27571949
v 2.29699817 -1.67280771 -2.27599125
v 2.29806807 -1.67300813 -2.27519013
v 2.29699817 -1.67280771 -2.27599125
v 2.29692739 -1.67278200 -2.27481350
v 2.29692739 -1.67278200 -2.27481350
v 2.29699817 -1.67280771 -2.27599125
v 2.27951985 -1.66956186 -2.27830391
v 2.51754429 -1.74128972 -2.22109910
v 2.49493476 -1.73168555 -2.22949069
v 2.50816252 -1.73827410 -2.21253633
v 2.50816252 -1.73827410 -2.21253633
v 2.49493476 -1.73168555 -2.22949069
v 2.49285307 -1.73083488 -2.23022923
v 2.50816252 -1.73827410 -2.21253633
v 2.49285307 -1.73083488 -2.23022923
v 2.46883389 -1.72140319 -2.23833304
v 2.56931093 -1.76591724 -2.19909493
v 2.54716184 -1.75491795 -2.20903307
v 2.56668832 -1.76634490 -2.18513049
v 2.56668832 -1.76634490 -2.18513049
v 2.54716184 -1.75491795 -2.20903307
v 2.51996722 -1.74235925 -2.22015921
v 2.56668832 -1.76634490 -2.18513049
v 2.51996722 -1.74235925 -2.22015921
v 2.55596917 -1.76308770 -2.17675362
v 2.55596917 -1.76308770 -2.17675362
v 2.51996722 -1.74235925 -2.22015921
v 2.52640452 -1.74827874 -2.19211187
v 2.55596917 -1.76308770 -2.17675362
v 2.52640452 -1.74827874 -2.19211187
v 2.55449023 -1.76261030 -2.17600893
v 2.60499176 -1.79232825 -2.14233007
v 2.61488538 -1.79532114 -2.14922111
v 2.60259937 -1.79078709 -2.14408822
v 2.60259937 -1.79078709 -2.14408822
v 2.61488538 -1.79532114 -2.14922111
v 2.57705655 -1.77008510 -2.19379123
v 2.60259937 -1.79078709 -2.14408822
v 2.57705655 -1.77008510 -2.19379123
v 2.56668832 -1.76634490 -2.18513049
v 2.56668832 -1.76634490 -2.18513049
v 2.57705655 -1.77008510 -2.19379123
v 2.57535335 -1.76904090 -2.19622739
v 2.56668832 -1.76634490 -2.18513049
v 2.57535335 -1.76904090 -2.19622739
v 2.56931093 -1.76591724 -2.19909493
v 2.60866936 -1.78727657 -2.17904635
v 2.62555610 -1.79895796 -2.15774924
v 2.63268780 -1.80159379 -2.16497611
v 2.63268780 -1.80159379 -2.16497611
v 2.62555610 -1.79895796 -2.15774924
v 2.63340529 -1.80203803 -2.16453057
v 2.62555610 -1.79895796 -2.15774924
v 2.66217124 -1.82784405 -2.11352073
v 2.67279875 -1.83123723 -2.12192982
v 2.68681105 -1.83813926 -2.12634001
v 2.68208887 -1.83468219 -2.13017222
v 2.67279875 -1.83123723 -2.12192982
v 2.67279875 -1.83123723 -2.12192982
v 2.68208887 -1.83468219 -2.13017222
v 2.64412966 -1.80879552 -2.15768255
v 2.67279875 -1.83123723 -2.12192982
v 2.64412966 -1.80879552 -2.15768255
v 2.62555610 -1.79895796 -2.15774924
v 2.62555610 -1.79895796 -2.15774924
v 2.64412966 -1.80879552 -2.15768255
v 2.64190417 -1.80737432 -2.15913374
v 2.62555610 -1.79895796 -2.15774924
v 2.64190417 -1.80737432 -2.15913374
v 2.63340529 -1.80203803 -2.16453057
v 2.82243621 -2.01176014 -1.88979097
v 2.83146705 -1.99154746 -1.92367658
v 2.80027520 -1.97203811 -1.94052160
v 2.80027520 -1.97203811 -1.94052160
v 2.83146705 -1.99154746 -1.92367658
v 2.81225797 -1.97181702 -1.94716752
v 2.80027520 -1.97203811 -1.94052160
v 2.81225797 -1.97181702 -1.94716752
v 2.77728941 -1.93442013 -1.99124329
v 2.85322946 -2.04487275 -1.85001250
v 2.85259616 -2.04275064 -1.85286179
v 2.82243621 -2.01176014 -1.88979097
v 2.82243621 -2.01176014 -1.88979097
v 2.85259616 -2.04275064 -1.85286179
v 2.83518117 -1.99858733 -1.91373434
v 2.82243621 -2.01176014 -1.88979097
v 2.83518117 -1.99858733 -1.91373434
v 2.83146705 -1.99154746 -1.92367658
v 2.87047829 -2.16195304 -1.70000866
v 2.86556240 -2.10181810 -1.77596696
v 2.84793433 -2.13584770 -1.73331276
v 2.84793433 -2.13584770 -1.73331276
v 2.86556240 -2.10181810 -1.77596696
v 2.82995906 -2.05579903 -1.83285661
v 2.84793433 -2.13584770 -1.73331276
v 2.82995906 -2.05579903 -1.83285661
v 2.80146878 -2.06309315 -1.82105247
v 2.80146878 -2.06309315 -1.82105247
v 2.82995906 -2.05579903 -1.83285661
v 2.79096942 -2.03802548 -1.85018014
v 2.79096942 -2.03802548 -1.85018014
v 2.79454496 -2.06149444 -1.82227772
v 2.80146878 -2.06309315 -1.82105247
v 2.80146878 -2.06309315 -1.82105247
v 2.79454496 -2.06149444 -1.82227772
v 2.79864874 -2.10861601 -1.76570788
v 2.80146878 -2.06309315 -1.82105247
v 2.79864874 -2.10861601 -1.76570788
v 2.84793433 -2.13584770 -1.73331276
v 2.84793433 -2.13584770 -1.73331276
v 2.79864874 -2.10861601 -1.76570788
v 2.80987602 -2.15845481 -1.70426928
v 2.84793433 -2.13584770 -1.73331276
v 2.80987602 -2.15845481 -1.70426928
v 2.87047829 -2.16195304 -1.70000866
v 2.87047829 -2.16195304 -1.70000866
v 2.80987602 -2.15845481 -1.70426928
v 2.86912303 -2.22842749 -1.61139946
v 2.80001964 -2.16136258 -1.70000866
v 2.80001964 -2.22791620 -1.61210652
v 2.80987602 -2.15845481 -1.70426928
v 2.80987602 -2.15845481 -1.70426928
v 2.80001964 -2.22791620 -1.61210652
v 2.84817573 -2.22795010 -1.61205959
v 2.80987602 -2.15845481 -1.70426928
v 2.84817573 -2.22795010 -1.61205959
v 2.86912303 -2.22842749 -1.61139946
v 2.83146705 -1.99154746 -1.92367658
v 2.81977933 -1.97200309 -1.95150096
v 2.81225797 -1.97181702 -1.94716752
v 2.81225797 -1.97181702 -1.94716752
v 2.81977933 -1.97200309 -1.95150096
v 2.80996617 -1.95772927 -1.97189618
v 2.81225797 -1.97181702 -1.94716752
v 2.80996617 -1.95772927 -1.97189618
v 2.77728941 -1.93442013 -1.99124329
v 2.77728941 -1.93442013 -1.99124329
v 2.80996617 -1.95772927 -1.97189618
v 2.78845560 -1.93568766 -1.99861992
v 2.77728941 -1.93442013 -1.99124329
v 2.78845560 -1.93568766 -1.99861992
v 2.75349226 -1.89991277 -2.04249956
v 2.75349226 -1.89991277 -2.04249956
v 2.78845560 -1.93568766 -1.99861992
v 2.77447980 -1.91512946 -2.03149170
v 2.75349226 -1.89991277 -2.04249956
v 2.77447980 -1.91512946 -2.03149170
v 2.73583811 -1.87773611 -2.07982697
v 2.74270754 -1.89773254 -2.03466732
v 2.73154210 -1.89603921 -2.02723145
v 2.76576187 -1.93367489 -1.98421571
v 2.76576187 -1.93367489 -1.98421571
v 2.73154210 -1.89603921 -2.02723145
v 2.73405369 -1.90969296 -2.00416576
v 2.76576187 -1.93367489 -1.98421571
v 2.73405369 -1.90969296 -2.00416576
v 2.75387224 -1.93341598 -1.97746661
v 2.75387224 -1.93341598 -1.97746661
v 2.73405369 -1.90969296 -2.00416576
v 2.75016706 -1.93342287 -1.97545681
v 2.75387224 -1.93341598 -1.97746661
v 2.75016706 -1.93342287 -1.97545681
v 2.75245365 -1.93715487 -1.97093524
v 2.67983507 -1.84972119 -2.07572505
v 2.69420203 -1.86346881 -2.05947906
v 2.69727018 -1.86041854 -2.07011197
v 2.69727018 -1.86041854 -2.07011197
v 2.69420203 -1.86346881 -2.05947906
v 2.73154210 -1.89603921 -2.02723145
v 2.69727018 -1.86041854 -2.07011197
v 2.73154210 -1.89603921 -2.02723145
v 2.70816740 -1.86301302 -2.07801852
v 2.70816740 -1.86301302 -2.07801852
v 2.73154210 -1.89603921 -2.02723145
v 2.74270754 -1.89773254 -2.03466732
v 2.70816740 -1.86301302 -2.07801852
v 2.74270754 -1.89773254 -2.03466732
v 2.71863770 -1.86606199 -2.08633319
v 2.71863770 -1.86606199 -2.08633319
v 2.68681105 -1.83813926 -2.12634001
v 2.70816740 -1.86301302 -2.07801852
v 2.70816740 -1.86301302 -2.07801852
v 2.68681105 -1.83813926 -2.12634001
v 2.67279875 -1.83123723 -2.12192982
v 2.70816740 -1.86301302 -2.07801852
v 2.67279875 -1.83123723 -2.12192982
v 2.69727018 -1.86041854 -2.07011197
v 2.69727018 -1.86041854 -2.07011197
v 2.67279875 -1.83123723 -2.12192982
v 2.66217124 -1.82784405 -2.11352073
v 2.69727018 -1.86041854 -2.07011197
v 2.66217124 -1.82784405 -2.11352073
v 2.65235659 -1.82280727 -2.11390387
v 2.65235659 -1.82280727 -2.11390387
v 2.66217124 -1.82784405 -2.11352073
v 2.62555610 -1.79895796 -2.15774924
v 2.65235659 -1.82280727 -2.11390387
v 2.62555610 -1.79895796 -2.15774924
v 2.61488538 -1.79532114 -2.14922111
v 2.61488538 -1.79532114 -2.14922111
v 2.62555610 -1.79895796 -2.15774924
v 2.60866936 -1.78727657 -2.17904635
v 2.61488538 -1.79532114 -2.14922111
v 2.60866936 -1.78727657 -2.17904635
v 2.57705655 -1.77008510 -2.19379123
v 2.57705655 -1.77008510 -2.19379123
v 2.60866936 -1.78727657 -2.17904635
v 2.57806610 -1.77046042 -2.19491664
v 2.57705655 -1.77008510 -2.19379123
v 2.57806610 -1.77046042 -2.19491664
v 2.57535335 -1.76904090 -2.19622739
v 2.86556240 -2.10181810 -1.77596696
v 2.85470914 -2.05003154 -1.84311047
v 2.82995906 -2.05579903 -1.83285661
v 2.82995906 -2.05579903 -1.83285661
v 2.85470914 -2.05003154 -1.84311047
v 2.85322946 -2.04487275 -1.85001250
v 2.82995906 -2.05579903 -1.83285661
v 2.85322946 -2.04487275 -1.85001250
v 2.77702417 -1.98748801 -1.91026423
v 2.77702417 -1.98748801 -1.91026423
v 2.85322946 -2.04487275 -1.85001250
v 2.82243621 -2.01176014 -1.88979097
v 2.77702417 -1.98748801 -1.91026423
v 2.82243621 -2.01176014 -1.88979097
v 2.78795790 -1.97275244 -1.93409249
v 2.78795790 -1.97275244 -1.93409249
v 2.82243621 -2.01176014 -1.88979097
v 2.80027520 -1.97203811 -1.94052160
v 2.78795790 -1.97275244 -1.93409249
v 2.80027520 -1.97203811 -1.94052160
v 2.76576187 -1.93367489 -1.98421571
v 2.76576187 -1.93367489 -1.98421571
v 2.80027520 -1.97203811 -1.94052160
v 2.77728941 -1.93442013 -1.99124329
v 2.76576187 -1.93367489 -1.98421571
v 2.77728941 -1.93442013 -1.99124329
v 2.74270754 -1.89773254 -2.03466732
v 2.74270754 -1.89773254 -2.03466732
v 2.77728941 -1.93442013 -1.99124329
v 2.75349226 -1.89991277 -2.04249956
v 2.74270754 -1.89773254 -2.03466732
v 2.75349226 -1.89991277 -2.04249956
v 2.71863770 -1.86606199 -2.08633319
v 2.71863770 -1.86606199 -2.08633319
v 2.75349226 -1.89991277 -2.04249956
v 2.73583811 -1.87773611 -2.07982697
v 2.71863770 -1.86606199 -2.08633319
v 2.73583811 -1.87773611 -2.07982697
v 2.68978905 -1.84034910 -2.12387126
v 2.86210831 1.96837522 -1.70000773
v 2.86215004 1.97792929 -1.66345444
v 2.80002560 1.96842887 -1.70001667
v 2.80002560 1.96842887 -1.70001667
v 2.86215004 1.97792929 -1.66345444
v 2.80001964 1.97792929 -1.66345444
v 2.89996471 2.22638976 -1.69999432
v 2.80002784 2.12338548 -1.69999078
v 2.90026646 2.26517152 -1.52230673
v 2.90026646 2.26517152 -1.52230673
v 2.80002784 2.12338548 -1.69999078
v 2.80001964 2.18152795 -1.42434677
v 2.89995279 2.33972352 -1.00193443
v 2.90004518 2.33077966 -1.08507359
v 2.80001964 2.23005433 -1.08532608
v 2.80001964 2.23005433 -1.08532608
v 2.90004518 2.33077966 -1.08507359
v 2.90015545 2.31841318 -1.18719423
v 2.80001964 2.23005433 -1.08532608
v 2.90015545 2.31841318 -1.18719423
v 2.80001964 2.18152795 -1.42434677
v 2.80001964 2.18152795 -1.42434677
v 2.90015545 2.31841318 -1.18719423
v 2.90029850 2.28453670 -1.41575737
v 2.80001964 2.18152795 -1.42434677
v 2.90029850 2.28453670 -1.41575737
v 2.90026646 2.26517152 -1.52230673
v 2.80001964 2.26601753 -0.67934874
v 2.89982017 2.35453825 -0.83951931
v 2.80001964 2.23005433 -1.08532608
v 2.80001964 2.23005433 -1.08532608
v 2.89982017 2.35453825 -0.83951931
v 2.89988872 2.34572105 -0.94053745
v 2.80001964 2.23005433 -1.08532608
v 2.89988872 2.34572105 -0.94053745
v 2.89995279 2.33972352 -1.00193443
v 2.90002953 2.38399878 -0.24972057
v 2.89984476 2.37346999 -0.54900819
v 2.80001964 2.26601753 -0.67934874
v 2.80001964 2.26601753 -0.67934874
v 2.89984476 2.37346999 -0.54900819
v 2.89978217 2.36609187 -0.67914138
v 2.80001964 2.26601753 -0.67934874
v 2.89978217 2.36609187 -0.67914138
v 2.89982017 2.35453825 -0.83951931
v 2.80001964 2.26601753 -0.67934874
v 2.80001964 2.28340849 -0.26879183
v 2.90002953 2.38399878 -0.24972057
v 2.90002953 2.38399878 -0.24972057
v 2.80001964 2.28340849 -0.26879183
v 2.80002039 2.28617005 0.00032225
v 2.90002953 2.38399878 -0.24972057
v 2.80002039 2.28617005 0.00032225
v 2.89999153 2.38623526 0.00033719
v 3.57614644 2.37914529 -0.37780236
v 3.55041735 2.37375814 -0.54674335
v 3.55043449 2.38645095 0.00033707
v 3.71540524 2.21330151 -1.38182174
v 3.71481217 2.17838269 -1.56636648
v 3.69984470 2.20421292 -1.52082024
v 3.69984470 2.20421292 -1.52082024
v 3.71481217 2.17838269 -1.56636648
v 3.71449180 2.16026157 -1.64706167
v 3.70061882 2.27364618 -1.06194997
v 3.71620394 2.27212906 -0.92063975
v 3.71586271 2.24526133 -1.16438298
v 3.70637514 2.32253298 0.00052319
v 3.71677019 2.31162757 0.00033700
v 3.71668525 2.30732691 -0.32673061
v 3.62907834 2.36600600 -0.37460327
v 3.65210734 2.36137360 0.00051053
v 3.65477465 2.35438384 -0.37254686
v 3.65477465 2.35438384 -0.37254686
v 3.65210734 2.36137360 0.00051053
v 3.68017219 2.34435778 0.00051702
v 3.65477465 2.35438384 -0.37254686
v 3.68017219 2.34435778 0.00051702
v 3.67910154 2.33952515 -0.37024394
v 3.67910154 2.33952515 -0.37024394
v 3.68017219 2.34435778 0.00051702
v 3.70637514 2.32253298 0.00052319
v 3.67910154 2.33952515 -0.37024394
v 3.70637514 2.32253298 0.00052319
v 3.70110758 2.32191067 -0.36778599
v 3.70110758 2.32191067 -0.36778599
v 3.70637514 2.32253298 0.00052319
v 3.71668525 2.30732691 -0.32673061
v 3.70110758 2.32191067 -0.36778599
v 3.71668525 2.30732691 -0.32673061
v 3.71646322 2.29287576 -0.64990311
v 3.55043449 2.38645095 0.00033707
v 3.58387418 2.38377396 0.00049733
v 3.57614644 2.37914529 -0.37780236
v 3.57614644 2.37914529 -0.37780236
v 3.58387418 2.38377396 0.00049733
v 3.60315479 2.37981956 0.00050086
v 3.57614644 2.37914529 -0.37780236
v 3.60315479 2.37981956 0.00050086
v 3.60297672 2.37419214 -0.37634792
v 3.60297672 2.37419214 -0.37634792
v 3.60315479 2.37981956 0.00050086
v 3.61664258 2.37598419 0.00050337
v 3.60297672 2.37419214 -0.37634792
v 3.61664258 2.37598419 0.00050337
v 3.62907834 2.36600600 -0.37460327
v 3.62907834 2.36600600 -0.37460327
v 3.61664258 2.37598419 0.00050337
v 3.62950303 2.37147361 0.00050584
v 3.62907834 2.36600600 -0.37460327
v 3.62950303 2.37147361 0.00050584
v 3.65210734 2.36137360 0.00051053
v 3.57619859 2.35210340 -0.85205613
v 3.55041586 2.35349070 -0.85443212
v 3.55041735 2.37375814 -0.54674335
v 3.55043150 2.29129829 -1.37599325
v 3.55041735 2.33989879 -1.00193443
v 3.57623361 2.32898239 -1.08850123
v 3.60306911 2.25247350 -1.55276097
v 3.59350108 2.22375803 -1.69234052
v 3.57627980 2.25660335 -1.55815268
v 3.57627980 2.25660335 -1.55815268
v 3.59350108 2.22375803 -1.69234052
v 3.57390381 2.22608224 -1.69629753
v 3.57627980 2.25660335 -1.55815268
v 3.57390381 2.22608224 -1.69629753
v 3.56124900 2.22665314 -1.69843957
v 3.62899117 2.24518385 -1.54628018
v 3.61956842 2.21788231 -1.68585815
v 3.60306911 2.25247350 -1.55276097
v 3.60306911 2.25247350 -1.55276097
v 3.61956842 2.21788231 -1.68585815
v 3.60302739 2.22198833 -1.69013552
v 3.60306911 2.25247350 -1.55276097
v 3.60302739 2.22198833 -1.69013552
v 3.59350108 2.22375803 -1.69234052
v 3.67830805 2.22074315 -1.53002543
v 3.66170369 2.20078900 -1.67213194
v 3.65438424 2.23454926 -1.53862340
v 3.65438424 2.23454926 -1.53862340
v 3.66170369 2.20078900 -1.67213194
v 3.64118926 2.21039560 -1.67935695
v 3.65438424 2.23454926 -1.53862340
v 3.64118926 2.21039560 -1.67935695
v 3.62899117 2.24518385 -1.54628018
v 3.62899117 2.24518385 -1.54628018
v 3.64118926 2.21039560 -1.67935695
v 3.62886451 2.21497100 -1.68319400
v 3.62899117 2.24518385 -1.54628018
v 3.62886451 2.21497100 -1.68319400
v 3.61956842 2.21788231 -1.68585815
v 3.71449180 2.16026157 -1.64706167
v 3.69863175 2.17559170 -1.65586695
v 3.69984470 2.20421292 -1.52082024
v 3.69984470 2.20421292 -1.52082024
v 3.69863175 2.17559170 -1.65586695
v 3.69015895 2.18247492 -1.66004710
v 3.69984470 2.20421292 -1.52082024
v 3.69015895 2.18247492 -1.66004710
v 3.67830805 2.22074315 -1.53002543
v 3.67830805 2.22074315 -1.53002543
v 3.69015895 2.18247492 -1.66004710
v 3.68094407 2.18914319 -1.66426226
v 3.67830805 2.22074315 -1.53002543
v 3.68094407 2.18914319 -1.66426226
v 3.66170369 2.20078900 -1.67213194
v 3.71620394 2.27212906 -0.92063975
v 3.70061882 2.27364618 -1.06194997
v 3.70082594 2.29590107 -0.83099306
v 3.70082594 2.29590107 -0.83099306
v 3.70061882 2.27364618 -1.06194997
v 3.67880203 2.29084920 -1.06837638
v 3.70082594 2.29590107 -0.83099306
v 3.67880203 2.29084920 -1.06837638
v 3.67892571 2.31329463 -0.83607910
v 3.67892571 2.31329463 -0.83607910
v 3.67880203 2.29084920 -1.06837638
v 3.65465097 2.30529942 -1.07443342
v 3.67892571 2.31329463 -0.83607910
v 3.65465097 2.30529942 -1.07443342
v 3.65470089 2.32793130 -0.84087914
v 3.65470089 2.32793130 -0.84087914
v 3.65465097 2.30529942 -1.07443342
v 3.62909026 2.31653173 -1.07988287
v 3.65470089 2.32793130 -0.84087914
v 3.62909026 2.31653173 -1.07988287
v 3.62908579 2.33934000 -0.84520308
v 3.62908579 2.33934000 -0.84520308
v 3.62909026 2.31653173 -1.07988287
v 3.60306390 2.32436005 -1.08455224
v 3.62908579 2.33934000 -0.84520308
v 3.60306390 2.32436005 -1.08455224
v 3.60302962 2.34733038 -0.84891319
v 3.60302962 2.34733038 -0.84891319
v 3.60306390 2.32436005 -1.08455224
v 3.57623361 2.32898239 -1.08850123
v 3.60302962 2.34733038 -0.84891319
v 3.57623361 2.32898239 -1.08850123
v 3.57619859 2.35210340 -0.85205613
v 3.57619859 2.35210340 -0.85205613
v 3.57623361 2.32898239 -1.08850123
v 3.55041735 2.33989879 -1.00193443
v 3.57619859 2.35210340 -0.85205613
v 3.55041735 2.33989879 -1.00193443
v 3.55041586 2.35349070 -0.85443212
v 3.71572413 2.23477148 -1.24223493
v 3.71540524 2.21330151 -1.38182174
v 3.70032676 2.24370565 -1.29206823
v 3.70032676 2.24370565 -1.29206823
v 3.71540524 2.21330151 -1.38182174
v 3.69984470 2.20421292 -1.52082024
v 3.70032676 2.24370565 -1.29206823
v 3.69984470 2.20421292 -1.52082024
v 3.67862247 2.26063095 -1.29985884
v 3.67862247 2.26063095 -1.29985884
v 3.69984470 2.20421292 -1.52082024
v 3.67830805 2.22074315 -1.53002543
v 3.67862247 2.26063095 -1.29985884
v 3.67830805 2.22074315 -1.53002543
v 3.65456454 2.27481108 -1.30717913
v 3.65456454 2.27481108 -1.30717913
v 3.67830805 2.22074315 -1.53002543
v 3.65438424 2.23454926 -1.53862340
v 3.65456454 2.27481108 -1.30717913
v 3.65438424 2.23454926 -1.53862340
v 3.62907313 2.28578970 -1.31374272
v 3.62907313 2.28578970 -1.31374272
v 3.65438424 2.23454926 -1.53862340
v 3.62899117 2.24518385 -1.54628018
v 3.62907313 2.28578970 -1.31374272
v 3.62899117 2.24518385 -1.54628018
v 3.60308625 2.29338780 -1.31934453
v 3.60308625 2.29338780 -1.31934453
v 3.62899117 2.24518385 -1.54628018
v 3.60306911 2.25247350 -1.55276097
v 3.60308625 2.29338780 -1.31934453
v 3.60306911 2.25247350 -1.55276097
v 3.57626490 2.29779892 -1.32405767
v 3.57626490 2.29779892 -1.32405767
v 3.60306911 2.25247350 -1.55276097
v 3.57627980 2.25660335 -1.55815268
v 3.57626490 2.29779892 -1.32405767
v 3.57627980 2.25660335 -1.55815268
v 3.55043150 2.29129829 -1.37599325
v 3.55043150 2.29129829 -1.37599325
v 3.57627980 2.25660335 -1.55815268
v 3.56124900 2.22665314 -1.69843957
v 3.55043150 2.29129829 -1.37599325
v 3.56124900 2.22665314 -1.69843957
v 3.55045758 2.22656783 -1.70000773
v 3.55043150 2.29129829 -1.37599325
v 3.57623361 2.32898239 -1.08850123
v 3.57626490 2.29779892 -1.32405767
v 3.57626490 2.29779892 -1.32405767
v 3.57623361 2.32898239 -1.08850123
v 3.60306390 2.32436005 -1.08455224
v 3.57626490 2.29779892 -1.32405767
v 3.60306390 2.32436005 -1.08455224
v 3.60308625 2.29338780 -1.31934453
v 3.60308625 2.29338780 -1.31934453
v 3.60306390 2.32436005 -1.08455224
v 3.62909026 2.31653173 -1.07988287
v 3.60308625 2.29338780 -1.31934453
v 3.62909026 2.31653173 -1.07988287
v 3.62907313 2.28578970 -1.31374272
v 3.62907313 2.28578970 -1.31374272
v 3.62909026 2.31653173 -1.07988287
v 3.65465097 2.30529942 -1.07443342
v 3.62907313 2.28578970 -1.31374272
v 3.65465097 2.30529942 -1.07443342
v 3.65456454 2.27481108 -1.30717913
v 3.65456454 2.27481108 -1.30717913
v 3.65465097 2.30529942 -1.07443342
v 3.67880203 2.29084920 -1.06837638
v 3.65456454 2.27481108 -1.30717913
v 3.67880203 2.29084920 -1.06837638
v 3.67862247 2.26063095 -1.29985884
v 3.67862247 2.26063095 -1.29985884
v 3.67880203 2.29084920 -1.06837638
v 3.70061882 2.27364618 -1.06194997
v 3.67862247 2.26063095 -1.29985884
v 3.70061882 2.27364618 -1.06194997
v 3.70032676 2.24370565 -1.29206823
v 3.70032676 2.24370565 -1.29206823
v 3.70061882 2.27364618 -1.06194997
v 3.71586271 2.24526133 -1.16438298
v 3.70032676 2.24370565 -1.29206823
v 3.71586271 2.24526133 -1.16438298
v 3.71572413 2.23477148 -1.24223493
v 3.55041735 2.37375814 -0.54674335
v 3.57614644 2.37914529 -0.37780236
v 3.57619859 2.35210340 -0.85205613
v 3.57619859 2.35210340 -0.85205613
v 3.57614644 2.37914529 -0.37780236
v 3.60297672 2.37419214 -0.37634792
v 3.57619859 2.35210340 -0.85205613
v 3.60297672 2.37419214 -0.37634792
v 3.60302962 2.34733038 -0.84891319
v 3.60302962 2.34733038 -0.84891319
v 3.60297672 2.37419214 -0.37634792
v 3.62907834 2.36600600 -0.37460327
v 3.60302962 2.34733038 -0.84891319
v 3.62907834 2.36600600 -0.37460327
v 3.62908579 2.33934000 -0.84520308
v 3.62908579 2.33934000 -0.84520308
v 3.62907834 2.36600600 -0.37460327
v 3.65477465 2.35438384 -0.37254686
v 3.62908579 2.33934000 -0.84520308
v 3.65477465 2.35438384 -0.37254686
v 3.65470089 2.32793130 -0.84087914
v 3.65470089 2.32793130 -0.84087914
v 3.65477465 2.35438384 -0.37254686
v 3.67910154 2.33952515 -0.37024394
v 3.65470089 2.32793130 -0.84087914
v 3.67910154 2.33952515 -0.37024394
v 3.67892571 2.31329463 -0.83607910
v 3.67892571 2.31329463 -0.83607910
v 3.67910154 2.33952515 -0.37024394
v 3.70110758 2.32191067 -0.36778599
v 3.67892571 2.31329463 -0.83607910
v 3.70110758 2.32191067 -0.36778599
v 3.70082594 2.29590107 -0.83099306
v 3.70082594 2.29590107 -0.83099306
v 3.70110758 2.32191067 -0.36778599
v 3.71646322 2.29287576 -0.64990311
v 3.70082594 2.29590107 -0.83099306
v 3.71646322 2.29287576 -0.64990311
v 3.71620394 2.27212906 -0.92063975
v 2.86215525 2.13617012 0.00032512
v 2.80001964 2.13617012 0.00031779
v 2.86199581 2.13418789 -0.22406196
v 2.86199581 2.13418789 -0.22406196
v 2.80001964 2.13617012 0.00031779
v 2.80001964 2.13305540 -0.27825800
v 2.86199581 2.13418789 -0.22406196
v 2.80001964 2.13305540 -0.27825800
v 2.86202785 2.12436356 -0.52455990
v 2.86202785 2.12436356 -0.52455990
v 2.80001964 2.13305540 -0.27825800
v 2.80001964 2.12277621 -0.55665034
v 2.80001964 2.06773411 -1.17634637
v 2.86217909 2.07408443 -1.12694539
v 2.80001964 2.08893660 -0.99713523
v 2.80001964 2.08893660 -0.99713523
v 2.86217909 2.07408443 -1.12694539
v 2.86219697 2.08362304 -1.04619432
v 2.80001964 2.08893660 -0.99713523
v 2.86219697 2.08362304 -1.04619432
v 2.80001964 2.10877098 -0.77712042
v 2.80001964 2.10877098 -0.77712042
v 2.86219697 2.08362304 -1.04619432
v 2.86214631 2.10802443 -0.78682173
v 2.80001964 2.10877098 -0.77712042
v 2.86214631 2.10802443 -0.78682173
v 2.80001964 2.12277621 -0.55665034
v 2.80001964 2.12277621 -0.55665034
v 2.86214631 2.10802443 -0.78682173
v 2.86204126 2.12277621 -0.55665034
v 2.80001964 2.12277621 -0.55665034
v 2.86204126 2.12277621 -0.55665034
v 2.86202785 2.12436356 -0.52455990
v 2.80001964 1.97792929 -1.66345444
v 2.86215004 1.97792929 -1.66345444
v 2.80001964 2.01247763 -1.50962286
v 2.80001964 2.01247763 -1.50962286
v 2.86215004 1.97792929 -1.66345444
v 2.86190044 2.00586598 -1.54144149
v 2.80001964 2.01247763 -1.50962286
v 2.86190044 2.00586598 -1.54144149
v 2.80001964 2.04113089 -1.35472333
v 2.80001964 2.04113089 -1.35472333
v 2.86190044 2.00586598 -1.54144149
v 2.86203753 2.04318911 -1.34231932
v 2.80001964 2.04113089 -1.35472333
v 2.86203753 2.04318911 -1.34231932
v 2.80001964 2.06773411 -1.17634637
v 2.80001964 2.06773411 -1.17634637
v 2.86203753 2.04318911 -1.34231932
v 2.86215749 2.06622481 -1.18764136
v 2.80001964 2.06773411 -1.17634637
v 2.86215749 2.06622481 -1.18764136
v 2.86217909 2.07408443 -1.12694539
v 2.86210831 1.96837522 -1.70000773
v 2.88624447 1.99338831 -1.70000866
v 2.86215004 1.97792929 -1.66345444
v 2.86215004 1.97792929 -1.66345444
v 2.88624447 1.99338831 -1.70000866
v 2.92401593 2.03248747 -1.70000866
v 2.86215004 1.97792929 -1.66345444
v 2.92401593 2.03248747 -1.70000866
v 2.96185520 2.07158290 -1.70000773
v 2.96185520 2.07158290 -1.70000773
v 2.96199899 2.07936615 -1.66937914
v 2.86215004 1.97792929 -1.66345444
v 2.86215004 1.97792929 -1.66345444
v 2.96199899 2.07936615 -1.66937914
v 2.96208691 2.08768193 -1.63531229
v 2.86215004 1.97792929 -1.66345444
v 2.96208691 2.08768193 -1.63531229
v 2.86190044 2.00586598 -1.54144149
v 2.86190044 2.00586598 -1.54144149
v 2.96208691 2.08768193 -1.63531229
v 2.96228807 2.12740395 -1.44381793
v 2.86190044 2.00586598 -1.54144149
v 2.96228807 2.12740395 -1.44381793
v 2.86203753 2.04318911 -1.34231932
v 2.86203753 2.04318911 -1.34231932
v 2.96228807 2.12740395 -1.44381793
v 2.96261590 2.14361213 -1.35141527
v 2.86203753 2.04318911 -1.34231932
v 2.96261590 2.14361213 -1.35141527
v 2.86215749 2.06622481 -1.18764136
v 2.86215749 2.06622481 -1.18764136
v 2.96261590 2.14361213 -1.35141527
v 2.96263453 2.16585193 -1.20094875
v 2.86215749 2.06622481 -1.18764136
v 2.96263453 2.16585193 -1.20094875
v 2.86217909 2.07408443 -1.12694539
v 2.86217909 2.07408443 -1.12694539
v 2.96263453 2.16585193 -1.20094875
v 2.96252277 2.17499770 -1.12888440
v 2.86217909 2.07408443 -1.12694539
v 2.96252277 2.17499770 -1.12888440
v 2.86219697 2.08362304 -1.04619432
v 2.86219697 2.08362304 -1.04619432
v 2.96252277 2.17499770 -1.12888440
v 2.96227839 2.18901448 -1.00293327
v 2.86219697 2.08362304 -1.04619432
v 2.96227839 2.18901448 -1.00293327
v 2.86214631 2.10802443 -0.78682173
v 2.96209883 2.22632550 -0.48628291
v 2.86204126 2.12277621 -0.55665034
v 2.96200570 2.20906213 -0.77602896
v 2.96200570 2.20906213 -0.77602896
v 2.86204126 2.12277621 -0.55665034
v 2.86214631 2.10802443 -0.78682173
v 2.96200570 2.20906213 -0.77602896
v 2.86214631 2.10802443 -0.78682173
v 2.96207648 2.20085718 -0.87726023
v 2.96207648 2.20085718 -0.87726023
v 2.86214631 2.10802443 -0.78682173
v 2.96227839 2.18901448 -1.00293327
v 2.96229329 2.23631524 0.00033990
v 2.86215525 2.13617012 0.00032512
v 2.96231043 2.23511420 -0.18795049
v 2.96231043 2.23511420 -0.18795049
v 2.86215525 2.13617012 0.00032512
v 2.86199581 2.13418789 -0.22406196
v 2.96231043 2.23511420 -0.18795049
v 2.86199581 2.13418789 -0.22406196
v 2.96209883 2.22632550 -0.48628291
v 2.96209883 2.22632550 -0.48628291
v 2.86199581 2.13418789 -0.22406196
v 2.86202785 2.12436356 -0.52455990
v 2.96209883 2.22632550 -0.48628291
v 2.86202785 2.12436356 -0.52455990
v 2.86204126 2.12277621 -0.55665034
v 2.90207993 -2.21108980 -1.70000866
v 2.87047829 -2.16195304 -1.70000866
v 2.86912303 -2.22842749 -1.61139946
v 2.97086146 -2.31425315 -1.70001220
v 2.95258742 -2.28703134 -1.70000866
v 2.86912303 -2.22842749 -1.61139946
v 2.86912303 -2.22842749 -1.61139946
v 2.95258742 -2.28703134 -1.70000866
v 2.93446388 -2.25970931 -1.70000866
v 2.86912303 -2.22842749 -1.61139946
v 2.93446388 -2.25970931 -1.70000866
v 2.90207993 -2.21108980 -1.70000866
v 2.97086146 -2.31425315 -1.70001220
v 2.86912303 -2.22842749 -1.61139946
v 2.96972375 -2.40040980 -1.56765413
v 2.96972375 -2.40040980 -1.56765413
v 2.86912303 -2.22842749 -1.61139946
v 2.86783632 -2.29781400 -1.51081141
v 2.96972375 -2.40040980 -1.56765413
v 2.86783632 -2.29781400 -1.51081141
v 2.96913814 -2.42359322 -1.52917914
v 2.96913814 -2.42359322 -1.52917914
v 2.86783632 -2.29781400 -1.51081141
v 2.96788197 -2.47863978 -1.43216802
v 2.96788197 -2.47863978 -1.43216802
v 2.86783632 -2.29781400 -1.51081141
v 2.86633205 -2.37889644 -1.37962112
v 2.96788197 -2.47863978 -1.43216802
v 2.86633205 -2.37889644 -1.37962112
v 2.96622198 -2.55087297 -1.29056294
v 2.86633205 -2.37889644 -1.37962112
v 2.86570322 -2.41286606 -1.31931091
v 2.96622198 -2.55087297 -1.29056294
v 2.96622198 -2.55087297 -1.29056294
v 2.86570322 -2.41286606 -1.31931091
v 2.86499318 -2.45244633 -1.24419127
v 2.96622198 -2.55087297 -1.29056294
v 2.86499318 -2.45244633 -1.24419127
v 2.96503212 -2.60590743 -1.16884690
v 2.96503212 -2.60590743 -1.16884690
v 2.86499318 -2.45244633 -1.24419127
v 2.86418330 -2.50033773 -1.14490949
v 2.96503212 -2.60590743 -1.16884690
v 2.86418330 -2.50033773 -1.14490949
v 2.96457615 -2.62840614 -1.11471256
v 2.96457615 -2.62840614 -1.11471256
v 2.86418330 -2.50033773 -1.14490949
v 2.86389496 -2.51839440 -1.10462531
v 2.96457615 -2.62840614 -1.11471256
v 2.86389496 -2.51839440 -1.10462531
v 2.96385344 -2.66645551 -1.01588173
v 2.96385344 -2.66645551 -1.01588173
v 2.86389496 -2.51839440 -1.10462531
v 2.86305230 -2.57662348 -0.96100010
v 2.96385344 -2.66645551 -1.01588173
v 2.86305230 -2.57662348 -0.96100010
v 2.96297278 -2.71878541 -0.86004594
v 2.96297278 -2.71878541 -0.86004594
v 2.86305230 -2.57662348 -0.96100010
v 2.86259409 -2.61623096 -0.84725833
v 2.96297278 -2.71878541 -0.86004594
v 2.86259409 -2.61623096 -0.84725833
v 2.96289083 -2.72422712 -0.84209396
v 2.96289083 -2.72422712 -0.84209396
v 2.86259409 -2.61623096 -0.84725833
v 2.86249276 -2.62696445 -0.81336871
v 2.96289083 -2.72422712 -0.84209396
v 2.86249276 -2.62696445 -0.81336871
v 2.96232831 -2.76681446 -0.68497830
v 2.96232831 -2.76681446 -0.68497830
v 2.86249276 -2.62696445 -0.81336871
v 2.86220666 -2.66684946 -0.67113834
v 2.96232831 -2.76681446 -0.68497830
v 2.86220666 -2.66684946 -0.67113834
v 2.96202209 -2.80074496 -0.52670129
v 2.96202209 -2.80074496 -0.52670129
v 2.86220666 -2.66684946 -0.67113834
v 2.86208820 -2.70033497 -0.52029267
v 2.96202209 -2.80074496 -0.52670129
v 2.86208820 -2.70033497 -0.52029267
v 2.96195503 -2.81419624 -0.44875047
v 2.96195503 -2.81419624 -0.44875047
v 2.86208820 -2.70033497 -0.52029267
v 2.86207926 -2.71298513 -0.44969437
v 2.96195503 -2.81419624 -0.44875047
v 2.86207926 -2.71298513 -0.44969437
v 2.96194162 -2.82594431 -0.36748468
v 2.96194162 -2.82594431 -0.36748468
v 2.86207926 -2.71298513 -0.44969437
v 2.86209043 -2.72533521 -0.36750739
v 2.96194162 -2.82594431 -0.36748468
v 2.86209043 -2.72533521 -0.36750739
v 2.96195801 -2.83239186 -0.31416253
v 2.96195801 -2.83239186 -0.31416253
v 2.86209043 -2.72533521 -0.36750739
v 2.86210459 -2.73263827 -0.30854864
v 2.96195801 -2.83239186 -0.31416253
v 2.86210459 -2.73263827 -0.30854864
v 2.96203624 -2.84554623 -0.15669705
v 2.86210459 -2.73263827 -0.30854864
v 2.86215674 -2.74565686 -0.15454096
v 2.96203624 -2.84554623 -0.15669705
v 2.96203624 -2.84554623 -0.15669705
v 2.86215674 -2.74565686 -0.15454096
v 2.86215972 -2.75000222 0.00018027
v 2.96203624 -2.84554623 -0.15669705
v 2.86215972 -2.75000222 0.00018027
v 2.96215769 -2.84999833 0.00018910
v 2.80001964 -2.35071201 -1.42711410
v 2.86633205 -2.37889644 -1.37962112
v 2.86783632 -2.29781400 -1.51081141
v 2.80001964 -2.22791620 -1.61210652
v 2.80001964 -2.35071201 -1.42711410
v 2.84817573 -2.22795010 -1.61205959
v 2.84817573 -2.22795010 -1.61205959
v 2.80001964 -2.35071201 -1.42711410
v 2.86783632 -2.29781400 -1.51081141
v 2.84817573 -2.22795010 -1.61205959
v 2.86783632 -2.29781400 -1.51081141
v 2.86912303 -2.22842749 -1.61139946
v 2.80001964 -2.50033792 -1.14490939
v 2.86418330 -2.50033773 -1.14490949
v 2.86499318 -2.45244633 -1.24419127
v 2.80001964 -2.50033792 -1.14490939
v 2.86499318 -2.45244633 -1.24419127
v 2.80001964 -2.35071201 -1.42711410
v 2.80001964 -2.35071201 -1.42711410
v 2.86499318 -2.45244633 -1.24419127
v 2.86570322 -2.41286606 -1.31931091
v 2.80001964 -2.35071201 -1.42711410
v 2.86570322 -2.41286606 -1.31931091
v 2.86633205 -2.37889644 -1.37962112
v 2.80001964 -2.61623096 -0.84725823
v 2.86259409 -2.61623096 -0.84725833
v 2.86305230 -2.57662348 -0.96100010
v 2.80001964 -2.61623096 -0.84725823
v 2.86305230 -2.57662348 -0.96100010
v 2.80001964 -2.50033792 -1.14490939
v 2.80001964 -2.50033792 -1.14490939
v 2.86305230 -2.57662348 -0.96100010
v 2.86389496 -2.51839440 -1.10462531
v 2.80001964 -2.50033792 -1.14490939
v 2.86389496 -2.51839440 -1.10462531
v 2.86418330 -2.50033773 -1.14490949
v 2.86207926 -2.71298513 -0.44969437
v 2.86208820 -2.70033497 -0.52029267
v 2.80001964 -2.69682761 -0.53817644
v 2.80001964 -2.69682761 -0.53817644
v 2.86208820 -2.70033497 -0.52029267
v 2.86220666 -2.66684946 -0.67113834
v 2.80001964 -2.69682761 -0.53817644
v 2.86220666 -2.66684946 -0.67113834
v 2.80001964 -2.61623096 -0.84725823
v 2.80001964 -2.61623096 -0.84725823
v 2.86220666 -2.66684946 -0.67113834
v 2.86249276 -2.62696445 -0.81336871
v 2.80001964 -2.61623096 -0.84725823
v 2.86249276 -2.62696445 -0.81336871
v 2.86259409 -2.61623096 -0.84725833
v 2.86207926 -2.71298513 -0.44969437
v 2.80001964 -2.69682761 -0.53817644
v 2.86209043 -2.72533521 -0.36750739
v 2.86209043 -2.72533521 -0.36750739
v 2.80001964 -2.69682761 -0.53817644
v 2.80001964 -2.74104066 -0.22183389
v 2.86209043 -2.72533521 -0.36750739
v 2.80001964 -2.74104066 -0.22183389
v 2.86210459 -2.73263827 -0.30854864
v 2.80001964 -2.75000278 0.00033700
v 2.86215972 -2.75000222 0.00018027
v 2.80001964 -2.74104066 -0.22183389
v 2.80001964 -2.74104066 -0.22183389
v 2.86215972 -2.75000222 0.00018027
v 2.86215674 -2.74565686 -0.15454096
v 2.80001964 -2.74104066 -0.22183389
v 2.86215674 -2.74565686 -0.15454096
v 2.86210459 -2.73263827 -0.30854864
v 3.55055220 2.08088439 -1.66435987
v 3.57832350 2.07300950 -1.69835668
v 3.58135663 2.11550556 -1.50610870
v 3.58294435 2.23648213 0.00041310
v 2.96229329 2.23631524 0.00033990
v 3.58307920 2.23430246 -0.24336041
v 3.58307920 2.23430246 -0.24336041
v 2.96229329 2.23631524 0.00033990
v 2.96231043 2.23511420 -0.18795049
v 3.58307920 2.23430246 -0.24336041
v 2.96231043 2.23511420 -0.18795049
v 3.58329751 2.22395826 -0.54013031
v 2.96231043 2.23511420 -0.18795049
v 2.96209883 2.22632550 -0.48628291
v 3.58329751 2.22395826 -0.54013031
v 3.58329751 2.22395826 -0.54013031
v 2.96209883 2.22632550 -0.48628291
v 2.96200570 2.20906213 -0.77602896
v 3.58329751 2.22395826 -0.54013031
v 2.96200570 2.20906213 -0.77602896
v 3.58302034 2.20643431 -0.81216032
v 3.58302034 2.20643431 -0.81216032
v 2.96200570 2.20906213 -0.77602896
v 2.96207648 2.20085718 -0.87726023
v 3.58302034 2.20643431 -0.81216032
v 2.96207648 2.20085718 -0.87726023
v 3.58227454 2.18918137 -1.00293355
v 3.58227454 2.18918137 -1.00293355
v 2.96207648 2.20085718 -0.87726023
v 2.96227839 2.18901448 -1.00293327
v 3.58227454 2.18918137 -1.00293355
v 2.96227839 2.18901448 -1.00293327
v 3.58189531 2.18118802 -1.07732732
v 3.58189531 2.18118802 -1.07732732
v 2.96227839 2.18901448 -1.00293327
v 2.96252277 2.17499770 -1.12888440
v 3.58189531 2.18118802 -1.07732732
v 2.96252277 2.17499770 -1.12888440
v 3.58107127 2.15073191 -1.30776512
v 3.58107127 2.15073191 -1.30776512
v 2.96252277 2.17499770 -1.12888440
v 2.96263453 2.16585193 -1.20094875
v 3.58107127 2.15073191 -1.30776512
v 2.96263453 2.16585193 -1.20094875
v 2.96261590 2.14361213 -1.35141527
v 2.96208691 2.08768193 -1.63531229
v 3.55055220 2.08088439 -1.66435987
v 2.96228807 2.12740395 -1.44381793
v 2.96228807 2.12740395 -1.44381793
v 3.55055220 2.08088439 -1.66435987
v 3.58135663 2.11550556 -1.50610870
v 2.96228807 2.12740395 -1.44381793
v 3.58135663 2.11550556 -1.50610870
v 2.96261590 2.14361213 -1.35141527
v 2.96261590 2.14361213 -1.35141527
v 3.58135663 2.11550556 -1.50610870
v 3.58109735 2.14285981 -1.35697946
v 2.96261590 2.14361213 -1.35141527
v 3.58109735 2.14285981 -1.35697946
v 3.58107127 2.15073191 -1.30776512
v 0.48119621 0.24419902 -3.03946380
v 0.48119621 0.35716498 -3.02808229
v 3.55059169 0.35716498 -3.02808229
v 3.55060063 1.79922543 -2.45000012
v 3.55060063 1.79080106 -2.45629102
v 1.98382866 1.79924592 -2.45000012
v 1.98382866 1.79924592 -2.45000012
v 3.55060063 1.79080106 -2.45629102
v 3.55059989 1.65999997 -2.54829898
v 1.98382866 1.79924592 -2.45000012
v 3.55059989 1.65999997 -2.54829898
v 1.97165664 1.79926138 -2.44998038
v 3.55057903 -1.79922525 -2.45000012
v 1.97473597 -1.79922488 -2.44999975
v 3.55057903 -1.71103496 -2.51363497
v 3.55057903 -1.71103496 -2.51363497
v 1.97473597 -1.79922488 -2.44999975
v 3.55058052 -1.56832412 -2.60683186
v 0.48119626 -1.37824686 -2.71408353
v 3.55058126 -1.42055079 -2.69177333
v 0.48119626 -1.61799639 -2.57569849
v 0.48119626 -1.61799639 -2.57569849
v 3.55058126 -1.42055079 -2.69177333
v 3.55058052 -1.56832412 -2.60683186
v 0.48119626 -1.61799639 -2.57569849
v 3.55058052 -1.56832412 -2.60683186
v 0.48119626 -1.68567840 -2.53104940
v 0.48119626 -1.68567840 -2.53104940
v 3.55058052 -1.56832412 -2.60683186
v 1.97473597 -1.79922488 -2.44999975
v 0.48119626 -1.68567840 -2.53104940
v 1.97473597 -1.79922488 -2.44999975
v 0.48119626 -1.79927312 -2.44997051
v 0.48119626 -1.18755596 -2.80436222
v 3.55058201 -1.26819192 -2.76818536
v 0.48119626 -1.37824686 -2.71408353
v 0.48119626 -1.37824686 -2.71408353
v 3.55058201 -1.26819192 -2.76818536
v 3.55058126 -1.37752863 -2.71445494
v 0.48119626 -1.37824686 -2.71408353
v 3.55058126 -1.37752863 -2.71445494
v 3.55058126 -1.42055079 -2.69177333
v 0.48119621 -0.70922310 -2.96438113
v 3.55058499 -0.78858444 -2.94391997
v 0.48119626 -0.95948018 -2.89184730
v 0.48119626 -0.95948018 -2.89184730
v 3.55058499 -0.78858444 -2.94391997
v 3.55058424 -0.95169796 -2.89446246
v 0.48119626 -0.95948018 -2.89184730
v 3.55058424 -0.95169796 -2.89446246
v 0.48119626 -1.05121117 -2.85921544
v 0.48119626 -1.05121117 -2.85921544
v 3.55058424 -0.95169796 -2.89446246
v 3.55058350 -1.05121117 -2.85921544
v 0.48119626 -1.05121117 -2.85921544
v 3.55058350 -1.05121117 -2.85921544
v 0.48119626 -1.18755596 -2.80436222
v 0.48119626 -1.18755596 -2.80436222
v 3.55058350 -1.05121117 -2.85921544
v 3.55058350 -1.11173922 -2.83582117
v 0.48119626 -1.18755596 -2.80436222
v 3.55058350 -1.11173922 -2.83582117
v 3.55058201 -1.26819192 -2.76818536
v 3.55058648 -0.62292549 -2.98403408
v 3.55058573 -0.70922310 -2.96438113
v 0.48119621 -0.70922310 -2.96438113
v 0.48119621 -0.70922310 -2.96438113
v 3.55058573 -0.70922310 -2.96438113
v 3.55058573 -0.72992686 -2.95926575
v 0.48119621 -0.70922310 -2.96438113
v 3.55058573 -0.72992686 -2.95926575
v 3.55058499 -0.78858444 -2.94391997
v 3.55058648 -0.62292549 -2.98403408
v 0.48119621 -0.70922310 -2.96438113
v 3.55058722 -0.45525571 -3.01467516
v 3.55058722 -0.45525571 -3.01467516
v 0.48119621 -0.70922310 -2.96438113
v 0.48119621 -0.48599201 -3.00979279
v 3.55058722 -0.45525571 -3.01467516
v 0.48119621 -0.48599201 -3.00979279
v 3.55058797 -0.35714707 -3.02808434
v 3.55058797 -0.35714707 -3.02808434
v 0.48119621 -0.48599201 -3.00979279
v 0.48119621 -0.35714707 -3.02808434
v 3.55058797 -0.35714707 -3.02808434
v 0.48119621 -0.35714707 -3.02808434
v 3.55058797 -0.28611636 -3.03574428
v 3.55058797 -0.28611636 -3.03574428
v 0.48119621 -0.35714707 -3.02808434
v 0.48119621 -0.24390265 -3.03948801
v 3.55058797 -0.28611636 -3.03574428
v 0.48119621 -0.24390265 -3.03948801
v 3.55058871 -0.11605343 -3.04717366
v 3.55058871 -0.11605343 -3.04717366
v 0.48119621 -0.24390265 -3.03948801
v 0.48119621 0.00000901 -3.04941926
v 3.55058871 -0.11605343 -3.04717366
v 0.48119621 0.00000901 -3.04941926
v 3.55058946 -0.04342125 -3.04910503
v 3.55059169 0.35716498 -3.02808229
v 3.55059095 0.22464613 -3.04099638
v 0.48119621 0.24419902 -3.03946380
v 0.48119621 0.24419902 -3.03946380
v 3.55059095 0.22464613 -3.04099638
v 3.55059020 0.05438413 -3.04892622
v 0.48119621 0.24419902 -3.03946380
v 3.55059020 0.05438413 -3.04892622
v 0.48119621 0.00000901 -3.04941926
v 0.48119621 0.00000901 -3.04941926
v 3.55059020 0.05438413 -3.04892622
v 3.55058946 0.00000901 -3.04941926
v 0.48119621 0.00000901 -3.04941926
v 3.55058946 0.00000901 -3.04941926
v 3.55058946 -0.04342125 -3.04910503
v 0.48119621 0.70924065 -2.96437684
v 3.55059318 0.64419429 -2.97943857
v 0.48119621 0.48628552 -3.00974455
v 0.48119621 0.48628552 -3.00974455
v 3.55059318 0.64419429 -2.97943857
v 3.55059318 0.56244740 -2.99622305
v 0.48119621 0.48628552 -3.00974455
v 3.55059318 0.56244740 -2.99622305
v 0.48119621 0.35716498 -3.02808229
v 0.48119621 0.35716498 -3.02808229
v 3.55059318 0.56244740 -2.99622305
v 3.55059169 0.39418298 -3.02340984
v 0.48119621 0.35716498 -3.02808229
v 3.55059169 0.39418298 -3.02340984
v 3.55059169 0.35716498 -3.02808229
v 0.48119626 0.95976181 -2.89175231
v 3.55059393 0.72889626 -2.95952410
v 0.48119621 0.70924065 -2.96437684
v 0.48119621 0.70924065 -2.96437684
v 3.55059393 0.72889626 -2.95952410
v 3.55059393 0.70924065 -2.96437684
v 0.48119621 0.70924065 -2.96437684
v 3.55059393 0.70924065 -2.96437684
v 3.55059318 0.64419429 -2.97943857
v 0.48119626 1.18782958 -2.80424431
v 3.55059691 1.21201603 -2.79368907
v 0.48119626 1.05122812 -2.85920911
v 0.48119626 1.05122812 -2.85920911
v 3.55059691 1.21201603 -2.79368907
v 3.55059616 1.08576752 -2.84604374
v 3.55059616 1.08576752 -2.84604374
v 3.55059542 1.05420556 -2.85809338
v 0.48119626 1.05122812 -2.85920911
v 0.48119626 1.05122812 -2.85920911
v 3.55059542 1.05420556 -2.85809338
v 3.55059542 1.05122812 -2.85920911
v 0.48119626 1.05122812 -2.85920911
v 3.55059542 1.05122812 -2.85920911
v 0.48119626 0.95976181 -2.89175231
v 0.48119626 0.95976181 -2.89175231
v 3.55059542 1.05122812 -2.85920911
v 3.55059467 0.89299222 -2.91343126
v 0.48119626 0.95976181 -2.89175231
v 3.55059467 0.89299222 -2.91343126
v 3.55059393 0.72889626 -2.95952410
v 0.48119626 1.79929268 -2.44996641
v 1.97165664 1.79926138 -2.44998038
v 0.48119626 1.68569349 -2.53103916
v 0.48119626 1.68569349 -2.53103916
v 1.97165664 1.79926138 -2.44998038
v 3.55059989 1.65999997 -2.54829898
v 0.48119626 1.68569349 -2.53103916
v 3.55059989 1.65999997 -2.54829898
v 0.48119626 1.61824599 -2.57553868
v 0.48119626 1.61824599 -2.57553868
v 3.55059989 1.65999997 -2.54829898
v 3.55059840 1.51540283 -2.63854153
v 0.48119626 1.61824599 -2.57553868
v 3.55059840 1.51540283 -2.63854153
v 0.48119626 1.37826288 -2.71407515
v 0.48119626 1.37826288 -2.71407515
v 3.55059840 1.51540283 -2.63854153
v 3.55059765 1.37826288 -2.71407515
v 0.48119626 1.37826288 -2.71407515
v 3.55059765 1.37826288 -2.71407515
v 0.48119626 1.18782958 -2.80424431
v 0.48119626 1.18782958 -2.80424431
v 3.55059765 1.37826288 -2.71407515
v 3.55059765 1.36591401 -2.72042640
v 0.48119626 1.18782958 -2.80424431
v 3.55059765 1.36591401 -2.72042640
v 3.55059691 1.21201603 -2.79368907
v 3.62886451 2.21497100 -1.68319400
v 3.64118926 2.21039560 -1.67935695
v 3.64105217 2.14975234 -1.89123694
v 3.55065875 1.99762005 -2.25509722
v 3.55064385 2.02687830 -2.21218262
v 3.57375555 2.02639177 -2.20997632
v 3.57370116 1.99518334 -2.25569867
v 3.57364230 1.96108874 -2.29935572
v 3.55066620 1.96163766 -2.30121221
v 3.55066620 1.96163766 -2.30121221
v 3.57364230 1.96108874 -2.29935572
v 3.55066620 1.93735883 -2.32879259
v 3.70743163 1.79072730 -2.35265475
v 3.70734818 1.75629128 -2.37928350
v 3.69316451 1.76564418 -2.39468850
v 3.63998078 2.01317929 -2.19170414
v 3.64047028 2.06681676 -2.09538247
v 3.66066508 2.05864757 -2.08638925
v 3.63902859 1.87276918 -2.36089118
v 3.63943167 1.94878392 -2.28118915
v 3.65929119 1.94167327 -2.27160547
v 3.68010364 2.09272839 -1.97636858
v 3.68053652 2.12984439 -1.87392682
v 3.69795673 2.11726241 -1.86395124
v 3.59694026 2.12359503 -2.00822689
v 3.59702148 2.16206331 -1.90434679
v 3.61950137 2.15690229 -1.89836491
v 3.57390530 2.16503330 -1.90903097
v 3.59702148 2.16206331 -1.90434679
v 3.57388593 2.12650951 -2.01285034
v 3.57388593 2.12650951 -2.01285034
v 3.59702148 2.16206331 -1.90434679
v 3.59694026 2.12359503 -2.00822689
v 3.57388593 2.12650951 -2.01285034
v 3.59694026 2.12359503 -2.00822689
v 3.57384048 2.08088960 -2.11368892
v 3.55045758 2.22656783 -1.70000773
v 3.56124900 2.22665314 -1.69843957
v 3.57390530 2.16503330 -1.90903097
v 3.57390530 2.16503330 -1.90903097
v 3.56124900 2.22665314 -1.69843957
v 3.57390381 2.22608224 -1.69629753
v 3.57390530 2.16503330 -1.90903097
v 3.57390381 2.22608224 -1.69629753
v 3.59702148 2.16206331 -1.90434679
v 3.59702148 2.16206331 -1.90434679
v 3.57390381 2.22608224 -1.69629753
v 3.59350108 2.22375803 -1.69234052
v 3.59702148 2.16206331 -1.90434679
v 3.59350108 2.22375803 -1.69234052
v 3.61950137 2.15690229 -1.89836491
v 3.61950137 2.15690229 -1.89836491
v 3.59350108 2.22375803 -1.69234052
v 3.60302739 2.22198833 -1.69013552
v 3.61950137 2.15690229 -1.89836491
v 3.60302739 2.22198833 -1.69013552
v 3.61956842 2.21788231 -1.68585815
v 3.64105217 2.14975234 -1.89123694
v 3.64118926 2.21039560 -1.67935695
v 3.66146676 2.14070547 -1.88305955
v 3.66146676 2.14070547 -1.88305955
v 3.64118926 2.21039560 -1.67935695
v 3.66170369 2.20078900 -1.67213194
v 3.66146676 2.14070547 -1.88305955
v 3.66170369 2.20078900 -1.67213194
v 3.68053652 2.12984439 -1.87392682
v 3.65858935 1.78135931 -2.42057275
v 3.63984369 1.78727731 -2.43032034
v 3.65875550 1.86617058 -2.35104077
v 3.65875550 1.86617058 -2.35104077
v 3.63984369 1.78727731 -2.43032034
v 3.63902859 1.87276918 -2.36089118
v 3.65858935 1.78135931 -2.42057275
v 3.65875550 1.86617058 -2.35104077
v 3.66669260 1.77831296 -2.41555534
v 3.66669260 1.77831296 -2.41555534
v 3.65875550 1.86617058 -2.35104077
v 3.67703177 1.85830090 -2.33944133
v 3.66669260 1.77831296 -2.41555534
v 3.67703177 1.85830090 -2.33944133
v 3.67770009 1.77361425 -2.40781605
v 3.63943167 1.94878392 -2.28118915
v 3.63998078 2.01317929 -2.19170414
v 3.66001390 2.00553015 -2.18240097
v 3.67770009 1.77361425 -2.40781605
v 3.67703177 1.85830090 -2.33944133
v 3.68887894 1.76804271 -2.39863917
v 3.68887894 1.76804271 -2.39863917
v 3.67703177 1.85830090 -2.33944133
v 3.69349681 1.84923820 -2.32621543
v 3.68887894 1.76804271 -2.39863917
v 3.69349681 1.84923820 -2.32621543
v 3.69316451 1.76564418 -2.39468850
v 3.69316451 1.76564418 -2.39468850
v 3.69349681 1.84923820 -2.32621543
v 3.70770432 1.83907505 -2.31150705
v 3.69316451 1.76564418 -2.39468850
v 3.70770432 1.83907505 -2.31150705
v 3.70743163 1.79072730 -2.35265475
v 3.63943167 1.94878392 -2.28118915
v 3.66001390 2.00553015 -2.18240097
v 3.65929119 1.94167327 -2.27160547
v 3.65929119 1.94167327 -2.27160547
v 3.66001390 2.00553015 -2.18240097
v 3.67864482 1.99640393 -2.17167586
v 3.65929119 1.94167327 -2.27160547
v 3.67864482 1.99640393 -2.17167586
v 3.67772542 1.93319153 -2.26044264
v 3.67772542 1.93319153 -2.26044264
v 3.67864482 1.99640393 -2.17167586
v 3.69549580 1.98586006 -2.15963367
v 3.67772542 1.93319153 -2.26044264
v 3.69549580 1.98586006 -2.15963367
v 3.69435586 1.92340370 -2.24780645
v 3.69549580 1.98586006 -2.15963367
v 3.71004529 1.97215211 -2.14931127
v 3.70963849 1.95547231 -2.17526853
v 3.69549580 1.98586006 -2.15963367
v 3.70963849 1.95547231 -2.17526853
v 3.69435586 1.92340370 -2.24780645
v 3.69435586 1.92340370 -2.24780645
v 3.70963849 1.95547231 -2.17526853
v 3.70870270 1.91237405 -2.23380979
v 3.69435586 1.92340370 -2.24780645
v 3.70870270 1.91237405 -2.23380979
v 3.70820947 1.88351627 -2.26726364
v 3.63902859 1.87276918 -2.36089118
v 3.65929119 1.94167327 -2.27160547
v 3.65875550 1.86617058 -2.35104077
v 3.65875550 1.86617058 -2.35104077
v 3.65929119 1.94167327 -2.27160547
v 3.67772542 1.93319153 -2.26044264
v 3.65875550 1.86617058 -2.35104077
v 3.67772542 1.93319153 -2.26044264
v 3.67703177 1.85830090 -2.33944133
v 3.67703177 1.85830090 -2.33944133
v 3.67772542 1.93319153 -2.26044264
v 3.69435586 1.92340370 -2.24780645
v 3.67703177 1.85830090 -2.33944133
v 3.69435586 1.92340370 -2.24780645
v 3.69349681 1.84923820 -2.32621543
v 3.69349681 1.84923820 -2.32621543
v 3.69435586 1.92340370 -2.24780645
v 3.70820947 1.88351627 -2.26726364
v 3.69349681 1.84923820 -2.32621543
v 3.70820947 1.88351627 -2.26726364
v 3.70770432 1.83907505 -2.31150705
v 3.55064385 1.86827444 -2.39520743
v 3.55066396 1.92466956 -2.34222244
v 3.57358642 1.92410331 -2.34054849
v 3.59614529 1.88192036 -2.37498097
v 3.59554701 1.79622639 -2.44506057
v 3.57770063 1.79812573 -2.44818889
v 3.59554701 1.79622639 -2.44506057
v 3.59614529 1.88192036 -2.37498097
v 3.60964797 1.79405976 -2.44149175
v 3.60964797 1.79405976 -2.44149175
v 3.59614529 1.88192036 -2.37498097
v 3.61808278 1.87803973 -2.36890297
v 3.60964797 1.79405976 -2.44149175
v 3.61808278 1.87803973 -2.36890297
v 3.61800306 1.79248769 -2.43890230
v 3.61837335 1.95445735 -2.28909738
v 3.61808278 1.87803973 -2.36890297
v 3.59622650 1.92170180 -2.33651251
v 3.59622650 1.92170180 -2.33651251
v 3.61808278 1.87803973 -2.36890297
v 3.59614529 1.88192036 -2.37498097
v 3.59622650 1.92170180 -2.33651251
v 3.59614529 1.88192036 -2.37498097
v 3.57354023 1.88427456 -2.37892643
v 3.57354023 1.88427456 -2.37892643
v 3.59614529 1.88192036 -2.37498097
v 3.57770063 1.79812573 -2.44818889
v 3.57354023 1.88427456 -2.37892643
v 3.57770063 1.79812573 -2.44818889
v 3.57348807 1.79843865 -2.44870447
v 3.57375555 2.02639177 -2.20997632
v 3.55064385 2.02687830 -2.21218262
v 3.57384048 2.08088960 -2.11368892
v 3.55064385 2.02687830 -2.21218262
v 3.55062224 2.05671154 -2.16252450
v 3.57384048 2.08088960 -2.11368892
v 3.57384048 2.08088960 -2.11368892
v 3.55062224 2.05671154 -2.16252450
v 3.55059914 2.08137352 -2.11626980
v 3.57384048 2.08088960 -2.11368892
v 3.55059914 2.08137352 -2.11626980
v 3.57388593 2.12650951 -2.01285034
v 3.57388593 2.12650951 -2.01285034
v 3.55059914 2.08137352 -2.11626980
v 3.55055667 2.11956948 -2.03363094
v 3.57388593 2.12650951 -2.01285034
v 3.55055667 2.11956948 -2.03363094
v 3.57390530 2.16503330 -1.90903097
v 3.57390530 2.16503330 -1.90903097
v 3.55055667 2.11956948 -2.03363094
v 3.55048813 2.18018349 -1.86735839
v 3.57390530 2.16503330 -1.90903097
v 3.55048813 2.18018349 -1.86735839
v 3.55045758 2.22656783 -1.70000773
v 3.55066396 1.92466956 -2.34222244
v 3.55066620 1.93735883 -2.32879259
v 3.57358642 1.92410331 -2.34054849
v 3.57358642 1.92410331 -2.34054849
v 3.55066620 1.93735883 -2.32879259
v 3.57364230 1.96108874 -2.29935572
v 3.57358642 1.92410331 -2.34054849
v 3.57364230 1.96108874 -2.29935572
v 3.59633751 1.95861887 -2.29522549
v 3.59633751 1.95861887 -2.29522549
v 3.57364230 1.96108874 -2.29935572
v 3.57370116 1.99518334 -2.25569867
v 3.59633751 1.95861887 -2.29522549
v 3.57370116 1.99518334 -2.25569867
v 3.59658711 2.02375706 -2.20564976
v 3.68053652 2.12984439 -1.87392682
v 3.68010364 2.09272839 -1.97636858
v 3.66146676 2.14070547 -1.88305955
v 3.66146676 2.14070547 -1.88305955
v 3.68010364 2.09272839 -1.97636858
v 3.66114490 2.10307259 -1.98609550
v 3.66146676 2.14070547 -1.88305955
v 3.66114490 2.10307259 -1.98609550
v 3.64105217 2.14975234 -1.89123694
v 3.64105217 2.14975234 -1.89123694
v 3.66114490 2.10307259 -1.98609550
v 3.64082344 2.11171769 -1.99471116
v 3.64105217 2.14975234 -1.89123694
v 3.64082344 2.11171769 -1.99471116
v 3.61935236 2.11858768 -2.00212169
v 3.61935236 2.11858768 -2.00212169
v 3.64082344 2.11171769 -1.99471116
v 3.61911096 2.07332838 -2.10301466
v 3.61935236 2.11858768 -2.00212169
v 3.61911096 2.07332838 -2.10301466
v 3.59679945 2.07809750 -2.10918337
v 3.59679945 2.07809750 -2.10918337
v 3.61911096 2.07332838 -2.10301466
v 3.61876599 2.01928206 -2.19948888
v 3.59679945 2.07809750 -2.10918337
v 3.61876599 2.01928206 -2.19948888
v 3.59658711 2.02375706 -2.20564976
v 3.59658711 2.02375706 -2.20564976
v 3.61876599 2.01928206 -2.19948888
v 3.61837335 1.95445735 -2.28909738
v 3.59658711 2.02375706 -2.20564976
v 3.61837335 1.95445735 -2.28909738
v 3.59633751 1.95861887 -2.29522549
v 3.59633751 1.95861887 -2.29522549
v 3.61837335 1.95445735 -2.28909738
v 3.59622650 1.92170180 -2.33651251
v 3.59633751 1.95861887 -2.29522549
v 3.59622650 1.92170180 -2.33651251
v 3.57358642 1.92410331 -2.34054849
v 3.57358642 1.92410331 -2.34054849
v 3.59622650 1.92170180 -2.33651251
v 3.57354023 1.88427456 -2.37892643
v 3.57358642 1.92410331 -2.34054849
v 3.57354023 1.88427456 -2.37892643
v 3.55064385 1.86827444 -2.39520743
v 3.55064385 1.86827444 -2.39520743
v 3.57354023 1.88427456 -2.37892643
v 3.57348807 1.79843865 -2.44870447
v 3.55064385 1.86827444 -2.39520743
v 3.57348807 1.79843865 -2.44870447
v 3.55060063 1.79922543 -2.45000012
v 3.71449180 2.16026157 -1.64706167
v 3.71315666 2.09411290 -1.88016277
v 3.69863175 2.17559170 -1.65586695
v 3.69863175 2.17559170 -1.65586695
v 3.71315666 2.09411290 -1.88016277
v 3.69795673 2.11726241 -1.86395124
v 3.69863175 2.17559170 -1.65586695
v 3.69795673 2.11726241 -1.86395124
v 3.69015895 2.18247492 -1.66004710
v 3.69015895 2.18247492 -1.66004710
v 3.69795673 2.11726241 -1.86395124
v 3.68053652 2.12984439 -1.87392682
v 3.69015895 2.18247492 -1.66004710
v 3.68053652 2.12984439 -1.87392682
v 3.68094407 2.18914319 -1.66426226
v 3.68094407 2.18914319 -1.66426226
v 3.68053652 2.12984439 -1.87392682
v 3.66170369 2.20078900 -1.67213194
v 3.55066620 1.96163766 -2.30121221
v 3.55065875 1.99762005 -2.25509722
v 3.57370116 1.99518334 -2.25569867
v 3.57370116 1.99518334 -2.25569867
v 3.55065875 1.99762005 -2.25509722
v 3.57375555 2.02639177 -2.20997632
v 3.57370116 1.99518334 -2.25569867
v 3.57375555 2.02639177 -2.20997632
v 3.59658711 2.02375706 -2.20564976
v 3.59658711 2.02375706 -2.20564976
v 3.57375555 2.02639177 -2.20997632
v 3.57384048 2.08088960 -2.11368892
v 3.59658711 2.02375706 -2.20564976
v 3.57384048 2.08088960 -2.11368892
v 3.59679945 2.07809750 -2.10918337
v 3.59679945 2.07809750 -2.10918337
v 3.57384048 2.08088960 -2.11368892
v 3.59694026 2.12359503 -2.00822689
v 3.59679945 2.07809750 -2.10918337
v 3.59694026 2.12359503 -2.00822689
v 3.61935236 2.11858768 -2.00212169
v 3.61935236 2.11858768 -2.00212169
v 3.59694026 2.12359503 -2.00822689
v 3.61950137 2.15690229 -1.89836491
v 3.61935236 2.11858768 -2.00212169
v 3.61950137 2.15690229 -1.89836491
v 3.64105217 2.14975234 -1.89123694
v 3.64105217 2.14975234 -1.89123694
v 3.61950137 2.15690229 -1.89836491
v 3.61956842 2.21788231 -1.68585815
v 3.64105217 2.14975234 -1.89123694
v 3.61956842 2.21788231 -1.68585815
v 3.62886451 2.21497100 -1.68319400
v 3.63998078 2.01317929 -2.19170414
v 3.66066508 2.05864757 -2.08638925
v 3.66001390 2.00553015 -2.18240097
v 3.66001390 2.00553015 -2.18240097
v 3.66066508 2.05864757 -2.08638925
v 3.67947854 2.04889216 -2.07613017
v 3.66001390 2.00553015 -2.18240097
v 3.67947854 2.04889216 -2.07613017
v 3.67864482 1.99640393 -2.17167586
v 3.67864482 1.99640393 -2.17167586
v 3.67947854 2.04889216 -2.07613017
v 3.69654931 2.03761365 -2.06471160
v 3.67864482 1.99640393 -2.17167586
v 3.69654931 2.03761365 -2.06471160
v 3.69549580 1.98586006 -2.15963367
v 3.69549580 1.98586006 -2.15963367
v 3.69654931 2.03761365 -2.06471160
v 3.71148773 2.02739555 -2.04694904
v 3.69549580 1.98586006 -2.15963367
v 3.71148773 2.02739555 -2.04694904
v 3.71004529 1.97215211 -2.14931127
v 3.71315666 2.09411290 -1.88016277
v 3.71148773 2.02739555 -2.04694904
v 3.69795673 2.11726241 -1.86395124
v 3.69795673 2.11726241 -1.86395124
v 3.71148773 2.02739555 -2.04694904
v 3.69654931 2.03761365 -2.06471160
v 3.69795673 2.11726241 -1.86395124
v 3.69654931 2.03761365 -2.06471160
v 3.68010364 2.09272839 -1.97636858
v 3.68010364 2.09272839 -1.97636858
v 3.69654931 2.03761365 -2.06471160
v 3.67947854 2.04889216 -2.07613017
v 3.68010364 2.09272839 -1.97636858
v 3.67947854 2.04889216 -2.07613017
v 3.66114490 2.10307259 -1.98609550
v 3.66114490 2.10307259 -1.98609550
v 3.67947854 2.04889216 -2.07613017
v 3.66066508 2.05864757 -2.08638925
v 3.66114490 2.10307259 -1.98609550
v 3.66066508 2.05864757 -2.08638925
v 3.64082344 2.11171769 -1.99471116
v 3.64082344 2.11171769 -1.99471116
v 3.66066508 2.05864757 -2.08638925
v 3.64047028 2.06681676 -2.09538247
v 3.64082344 2.11171769 -1.99471116
v 3.64047028 2.06681676 -2.09538247
v 3.61911096 2.07332838 -2.10301466
v 3.61911096 2.07332838 -2.10301466
v 3.64047028 2.06681676 -2.09538247
v 3.63998078 2.01317929 -2.19170414
v 3.61911096 2.07332838 -2.10301466
v 3.63998078 2.01317929 -2.19170414
v 3.61876599 2.01928206 -2.19948888
v 3.61876599 2.01928206 -2.19948888
v 3.63998078 2.01317929 -2.19170414
v 3.63943167 1.94878392 -2.28118915
v 3.61876599 2.01928206 -2.19948888
v 3.63943167 1.94878392 -2.28118915
v 3.61837335 1.95445735 -2.28909738
v 3.61837335 1.95445735 -2.28909738
v 3.63943167 1.94878392 -2.28118915
v 3.63902859 1.87276918 -2.36089118
v 3.61837335 1.95445735 -2.28909738
v 3.63902859 1.87276918 -2.36089118
v 3.61808278 1.87803973 -2.36890297
v 3.61808278 1.87803973 -2.36890297
v 3.63902859 1.87276918 -2.36089118
v 3.63984369 1.78727731 -2.43032034
v 3.61808278 1.87803973 -2.36890297
v 3.63984369 1.78727731 -2.43032034
v 3.61800306 1.79248769 -2.43890230
v 2.11932641 1.80420633 -2.44628731
v 2.12526601 1.80509984 -2.29624398
v 2.15141233 1.80760045 -2.29458064
v 2.11932641 1.80420633 -2.44628731
v 2.15141233 1.80760045 -2.29458064
v 2.21971925 1.81488656 -2.43819766
v 1.97165664 1.79926138 -2.44998038
v 1.97176095 1.79927703 -2.29966156
v 1.98382866 1.79924592 -2.45000012
v 1.98382866 1.79924592 -2.45000012
v 1.97176095 1.79927703 -2.29966156
v 2.02868562 1.79991778 -2.29938570
v 2.12526601 1.80509984 -2.29624398
v 2.11932641 1.80420633 -2.44628731
v 2.02868562 1.79991778 -2.29938570
v 2.02868562 1.79991778 -2.29938570
v 2.11932641 1.80420633 -2.44628731
v 2.00647172 1.79940797 -2.44990028
v 2.02868562 1.79991778 -2.29938570
v 2.00647172 1.79940797 -2.44990028
v 1.98382866 1.79924592 -2.45000012
v 2.15141233 1.80760045 -2.29458064
v 2.20142137 1.81331895 -2.28997711
v 2.21971925 1.81488656 -2.43819766
v 2.21971925 1.81488656 -2.43819766
v 2.20142137 1.81331895 -2.28997711
v 2.27946173 1.82561688 -2.27830932
v 2.21971925 1.81488656 -2.43819766
v 2.27946173 1.82561688 -2.27830932
v 2.31230464 1.83113087 -2.42564995
v 2.31230464 1.83113087 -2.42564995
v 2.27946173 1.82561688 -2.27830932
v 2.34182533 1.83846988 -2.26434190
v 2.31230464 1.83113087 -2.42564995
v 2.34182533 1.83846988 -2.26434190
v 2.39803325 1.85263250 -2.40836777
v 2.39803325 1.85263250 -2.40836777
v 2.34182533 1.83846988 -2.26434190
v 2.47675907 1.87871680 -2.38613226
v 2.47675907 1.87871680 -2.38613226
v 2.34182533 1.83846988 -2.26434190
v 2.40255352 1.85404997 -2.24624649
v 2.47675907 1.87871680 -2.38613226
v 2.40255352 1.85404997 -2.24624649
v 2.50413027 1.88935604 -2.37657540
v 2.50413027 1.88935604 -2.37657540
v 2.40255352 1.85404997 -2.24624649
v 2.46110838 1.87237822 -2.22401861
v 2.50413027 1.88935604 -2.37657540
v 2.46110838 1.87237822 -2.22401861
v 2.54878681 1.90857090 -2.35843621
v 2.54878681 1.90857090 -2.35843621
v 2.46110838 1.87237822 -2.22401861
v 2.48910766 1.88234299 -2.21148320
v 2.54878681 1.90857090 -2.35843621
v 2.48910766 1.88234299 -2.21148320
v 2.58193593 1.92438941 -2.34254822
v 2.58193593 1.92438941 -2.34254822
v 2.48910766 1.88234299 -2.21148320
v 2.51701009 1.89306289 -2.19758973
v 2.58193593 1.92438941 -2.34254822
v 2.51701009 1.89306289 -2.19758973
v 2.61420142 1.94112174 -2.32469719
v 2.61420142 1.94112174 -2.32469719
v 2.51701009 1.89306289 -2.19758973
v 2.55306568 1.90823618 -2.17730403
v 2.61420142 1.94112174 -2.32469719
v 2.55306568 1.90823618 -2.17730403
v 2.65315380 1.96317993 -2.29934603
v 2.65315380 1.96317993 -2.29934603
v 2.55306568 1.90823618 -2.17730403
v 2.56980639 1.91584155 -2.16687638
v 2.65315380 1.96317993 -2.29934603
v 2.56980639 1.91584155 -2.16687638
v 2.67307814 1.97529625 -2.28445642
v 2.67307814 1.97529625 -2.28445642
v 2.56980639 1.91584155 -2.16687638
v 2.61896458 1.94048770 -2.13179067
v 2.67307814 1.97529625 -2.28445642
v 2.61896458 1.94048770 -2.13179067
v 2.72568446 2.01028846 -2.23710500
v 2.72568446 2.01028846 -2.23710500
v 2.61896458 1.94048770 -2.13179067
v 2.66386326 1.96646117 -2.09218264
v 2.72568446 2.01028846 -2.23710500
v 2.66386326 1.96646117 -2.09218264
v 2.77231541 2.04558074 -2.18171962
v 2.77231541 2.04558074 -2.18171962
v 2.66386326 1.96646117 -2.09218264
v 2.70376559 1.99299511 -2.04786081
v 2.77231541 2.04558074 -2.18171962
v 2.70376559 1.99299511 -2.04786081
v 2.81192120 2.07978711 -2.11922340
v 2.70376559 1.99299511 -2.04786081
v 2.71161553 1.99869238 -2.03768760
v 2.81192120 2.07978711 -2.11922340
v 2.81192120 2.07978711 -2.11922340
v 2.71161553 1.99869238 -2.03768760
v 2.73777600 2.01918464 -1.99861508
v 2.81192120 2.07978711 -2.11922340
v 2.73777600 2.01918464 -1.99861508
v 2.84488853 2.11323071 -2.04810072
v 2.73777600 2.01918464 -1.99861508
v 2.76448410 2.04391181 -1.94439944
v 2.84488853 2.11323071 -2.04810072
v 2.84488853 2.11323071 -2.04810072
v 2.76448410 2.04391181 -1.94439944
v 2.78293621 2.06652600 -1.88603587
v 2.84488853 2.11323071 -2.04810072
v 2.78293621 2.06652600 -1.88603587
v 2.86803301 2.14224569 -1.97677128
v 2.86803301 2.14224569 -1.97677128
v 2.78293621 2.06652600 -1.88603587
v 2.79379468 2.08723582 -1.82504505
v 2.86803301 2.14224569 -1.97677128
v 2.79379468 2.08723582 -1.82504505
v 2.88514774 2.17060056 -1.89666618
v 2.88514774 2.17060056 -1.89666618
v 2.79379468 2.08723582 -1.82504505
v 2.79857796 2.10505687 -1.76721662
v 2.88514774 2.17060056 -1.89666618
v 2.79857796 2.10505687 -1.76721662
v 2.89607402 2.19844356 -1.80588868
v 2.89607402 2.19844356 -1.80588868
v 2.79857796 2.10505687 -1.76721662
v 2.80002784 2.12338548 -1.69999078
v 2.89607402 2.19844356 -1.80588868
v 2.80002784 2.12338548 -1.69999078
v 2.89996471 2.22638976 -1.69999432
v 3.55068184 -1.98380128 -2.29931958
v 3.57263796 -1.95078924 -2.32631862
v 3.57270055 -2.11970899 -2.16841344
v 3.55058499 -0.78858444 -2.94391997
v 3.55058573 -0.72992686 -2.95926575
v 3.57179232 -0.72960099 -2.95786317
v 3.57348807 1.79843865 -2.44870447
v 3.57770063 1.79812573 -2.44818889
v 3.57264914 1.79008972 -2.45513543
v 3.65858935 1.78135931 -2.42057275
v 3.66669260 1.77831296 -2.41555534
v 3.65925618 1.77277699 -2.42643654
v 3.60998921 -2.99050249 0.00007072
v 3.59697603 -2.99427658 0.00004965
v 3.59576829 -2.99334265 -0.08558070
v 3.69606949 -2.83795092 -0.75396351
v 3.70980240 -2.86625251 -0.55360519
v 3.69611643 -2.88689807 -0.53305873
v 3.69611643 -2.88689807 -0.53305873
v 3.70980240 -2.86625251 -0.55360519
v 3.70981283 -2.90729068 -0.26379719
v 3.69611643 -2.88689807 -0.53305873
v 3.70981283 -2.90729068 -0.26379719
v 3.69612314 -2.91936714 -0.30917136
v 3.69612314 -2.91936714 -0.30917136
v 3.70981283 -2.90729068 -0.26379719
v 3.70981283 -2.90784854 -0.25765314
v 3.69612314 -2.91936714 -0.30917136
v 3.70981283 -2.90784854 -0.25765314
v 3.69611271 -2.93476023 -0.08345110
v 3.69611271 -2.93476023 -0.08345110
v 3.70981283 -2.90784854 -0.25765314
v 3.70979197 -2.91951988 0.00033700
v 3.69611271 -2.93476023 -0.08345110
v 3.70979197 -2.91951988 0.00033700
v 3.69458832 -2.93761976 0.00028179
v 3.69595997 -2.77312379 -0.97073587
v 3.70969959 -2.79493090 -0.84719229
v 3.69606949 -2.83795092 -0.75396351
v 3.69606949 -2.83795092 -0.75396351
v 3.70969959 -2.79493090 -0.84719229
v 3.70974876 -2.82200519 -0.74966797
v 3.69606949 -2.83795092 -0.75396351
v 3.70974876 -2.82200519 -0.74966797
v 3.70980240 -2.86625251 -0.55360519
v 3.70897539 -2.57151294 -1.40338074
v 3.70902307 -2.58310307 -1.38069997
v 3.69547121 -2.59817969 -1.38765611
v 3.69547121 -2.59817969 -1.38765611
v 3.70902307 -2.58310307 -1.38069997
v 3.70943882 -2.69511603 -1.13363732
v 3.69547121 -2.59817969 -1.38765611
v 3.70943882 -2.69511603 -1.13363732
v 3.69576551 -2.69301571 -1.18223466
v 3.69576551 -2.69301571 -1.18223466
v 3.70943882 -2.69511603 -1.13363732
v 3.70946266 -2.70295274 -1.11401882
v 3.69576551 -2.69301571 -1.18223466
v 3.70946266 -2.70295274 -1.11401882
v 3.69595997 -2.77312379 -0.97073587
v 3.69595997 -2.77312379 -0.97073587
v 3.70946266 -2.70295274 -1.11401882
v 3.70961614 -2.75753010 -0.96525475
v 3.69595997 -2.77312379 -0.97073587
v 3.70961614 -2.75753010 -0.96525475
v 3.70969959 -2.79493090 -0.84719229
v 3.70897539 -2.57151294 -1.40338074
v 3.69547121 -2.59817969 -1.38765611
v 3.70843448 -2.43889019 -1.63513217
v 3.70843448 -2.43889019 -1.63513217
v 3.69547121 -2.59817969 -1.38765611
v 3.69510613 -2.48883478 -1.58580896
v 3.70843448 -2.43889019 -1.63513217
v 3.69510613 -2.48883478 -1.58580896
v 3.70838679 -2.42691692 -1.65391788
v 3.70838679 -2.42691692 -1.65391788
v 3.69510613 -2.48883478 -1.58580896
v 3.69471200 -2.36511193 -1.77523736
v 3.70838679 -2.42691692 -1.65391788
v 3.69471200 -2.36511193 -1.77523736
v 3.70809771 -2.35170480 -1.76530834
v 3.70809771 -2.35170480 -1.76530834
v 3.69471200 -2.36511193 -1.77523736
v 3.70778926 -2.26376150 -1.88286006
v 3.70778926 -2.26376150 -1.88286006
v 3.69471200 -2.36511193 -1.77523736
v 3.69432904 -2.22714171 -1.95448492
v 3.70778926 -2.26376150 -1.88286006
v 3.69432904 -2.22714171 -1.95448492
v 3.70763130 -2.21451260 -1.94352325
v 3.70763130 -2.21451260 -1.94352325
v 3.69432904 -2.22714171 -1.95448492
v 3.70726623 -2.07843315 -2.09469181
v 3.70726623 -2.07843315 -2.09469181
v 3.69432904 -2.22714171 -1.95448492
v 3.69399972 -2.07505617 -2.12209579
v 3.70726623 -2.07843315 -2.09469181
v 3.69399972 -2.07505617 -2.12209579
v 3.70726474 -2.07766220 -2.09548566
v 3.70726474 -2.07766220 -2.09548566
v 3.69399972 -2.07505617 -2.12209579
v 3.69372927 -1.90966576 -2.27665491
v 3.70726474 -2.07766220 -2.09548566
v 3.69372927 -1.90966576 -2.27665491
v 3.70686091 -1.86910890 -2.28908565
v 3.70686091 -1.86910890 -2.28908565
v 3.69372927 -1.90966576 -2.27665491
v 3.69349234 -1.73247792 -2.41739172
v 3.70686091 -1.86910890 -2.28908565
v 3.69349234 -1.73247792 -2.41739172
v 3.70664187 -1.72269419 -2.40373109
v 3.70664187 -1.72269419 -2.40373109
v 3.69349234 -1.73247792 -2.41739172
v 3.70653011 -1.63706280 -2.46401913
v 3.70653011 -1.63706280 -2.46401913
v 3.69349234 -1.73247792 -2.41739172
v 3.69328000 -1.54478336 -2.54378561
v 3.70653011 -1.63706280 -2.46401913
v 3.69328000 -1.54478336 -2.54378561
v 3.70640941 -1.53605929 -2.52940282
v 3.70640941 -1.53605929 -2.52940282
v 3.69328000 -1.54478336 -2.54378561
v 3.69308256 -1.34787271 -2.65531596
v 3.70640941 -1.53605929 -2.52940282
v 3.69308256 -1.34787271 -2.65531596
v 3.70624550 -1.38688069 -2.61567421
v 3.70624550 -1.38688069 -2.61567421
v 3.69308256 -1.34787271 -2.65531596
v 3.69289033 -1.14303706 -2.75146216
v 3.70624550 -1.38688069 -2.61567421
v 3.69289033 -1.14303706 -2.75146216
v 3.70597728 -1.12561006 -2.74052415
v 3.70597728 -1.12561006 -2.74052415
v 3.69289033 -1.14303706 -2.75146216
v 3.69270779 -0.93143117 -2.83155069
v 3.70597728 -1.12561006 -2.74052415
v 3.69270779 -0.93143117 -2.83155069
v 3.70573141 -0.85148448 -2.83941422
v 3.70573141 -0.85148448 -2.83941422
v 3.69270779 -0.93143117 -2.83155069
v 3.69256549 -0.71423138 -2.89502367
v 3.70573141 -0.85148448 -2.83941422
v 3.69256549 -0.71423138 -2.89502367
v 3.70563902 -0.71020918 -2.87864599
v 3.70563902 -0.71020918 -2.87864599
v 3.69256549 -0.71423138 -2.89502367
v 3.70557792 -0.56922785 -2.91034486
v 3.70557792 -0.56922785 -2.91034486
v 3.69256549 -0.71423138 -2.89502367
v 3.69246118 -0.49281521 -2.94160638
v 3.70557792 -0.56922785 -2.91034486
v 3.69246118 -0.49281521 -2.94160638
v 3.70557196 -0.55451030 -2.91323513
v 3.70557196 -0.55451030 -2.91323513
v 3.69246118 -0.49281521 -2.94160638
v 3.69237252 -0.26845492 -2.97103468
v 3.70557196 -0.55451030 -2.91323513
v 3.69237252 -0.26845492 -2.97103468
v 3.70542742 -0.28497530 -2.95250006
v 3.70542742 -0.28497530 -2.95250006
v 3.69237252 -0.26845492 -2.97103468
v 3.69269364 -0.04254452 -2.98333038
v 3.70542742 -0.28497530 -2.95250006
v 3.69269364 -0.04254452 -2.98333038
v 3.70579697 -0.00008346 -2.96677109
v 3.70579697 -0.00008346 -2.96677109
v 3.69269364 -0.04254452 -2.98333038
v 3.70564647 0.13902950 -2.96326578
v 3.70564647 0.13902950 -2.96326578
v 3.69269364 -0.04254452 -2.98333038
v 3.69246639 0.18393853 -2.97768004
v 3.70564647 0.13902950 -2.96326578
v 3.69246639 0.18393853 -2.97768004
v 3.70555706 0.22531857 -2.95771305
v 3.70555706 0.22531857 -2.95771305
v 3.69246639 0.18393853 -2.97768004
v 3.70560922 0.30612305 -2.95023583
v 3.70560922 0.30612305 -2.95023583
v 3.69246639 0.18393853 -2.97768004
v 3.69255878 0.40932558 -2.95471102
v 3.70560922 0.30612305 -2.95023583
v 3.69255878 0.40932558 -2.95471102
v 3.70591767 0.47269920 -2.92766858
v 3.70591767 0.47269920 -2.92766858
v 3.69255878 0.40932558 -2.95471102
v 3.69279124 0.63222544 -2.91450694
v 3.70591767 0.47269920 -2.92766858
v 3.69279124 0.63222544 -2.91450694
v 3.70623060 0.63758660 -2.89550591
v 3.70623060 0.63758660 -2.89550591
v 3.69279124 0.63222544 -2.91450694
v 3.70635279 0.69274455 -2.88252477
v 3.70635279 0.69274455 -2.88252477
v 3.69279124 0.63222544 -2.91450694
v 3.69306095 0.85135391 -2.85730083
v 3.70635279 0.69274455 -2.88252477
v 3.69306095 0.85135391 -2.85730083
v 3.70658822 0.79185581 -2.85632368
v 3.69332395 1.06541421 -2.78335623
v 3.70695479 0.93756504 -2.81088129
v 3.69306095 0.85135391 -2.85730083
v 3.69306095 0.85135391 -2.85730083
v 3.70695479 0.93756504 -2.81088129
v 3.70672531 0.84696393 -2.84012277
v 3.69306095 0.85135391 -2.85730083
v 3.70672531 0.84696393 -2.84012277
v 3.70658822 0.79185581 -2.85632368
v 3.69360633 1.27311377 -2.69306786
v 3.70722748 1.14182234 -2.73294505
v 3.69332395 1.06541421 -2.78335623
v 3.69332395 1.06541421 -2.78335623
v 3.70722748 1.14182234 -2.73294505
v 3.70717384 1.08617563 -2.75589470
v 3.69332395 1.06541421 -2.78335623
v 3.70717384 1.08617563 -2.75589470
v 3.70695479 0.93756504 -2.81088129
v 3.69387679 1.47327725 -2.58705597
v 3.70736904 1.36950603 -2.62459479
v 3.69360633 1.27311377 -2.69306786
v 3.69360633 1.27311377 -2.69306786
v 3.70736904 1.36950603 -2.62459479
v 3.70730050 1.23785576 -2.69015152
v 3.69360633 1.27311377 -2.69306786
v 3.70730050 1.23785576 -2.69015152
v 3.70722748 1.14182234 -2.73294505
v 3.69418077 1.75681710 -2.39990596
v 3.70739587 1.62836779 -2.47001965
v 3.69409509 1.66473780 -2.46595200
v 3.69409509 1.66473780 -2.46595200
v 3.70739587 1.62836779 -2.47001965
v 3.70740481 1.56123545 -2.51362473
v 3.69409509 1.66473780 -2.46595200
v 3.70740481 1.56123545 -2.51362473
v 3.69387679 1.47327725 -2.58705597
v 3.69387679 1.47327725 -2.58705597
v 3.70740481 1.56123545 -2.51362473
v 3.70740332 1.50120566 -2.55046170
v 3.69387679 1.47327725 -2.58705597
v 3.70740332 1.50120566 -2.55046170
v 3.70736904 1.36950603 -2.62459479
v 3.68887894 1.76804271 -2.39863917
v 3.69316451 1.76564418 -2.39468850
v 3.69418077 1.75681710 -2.39990596
v 3.69418077 1.75681710 -2.39990596
v 3.69316451 1.76564418 -2.39468850
v 3.70734818 1.75629128 -2.37928350
v 3.69418077 1.75681710 -2.39990596
v 3.70734818 1.75629128 -2.37928350
v 3.70739587 1.62836779 -2.47001965
v 3.65858935 1.78135931 -2.42057275
v 3.65925618 1.77277699 -2.42643654
v 3.63984369 1.78727731 -2.43032034
v 3.57253142 1.50101306 -2.64529902
v 3.55059989 1.65999997 -2.54829898
v 3.57262902 1.69618614 -2.52228025
v 3.57262902 1.69618614 -2.52228025
v 3.55059989 1.65999997 -2.54829898
v 3.55060063 1.79080106 -2.45629102
v 3.57262902 1.69618614 -2.52228025
v 3.55060063 1.79080106 -2.45629102
v 3.57264914 1.79008972 -2.45513543
v 3.57264914 1.79008972 -2.45513543
v 3.55060063 1.79080106 -2.45629102
v 3.55060063 1.79922543 -2.45000012
v 3.57264914 1.79008972 -2.45513543
v 3.55060063 1.79922543 -2.45000012
v 3.57348807 1.79843865 -2.44870447
v 3.57238017 1.29699921 -2.75302287
v 3.55059765 1.37826288 -2.71407515
v 3.57253142 1.50101306 -2.64529902
v 3.57253142 1.50101306 -2.64529902
v 3.55059765 1.37826288 -2.71407515
v 3.55059840 1.51540283 -2.63854153
v 3.57253142 1.50101306 -2.64529902
v 3.55059840 1.51540283 -2.63854153
v 3.55059989 1.65999997 -2.54829898
v 3.57219614 1.08533846 -2.84476820
v 3.55059691 1.21201603 -2.79368907
v 3.57238017 1.29699921 -2.75302287
v 3.57238017 1.29699921 -2.75302287
v 3.55059691 1.21201603 -2.79368907
v 3.55059765 1.36591401 -2.72042640
v 3.57238017 1.29699921 -2.75302287
v 3.55059765 1.36591401 -2.72042640
v 3.55059765 1.37826288 -2.71407515
v 3.55059542 1.05122812 -2.85920911
v 3.55059542 1.05420556 -2.85809338
v 3.57219614 1.08533846 -2.84476820
v 3.57219614 1.08533846 -2.84476820
v 3.55059542 1.05420556 -2.85809338
v 3.55059616 1.08576752 -2.84604374
v 3.57219614 1.08533846 -2.84476820
v 3.55059616 1.08576752 -2.84604374
v 3.55059691 1.21201603 -2.79368907
v 3.55059542 1.05122812 -2.85920911
v 3.57219614 1.08533846 -2.84476820
v 3.55059467 0.89299222 -2.91343126
v 3.55059467 0.89299222 -2.91343126
v 3.57219614 1.08533846 -2.84476820
v 3.57199945 0.86723361 -2.91987248
v 3.55059467 0.89299222 -2.91343126
v 3.57199945 0.86723361 -2.91987248
v 3.55059393 0.72889626 -2.95952410
v 3.55059393 0.72889626 -2.95952410
v 3.57199945 0.86723361 -2.91987248
v 3.57181169 0.64400085 -2.97799911
v 3.55059393 0.72889626 -2.95952410
v 3.57181169 0.64400085 -2.97799911
v 3.55059393 0.70924065 -2.96437684
v 3.55059169 0.35716498 -3.02808229
v 3.55059169 0.39418298 -3.02340984
v 3.57165895 0.41694767 -3.01886685
v 3.57165895 0.41694767 -3.01886685
v 3.55059169 0.39418298 -3.02340984
v 3.55059318 0.56244740 -2.99622305
v 3.57165895 0.41694767 -3.01886685
v 3.55059318 0.56244740 -2.99622305
v 3.57181169 0.64400085 -2.97799911
v 3.57181169 0.64400085 -2.97799911
v 3.55059318 0.56244740 -2.99622305
v 3.55059318 0.64419429 -2.97943857
v 3.57181169 0.64400085 -2.97799911
v 3.55059318 0.64419429 -2.97943857
v 3.55059393 0.70924065 -2.96437684
v 3.55059169 0.35716498 -3.02808229
v 3.57165895 0.41694767 -3.01886685
v 3.55059095 0.22464613 -3.04099638
v 3.55059095 0.22464613 -3.04099638
v 3.57165895 0.41694767 -3.01886685
v 3.57157402 0.18738889 -3.04217786
v 3.55059095 0.22464613 -3.04099638
v 3.57157402 0.18738889 -3.04217786
v 3.55059020 0.05438413 -3.04892622
v 3.55059020 0.05438413 -3.04892622
v 3.57157402 0.18738889 -3.04217786
v 3.57158445 -0.04340828 -3.04770749
v 3.55059020 0.05438413 -3.04892622
v 3.57158445 -0.04340828 -3.04770749
v 3.55058946 0.00000901 -3.04941926
v 3.57159562 -0.27422728 -3.03544924
v 3.55058871 -0.11605343 -3.04717366
v 3.57158445 -0.04340828 -3.04770749
v 3.57158445 -0.04340828 -3.04770749
v 3.55058871 -0.11605343 -3.04717366
v 3.55058946 -0.04342125 -3.04910503
v 3.57158445 -0.04340828 -3.04770749
v 3.55058946 -0.04342125 -3.04910503
v 3.55058946 0.00000901 -3.04941926
v 3.57168280 -0.50340453 -3.00541446
v 3.55058797 -0.35714707 -3.02808434
v 3.57159562 -0.27422728 -3.03544924
v 3.57159562 -0.27422728 -3.03544924
v 3.55058797 -0.35714707 -3.02808434
v 3.55058797 -0.28611636 -3.03574428
v 3.57159562 -0.27422728 -3.03544924
v 3.55058797 -0.28611636 -3.03574428
v 3.55058871 -0.11605343 -3.04717366
v 3.55058573 -0.72992686 -2.95926575
v 3.55058573 -0.70922310 -2.96438113
v 3.57179232 -0.72960099 -2.95786317
v 3.57179232 -0.72960099 -2.95786317
v 3.55058573 -0.70922310 -2.96438113
v 3.55058648 -0.62292549 -2.98403408
v 3.57179232 -0.72960099 -2.95786317
v 3.55058648 -0.62292549 -2.98403408
v 3.57168280 -0.50340453 -3.00541446
v 3.57168280 -0.50340453 -3.00541446
v 3.55058648 -0.62292549 -2.98403408
v 3.55058722 -0.45525571 -3.01467516
v 3.57168280 -0.50340453 -3.00541446
v 3.55058722 -0.45525571 -3.01467516
v 3.55058797 -0.35714707 -3.02808434
v 3.55058499 -0.78858444 -2.94391997
v 3.57179232 -0.72960099 -2.95786317
v 3.55058424 -0.95169796 -2.89446246
v 3.55058424 -0.95169796 -2.89446246
v 3.57179232 -0.72960099 -2.95786317
v 3.57191749 -0.95148664 -2.89304592
v 3.55058424 -0.95169796 -2.89446246
v 3.57191749 -0.95148664 -2.89304592
v 3.55058350 -1.05121117 -2.85921544
v 3.55058350 -1.05121117 -2.85921544
v 3.57191749 -0.95148664 -2.89304592
v 3.57205905 -1.16766272 -2.81127729
v 3.55058350 -1.05121117 -2.85921544
v 3.57205905 -1.16766272 -2.81127729
v 3.55058350 -1.11173922 -2.83582117
v 3.55058350 -1.11173922 -2.83582117
v 3.57205905 -1.16766272 -2.81127729
v 3.55058201 -1.26819192 -2.76818536
v 3.55058201 -1.26819192 -2.76818536
v 3.57205905 -1.16766272 -2.81127729
v 3.57221551 -1.37692392 -2.71311291
v 3.55058201 -1.26819192 -2.76818536
v 3.57221551 -1.37692392 -2.71311291
v 3.55058126 -1.37752863 -2.71445494
v 3.57252397 -1.76980589 -2.47009546
v 3.55057903 -1.71103496 -2.51363497
v 3.57237719 -1.57807786 -2.59920619
v 3.57237719 -1.57807786 -2.59920619
v 3.55057903 -1.71103496 -2.51363497
v 3.55058052 -1.56832412 -2.60683186
v 3.57237719 -1.57807786 -2.59920619
v 3.55058052 -1.56832412 -2.60683186
v 3.57221551 -1.37692392 -2.71311291
v 3.57221551 -1.37692392 -2.71311291
v 3.55058052 -1.56832412 -2.60683186
v 3.55058126 -1.42055079 -2.69177333
v 3.57221551 -1.37692392 -2.71311291
v 3.55058126 -1.42055079 -2.69177333
v 3.55058126 -1.37752863 -2.71445494
v 3.55068184 -1.98380128 -2.29931958
v 3.55065502 -1.92587972 -2.34938040
v 3.57263796 -1.95078924 -2.32631862
v 3.57263796 -1.95078924 -2.32631862
v 3.55065502 -1.92587972 -2.34938040
v 3.55061628 -1.85667835 -2.40580421
v 3.57263796 -1.95078924 -2.32631862
v 3.55061628 -1.85667835 -2.40580421
v 3.57252397 -1.76980589 -2.47009546
v 3.57252397 -1.76980589 -2.47009546
v 3.55061628 -1.85667835 -2.40580421
v 3.55057903 -1.79922525 -2.45000012
v 3.57252397 -1.76980589 -2.47009546
v 3.55057903 -1.79922525 -2.45000012
v 3.55057903 -1.71103496 -2.51363497
v 3.57273705 -2.27502361 -1.99716464
v 3.55072282 -2.21758261 -2.06596218
v 3.57270055 -2.11970899 -2.16841344
v 3.57270055 -2.11970899 -2.16841344
v 3.55072282 -2.21758261 -2.06596218
v 3.55071463 -2.10333318 -2.18687728
v 3.57270055 -2.11970899 -2.16841344
v 3.55071463 -2.10333318 -2.18687728
v 3.55068184 -1.98380128 -2.29931958
v 3.57278623 -2.41590347 -1.81401409
v 3.55073623 -2.32610740 -1.93643328
v 3.57273705 -2.27502361 -1.99716464
v 3.57273705 -2.27502361 -1.99716464
v 3.55073623 -2.32610740 -1.93643328
v 3.55072878 -2.27592103 -1.99827328
v 3.57273705 -2.27502361 -1.99716464
v 3.55072878 -2.27592103 -1.99827328
v 3.55072282 -2.21758261 -2.06596218
v 3.57283764 -2.54221428 -1.62045881
v 3.55077349 -2.52406988 -1.65294781
v 3.57278623 -2.41590347 -1.81401409
v 3.57278623 -2.41590347 -1.81401409
v 3.55077349 -2.52406988 -1.65294781
v 3.55075337 -2.42843479 -1.79861598
v 3.57278623 -2.41590347 -1.81401409
v 3.55075337 -2.42843479 -1.79861598
v 3.55073623 -2.32610740 -1.93643328
v 3.57291289 -2.83235889 -0.99206176
v 3.55081297 -2.76479516 -1.17732994
v 3.57291065 -2.75059566 -1.20812021
v 3.57291065 -2.75059566 -1.20812021
v 3.55081297 -2.76479516 -1.17732994
v 3.55080627 -2.69319918 -1.34045389
v 3.57291065 -2.75059566 -1.20812021
v 3.55080627 -2.69319918 -1.34045389
v 3.57288308 -2.65382286 -1.41799534
v 3.57288308 -2.65382286 -1.41799534
v 3.55080627 -2.69319918 -1.34045389
v 3.55079137 -2.61249840 -1.49999112
v 3.57288308 -2.65382286 -1.41799534
v 3.55079137 -2.61249840 -1.49999112
v 3.57283764 -2.54221428 -1.62045881
v 3.57283764 -2.54221428 -1.62045881
v 3.55079137 -2.61249840 -1.49999112
v 3.55077721 -2.54324432 -1.62142776
v 3.57283764 -2.54221428 -1.62045881
v 3.55077721 -2.54324432 -1.62142776
v 3.55077349 -2.52406988 -1.65294781
v 3.57289128 -2.89860517 -0.77064172
v 3.55078764 -2.88002677 -0.84384391
v 3.57291289 -2.83235889 -0.99206176
v 3.57291289 -2.83235889 -0.99206176
v 3.55078764 -2.88002677 -0.84384391
v 3.55080701 -2.82712635 -1.01157092
v 3.57291289 -2.83235889 -0.99206176
v 3.55080701 -2.82712635 -1.01157092
v 3.55081297 -2.76479516 -1.17732994
v 3.57280262 -2.98188813 -0.31633638
v 3.55072580 -2.95701418 -0.50569065
v 3.57285254 -2.94867028 -0.54501281
v 3.57285254 -2.94867028 -0.54501281
v 3.55072580 -2.95701418 -0.50569065
v 3.55075933 -2.92334817 -0.67496356
v 3.57285254 -2.94867028 -0.54501281
v 3.55075933 -2.92334817 -0.67496356
v 3.57289128 -2.89860517 -0.77064172
v 3.57289128 -2.89860517 -0.77064172
v 3.55075933 -2.92334817 -0.67496356
v 3.55077647 -2.89989542 -0.77108839
v 3.57289128 -2.89860517 -0.77064172
v 3.55077647 -2.89989542 -0.77108839
v 3.55078764 -2.88002677 -0.84384391
v 3.58012803 -2.99778152 0.00002686
v 3.55062149 -2.99999993 -0.00000000
v 3.57274897 -2.99759377 -0.08577370
v 3.57274897 -2.99759377 -0.08577370
v 3.55062149 -2.99999993 -0.00000000
v 3.55065353 -2.99538858 -0.16849841
v 3.57274897 -2.99759377 -0.08577370
v 3.55065353 -2.99538858 -0.16849841
v 3.57280262 -2.98188813 -0.31633638
v 3.57280262 -2.98188813 -0.31633638
v 3.55065353 -2.99538858 -0.16849841
v 3.55068929 -2.98101120 -0.33672298
v 3.57280262 -2.98188813 -0.31633638
v 3.55068929 -2.98101120 -0.33672298
v 3.55072580 -2.95701418 -0.50569065
v 3.66885848 -2.96021141 0.00020288
v 3.63952704 -2.97826547 0.00012939
v 3.66027318 -2.96496172 -0.08450856
v 3.66027318 -2.96496172 -0.08450856
v 3.63952704 -2.97826547 0.00012939
v 3.63986753 -2.97685247 -0.08494130
v 3.66027318 -2.96496172 -0.08450856
v 3.63986753 -2.97685247 -0.08494130
v 3.66029553 -2.94941906 -0.31255325
v 3.66029553 -2.94941906 -0.31255325
v 3.63986753 -2.97685247 -0.08494130
v 3.63990106 -2.96125151 -0.31390171
v 3.66029553 -2.94941906 -0.31255325
v 3.63990106 -2.96125151 -0.31390171
v 3.66030671 -2.91660354 -0.53872922
v 3.66030671 -2.91660354 -0.53872922
v 3.63990106 -2.96125151 -0.31390171
v 3.63992490 -2.92829480 -0.54098186
v 3.66030671 -2.91660354 -0.53872922
v 3.63992490 -2.92829480 -0.54098186
v 3.66029181 -2.86714062 -0.76187830
v 3.66029181 -2.86714062 -0.76187830
v 3.63992490 -2.92829480 -0.54098186
v 3.63992713 -2.87862141 -0.76502138
v 3.66029181 -2.86714062 -0.76187830
v 3.63992713 -2.87862141 -0.76502138
v 3.66023593 -2.80165561 -0.98084239
v 3.66023593 -2.80165561 -0.98084239
v 3.63992713 -2.87862141 -0.76502138
v 3.63989659 -2.81287059 -0.98485984
v 3.66023593 -2.80165561 -0.98084239
v 3.63989659 -2.81287059 -0.98485984
v 3.66012417 -2.72077471 -1.19447252
v 3.66012417 -2.72077471 -1.19447252
v 3.63989659 -2.81287059 -0.98485984
v 3.63982134 -2.73168162 -1.19934613
v 3.66012417 -2.72077471 -1.19447252
v 3.63982134 -2.73168162 -1.19934613
v 3.65994833 -2.62502935 -1.40198283
v 3.65994833 -2.62502935 -1.40198283
v 3.63982134 -2.73168162 -1.19934613
v 3.63969468 -2.63557583 -1.40769435
v 3.65994833 -2.62502935 -1.40198283
v 3.63969468 -2.63557583 -1.40769435
v 3.65972780 -2.51461342 -1.60217956
v 3.65972780 -2.51461342 -1.60217956
v 3.63969468 -2.63557583 -1.40769435
v 3.63953151 -2.52473708 -1.60870571
v 3.65972780 -2.51461342 -1.60217956
v 3.63953151 -2.52473708 -1.60870571
v 3.65948789 -2.38965247 -1.79358721
v 3.65948789 -2.38965247 -1.79358721
v 3.63953151 -2.52473708 -1.60870571
v 3.63935344 -2.39928998 -1.80089660
v 3.65948789 -2.38965247 -1.79358721
v 3.63935344 -2.39928998 -1.80089660
v 3.65925543 -2.25027148 -1.97473001
v 3.65925543 -2.25027148 -1.97473001
v 3.63935344 -2.39928998 -1.80089660
v 3.63917984 -2.25935914 -1.98278353
v 3.65925543 -2.25027148 -1.97473001
v 3.63917984 -2.25935914 -1.98278353
v 3.65905501 -2.09659673 -2.14413218
v 3.65905501 -2.09659673 -2.14413218
v 3.63917984 -2.25935914 -1.98278353
v 3.63903157 -2.10507028 -2.15288270
v 3.65905501 -2.09659673 -2.14413218
v 3.63903157 -2.10507028 -2.15288270
v 3.65887620 -1.92947276 -2.30034068
v 3.65887620 -1.92947276 -2.30034068
v 3.63903157 -2.10507028 -2.15288270
v 3.63889150 -1.93727389 -2.30973233
v 3.65887620 -1.92947276 -2.30034068
v 3.63889150 -1.93727389 -2.30973233
v 3.65869813 -1.75044220 -2.44256239
v 3.65869813 -1.75044220 -2.44256239
v 3.63889150 -1.93727389 -2.30973233
v 3.63873653 -1.75752230 -2.45253425
v 3.65869813 -1.75044220 -2.44256239
v 3.63873653 -1.75752230 -2.45253425
v 3.65852229 -1.56080322 -2.57027615
v 3.65852229 -1.56080322 -2.57027615
v 3.63873653 -1.75752230 -2.45253425
v 3.63857262 -1.56711768 -2.58076452
v 3.65852229 -1.56080322 -2.57027615
v 3.63857262 -1.56711768 -2.58076452
v 3.65834795 -1.36185288 -2.68296003
v 3.65834795 -1.36185288 -2.68296003
v 3.63857262 -1.56711768 -2.58076452
v 3.63840647 -1.36736240 -2.69389953
v 3.65834795 -1.36185288 -2.68296003
v 3.63840647 -1.36736240 -2.69389953
v 3.65817882 -1.15488870 -2.78009269
v 3.65817882 -1.15488870 -2.78009269
v 3.63840647 -1.36736240 -2.69389953
v 3.63824330 -1.15955854 -2.79141534
v 3.65817882 -1.15488870 -2.78009269
v 3.63824330 -1.15955854 -2.79141534
v 3.65801938 -0.94107809 -2.86100525
v 3.65801938 -0.94107809 -2.86100525
v 3.63824330 -1.15955854 -2.79141534
v 3.63809131 -0.94488012 -2.87264716
v 3.65801938 -0.94107809 -2.86100525
v 3.63809131 -0.94488012 -2.87264716
v 3.65789048 -0.72161714 -2.92513501
v 3.65789048 -0.72161714 -2.92513501
v 3.63809131 -0.94488012 -2.87264716
v 3.63796614 -0.72452966 -2.93703191
v 3.65789048 -0.72161714 -2.92513501
v 3.63796614 -0.72452966 -2.93703191
v 3.65779065 -0.49789944 -2.97219306
v 3.65779065 -0.49789944 -2.97219306
v 3.63796614 -0.72452966 -2.93703191
v 3.63786556 -0.49990541 -2.98427343
v 3.65779065 -0.49789944 -2.97219306
v 3.63786556 -0.49990541 -2.98427343
v 3.65770571 -0.27121166 -3.00191902
v 3.65770571 -0.27121166 -3.00191902
v 3.63786556 -0.49990541 -2.98427343
v 3.63778137 -0.27230319 -3.01411413
v 3.65770571 -0.27121166 -3.00191902
v 3.63778137 -0.27230319 -3.01411413
v 3.65793072 -0.04296613 -3.01426426
v 3.65793072 -0.04296613 -3.01426426
v 3.63778137 -0.27230319 -3.01411413
v 3.63794453 -0.04313059 -3.02644745
v 3.65793072 -0.04296613 -3.01426426
v 3.63794453 -0.04313059 -3.02644745
v 3.65776755 0.18568060 -3.00861932
v 3.65776755 0.18568060 -3.00861932
v 3.63794453 -0.04313059 -3.02644745
v 3.63782160 0.18634482 -3.02082766
v 3.65776755 0.18568060 -3.00861932
v 3.63782160 0.18634482 -3.02082766
v 3.65785696 0.41310047 -2.98547149
v 3.65785696 0.41310047 -2.98547149
v 3.63782160 0.18634482 -3.02082766
v 3.63790803 0.41455836 -2.99761407
v 3.65785696 0.41310047 -2.98547149
v 3.63790803 0.41455836 -2.99761407
v 3.65806334 0.63796556 -2.94495262
v 3.65806334 0.63796556 -2.94495262
v 3.63790803 0.41455836 -2.99761407
v 3.63809876 0.64020599 -2.95696892
v 3.65806334 0.63796556 -2.94495262
v 3.63809876 0.64020599 -2.95696892
v 3.65830697 0.85900882 -2.88731735
v 3.65830697 0.85900882 -2.88731735
v 3.63809876 0.64020599 -2.95696892
v 3.63832600 0.86201923 -2.89916005
v 3.65830697 0.85900882 -2.88731735
v 3.63832600 0.86201923 -2.89916005
v 3.65854613 1.07495142 -2.81283259
v 3.65854613 1.07495142 -2.81283259
v 3.63832600 0.86201923 -2.89916005
v 3.63855176 1.07872030 -2.82445829
v 3.65854613 1.07495142 -2.81283259
v 3.63855176 1.07872030 -2.82445829
v 3.65879424 1.28451530 -2.72186995
v 3.65879424 1.28451530 -2.72186995
v 3.63855176 1.07872030 -2.82445829
v 3.63878198 1.28902914 -2.73322240
v 3.65879424 1.28451530 -2.72186995
v 3.63878198 1.28902914 -2.73322240
v 3.65902297 1.48651497 -2.61505637
v 3.65902297 1.48651497 -2.61505637
v 3.63878198 1.28902914 -2.73322240
v 3.63898911 1.49175562 -2.62608603
v 3.65902297 1.48651497 -2.61505637
v 3.63898911 1.49175562 -2.62608603
v 3.65919657 1.67977177 -2.49303244
v 3.65919657 1.67977177 -2.49303244
v 3.63898911 1.49175562 -2.62608603
v 3.63914259 1.68571621 -2.50369832
v 3.65919657 1.67977177 -2.49303244
v 3.63914259 1.68571621 -2.50369832
v 3.65925618 1.77277699 -2.42643654
v 3.65925618 1.77277699 -2.42643654
v 3.63914259 1.68571621 -2.50369832
v 3.63919102 1.77907217 -2.43689064
v 3.65925618 1.77277699 -2.42643654
v 3.63919102 1.77907217 -2.43689064
v 3.63984369 1.78727731 -2.43032034
v 3.63984369 1.78727731 -2.43032034
v 3.63919102 1.77907217 -2.43689064
v 3.61800306 1.79248769 -2.43890230
v 3.68598662 -2.94607598 0.00025367
v 3.66885848 -2.96021141 0.00020288
v 3.67913358 -2.95087304 -0.08400955
v 3.67913358 -2.95087304 -0.08400955
v 3.66885848 -2.96021141 0.00020288
v 3.66027318 -2.96496172 -0.08450856
v 3.67913358 -2.95087304 -0.08400955
v 3.66027318 -2.96496172 -0.08450856
v 3.67914699 -2.93539967 -0.31096980
v 3.67914699 -2.93539967 -0.31096980
v 3.66027318 -2.96496172 -0.08450856
v 3.66029553 -2.94941906 -0.31255325
v 3.67914699 -2.93539967 -0.31096980
v 3.66029553 -2.94941906 -0.31255325
v 3.67914699 -2.90274750 -0.53607714
v 3.67914699 -2.90274750 -0.53607714
v 3.66029553 -2.94941906 -0.31255325
v 3.66030671 -2.91660354 -0.53872922
v 3.67914699 -2.90274750 -0.53607714
v 3.66030671 -2.91660354 -0.53872922
v 3.67911570 -2.85352822 -0.75817704
v 3.67911570 -2.85352822 -0.75817704
v 3.66030671 -2.91660354 -0.53872922
v 3.66029181 -2.86714062 -0.76187830
v 3.67911570 -2.85352822 -0.75817704
v 3.66029181 -2.86714062 -0.76187830
v 3.67903300 -2.78835259 -0.97611472
v 3.67903300 -2.78835259 -0.97611472
v 3.66029181 -2.86714062 -0.76187830
v 3.66023593 -2.80165561 -0.98084239
v 3.67903300 -2.78835259 -0.97611472
v 3.66023593 -2.80165561 -0.98084239
v 3.67888100 -2.70783287 -1.18874470
v 3.67888100 -2.70783287 -1.18874470
v 3.66023593 -2.80165561 -0.98084239
v 3.66012417 -2.72077471 -1.19447252
v 3.67888100 -2.70783287 -1.18874470
v 3.66012417 -2.72077471 -1.19447252
v 3.67864929 -2.61251181 -1.39527488
v 3.67864929 -2.61251181 -1.39527488
v 3.66012417 -2.72077471 -1.19447252
v 3.65994833 -2.62502935 -1.40198283
v 3.67864929 -2.61251181 -1.39527488
v 3.65994833 -2.62502935 -1.40198283
v 3.67836095 -2.50259526 -1.59451440
v 3.67836095 -2.50259526 -1.59451440
v 3.65994833 -2.62502935 -1.40198283
v 3.65972780 -2.51461342 -1.60217956
v 3.67836095 -2.50259526 -1.59451440
v 3.65972780 -2.51461342 -1.60217956
v 3.67805026 -2.37821061 -1.78499669
v 3.67805026 -2.37821061 -1.78499669
v 3.65972780 -2.51461342 -1.60217956
v 3.65948789 -2.38965247 -1.79358721
v 3.67805026 -2.37821061 -1.78499669
v 3.65948789 -2.38965247 -1.79358721
v 3.67774777 -2.23948546 -1.96525548
v 3.67774777 -2.23948546 -1.96525548
v 3.65948789 -2.38965247 -1.79358721
v 3.65925543 -2.25027148 -1.97473001
v 3.67774777 -2.23948546 -1.96525548
v 3.65925543 -2.25027148 -1.97473001
v 3.67748700 -2.08654776 -2.13382412
v 3.67748700 -2.08654776 -2.13382412
v 3.65925543 -2.25027148 -1.97473001
v 3.65905501 -2.09659673 -2.14413218
v 3.67748700 -2.08654776 -2.13382412
v 3.65905501 -2.09659673 -2.14413218
v 3.67726497 -1.92022882 -2.28926539
v 3.67726497 -1.92022882 -2.28926539
v 3.65905501 -2.09659673 -2.14413218
v 3.65887620 -1.92947276 -2.30034068
v 3.67726497 -1.92022882 -2.28926539
v 3.65887620 -1.92947276 -2.30034068
v 3.67705934 -1.74205676 -2.43079551
v 3.67705934 -1.74205676 -2.43079551
v 3.65887620 -1.92947276 -2.30034068
v 3.65869813 -1.75044220 -2.44256239
v 3.67705934 -1.74205676 -2.43079551
v 3.65869813 -1.75044220 -2.44256239
v 3.67686711 -1.55332508 -2.55789421
v 3.67686711 -1.55332508 -2.55789421
v 3.65869813 -1.75044220 -2.44256239
v 3.65852229 -1.56080322 -2.57027615
v 3.67686711 -1.55332508 -2.55789421
v 3.65852229 -1.56080322 -2.57027615
v 3.67668308 -1.35532720 -2.67004110
v 3.67668308 -1.35532720 -2.67004110
v 3.65852229 -1.56080322 -2.57027615
v 3.65834795 -1.36185288 -2.68296003
v 3.67668308 -1.35532720 -2.67004110
v 3.65834795 -1.36185288 -2.68296003
v 3.67650352 -1.14935711 -2.76671555
v 3.67650352 -1.14935711 -2.76671555
v 3.65834795 -1.36185288 -2.68296003
v 3.65817882 -1.15488870 -2.78009269
v 3.67650352 -1.14935711 -2.76671555
v 3.65817882 -1.15488870 -2.78009269
v 3.67633440 -0.93657533 -2.84724571
v 3.67633440 -0.93657533 -2.84724571
v 3.65817882 -1.15488870 -2.78009269
v 3.65801938 -0.94107809 -2.86100525
v 3.67633440 -0.93657533 -2.84724571
v 3.65801938 -0.94107809 -2.86100525
v 3.67619954 -0.71816919 -2.91107055
v 3.67619954 -0.71816919 -2.91107055
v 3.65801938 -0.94107809 -2.86100525
v 3.65789048 -0.72161714 -2.92513501
v 3.67619954 -0.71816919 -2.91107055
v 3.65789048 -0.72161714 -2.92513501
v 3.67609896 -0.49552568 -2.95790825
v 3.67609896 -0.49552568 -2.95790825
v 3.65789048 -0.72161714 -2.92513501
v 3.65779065 -0.49789944 -2.97219306
v 3.67609896 -0.49552568 -2.95790825
v 3.65779065 -0.49789944 -2.97219306
v 3.67601253 -0.26992327 -2.98749637
v 3.67601253 -0.26992327 -2.98749637
v 3.65779065 -0.49789944 -2.97219306
v 3.65770571 -0.27121166 -3.00191902
v 3.67601253 -0.26992327 -2.98749637
v 3.65770571 -0.27121166 -3.00191902
v 3.67629267 -0.04276993 -2.99983211
v 3.67629267 -0.04276993 -2.99983211
v 3.65770571 -0.27121166 -3.00191902
v 3.65793072 -0.04296613 -3.01426426
v 3.67629267 -0.04276993 -2.99983211
v 3.65793072 -0.04296613 -3.01426426
v 3.67609374 0.18487513 -2.99417488
v 3.67609374 0.18487513 -2.99417488
v 3.65793072 -0.04296613 -3.01426426
v 3.65776755 0.18568060 -3.00861932
v 3.67609374 0.18487513 -2.99417488
v 3.65776755 0.18568060 -3.00861932
v 3.67618464 0.41134884 -2.97110863
v 3.67618464 0.41134884 -2.97110863
v 3.65776755 0.18568060 -3.00861932
v 3.65785696 0.41310047 -2.98547149
v 3.67618464 0.41134884 -2.97110863
v 3.65785696 0.41310047 -2.98547149
v 3.67640592 0.63529401 -2.93073785
v 3.67640592 0.63529401 -2.93073785
v 3.65785696 0.41310047 -2.98547149
v 3.65806334 0.63796556 -2.94495262
v 3.67640592 0.63529401 -2.93073785
v 3.65806334 0.63796556 -2.94495262
v 3.67666371 0.85543850 -2.87330430
v 3.67666371 0.85543850 -2.87330430
v 3.65806334 0.63796556 -2.94495262
v 3.65830697 0.85900882 -2.88731735
v 3.67666371 0.85543850 -2.87330430
v 3.65830697 0.85900882 -2.88731735
v 3.67691554 1.07049681 -2.79907305
v 3.67691554 1.07049681 -2.79907305
v 3.65830697 0.85900882 -2.88731735
v 3.65854613 1.07495142 -2.81283259
v 3.67691554 1.07049681 -2.79907305
v 3.65854613 1.07495142 -2.81283259
v 3.67718227 1.27918730 -2.70842779
v 3.67718227 1.27918730 -2.70842779
v 3.65854613 1.07495142 -2.81283259
v 3.65879424 1.28451530 -2.72186995
v 3.67718227 1.27918730 -2.70842779
v 3.65879424 1.28451530 -2.72186995
v 3.67743187 1.48032904 -2.60199085
v 3.67743187 1.48032904 -2.60199085
v 3.65879424 1.28451530 -2.72186995
v 3.65902297 1.48651497 -2.61505637
v 3.67743187 1.48032904 -2.60199085
v 3.65902297 1.48651497 -2.61505637
v 3.67762707 1.67274922 -2.48039700
v 3.67762707 1.67274922 -2.48039700
v 3.65902297 1.48651497 -2.61505637
v 3.65919657 1.67977177 -2.49303244
v 3.67762707 1.67274922 -2.48039700
v 3.65919657 1.67977177 -2.49303244
v 3.67769934 1.76532734 -2.41405629
v 3.67769934 1.76532734 -2.41405629
v 3.65919657 1.67977177 -2.49303244
v 3.65925618 1.77277699 -2.42643654
v 3.67769934 1.76532734 -2.41405629
v 3.65925618 1.77277699 -2.42643654
v 3.67770009 1.77361425 -2.40781605
v 3.67770009 1.77361425 -2.40781605
v 3.65925618 1.77277699 -2.42643654
v 3.66669260 1.77831296 -2.41555534
v 3.69458832 -2.93761976 0.00028179
v 3.68598662 -2.94607598 0.00025367
v 3.69611271 -2.93476023 -0.08345110
v 3.69611271 -2.93476023 -0.08345110
v 3.68598662 -2.94607598 0.00025367
v 3.67913358 -2.95087304 -0.08400955
v 3.69611271 -2.93476023 -0.08345110
v 3.67913358 -2.95087304 -0.08400955
v 3.69612314 -2.91936714 -0.30917136
v 3.69612314 -2.91936714 -0.30917136
v 3.67913358 -2.95087304 -0.08400955
v 3.67914699 -2.93539967 -0.31096980
v 3.69612314 -2.91936714 -0.30917136
v 3.67914699 -2.93539967 -0.31096980
v 3.69611643 -2.88689807 -0.53305873
v 3.69611643 -2.88689807 -0.53305873
v 3.67914699 -2.93539967 -0.31096980
v 3.67914699 -2.90274750 -0.53607714
v 3.69611643 -2.88689807 -0.53305873
v 3.67914699 -2.90274750 -0.53607714
v 3.69606949 -2.83795092 -0.75396351
v 3.69606949 -2.83795092 -0.75396351
v 3.67914699 -2.90274750 -0.53607714
v 3.67911570 -2.85352822 -0.75817704
v 3.69606949 -2.83795092 -0.75396351
v 3.67911570 -2.85352822 -0.75817704
v 3.69595997 -2.77312379 -0.97073587
v 3.69595997 -2.77312379 -0.97073587
v 3.67911570 -2.85352822 -0.75817704
v 3.67903300 -2.78835259 -0.97611472
v 3.69595997 -2.77312379 -0.97073587
v 3.67903300 -2.78835259 -0.97611472
v 3.69576551 -2.69301571 -1.18223466
v 3.69576551 -2.69301571 -1.18223466
v 3.67903300 -2.78835259 -0.97611472
v 3.67888100 -2.70783287 -1.18874470
v 3.69576551 -2.69301571 -1.18223466
v 3.67888100 -2.70783287 -1.18874470
v 3.69547121 -2.59817969 -1.38765611
v 3.69547121 -2.59817969 -1.38765611
v 3.67888100 -2.70783287 -1.18874470
v 3.67864929 -2.61251181 -1.39527488
v 3.69547121 -2.59817969 -1.38765611
v 3.67864929 -2.61251181 -1.39527488
v 3.69510613 -2.48883478 -1.58580896
v 3.69510613 -2.48883478 -1.58580896
v 3.67864929 -2.61251181 -1.39527488
v 3.67836095 -2.50259526 -1.59451440
v 3.69510613 -2.48883478 -1.58580896
v 3.67836095 -2.50259526 -1.59451440
v 3.69471200 -2.36511193 -1.77523736
v 3.69471200 -2.36511193 -1.77523736
v 3.67836095 -2.50259526 -1.59451440
v 3.67805026 -2.37821061 -1.78499669
v 3.69471200 -2.36511193 -1.77523736
v 3.67805026 -2.37821061 -1.78499669
v 3.69432904 -2.22714171 -1.95448492
v 3.69432904 -2.22714171 -1.95448492
v 3.67805026 -2.37821061 -1.78499669
v 3.67774777 -2.23948546 -1.96525548
v 3.69432904 -2.22714171 -1.95448492
v 3.67774777 -2.23948546 -1.96525548
v 3.69399972 -2.07505617 -2.12209579
v 3.69399972 -2.07505617 -2.12209579
v 3.67774777 -2.23948546 -1.96525548
v 3.67748700 -2.08654776 -2.13382412
v 3.69399972 -2.07505617 -2.12209579
v 3.67748700 -2.08654776 -2.13382412
v 3.69372927 -1.90966576 -2.27665491
v 3.69372927 -1.90966576 -2.27665491
v 3.67748700 -2.08654776 -2.13382412
v 3.67726497 -1.92022882 -2.28926539
v 3.69372927 -1.90966576 -2.27665491
v 3.67726497 -1.92022882 -2.28926539
v 3.69349234 -1.73247792 -2.41739172
v 3.69349234 -1.73247792 -2.41739172
v 3.67726497 -1.92022882 -2.28926539
v 3.67705934 -1.74205676 -2.43079551
v 3.69349234 -1.73247792 -2.41739172
v 3.67705934 -1.74205676 -2.43079551
v 3.69328000 -1.54478336 -2.54378561
v 3.69328000 -1.54478336 -2.54378561
v 3.67705934 -1.74205676 -2.43079551
v 3.67686711 -1.55332508 -2.55789421
v 3.69328000 -1.54478336 -2.54378561
v 3.67686711 -1.55332508 -2.55789421
v 3.69308256 -1.34787271 -2.65531596
v 3.69308256 -1.34787271 -2.65531596
v 3.67686711 -1.55332508 -2.55789421
v 3.67668308 -1.35532720 -2.67004110
v 3.69308256 -1.34787271 -2.65531596
v 3.67668308 -1.35532720 -2.67004110
v 3.69289033 -1.14303706 -2.75146216
v 3.69289033 -1.14303706 -2.75146216
v 3.67668308 -1.35532720 -2.67004110
v 3.67650352 -1.14935711 -2.76671555
v 3.69289033 -1.14303706 -2.75146216
v 3.67650352 -1.14935711 -2.76671555
v 3.69270779 -0.93143117 -2.83155069
v 3.69270779 -0.93143117 -2.83155069
v 3.67650352 -1.14935711 -2.76671555
v 3.67633440 -0.93657533 -2.84724571
v 3.69270779 -0.93143117 -2.83155069
v 3.67633440 -0.93657533 -2.84724571
v 3.69256549 -0.71423138 -2.89502367
v 3.69256549 -0.71423138 -2.89502367
v 3.67633440 -0.93657533 -2.84724571
v 3.67619954 -0.71816919 -2.91107055
v 3.69256549 -0.71423138 -2.89502367
v 3.67619954 -0.71816919 -2.91107055
v 3.69246118 -0.49281521 -2.94160638
v 3.69246118 -0.49281521 -2.94160638
v 3.67619954 -0.71816919 -2.91107055
v 3.67609896 -0.49552568 -2.95790825
v 3.69246118 -0.49281521 -2.94160638
v 3.67609896 -0.49552568 -2.95790825
v 3.69237252 -0.26845492 -2.97103468
v 3.69237252 -0.26845492 -2.97103468
v 3.67609896 -0.49552568 -2.95790825
v 3.67601253 -0.26992327 -2.98749637
v 3.69237252 -0.26845492 -2.97103468
v 3.67601253 -0.26992327 -2.98749637
v 3.69269364 -0.04254452 -2.98333038
v 3.69269364 -0.04254452 -2.98333038
v 3.67601253 -0.26992327 -2.98749637
v 3.67629267 -0.04276993 -2.99983211
v 3.69269364 -0.04254452 -2.98333038
v 3.67629267 -0.04276993 -2.99983211
v 3.69246639 0.18393853 -2.97768004
v 3.69246639 0.18393853 -2.97768004
v 3.67629267 -0.04276993 -2.99983211
v 3.67609374 0.18487513 -2.99417488
v 3.69246639 0.18393853 -2.97768004
v 3.67609374 0.18487513 -2.99417488
v 3.69255878 0.40932558 -2.95471102
v 3.69255878 0.40932558 -2.95471102
v 3.67609374 0.18487513 -2.99417488
v 3.67618464 0.41134884 -2.97110863
v 3.69255878 0.40932558 -2.95471102
v 3.67618464 0.41134884 -2.97110863
v 3.69279124 0.63222544 -2.91450694
v 3.69279124 0.63222544 -2.91450694
v 3.67618464 0.41134884 -2.97110863
v 3.67640592 0.63529401 -2.93073785
v 3.69279124 0.63222544 -2.91450694
v 3.67640592 0.63529401 -2.93073785
v 3.69306095 0.85135391 -2.85730083
v 3.69306095 0.85135391 -2.85730083
v 3.67640592 0.63529401 -2.93073785
v 3.67666371 0.85543850 -2.87330430
v 3.69306095 0.85135391 -2.85730083
v 3.67666371 0.85543850 -2.87330430
v 3.69332395 1.06541421 -2.78335623
v 3.69332395 1.06541421 -2.78335623
v 3.67666371 0.85543850 -2.87330430
v 3.67691554 1.07049681 -2.79907305
v 3.69332395 1.06541421 -2.78335623
v 3.67691554 1.07049681 -2.79907305
v 3.69360633 1.27311377 -2.69306786
v 3.69360633 1.27311377 -2.69306786
v 3.67691554 1.07049681 -2.79907305
v 3.67718227 1.27918730 -2.70842779
v 3.69360633 1.27311377 -2.69306786
v 3.67718227 1.27918730 -2.70842779
v 3.69387679 1.47327725 -2.58705597
v 3.69387679 1.47327725 -2.58705597
v 3.67718227 1.27918730 -2.70842779
v 3.67743187 1.48032904 -2.60199085
v 3.69387679 1.47327725 -2.58705597
v 3.67743187 1.48032904 -2.60199085
v 3.69409509 1.66473780 -2.46595200
v 3.69409509 1.66473780 -2.46595200
v 3.67743187 1.48032904 -2.60199085
v 3.67762707 1.67274922 -2.48039700
v 3.69409509 1.66473780 -2.46595200
v 3.67762707 1.67274922 -2.48039700
v 3.69418077 1.75681710 -2.39990596
v 3.69418077 1.75681710 -2.39990596
v 3.67762707 1.67274922 -2.48039700
v 3.67769934 1.76532734 -2.41405629
v 3.69418077 1.75681710 -2.39990596
v 3.67769934 1.76532734 -2.41405629
v 3.68887894 1.76804271 -2.39863917
v 3.68887894 1.76804271 -2.39863917
v 3.67769934 1.76532734 -2.41405629
v 3.67770009 1.77361425 -2.40781605
v 3.62014286 -2.98689064 0.00008920
v 3.60998921 -2.99050249 0.00007072
v 3.61825339 -2.98637077 -0.08530096
v 3.61825339 -2.98637077 -0.08530096
v 3.60998921 -2.99050249 0.00007072
v 3.59576829 -2.99334265 -0.08558070
v 3.61825339 -2.98637077 -0.08530096
v 3.59576829 -2.99334265 -0.08558070
v 3.61829810 -2.97072306 -0.31499511
v 3.61829810 -2.97072306 -0.31499511
v 3.59576829 -2.99334265 -0.08558070
v 3.59582119 -2.97765993 -0.31581335
v 3.61829810 -2.97072306 -0.31499511
v 3.59582119 -2.97765993 -0.31581335
v 3.61833461 -2.93765031 -0.54280208
v 3.61833461 -2.93765031 -0.54280208
v 3.59582119 -2.97765993 -0.31581335
v 3.59586664 -2.94449907 -0.54415674
v 3.61833461 -2.93765031 -0.54280208
v 3.59586664 -2.94449907 -0.54415674
v 3.61835249 -2.88780369 -0.76756030
v 3.61835249 -2.88780369 -0.76756030
v 3.59586664 -2.94449907 -0.54415674
v 3.59589718 -2.89452057 -0.76944907
v 3.61835249 -2.88780369 -0.76756030
v 3.59589718 -2.89452057 -0.76944907
v 3.61834429 -2.82183457 -0.98810811
v 3.61834429 -2.82183457 -0.98810811
v 3.59589718 -2.89452057 -0.76944907
v 3.59590687 -2.82838494 -0.99052843
v 3.61834429 -2.82183457 -0.98810811
v 3.59590687 -2.82838494 -0.99052843
v 3.61830033 -2.74039377 -1.20329326
v 3.61830033 -2.74039377 -1.20329326
v 3.59590687 -2.82838494 -0.99052843
v 3.59588750 -2.74675172 -1.20624201
v 3.61830033 -2.74039377 -1.20329326
v 3.59588750 -2.74675172 -1.20624201
v 3.61821465 -2.64399461 -1.41232386
v 3.61821465 -2.64399461 -1.41232386
v 3.59588750 -2.74675172 -1.20624201
v 3.59583534 -2.65012924 -1.41578605
v 3.61821465 -2.64399461 -1.41232386
v 3.59583534 -2.65012924 -1.41578605
v 3.61809991 -2.53281351 -1.61399357
v 3.61809991 -2.53281351 -1.61399357
v 3.59583534 -2.65012924 -1.41578605
v 3.59576009 -2.53868997 -1.61794424
v 3.61809991 -2.53281351 -1.61399357
v 3.59576009 -2.53868997 -1.61794424
v 3.61797325 -2.40697581 -1.80681236
v 3.61797325 -2.40697581 -1.80681236
v 3.59576009 -2.53868997 -1.61794424
v 3.59567441 -2.41256282 -1.81122217
v 3.61797325 -2.40697581 -1.80681236
v 3.59567441 -2.41256282 -1.81122217
v 3.61784957 -2.26660762 -1.98929049
v 3.61784957 -2.26660762 -1.98929049
v 3.59567441 -2.41256282 -1.81122217
v 3.59559245 -2.27187593 -1.99412592
v 3.61784957 -2.26660762 -1.98929049
v 3.59559245 -2.27187593 -1.99412592
v 3.61774601 -2.11183541 -2.15993803
v 3.61774601 -2.11183541 -2.15993803
v 3.59559245 -2.27187593 -1.99412592
v 3.59552689 -2.11675912 -2.16516070
v 3.61774601 -2.11183541 -2.15993803
v 3.59552689 -2.11675912 -2.16516070
v 3.61763798 -1.94350947 -2.31729150
v 3.61763798 -1.94350947 -2.31729150
v 3.59552689 -2.11675912 -2.16516070
v 3.59544419 -1.94805562 -2.32286975
v 3.61763798 -1.94350947 -2.31729150
v 3.59544419 -1.94805562 -2.32286975
v 3.61750163 -1.76318455 -2.46055238
v 3.61750163 -1.76318455 -2.46055238
v 3.59544419 -1.94805562 -2.32286975
v 3.59532125 -1.76731646 -2.46645901
v 3.61750163 -1.76318455 -2.46055238
v 3.59532125 -1.76731646 -2.46645901
v 3.61734740 -1.57216843 -2.58919336
v 3.61734740 -1.57216843 -2.58919336
v 3.59532125 -1.76731646 -2.46645901
v 3.59517299 -1.57585535 -2.59539615
v 3.61734740 -1.57216843 -2.58919336
v 3.59517299 -1.57585535 -2.59539615
v 3.61718573 -1.37176886 -2.70268694
v 3.61718573 -1.37176886 -2.70268694
v 3.59517299 -1.57585535 -2.59539615
v 3.59501280 -1.37498509 -2.70914901
v 3.61718573 -1.37176886 -2.70268694
v 3.59501280 -1.37498509 -2.70914901
v 3.61702628 -1.16329305 -2.80050561
v 3.61702628 -1.16329305 -2.80050561
v 3.59501280 -1.37498509 -2.70914901
v 3.59485559 -1.16601894 -2.80718561
v 3.61702628 -1.16329305 -2.80050561
v 3.59485559 -1.16601894 -2.80718561
v 3.61687951 -0.94792191 -2.88198926
v 3.61687951 -0.94792191 -2.88198926
v 3.59485559 -1.16601894 -2.80718561
v 3.59471254 -0.95014386 -2.88884956
v 3.61687951 -0.94792191 -2.88198926
v 3.59471254 -0.95014386 -2.88884956
v 3.61675583 -0.72686151 -2.94657592
v 3.61675583 -0.72686151 -2.94657592
v 3.59471254 -0.95014386 -2.88884956
v 3.59458812 -0.72856704 -2.95358151
v 3.61675583 -0.72686151 -2.94657592
v 3.59458812 -0.72856704 -2.95358151
v 3.61665227 -0.50151232 -2.99396180
v 3.61665227 -0.50151232 -2.99396180
v 3.59458812 -0.72856704 -2.95358151
v 3.59448232 -0.50268909 -3.00107133
v 3.61665227 -0.50151232 -2.99396180
v 3.59448232 -0.50268909 -3.00107133
v 3.61656807 -0.27318092 -3.02389320
v 3.61656807 -0.27318092 -3.02389320
v 3.59448232 -0.50268909 -3.00107133
v 3.59439664 -0.27382791 -3.03106774
v 3.61656807 -0.27318092 -3.02389320
v 3.59439664 -0.27382791 -3.03106774
v 3.61666791 -0.04326080 -3.03620212
v 3.61666791 -0.04326080 -3.03620212
v 3.59439664 -0.27382791 -3.03106774
v 3.59443612 -0.04335420 -3.04334871
v 3.61666791 -0.04326080 -3.03620212
v 3.59443612 -0.04335420 -3.04334871
v 3.61658596 0.18685767 -3.03061418
v 3.61658596 0.18685767 -3.03061418
v 3.59443612 -0.04335420 -3.04334871
v 3.59439291 0.18720907 -3.03779282
v 3.61658596 0.18685767 -3.03061418
v 3.59439291 0.18720907 -3.03779282
v 3.61667089 0.41570030 -3.00735105
v 3.61667089 0.41570030 -3.00735105
v 3.59439291 0.18720907 -3.03779282
v 3.59447636 0.41650413 -3.01449709
v 3.61667089 0.41570030 -3.00735105
v 3.59447636 0.41650413 -3.01449709
v 3.61684598 0.64198137 -2.96660364
v 3.61684598 0.64198137 -2.96660364
v 3.59447636 0.41650413 -3.01449709
v 3.59463803 0.64325770 -2.97367461
v 3.61684598 0.64198137 -2.96660364
v 3.59463803 0.64325770 -2.97367461
v 3.61705683 0.86442400 -2.90865302
v 3.61705683 0.86442400 -2.90865302
v 3.59463803 0.64325770 -2.97367461
v 3.59483622 0.86617740 -2.91561708
v 3.61705683 0.86442400 -2.90865302
v 3.59483622 0.86617740 -2.91561708
v 3.61727066 1.08174607 -2.83377357
v 3.61727066 1.08174607 -2.83377357
v 3.59483622 0.86617740 -2.91561708
v 3.59503962 1.08397128 -2.84060240
v 3.61727066 1.08174607 -2.83377357
v 3.59503962 1.08397128 -2.84060240
v 3.61748375 1.29266027 -2.74231341
v 3.61748375 1.29266027 -2.74231341
v 3.59503962 1.08397128 -2.84060240
v 3.59523632 1.29533978 -2.74897069
v 3.61748375 1.29266027 -2.74231341
v 3.59523632 1.29533978 -2.74897069
v 3.61767001 1.49597172 -2.63491385
v 3.61767001 1.49597172 -2.63491385
v 3.59523632 1.29533978 -2.74897069
v 3.59540395 1.49908401 -2.64137350
v 3.61767001 1.49597172 -2.63491385
v 3.59540395 1.49908401 -2.64137350
v 3.61780338 1.69049297 -2.51223482
v 3.61780338 1.69049297 -2.51223482
v 3.59540395 1.49908401 -2.64137350
v 3.59551944 1.69401281 -2.51848213
v 3.61780338 1.69049297 -2.51223482
v 3.59551944 1.69401281 -2.51848213
v 3.61784212 1.78411882 -2.44526267
v 3.61784212 1.78411882 -2.44526267
v 3.59551944 1.69401281 -2.51848213
v 3.59554850 1.78782269 -2.45139617
v 3.61784212 1.78411882 -2.44526267
v 3.59554850 1.78782269 -2.45139617
v 3.60964797 1.79405976 -2.44149175
v 3.60964797 1.79405976 -2.44149175
v 3.59554850 1.78782269 -2.45139617
v 3.59554701 1.79622639 -2.44506057
v 3.59697603 -2.99427658 0.00004965
v 3.58012803 -2.99778152 0.00002686
v 3.59576829 -2.99334265 -0.08558070
v 3.59576829 -2.99334265 -0.08558070
v 3.58012803 -2.99778152 0.00002686
v 3.57274897 -2.99759377 -0.08577370
v 3.59576829 -2.99334265 -0.08558070
v 3.57274897 -2.99759377 -0.08577370
v 3.59582119 -2.97765993 -0.31581335
v 3.59582119 -2.97765993 -0.31581335
v 3.57274897 -2.99759377 -0.08577370
v 3.57280262 -2.98188813 -0.31633638
v 3.59582119 -2.97765993 -0.31581335
v 3.57280262 -2.98188813 -0.31633638
v 3.59586664 -2.94449907 -0.54415674
v 3.59586664 -2.94449907 -0.54415674
v 3.57280262 -2.98188813 -0.31633638
v 3.57285254 -2.94867028 -0.54501281
v 3.59586664 -2.94449907 -0.54415674
v 3.57285254 -2.94867028 -0.54501281
v 3.59589718 -2.89452057 -0.76944907
v 3.59589718 -2.89452057 -0.76944907
v 3.57285254 -2.94867028 -0.54501281
v 3.57289128 -2.89860517 -0.77064172
v 3.59589718 -2.89452057 -0.76944907
v 3.57289128 -2.89860517 -0.77064172
v 3.59590687 -2.82838494 -0.99052843
v 3.59590687 -2.82838494 -0.99052843
v 3.57289128 -2.89860517 -0.77064172
v 3.57291289 -2.83235889 -0.99206176
v 3.59590687 -2.82838494 -0.99052843
v 3.57291289 -2.83235889 -0.99206176
v 3.59588750 -2.74675172 -1.20624201
v 3.59588750 -2.74675172 -1.20624201
v 3.57291289 -2.83235889 -0.99206176
v 3.57291065 -2.75059566 -1.20812021
v 3.59588750 -2.74675172 -1.20624201
v 3.57291065 -2.75059566 -1.20812021
v 3.59583534 -2.65012924 -1.41578605
v 3.59583534 -2.65012924 -1.41578605
v 3.57291065 -2.75059566 -1.20812021
v 3.57288308 -2.65382286 -1.41799534
v 3.59583534 -2.65012924 -1.41578605
v 3.57288308 -2.65382286 -1.41799534
v 3.59576009 -2.53868997 -1.61794424
v 3.59576009 -2.53868997 -1.61794424
v 3.57288308 -2.65382286 -1.41799534
v 3.57283764 -2.54221428 -1.62045881
v 3.59576009 -2.53868997 -1.61794424
v 3.57283764 -2.54221428 -1.62045881
v 3.59567441 -2.41256282 -1.81122217
v 3.59567441 -2.41256282 -1.81122217
v 3.57283764 -2.54221428 -1.62045881
v 3.57278623 -2.41590347 -1.81401409
v 3.59567441 -2.41256282 -1.81122217
v 3.57278623 -2.41590347 -1.81401409
v 3.59559245 -2.27187593 -1.99412592
v 3.59559245 -2.27187593 -1.99412592
v 3.57278623 -2.41590347 -1.81401409
v 3.57273705 -2.27502361 -1.99716464
v 3.59559245 -2.27187593 -1.99412592
v 3.57273705 -2.27502361 -1.99716464
v 3.59552689 -2.11675912 -2.16516070
v 3.59552689 -2.11675912 -2.16516070
v 3.57273705 -2.27502361 -1.99716464
v 3.57270055 -2.11970899 -2.16841344
v 3.59552689 -2.11675912 -2.16516070
v 3.57270055 -2.11970899 -2.16841344
v 3.59544419 -1.94805562 -2.32286975
v 3.59544419 -1.94805562 -2.32286975
v 3.57270055 -2.11970899 -2.16841344
v 3.57263796 -1.95078924 -2.32631862
v 3.59544419 -1.94805562 -2.32286975
v 3.57263796 -1.95078924 -2.32631862
v 3.59532125 -1.76731646 -2.46645901
v 3.59532125 -1.76731646 -2.46645901
v 3.57263796 -1.95078924 -2.32631862
v 3.57252397 -1.76980589 -2.47009546
v 3.59532125 -1.76731646 -2.46645901
v 3.57252397 -1.76980589 -2.47009546
v 3.59517299 -1.57585535 -2.59539615
v 3.59517299 -1.57585535 -2.59539615
v 3.57252397 -1.76980589 -2.47009546
v 3.57237719 -1.57807786 -2.59920619
v 3.59517299 -1.57585535 -2.59539615
v 3.57237719 -1.57807786 -2.59920619
v 3.59501280 -1.37498509 -2.70914901
v 3.59501280 -1.37498509 -2.70914901
v 3.57237719 -1.57807786 -2.59920619
v 3.57221551 -1.37692392 -2.71311291
v 3.59501280 -1.37498509 -2.70914901
v 3.57221551 -1.37692392 -2.71311291
v 3.59485559 -1.16601894 -2.80718561
v 3.59485559 -1.16601894 -2.80718561
v 3.57221551 -1.37692392 -2.71311291
v 3.57205905 -1.16766272 -2.81127729
v 3.59485559 -1.16601894 -2.80718561
v 3.57205905 -1.16766272 -2.81127729
v 3.59471254 -0.95014386 -2.88884956
v 3.59471254 -0.95014386 -2.88884956
v 3.57205905 -1.16766272 -2.81127729
v 3.57191749 -0.95148664 -2.89304592
v 3.59471254 -0.95014386 -2.88884956
v 3.57191749 -0.95148664 -2.89304592
v 3.59458812 -0.72856704 -2.95358151
v 3.59458812 -0.72856704 -2.95358151
v 3.57191749 -0.95148664 -2.89304592
v 3.57179232 -0.72960099 -2.95786317
v 3.59458812 -0.72856704 -2.95358151
v 3.57179232 -0.72960099 -2.95786317
v 3.59448232 -0.50268909 -3.00107133
v 3.59448232 -0.50268909 -3.00107133
v 3.57179232 -0.72960099 -2.95786317
v 3.57168280 -0.50340453 -3.00541446
v 3.59448232 -0.50268909 -3.00107133
v 3.57168280 -0.50340453 -3.00541446
v 3.59439664 -0.27382791 -3.03106774
v 3.59439664 -0.27382791 -3.03106774
v 3.57168280 -0.50340453 -3.00541446
v 3.57159562 -0.27422728 -3.03544924
v 3.59439664 -0.27382791 -3.03106774
v 3.57159562 -0.27422728 -3.03544924
v 3.59443612 -0.04335420 -3.04334871
v 3.59443612 -0.04335420 -3.04334871
v 3.57159562 -0.27422728 -3.03544924
v 3.57158445 -0.04340828 -3.04770749
v 3.59443612 -0.04335420 -3.04334871
v 3.57158445 -0.04340828 -3.04770749
v 3.59439291 0.18720907 -3.03779282
v 3.59439291 0.18720907 -3.03779282
v 3.57158445 -0.04340828 -3.04770749
v 3.57157402 0.18738889 -3.04217786
v 3.59439291 0.18720907 -3.03779282
v 3.57157402 0.18738889 -3.04217786
v 3.59447636 0.41650413 -3.01449709
v 3.59447636 0.41650413 -3.01449709
v 3.57157402 0.18738889 -3.04217786
v 3.57165895 0.41694767 -3.01886685
v 3.59447636 0.41650413 -3.01449709
v 3.57165895 0.41694767 -3.01886685
v 3.59463803 0.64325770 -2.97367461
v 3.59463803 0.64325770 -2.97367461
v 3.57165895 0.41694767 -3.01886685
v 3.57181169 0.64400085 -2.97799911
v 3.59463803 0.64325770 -2.97367461
v 3.57181169 0.64400085 -2.97799911
v 3.59483622 0.86617740 -2.91561708
v 3.59483622 0.86617740 -2.91561708
v 3.57181169 0.64400085 -2.97799911
v 3.57199945 0.86723361 -2.91987248
v 3.59483622 0.86617740 -2.91561708
v 3.57199945 0.86723361 -2.91987248
v 3.59503962 1.08397128 -2.84060240
v 3.59503962 1.08397128 -2.84060240
v 3.57199945 0.86723361 -2.91987248
v 3.57219614 1.08533846 -2.84476820
v 3.59503962 1.08397128 -2.84060240
v 3.57219614 1.08533846 -2.84476820
v 3.59523632 1.29533978 -2.74897069
v 3.59523632 1.29533978 -2.74897069
v 3.57219614 1.08533846 -2.84476820
v 3.57238017 1.29699921 -2.75302287
v 3.59523632 1.29533978 -2.74897069
v 3.57238017 1.29699921 -2.75302287
v 3.59540395 1.49908401 -2.64137350
v 3.59540395 1.49908401 -2.64137350
v 3.57238017 1.29699921 -2.75302287
v 3.57253142 1.50101306 -2.64529902
v 3.59540395 1.49908401 -2.64137350
v 3.57253142 1.50101306 -2.64529902
v 3.59551944 1.69401281 -2.51848213
v 3.59551944 1.69401281 -2.51848213
v 3.57253142 1.50101306 -2.64529902
v 3.57262902 1.69618614 -2.52228025
v 3.59551944 1.69401281 -2.51848213
v 3.57262902 1.69618614 -2.52228025
v 3.59554850 1.78782269 -2.45139617
v 3.59554850 1.78782269 -2.45139617
v 3.57262902 1.69618614 -2.52228025
v 3.57264914 1.79008972 -2.45513543
v 3.59554850 1.78782269 -2.45139617
v 3.57264914 1.79008972 -2.45513543
v 3.59554701 1.79622639 -2.44506057
v 3.59554701 1.79622639 -2.44506057
v 3.57264914 1.79008972 -2.45513543
v 3.57770063 1.79812573 -2.44818889
v 3.63952704 -2.97826547 0.00012939
v 3.62014286 -2.98689064 0.00008920
v 3.63986753 -2.97685247 -0.08494130
v 3.63986753 -2.97685247 -0.08494130
v 3.62014286 -2.98689064 0.00008920
v 3.61825339 -2.98637077 -0.08530096
v 3.63986753 -2.97685247 -0.08494130
v 3.61825339 -2.98637077 -0.08530096
v 3.63990106 -2.96125151 -0.31390171
v 3.63990106 -2.96125151 -0.31390171
v 3.61825339 -2.98637077 -0.08530096
v 3.61829810 -2.97072306 -0.31499511
v 3.63990106 -2.96125151 -0.31390171
v 3.61829810 -2.97072306 -0.31499511
v 3.63992490 -2.92829480 -0.54098186
v 3.63992490 -2.92829480 -0.54098186
v 3.61829810 -2.97072306 -0.31499511
v 3.61833461 -2.93765031 -0.54280208
v 3.63992490 -2.92829480 -0.54098186
v 3.61833461 -2.93765031 -0.54280208
v 3.63992713 -2.87862141 -0.76502138
v 3.63992713 -2.87862141 -0.76502138
v 3.61833461 -2.93765031 -0.54280208
v 3.61835249 -2.88780369 -0.76756030
v 3.63992713 -2.87862141 -0.76502138
v 3.61835249 -2.88780369 -0.76756030
v 3.63989659 -2.81287059 -0.98485984
v 3.63989659 -2.81287059 -0.98485984
v 3.61835249 -2.88780369 -0.76756030
v 3.61834429 -2.82183457 -0.98810811
v 3.63989659 -2.81287059 -0.98485984
v 3.61834429 -2.82183457 -0.98810811
v 3.63982134 -2.73168162 -1.19934613
v 3.63982134 -2.73168162 -1.19934613
v 3.61834429 -2.82183457 -0.98810811
v 3.61830033 -2.74039377 -1.20329326
v 3.63982134 -2.73168162 -1.19934613
v 3.61830033 -2.74039377 -1.20329326
v 3.63969468 -2.63557583 -1.40769435
v 3.63969468 -2.63557583 -1.40769435
v 3.61830033 -2.74039377 -1.20329326
v 3.61821465 -2.64399461 -1.41232386
v 3.63969468 -2.63557583 -1.40769435
v 3.61821465 -2.64399461 -1.41232386
v 3.63953151 -2.52473708 -1.60870571
v 3.63953151 -2.52473708 -1.60870571
v 3.61821465 -2.64399461 -1.41232386
v 3.61809991 -2.53281351 -1.61399357
v 3.63953151 -2.52473708 -1.60870571
v 3.61809991 -2.53281351 -1.61399357
v 3.63935344 -2.39928998 -1.80089660
v 3.63935344 -2.39928998 -1.80089660
v 3.61809991 -2.53281351 -1.61399357
v 3.61797325 -2.40697581 -1.80681236
v 3.63935344 -2.39928998 -1.80089660
v 3.61797325 -2.40697581 -1.80681236
v 3.63917984 -2.25935914 -1.98278353
v 3.63917984 -2.25935914 -1.98278353
v 3.61797325 -2.40697581 -1.80681236
v 3.61784957 -2.26660762 -1.98929049
v 3.63917984 -2.25935914 -1.98278353
v 3.61784957 -2.26660762 -1.98929049
v 3.63903157 -2.10507028 -2.15288270
v 3.63903157 -2.10507028 -2.15288270
v 3.61784957 -2.26660762 -1.98929049
v 3.61774601 -2.11183541 -2.15993803
v 3.63903157 -2.10507028 -2.15288270
v 3.61774601 -2.11183541 -2.15993803
v 3.63889150 -1.93727389 -2.30973233
v 3.63889150 -1.93727389 -2.30973233
v 3.61774601 -2.11183541 -2.15993803
v 3.61763798 -1.94350947 -2.31729150
v 3.63889150 -1.93727389 -2.30973233
v 3.61763798 -1.94350947 -2.31729150
v 3.63873653 -1.75752230 -2.45253425
v 3.63873653 -1.75752230 -2.45253425
v 3.61763798 -1.94350947 -2.31729150
v 3.61750163 -1.76318455 -2.46055238
v 3.63873653 -1.75752230 -2.45253425
v 3.61750163 -1.76318455 -2.46055238
v 3.63857262 -1.56711768 -2.58076452
v 3.63857262 -1.56711768 -2.58076452
v 3.61750163 -1.76318455 -2.46055238
v 3.61734740 -1.57216843 -2.58919336
v 3.63857262 -1.56711768 -2.58076452
v 3.61734740 -1.57216843 -2.58919336
v 3.63840647 -1.36736240 -2.69389953
v 3.63840647 -1.36736240 -2.69389953
v 3.61734740 -1.57216843 -2.58919336
v 3.61718573 -1.37176886 -2.70268694
v 3.63840647 -1.36736240 -2.69389953
v 3.61718573 -1.37176886 -2.70268694
v 3.63824330 -1.15955854 -2.79141534
v 3.63824330 -1.15955854 -2.79141534
v 3.61718573 -1.37176886 -2.70268694
v 3.61702628 -1.16329305 -2.80050561
v 3.63824330 -1.15955854 -2.79141534
v 3.61702628 -1.16329305 -2.80050561
v 3.63809131 -0.94488012 -2.87264716
v 3.63809131 -0.94488012 -2.87264716
v 3.61702628 -1.16329305 -2.80050561
v 3.61687951 -0.94792191 -2.88198926
v 3.63809131 -0.94488012 -2.87264716
v 3.61687951 -0.94792191 -2.88198926
v 3.63796614 -0.72452966 -2.93703191
v 3.63796614 -0.72452966 -2.93703191
v 3.61687951 -0.94792191 -2.88198926
v 3.61675583 -0.72686151 -2.94657592
v 3.63796614 -0.72452966 -2.93703191
v 3.61675583 -0.72686151 -2.94657592
v 3.63786556 -0.49990541 -2.98427343
v 3.63786556 -0.49990541 -2.98427343
v 3.61675583 -0.72686151 -2.94657592
v 3.61665227 -0.50151232 -2.99396180
v 3.63786556 -0.49990541 -2.98427343
v 3.61665227 -0.50151232 -2.99396180
v 3.63778137 -0.27230319 -3.01411413
v 3.63778137 -0.27230319 -3.01411413
v 3.61665227 -0.50151232 -2.99396180
v 3.61656807 -0.27318092 -3.02389320
v 3.63778137 -0.27230319 -3.01411413
v 3.61656807 -0.27318092 -3.02389320
v 3.63794453 -0.04313059 -3.02644745
v 3.63794453 -0.04313059 -3.02644745
v 3.61656807 -0.27318092 -3.02389320
v 3.61666791 -0.04326080 -3.03620212
v 3.63794453 -0.04313059 -3.02644745
v 3.61666791 -0.04326080 -3.03620212
v 3.63782160 0.18634482 -3.02082766
v 3.63782160 0.18634482 -3.02082766
v 3.61666791 -0.04326080 -3.03620212
v 3.61658596 0.18685767 -3.03061418
v 3.63782160 0.18634482 -3.02082766
v 3.61658596 0.18685767 -3.03061418
v 3.63790803 0.41455836 -2.99761407
v 3.63790803 0.41455836 -2.99761407
v 3.61658596 0.18685767 -3.03061418
v 3.61667089 0.41570030 -3.00735105
v 3.63790803 0.41455836 -2.99761407
v 3.61667089 0.41570030 -3.00735105
v 3.63809876 0.64020599 -2.95696892
v 3.63809876 0.64020599 -2.95696892
v 3.61667089 0.41570030 -3.00735105
v 3.61684598 0.64198137 -2.96660364
v 3.63809876 0.64020599 -2.95696892
v 3.61684598 0.64198137 -2.96660364
v 3.63832600 0.86201923 -2.89916005
v 3.63832600 0.86201923 -2.89916005
v 3.61684598 0.64198137 -2.96660364
v 3.61705683 0.86442400 -2.90865302
v 3.63832600 0.86201923 -2.89916005
v 3.61705683 0.86442400 -2.90865302
v 3.63855176 1.07872030 -2.82445829
v 3.63855176 1.07872030 -2.82445829
v 3.61705683 0.86442400 -2.90865302
v 3.61727066 1.08174607 -2.83377357
v 3.63855176 1.07872030 -2.82445829
v 3.61727066 1.08174607 -2.83377357
v 3.63878198 1.28902914 -2.73322240
v 3.63878198 1.28902914 -2.73322240
v 3.61727066 1.08174607 -2.83377357
v 3.61748375 1.29266027 -2.74231341
v 3.63878198 1.28902914 -2.73322240
v 3.61748375 1.29266027 -2.74231341
v 3.63898911 1.49175562 -2.62608603
v 3.63898911 1.49175562 -2.62608603
v 3.61748375 1.29266027 -2.74231341
v 3.61767001 1.49597172 -2.63491385
v 3.63898911 1.49175562 -2.62608603
v 3.61767001 1.49597172 -2.63491385
v 3.63914259 1.68571621 -2.50369832
v 3.63914259 1.68571621 -2.50369832
v 3.61767001 1.49597172 -2.63491385
v 3.61780338 1.69049297 -2.51223482
v 3.63914259 1.68571621 -2.50369832
v 3.61780338 1.69049297 -2.51223482
v 3.63919102 1.77907217 -2.43689064
v 3.63919102 1.77907217 -2.43689064
v 3.61780338 1.69049297 -2.51223482
v 3.61784212 1.78411882 -2.44526267
v 3.63919102 1.77907217 -2.43689064
v 3.61784212 1.78411882 -2.44526267
v 3.61800306 1.79248769 -2.43890230
v 3.61800306 1.79248769 -2.43890230
v 3.61784212 1.78411882 -2.44526267
v 3.60964797 1.79405976 -2.44149175
v 2.83146705 -1.99154746 -1.92367658
v 2.83518117 -1.99858733 -1.91373434
v 2.87011769 -2.03473363 -1.95974484
v 2.87011769 -2.03473363 -1.95974484
v 2.83518117 -1.99858733 -1.91373434
v 2.85259616 -2.04275064 -1.85286179
v 1.97368842 -1.64924562 -2.37374473
v 1.97473597 -1.64925996 -2.29966305
v 2.07316335 -1.65107455 -2.37244591
v 2.07316335 -1.65107455 -2.37244591
v 1.97473597 -1.64925996 -2.29966305
v 2.10033711 -1.65107436 -2.29782648
v 2.07316335 -1.65107455 -2.37244591
v 2.10033711 -1.65107436 -2.29782648
v 2.16901582 -1.65752582 -2.36784723
v 2.16901582 -1.65752582 -2.36784723
v 2.10033711 -1.65107436 -2.29782648
v 2.18250733 -1.65654365 -2.29224134
v 2.16901582 -1.65752582 -2.36784723
v 2.18250733 -1.65654365 -2.29224134
v 2.26164665 -1.66958664 -2.35917680
v 2.26164665 -1.66958664 -2.35917680
v 2.18250733 -1.65654365 -2.29224134
v 2.26646047 -1.66735258 -2.28070114
v 2.29895469 -1.67318769 -2.27571949
v 2.35114824 -1.68775357 -2.34593563
v 2.29699817 -1.67280771 -2.27599125
v 2.29699817 -1.67280771 -2.27599125
v 2.35114824 -1.68775357 -2.34593563
v 2.26164665 -1.66958664 -2.35917680
v 2.29699817 -1.67280771 -2.27599125
v 2.26164665 -1.66958664 -2.35917680
v 2.27951985 -1.66956186 -2.27830391
v 2.27951985 -1.66956186 -2.27830391
v 2.26164665 -1.66958664 -2.35917680
v 2.26646047 -1.66735258 -2.28070114
v 2.29895469 -1.67318769 -2.27571949
v 2.31853779 -1.67719070 -2.27284897
v 2.35114824 -1.68775357 -2.34593563
v 2.35114824 -1.68775357 -2.34593563
v 2.31853779 -1.67719070 -2.27284897
v 2.32784133 -1.67922303 -2.27138400
v 2.35114824 -1.68775357 -2.34593563
v 2.32784133 -1.67922303 -2.27138400
v 2.36530062 -1.69127472 -2.34334376
v 2.36530062 -1.69127472 -2.34334376
v 2.32784133 -1.67922303 -2.27138400
v 2.35339906 -1.68525800 -2.26699132
v 2.36530062 -1.69127472 -2.34334376
v 2.35339906 -1.68525800 -2.26699132
v 2.35396158 -1.68539863 -2.26688813
v 2.35396158 -1.68539863 -2.26688813
v 2.36370470 -1.68788582 -2.26505417
v 2.36530062 -1.69127472 -2.34334376
v 2.36530062 -1.69127472 -2.34334376
v 2.36370470 -1.68788582 -2.26505417
v 2.37710755 -1.69147551 -2.26237830
v 2.36530062 -1.69127472 -2.34334376
v 2.37710755 -1.69147551 -2.26237830
v 2.42998507 -1.70997232 -2.32922696
v 2.37710755 -1.69147551 -2.26237830
v 2.39257943 -1.69586688 -2.25905236
v 2.42998507 -1.70997232 -2.32922696
v 2.42998507 -1.70997232 -2.32922696
v 2.39257943 -1.69586688 -2.25905236
v 2.41798591 -1.70366000 -2.25298423
v 2.42998507 -1.70997232 -2.32922696
v 2.41798591 -1.70366000 -2.25298423
v 2.41859760 -1.70385651 -2.25282814
v 2.41859760 -1.70385651 -2.25282814
v 2.42255162 -1.70513708 -2.25180797
v 2.42998507 -1.70997232 -2.32922696
v 2.42998507 -1.70997232 -2.32922696
v 2.42255162 -1.70513708 -2.25180797
v 2.44422015 -1.71245895 -2.24585142
v 2.42998507 -1.70997232 -2.32922696
v 2.44422015 -1.71245895 -2.24585142
v 2.51012575 -1.73943117 -2.30663978
v 2.51012575 -1.73943117 -2.30663978
v 2.44422015 -1.71245895 -2.24585142
v 2.45313477 -1.71561707 -2.24321876
v 2.45313477 -1.71561707 -2.24321876
v 2.46883389 -1.72140319 -2.23833304
v 2.51012575 -1.73943117 -2.30663978
v 2.51012575 -1.73943117 -2.30663978
v 2.46883389 -1.72140319 -2.23833304
v 2.49285307 -1.73083488 -2.23022923
v 2.51012575 -1.73943117 -2.30663978
v 2.49285307 -1.73083488 -2.23022923
v 2.49493476 -1.73168555 -2.22949069
v 2.65261587 -1.81424748 -2.16972735
v 2.67654043 -1.82809439 -2.23524608
v 2.57837009 -1.77072324 -2.20775083
v 2.57837009 -1.77072324 -2.20775083
v 2.67654043 -1.82809439 -2.23524608
v 2.61042397 -1.78768933 -2.26845630
v 2.57837009 -1.77072324 -2.20775083
v 2.61042397 -1.78768933 -2.26845630
v 2.58585121 -1.77454762 -2.27900725
v 2.72025820 -1.86370015 -2.12621354
v 2.73604523 -1.87220778 -2.19753943
v 2.65261587 -1.81424748 -2.16972735
v 2.65261587 -1.81424748 -2.16972735
v 2.73604523 -1.87220778 -2.19753943
v 2.70211082 -1.84601732 -2.22011842
v 2.65261587 -1.81424748 -2.16972735
v 2.70211082 -1.84601732 -2.22011842
v 2.67654043 -1.82809439 -2.23524608
v 2.87011769 -2.03473363 -1.95974484
v 2.88738217 -2.04019826 -2.03689728
v 2.83040535 -1.97551791 -2.02144999
v 2.83040535 -1.97551791 -2.02144999
v 2.88738217 -2.04019826 -2.03689728
v 2.84955706 -1.98704880 -2.09085345
v 2.83040535 -1.97551791 -2.02144999
v 2.84955706 -1.98704880 -2.09085345
v 2.77998652 -1.91798192 -2.07686350
v 2.77998652 -1.91798192 -2.07686350
v 2.84955706 -1.98704880 -2.09085345
v 2.80482825 -1.93567108 -2.14022491
v 2.77998652 -1.91798192 -2.07686350
v 2.80482825 -1.93567108 -2.14022491
v 2.72025820 -1.86370015 -2.12621354
v 2.72025820 -1.86370015 -2.12621354
v 2.80482825 -1.93567108 -2.14022491
v 2.78964248 -1.92026421 -2.15450544
v 2.72025820 -1.86370015 -2.12621354
v 2.78964248 -1.92026421 -2.15450544
v 2.73604523 -1.87220778 -2.19753943
v 2.85259616 -2.04275064 -1.85286179
v 2.94166859 -2.15012711 -1.91477742
v 2.87011769 -2.03473363 -1.95974484
v 2.87011769 -2.03473363 -1.95974484
v 2.94166859 -2.15012711 -1.91477742
v 2.91811656 -2.09462699 -1.97832417
v 2.87011769 -2.03473363 -1.95974484
v 2.91811656 -2.09462699 -1.97832417
v 2.88738217 -2.04019826 -2.03689728
v 2.85259616 -2.04275064 -1.85286179
v 2.85322946 -2.04487275 -1.85001250
v 2.94166859 -2.15012711 -1.91477742
v 2.94166859 -2.15012711 -1.91477742
v 2.85322946 -2.04487275 -1.85001250
v 2.85470914 -2.05003154 -1.84311047
v 2.94166859 -2.15012711 -1.91477742
v 2.85470914 -2.05003154 -1.84311047
v 2.95787659 -2.20541991 -1.84720177
v 2.85470914 -2.05003154 -1.84311047
v 2.86556240 -2.10181810 -1.77596696
v 2.95787659 -2.20541991 -1.84720177
v 2.95787659 -2.20541991 -1.84720177
v 2.86556240 -2.10181810 -1.77596696
v 2.87047829 -2.16195304 -1.70000866
v 2.95787659 -2.20541991 -1.84720177
v 2.87047829 -2.16195304 -1.70000866
v 2.96720769 -2.26014070 -1.77572425
v 2.96720769 -2.26014070 -1.77572425
v 2.87047829 -2.16195304 -1.70000866
v 2.90239062 -2.21088566 -1.70000866
v 2.90239062 -2.21088566 -1.70000866
v 2.93446388 -2.25970931 -1.70000866
v 2.96720769 -2.26014070 -1.77572425
v 2.96720769 -2.26014070 -1.77572425
v 2.93446388 -2.25970931 -1.70000866
v 2.95258742 -2.28703134 -1.70000866
v 2.96720769 -2.26014070 -1.77572425
v 2.95258742 -2.28703134 -1.70000866
v 2.97086146 -2.31425315 -1.70001220
v 2.72025820 -1.86370015 -2.12621354
v 2.77447980 -1.91512946 -2.03149170
v 2.77998652 -1.91798192 -2.07686350
v 2.77998652 -1.91798192 -2.07686350
v 2.77447980 -1.91512946 -2.03149170
v 2.80842315 -1.95561703 -1.97490938
v 2.77998652 -1.91798192 -2.07686350
v 2.80842315 -1.95561703 -1.97490938
v 2.83040535 -1.97551791 -2.02144999
v 2.83040535 -1.97551791 -2.02144999
v 2.80842315 -1.95561703 -1.97490938
v 2.80996617 -1.95772927 -1.97189618
v 2.83040535 -1.97551791 -2.02144999
v 2.80996617 -1.95772927 -1.97189618
v 2.87011769 -2.03473363 -1.95974484
v 2.87011769 -2.03473363 -1.95974484
v 2.80996617 -1.95772927 -1.97189618
v 2.81977933 -1.97200309 -1.95150096
v 2.87011769 -2.03473363 -1.95974484
v 2.81977933 -1.97200309 -1.95150096
v 2.83146705 -1.99154746 -1.92367658
v 2.68681105 -1.83813926 -2.12634001
v 2.68978905 -1.84034910 -2.12387126
v 2.72025820 -1.86370015 -2.12621354
v 2.72025820 -1.86370015 -2.12621354
v 2.68978905 -1.84034910 -2.12387126
v 2.73583811 -1.87773611 -2.07982697
v 2.72025820 -1.86370015 -2.12621354
v 2.73583811 -1.87773611 -2.07982697
v 2.77447980 -1.91512946 -2.03149170
v 2.63340529 -1.80203803 -2.16453057
v 2.64190417 -1.80737432 -2.15913374
v 2.65261587 -1.81424748 -2.16972735
v 2.65261587 -1.81424748 -2.16972735
v 2.64190417 -1.80737432 -2.15913374
v 2.64412966 -1.80879552 -2.15768255
v 2.65261587 -1.81424748 -2.16972735
v 2.64412966 -1.80879552 -2.15768255
v 2.72025820 -1.86370015 -2.12621354
v 2.72025820 -1.86370015 -2.12621354
v 2.64412966 -1.80879552 -2.15768255
v 2.68208887 -1.83468219 -2.13017222
v 2.72025820 -1.86370015 -2.12621354
v 2.68208887 -1.83468219 -2.13017222
v 2.68681105 -1.83813926 -2.12634001
v 2.49493476 -1.73168555 -2.22949069
v 2.51754429 -1.74128972 -2.22109910
v 2.51012575 -1.73943117 -2.30663978
v 2.51012575 -1.73943117 -2.30663978
v 2.51754429 -1.74128972 -2.22109910
v 2.51996722 -1.74235925 -2.22015921
v 2.51012575 -1.73943117 -2.30663978
v 2.51996722 -1.74235925 -2.22015921
v 2.58585121 -1.77454762 -2.27900725
v 2.58585121 -1.77454762 -2.27900725
v 2.51996722 -1.74235925 -2.22015921
v 2.54716184 -1.75491795 -2.20903307
v 2.58585121 -1.77454762 -2.27900725
v 2.54716184 -1.75491795 -2.20903307
v 2.57837009 -1.77072324 -2.20775083
v 2.57837009 -1.77072324 -2.20775083
v 2.54716184 -1.75491795 -2.20903307
v 2.56931093 -1.76591724 -2.19909493
v 2.57837009 -1.77072324 -2.20775083
v 2.56931093 -1.76591724 -2.19909493
v 2.57535335 -1.76904090 -2.19622739
v 2.57535335 -1.76904090 -2.19622739
v 2.57806610 -1.77046042 -2.19491664
v 2.57837009 -1.77072324 -2.20775083
v 2.57837009 -1.77072324 -2.20775083
v 2.57806610 -1.77046042 -2.19491664
v 2.60866936 -1.78727657 -2.17904635
v 2.57837009 -1.77072324 -2.20775083
v 2.60866936 -1.78727657 -2.17904635
v 2.65261587 -1.81424748 -2.16972735
v 2.65261587 -1.81424748 -2.16972735
v 2.60866936 -1.78727657 -2.17904635
v 2.63268780 -1.80159379 -2.16497611
v 2.65261587 -1.81424748 -2.16972735
v 2.63268780 -1.80159379 -2.16497611
v 2.63340529 -1.80203803 -2.16453057
v 3.76230516 -2.59445570 0.00033153
v 3.95001955 -2.33882815 0.00032076
v 3.95001955 -2.33500022 -0.13312544
v 3.57464291 -2.84990445 -0.02181227
v 3.57465036 -2.84999944 0.00026134
v 3.76230516 -2.59445570 0.00033153
v 3.57464291 -2.84990445 -0.02181227
v 3.76230516 -2.59445570 0.00033153
v 3.57459150 -2.84431521 -0.17735809
v 3.57459150 -2.84431521 -0.17735809
v 3.76230516 -2.59445570 0.00033153
v 3.95001955 -2.33500022 -0.13312544
v 3.57459150 -2.84431521 -0.17735809
v 3.95001955 -2.33500022 -0.13312544
v 3.57454009 -2.83812415 -0.25757658
v 3.57454009 -2.83812415 -0.25757658
v 3.95001955 -2.33500022 -0.13312544
v 3.95001955 -2.32929755 -0.21011923
v 3.57454009 -2.83812415 -0.25757658
v 3.95001955 -2.32929755 -0.21011923
v 3.57450061 -2.83020437 -0.33321632
v 3.57450061 -2.83020437 -0.33321632
v 3.95001955 -2.32929755 -0.21011923
v 3.95001955 -2.32253913 -0.27466938
v 3.57450061 -2.83020437 -0.33321632
v 3.95001955 -2.32253913 -0.27466938
v 3.57445516 -2.80755907 -0.48877974
v 3.57445516 -2.80755907 -0.48877974
v 3.95001955 -2.32253913 -0.27466938
v 3.95001955 -2.30144337 -0.41565974
v 3.57445516 -2.80755907 -0.48877974
v 3.95001955 -2.30144337 -0.41565974
v 3.57443877 -2.79818047 -0.54031112
v 3.57443877 -2.79818047 -0.54031112
v 3.95001955 -2.30144337 -0.41565974
v 3.95001955 -2.29685809 -0.44027809
v 3.57443877 -2.79818047 -0.54031112
v 3.95001955 -2.29685809 -0.44027809
v 3.57440151 -2.77646799 -0.64396877
v 3.57440151 -2.77646799 -0.64396877
v 3.95001955 -2.29685809 -0.44027809
v 3.95001955 -2.28763036 -0.48595238
v 3.57440151 -2.77646799 -0.64396877
v 3.95001955 -2.28763036 -0.48595238
v 3.57431211 -2.73364950 -0.81006661
v 3.95001955 -2.28763036 -0.48595238
v 3.95001955 -2.25372873 -0.62477342
v 3.57431211 -2.73364950 -0.81006661
v 3.57431211 -2.73364950 -0.81006661
v 3.95001955 -2.25372873 -0.62477342
v 3.95001955 -2.24191695 -0.66602067
v 3.57431211 -2.73364950 -0.81006661
v 3.95001955 -2.24191695 -0.66602067
v 3.57416309 -2.68161409 -0.97350972
v 3.57416309 -2.68161409 -0.97350972
v 3.95001955 -2.24191695 -0.66602067
v 3.95001955 -2.21154355 -0.76111583
v 3.57416309 -2.68161409 -0.97350972
v 3.95001955 -2.21154355 -0.76111583
v 3.57400589 -2.63861641 -1.08920252
v 3.57400589 -2.63861641 -1.08920252
v 3.95001955 -2.21154355 -0.76111583
v 3.95001955 -2.16115545 -0.89470483
v 3.57400589 -2.63861641 -1.08920252
v 3.95001955 -2.16115545 -0.89470483
v 3.57393585 -2.62061916 -1.13382367
v 3.57393585 -2.62061916 -1.13382367
v 3.95001955 -2.16115545 -0.89470483
v 3.95001955 -2.10254714 -1.02530364
v 3.57393585 -2.62061916 -1.13382367
v 3.95001955 -2.10254714 -1.02530364
v 3.57367583 -2.55090557 -1.29054254
v 3.57367583 -2.55090557 -1.29054254
v 3.95001955 -2.10254714 -1.02530364
v 3.57355140 -2.52151601 -1.35035748
v 3.57355140 -2.52151601 -1.35035748
v 3.95001955 -2.10254714 -1.02530364
v 3.95001955 -2.06668936 -1.09601030
v 3.57355140 -2.52151601 -1.35035748
v 3.95001955 -2.06668936 -1.09601030
v 3.57332788 -2.47265156 -1.44317951
v 3.57332788 -2.47265156 -1.44317951
v 3.95001955 -2.06668936 -1.09601030
v 3.95001955 -2.03555860 -1.15299160
v 3.57332788 -2.47265156 -1.44317951
v 3.95001955 -2.03555860 -1.15299160
v 3.57327200 -2.46080142 -1.46457432
v 3.57327200 -2.46080142 -1.46457432
v 3.95001955 -2.03555860 -1.15299160
v 3.95001955 -1.97124816 -1.26019074
v 3.57327200 -2.46080142 -1.46457432
v 3.95001955 -1.97124816 -1.26019074
v 3.57287712 -2.37877499 -1.60243846
v 3.57287712 -2.37877499 -1.60243846
v 3.95001955 -1.97124816 -1.26019074
v 3.95001955 -1.94803886 -1.29593154
v 3.57287712 -2.37877499 -1.60243846
v 3.95001955 -1.94803886 -1.29593154
v 3.57245840 -2.29025427 -1.73428040
v 3.57245840 -2.29025427 -1.73428040
v 3.95001955 -1.94803886 -1.29593154
v 3.95001955 -1.89098846 -1.37821194
v 3.57245840 -2.29025427 -1.73428040
v 3.95001955 -1.89098846 -1.37821194
v 3.57213877 -2.21669767 -1.83287840
v 3.57213877 -2.21669767 -1.83287840
v 3.95001955 -1.89098846 -1.37821194
v 3.95001955 -1.80381704 -1.49100702
v 3.57213877 -2.21669767 -1.83287840
v 3.95001955 -1.80381704 -1.49100702
v 3.57201733 -2.18647756 -1.87087245
v 3.57201733 -2.18647756 -1.87087245
v 3.95001955 -1.80381704 -1.49100702
v 3.57197039 -2.17422508 -1.88588928
v 3.57197039 -2.17422508 -1.88588928
v 3.95001955 -1.80381704 -1.49100702
v 3.95001955 -1.70984957 -1.59834642
v 3.57197039 -2.17422508 -1.88588928
v 3.95001955 -1.70984957 -1.59834642
v 3.57166044 -2.07427908 -2.00064369
v 3.57166044 -2.07427908 -2.00064369
v 3.95001955 -1.70984957 -1.59834642
v 3.57162394 -2.06126831 -2.01464687
v 3.57162394 -2.06126831 -2.01464687
v 3.95001955 -1.70984957 -1.59834642
v 3.95001955 -1.65468082 -1.65557805
v 3.57162394 -2.06126831 -2.01464687
v 3.95001955 -1.65468082 -1.65557805
v 3.57153304 -2.02944726 -2.04806682
v 3.57153304 -2.02944726 -2.04806682
v 3.95001955 -1.65468082 -1.65557805
v 3.57131176 -1.95397660 -2.12293882
v 3.57131176 -1.95397660 -2.12293882
v 3.95001955 -1.65468082 -1.65557805
v 3.95001955 -1.60910152 -1.70000903
v 3.57131176 -1.95397660 -2.12293882
v 3.95001955 -1.60910152 -1.70000903
v 3.57126556 -1.93742029 -2.13859081
v 3.57126556 -1.93742029 -2.13859081
v 3.95001955 -1.60910152 -1.70000903
v 3.95001955 -1.51204141 -1.78698897
v 3.57126556 -1.93742029 -2.13859081
v 3.95001955 -1.51204141 -1.78698897
v 3.57120596 -1.82590745 -2.23707538
v 3.57120596 -1.82590745 -2.23707538
v 3.95001955 -1.51204141 -1.78698897
v 3.57120447 -1.82003677 -2.24196613
v 3.57120447 -1.82003677 -2.24196613
v 3.95001955 -1.51204141 -1.78698897
v 3.95001955 -1.48250768 -1.81158315
v 3.57120447 -1.82003677 -2.24196613
v 3.95001955 -1.48250768 -1.81158315
v 3.57078649 -1.69127360 -2.34334450
v 3.57078649 -1.69127360 -2.34334450
v 3.95001955 -1.48250768 -1.81158315
v 3.95001955 -1.40080908 -1.87551305
v 3.57078649 -1.69127360 -2.34334450
v 3.95001955 -1.40080908 -1.87551305
v 3.57065760 -1.59165692 -2.41355300
v 3.95001955 -1.40080908 -1.87551305
v 3.95001955 -1.32583585 -1.92928687
v 3.57065760 -1.59165692 -2.41355300
v 3.57065760 -1.59165692 -2.41355300
v 3.95001955 -1.32583585 -1.92928687
v 3.95001955 -1.29559785 -1.94974449
v 3.57065760 -1.59165692 -2.41355300
v 3.95001955 -1.29559785 -1.94974449
v 3.57060917 -1.56074828 -2.43407115
v 3.57060917 -1.56074828 -2.43407115
v 3.95001955 -1.29559785 -1.94974449
v 3.95001955 -1.20594427 -2.00651623
v 3.57060917 -1.56074828 -2.43407115
v 3.95001955 -1.20594427 -2.00651623
v 3.57039981 -1.42628700 -2.51684822
v 3.57039981 -1.42628700 -2.51684822
v 3.95001955 -1.20594427 -2.00651623
v 3.57028954 -1.34682795 -2.56110281
v 3.95001955 -1.20594427 -2.00651623
v 3.95001955 -1.09592471 -2.06878539
v 3.57028954 -1.34682795 -2.56110281
v 3.57028954 -1.34682795 -2.56110281
v 3.95001955 -1.09592471 -2.06878539
v 3.95001955 -1.08177708 -2.07623504
v 3.57028954 -1.34682795 -2.56110281
v 3.95001955 -1.08177708 -2.07623504
v 3.57021876 -1.28805889 -2.59174183
v 3.57021876 -1.28805889 -2.59174183
v 3.95001955 -1.08177708 -2.07623504
v 3.95001955 -0.95361704 -2.13826504
v 3.57021876 -1.28805889 -2.59174183
v 3.95001955 -0.95361704 -2.13826504
v 3.57009210 -1.14620542 -2.65877042
v 3.57009210 -1.14620542 -2.65877042
v 3.95001955 -0.95361704 -2.13826504
v 3.57005708 -1.08850915 -2.68336069
v 3.57005708 -1.08850915 -2.68336069
v 3.95001955 -0.95361704 -2.13826504
v 3.95001955 -0.88547450 -2.16741245
v 3.57005708 -1.08850915 -2.68336069
v 3.95001955 -0.88547450 -2.16741245
v 3.56999896 -1.00084441 -2.71790400
v 3.56999896 -1.00084441 -2.71790400
v 3.95001955 -0.88547450 -2.16741245
v 3.95001955 -0.82155513 -2.19245125
v 3.56999896 -1.00084441 -2.71790400
v 3.95001955 -0.82155513 -2.19245125
v 3.56998406 -0.98211402 -2.72485409
v 3.56998406 -0.98211402 -2.72485409
v 3.95001955 -0.82155513 -2.19245125
v 3.95001955 -0.68537137 -2.23875251
v 3.56998406 -0.98211402 -2.72485409
v 3.95001955 -0.68537137 -2.23875251
v 3.56985964 -0.83663752 -2.77385265
v 3.56985964 -0.83663752 -2.77385265
v 3.95001955 -0.68537137 -2.23875251
v 3.56984474 -0.81926957 -2.77912561
v 3.56984474 -0.81926957 -2.77912561
v 3.95001955 -0.68537137 -2.23875251
v 3.95001955 -0.66623110 -2.24452056
v 3.56984474 -0.81926957 -2.77912561
v 3.95001955 -0.66623110 -2.24452056
v 3.56974117 -0.68387026 -2.81615406
v 3.56974117 -0.68387026 -2.81615406
v 3.95001955 -0.66623110 -2.24452056
v 3.95001955 -0.56497101 -2.27211732
v 3.56974117 -0.68387026 -2.81615406
v 3.95001955 -0.56497101 -2.27211732
v 3.56972478 -0.65857875 -2.82228310
v 3.56972478 -0.65857875 -2.82228310
v 3.95001955 -0.56497101 -2.27211732
v 3.95001955 -0.44037257 -2.29953360
v 3.56972478 -0.65857875 -2.82228310
v 3.95001955 -0.44037257 -2.29953360
v 3.56965698 -0.52987044 -2.84972936
v 3.56965698 -0.52987044 -2.84972936
v 3.95001955 -0.44037257 -2.29953360
v 3.95001955 -0.42565223 -2.30230745
v 3.56965698 -0.52987044 -2.84972936
v 3.95001955 -0.42565223 -2.30230745
v 3.56961153 -0.37478916 -2.87466850
v 3.56961153 -0.37478916 -2.87466850
v 3.95001955 -0.42565223 -2.30230745
v 3.95001955 -0.28473723 -2.32399330
v 3.56961153 -0.37478916 -2.87466850
v 3.95001955 -0.28473723 -2.32399330
v 3.56960408 -0.32578665 -2.88073756
v 3.56960408 -0.32578665 -2.88073756
v 3.95001955 -0.28473723 -2.32399330
v 3.95001955 -0.21020554 -2.33194251
v 3.56960408 -0.32578665 -2.88073756
v 3.95001955 -0.21020554 -2.33194251
v 3.56959663 -0.25856635 -2.88766585
v 3.56959663 -0.25856635 -2.88766585
v 3.95001955 -0.21020554 -2.33194251
v 3.56957279 -0.21880281 -2.89100781
v 3.56957279 -0.21880281 -2.89100781
v 3.95001955 -0.21020554 -2.33194251
v 3.95001955 -0.14373504 -2.33691353
v 3.56957279 -0.21880281 -2.89100781
v 3.95001955 -0.14373504 -2.33691353
v 3.56937535 -0.06227382 -2.89873872
v 3.56937535 -0.06227382 -2.89873872
v 3.95001955 -0.14373504 -2.33691353
v 3.95001359 -0.00009753 -2.34134961
v 3.56937535 -0.06227382 -2.89873872
v 3.95001359 -0.00009753 -2.34134961
v 3.56953852 -0.00003773 -2.89941914
v 3.75178941 1.57790892 -2.10200362
v 3.95001955 1.42735792 -1.85547508
v 3.95001955 1.48743531 -1.80547461
v 3.95001955 1.69412307 -1.37908747
v 3.95001955 1.71473771 -1.28836026
v 3.58135663 2.11550556 -1.50610870
v 3.58135663 2.11550556 -1.50610870
v 3.95001955 1.71473771 -1.28836026
v 3.95001955 1.72234215 -1.25067364
v 3.58135663 2.11550556 -1.50610870
v 3.95001955 1.72234215 -1.25067364
v 3.58109735 2.14285981 -1.35697946
v 3.58109735 2.14285981 -1.35697946
v 3.95001955 1.72234215 -1.25067364
v 3.95001955 1.73317753 -1.19227609
v 3.58109735 2.14285981 -1.35697946
v 3.95001955 1.73317753 -1.19227609
v 3.58107127 2.15073191 -1.30776512
v 3.95001955 1.73317753 -1.19227609
v 3.95001955 1.75082423 -1.08333407
v 3.58107127 2.15073191 -1.30776512
v 3.58107127 2.15073191 -1.30776512
v 3.95001955 1.75082423 -1.08333407
v 3.95001955 1.76265761 -0.99931154
v 3.58107127 2.15073191 -1.30776512
v 3.95001955 1.76265761 -0.99931154
v 3.58189531 2.18118802 -1.07732732
v 3.58189531 2.18118802 -1.07732732
v 3.95001955 1.76265761 -0.99931154
v 3.95001955 1.77675933 -0.88512357
v 3.58189531 2.18118802 -1.07732732
v 3.95001955 1.77675933 -0.88512357
v 3.58227454 2.18918137 -1.00293355
v 3.58227454 2.18918137 -1.00293355
v 3.95001955 1.77675933 -0.88512357
v 3.95001955 1.79695636 -0.67679440
v 3.58227454 2.18918137 -1.00293355
v 3.95001955 1.79695636 -0.67679440
v 3.58302034 2.20643431 -0.81216032
v 3.58302034 2.20643431 -0.81216032
v 3.95001955 1.79695636 -0.67679440
v 3.95001955 1.80828273 -0.51302067
v 3.58302034 2.20643431 -0.81216032
v 3.95001955 1.80828273 -0.51302067
v 3.58329751 2.22395826 -0.54013031
v 3.58329751 2.22395826 -0.54013031
v 3.95001955 1.80828273 -0.51302067
v 3.95001955 1.81886293 -0.25967415
v 3.58329751 2.22395826 -0.54013031
v 3.95001955 1.81886293 -0.25967415
v 3.58307920 2.23430246 -0.24336041
v 3.58307920 2.23430246 -0.24336041
v 3.95001955 1.81886293 -0.25967415
v 3.95001955 1.82213988 0.00033700
v 3.58307920 2.23430246 -0.24336041
v 3.95001955 1.82213988 0.00033700
v 3.58294435 2.23648213 0.00041310
v 3.57802026 2.00155713 -1.92519445
v 3.95001955 1.67123526 -1.46422917
v 3.57896201 2.03934424 -1.81544945
v 3.57896201 2.03934424 -1.81544945
v 3.95001955 1.67123526 -1.46422917
v 3.95001955 1.69412307 -1.37908747
v 3.57896201 2.03934424 -1.81544945
v 3.95001955 1.69412307 -1.37908747
v 3.57832350 2.07300950 -1.69835668
v 3.57832350 2.07300950 -1.69835668
v 3.95001955 1.69412307 -1.37908747
v 3.58135663 2.11550556 -1.50610870
v 3.57545577 1.90482736 -2.12406646
v 3.95001955 1.57358516 -1.70000885
v 3.57654653 1.94360670 -2.05601323
v 3.57654653 1.94360670 -2.05601323
v 3.95001955 1.57358516 -1.70000885
v 3.95001955 1.58290304 -1.68434456
v 3.57654653 1.94360670 -2.05601323
v 3.95001955 1.58290304 -1.68434456
v 3.57747413 1.97824202 -1.98258683
v 3.57747413 1.97824202 -1.98258683
v 3.95001955 1.58290304 -1.68434456
v 3.95001955 1.61685124 -1.61702968
v 3.57747413 1.97824202 -1.98258683
v 3.95001955 1.61685124 -1.61702968
v 3.57802026 2.00155713 -1.92519445
v 3.57802026 2.00155713 -1.92519445
v 3.95001955 1.61685124 -1.61702968
v 3.95001955 1.64588094 -1.54357990
v 3.57802026 2.00155713 -1.92519445
v 3.95001955 1.64588094 -1.54357990
v 3.95001955 1.67123526 -1.46422917
v 3.57214473 1.75354835 -2.29503643
v 3.57179306 1.70664582 -2.33192258
v 3.75178941 1.57790892 -2.10200362
v 3.57545577 1.90482736 -2.12406646
v 3.57531272 1.89928468 -2.13271175
v 3.95001955 1.57358516 -1.70000885
v 3.95001955 1.57358516 -1.70000885
v 3.57531272 1.89928468 -2.13271175
v 3.57436128 1.86070483 -2.18656287
v 3.95001955 1.57358516 -1.70000885
v 3.57436128 1.86070483 -2.18656287
v 3.95001955 1.53402854 -1.75590701
v 3.95001955 1.53402854 -1.75590701
v 3.57436128 1.86070483 -2.18656287
v 3.57388444 1.83891393 -2.21274216
v 3.95001955 1.53402854 -1.75590701
v 3.57388444 1.83891393 -2.21274216
v 3.95001955 1.48743531 -1.80547461
v 3.95001955 1.48743531 -1.80547461
v 3.57388444 1.83891393 -2.21274216
v 3.57341729 1.81568284 -2.23788824
v 3.95001955 1.48743531 -1.80547461
v 3.57341729 1.81568284 -2.23788824
v 3.75178941 1.57790892 -2.10200362
v 3.75178941 1.57790892 -2.10200362
v 3.57341729 1.81568284 -2.23788824
v 3.57258506 1.77706238 -2.27480438
v 3.75178941 1.57790892 -2.10200362
v 3.57258506 1.77706238 -2.27480438
v 3.57214473 1.75354835 -2.29503643
v 1.97173413 1.64925661 -2.37373691
v 0.00001166 1.64926555 -2.37373058
v 0.00001092 1.51104787 -2.46587005
v 2.07316335 -1.65107455 -2.37244591
v 2.16901582 -1.65752582 -2.36784723
v 3.57060917 -1.56074828 -2.43407115
v 2.07316335 -1.65107455 -2.37244591
v 3.57060917 -1.56074828 -2.43407115
v 1.97368842 -1.64924562 -2.37374473
v 0.00000570 -1.64926574 -2.37373039
v 0.92999982 -1.64925717 -2.37373635
v 0.00000570 -1.61886681 -2.39500441
v 0.00000570 -1.61886681 -2.39500441
v 0.92999982 -1.64925717 -2.37373635
v 1.97368842 -1.64924562 -2.37374473
v 0.00000570 -1.61886681 -2.39500441
v 1.97368842 -1.64924562 -2.37374473
v 0.00000570 -1.48690725 -2.48079877
v 2.16901582 -1.65752582 -2.36784723
v 2.26164665 -1.66958664 -2.35917680
v 3.57060917 -1.56074828 -2.43407115
v 3.57060917 -1.56074828 -2.43407115
v 2.26164665 -1.66958664 -2.35917680
v 2.35114824 -1.68775357 -2.34593563
v 3.57060917 -1.56074828 -2.43407115
v 2.35114824 -1.68775357 -2.34593563
v 3.57065760 -1.59165692 -2.41355300
v 3.57065760 -1.59165692 -2.41355300
v 2.35114824 -1.68775357 -2.34593563
v 2.36530062 -1.69127472 -2.34334376
v 3.57065760 -1.59165692 -2.41355300
v 2.36530062 -1.69127472 -2.34334376
v 3.57078649 -1.69127360 -2.34334450
v 1.97368842 -1.64924562 -2.37374473
v 3.57060917 -1.56074828 -2.43407115
v 0.00000570 -1.48690725 -2.48079877
v 0.00000570 -1.48690725 -2.48079877
v 3.57060917 -1.56074828 -2.43407115
v 3.57039981 -1.42628700 -2.51684822
v 0.00000570 -1.48690725 -2.48079877
v 3.57039981 -1.42628700 -2.51684822
v 0.00000496 -1.34271253 -2.56330520
v 0.00000496 -1.34271253 -2.56330520
v 3.57039981 -1.42628700 -2.51684822
v 3.57028954 -1.34682795 -2.56110281
v 0.00000496 -1.34271253 -2.56330520
v 3.57028954 -1.34682795 -2.56110281
v 0.00000496 -1.29184499 -2.58982014
v 0.00000496 -1.29184499 -2.58982014
v 3.57028954 -1.34682795 -2.56110281
v 3.57021876 -1.28805889 -2.59174183
v 0.00000496 -1.29184499 -2.58982014
v 3.57021876 -1.28805889 -2.59174183
v 0.00000496 -1.19395545 -2.63726972
v 3.57021876 -1.28805889 -2.59174183
v 3.57009210 -1.14620542 -2.65877042
v 0.00000496 -1.19395545 -2.63726972
v 0.00000496 -1.19395545 -2.63726972
v 3.57009210 -1.14620542 -2.65877042
v 3.57005708 -1.08850915 -2.68336069
v 0.00000496 -1.19395545 -2.63726972
v 3.57005708 -1.08850915 -2.68336069
v 0.00000496 -1.04114134 -2.70244107
v 0.00000496 -1.04114134 -2.70244107
v 3.57005708 -1.08850915 -2.68336069
v 3.56999896 -1.00084441 -2.71790400
v 0.00000496 -1.04114134 -2.70244107
v 3.56999896 -1.00084441 -2.71790400
v 0.00000496 -0.98211402 -2.72485409
v 0.00000496 -0.98211402 -2.72485409
v 3.56999896 -1.00084441 -2.71790400
v 3.56998406 -0.98211402 -2.72485409
v 0.00000496 -0.98211402 -2.72485409
v 3.56998406 -0.98211402 -2.72485409
v 0.00000496 -0.88478960 -2.75859758
v 0.00000496 -0.88478960 -2.75859758
v 3.56998406 -0.98211402 -2.72485409
v 3.56985964 -0.83663752 -2.77385265
v 0.00000496 -0.88478960 -2.75859758
v 3.56985964 -0.83663752 -2.77385265
v 0.00000496 -0.81891157 -2.77923308
v 0.00000496 -0.81891157 -2.77923308
v 3.56985964 -0.83663752 -2.77385265
v 3.56984474 -0.81926957 -2.77912561
v 0.00000496 -0.81891157 -2.77923308
v 3.56984474 -0.81926957 -2.77912561
v 0.00000496 -0.72543146 -2.80554872
v 0.00000496 -0.72543146 -2.80554872
v 3.56984474 -0.81926957 -2.77912561
v 3.56974117 -0.68387026 -2.81615406
v 0.00000496 -0.72543146 -2.80554872
v 3.56974117 -0.68387026 -2.81615406
v 0.00000496 -0.65857871 -2.82228310
v 0.00000496 -0.65857871 -2.82228310
v 3.56974117 -0.68387026 -2.81615406
v 3.56972478 -0.65857875 -2.82228310
v 0.00000496 -0.65857871 -2.82228310
v 3.56972478 -0.65857875 -2.82228310
v 0.00000496 -0.56360830 -2.84313466
v 0.00000496 -0.56360830 -2.84313466
v 3.56972478 -0.65857875 -2.82228310
v 3.56965698 -0.52987044 -2.84972936
v 0.00000496 -0.56360830 -2.84313466
v 3.56965698 -0.52987044 -2.84972936
v 0.00000496 -0.39987010 -2.87122782
v 0.00000496 -0.39987010 -2.87122782
v 3.56965698 -0.52987044 -2.84972936
v 3.56961153 -0.37478916 -2.87466850
v 0.00000496 -0.39987010 -2.87122782
v 3.56961153 -0.37478916 -2.87466850
v 0.00000570 -0.32578665 -2.88073756
v 3.56961153 -0.37478916 -2.87466850
v 3.56960408 -0.32578665 -2.88073756
v 0.00000570 -0.32578665 -2.88073756
v 0.00000570 -0.32578665 -2.88073756
v 3.56960408 -0.32578665 -2.88073756
v 3.56959663 -0.25856635 -2.88766585
v 0.00000570 -0.32578665 -2.88073756
v 3.56959663 -0.25856635 -2.88766585
v 0.00000570 -0.23477315 -2.88973283
v 0.00000570 -0.23477315 -2.88973283
v 3.56959663 -0.25856635 -2.88766585
v 3.56957279 -0.21880281 -2.89100781
v 0.00000570 -0.23477315 -2.88973283
v 3.56957279 -0.21880281 -2.89100781
v 0.00000570 -0.11862596 -2.89694946
v 0.00000570 -0.11862596 -2.89694946
v 3.56957279 -0.21880281 -2.89100781
v 3.56937535 -0.06227382 -2.89873872
v 0.00000570 -0.11862596 -2.89694946
v 3.56937535 -0.06227382 -2.89873872
v 0.00000570 -0.06887850 -2.89858673
v 0.00000570 -0.06887850 -2.89858673
v 3.56937535 -0.06227382 -2.89873872
v 0.00000570 0.01158455 -2.89939567
v 0.00000570 0.01158455 -2.89939567
v 3.56937535 -0.06227382 -2.89873872
v 3.56953852 -0.00003773 -2.89941914
v 0.00000570 0.01158455 -2.89939567
v 3.56953852 -0.00003773 -2.89941914
v 0.00000645 0.09725021 -2.89775953
v 0.00000645 0.09725021 -2.89775953
v 3.56953852 -0.00003773 -2.89941914
v 3.56962495 0.15750122 -2.89506391
v 0.00000645 0.09725021 -2.89775953
v 3.56962495 0.15750122 -2.89506391
v 0.00000645 0.26304848 -2.88725384
v 0.00000645 0.26304848 -2.88725384
v 3.56962495 0.15750122 -2.89506391
v 3.56975086 0.31428707 -2.88203713
v 0.00000645 0.26304848 -2.88725384
v 3.56975086 0.31428707 -2.88203713
v 0.00000645 0.34879295 -2.87799537
v 0.00000645 0.34879295 -2.87799537
v 3.56975086 0.31428707 -2.88203713
v 3.56978066 0.34879295 -2.87799537
v 0.00000645 0.34879295 -2.87799537
v 3.56978066 0.34879295 -2.87799537
v 0.00000719 0.42795292 -2.86710560
v 3.56978066 0.34879295 -2.87799537
v 3.56988497 0.45245248 -2.86327545
v 0.00000719 0.42795292 -2.86710560
v 0.00000719 0.42795292 -2.86710560
v 3.56988497 0.45245248 -2.86327545
v 3.56990658 0.47159470 -2.86013056
v 0.00000719 0.42795292 -2.86710560
v 3.56990658 0.47159470 -2.86013056
v 0.00000719 0.59140325 -2.83738300
v 0.00000719 0.59140325 -2.83738300
v 3.56990658 0.47159470 -2.86013056
v 3.57010998 0.62626987 -2.82975845
v 0.00000719 0.59140325 -2.83738300
v 3.57010998 0.62626987 -2.82975845
v 0.00000794 0.68109878 -2.81683765
v 0.00000794 0.68109878 -2.81683765
v 3.57010998 0.62626987 -2.82975845
v 3.57019268 0.68109878 -2.81683765
v 0.00000794 0.68109878 -2.81683765
v 3.57019268 0.68109878 -2.81683765
v 0.00000794 0.75284401 -2.79818736
v 0.00000794 0.75284401 -2.79818736
v 3.57019268 0.68109878 -2.81683765
v 3.57034914 0.77873841 -2.79096384
v 3.57118584 1.31245432 -2.57923417
v 0.00000943 1.26010682 -2.60571167
v 3.57103981 1.22297667 -2.62368191
v 3.57103981 1.22297667 -2.62368191
v 0.00000943 1.26010682 -2.60571167
v 0.00000943 1.21966889 -2.62525063
v 3.57103981 1.22297667 -2.62368191
v 0.00000943 1.21966889 -2.62525063
v 3.57081853 1.07869366 -2.68739574
v 3.57081853 1.07869366 -2.68739574
v 0.00000943 1.21966889 -2.62525063
v 0.00000868 1.06751146 -2.69194059
v 3.57081853 1.07869366 -2.68739574
v 0.00000868 1.06751146 -2.69194059
v 3.57070677 1.00383135 -2.71678176
v 3.57070677 1.00383135 -2.71678176
v 0.00000868 1.06751146 -2.69194059
v 0.00000868 1.00383135 -2.71678176
v 3.57070677 1.00383135 -2.71678176
v 0.00000868 1.00383135 -2.71678176
v 3.57059501 0.93022119 -2.74333619
v 3.57059501 0.93022119 -2.74333619
v 0.00000868 1.00383135 -2.71678176
v 0.00000868 0.91172671 -2.74965148
v 3.57059501 0.93022119 -2.74333619
v 0.00000868 0.91172671 -2.74965148
v 3.57034914 0.77873841 -2.79096384
v 3.57034914 0.77873841 -2.79096384
v 0.00000868 0.91172671 -2.74965148
v 0.00000794 0.81891138 -2.77923327
v 3.57034914 0.77873841 -2.79096384
v 0.00000794 0.81891138 -2.77923327
v 0.00000794 0.75284401 -2.79818736
v 2.53209379 1.70380212 -2.33405456
v 2.41645630 1.70369074 -2.33413763
v 2.31237467 1.67985056 -2.35172287
v 3.57166119 1.63001213 -2.38727313
v 3.57179306 1.70664582 -2.33192258
v 2.88651492 1.70962960 -2.32969709
v 2.88651492 1.70962960 -2.32969709
v 2.62783375 1.70910843 -2.33008005
v 3.57166119 1.63001213 -2.38727313
v 3.57166119 1.63001213 -2.38727313
v 2.62783375 1.70910843 -2.33008005
v 2.60189977 1.70674045 -2.33186036
v 3.57166119 1.63001213 -2.38727313
v 2.60189977 1.70674045 -2.33186036
v 3.57150324 1.49873542 -2.47352570
v 3.57150324 1.49873542 -2.47352570
v 2.60189977 1.70674045 -2.33186036
v 2.53209379 1.70380212 -2.33405456
v 2.14970615 1.65707879 -2.36816667
v 2.08622646 1.65240746 -2.37149801
v 3.57150324 1.49873542 -2.47352570
v 2.53209379 1.70380212 -2.33405456
v 2.31237467 1.67985056 -2.35172287
v 3.57150324 1.49873542 -2.47352570
v 3.57150324 1.49873542 -2.47352570
v 2.31237467 1.67985056 -2.35172287
v 2.20274683 1.66272111 -2.36412417
v 3.57150324 1.49873542 -2.47352570
v 2.20274683 1.66272111 -2.36412417
v 2.14970615 1.65707879 -2.36816667
v 2.08622646 1.65240746 -2.37149801
v 1.97173413 1.64925661 -2.37373691
v 3.57150324 1.49873542 -2.47352570
v 3.57150324 1.49873542 -2.47352570
v 1.97173413 1.64925661 -2.37373691
v 0.00001092 1.51104787 -2.46587005
v 3.57150324 1.49873542 -2.47352570
v 0.00001092 1.51104787 -2.46587005
v 3.57127078 1.36301732 -2.55235434
v 3.57127078 1.36301732 -2.55235434
v 0.00001092 1.51104787 -2.46587005
v 0.00001017 1.36768203 -2.54980847
v 3.57127078 1.36301732 -2.55235434
v 0.00001017 1.36768203 -2.54980847
v 3.57118584 1.31245432 -2.57923417
v 3.57118584 1.31245432 -2.57923417
v 0.00001017 1.36768203 -2.54980847
v 0.00001017 1.31245432 -2.57923417
v 3.57118584 1.31245432 -2.57923417
v 0.00001017 1.31245432 -2.57923417
v 0.00000943 1.26010682 -2.60571167
v 3.75178941 1.57790892 -2.10200362
v 3.57179306 1.70664582 -2.33192258
v 3.57166119 1.63001213 -2.38727313
v 3.95001955 1.42735792 -1.85547508
v 3.75178941 1.57790892 -2.10200362
v 3.95001955 1.31096868 -1.93959139
v 3.95001955 1.31096868 -1.93959139
v 3.75178941 1.57790892 -2.10200362
v 3.57166119 1.63001213 -2.38727313
v 3.95001955 1.31096868 -1.93959139
v 3.57166119 1.63001213 -2.38727313
v 3.95001955 1.27657345 -1.96243189
v 3.95001955 1.27657345 -1.96243189
v 3.57166119 1.63001213 -2.38727313
v 3.57150324 1.49873542 -2.47352570
v 3.95001955 1.27657345 -1.96243189
v 3.57150324 1.49873542 -2.47352570
v 3.95001955 1.19055994 -2.01581791
v 3.95001955 1.19055994 -2.01581791
v 3.57150324 1.49873542 -2.47352570
v 3.57127078 1.36301732 -2.55235434
v 3.95001955 1.19055994 -2.01581791
v 3.57127078 1.36301732 -2.55235434
v 3.95001955 1.06586441 -2.08450388
v 3.57127078 1.36301732 -2.55235434
v 3.57118584 1.31245432 -2.57923417
v 3.95001955 1.06586441 -2.08450388
v 3.95001955 1.06586441 -2.08450388
v 3.57118584 1.31245432 -2.57923417
v 3.57103981 1.22297667 -2.62368191
v 3.95001955 1.06586441 -2.08450388
v 3.57103981 1.22297667 -2.62368191
v 3.95001955 0.93731657 -2.14546155
v 3.95001955 0.93731657 -2.14546155
v 3.57103981 1.22297667 -2.62368191
v 3.57081853 1.07869366 -2.68739574
v 3.95001955 0.93731657 -2.14546155
v 3.57081853 1.07869366 -2.68739574
v 3.95001955 0.82322760 -2.19184086
v 3.95001955 0.82322760 -2.19184086
v 3.57081853 1.07869366 -2.68739574
v 3.57070677 1.00383135 -2.71678176
v 3.95001955 0.82322760 -2.19184086
v 3.57070677 1.00383135 -2.71678176
v 3.95001955 0.75393636 -2.21665781
v 3.95001955 0.75393636 -2.21665781
v 3.57070677 1.00383135 -2.71678176
v 3.57059501 0.93022119 -2.74333619
v 3.95001955 0.75393636 -2.21665781
v 3.57059501 0.93022119 -2.74333619
v 3.95001955 0.68829996 -2.23791730
v 3.95001955 0.68829996 -2.23791730
v 3.57059501 0.93022119 -2.74333619
v 3.57034914 0.77873841 -2.79096384
v 3.95001955 0.68829996 -2.23791730
v 3.57034914 0.77873841 -2.79096384
v 3.95001955 0.55087837 -2.27563810
v 3.95001955 0.14205009 -2.33707856
v 3.95001955 0.28380374 -2.32411474
v 3.56975086 0.31428707 -2.88203713
v 3.57034914 0.77873841 -2.79096384
v 3.57019268 0.68109878 -2.81683765
v 3.95001955 0.55087837 -2.27563810
v 3.95001955 0.55087837 -2.27563810
v 3.57019268 0.68109878 -2.81683765
v 3.57010998 0.62626987 -2.82975845
v 3.95001955 0.55087837 -2.27563810
v 3.57010998 0.62626987 -2.82975845
v 3.95001955 0.42504971 -2.30245814
v 3.95001955 0.42504971 -2.30245814
v 3.57010998 0.62626987 -2.82975845
v 3.56990658 0.47159470 -2.86013056
v 3.95001955 0.42504971 -2.30245814
v 3.56990658 0.47159470 -2.86013056
v 3.95001955 0.37748110 -2.31073648
v 3.95001955 0.37748110 -2.31073648
v 3.56990658 0.47159470 -2.86013056
v 3.56988497 0.45245248 -2.86327545
v 3.95001955 0.37748110 -2.31073648
v 3.56988497 0.45245248 -2.86327545
v 3.95001955 0.28380374 -2.32411474
v 3.95001955 0.28380374 -2.32411474
v 3.56988497 0.45245248 -2.86327545
v 3.56978066 0.34879295 -2.87799537
v 3.95001955 0.28380374 -2.32411474
v 3.56978066 0.34879295 -2.87799537
v 3.56975086 0.31428707 -2.88203713
v 3.56975086 0.31428707 -2.88203713
v 3.56962495 0.15750122 -2.89506391
v 3.95001955 0.14205009 -2.33707856
v 3.95001955 0.14205009 -2.33707856
v 3.56962495 0.15750122 -2.89506391
v 3.56953852 -0.00003773 -2.89941914
v 3.95001955 0.14205009 -2.33707856
v 3.56953852 -0.00003773 -2.89941914
v 3.95001359 -0.00009753 -2.34134961
v 3.57454009 -2.83812415 -0.25757658
v 3.57450061 -2.83020437 -0.33321632
v 2.96195801 -2.83239186 -0.31416253
v 2.96195801 -2.83239186 -0.31416253
v 3.57450061 -2.83020437 -0.33321632
v 2.96194162 -2.82594431 -0.36748468
v 3.57245840 -2.29025427 -1.73428040
v 3.57213877 -2.21669767 -1.83287840
v 2.95787659 -2.20541991 -1.84720177
v 3.57213877 -2.21669767 -1.83287840
v 3.57201733 -2.18647756 -1.87087245
v 2.95787659 -2.20541991 -1.84720177
v 2.95787659 -2.20541991 -1.84720177
v 3.57201733 -2.18647756 -1.87087245
v 3.57197039 -2.17422508 -1.88588928
v 2.95787659 -2.20541991 -1.84720177
v 3.57197039 -2.17422508 -1.88588928
v 2.94166859 -2.15012711 -1.91477742
v 2.94166859 -2.15012711 -1.91477742
v 3.57197039 -2.17422508 -1.88588928
v 2.91811656 -2.09462699 -1.97832417
v 3.57126556 -1.93742029 -2.13859081
v 2.80482825 -1.93567108 -2.14022491
v 2.84955706 -1.98704880 -2.09085345
v 3.57197039 -2.17422508 -1.88588928
v 3.57166044 -2.07427908 -2.00064369
v 2.91811656 -2.09462699 -1.97832417
v 2.91811656 -2.09462699 -1.97832417
v 3.57166044 -2.07427908 -2.00064369
v 3.57162394 -2.06126831 -2.01464687
v 2.91811656 -2.09462699 -1.97832417
v 3.57162394 -2.06126831 -2.01464687
v 2.88738217 -2.04019826 -2.03689728
v 2.88738217 -2.04019826 -2.03689728
v 3.57162394 -2.06126831 -2.01464687
v 3.57153304 -2.02944726 -2.04806682
v 2.88738217 -2.04019826 -2.03689728
v 3.57153304 -2.02944726 -2.04806682
v 2.84955706 -1.98704880 -2.09085345
v 2.84955706 -1.98704880 -2.09085345
v 3.57153304 -2.02944726 -2.04806682
v 3.57131176 -1.95397660 -2.12293882
v 2.84955706 -1.98704880 -2.09085345
v 3.57131176 -1.95397660 -2.12293882
v 3.57126556 -1.93742029 -2.13859081
v 2.67654043 -1.82809439 -2.23524608
v 2.70211082 -1.84601732 -2.22011842
v 3.57120447 -1.82003677 -2.24196613
v 3.57120447 -1.82003677 -2.24196613
v 2.70211082 -1.84601732 -2.22011842
v 2.73604523 -1.87220778 -2.19753943
v 3.57120447 -1.82003677 -2.24196613
v 2.73604523 -1.87220778 -2.19753943
v 2.78964248 -1.92026421 -2.15450544
v 2.80482825 -1.93567108 -2.14022491
v 3.57126556 -1.93742029 -2.13859081
v 2.78964248 -1.92026421 -2.15450544
v 2.78964248 -1.92026421 -2.15450544
v 3.57126556 -1.93742029 -2.13859081
v 3.57120596 -1.82590745 -2.23707538
v 2.78964248 -1.92026421 -2.15450544
v 3.57120596 -1.82590745 -2.23707538
v 3.57120447 -1.82003677 -2.24196613
v 3.57078649 -1.69127360 -2.34334450
v 2.36530062 -1.69127472 -2.34334376
v 2.42998507 -1.70997232 -2.32922696
v 2.42998507 -1.70997232 -2.32922696
v 2.51012575 -1.73943117 -2.30663978
v 3.57078649 -1.69127360 -2.34334450
v 3.57078649 -1.69127360 -2.34334450
v 2.51012575 -1.73943117 -2.30663978
v 2.58585121 -1.77454762 -2.27900725
v 3.57078649 -1.69127360 -2.34334450
v 2.58585121 -1.77454762 -2.27900725
v 3.57120447 -1.82003677 -2.24196613
v 3.57120447 -1.82003677 -2.24196613
v 2.58585121 -1.77454762 -2.27900725
v 2.61042397 -1.78768933 -2.26845630
v 3.57120447 -1.82003677 -2.24196613
v 2.61042397 -1.78768933 -2.26845630
v 2.67654043 -1.82809439 -2.23524608
v 2.95787659 -2.20541991 -1.84720177
v 2.96720769 -2.26014070 -1.77572425
v 3.57245840 -2.29025427 -1.73428040
v 3.57245840 -2.29025427 -1.73428040
v 2.96720769 -2.26014070 -1.77572425
v 2.97086146 -2.31425315 -1.70001220
v 3.57245840 -2.29025427 -1.73428040
v 2.97086146 -2.31425315 -1.70001220
v 3.57287712 -2.37877499 -1.60243846
v 3.57287712 -2.37877499 -1.60243846
v 2.97086146 -2.31425315 -1.70001220
v 2.96972375 -2.40040980 -1.56765413
v 3.57287712 -2.37877499 -1.60243846
v 2.96972375 -2.40040980 -1.56765413
v 3.57327200 -2.46080142 -1.46457432
v 3.57327200 -2.46080142 -1.46457432
v 2.96972375 -2.40040980 -1.56765413
v 2.96913814 -2.42359322 -1.52917914
v 3.57327200 -2.46080142 -1.46457432
v 2.96913814 -2.42359322 -1.52917914
v 3.57332788 -2.47265156 -1.44317951
v 3.57332788 -2.47265156 -1.44317951
v 2.96913814 -2.42359322 -1.52917914
v 2.96788197 -2.47863978 -1.43216802
v 3.57332788 -2.47265156 -1.44317951
v 2.96788197 -2.47863978 -1.43216802
v 3.57355140 -2.52151601 -1.35035748
v 3.57355140 -2.52151601 -1.35035748
v 2.96788197 -2.47863978 -1.43216802
v 2.96622198 -2.55087297 -1.29056294
v 3.57355140 -2.52151601 -1.35035748
v 2.96622198 -2.55087297 -1.29056294
v 3.57367583 -2.55090557 -1.29054254
v 3.57367583 -2.55090557 -1.29054254
v 2.96622198 -2.55087297 -1.29056294
v 2.96503212 -2.60590743 -1.16884690
v 3.57367583 -2.55090557 -1.29054254
v 2.96503212 -2.60590743 -1.16884690
v 3.57393585 -2.62061916 -1.13382367
v 3.57393585 -2.62061916 -1.13382367
v 2.96503212 -2.60590743 -1.16884690
v 3.57400589 -2.63861641 -1.08920252
v 3.57400589 -2.63861641 -1.08920252
v 2.96503212 -2.60590743 -1.16884690
v 2.96457615 -2.62840614 -1.11471256
v 3.57400589 -2.63861641 -1.08920252
v 2.96457615 -2.62840614 -1.11471256
v 3.57416309 -2.68161409 -0.97350972
v 2.96457615 -2.62840614 -1.11471256
v 2.96385344 -2.66645551 -1.01588173
v 3.57416309 -2.68161409 -0.97350972
v 3.57416309 -2.68161409 -0.97350972
v 2.96385344 -2.66645551 -1.01588173
v 2.96297278 -2.71878541 -0.86004594
v 3.57416309 -2.68161409 -0.97350972
v 2.96297278 -2.71878541 -0.86004594
v 3.57431211 -2.73364950 -0.81006661
v 3.57431211 -2.73364950 -0.81006661
v 2.96297278 -2.71878541 -0.86004594
v 2.96289083 -2.72422712 -0.84209396
v 3.57431211 -2.73364950 -0.81006661
v 2.96289083 -2.72422712 -0.84209396
v 2.96232831 -2.76681446 -0.68497830
v 2.96194162 -2.82594431 -0.36748468
v 3.57450061 -2.83020437 -0.33321632
v 2.96195503 -2.81419624 -0.44875047
v 2.96195503 -2.81419624 -0.44875047
v 3.57450061 -2.83020437 -0.33321632
v 3.57445516 -2.80755907 -0.48877974
v 2.96195503 -2.81419624 -0.44875047
v 3.57445516 -2.80755907 -0.48877974
v 2.96202209 -2.80074496 -0.52670129
v 2.96202209 -2.80074496 -0.52670129
v 3.57445516 -2.80755907 -0.48877974
v 3.57443877 -2.79818047 -0.54031112
v 2.96202209 -2.80074496 -0.52670129
v 3.57443877 -2.79818047 -0.54031112
v 2.96232831 -2.76681446 -0.68497830
v 2.96232831 -2.76681446 -0.68497830
v 3.57443877 -2.79818047 -0.54031112
v 3.57440151 -2.77646799 -0.64396877
v 2.96232831 -2.76681446 -0.68497830
v 3.57440151 -2.77646799 -0.64396877
v 3.57431211 -2.73364950 -0.81006661
v 3.57454009 -2.83812415 -0.25757658
v 2.96195801 -2.83239186 -0.31416253
v 3.57459150 -2.84431521 -0.17735809
v 3.57459150 -2.84431521 -0.17735809
v 2.96195801 -2.83239186 -0.31416253
v 2.96203624 -2.84554623 -0.15669705
v 3.57459150 -2.84431521 -0.17735809
v 2.96203624 -2.84554623 -0.15669705
v 3.57464291 -2.84990445 -0.02181227
v 3.57464291 -2.84990445 -0.02181227
v 2.96203624 -2.84554623 -0.15669705
v 2.96215769 -2.84999833 0.00018910
v 3.57464291 -2.84990445 -0.02181227
v 2.96215769 -2.84999833 0.00018910
v 3.57465036 -2.84999944 0.00026134
v 3.57832350 2.07300950 -1.69835668
v 3.36992927 2.07211934 -1.69867817
v 3.57896201 2.03934424 -1.81544945
v 3.57896201 2.03934424 -1.81544945
v 3.36992927 2.07211934 -1.69867817
v 3.57802026 2.00155713 -1.92519445
v 3.57802026 2.00155713 -1.92519445
v 2.99645495 2.01411843 -1.88364331
v 3.57747413 1.97824202 -1.98258683
v 3.57747413 1.97824202 -1.98258683
v 2.99645495 2.01411843 -1.88364331
v 2.99661290 1.97725985 -1.97416358
v 3.57747413 1.97824202 -1.98258683
v 2.99661290 1.97725985 -1.97416358
v 3.57654653 1.94360670 -2.05601323
v 3.57654653 1.94360670 -2.05601323
v 2.99709868 1.93493012 -2.06051916
v 3.57545577 1.90482736 -2.12406646
v 3.57545577 1.90482736 -2.12406646
v 2.99709868 1.93493012 -2.06051916
v 2.99770143 1.88710261 -2.14066599
v 3.57545577 1.90482736 -2.12406646
v 2.99770143 1.88710261 -2.14066599
v 3.57531272 1.89928468 -2.13271175
v 3.57531272 1.89928468 -2.13271175
v 2.99770143 1.88710261 -2.14066599
v 3.57436128 1.86070483 -2.18656287
v 3.57436128 1.86070483 -2.18656287
v 2.99770143 1.88710261 -2.14066599
v 2.99792867 1.83349233 -2.21270397
v 3.57436128 1.86070483 -2.18656287
v 2.99792867 1.83349233 -2.21270397
v 3.57388444 1.83891393 -2.21274216
v 2.99783032 1.77323986 -2.27636043
v 3.57258506 1.77706238 -2.27480438
v 3.57341729 1.81568284 -2.23788824
v 2.88651492 1.70962960 -2.32969709
v 3.57179306 1.70664582 -2.33192258
v 2.99783032 1.77323986 -2.27636043
v 2.99783032 1.77323986 -2.27636043
v 3.57179306 1.70664582 -2.33192258
v 3.57214473 1.75354835 -2.29503643
v 2.99783032 1.77323986 -2.27636043
v 3.57214473 1.75354835 -2.29503643
v 3.57258506 1.77706238 -2.27480438
v 2.62783375 1.70910843 -2.33008005
v 2.70046052 1.77408122 -2.27598231
v 2.62472983 1.77788865 -2.27207132
v 2.62783375 1.70910843 -2.33008005
v 2.62472983 1.77788865 -2.27207132
v 2.60189977 1.70674045 -2.33186036
v 2.60189977 1.70674045 -2.33186036
v 2.62472983 1.77788865 -2.27207132
v 2.55110767 1.74716655 -2.29987316
v 2.60189977 1.70674045 -2.33186036
v 2.55110767 1.74716655 -2.29987316
v 2.53209379 1.70380212 -2.33405456
v 2.53209379 1.70380212 -2.33405456
v 2.55110767 1.74716655 -2.29987316
v 2.48165634 1.72284320 -2.31979638
v 2.53209379 1.70380212 -2.33405456
v 2.48165634 1.72284320 -2.31979638
v 2.41645630 1.70369074 -2.33413763
v 2.62783375 1.70910843 -2.33008005
v 2.88651492 1.70962960 -2.32969709
v 2.70046052 1.77408122 -2.27598231
v 2.70046052 1.77408122 -2.27598231
v 2.88651492 1.70962960 -2.32969709
v 2.99783032 1.77323986 -2.27636043
v 2.70046052 1.77408122 -2.27598231
v 2.99783032 1.77323986 -2.27636043
v 2.99792867 1.83349233 -2.21270397
v 2.99792867 1.83349233 -2.21270397
v 2.99783032 1.77323986 -2.27636043
v 3.57341729 1.81568284 -2.23788824
v 2.99792867 1.83349233 -2.21270397
v 3.57341729 1.81568284 -2.23788824
v 3.57388444 1.83891393 -2.21274216
v 2.83363443 1.90181211 -2.11738683
v 2.79658493 1.87462624 -2.16037389
v 2.84849163 1.88778304 -2.13969629
v 2.84849163 1.88778304 -2.13969629
v 2.79658493 1.87462624 -2.16037389
v 2.74642091 1.84214376 -2.20315177
v 2.84849163 1.88778304 -2.13969629
v 2.74642091 1.84214376 -2.20315177
v 2.85091456 1.83355249 -2.21282039
v 2.85091456 1.83355249 -2.21282039
v 2.74642091 1.84214376 -2.20315177
v 2.69510727 1.81278288 -2.23684516
v 3.57654653 1.94360670 -2.05601323
v 2.99661290 1.97725985 -1.97416358
v 2.99709868 1.93493012 -2.06051916
v 2.99709868 1.93493012 -2.06051916
v 2.99661290 1.97725985 -1.97416358
v 2.90630143 1.96736157 -1.99349727
v 2.99709868 1.93493012 -2.06051916
v 2.90630143 1.96736157 -1.99349727
v 2.89493110 1.95556395 -2.01808084
v 2.95913350 2.05358230 -1.76432319
v 2.95828041 2.05024760 -1.77523606
v 2.99645495 2.01411843 -1.88364331
v 2.99645495 2.01411843 -1.88364331
v 2.95828041 2.05024760 -1.77523606
v 2.94754561 2.02359930 -1.85376368
v 2.99645495 2.01411843 -1.88364331
v 2.94754561 2.02359930 -1.85376368
v 2.99661290 1.97725985 -1.97416358
v 2.99661290 1.97725985 -1.97416358
v 2.94754561 2.02359930 -1.85376368
v 2.92948838 1.99496802 -1.92983057
v 2.99661290 1.97725985 -1.97416358
v 2.92948838 1.99496802 -1.92983057
v 2.90630143 1.96736157 -1.99349727
v 3.57802026 2.00155713 -1.92519445
v 3.36992927 2.07211934 -1.69867817
v 2.99645495 2.01411843 -1.88364331
v 2.99645495 2.01411843 -1.88364331
v 3.36992927 2.07211934 -1.69867817
v 2.96185520 2.07158290 -1.70000773
v 2.99645495 2.01411843 -1.88364331
v 2.96185520 2.07158290 -1.70000773
v 2.95913350 2.05358230 -1.76432319
v 2.89493110 1.95556395 -2.01808084
v 2.87467148 1.93626285 -2.05574650
v 2.99709868 1.93493012 -2.06051916
v 2.99709868 1.93493012 -2.06051916
v 2.87467148 1.93626285 -2.05574650
v 2.83363443 1.90181211 -2.11738683
v 2.99709868 1.93493012 -2.06051916
v 2.83363443 1.90181211 -2.11738683
v 2.99770143 1.88710261 -2.14066599
v 2.99770143 1.88710261 -2.14066599
v 2.83363443 1.90181211 -2.11738683
v 2.84849163 1.88778304 -2.13969629
v 2.99770143 1.88710261 -2.14066599
v 2.84849163 1.88778304 -2.13969629
v 2.99792867 1.83349233 -2.21270397
v 2.99792867 1.83349233 -2.21270397
v 2.84849163 1.88778304 -2.13969629
v 2.85091456 1.83355249 -2.21282039
v 2.99792867 1.83349233 -2.21270397
v 2.85091456 1.83355249 -2.21282039
v 2.70046052 1.77408122 -2.27598231
v 2.70046052 1.77408122 -2.27598231
v 2.85091456 1.83355249 -2.21282039
v 2.69510727 1.81278288 -2.23684516
v 2.70046052 1.77408122 -2.27598231
v 2.69510727 1.81278288 -2.23684516
v 2.62472983 1.77788865 -2.27207132
v 4.10001911 -2.37357989 -0.26184574
v 4.10001911 -2.37837136 -0.21408305
v 3.70981283 -2.90729068 -0.26379719
v 3.70981283 -2.90729068 -0.26379719
v 4.10001911 -2.37837136 -0.21408305
v 3.70981283 -2.90784854 -0.25765314
v 3.70981283 -2.90784854 -0.25765314
v 4.10001911 -2.37837136 -0.21408305
v 4.10001911 -2.38798819 0.00033700
v 3.70981283 -2.90784854 -0.25765314
v 4.10001911 -2.38798819 0.00033700
v 3.70979197 -2.91951988 0.00033700
v 4.10001911 -2.37357989 -0.26184574
v 3.70981283 -2.90729068 -0.26379719
v 4.10001911 -2.34538019 -0.44876770
v 4.10001911 -2.34538019 -0.44876770
v 3.70981283 -2.90729068 -0.26379719
v 3.70980240 -2.86625251 -0.55360519
v 4.10001911 -2.34538019 -0.44876770
v 3.70980240 -2.86625251 -0.55360519
v 4.10001911 -2.33045835 -0.52062422
v 4.10001911 -2.33045835 -0.52062422
v 3.70980240 -2.86625251 -0.55360519
v 3.70974876 -2.82200519 -0.74966797
v 4.10001911 -2.33045835 -0.52062422
v 3.70974876 -2.82200519 -0.74966797
v 4.10001911 -2.28925254 -0.67916317
v 4.10001911 -2.28925254 -0.67916317
v 3.70974876 -2.82200519 -0.74966797
v 3.70969959 -2.79493090 -0.84719229
v 4.10001911 -2.28925254 -0.67916317
v 3.70969959 -2.79493090 -0.84719229
v 4.10001911 -2.25895252 -0.77402145
v 4.10001911 -2.25895252 -0.77402145
v 3.70969959 -2.79493090 -0.84719229
v 3.70961614 -2.75753010 -0.96525475
v 4.10001911 -2.25895252 -0.77402145
v 3.70961614 -2.75753010 -0.96525475
v 4.10001911 -2.21060850 -0.90295877
v 4.10001911 -2.21060850 -0.90295877
v 3.70961614 -2.75753010 -0.96525475
v 3.70946266 -2.70295274 -1.11401882
v 4.10001911 -2.21060850 -0.90295877
v 3.70946266 -2.70295274 -1.11401882
v 4.10001911 -2.15977076 -1.01856887
v 4.10001911 -2.15977076 -1.01856887
v 3.70946266 -2.70295274 -1.11401882
v 3.70943882 -2.69511603 -1.13363732
v 4.10001911 -2.15977076 -1.01856887
v 3.70943882 -2.69511603 -1.13363732
v 4.10001911 -2.11009439 -1.11775408
v 3.70943882 -2.69511603 -1.13363732
v 3.70902307 -2.58310307 -1.38069997
v 4.10001911 -2.11009439 -1.11775408
v 4.10001911 -2.11009439 -1.11775408
v 3.70902307 -2.58310307 -1.38069997
v 3.70897539 -2.57151294 -1.40338074
v 4.10001911 -2.11009439 -1.11775408
v 3.70897539 -2.57151294 -1.40338074
v 4.10001911 -2.03489475 -1.24930665
v 4.10001911 -2.03489475 -1.24930665
v 3.70897539 -2.57151294 -1.40338074
v 3.70843448 -2.43889019 -1.63513217
v 4.10001911 -2.03489475 -1.24930665
v 3.70843448 -2.43889019 -1.63513217
v 4.10001911 -1.98873561 -1.32151349
v 4.10001911 -1.98873561 -1.32151349
v 3.70843448 -2.43889019 -1.63513217
v 3.70838679 -2.42691692 -1.65391788
v 4.10001911 -1.98873561 -1.32151349
v 3.70838679 -2.42691692 -1.65391788
v 4.10001911 -1.88510641 -1.46557083
v 4.10001911 -1.88510641 -1.46557083
v 3.70838679 -2.42691692 -1.65391788
v 3.70809771 -2.35170480 -1.76530834
v 4.10001911 -1.88510641 -1.46557083
v 3.70809771 -2.35170480 -1.76530834
v 4.10001911 -1.84784736 -1.51230516
v 3.70726623 -2.07843315 -2.09469181
v 4.10001911 -1.71185844 -1.66475605
v 3.70763130 -2.21451260 -1.94352325
v 3.70763130 -2.21451260 -1.94352325
v 4.10001911 -1.71185844 -1.66475605
v 4.10001911 -1.84784736 -1.51230516
v 3.70763130 -2.21451260 -1.94352325
v 4.10001911 -1.84784736 -1.51230516
v 3.70778926 -2.26376150 -1.88286006
v 3.70778926 -2.26376150 -1.88286006
v 4.10001911 -1.84784736 -1.51230516
v 3.70809771 -2.35170480 -1.76530834
v 3.70597728 -1.12561006 -2.74052415
v 4.10001911 -0.95913066 -2.18667928
v 3.70624550 -1.38688069 -2.61567421
v 3.70624550 -1.38688069 -2.61567421
v 4.10001911 -0.95913066 -2.18667928
v 4.10001911 -1.11836130 -2.10962184
v 3.70624550 -1.38688069 -2.61567421
v 4.10001911 -1.11836130 -2.10962184
v 3.70640941 -1.53605929 -2.52940282
v 3.70640941 -1.53605929 -2.52940282
v 4.10001911 -1.11836130 -2.10962184
v 4.10001911 -1.19465832 -2.06733774
v 3.70640941 -1.53605929 -2.52940282
v 4.10001911 -1.19465832 -2.06733774
v 3.70653011 -1.63706280 -2.46401913
v 3.70653011 -1.63706280 -2.46401913
v 4.10001911 -1.19465832 -2.06733774
v 4.10001911 -1.32210590 -1.98822599
v 3.70653011 -1.63706280 -2.46401913
v 4.10001911 -1.32210590 -1.98822599
v 3.70664187 -1.72269419 -2.40373109
v 3.70664187 -1.72269419 -2.40373109
v 4.10001911 -1.32210590 -1.98822599
v 4.10001911 -1.41494125 -1.92329418
v 3.70664187 -1.72269419 -2.40373109
v 4.10001911 -1.41494125 -1.92329418
v 3.70686091 -1.86910890 -2.28908565
v 3.70686091 -1.86910890 -2.28908565
v 4.10001911 -1.41494125 -1.92329418
v 4.10001911 -1.51287811 -1.84731968
v 3.70686091 -1.86910890 -2.28908565
v 4.10001911 -1.51287811 -1.84731968
v 3.70726474 -2.07766220 -2.09548566
v 3.70726474 -2.07766220 -2.09548566
v 4.10001911 -1.51287811 -1.84731968
v 4.10001911 -1.61718391 -1.75683014
v 3.70726474 -2.07766220 -2.09548566
v 4.10001911 -1.61718391 -1.75683014
v 3.70726623 -2.07843315 -2.09469181
v 3.70726623 -2.07843315 -2.09469181
v 4.10001911 -1.61718391 -1.75683014
v 4.10001911 -1.68874525 -1.68819744
v 3.70726623 -2.07843315 -2.09469181
v 4.10001911 -1.68874525 -1.68819744
v 4.10001911 -1.71185844 -1.66475605
v 3.70557792 -0.56922785 -2.91034486
v 4.10001911 -0.45866054 -2.34316755
v 3.70563902 -0.71020918 -2.87864599
v 3.70563902 -0.71020918 -2.87864599
v 4.10001911 -0.45866054 -2.34316755
v 4.10001911 -0.67982301 -2.28886288
v 3.70563902 -0.71020918 -2.87864599
v 4.10001911 -0.67982301 -2.28886288
v 3.70573141 -0.85148448 -2.83941422
v 3.70573141 -0.85148448 -2.83941422
v 4.10001911 -0.67982301 -2.28886288
v 4.10001911 -0.71296562 -2.27877274
v 3.70573141 -0.85148448 -2.83941422
v 4.10001911 -0.71296562 -2.27877274
v 3.70597728 -1.12561006 -2.74052415
v 3.70597728 -1.12561006 -2.74052415
v 4.10001911 -0.71296562 -2.27877274
v 4.10001911 -0.90357736 -2.21021287
v 3.70597728 -1.12561006 -2.74052415
v 4.10001911 -0.90357736 -2.21021287
v 4.10001911 -0.95913066 -2.18667928
v 3.70557792 -0.56922785 -2.91034486
v 3.70557196 -0.55451030 -2.91323513
v 4.10001911 -0.45866054 -2.34316755
v 4.10001911 -0.45866054 -2.34316755
v 3.70557196 -0.55451030 -2.91323513
v 3.70542742 -0.28497530 -2.95250006
v 4.10001911 -0.45866054 -2.34316755
v 3.70542742 -0.28497530 -2.95250006
v 4.10001911 -0.21453637 -2.37801932
v 3.70579697 -0.00008346 -2.96677109
v 4.10001911 -0.00010461 -2.38765217
v 3.70542742 -0.28497530 -2.95250006
v 3.70542742 -0.28497530 -2.95250006
v 4.10001911 -0.00010461 -2.38765217
v 4.10001911 -0.19741007 -2.37950571
v 3.70542742 -0.28497530 -2.95250006
v 4.10001911 -0.19741007 -2.37950571
v 4.10001911 -0.21453637 -2.37801932
v 3.71668525 2.30732691 -0.32673061
v 3.71677019 2.31162757 0.00033700
v 4.10001911 1.87902562 0.00033700
v 4.10001911 1.87902562 0.00033700
v 4.10001911 1.87637862 -0.22279257
v 3.71668525 2.30732691 -0.32673061
v 3.71668525 2.30732691 -0.32673061
v 4.10001911 1.87637862 -0.22279257
v 4.10001911 1.86661761 -0.47498727
v 3.71668525 2.30732691 -0.32673061
v 4.10001911 1.86661761 -0.47498727
v 3.71646322 2.29287576 -0.64990311
v 3.71646322 2.29287576 -0.64990311
v 4.10001911 1.86661761 -0.47498727
v 4.10001911 1.84901152 -0.72676321
v 3.71646322 2.29287576 -0.64990311
v 4.10001911 1.84901152 -0.72676321
v 3.71620394 2.27212906 -0.92063975
v 3.71620394 2.27212906 -0.92063975
v 4.10001911 1.84901152 -0.72676321
v 3.71586271 2.24526133 -1.16438298
v 3.71586271 2.24526133 -1.16438298
v 4.10001911 1.84901152 -0.72676321
v 4.10001911 1.82191059 -0.97767292
v 3.71586271 2.24526133 -1.16438298
v 4.10001911 1.82191059 -0.97767292
v 3.71572413 2.23477148 -1.24223493
v 3.71572413 2.23477148 -1.24223493
v 4.10001911 1.82191059 -0.97767292
v 3.71540524 2.21330151 -1.38182174
v 3.71540524 2.21330151 -1.38182174
v 4.10001911 1.82191059 -0.97767292
v 4.10001911 1.78254731 -1.22694476
v 3.71540524 2.21330151 -1.38182174
v 4.10001911 1.78254731 -1.22694476
v 3.71481217 2.17838269 -1.56636648
v 3.71481217 2.17838269 -1.56636648
v 4.10001911 1.78254731 -1.22694476
v 4.10001911 1.75669827 -1.35047082
v 3.71481217 2.17838269 -1.56636648
v 4.10001911 1.75669827 -1.35047082
v 3.71449180 2.16026157 -1.64706167
v 3.71449180 2.16026157 -1.64706167
v 4.10001911 1.75669827 -1.35047082
v 4.10001911 1.72480252 -1.47251161
v 3.71449180 2.16026157 -1.64706167
v 4.10001911 1.72480252 -1.47251161
v 3.71315666 2.09411290 -1.88016277
v 3.71315666 2.09411290 -1.88016277
v 4.10001911 1.72480252 -1.47251161
v 4.10001911 1.68382432 -1.59186833
v 3.71315666 2.09411290 -1.88016277
v 4.10001911 1.68382432 -1.59186833
v 3.71148773 2.02739555 -2.04694904
v 3.71148773 2.02739555 -2.04694904
v 4.10001911 1.68382432 -1.59186833
v 4.10001911 1.62856951 -1.70513485
v 3.71148773 2.02739555 -2.04694904
v 4.10001911 1.62856951 -1.70513485
v 3.71004529 1.97215211 -2.14931127
v 3.71004529 1.97215211 -2.14931127
v 4.10001911 1.62856951 -1.70513485
v 4.10001911 1.59375258 -1.75776836
v 3.71004529 1.97215211 -2.14931127
v 4.10001911 1.59375258 -1.75776836
v 3.70963849 1.95547231 -2.17526853
v 3.70963849 1.95547231 -2.17526853
v 4.10001911 1.59375258 -1.75776836
v 3.70870270 1.91237405 -2.23380979
v 3.70870270 1.91237405 -2.23380979
v 4.10001911 1.59375258 -1.75776836
v 4.10001911 1.55352857 -1.80634949
v 3.70870270 1.91237405 -2.23380979
v 4.10001911 1.55352857 -1.80634949
v 3.70820947 1.88351627 -2.26726364
v 3.70820947 1.88351627 -2.26726364
v 4.10001911 1.55352857 -1.80634949
v 3.70770432 1.83907505 -2.31150705
v 3.70770432 1.83907505 -2.31150705
v 4.10001911 1.55352857 -1.80634949
v 4.10001911 1.50814783 -1.85013879
v 3.70770432 1.83907505 -2.31150705
v 4.10001911 1.50814783 -1.85013879
v 3.70743163 1.79072730 -2.35265475
v 3.70743163 1.79072730 -2.35265475
v 4.10001911 1.50814783 -1.85013879
v 4.10001911 1.45920655 -1.88995730
v 3.70743163 1.79072730 -2.35265475
v 4.10001911 1.45920655 -1.88995730
v 3.70734818 1.75629128 -2.37928350
v 2.80003827 -2.34948844 -1.70000866
v 2.90001985 -2.48775333 -1.71037447
v 2.90001985 -2.57490501 -1.56743303
v 2.80003827 -2.34948844 -1.70000866
v 2.90001985 -2.57490501 -1.56743303
v 2.80001964 -2.50748247 -1.45689156
v 2.80001964 -2.50748247 -1.45689156
v 2.90001985 -2.57490501 -1.56743303
v 2.90002059 -2.65451018 -1.41970785
v 2.80001964 -2.50748247 -1.45689156
v 2.90002059 -2.65451018 -1.41970785
v 2.80001964 -2.58213170 -1.32008167
v 2.80001964 -2.58213170 -1.32008167
v 2.90002059 -2.65451018 -1.41970785
v 2.90002506 -2.70205624 -1.32159879
v 2.80001964 -2.58213170 -1.32008167
v 2.90002506 -2.70205624 -1.32159879
v 2.80001964 -2.64048800 -1.19909681
v 2.80001964 -2.64048800 -1.19909681
v 2.90002506 -2.70205624 -1.32159879
v 2.90002432 -2.72648055 -1.26769347
v 2.80001964 -2.64048800 -1.19909681
v 2.90002432 -2.72648055 -1.26769347
v 2.80001964 -2.67799366 -1.11281201
v 2.90002432 -2.72648055 -1.26769347
v 2.90001761 -2.79058982 -1.11200754
v 2.80001964 -2.67799366 -1.11281201
v 2.80001964 -2.67799366 -1.11281201
v 2.90001761 -2.79058982 -1.11200754
v 2.90002581 -2.84666121 -0.95313527
v 2.80001964 -2.67799366 -1.11281201
v 2.90002581 -2.84666121 -0.95313527
v 2.80001964 -2.74708364 -0.92927841
v 2.80001964 -2.74708364 -0.92927841
v 2.90002581 -2.84666121 -0.95313527
v 2.90002730 -2.85689477 -0.92100920
v 2.80001964 -2.74708364 -0.92927841
v 2.90002730 -2.85689477 -0.92100920
v 2.80001964 -2.82620918 -0.65003820
v 2.80001964 -2.82620918 -0.65003820
v 2.90002730 -2.85689477 -0.92100920
v 2.90001985 -2.90223230 -0.76194140
v 2.90001985 -2.90223230 -0.76194140
v 2.90002059 -2.92288940 -0.67689656
v 2.80001964 -2.82620918 -0.65003820
v 2.80001964 -2.82620918 -0.65003820
v 2.90002059 -2.92288940 -0.67689656
v 2.90001985 -2.93912739 -0.60156118
v 2.80001964 -2.82620918 -0.65003820
v 2.90001985 -2.93912739 -0.60156118
v 2.80001964 -2.86409650 -0.45495303
v 2.80001964 -2.86409650 -0.45495303
v 2.90001985 -2.93912739 -0.60156118
v 2.90001314 -2.96267960 -0.47121425
v 2.80001964 -2.86409650 -0.45495303
v 2.90001314 -2.96267960 -0.47121425
v 2.80001964 -2.87701618 -0.36441702
v 2.90001314 -2.96267960 -0.47121425
v 2.90001687 -2.98064165 -0.33959914
v 2.80001964 -2.87701618 -0.36441702
v 2.80001964 -2.87701618 -0.36441702
v 2.90001687 -2.98064165 -0.33959914
v 2.90001910 -2.98374947 -0.31119906
v 2.80001964 -2.87701618 -0.36441702
v 2.90001910 -2.98374947 -0.31119906
v 2.80001964 -2.89101079 -0.22817948
v 2.80001964 -2.89101079 -0.22817948
v 2.90001910 -2.98374947 -0.31119906
v 2.90002134 -2.99133509 -0.22734599
v 2.80001964 -2.89101079 -0.22817948
v 2.90002134 -2.99133509 -0.22734599
v 2.80001964 -2.89902948 -0.07515374
v 2.80001964 -2.89902948 -0.07515374
v 2.90002134 -2.99133509 -0.22734599
v 2.90001985 -2.99619362 -0.15077248
v 2.80001964 -2.89902948 -0.07515374
v 2.90001985 -2.99619362 -0.15077248
v 2.80001964 -2.90000252 -0.00000001
v 2.80001964 -2.90000252 -0.00000001
v 2.90001985 -2.99619362 -0.15077248
v 2.90001985 -2.99999993 0.00016850
v 3.70635279 0.69274455 -2.88252477
v 4.10001911 0.57698139 -2.31691189
v 3.70623060 0.63758660 -2.89550591
v 3.70623060 0.63758660 -2.89550591
v 4.10001911 0.57698139 -2.31691189
v 4.10001911 0.52047661 -2.33024228
v 3.70623060 0.63758660 -2.89550591
v 4.10001911 0.52047661 -2.33024228
v 3.70591767 0.47269920 -2.92766858
v 3.70591767 0.47269920 -2.92766858
v 4.10001911 0.52047661 -2.33024228
v 4.10001911 0.38364937 -2.35662181
v 3.70591767 0.47269920 -2.92766858
v 4.10001911 0.38364937 -2.35662181
v 3.70560922 0.30612305 -2.95023583
v 3.70560922 0.30612305 -2.95023583
v 4.10001911 0.38364937 -2.35662181
v 4.10001911 0.26161985 -2.37327795
v 3.70560922 0.30612305 -2.95023583
v 4.10001911 0.26161985 -2.37327795
v 3.70555706 0.22531857 -2.95771305
v 3.70555706 0.22531857 -2.95771305
v 4.10001911 0.26161985 -2.37327795
v 4.10001911 0.18770631 -2.38027405
v 3.70555706 0.22531857 -2.95771305
v 4.10001911 0.18770631 -2.38027405
v 3.70564647 0.13902950 -2.96326578
v 3.70564647 0.13902950 -2.96326578
v 4.10001911 0.18770631 -2.38027405
v 4.10001911 -0.00010461 -2.38765217
v 3.70564647 0.13902950 -2.96326578
v 4.10001911 -0.00010461 -2.38765217
v 3.70579697 -0.00008346 -2.96677109
v 3.70635279 0.69274455 -2.88252477
v 3.70658822 0.79185581 -2.85632368
v 4.10001911 0.57698139 -2.31691189
v 4.10001911 0.57698139 -2.31691189
v 3.70658822 0.79185581 -2.85632368
v 3.70672531 0.84696393 -2.84012277
v 4.10001911 0.57698139 -2.31691189
v 3.70672531 0.84696393 -2.84012277
v 4.10001911 0.77424999 -2.25870106
v 3.70672531 0.84696393 -2.84012277
v 3.70695479 0.93756504 -2.81088129
v 4.10001911 0.77424999 -2.25870106
v 4.10001911 0.77424999 -2.25870106
v 3.70695479 0.93756504 -2.81088129
v 3.70717384 1.08617563 -2.75589470
v 4.10001911 0.77424999 -2.25870106
v 3.70717384 1.08617563 -2.75589470
v 4.10001911 0.95052077 -2.19034124
v 4.10001911 0.95052077 -2.19034124
v 3.70717384 1.08617563 -2.75589470
v 3.70722748 1.14182234 -2.73294505
v 4.10001911 0.95052077 -2.19034124
v 3.70722748 1.14182234 -2.73294505
v 4.10001911 1.01784337 -2.15986818
v 4.10001911 1.01784337 -2.15986818
v 3.70722748 1.14182234 -2.73294505
v 3.70730050 1.23785576 -2.69015152
v 4.10001911 1.01784337 -2.15986818
v 3.70730050 1.23785576 -2.69015152
v 4.10001911 1.12816710 -2.10434403
v 3.70734818 1.75629128 -2.37928350
v 4.10001911 1.45920655 -1.88995730
v 3.70739587 1.62836779 -2.47001965
v 3.70739587 1.62836779 -2.47001965
v 4.10001911 1.45920655 -1.88995730
v 4.10001911 1.29812649 -2.00401004
v 3.70739587 1.62836779 -2.47001965
v 4.10001911 1.29812649 -2.00401004
v 3.70740481 1.56123545 -2.51362473
v 3.70740481 1.56123545 -2.51362473
v 4.10001911 1.29812649 -2.00401004
v 4.10001911 1.24915568 -2.03488059
v 3.70740481 1.56123545 -2.51362473
v 4.10001911 1.24915568 -2.03488059
v 3.70740332 1.50120566 -2.55046170
v 3.70740332 1.50120566 -2.55046170
v 4.10001911 1.24915568 -2.03488059
v 4.10001911 1.12816710 -2.10434403
v 3.70740332 1.50120566 -2.55046170
v 4.10001911 1.12816710 -2.10434403
v 3.70736904 1.36950603 -2.62459479
v 3.70736904 1.36950603 -2.62459479
v 4.10001911 1.12816710 -2.10434403
v 3.70730050 1.23785576 -2.69015152
v 3.55072282 -2.21758261 -2.06596218
v 2.80916300 -2.16410924 -2.12425925
v 2.74989735 -2.08259709 -2.20737085
v 3.55080701 -2.82712635 -1.01157092
v 2.90001761 -2.79058982 -1.11200754
v 2.90002432 -2.72648055 -1.26769347
v 3.55065353 -2.99538858 -0.16849841
v 3.55062149 -2.99999993 -0.00000000
v 2.90001985 -2.99999993 0.00016850
v 2.90001910 -2.98374947 -0.31119906
v 3.55068929 -2.98101120 -0.33672298
v 2.90002134 -2.99133509 -0.22734599
v 2.90002134 -2.99133509 -0.22734599
v 3.55068929 -2.98101120 -0.33672298
v 3.55065353 -2.99538858 -0.16849841
v 2.90002134 -2.99133509 -0.22734599
v 3.55065353 -2.99538858 -0.16849841
v 2.90001985 -2.99619362 -0.15077248
v 2.90001985 -2.99619362 -0.15077248
v 3.55065353 -2.99538858 -0.16849841
v 2.90001985 -2.99999993 0.00016850
v 2.90001910 -2.98374947 -0.31119906
v 2.90001687 -2.98064165 -0.33959914
v 3.55068929 -2.98101120 -0.33672298
v 3.55068929 -2.98101120 -0.33672298
v 2.90001687 -2.98064165 -0.33959914
v 2.90001314 -2.96267960 -0.47121425
v 3.55068929 -2.98101120 -0.33672298
v 2.90001314 -2.96267960 -0.47121425
v 3.55072580 -2.95701418 -0.50569065
v 3.55072580 -2.95701418 -0.50569065
v 2.90001314 -2.96267960 -0.47121425
v 2.90001985 -2.93912739 -0.60156118
v 3.55072580 -2.95701418 -0.50569065
v 2.90001985 -2.93912739 -0.60156118
v 3.55075933 -2.92334817 -0.67496356
v 2.90001985 -2.93912739 -0.60156118
v 2.90002059 -2.92288940 -0.67689656
v 3.55075933 -2.92334817 -0.67496356
v 3.55075933 -2.92334817 -0.67496356
v 2.90002059 -2.92288940 -0.67689656
v 2.90001985 -2.90223230 -0.76194140
v 3.55075933 -2.92334817 -0.67496356
v 2.90001985 -2.90223230 -0.76194140
v 3.55077647 -2.89989542 -0.77108839
v 3.55077647 -2.89989542 -0.77108839
v 2.90001985 -2.90223230 -0.76194140
v 2.90002730 -2.85689477 -0.92100920
v 3.55077647 -2.89989542 -0.77108839
v 2.90002730 -2.85689477 -0.92100920
v 3.55078764 -2.88002677 -0.84384391
v 3.55078764 -2.88002677 -0.84384391
v 2.90002730 -2.85689477 -0.92100920
v 3.55080701 -2.82712635 -1.01157092
v 3.55080701 -2.82712635 -1.01157092
v 2.90002730 -2.85689477 -0.92100920
v 2.90002581 -2.84666121 -0.95313527
v 3.55080701 -2.82712635 -1.01157092
v 2.90002581 -2.84666121 -0.95313527
v 2.90001761 -2.79058982 -1.11200754
v 2.90002506 -2.70205624 -1.32159879
v 3.55080627 -2.69319918 -1.34045389
v 2.90002432 -2.72648055 -1.26769347
v 2.90002432 -2.72648055 -1.26769347
v 3.55080627 -2.69319918 -1.34045389
v 3.55081297 -2.76479516 -1.17732994
v 2.90002432 -2.72648055 -1.26769347
v 3.55081297 -2.76479516 -1.17732994
v 3.55080701 -2.82712635 -1.01157092
v 2.90002506 -2.70205624 -1.32159879
v 2.90002059 -2.65451018 -1.41970785
v 3.55080627 -2.69319918 -1.34045389
v 3.55080627 -2.69319918 -1.34045389
v 2.90002059 -2.65451018 -1.41970785
v 2.90001985 -2.57490501 -1.56743303
v 3.55080627 -2.69319918 -1.34045389
v 2.90001985 -2.57490501 -1.56743303
v 3.55079137 -2.61249840 -1.49999112
v 3.55079137 -2.61249840 -1.49999112
v 2.90001985 -2.57490501 -1.56743303
v 3.55077721 -2.54324432 -1.62142776
v 3.55077721 -2.54324432 -1.62142776
v 2.90001985 -2.57490501 -1.56743303
v 2.90001985 -2.48775333 -1.71037447
v 3.55077721 -2.54324432 -1.62142776
v 2.90001985 -2.48775333 -1.71037447
v 3.55077349 -2.52406988 -1.65294781
v 3.55077349 -2.52406988 -1.65294781
v 2.90001985 -2.48775333 -1.71037447
v 2.88837533 -2.36531366 -1.88563690
v 3.55077349 -2.52406988 -1.65294781
v 2.88837533 -2.36531366 -1.88563690
v 3.55075337 -2.42843479 -1.79861598
v 3.55075337 -2.42843479 -1.79861598
v 2.88837533 -2.36531366 -1.88563690
v 3.55073623 -2.32610740 -1.93643328
v 3.55073623 -2.32610740 -1.93643328
v 2.88837533 -2.36531366 -1.88563690
v 2.87787523 -2.32145041 -1.94233134
v 3.55073623 -2.32610740 -1.93643328
v 2.87787523 -2.32145041 -1.94233134
v 3.55072878 -2.27592103 -1.99827328
v 3.55072878 -2.27592103 -1.99827328
v 2.87787523 -2.32145041 -1.94233134
v 2.85710972 -2.25994308 -2.01724134
v 3.55072878 -2.27592103 -1.99827328
v 2.85710972 -2.25994308 -2.01724134
v 3.55072282 -2.21758261 -2.06596218
v 3.55072282 -2.21758261 -2.06596218
v 2.85710972 -2.25994308 -2.01724134
v 2.82845777 -2.19790619 -2.08777245
v 3.55072282 -2.21758261 -2.06596218
v 2.82845777 -2.19790619 -2.08777245
v 2.80916300 -2.16410924 -2.12425925
v 2.60511395 -1.95632242 -2.32365597
v 3.55065502 -1.92587972 -2.34938040
v 2.68171933 -2.01385804 -2.27245633
v 2.68171933 -2.01385804 -2.27245633
v 3.55065502 -1.92587972 -2.34938040
v 3.55068184 -1.98380128 -2.29931958
v 2.68171933 -2.01385804 -2.27245633
v 3.55068184 -1.98380128 -2.29931958
v 2.74989735 -2.08259709 -2.20737085
v 2.74989735 -2.08259709 -2.20737085
v 3.55068184 -1.98380128 -2.29931958
v 3.55071463 -2.10333318 -2.18687728
v 2.74989735 -2.08259709 -2.20737085
v 3.55071463 -2.10333318 -2.18687728
v 3.55072282 -2.21758261 -2.06596218
v 2.36277189 -1.84803586 -2.41264347
v 2.28153374 -1.82820074 -2.42804028
v 3.55057903 -1.79922525 -2.45000012
v 3.55057903 -1.79922525 -2.45000012
v 2.28153374 -1.82820074 -2.42804028
v 2.13646200 -1.80661567 -2.44451240
v 3.55057903 -1.79922525 -2.45000012
v 2.13646200 -1.80661567 -2.44451240
v 1.97473597 -1.79922488 -2.44999975
v 2.60511395 -1.95632242 -2.32365597
v 2.53842827 -1.91744491 -2.35670265
v 3.55065502 -1.92587972 -2.34938040
v 3.55065502 -1.92587972 -2.34938040
v 2.53842827 -1.91744491 -2.35670265
v 2.51326170 -1.90483741 -2.36715078
v 3.55065502 -1.92587972 -2.34938040
v 2.51326170 -1.90483741 -2.36715078
v 3.55061628 -1.85667835 -2.40580421
v 3.55061628 -1.85667835 -2.40580421
v 2.51326170 -1.90483741 -2.36715078
v 2.45339554 -1.87867917 -2.38841288
v 3.55061628 -1.85667835 -2.40580421
v 2.45339554 -1.87867917 -2.38841288
v 3.55057903 -1.79922525 -2.45000012
v 3.55057903 -1.79922525 -2.45000012
v 2.45339554 -1.87867917 -2.38841288
v 2.40454581 -1.86091270 -2.40254365
v 3.55057903 -1.79922525 -2.45000012
v 2.40454581 -1.86091270 -2.40254365
v 2.36277189 -1.84803586 -2.41264347
v 2.56986897 -1.93763413 -2.25523487
v 2.50537004 -1.90185867 -2.20366810
v 2.45502796 -1.87787525 -2.22666226
v 1.99469011 -1.79926157 -2.29967367
v 1.97335463 -1.79926232 -2.29966305
v 1.97473597 -1.79922488 -2.44999975
v 1.99469011 -1.79926157 -2.29967367
v 1.97473597 -1.79922488 -2.44999975
v 2.11454835 -1.80198923 -2.29727216
v 1.97473597 -1.79922488 -2.44999975
v 2.13646200 -1.80661567 -2.44451240
v 2.11454835 -1.80198923 -2.29727216
v 2.11454835 -1.80198923 -2.29727216
v 2.13646200 -1.80661567 -2.44451240
v 2.28153374 -1.82820074 -2.42804028
v 2.11454835 -1.80198923 -2.29727216
v 2.28153374 -1.82820074 -2.42804028
v 2.20099818 -1.80971455 -2.29029022
v 2.20099818 -1.80971455 -2.29029022
v 2.28153374 -1.82820074 -2.42804028
v 2.36277189 -1.84803586 -2.41264347
v 2.20099818 -1.80971455 -2.29029022
v 2.36277189 -1.84803586 -2.41264347
v 2.28180941 -1.82313975 -2.27798931
v 2.28180941 -1.82313975 -2.27798931
v 2.36277189 -1.84803586 -2.41264347
v 2.36037727 -1.84312761 -2.25943793
v 2.36037727 -1.84312761 -2.25943793
v 2.36277189 -1.84803586 -2.41264347
v 2.40454581 -1.86091270 -2.40254365
v 2.36037727 -1.84312761 -2.25943793
v 2.40454581 -1.86091270 -2.40254365
v 2.38086488 -1.84960794 -2.25337539
v 2.38086488 -1.84960794 -2.25337539
v 2.40454581 -1.86091270 -2.40254365
v 2.45339554 -1.87867917 -2.38841288
v 2.38086488 -1.84960794 -2.25337539
v 2.45339554 -1.87867917 -2.38841288
v 2.43538525 -1.86961703 -2.23451070
v 2.43538525 -1.86961703 -2.23451070
v 2.45339554 -1.87867917 -2.38841288
v 2.51326170 -1.90483741 -2.36715078
v 2.43538525 -1.86961703 -2.23451070
v 2.51326170 -1.90483741 -2.36715078
v 2.45502796 -1.87787525 -2.22666226
v 2.45502796 -1.87787525 -2.22666226
v 2.51326170 -1.90483741 -2.36715078
v 2.53842827 -1.91744491 -2.35670265
v 2.45502796 -1.87787525 -2.22666226
v 2.53842827 -1.91744491 -2.35670265
v 2.56986897 -1.93763413 -2.25523487
v 2.63573062 -1.98369808 -2.21235771
v 2.56922450 -1.93907768 -2.16740910
v 2.56986897 -1.93763413 -2.25523487
v 2.56986897 -1.93763413 -2.25523487
v 2.56922450 -1.93907768 -2.16740910
v 2.51908507 -1.90915912 -2.19661053
v 2.56986897 -1.93763413 -2.25523487
v 2.51908507 -1.90915912 -2.19661053
v 2.50537004 -1.90185867 -2.20366810
v 2.67640930 -2.02648006 -2.07944904
v 2.69284528 -2.03461051 -2.16303188
v 2.69177910 -2.04292424 -2.06240602
v 2.69177910 -2.04292424 -2.06240602
v 2.69284528 -2.03461051 -2.16303188
v 2.74086427 -2.08891965 -2.10803561
v 2.69177910 -2.04292424 -2.06240602
v 2.74086427 -2.08891965 -2.10803561
v 2.69421320 -2.04565953 -2.05955449
v 2.67640930 -2.02648006 -2.07944904
v 2.64436435 -1.99602377 -2.11057980
v 2.69284528 -2.03461051 -2.16303188
v 2.69284528 -2.03461051 -2.16303188
v 2.64436435 -1.99602377 -2.11057980
v 2.62660738 -1.98095869 -2.12578122
v 2.69284528 -2.03461051 -2.16303188
v 2.62660738 -1.98095869 -2.12578122
v 2.63573062 -1.98369808 -2.21235771
v 2.63573062 -1.98369808 -2.21235771
v 2.62660738 -1.98095869 -2.12578122
v 2.58558076 -1.95007995 -2.15655901
v 2.63573062 -1.98369808 -2.21235771
v 2.58558076 -1.95007995 -2.15655901
v 2.56922450 -1.93907768 -2.16740910
v 2.75092404 -2.12475993 -1.97485052
v 2.82845777 -2.19790619 -2.08777245
v 2.76418906 -2.15072501 -1.94600057
v 2.76418906 -2.15072501 -1.94600057
v 2.82845777 -2.19790619 -2.08777245
v 2.85710972 -2.25994308 -2.01724134
v 2.71779280 -2.07439829 -2.02929527
v 2.80916300 -2.16410924 -2.12425925
v 2.73155700 -2.09351964 -2.00884547
v 2.73155700 -2.09351964 -2.00884547
v 2.80916300 -2.16410924 -2.12425925
v 2.82845777 -2.19790619 -2.08777245
v 2.73155700 -2.09351964 -2.00884547
v 2.82845777 -2.19790619 -2.08777245
v 2.73432564 -2.09763423 -2.00441051
v 2.73432564 -2.09763423 -2.00441051
v 2.82845777 -2.19790619 -2.08777245
v 2.75092404 -2.12475993 -1.97485052
v 2.78961342 -2.22513825 -1.85974315
v 2.78406870 -2.20372193 -1.88516267
v 2.85710972 -2.25994308 -2.01724134
v 2.85710972 -2.25994308 -2.01724134
v 2.78406870 -2.20372193 -1.88516267
v 2.77389046 -2.17359476 -1.92008726
v 2.85710972 -2.25994308 -2.01724134
v 2.77389046 -2.17359476 -1.92008726
v 2.76418906 -2.15072501 -1.94600057
v 2.85710972 -2.25994308 -2.01724134
v 2.87787523 -2.32145041 -1.94233134
v 2.78961342 -2.22513825 -1.85974315
v 2.78961342 -2.22513825 -1.85974315
v 2.87787523 -2.32145041 -1.94233134
v 2.88837533 -2.36531366 -1.88563690
v 2.78961342 -2.22513825 -1.85974315
v 2.88837533 -2.36531366 -1.88563690
v 2.79786494 -2.27922834 -1.79302059
v 2.79786494 -2.27922834 -1.79302059
v 2.88837533 -2.36531366 -1.88563690
v 2.90001985 -2.48775333 -1.71037447
v 2.79786494 -2.27922834 -1.79302059
v 2.90001985 -2.48775333 -1.71037447
v 2.80003827 -2.34948844 -1.70000866
v 2.53842827 -1.91744491 -2.35670265
v 2.60511395 -1.95632242 -2.32365597
v 2.56986897 -1.93763413 -2.25523487
v 2.56986897 -1.93763413 -2.25523487
v 2.60511395 -1.95632242 -2.32365597
v 2.68171933 -2.01385804 -2.27245633
v 2.56986897 -1.93763413 -2.25523487
v 2.68171933 -2.01385804 -2.27245633
v 2.63573062 -1.98369808 -2.21235771
v 2.63573062 -1.98369808 -2.21235771
v 2.68171933 -2.01385804 -2.27245633
v 2.74989735 -2.08259709 -2.20737085
v 2.63573062 -1.98369808 -2.21235771
v 2.74989735 -2.08259709 -2.20737085
v 2.69284528 -2.03461051 -2.16303188
v 2.69284528 -2.03461051 -2.16303188
v 2.74989735 -2.08259709 -2.20737085
v 2.80916300 -2.16410924 -2.12425925
v 2.69284528 -2.03461051 -2.16303188
v 2.80916300 -2.16410924 -2.12425925
v 2.74086427 -2.08891965 -2.10803561
v 2.74086427 -2.08891965 -2.10803561
v 2.80916300 -2.16410924 -2.12425925
v 2.71779280 -2.07439829 -2.02929527
v 2.74086427 -2.08891965 -2.10803561
v 2.71779280 -2.07439829 -2.02929527
v 2.69421320 -2.04565953 -2.05955449
v 2.73155700 -2.09351964 -2.00884547
v 2.73432564 -2.09763423 -2.00441051
v 2.73405369 -1.90969296 -2.00416576
v 2.36037727 -1.84312761 -2.25943793
v 2.38086488 -1.84960794 -2.25337539
v 2.36249547 -1.68788806 -2.25852281
v 1.97166856 -1.64926462 -2.29966305
v 1.97335463 -1.79926232 -2.29966305
v 1.97473597 -1.64925996 -2.29966305
v 1.97473597 -1.64925996 -2.29966305
v 1.97335463 -1.79926232 -2.29966305
v 1.99469011 -1.79926157 -2.29967367
v 1.97473597 -1.64925996 -2.29966305
v 1.99469011 -1.79926157 -2.29967367
v 2.10033711 -1.65107436 -2.29782648
v 1.99469011 -1.79926157 -2.29967367
v 2.11454835 -1.80198923 -2.29727216
v 2.10033711 -1.65107436 -2.29782648
v 2.10033711 -1.65107436 -2.29782648
v 2.11454835 -1.80198923 -2.29727216
v 2.20099818 -1.80971455 -2.29029022
v 2.10033711 -1.65107436 -2.29782648
v 2.20099818 -1.80971455 -2.29029022
v 2.18250733 -1.65654365 -2.29224134
v 2.18250733 -1.65654365 -2.29224134
v 2.20099818 -1.80971455 -2.29029022
v 2.26646047 -1.66735258 -2.28070114
v 2.26646047 -1.66735258 -2.28070114
v 2.20099818 -1.80971455 -2.29029022
v 2.28180941 -1.82313975 -2.27798931
v 2.26646047 -1.66735258 -2.28070114
v 2.28180941 -1.82313975 -2.27798931
v 2.27951985 -1.66956186 -2.27830391
v 2.32298877 -1.67819578 -2.26893891
v 2.30004098 -1.67338997 -2.27415226
v 2.28180941 -1.82313975 -2.27798931
v 2.28180941 -1.82313975 -2.27798931
v 2.30004098 -1.67338997 -2.27415226
v 2.29692739 -1.67278200 -2.27481350
v 2.28180941 -1.82313975 -2.27798931
v 2.29692739 -1.67278200 -2.27481350
v 2.27951985 -1.66956186 -2.27830391
v 2.36037727 -1.84312761 -2.25943793
v 2.36249547 -1.68788806 -2.25852281
v 2.28180941 -1.82313975 -2.27798931
v 2.28180941 -1.82313975 -2.27798931
v 2.36249547 -1.68788806 -2.25852281
v 2.34679487 -1.68381408 -2.26288736
v 2.28180941 -1.82313975 -2.27798931
v 2.34679487 -1.68381408 -2.26288736
v 2.32298877 -1.67819578 -2.26893891
v 2.43673157 -1.71111058 -2.23345440
v 2.40861084 -1.70157421 -2.24386696
v 2.38086488 -1.84960794 -2.25337539
v 2.38086488 -1.84960794 -2.25337539
v 2.40861084 -1.70157421 -2.24386696
v 2.40655895 -1.70091186 -2.24458091
v 2.40655895 -1.70091186 -2.24458091
v 2.37635802 -1.69173330 -2.25441214
v 2.38086488 -1.84960794 -2.25337539
v 2.38086488 -1.84960794 -2.25337539
v 2.37635802 -1.69173330 -2.25441214
v 2.36848649 -1.68952122 -2.25677658
v 2.38086488 -1.84960794 -2.25337539
v 2.36848649 -1.68952122 -2.25677658
v 2.36249547 -1.68788806 -2.25852281
v 2.38086488 -1.84960794 -2.25337539
v 2.43538525 -1.86961703 -2.23451070
v 2.43673157 -1.71111058 -2.23345440
v 2.43673157 -1.71111058 -2.23345440
v 2.43538525 -1.86961703 -2.23451070
v 2.45502796 -1.87787525 -2.22666226
v 2.43673157 -1.71111058 -2.23345440
v 2.45502796 -1.87787525 -2.22666226
v 2.43772473 -1.71146207 -2.23306492
v 2.50764769 -1.73946675 -2.20195800
v 2.49980446 -1.73595529 -2.20585540
v 2.45502796 -1.87787525 -2.22666226
v 2.45502796 -1.87787525 -2.22666226
v 2.49980446 -1.73595529 -2.20585540
v 2.49514785 -1.73391756 -2.20810547
v 2.49514785 -1.73391756 -2.20810547
v 2.46704724 -1.72235258 -2.22091787
v 2.45502796 -1.87787525 -2.22666226
v 2.45502796 -1.87787525 -2.22666226
v 2.46704724 -1.72235258 -2.22091787
v 2.44011115 -1.71231031 -2.23212279
v 2.45502796 -1.87787525 -2.22666226
v 2.44011115 -1.71231031 -2.23212279
v 2.43772473 -1.71146207 -2.23306492
v 2.57012080 -1.77121870 -2.16629170
v 2.56009605 -1.76564213 -2.17258874
v 2.51908507 -1.90915912 -2.19661053
v 2.51908507 -1.90915912 -2.19661053
v 2.56009605 -1.76564213 -2.17258874
v 2.55449023 -1.76261030 -2.17600893
v 2.45502796 -1.87787525 -2.22666226
v 2.50537004 -1.90185867 -2.20366810
v 2.50764769 -1.73946675 -2.20195800
v 2.50764769 -1.73946675 -2.20195800
v 2.50537004 -1.90185867 -2.20366810
v 2.51908507 -1.90915912 -2.19661053
v 2.50764769 -1.73946675 -2.20195800
v 2.51908507 -1.90915912 -2.19661053
v 2.52640452 -1.74827874 -2.19211187
v 2.52640452 -1.74827874 -2.19211187
v 2.51908507 -1.90915912 -2.19661053
v 2.55449023 -1.76261030 -2.17600893
v 2.62988787 -1.80928987 -2.12287009
v 2.60499176 -1.79232825 -2.14233007
v 2.58558076 -1.95007995 -2.15655901
v 2.51908507 -1.90915912 -2.19661053
v 2.56922450 -1.93907768 -2.16740910
v 2.57012080 -1.77121870 -2.16629170
v 2.57012080 -1.77121870 -2.16629170
v 2.56922450 -1.93907768 -2.16740910
v 2.58558076 -1.95007995 -2.15655901
v 2.57012080 -1.77121870 -2.16629170
v 2.58558076 -1.95007995 -2.15655901
v 2.60259937 -1.79078709 -2.14408822
v 2.60259937 -1.79078709 -2.14408822
v 2.58558076 -1.95007995 -2.15655901
v 2.60499176 -1.79232825 -2.14233007
v 2.58558076 -1.95007995 -2.15655901
v 2.62660738 -1.98095869 -2.12578122
v 2.62988787 -1.80928987 -2.12287009
v 2.62988787 -1.80928987 -2.12287009
v 2.62660738 -1.98095869 -2.12578122
v 2.64436435 -1.99602377 -2.11057980
v 2.62988787 -1.80928987 -2.12287009
v 2.64436435 -1.99602377 -2.11057980
v 2.67983507 -1.84972119 -2.07572505
v 2.67983507 -1.84972119 -2.07572505
v 2.64436435 -1.99602377 -2.11057980
v 2.67640930 -2.02648006 -2.07944904
v 2.67983507 -1.84972119 -2.07572505
v 2.67640930 -2.02648006 -2.07944904
v 2.69420203 -1.86346881 -2.05947906
v 2.67640930 -2.02648006 -2.07944904
v 2.69177910 -2.04292424 -2.06240602
v 2.69420203 -1.86346881 -2.05947906
v 2.69420203 -1.86346881 -2.05947906
v 2.69177910 -2.04292424 -2.06240602
v 2.69421320 -2.04565953 -2.05955449
v 2.69420203 -1.86346881 -2.05947906
v 2.69421320 -2.04565953 -2.05955449
v 2.71974485 -1.89142320 -2.02610735
v 2.71974485 -1.89142320 -2.02610735
v 2.69421320 -2.04565953 -2.05955449
v 2.72271987 -1.89504754 -2.02176888
v 2.72271987 -1.89504754 -2.02176888
v 2.69421320 -2.04565953 -2.05955449
v 2.73405369 -1.90969296 -2.00416576
v 2.73405369 -1.90969296 -2.00416576
v 2.69421320 -2.04565953 -2.05955449
v 2.71779280 -2.07439829 -2.02929527
v 2.73405369 -1.90969296 -2.00416576
v 2.71779280 -2.07439829 -2.02929527
v 2.73155700 -2.09351964 -2.00884547
v 2.76405346 -1.95806623 -1.94563325
v 2.75245365 -1.93715487 -1.97093524
v 2.73432564 -2.09763423 -2.00441051
v 2.75245365 -1.93715487 -1.97093524
v 2.75016706 -1.93342287 -1.97545681
v 2.73432564 -2.09763423 -2.00441051
v 2.73432564 -2.09763423 -2.00441051
v 2.75016706 -1.93342287 -1.97545681
v 2.73405369 -1.90969296 -2.00416576
v 2.79786494 -2.27922834 -1.79302059
v 2.80003827 -2.34948844 -1.70000866
v 2.80001964 -2.16136258 -1.70000866
v 2.73432564 -2.09763423 -2.00441051
v 2.75092404 -2.12475993 -1.97485052
v 2.76405346 -1.95806623 -1.94563325
v 2.76405346 -1.95806623 -1.94563325
v 2.75092404 -2.12475993 -1.97485052
v 2.76418906 -2.15072501 -1.94600057
v 2.76405346 -1.95806623 -1.94563325
v 2.76418906 -2.15072501 -1.94600057
v 2.77702417 -1.98748801 -1.91026423
v 2.77702417 -1.98748801 -1.91026423
v 2.76418906 -2.15072501 -1.94600057
v 2.77389046 -2.17359476 -1.92008726
v 2.77702417 -1.98748801 -1.91026423
v 2.77389046 -2.17359476 -1.92008726
v 2.78412830 -2.00884379 -1.88480187
v 2.78412830 -2.00884379 -1.88480187
v 2.77389046 -2.17359476 -1.92008726
v 2.78406870 -2.20372193 -1.88516267
v 2.78412830 -2.00884379 -1.88480187
v 2.78406870 -2.20372193 -1.88516267
v 2.79096942 -2.03802548 -1.85018014
v 2.79096942 -2.03802548 -1.85018014
v 2.78406870 -2.20372193 -1.88516267
v 2.78961342 -2.22513825 -1.85974315
v 2.79096942 -2.03802548 -1.85018014
v 2.78961342 -2.22513825 -1.85974315
v 2.79454496 -2.06149444 -1.82227772
v 2.79454496 -2.06149444 -1.82227772
v 2.78961342 -2.22513825 -1.85974315
v 2.79786494 -2.27922834 -1.79302059
v 2.79454496 -2.06149444 -1.82227772
v 2.79786494 -2.27922834 -1.79302059
v 2.79864874 -2.10861601 -1.76570788
v 2.79864874 -2.10861601 -1.76570788
v 2.79786494 -2.27922834 -1.79302059
v 2.80001964 -2.16136258 -1.70000866
v 2.89996471 2.22638976 -1.69999432
v 3.55045758 2.22656783 -1.70000773
v 2.89607402 2.19844356 -1.80588868
v 2.89607402 2.19844356 -1.80588868
v 3.55045758 2.22656783 -1.70000773
v 3.55048813 2.18018349 -1.86735839
v 2.72568446 2.01028846 -2.23710500
v 2.77231541 2.04558074 -2.18171962
v 3.55062224 2.05671154 -2.16252450
v 3.55062224 2.05671154 -2.16252450
v 2.77231541 2.04558074 -2.18171962
v 2.81192120 2.07978711 -2.11922340
v 3.55062224 2.05671154 -2.16252450
v 2.81192120 2.07978711 -2.11922340
v 3.55059914 2.08137352 -2.11626980
v 3.55059914 2.08137352 -2.11626980
v 2.81192120 2.07978711 -2.11922340
v 2.84488853 2.11323071 -2.04810072
v 3.55059914 2.08137352 -2.11626980
v 2.84488853 2.11323071 -2.04810072
v 3.55055667 2.11956948 -2.03363094
v 3.55055667 2.11956948 -2.03363094
v 2.84488853 2.11323071 -2.04810072
v 2.86803301 2.14224569 -1.97677128
v 3.55055667 2.11956948 -2.03363094
v 2.86803301 2.14224569 -1.97677128
v 3.55048813 2.18018349 -1.86735839
v 3.55048813 2.18018349 -1.86735839
v 2.86803301 2.14224569 -1.97677128
v 2.88514774 2.17060056 -1.89666618
v 3.55048813 2.18018349 -1.86735839
v 2.88514774 2.17060056 -1.89666618
v 2.89607402 2.19844356 -1.80588868
v 2.67307814 1.97529625 -2.28445642
v 3.55066620 1.93735883 -2.32879259
v 2.65315380 1.96317993 -2.29934603
v 2.65315380 1.96317993 -2.29934603
v 3.55066620 1.93735883 -2.32879259
v 2.61420142 1.94112174 -2.32469719
v 3.55062224 2.05671154 -2.16252450
v 3.55064385 2.02687830 -2.21218262
v 2.72568446 2.01028846 -2.23710500
v 2.72568446 2.01028846 -2.23710500
v 3.55064385 2.02687830 -2.21218262
v 3.55065875 1.99762005 -2.25509722
v 2.72568446 2.01028846 -2.23710500
v 3.55065875 1.99762005 -2.25509722
v 2.67307814 1.97529625 -2.28445642
v 2.67307814 1.97529625 -2.28445642
v 3.55065875 1.99762005 -2.25509722
v 3.55066620 1.96163766 -2.30121221
v 2.67307814 1.97529625 -2.28445642
v 3.55066620 1.96163766 -2.30121221
v 3.55066620 1.93735883 -2.32879259
v 2.50413027 1.88935604 -2.37657540
v 2.54878681 1.90857090 -2.35843621
v 3.55064385 1.86827444 -2.39520743
v 3.55064385 1.86827444 -2.39520743
v 2.54878681 1.90857090 -2.35843621
v 2.58193593 1.92438941 -2.34254822
v 2.61420142 1.94112174 -2.32469719
v 3.55066620 1.93735883 -2.32879259
v 2.58193593 1.92438941 -2.34254822
v 2.58193593 1.92438941 -2.34254822
v 3.55066620 1.93735883 -2.32879259
v 3.55066396 1.92466956 -2.34222244
v 2.58193593 1.92438941 -2.34254822
v 3.55066396 1.92466956 -2.34222244
v 3.55064385 1.86827444 -2.39520743
v 1.98382866 1.79924592 -2.45000012
v 2.00647172 1.79940797 -2.44990028
v 3.55060063 1.79922543 -2.45000012
v 3.55060063 1.79922543 -2.45000012
v 2.00647172 1.79940797 -2.44990028
v 2.11932641 1.80420633 -2.44628731
v 3.55060063 1.79922543 -2.45000012
v 2.11932641 1.80420633 -2.44628731
v 2.21971925 1.81488656 -2.43819766
v 2.21971925 1.81488656 -2.43819766
v 2.31230464 1.83113087 -2.42564995
v 3.55060063 1.79922543 -2.45000012
v 3.55060063 1.79922543 -2.45000012
v 2.31230464 1.83113087 -2.42564995
v 2.39803325 1.85263250 -2.40836777
v 3.55060063 1.79922543 -2.45000012
v 2.39803325 1.85263250 -2.40836777
v 3.55064385 1.86827444 -2.39520743
v 3.55064385 1.86827444 -2.39520743
v 2.39803325 1.85263250 -2.40836777
v 2.47675907 1.87871680 -2.38613226
v 3.55064385 1.86827444 -2.39520743
v 2.47675907 1.87871680 -2.38613226
v 2.50413027 1.88935604 -2.37657540
v 2.87047829 -2.16195304 -1.70000866
v 2.90207993 -2.21108980 -1.70000866
v 2.90239062 -2.21088566 -1.70000866
v 2.90239062 -2.21088566 -1.70000866
v 2.90207993 -2.21108980 -1.70000866
v 2.93446388 -2.25970931 -1.70000866
v 2.32144874 1.68085098 -2.27747764
v 2.29825061 1.67656373 -2.28099879
v 2.31237467 1.67985056 -2.35172287
v 2.88624447 1.99338831 -1.70000866
v 2.86210831 1.96837522 -1.70000773
v 2.86127608 1.95798595 -1.73514560
v 2.96185520 2.07158290 -1.70000773
v 2.92401593 2.03248747 -1.70000866
v 2.95913350 2.05358230 -1.76432319
v 2.95913350 2.05358230 -1.76432319
v 2.92401593 2.03248747 -1.70000866
v 2.95828041 2.05024760 -1.77523606
v 2.92401593 2.03248747 -1.70000866
v 2.88624447 1.99338831 -1.70000866
v 2.95828041 2.05024760 -1.77523606
v 2.95828041 2.05024760 -1.77523606
v 2.88624447 1.99338831 -1.70000866
v 2.86127608 1.95798595 -1.73514560
v 2.95828041 2.05024760 -1.77523606
v 2.86127608 1.95798595 -1.73514560
v 2.94754561 2.02359930 -1.85376368
v 2.94754561 2.02359930 -1.85376368
v 2.86127608 1.95798595 -1.73514560
v 2.85434853 1.93345714 -1.81160495
v 2.85434853 1.93345714 -1.81160495
v 2.85395291 1.93258543 -1.81434304
v 2.94754561 2.02359930 -1.85376368
v 2.94754561 2.02359930 -1.85376368
v 2.85395291 1.93258543 -1.81434304
v 2.84830239 1.92233063 -1.84720643
v 2.94754561 2.02359930 -1.85376368
v 2.84830239 1.92233063 -1.84720643
v 2.92948838 1.99496802 -1.92983057
v 2.92948838 1.99496802 -1.92983057
v 2.84830239 1.92233063 -1.84720643
v 2.84430366 1.91661809 -1.86588243
v 2.84430366 1.91661809 -1.86588243
v 2.83993240 1.91119928 -1.88361797
v 2.92948838 1.99496802 -1.92983057
v 2.92948838 1.99496802 -1.92983057
v 2.83993240 1.91119928 -1.88361797
v 2.82792952 1.89879891 -1.92329623
v 2.92948838 1.99496802 -1.92983057
v 2.82792952 1.89879891 -1.92329623
v 2.90630143 1.96736157 -1.99349727
v 2.90630143 1.96736157 -1.99349727
v 2.82792952 1.89879891 -1.92329623
v 2.81906705 1.89096145 -1.94715541
v 2.90630143 1.96736157 -1.99349727
v 2.81906705 1.89096145 -1.94715541
v 2.89493110 1.95556395 -2.01808084
v 2.89493110 1.95556395 -2.01808084
v 2.81906705 1.89096145 -1.94715541
v 2.81595346 1.88837573 -1.95476655
v 2.81595346 1.88837573 -1.95476655
v 2.80702394 1.88131705 -1.97482631
v 2.89493110 1.95556395 -2.01808084
v 2.89493110 1.95556395 -2.01808084
v 2.80702394 1.88131705 -1.97482631
v 2.79829707 1.87481213 -1.99235212
v 2.89493110 1.95556395 -2.01808084
v 2.79829707 1.87481213 -1.99235212
v 2.87467148 1.93626285 -2.05574650
v 2.87467148 1.93626285 -2.05574650
v 2.79829707 1.87481213 -1.99235212
v 2.79046427 1.86921991 -2.00668201
v 2.87467148 1.93626285 -2.05574650
v 2.79046427 1.86921991 -2.00668201
v 2.83363443 1.90181211 -2.11738683
v 2.59428900 1.76258571 -2.19227131
v 2.74642091 1.84214376 -2.20315177
v 2.65732463 1.79135371 -2.15326529
v 2.65732463 1.79135371 -2.15326529
v 2.74642091 1.84214376 -2.20315177
v 2.79658493 1.87462624 -2.16037389
v 2.65732463 1.79135371 -2.15326529
v 2.79658493 1.87462624 -2.16037389
v 2.70740297 1.81765482 -2.11219024
v 2.70740297 1.81765482 -2.11219024
v 2.79658493 1.87462624 -2.16037389
v 2.83363443 1.90181211 -2.11738683
v 2.70740297 1.81765482 -2.11219024
v 2.83363443 1.90181211 -2.11738683
v 2.75311451 1.84462704 -2.06226651
v 2.75311451 1.84462704 -2.06226651
v 2.83363443 1.90181211 -2.11738683
v 2.79046427 1.86921991 -2.00668201
v 2.55540442 1.74700823 -2.21129209
v 2.62472983 1.77788865 -2.27207132
v 2.59428900 1.76258571 -2.19227131
v 2.59428900 1.76258571 -2.19227131
v 2.62472983 1.77788865 -2.27207132
v 2.69510727 1.81278288 -2.23684516
v 2.59428900 1.76258571 -2.19227131
v 2.69510727 1.81278288 -2.23684516
v 2.74642091 1.84214376 -2.20315177
v 2.55540442 1.74700823 -2.21129209
v 2.55508404 1.74688622 -2.21143551
v 2.62472983 1.77788865 -2.27207132
v 2.62472983 1.77788865 -2.27207132
v 2.55508404 1.74688622 -2.21143551
v 2.52194386 1.73476059 -2.22526453
v 2.62472983 1.77788865 -2.27207132
v 2.52194386 1.73476059 -2.22526453
v 2.55110767 1.74716655 -2.29987316
v 2.52194386 1.73476059 -2.22526453
v 2.51127835 1.73106845 -2.22931374
v 2.55110767 1.74716655 -2.29987316
v 2.55110767 1.74716655 -2.29987316
v 2.51127835 1.73106845 -2.22931374
v 2.49736812 1.72640234 -2.23432705
v 2.55110767 1.74716655 -2.29987316
v 2.49736812 1.72640234 -2.23432705
v 2.48165634 1.72284320 -2.31979638
v 2.48165634 1.72284320 -2.31979638
v 2.49736812 1.72640234 -2.23432705
v 2.47507896 1.71927009 -2.24177092
v 2.48165634 1.72284320 -2.31979638
v 2.47507896 1.71927009 -2.24177092
v 2.44562011 1.71047561 -2.25059837
v 2.40878668 1.70045830 -2.26020161
v 2.41645630 1.70369074 -2.33413763
v 2.43555810 1.70763265 -2.25337222
v 2.43555810 1.70763265 -2.25337222
v 2.41645630 1.70369074 -2.33413763
v 2.48165634 1.72284320 -2.31979638
v 2.43555810 1.70763265 -2.25337222
v 2.48165634 1.72284320 -2.31979638
v 2.43948605 1.70873273 -2.25230344
v 2.43948605 1.70873273 -2.25230344
v 2.48165634 1.72284320 -2.31979638
v 2.44562011 1.71047561 -2.25059837
v 2.40878668 1.70045830 -2.26020161
v 2.36937981 1.69090815 -2.26886123
v 2.41645630 1.70369074 -2.33413763
v 2.41645630 1.70369074 -2.33413763
v 2.36937981 1.69090815 -2.26886123
v 2.36312803 1.68950129 -2.27009654
v 2.41645630 1.70369074 -2.33413763
v 2.36312803 1.68950129 -2.27009654
v 2.31237467 1.67985056 -2.35172287
v 2.31237467 1.67985056 -2.35172287
v 2.36312803 1.68950129 -2.27009654
v 2.34865081 1.68635398 -2.27282401
v 2.31237467 1.67985056 -2.35172287
v 2.34865081 1.68635398 -2.27282401
v 2.32144874 1.68085098 -2.27747764
v 2.29825061 1.67656373 -2.28099879
v 2.29405146 1.67582612 -2.28159484
v 2.31237467 1.67985056 -2.35172287
v 2.31237467 1.67985056 -2.35172287
v 2.29405146 1.67582612 -2.28159484
v 2.26292294 1.67070758 -2.28564125
v 2.31237467 1.67985056 -2.35172287
v 2.26292294 1.67070758 -2.28564125
v 2.20274683 1.66272111 -2.36412417
v 2.20274683 1.66272111 -2.36412417
v 2.26292294 1.67070758 -2.28564125
v 2.24133562 1.66750681 -2.28808131
v 2.20274683 1.66272111 -2.36412417
v 2.24133562 1.66750681 -2.28808131
v 2.22333055 1.66504756 -2.28989925
v 2.22333055 1.66504756 -2.28989925
v 2.21648645 1.66416205 -2.29054000
v 2.20274683 1.66272111 -2.36412417
v 2.20274683 1.66272111 -2.36412417
v 2.21648645 1.66416205 -2.29054000
v 2.20402684 1.66261904 -2.29163691
v 2.20274683 1.66272111 -2.36412417
v 2.20402684 1.66261904 -2.29163691
v 2.19154563 1.66116115 -2.29264684
v 2.16651913 1.65849049 -2.29441002
v 2.14970615 1.65707879 -2.36816667
v 2.17904281 1.65978633 -2.29357090
v 2.17904281 1.65978633 -2.29357090
v 2.14970615 1.65707879 -2.36816667
v 2.20274683 1.66272111 -2.36412417
v 2.17904281 1.65978633 -2.29357090
v 2.20274683 1.66272111 -2.36412417
v 2.18446981 1.66037288 -2.29318049
v 2.18446981 1.66037288 -2.29318049
v 2.20274683 1.66272111 -2.36412417
v 2.19154563 1.66116115 -2.29264684
v 1.97177362 1.64926667 -2.29966547
v 1.97173413 1.64925661 -2.37373691
v 2.06188913 1.65115464 -2.29901001
v 2.06188913 1.65115464 -2.29901001
v 1.97173413 1.64925661 -2.37373691
v 2.08622646 1.65240746 -2.37149801
v 2.06188913 1.65115464 -2.29901001
v 2.08622646 1.65240746 -2.37149801
v 2.15173718 1.65707096 -2.29529869
v 2.15173718 1.65707096 -2.29529869
v 2.08622646 1.65240746 -2.37149801
v 2.14970615 1.65707879 -2.36816667
v 2.15173718 1.65707096 -2.29529869
v 2.14970615 1.65707879 -2.36816667
v 2.15397384 1.65726598 -2.29516439
v 2.15397384 1.65726598 -2.29516439
v 2.14970615 1.65707879 -2.36816667
v 2.16651913 1.65849049 -2.29441002
v 2.79379468 2.08723582 -1.82504505
v 2.79792901 1.94034781 -1.79471225
v 2.79857796 2.10505687 -1.76721662
v 2.79857796 2.10505687 -1.76721662
v 2.79792901 1.94034781 -1.79471225
v 2.80002560 1.96842887 -1.70001667
v 2.79857796 2.10505687 -1.76721662
v 2.80002560 1.96842887 -1.70001667
v 2.80002784 2.12338548 -1.69999078
v 2.78293621 2.06652600 -1.88603587
v 2.79085245 1.91866998 -1.85647067
v 2.79379468 2.08723582 -1.82504505
v 2.79379468 2.08723582 -1.82504505
v 2.79085245 1.91866998 -1.85647067
v 2.79551726 1.93022583 -1.82461049
v 2.79379468 2.08723582 -1.82504505
v 2.79551726 1.93022583 -1.82461049
v 2.79792901 1.94034781 -1.79471225
v 2.76448410 2.04391181 -1.94439944
v 2.76919436 1.88609809 -1.93558391
v 2.77595352 1.89457648 -1.91633236
v 2.76448410 2.04391181 -1.94439944
v 2.77595352 1.89457648 -1.91633236
v 2.78293621 2.06652600 -1.88603587
v 2.78293621 2.06652600 -1.88603587
v 2.77595352 1.89457648 -1.91633236
v 2.78484654 1.90762579 -1.88492499
v 2.78293621 2.06652600 -1.88603587
v 2.78484654 1.90762579 -1.88492499
v 2.79085245 1.91866998 -1.85647067
v 2.70376559 1.99299511 -2.04786081
v 2.72000041 1.84013024 -2.02826876
v 2.71161553 1.99869238 -2.03768760
v 2.71161553 1.99869238 -2.03768760
v 2.72000041 1.84013024 -2.02826876
v 2.74031367 1.85685083 -1.99645981
v 2.71161553 1.99869238 -2.03768760
v 2.74031367 1.85685083 -1.99645981
v 2.73777600 2.01918464 -1.99861508
v 2.73777600 2.01918464 -1.99861508
v 2.74031367 1.85685083 -1.99645981
v 2.75232401 1.86801068 -1.97411235
v 2.73777600 2.01918464 -1.99861508
v 2.75232401 1.86801068 -1.97411235
v 2.76448410 2.04391181 -1.94439944
v 2.76448410 2.04391181 -1.94439944
v 2.75232401 1.86801068 -1.97411235
v 2.76647788 1.88293401 -1.94255784
v 2.76448410 2.04391181 -1.94439944
v 2.76647788 1.88293401 -1.94255784
v 2.76919436 1.88609809 -1.93558391
v 2.47763898 1.72104873 -2.21801419
v 2.48246472 1.72262210 -2.21582912
v 2.46110838 1.87237822 -2.22401861
v 2.46110838 1.87237822 -2.22401861
v 2.48246472 1.72262210 -2.21582912
v 2.50462200 1.73013378 -2.20525339
v 2.46110838 1.87237822 -2.22401861
v 2.50462200 1.73013378 -2.20525339
v 2.48910766 1.88234299 -2.21148320
v 2.48910766 1.88234299 -2.21148320
v 2.50462200 1.73013378 -2.20525339
v 2.51919385 1.73534397 -2.19778400
v 2.48910766 1.88234299 -2.21148320
v 2.51919385 1.73534397 -2.19778400
v 2.51701009 1.89306289 -2.19758973
v 2.51701009 1.89306289 -2.19758973
v 2.51919385 1.73534397 -2.19778400
v 2.53665503 1.74189210 -2.18825229
v 2.51701009 1.89306289 -2.19758973
v 2.53665503 1.74189210 -2.18825229
v 2.55306568 1.90823618 -2.17730403
v 2.55306568 1.90823618 -2.17730403
v 2.53665503 1.74189210 -2.18825229
v 2.57176217 1.75617728 -2.16696505
v 2.55306568 1.90823618 -2.17730403
v 2.57176217 1.75617728 -2.16696505
v 2.56980639 1.91584155 -2.16687638
v 2.56980639 1.91584155 -2.16687638
v 2.57176217 1.75617728 -2.16696505
v 2.62729581 1.78240053 -2.12639328
v 2.56980639 1.91584155 -2.16687638
v 2.62729581 1.78240053 -2.12639328
v 2.61896458 1.94048770 -2.13179067
v 2.61896458 1.94048770 -2.13179067
v 2.62729581 1.78240053 -2.12639328
v 2.66703572 1.80444792 -2.09067930
v 2.61896458 1.94048770 -2.13179067
v 2.66703572 1.80444792 -2.09067930
v 2.66386326 1.96646117 -2.09218264
v 2.66386326 1.96646117 -2.09218264
v 2.66703572 1.80444792 -2.09067930
v 2.67838668 1.81137994 -2.07905527
v 2.66386326 1.96646117 -2.09218264
v 2.67838668 1.81137994 -2.07905527
v 2.70376559 1.99299511 -2.04786081
v 2.70376559 1.99299511 -2.04786081
v 2.67838668 1.81137994 -2.07905527
v 2.70689931 1.83041450 -2.04593893
v 2.70376559 1.99299511 -2.04786081
v 2.70689931 1.83041450 -2.04593893
v 2.72000041 1.84013024 -2.02826876
v 2.34182533 1.83846988 -2.26434190
v 2.42996421 1.70663707 -2.23753881
v 2.40255352 1.85404997 -2.24624649
v 2.40255352 1.85404997 -2.24624649
v 2.42996421 1.70663707 -2.23753881
v 2.43350174 1.70763768 -2.23621074
v 2.40255352 1.85404997 -2.24624649
v 2.43350174 1.70763768 -2.23621074
v 2.46110838 1.87237822 -2.22401861
v 2.46110838 1.87237822 -2.22401861
v 2.43350174 1.70763768 -2.23621074
v 2.46273112 1.71632413 -2.22451147
v 2.46110838 1.87237822 -2.22401861
v 2.46273112 1.71632413 -2.22451147
v 2.47763898 1.72104873 -2.21801419
v 2.27946173 1.82561688 -2.27830932
v 2.27166098 1.67256575 -2.27970779
v 2.29378324 1.67618152 -2.27555074
v 2.29378324 1.67618152 -2.27555074
v 2.30225157 1.67764947 -2.27383655
v 2.27946173 1.82561688 -2.27830932
v 2.27946173 1.82561688 -2.27830932
v 2.30225157 1.67764947 -2.27383655
v 2.33202707 1.68321766 -2.26722378
v 2.27946173 1.82561688 -2.27830932
v 2.33202707 1.68321766 -2.26722378
v 2.34182533 1.83846988 -2.26434190
v 2.34182533 1.83846988 -2.26434190
v 2.33202707 1.68321766 -2.26722378
v 2.35546585 1.68808326 -2.26131473
v 2.34182533 1.83846988 -2.26434190
v 2.35546585 1.68808326 -2.26131473
v 2.42996421 1.70663707 -2.23753881
v 2.27166098 1.67256575 -2.27970779
v 2.27946173 1.82561688 -2.27830932
v 2.24581268 1.66870207 -2.28401460
v 2.24581268 1.66870207 -2.28401460
v 2.27946173 1.82561688 -2.27830932
v 2.20142137 1.81331895 -2.28997711
v 2.24581268 1.66870207 -2.28401460
v 2.20142137 1.81331895 -2.28997711
v 2.22121533 1.66533682 -2.28760205
v 2.22121533 1.66533682 -2.28760205
v 2.20142137 1.81331895 -2.28997711
v 2.15141233 1.80760045 -2.29458064
v 2.22121533 1.66533682 -2.28760205
v 2.15141233 1.80760045 -2.29458064
v 2.15177368 1.73614267 -2.29539778
v 2.15173718 1.65707096 -2.29529869
v 2.15397384 1.65726598 -2.29516439
v 2.15177368 1.73614267 -2.29539778
v 2.15177368 1.73614267 -2.29539778
v 2.15397384 1.65726598 -2.29516439
v 2.17100885 1.65921543 -2.29350198
v 2.17100885 1.65921543 -2.29350198
v 2.17951145 1.66019443 -2.29263101
v 2.15177368 1.73614267 -2.29539778
v 2.15177368 1.73614267 -2.29539778
v 2.17951145 1.66019443 -2.29263101
v 2.18386259 1.66070312 -2.29216553
v 2.15177368 1.73614267 -2.29539778
v 2.18386259 1.66070312 -2.29216553
v 2.19283607 1.66177079 -2.29116268
v 2.19283607 1.66177079 -2.29116268
v 2.20613014 1.66340303 -2.28956956
v 2.15177368 1.73614267 -2.29539778
v 2.15177368 1.73614267 -2.29539778
v 2.20613014 1.66340303 -2.28956956
v 2.21939143 1.66509803 -2.28784923
v 2.15177368 1.73614267 -2.29539778
v 2.21939143 1.66509803 -2.28784923
v 2.22121533 1.66533682 -2.28760205
v 4.15001996 1.64479800 0.14234086
v 4.15001996 1.64999999 -0.00000000
v 4.10001911 1.64999999 -0.00000000
v 4.10001911 1.64999999 -0.00000000
v 4.15001996 1.64999999 -0.00000000
v 4.10001911 1.64479800 -0.14234086
v 4.15001996 1.64999999 -0.00000000
v 4.15001996 1.64479800 -0.14234086
v 4.10001911 1.64479800 -0.14234086
v 4.10001911 1.64479800 -0.14234086
v 4.15001996 1.64479800 -0.14234086
v 4.15001996 1.60334799 -0.42398884
v 4.10001911 1.64479800 -0.14234086
v 4.15001996 1.60334799 -0.42398884
v 4.10001911 1.60334799 -0.42398884
v 4.10001911 1.60334799 -0.42398884
v 4.15001996 1.60334799 -0.42398884
v 4.15001996 1.52133144 -0.69660023
v 4.10001911 1.60334799 -0.42398884
v 4.15001996 1.52133144 -0.69660023
v 4.10001911 1.52133144 -0.69660023
v 4.10001911 1.52133144 -0.69660023
v 4.15001996 1.52133144 -0.69660023
v 4.15001996 1.40049635 -0.95436480
v 4.10001911 1.52133144 -0.69660023
v 4.15001996 1.40049635 -0.95436480
v 4.10001911 1.40049635 -0.95436480
v 4.10001911 1.40049635 -0.95436480
v 4.15001996 1.40049635 -0.95436480
v 4.15001996 1.24341818 -1.19178873
v 4.10001911 1.40049635 -0.95436480
v 4.15001996 1.24341818 -1.19178873
v 4.10001911 1.24341818 -1.19178873
v 4.10001911 1.24341818 -1.19178873
v 4.15001996 1.24341818 -1.19178873
v 4.15001996 1.05344467 -1.40381176
v 4.10001911 1.24341818 -1.19178873
v 4.15001996 1.05344467 -1.40381176
v 4.10001911 1.05344467 -1.40381176
v 4.10001911 1.05344467 -1.40381176
v 4.15001996 1.05344467 -1.40381176
v 4.15001996 0.83462493 -1.58591494
v 4.10001911 1.05344467 -1.40381176
v 4.15001996 0.83462493 -1.58591494
v 4.10001911 0.83462493 -1.58591494
v 4.10001911 0.83462493 -1.58591494
v 4.15001996 0.83462493 -1.58591494
v 4.15001996 0.59162253 -1.73421726
v 4.10001911 0.83462493 -1.58591494
v 4.15001996 0.59162253 -1.73421726
v 4.10001911 0.59162253 -1.73421726
v 4.10001911 0.59162253 -1.73421726
v 4.15001996 0.59162253 -1.73421726
v 4.15001996 0.32961678 -1.84555762
v 4.10001911 0.59162253 -1.73421726
v 4.15001996 0.32961678 -1.84555762
v 4.10001911 0.32961678 -1.84555762
v 4.10001911 0.32961678 -1.84555762
v 4.15001996 0.32961678 -1.84555762
v 4.15001996 0.05419186 -1.91756319
v 4.10001911 0.32961678 -1.84555762
v 4.15001996 0.05419186 -1.91756319
v 4.10001911 0.05419186 -1.91756319
v 4.10001911 0.05419186 -1.91756319
v 4.15001996 0.05419186 -1.91756319
v 4.15001996 -0.22878204 -1.94869917
v 4.10001911 0.05419186 -1.91756319
v 4.15001996 -0.22878204 -1.94869917
v 4.10001911 -0.22878204 -1.94869917
v 4.10001911 -0.22878204 -1.94869917
v 4.15001996 -0.22878204 -1.94869917
v 4.15001996 -0.51327385 -1.93830188
v 4.10001911 -0.22878204 -1.94869917
v 4.15001996 -0.51327385 -1.93830188
v 4.10001911 -0.51327385 -1.93830188
v 4.10001911 -0.51327385 -1.93830188
v 4.15001996 -0.51327385 -1.93830188
v 4.15001996 -0.79322010 -1.88659318
v 4.10001911 -0.51327385 -1.93830188
v 4.15001996 -0.79322010 -1.88659318
v 4.10001911 -0.79322010 -1.88659318
v 4.10001911 -0.79322010 -1.88659318
v 4.15001996 -0.79322010 -1.88659318
v 4.15001996 -1.06265424 -1.79467518
v 4.10001911 -0.79322010 -1.88659318
v 4.15001996 -1.06265424 -1.79467518
v 4.10001911 -1.06265424 -1.79467518
v 4.10001911 -1.06265424 -1.79467518
v 4.15001996 -1.06265424 -1.79467518
v 4.15001996 -1.31583363 -1.66450646
v 4.10001911 -1.06265424 -1.79467518
v 4.15001996 -1.31583363 -1.66450646
v 4.10001911 -1.31583363 -1.66450646
v 4.10001911 -1.31583363 -1.66450646
v 4.15001996 -1.31583363 -1.66450646
v 4.15001996 -1.54736238 -1.49886189
v 4.10001911 -1.31583363 -1.66450646
v 4.15001996 -1.54736238 -1.49886189
v 4.10001911 -1.54736238 -1.49886189
v 4.10001911 -1.54736238 -1.49886189
v 4.15001996 -1.54736238 -1.49886189
v 4.15001996 -1.75230559 -1.30127165
v 4.10001911 -1.54736238 -1.49886189
v 4.15001996 -1.75230559 -1.30127165
v 4.10001911 -1.75230559 -1.30127165
v 4.10001911 -1.75230559 -1.30127165
v 4.15001996 -1.75230559 -1.30127165
v 4.15001996 -1.92629565 -1.07594710
v 4.10001911 -1.75230559 -1.30127165
v 4.15001996 -1.92629565 -1.07594710
v 4.10001911 -1.92629565 -1.07594710
v 4.10001911 -1.92629565 -1.07594710
v 4.15001996 -1.92629565 -1.07594710
v 4.15001996 -2.06562392 -0.82769059
v 4.10001911 -1.92629565 -1.07594710
v 4.15001996 -2.06562392 -0.82769059
v 4.10001911 -2.06562392 -0.82769059
v 4.10001911 -2.06562392 -0.82769059
v 4.15001996 -2.06562392 -0.82769059
v 4.15001996 -2.16732100 -0.56179324
v 4.10001911 -2.06562392 -0.82769059
v 4.15001996 -2.16732100 -0.56179324
v 4.10001911 -2.16732100 -0.56179324
v 4.10001911 -2.16732100 -0.56179324
v 4.15001996 -2.16732100 -0.56179324
v 4.15001996 -2.22921949 -0.28392228
v 4.10001911 -2.16732100 -0.56179324
v 4.15001996 -2.22921949 -0.28392228
v 4.10001911 -2.22921949 -0.28392228
v 4.10001911 -2.22921949 -0.28392228
v 4.15001996 -2.22921949 -0.28392228
v 4.15001996 -2.24999990 -0.00000000
v 4.10001911 -2.22921949 -0.28392228
v 4.15001996 -2.24999990 -0.00000000
v 4.10001911 -2.24999990 -0.00000000
v 4.10001911 -2.24999990 -0.00000000
v 4.15001996 -2.24999990 -0.00000000
v 4.15001996 -2.22921949 0.28392226
v 4.10001911 -2.24999990 -0.00000000
v 4.15001996 -2.22921949 0.28392226
v 4.10001911 -2.22921949 0.28392226
v 4.10001911 -2.22921949 0.28392226
v 4.15001996 -2.22921949 0.28392226
v 4.15001996 -2.16732100 0.56179324
v 4.10001911 -2.22921949 0.28392226
v 4.15001996 -2.16732100 0.56179324
v 4.10001911 -2.16732100 0.56179324
v 4.10001911 -2.16732100 0.56179324
v 4.15001996 -2.16732100 0.56179324
v 4.15001996 -2.06562392 0.82769059
v 4.10001911 -2.16732100 0.56179324
v 4.15001996 -2.06562392 0.82769059
v 4.10001911 -2.06562392 0.82769059
v 4.10001911 -2.06562392 0.82769059
v 4.15001996 -2.06562392 0.82769059
v 4.15001996 -1.92629565 1.07594710
v 4.10001911 -2.06562392 0.82769059
v 4.15001996 -1.92629565 1.07594710
v 4.10001911 -1.92629565 1.07594710
v 4.10001911 -1.92629565 1.07594710
v 4.15001996 -1.92629565 1.07594710
v 4.15001996 -1.75230559 1.30127175
v 4.10001911 -1.92629565 1.07594710
v 4.15001996 -1.75230559 1.30127175
v 4.10001911 -1.75230559 1.30127175
v 4.10001911 -1.75230559 1.30127175
v 4.15001996 -1.75230559 1.30127175
v 4.15001996 -1.54736238 1.49886189
v 4.10001911 -1.75230559 1.30127175
v 4.15001996 -1.54736238 1.49886189
v 4.10001911 -1.54736238 1.49886189
v 4.10001911 -1.54736238 1.49886189
v 4.15001996 -1.54736238 1.49886189
v 4.15001996 -1.31583363 1.66450646
v 4.10001911 -1.54736238 1.49886189
v 4.15001996 -1.31583363 1.66450646
v 4.10001911 -1.31583363 1.66450646
v 4.10001911 -1.31583363 1.66450646
v 4.15001996 -1.31583363 1.66450646
v 4.15001996 -1.06265424 1.79467499
v 4.10001911 -1.31583363 1.66450646
v 4.15001996 -1.06265424 1.79467499
v 4.10001911 -1.06265424 1.79467499
v 4.10001911 -1.06265424 1.79467499
v 4.15001996 -1.06265424 1.79467499
v 4.15001996 -0.79322010 1.88659318
v 4.10001911 -1.06265424 1.79467499
v 4.15001996 -0.79322010 1.88659318
v 4.10001911 -0.79322010 1.88659318
v 4.10001911 -0.79322010 1.88659318
v 4.15001996 -0.79322010 1.88659318
v 4.15001996 -0.51327385 1.93830188
v 4.10001911 -0.79322010 1.88659318
v 4.15001996 -0.51327385 1.93830188
v 4.10001911 -0.51327385 1.93830188
v 4.10001911 -0.51327385 1.93830188
v 4.15001996 -0.51327385 1.93830188
v 4.15001996 -0.22878204 1.94869898
v 4.10001911 -0.51327385 1.93830188
v 4.15001996 -0.22878204 1.94869898
v 4.10001911 -0.22878204 1.94869898
v 4.10001911 -0.22878204 1.94869898
v 4.15001996 -0.22878204 1.94869898
v 4.15001996 0.05419186 1.91756301
v 4.10001911 -0.22878204 1.94869898
v 4.15001996 0.05419186 1.91756301
v 4.10001911 0.05419186 1.91756301
v 4.10001911 0.05419186 1.91756301
v 4.15001996 0.05419186 1.91756301
v 4.15001996 0.32961678 1.84555743
v 4.10001911 0.05419186 1.91756301
v 4.15001996 0.32961678 1.84555743
v 4.10001911 0.32961678 1.84555743
v 4.10001911 0.32961678 1.84555743
v 4.15001996 0.32961678 1.84555743
v 4.15001996 0.59162253 1.73421707
v 4.10001911 0.32961678 1.84555743
v 4.15001996 0.59162253 1.73421707
v 4.10001911 0.59162253 1.73421707
v 4.10001911 0.59162253 1.73421707
v 4.15001996 0.59162253 1.73421707
v 4.15001996 0.83462493 1.58591494
v 4.10001911 0.59162253 1.73421707
v 4.15001996 0.83462493 1.58591494
v 4.10001911 0.83462493 1.58591494
v 4.10001911 0.83462493 1.58591494
v 4.15001996 0.83462493 1.58591494
v 4.15001996 1.05344467 1.40381185
v 4.10001911 0.83462493 1.58591494
v 4.15001996 1.05344467 1.40381185
v 4.10001911 1.05344467 1.40381185
v 4.10001911 1.05344467 1.40381185
v 4.15001996 1.05344467 1.40381185
v 4.15001996 1.24341818 1.19178882
v 4.10001911 1.05344467 1.40381185
v 4.15001996 1.24341818 1.19178882
v 4.10001911 1.24341818 1.19178882
v 4.10001911 1.24341818 1.19178882
v 4.15001996 1.24341818 1.19178882
v 4.15001996 1.40049635 0.95436480
v 4.10001911 1.24341818 1.19178882
v 4.15001996 1.40049635 0.95436480
v 4.10001911 1.40049635 0.95436480
v 4.10001911 1.40049635 0.95436480
v 4.15001996 1.40049635 0.95436480
v 4.15001996 1.52133144 0.69660018
v 4.10001911 1.40049635 0.95436480
v 4.15001996 1.52133144 0.69660018
v 4.10001911 1.52133144 0.69660018
v 4.10001911 1.52133144 0.69660018
v 4.15001996 1.52133144 0.69660018
v 4.15001996 1.60334799 0.42398884
v 4.10001911 1.52133144 0.69660018
v 4.15001996 1.60334799 0.42398884
v 4.10001911 1.60334799 0.42398884
v 4.10001911 1.60334799 0.42398884
v 4.15001996 1.60334799 0.42398884
v 4.15001996 1.64479800 0.14234086
v 4.10001911 1.60334799 0.42398884
v 4.15001996 1.64479800 0.14234086
v 4.10001911 1.64479800 0.14234086
v 4.10001911 1.64479800 0.14234086
v 4.15001996 1.64479800 0.14234086
v 4.10001911 1.64999999 -0.00000000
v 4.15001996 1.64999999 -0.00000000
v 4.15001996 1.64479800 0.14234086
v 4.15001996 -0.30000000 -0.00000000
v 4.15001996 1.64999999 -0.00000000
v 4.15001996 -0.30000000 -0.00000000
v 4.15001996 1.64479800 -0.14234086
v 4.15001996 1.40049635 -0.95436480
v 4.15001996 1.52133144 -0.69660023
v 4.15001996 -0.30000000 -0.00000000
v 4.15001996 -0.30000000 -0.00000000
v 4.15001996 1.52133144 -0.69660023
v 4.15001996 1.60334799 -0.42398884
v 4.15001996 -0.30000000 -0.00000000
v 4.15001996 1.60334799 -0.42398884
v 4.15001996 1.64479800 -0.14234086
v 4.15001996 0.83462493 -1.58591494
v 4.15001996 1.05344467 -1.40381176
v 4.15001996 -0.30000000 -0.00000000
v 4.15001996 -0.30000000 -0.00000000
v 4.15001996 1.05344467 -1.40381176
v 4.15001996 1.24341818 -1.19178873
v 4.15001996 -0.30000000 -0.00000000
v 4.15001996 1.24341818 -1.19178873
v 4.15001996 1.40049635 -0.95436480
v 4.15001996 0.05419186 -1.91756319
v 4.15001996 0.32961678 -1.84555762
v 4.15001996 -0.30000000 -0.00000000
v 4.15001996 -0.30000000 -0.00000000
v 4.15001996 0.32961678 -1.84555762
v 4.15001996 0.59162253 -1.73421726
v 4.15001996 -0.30000000 -0.00000000
v 4.15001996 0.59162253 -1.73421726
v 4.15001996 0.83462493 -1.58591494
v 4.15001996 -0.79322010 -1.88659318
v 4.15001996 -0.51327385 -1.93830188
v 4.15001996 -0.30000000 -0.00000000
v 4.15001996 -0.30000000 -0.00000000
v 4.15001996 -0.51327385 -1.93830188
v 4.15001996 -0.22878204 -1.94869917
v 4.15001996 -0.30000000 -0.00000000
v 4.15001996 -0.22878204 -1.94869917
v 4.15001996 0.05419186 -1.91756319
v 4.15001996 -1.54736238 -1.49886189
v 4.15001996 -1.31583363 -1.66450646
v 4.15001996 -0.30000000 -0.00000000
v 4.15001996 -0.30000000 -0.00000000
v 4.15001996 -1.31583363 -1.66450646
v 4.15001996 -1.06265424 -1.79467518
v 4.15001996 -0.30000000 -0.00000000
v 4.15001996 -1.06265424 -1.79467518
v 4.15001996 -0.79322010 -1.88659318
v 4.15001996 -2.06562392 -0.82769059
v 4.15001996 -1.92629565 -1.07594710
v 4.15001996 -0.30000000 -0.00000000
v 4.15001996 -0.30000000 -0.00000000
v 4.15001996 -1.92629565 -1.07594710
v 4.15001996 -1.75230559 -1.30127165
v 4.15001996 -0.30000000 -0.00000000
v 4.15001996 -1.75230559 -1.30127165
v 4.15001996 -1.54736238 -1.49886189
v 4.15001996 -2.24999990 -0.00000000
v 4.15001996 -2.22921949 -0.28392228
v 4.15001996 -0.30000000 -0.00000000
v 4.15001996 -0.30000000 -0.00000000
v 4.15001996 -2.22921949 -0.28392228
v 4.15001996 -2.16732100 -0.56179324
v 4.15001996 -0.30000000 -0.00000000
v 4.15001996 -2.16732100 -0.56179324
v 4.15001996 -2.06562392 -0.82769059
v 4.15001996 -2.06562392 0.82769059
v 4.15001996 -2.16732100 0.56179324
v 4.15001996 -0.30000000 -0.00000000
v 4.15001996 -0.30000000 -0.00000000
v 4.15001996 -2.16732100 0.56179324
v 4.15001996 -2.22921949 0.28392226
v 4.15001996 -0.30000000 -0.00000000
v 4.15001996 -2.22921949 0.28392226
v 4.15001996 -2.24999990 -0.00000000
v 4.15001996 -1.54736238 1.49886189
v 4.15001996 -1.75230559 1.30127175
v 4.15001996 -0.30000000 -0.00000000
v 4.15001996 -0.30000000 -0.00000000
v 4.15001996 -1.75230559 1.30127175
v 4.15001996 -1.92629565 1.07594710
v 4.15001996 -0.30000000 -0.00000000
v 4.15001996 -1.92629565 1.07594710
v 4.15001996 -2.06562392 0.82769059
v 4.15001996 -0.79322010 1.88659318
v 4.15001996 -1.06265424 1.79467499
v 4.15001996 -0.30000000 -0.00000000
v 4.15001996 -0.30000000 -0.00000000
v 4.15001996 -1.06265424 1.79467499
v 4.15001996 -1.31583363 1.66450646
v 4.15001996 -0.30000000 -0.00000000
v 4.15001996 -1.31583363 1.66450646
v 4.15001996 -1.54736238 1.49886189
v 4.15001996 0.05419186 1.91756301
v 4.15001996 -0.22878204 1.94869898
v 4.15001996 -0.30000000 -0.00000000
v 4.15001996 -0.30000000 -0.00000000
v 4.15001996 -0.22878204 1.94869898
v 4.15001996 -0.51327385 1.93830188
v 4.15001996 -0.30000000 -0.00000000
v 4.15001996 -0.51327385 1.93830188
v 4.15001996 -0.79322010 1.88659318
v 4.15001996 0.83462493 1.58591494
v 4.15001996 0.59162253 1.73421707
v 4.15001996 -0.30000000 -0.00000000
v 4.15001996 -0.30000000 -0.00000000
v 4.15001996 0.59162253 1.73421707
v 4.15001996 0.32961678 1.84555743
v 4.15001996 -0.30000000 -0.00000000
v 4.15001996 0.32961678 1.84555743
v 4.15001996 0.05419186 1.91756301
v 4.15001996 1.40049635 0.95436480
v 4.15001996 1.24341818 1.19178882
v 4.15001996 -0.30000000 -0.00000000
v 4.15001996 -0.30000000 -0.00000000
v 4.15001996 1.24341818 1.19178882
v 4.15001996 1.05344467 1.40381185
v 4.15001996 -0.30000000 -0.00000000
v 4.15001996 1.05344467 1.40381185
v 4.15001996 0.83462493 1.58591494
v 4.15001996 1.64479800 0.14234086
v 4.15001996 1.60334799 0.42398884
v 4.15001996 -0.30000000 -0.00000000
v 4.15001996 -0.30000000 -0.00000000
v 4.15001996 1.60334799 0.42398884
v 4.15001996 1.52133144 0.69660018
v 4.15001996 -0.30000000 -0.00000000
v 4.15001996 1.52133144 0.69660018
v 4.15001996 1.40049635 0.95436480
f 1 2 3
f 4 5 6
f 7 8 9
f 10 11 12
f 13 14 15
f 16 17 18
f 19 20 21
f 22 23 24
f 25 26 27
f 28 29 30
f 31 32 33
f 34 35 36
f 37 38 39
f 40 41 42
f 43 44 45
f 46 47 48
f 49 50 51
f 52 53 54
f 55 56 57
f 58 59 60
f 61 62 63
f 64 65 66
f 67 68 69
f 70 71 72
f 73 74 75
f 76 77 78
f 79 80 81
f 82 83 84
f 85 86 87
f 88 89 90
f 91 92 93
f 94 95 96
f 97 98 99
f 100 101 102
f 103 104 105
f 106 107 108
f 109 110 111
f 112 113 114
f 115 116 117
f 118 119 120
f 121 122 123
f 124 125 126
f 127 128 129
f 130 131 132
f 133 134 135
f 136 137 138
f 139 140 141
f 142 143 144
f 145 146 147
f 148 149 150
f 151 152 153
f 154 155 156
f 157 158 159
f 160 161 162
f 163 164 165
f 166 167 168
f 169 170 171
f 172 173 174
f 175 176 177
f 178 179 180
f 181 182 183
f 184 185 186
f 187 188 189
f 190 191 192
f 193 194 195
f 196 197 198
f 199 200 201
f 202 203 204
f 205 206 207
f 208 209 210
f 211 212 213
f 214 215 216
f 217 218 219
f 220 221 222
f 223 224 225
f 226 227 228
f 229 230 231
f 232 233 234
f 235 236 237
f 238 239 240
f 241 242 243
f 244 245 246
f 247 248 249
f 250 251 252
f 253 254 255
f 256 257 258
f 259 260 261
f 262 263 264
f 265 266 267
f 268 269 270
f 271 272 273
f 274 275 276
f 277 278 279
f 280 281 282
f 283 284 285
f 286 287 288
f 289 290 291
f 292 293 294
f 295 296 297
f 298 299 300
f 301 302 303
f 304 305 306
f 307 308 309
f 310 311 312
f 313 314 315
f 316 317 318
f 319 320 321
f 322 323 324
f 325 326 327
f 328 329 330
f 331 332 333
f 334 335 336
f 337 338 339
f 340 341 342
f 343 344 345
f 346 347 348
f 349 350 351
f 352 353 354
f 355 356 357
f 358 359 360
f 361 362 363
f 364 365 366
f 367 368 369
f 370 371 372
f 373 374 375
f 376 377 378
f 379 380 381
f 382 383 384
f 385 386 387
f 388 389 390
f 391 392 393
f 394 395 396
f 397 398 399
f 400 401 402
f 403 404 405
f 406 407 408
f 409 410 411
f 412 413 414
f 415 416 417
f 418 419 420
f 421 422 423
f 424 425 426
f 427 428 429
f 430 431 432
f 433 434 435
f 436 437 438
f 439 440 441
f 442 443 444
f 445 446 447
f 448 449 450
f 451 452 453
f 454 455 456
f 457 458 459
f 460 461 462
f 463 464 465
f 466 467 468
f 469 470 471
f 472 473 474
f 475 476 477
f 478 479 480
f 481 482 483
f 484 485 486
f 487 488 489
f 490 491 492
f 493 494 495
f 496 497 498
f 499 500 501
f 502 503 504
f 505 506 507
f 508 509 510
f 511 512 513
f 514 515 516
f 517 518 519
f 520 521 522
f 523 524 525
f 526 527 528
f 529 530 531
f 532 533 534
f 535 536 537
f 538 539 540
f 541 542 543
f 544 545 546
f 547 548 549
f 550 551 552
f 553 554 555
f 556 557 558
f 559 560 561
f 562 563 564
f 565 566 567
f 568 569 570
f 571 572 573
f 574 575 576
f 577 578 579
f 580 581 582
f 583 584 585
f 586 587 588
f 589 590 591
f 592 593 594
f 595 596 597
f 598 599 600
f 601 602 603
f 604 605 606
f 607 608 609
f 610 611 612
f 613 614 615
f 616 617 618
f 619 620 621
f 622 623 624
f 625 626 627
f 628 629 630
f 631 632 633
f 634 635 636
f 637 638 639
f 640 641 642
f 643 644 645
f 646 647 648
f 649 650 651
f 652 653 654
f 655 656 657
f 658 659 660
f 661 662 663
f 664 665 666
f 667 668 669
f 670 671 672
f 673 674 675
f 676 677 678
f 679 680 681
f 682 683 684
f 685 686 687
f 688 689 690
f 691 692 693
f 694 695 696
f 697 698 699
f 700 701 702
f 703 704 705
f 706 707 708
f 709 710 711
f 712 713 714
f 715 716 717
f 718 719 720
f 721 722 723
f 724 725 726
f 727 728 729
f 730 731 732
f 733 734 735
f 736 737 738
f 739 740 741
f 742 743 744
f 745 746 747
f 748 749 750
f 751 752 753
f 754 755 756
f 757 758 759
f 760 761 762
f 763 764 765
f 766 767 768
f 769 770 771
f 772 773 774
f 775 776 777
f 778 779 780
f 781 782 783
f 784 785 786
f 787 788 789
f 790 791 792
f 793 794 795
f 796 797 798
f 799 800 801
f 802 803 804
f 805 806 807
f 808 809 810
f 811 812 813
f 814 815 816
f 817 818 819
f 820 821 822
f 823 824 825
f 826 827 828
f 829 830 831
f 832 833 834
f 835 836 837
f 838 839 840
f 841 842 843
f 844 845 846
f 847 848 849
f 850 851 852
f 853 854 855
f 856 857 858
f 859 860 861
f 862 863 864
f 865 866 867
f 868 869 870
f 871 872 873
f 874 875 876
f 877 878 879
f 880 881 882
f 883 884 885
f 886 887 888
f 889 890 891
f 892 893 894
f 895 896 897
f 898 899 900
f 901 902 903
f 904 905 906
f 907 908 909
f 910 911 912
f 913 914 915
f 916 917 918
f 919 920 921
f 922 923 924
f 925 926 927
f 928 929 930
f 931 932 933
f 934 935 936
f 937 938 939
f 940 941 942
f 943 944 945
f 946 947 948
f 949 950 951
f 952 953 954
f 955 956 957
f 958 959 960
f 961 962 963
f 964 965 966
f 967 968 969
f 970 971 972
f 973 974 975
f 976 977 978
f 979 980 981
f 982 983 984
f 985 986 987
f 988 989 990
f 991 992 993
f 994 995 996
f 997 998 999
f 1000 1001 1002
f 1003 1004 1005
f 1006 1007 1008
f 1009 1010 1011
f 1012 1013 1014
f 1015 1016 1017
f 1018 1019 1020
f 1021 1022 1023
f 1024 1025 1026
f 1027 1028 1029
f 1030 1031 1032
f 1033 1034 1035
f 1036 1037 1038
f 1039 1040 1041
f 1042 1043 1044
f 1045 1046 1047
f 1048 1049 1050
f 1051 1052 1053
f 1054 1055 1056
f 1057 1058 1059
f 1060 1061 1062
f 1063 1064 1065
f 1066 1067 1068
f 1069 1070 1071
f 1072 1073 1074
f 1075 1076 1077
f 1078 1079 1080
f 1081 1082 1083
f 1084 1085 1086
f 1087 1088 1089
f 1090 1091 1092
f 1093 1094 1095
f 1096 1097 1098
f 1099 1100 1101
f 1102 1103 1104
f 1105 1106 1107
f 1108 1109 1110
f 1111 1112 1113
f 1114 1115 1116
f 1117 1118 1119
f 1120 1121 1122
f 1123 1124 1125
f 1126 1127 1128
f 1129 1130 1131
f 1132 1133 1134
f 1135 1136 1137
f 1138 1139 1140
f 1141 1142 1143
f 1144 1145 1146
f 1147 1148 1149
f 1150 1151 1152
f 1153 1154 1155
f 1156 1157 1158
f 1159 1160 1161
f 1162 1163 1164
f 1165 1166 1167
f 1168 1169 1170
f 1171 1172 1173
f 1174 1175 1176
f 1177 1178 1179
f 1180 1181 1182
f 1183 1184 1185
f 1186 1187 1188
f 1189 1190 1191
f 1192 1193 1194
f 1195 1196 1197
f 1198 1199 1200
f 1201 1202 1203
f 1204 1205 1206
f 1207 1208 1209
f 1210 1211 1212
f 1213 1214 1215
f 1216 1217 1218
f 1219 1220 1221
f 1222 1223 1224
f 1225 1226 1227
f 1228 1229 1230
f 1231 1232 1233
f 1234 1235 1236
f 1237 1238 1239
f 1240 1241 1242
f 1243 1244 1245
f 1246 1247 1248
f 1249 1250 1251
f 1252 1253 1254
f 1255 1256 1257
f 1258 1259 1260
f 1261 1262 1263
f 1264 1265 1266
f 1267 1268 1269
f 1270 1271 1272
f 1273 1274 1275
f 1276 1277 1278
f 1279 1280 1281
f 1282 1283 1284
f 1285 1286 1287
f 1288 1289 1290
f 1291 1292 1293
f 1294 1295 1296
f 1297 1298 1299
f 1300 1301 1302
f 1303 1304 1305
f 1306 1307 1308
f 1309 1310 1311
f 1312 1313 1314
f 1315 1316 1317
f 1318 1319 1320
f 1321 1322 1323
f 1324 1325 1326
f 1327 1328 1329
f 1330 1331 1332
f 1333 1334 1335
f 1336 1337 1338
f 1339 1340 1341
f 1342 1343 1344
f 1345 1346 1347
f 1348 1349 1350
f 1351 1352 1353
f 1354 1355 1356
f 1357 1358 1359
f 1360 1361 1362
f 1363 1364 1365
f 1366 1367 1368
f 1369 1370 1371
f 1372 1373 1374
f 1375 1376 1377
f 1378 1379 1380
f 1381 1382 1383
f 1384 1385 1386
f 1387 1388 1389
f 1390 1391 1392
f 1393 1394 1395
f 1396 1397 1398
f 1399 1400 1401
f 1402 1403 1404
f 1405 1406 1407
f 1408 1409 1410
f 1411 1412 1413
f 1414 1415 1416
f 1417 1418 1419
f 1420 1421 1422
f 1423 1424 1425
f 1426 1427 1428
f 1429 1430 1431
f 1432 1433 1434
f 1435 1436 1437
f 1438 1439 1440
f 1441 1442 1443
f 1444 1445 1446
f 1447 1448 1449
f 1450 1451 1452
f 1453 1454 1455
f 1456 1457 1458
f 1459 1460 1461
f 1462 1463 1464
f 1465 1466 1467
f 1468 1469 1470
f 1471 1472 1473
f 1474 1475 1476
f 1477 1478 1479
f 1480 1481 1482
f 1483 1484 1485
f 1486 1487 1488
f 1489 1490 1491
f 1492 1493 1494
f 1495 1496 1497
f 1498 1499 1500
f 1501 1502 1503
f 1504 1505 1506
f 1507 1508 1509
f 1510 1511 1512
f 1513 1514 1515
f 1516 1517 1518
f 1519 1520 1521
f 1522 1523 1524
f 1525 1526 1527
f 1528 1529 1530
f 1531 1532 1533
f 1534 1535 1536
f 1537 1538 1539
f 1540 1541 1542
f 1543 1544 1545
f 1546 1547 1548
f 1549 1550 1551
f 1552 1553 1554
f 1555 1556 1557
f 1558 1559 1560
f 1561 1562 1563
f 1564 1565 1566
f 1567 1568 1569
f 1570 1571 1572
f 1573 1574 1575
f 1576 1577 1578
f 1579 1580 1581
f 1582 1583 1584
f 1585 1586 1587
f 1588 1589 1590
f 1591 1592 1593
f 1594 1595 1596
f 1597 1598 1599
f 1600 1601 1602
f 1603 1604 1605
f 1606 1607 1608
f 1609 1610 1611
f 1612 1613 1614
f 1615 1616 1617
f 1618 1619 1620
f 1621 1622 1623
f 1624 1625 1626
f 1627 1628 1629
f 1630 1631 1632
f 1633 1634 1635
f 1636 1637 1638
f 1639 1640 1641
f 1642 1643 1644
f 1645 1646 1647
f 1648 1649 1650
f 1651 1652 1653
f 1654 1655 1656
f 1657 1658 1659
f 1660 1661 1662
f 1663 1664 1665
f 1666 1667 1668
f 1669 1670 1671
f 1672 1673 1674
f 1675 1676 1677
f 1678 1679 1680
f 1681 1682 1683
f 1684 1685 1686
f 1687 1688 1689
f 1690 1691 1692
f 1693 1694 1695
f 1696 1697 1698
f 1699 1700 1701
f 1702 1703 1704
f 1705 1706 1707
f 1708 1709 1710
f 1711 1712 1713
f 1714 1715 1716
f 1717 1718 1719
f 1720 1721 1722
f 1723 1724 1725
f 1726 1727 1728
f 1729 1730 1731
f 1732 1733 1734
f 1735 1736 1737
f 1738 1739 1740
f 1741 1742 1743
f 1744 1745 1746
f 1747 1748 1749
f 1750 1751 1752
f 1753 1754 1755
f 1756 1757 1758
f 1759 1760 1761
f 1762 1763 1764
f 1765 1766 1767
f 1768 1769 1770
f 1771 1772 1773
f 1774 1775 1776
f 1777 1778 1779
f 1780 1781 1782
f 1783 1784 1785
f 1786 1787 1788
f 1789 1790 1791
f 1792 1793 1794
f 1795 1796 1797
f 1798 1799 1800
f 1801 1802 1803
f 1804 1805 1806
f 1807 1808 1809
f 1810 1811 1812
f 1813 1814 1815
f 1816 1817 1818
f 1819 1820 1821
f 1822 1823 1824
f 1825 1826 1827
f 1828 1829 1830
f 1831 1832 1833
f 1834 1835 1836
f 1837 1838 1839
f 1840 1841 1842
f 1843 1844 1845
f 1846 1847 1848
f 1849 1850 1851
f 1852 1853 1854
f 1855 1856 1857
f 1858 1859 1860
f 1861 1862 1863
f 1864 1865 1866
f 1867 1868 1869
f 1870 1871 1872
f 1873 1874 1875
f 1876 1877 1878
f 1879 1880 1881
f 1882 1883 1884
f 1885 1886 1887
f 1888 1889 1890
f 1891 1892 1893
f 1894 1895 1896
f 1897 1898 1899
f 1900 1901 1902
f 1903 1904 1905
f 1906 1907 1908
f 1909 1910 1911
f 1912 1913 1914
f 1915 1916 1917
f 1918 1919 1920
f 1921 1922 1923
f 1924 1925 1926
f 1927 1928 1929
f 1930 1931 1932
f 1933 1934 1935
f 1936 1937 1938
f 1939 1940 1941
f 1942 1943 1944
f 1945 1946 1947
f 1948 1949 1950
f 1951 1952 1953
f 1954 1955 1956
f 1957 1958 1959
f 1960 1961 1962
f 1963 1964 1965
f 1966 1967 1968
f 1969 1970 1971
f 1972 1973 1974
f 1975 1976 1977
f 1978 1979 1980
f 1981 1982 1983
f 1984 1985 1986
f 1987 1988 1989
f 1990 1991 1992
f 1993 1994 1995
f 1996 1997 1998
f 1999 2000 2001
f 2002 2003 2004
f 2005 2006 2007
f 2008 2009 2010
f 2011 2012 2013
f 2014 2015 2016
f 2017 2018 2019
f 2020 2021 2022
f 2023 2024 2025
f 2026 2027 2028
f 2029 2030 2031
f 2032 2033 2034
f 2035 2036 2037
f 2038 2039 2040
f 2041 2042 2043
f 2044 2045 2046
f 2047 2048 2049
f 2050 2051 2052
f 2053 2054 2055
f 2056 2057 2058
f 2059 2060 2061
f 2062 2063 2064
f 2065 2066 2067
f 2068 2069 2070
f 2071 2072 2073
f 2074 2075 2076
f 2077 2078 2079
f 2080 2081 2082
f 2083 2084 2085
f 2086 2087 2088
f 2089 2090 2091
f 2092 2093 2094
f 2095 2096 2097
f 2098 2099 2100
f 2101 2102 2103
f 2104 2105 2106
f 2107 2108 2109
f 2110 2111 2112
f 2113 2114 2115
f 2116 2117 2118
f 2119 2120 2121
f 2122 2123 2124
f 2125 2126 2127
f 2128 2129 2130
f 2131 2132 2133
f 2134 2135 2136
f 2137 2138 2139
f 2140 2141 2142
f 2143 2144 2145
f 2146 2147 2148
f 2149 2150 2151
f 2152 2153 2154
f 2155 2156 2157
f 2158 2159 2160
f 2161 2162 2163
f 2164 2165 2166
f 2167 2168 2169
f 2170 2171 2172
f 2173 2174 2175
f 2176 2177 2178
f 2179 2180 2181
f 2182 2183 2184
f 2185 2186 2187
f 2188 2189 2190
f 2191 2192 2193
f 2194 2195 2196
f 2197 2198 2199
f 2200 2201 2202
f 2203 2204 2205
f 2206 2207 2208
f 2209 2210 2211
f 2212 2213 2214
f 2215 2216 2217
f 2218 2219 2220
f 2221 2222 2223
f 2224 2225 2226
f 2227 2228 2229
f 2230 2231 2232
f 2233 2234 2235
f 2236 2237 2238
f 2239 2240 2241
f 2242 2243 2244
f 2245 2246 2247
f 2248 2249 2250
f 2251 2252 2253
f 2254 2255 2256
f 2257 2258 2259
f 2260 2261 2262
f 2263 2264 2265
f 2266 2267 2268
f 2269 2270 2271
f 2272 2273 2274
f 2275 2276 2277
f 2278 2279 2280
f 2281 2282 2283
f 2284 2285 2286
f 2287 2288 2289
f 2290 2291 2292
f 2293 2294 2295
f 2296 2297 2298
f 2299 2300 2301
f 2302 2303 2304
f 2305 2306 2307
f 2308 2309 2310
f 2311 2312 2313
f 2314 2315 2316
f 2317 2318 2319
f 2320 2321 2322
f 2323 2324 2325
f 2326 2327 2328
f 2329 2330 2331
f 2332 2333 2334
f 2335 2336 2337
f 2338 2339 2340
f 2341 2342 2343
f 2344 2345 2346
f 2347 2348 2349
f 2350 2351 2352
f 2353 2354 2355
f 2356 2357 2358
f 2359 2360 2361
f 2362 2363 2364
f 2365 2366 2367
f 2368 2369 2370
f 2371 2372 2373
f 2374 2375 2376
f 2377 2378 2379
f 2380 2381 2382
f 2383 2384 2385
f 2386 2387 2388
f 2389 2390 2391
f 2392 2393 2394
f 2395 2396 2397
f 2398 2399 2400
f 2401 2402 2403
f 2404 2405 2406
f 2407 2408 2409
f 2410 2411 2412
f 2413 2414 2415
f 2416 2417 2418
f 2419 2420 2421
f 2422 2423 2424
f 2425 2426 2427
f 2428 2429 2430
f 2431 2432 2433
f 2434 2435 2436
f 2437 2438 2439
f 2440 2441 2442
f 2443 2444 2445
f 2446 2447 2448
f 2449 2450 2451
f 2452 2453 2454
f 2455 2456 2457
f 2458 2459 2460
f 2461 2462 2463
f 2464 2465 2466
f 2467 2468 2469
f 2470 2471 2472
f 2473 2474 2475
f 2476 2477 2478
f 2479 2480 2481
f 2482 2483 2484
f 2485 2486 2487
f 2488 2489 2490
f 2491 2492 2493
f 2494 2495 2496
f 2497 2498 2499
f 2500 2501 2502
f 2503 2504 2505
f 2506 2507 2508
f 2509 2510 2511
f 2512 2513 2514
f 2515 2516 2517
f 2518 2519 2520
f 2521 2522 2523
f 2524 2525 2526
f 2527 2528 2529
f 2530 2531 2532
f 2533 2534 2535
f 2536 2537 2538
f 2539 2540 2541
f 2542 2543 2544
f 2545 2546 2547
f 2548 2549 2550
f 2551 2552 2553
f 2554 2555 2556
f 2557 2558 2559
f 2560 2561 2562
f 2563 2564 2565
f 2566 2567 2568
f 2569 2570 2571
f 2572 2573 2574
f 2575 2576 2577
f 2578 2579 2580
f 2581 2582 2583
f 2584 2585 2586
f 2587 2588 2589
f 2590 2591 2592
f 2593 2594 2595
f 2596 2597 2598
f 2599 2600 2601
f 2602 2603 2604
f 2605 2606 2607
f 2608 2609 2610
f 2611 2612 2613
f 2614 2615 2616
f 2617 2618 2619
f 2620 2621 2622
f 2623 2624 2625
f 2626 2627 2628
f 2629 2630 2631
f 2632 2633 2634
f 2635 2636 2637
f 2638 2639 2640
f 2641 2642 2643
f 2644 2645 2646
f 2647 2648 2649
f 2650 2651 2652
f 2653 2654 2655
f 2656 2657 2658
f 2659 2660 2661
f 2662 2663 2664
f 2665 2666 2667
f 2668 2669 2670
f 2671 2672 2673
f 2674 2675 2676
f 2677 2678 2679
f 2680 2681 2682
f 2683 2684 2685
f 2686 2687 2688
f 2689 2690 2691
f 2692 2693 2694
f 2695 2696 2697
f 2698 2699 2700
f 2701 2702 2703
f 2704 2705 2706
f 2707 2708 2709
f 2710 2711 2712
f 2713 2714 2715
f 2716 2717 2718
f 2719 2720 2721
f 2722 2723 2724
f 2725 2726 2727
f 2728 2729 2730
f 2731 2732 2733
f 2734 2735 2736
f 2737 2738 2739
f 2740 2741 2742
f 2743 2744 2745
f 2746 2747 2748
f 2749 2750 2751
f 2752 2753 2754
f 2755 2756 2757
f 2758 2759 2760
f 2761 2762 2763
f 2764 2765 2766
f 2767 2768 2769
f 2770 2771 2772
f 2773 2774 2775
f 2776 2777 2778
f 2779 2780 2781
f 2782 2783 2784
f 2785 2786 2787
f 2788 2789 2790
f 2791 2792 2793
f 2794 2795 2796
f 2797 2798 2799
f 2800 2801 2802
f 2803 2804 2805
f 2806 2807 2808
f 2809 2810 2811
f 2812 2813 2814
f 2815 2816 2817
f 2818 2819 2820
f 2821 2822 2823
f 2824 2825 2826
f 2827 2828 2829
f 2830 2831 2832
f 2833 2834 2835
f 2836 2837 2838
f 2839 2840 2841
f 2842 2843 2844
f 2845 2846 2847
f 2848 2849 2850
f 2851 2852 2853
f 2854 2855 2856
f 2857 2858 2859
f 2860 2861 2862
f 2863 2864 2865
f 2866 2867 2868
f 2869 2870 2871
f 2872 2873 2874
f 2875 2876 2877
f 2878 2879 2880
f 2881 2882 2883
f 2884 2885 2886
f 2887 2888 2889
f 2890 2891 2892
f 2893 2894 2895
f 2896 2897 2898
f 2899 2900 2901
f 2902 2903 2904
f 2905 2906 2907
f 2908 2909 2910
f 2911 2912 2913
f 2914 2915 2916
f 2917 2918 2919
f 2920 2921 2922
f 2923 2924 2925
f 2926 2927 2928
f 2929 2930 2931
f 2932 2933 2934
f 2935 2936 2937
f 2938 2939 2940
f 2941 2942 2943
f 2944 2945 2946
f 2947 2948 2949
f 2950 2951 2952
f 2953 2954 2955
f 2956 2957 2958
f 2959 2960 2961
f 2962 2963 2964
f 2965 2966 2967
f 2968 2969 2970
f 2971 2972 2973
f 2974 2975 2976
f 2977 2978 2979
f 2980 2981 2982
f 2983 2984 2985
f 2986 2987 2988
f 2989 2990 2991
f 2992 2993 2994
f 2995 2996 2997
f 2998 2999 3000
f 3001 3002 3003
f 3004 3005 3006
f 3007 3008 3009
f 3010 3011 3012
f 3013 3014 3015
f 3016 3017 3018
f 3019 3020 3021
f 3022 3023 3024
f 3025 3026 3027
f 3028 3029 3030
f 3031 3032 3033
f 3034 3035 3036
f 3037 3038 3039
f 3040 3041 3042
f 3043 3044 3045
f 3046 3047 3048
f 3049 3050 3051
f 3052 3053 3054
f 3055 3056 3057
f 3058 3059 3060
f 3061 3062 3063
f 3064 3065 3066
f 3067 3068 3069
f 3070 3071 3072
f 3073 3074 3075
f 3076 3077 3078
f 3079 3080 3081
f 3082 3083 3084
f 3085 3086 3087
f 3088 3089 3090
f 3091 3092 3093
f 3094 3095 3096
f 3097 3098 3099
f 3100 3101 3102
f 3103 3104 3105
f 3106 3107 3108
f 3109 3110 3111
f 3112 3113 3114
f 3115 3116 3117
f 3118 3119 3120
f 3121 3122 3123
f 3124 3125 3126
f 3127 3128 3129
f 3130 3131 3132
f 3133 3134 3135
f 3136 3137 3138
f 3139 3140 3141
f 3142 3143 3144
f 3145 3146 3147
f 3148 3149 3150
f 3151 3152 3153
f 3154 3155 3156
f 3157 3158 3159
f 3160 3161 3162
f 3163 3164 3165
f 3166 3167 3168
f 3169 3170 3171
f 3172 3173 3174
f 3175 3176 3177
f 3178 3179 3180
f 3181 3182 3183
f 3184 3185 3186
f 3187 3188 3189
f 3190 3191 3192
f 3193 3194 3195
f 3196 3197 3198
f 3199 3200 3201
f 3202 3203 3204
f 3205 3206 3207
f 3208 3209 3210
f 3211 3212 3213
f 3214 3215 3216
f 3217 3218 3219
f 3220 3221 3222
f 3223 3224 3225
f 3226 3227 3228
f 3229 3230 3231
f 3232 3233 3234
f 3235 3236 3237
f 3238 3239 3240
f 3241 3242 3243
f 3244 3245 3246
f 3247 3248 3249
f 3250 3251 3252
f 3253 3254 3255
f 3256 3257 3258
f 3259 3260 3261
f 3262 3263 3264
f 3265 3266 3267
f 3268 3269 3270
f 3271 3272 3273
f 3274 3275 3276
f 3277 3278 3279
f 3280 3281 3282
f 3283 3284 3285
f 3286 3287 3288
f 3289 3290 3291
f 3292 3293 3294
f 3295 3296 3297
f 3298 3299 3300
f 3301 3302 3303
f 3304 3305 3306
f 3307 3308 3309
f 3310 3311 3312
f 3313 3314 3315
f 3316 3317 3318
f 3319 3320 3321
f 3322 3323 3324
f 3325 3326 3327
f 3328 3329 3330
f 3331 3332 3333
f 3334 3335 3336
f 3337 3338 3339
f 3340 3341 3342
f 3343 3344 3345
f 3346 3347 3348
f 3349 3350 3351
f 3352 3353 3354
f 3355 3356 3357
f 3358 3359 3360
f 3361 3362 3363
f 3364 3365 3366
f 3367 3368 3369
f 3370 3371 3372
f 3373 3374 3375
f 3376 3377 3378
f 3379 3380 3381
f 3382 3383 3384
f 3385 3386 3387
f 3388 3389 3390
f 3391 3392 3393
f 3394 3395 3396
f 3397 3398 3399
f 3400 3401 3402
f 3403 3404 3405
f 3406 3407 3408
f 3409 3410 3411
f 3412 3413 3414
f 3415 3416 3417
f 3418 3419 3420
f 3421 3422 3423
f 3424 3425 3426
f 3427 3428 3429
f 3430 3431 3432
f 3433 3434 3435
f 3436 3437 3438
f 3439 3440 3441
f 3442 3443 3444
f 3445 3446 3447
f 3448 3449 3450
f 3451 3452 3453
f 3454 3455 3456
f 3457 3458 3459
f 3460 3461 3462
f 3463 3464 3465
f 3466 3467 3468
f 3469 3470 3471
f 3472 3473 3474
f 3475 3476 3477
f 3478 3479 3480
f 3481 3482 3483
f 3484 3485 3486
f 3487 3488 3489
f 3490 3491 3492
f 3493 3494 3495
f 3496 3497 3498
f 3499 3500 3501
f 3502 3503 3504
f 3505 3506 3507
f 3508 3509 3510
f 3511 3512 3513
f 3514 3515 3516
f 3517 3518 3519
f 3520 3521 3522
f 3523 3524 3525
f 3526 3527 3528
f 3529 3530 3531
f 3532 3533 3534
f 3535 3536 3537
f 3538 3539 3540
f 3541 3542 3543
f 3544 3545 3546
f 3547 3548 3549
f 3550 3551 3552
f 3553 3554 3555
f 3556 3557 3558
f 3559 3560 3561
f 3562 3563 3564
f 3565 3566 3567
f 3568 3569 3570
f 3571 3572 3573
f 3574 3575 3576
f 3577 3578 3579
f 3580 3581 3582
f 3583 3584 3585
f 3586 3587 3588
f 3589 3590 3591
f 3592 3593 3594
f 3595 3596 3597
f 3598 3599 3600
f 3601 3602 3603
f 3604 3605 3606
f 3607 3608 3609
f 3610 3611 3612
f 3613 3614 3615
f 3616 3617 3618
f 3619 3620 3621
f 3622 3623 3624
f 3625 3626 3627
f 3628 3629 3630
f 3631 3632 3633
f 3634 3635 3636
f 3637 3638 3639
f 3640 3641 3642
f 3643 3644 3645
f 3646 3647 3648
f 3649 3650 3651
f 3652 3653 3654
f 3655 3656 3657
f 3658 3659 3660
f 3661 3662 3663
f 3664 3665 3666
f 3667 3668 3669
f 3670 3671 3672
f 3673 3674 3675
f 3676 3677 3678
f 3679 3680 3681
f 3682 3683 3684
f 3685 3686 3687
f 3688 3689 3690
f 3691 3692 3693
f 3694 3695 3696
f 3697 3698 3699
f 3700 3701 3702
f 3703 3704 3705
f 3706 3707 3708
f 3709 3710 3711
f 3712 3713 3714
f 3715 3716 3717
f 3718 3719 3720
f 3721 3722 3723
f 3724 3725 3726
f 3727 3728 3729
f 3730 3731 3732
f 3733 3734 3735
f 3736 3737 3738
f 3739 3740 3741
f 3742 3743 3744
f 3745 3746 3747
f 3748 3749 3750
f 3751 3752 3753
f 3754 3755 3756
f 3757 3758 3759
f 3760 3761 3762
f 3763 3764 3765
f 3766 3767 3768
f 3769 3770 3771
f 3772 3773 3774
f 3775 3776 3777
f 3778 3779 3780
f 3781 3782 3783
f 3784 3785 3786
f 3787 3788 3789
f 3790 3791 3792
f 3793 3794 3795
f 3796 3797 3798
f 3799 3800 3801
f 3802 3803 3804
f 3805 3806 3807
f 3808 3809 3810
f 3811 3812 3813
f 3814 3815 3816
f 3817 3818 3819
f 3820 3821 3822
f 3823 3824 3825
f 3826 3827 3828
f 3829 3830 3831
f 3832 3833 3834
f 3835 3836 3837
f 3838 3839 3840
f 3841 3842 3843
f 3844 3845 3846
f 3847 3848 3849
f 3850 3851 3852
f 3853 3854 3855
f 3856 3857 3858
f 3859 3860 3861
f 3862 3863 3864
f 3865 3866 3867
f 3868 3869 3870
f 3871 3872 3873
f 3874 3875 3876
f 3877 3878 3879
f 3880 3881 3882
f 3883 3884 3885
f 3886 3887 3888
f 3889 3890 3891
f 3892 3893 3894
f 3895 3896 3897
f 3898 3899 3900
f 3901 3902 3903
f 3904 3905 3906
f 3907 3908 3909
f 3910 3911 3912
f 3913 3914 3915
f 3916 3917 3918
f 3919 3920 3921
f 3922 3923 3924
f 3925 3926 3927
f 3928 3929 3930
f 3931 3932 3933
f 3934 3935 3936
f 3937 3938 3939
f 3940 3941 3942
f 3943 3944 3945
f 3946 3947 3948
f 3949 3950 3951
f 3952 3953 3954
f 3955 3956 3957
f 3958 3959 3960
f 3961 3962 3963
f 3964 3965 3966
f 3967 3968 3969
f 3970 3971 3972
f 3973 3974 3975
f 3976 3977 3978
f 3979 3980 3981
f 3982 3983 3984
f 3985 3986 3987
f 3988 3989 3990
f 3991 3992 3993
f 3994 3995 3996
f 3997 3998 3999
f 4000 4001 4002
f 4003 4004 4005
f 4006 4007 4008
f 4009 4010 4011
f 4012 4013 4014
f 4015 4016 4017
f 4018 4019 4020
f 4021 4022 4023
f 4024 4025 4026
f 4027 4028 4029
f 4030 4031 4032
f 4033 4034 4035
f 4036 4037 4038
f 4039 4040 4041
f 4042 4043 4044
f 4045 4046 4047
f 4048 4049 4050
f 4051 4052 4053
f 4054 4055 4056
f 4057 4058 4059
f 4060 4061 4062
f 4063 4064 4065
f 4066 4067 4068
f 4069 4070 4071
f 4072 4073 4074
f 4075 4076 4077
f 4078 4079 4080
f 4081 4082 4083
f 4084 4085 4086
f 4087 4088 4089
f 4090 4091 4092
f 4093 4094 4095
f 4096 4097 4098
f 4099 4100 4101
f 4102 4103 4104
f 4105 4106 4107
f 4108 4109 4110
f 4111 4112 4113
f 4114 4115 4116
f 4117 4118 4119
f 4120 4121 4122
f 4123 4124 4125
f 4126 4127 4128
f 4129 4130 4131
f 4132 4133 4134
f 4135 4136 4137
f 4138 4139 4140
f 4141 4142 4143
f 4144 4145 4146
f 4147 4148 4149
f 4150 4151 4152
f 4153 4154 4155
f 4156 4157 4158
f 4159 4160 4161
f 4162 4163 4164
f 4165 4166 4167
f 4168 4169 4170
f 4171 4172 4173
f 4174 4175 4176
f 4177 4178 4179
f 4180 4181 4182
f 4183 4184 4185
f 4186 4187 4188
f 4189 4190 4191
f 4192 4193 4194
f 4195 4196 4197
f 4198 4199 4200
f 4201 4202 4203
f 4204 4205 4206
f 4207 4208 4209
f 4210 4211 4212
f 4213 4214 4215
f 4216 4217 4218
f 4219 4220 4221
f 4222 4223 4224
f 4225 4226 4227
f 4228 4229 4230
f 4231 4232 4233
f 4234 4235 4236
f 4237 4238 4239
f 4240 4241 4242
f 4243 4244 4245
f 4246 4247 4248
f 4249 4250 4251
f 4252 4253 4254
f 4255 4256 4257
f 4258 4259 4260
f 4261 4262 4263
f 4264 4265 4266
f 4267 4268 4269
f 4270 4271 4272
f 4273 4274 4275
f 4276 4277 4278
f 4279 4280 4281
f 4282 4283 4284
f 4285 4286 4287
f 4288 4289 4290
f 4291 4292 4293
f 4294 4295 4296
f 4297 4298 4299
f 4300 4301 4302
f 4303 4304 4305
f 4306 4307 4308
f 4309 4310 4311
f 4312 4313 4314
f 4315 4316 4317
f 4318 4319 4320
f 4321 4322 4323
f 4324 4325 4326
f 4327 4328 4329
f 4330 4331 4332
f 4333 4334 4335
f 4336 4337 4338
f 4339 4340 4341
f 4342 4343 4344
f 4345 4346 4347
f 4348 4349 4350
f 4351 4352 4353
f 4354 4355 4356
f 4357 4358 4359
f 4360 4361 4362
f 4363 4364 4365
f 4366 4367 4368
f 4369 4370 4371
f 4372 4373 4374
f 4375 4376 4377
f 4378 4379 4380
f 4381 4382 4383
f 4384 4385 4386
f 4387 4388 4389
f 4390 4391 4392
f 4393 4394 4395
f 4396 4397 4398
f 4399 4400 4401
f 4402 4403 4404
f 4405 4406 4407
f 4408 4409 4410
f 4411 4412 4413
f 4414 4415 4416
f 4417 4418 4419
f 4420 4421 4422
f 4423 4424 4425
f 4426 4427 4428
f 4429 4430 4431
f 4432 4433 4434
f 4435 4436 4437
f 4438 4439 4440
f 4441 4442 4443
f 4444 4445 4446
f 4447 4448 4449
f 4450 4451 4452
f 4453 4454 4455
f 4456 4457 4458
f 4459 4460 4461
f 4462 4463 4464
f 4465 4466 4467
f 4468 4469 4470
f 4471 4472 4473
f 4474 4475 4476
f 4477 4478 4479
f 4480 4481 4482
f 4483 4484 4485
f 4486 4487 4488
f 4489 4490 4491
f 4492 4493 4494
f 4495 4496 4497
f 4498 4499 4500
f 4501 4502 4503
f 4504 4505 4506
f 4507 4508 4509
f 4510 4511 4512
f 4513 4514 4515
f 4516 4517 4518
f 4519 4520 4521
f 4522 4523 4524
f 4525 4526 4527
f 4528 4529 4530
f 4531 4532 4533
f 4534 4535 4536
f 4537 4538 4539
f 4540 4541 4542
f 4543 4544 4545
f 4546 4547 4548
f 4549 4550 4551
f 4552 4553 4554
f 4555 4556 4557
f 4558 4559 4560
f 4561 4562 4563
f 4564 4565 4566
f 4567 4568 4569
f 4570 4571 4572
f 4573 4574 4575
f 4576 4577 4578
f 4579 4580 4581
f 4582 4583 4584
f 4585 4586 4587
f 4588 4589 4590
f 4591 4592 4593
f 4594 4595 4596
f 4597 4598 4599
f 4600 4601 4602
f 4603 4604 4605
f 4606 4607 4608
f 4609 4610 4611
f 4612 4613 4614
f 4615 4616 4617
f 4618 4619 4620
f 4621 4622 4623
f 4624 4625 4626
f 4627 4628 4629
f 4630 4631 4632
f 4633 4634 4635
f 4636 4637 4638
f 4639 4640 4641
f 4642 4643 4644
f 4645 4646 4647
f 4648 4649 4650
f 4651 4652 4653
f 4654 4655 4656
f 4657 4658 4659
f 4660 4661 4662
f 4663 4664 4665
f 4666 4667 4668
f 4669 4670 4671
f 4672 4673 4674
f 4675 4676 4677
f 4678 4679 4680
f 4681 4682 4683
f 4684 4685 4686
f 4687 4688 4689
f 4690 4691 4692
f 4693 4694 4695
f 4696 4697 4698
f 4699 4700 4701
f 4702 4703 4704
f 4705 4706 4707
f 4708 4709 4710
f 4711 4712 4713
f 4714 4715 4716
f 4717 4718 4719
f 4720 4721 4722
f 4723 4724 4725
f 4726 4727 4728
f 4729 4730 4731
f 4732 4733 4734
f 4735 4736 4737
f 4738 4739 4740
f 4741 4742 4743
f 4744 4745 4746
f 4747 4748 4749
f 4750 4751 4752
f 4753 4754 4755
f 4756 4757 4758
f 4759 4760 4761
f 4762 4763 4764
f 4765 4766 4767
f 4768 4769 4770
f 4771 4772 4773
f 4774 4775 4776
f 4777 4778 4779
f 4780 4781 4782
f 4783 4784 4785
f 4786 4787 4788
f 4789 4790 4791
f 4792 4793 4794
f 4795 4796 4797
f 4798 4799 4800
f 4801 4802 4803
f 4804 4805 4806
f 4807 4808 4809
f 4810 4811 4812
f 4813 4814 4815
f 4816 4817 4818
f 4819 4820 4821
f 4822 4823 4824
f 4825 4826 4827
f 4828 4829 4830
f 4831 4832 4833
f 4834 4835 4836
f 4837 4838 4839
f 4840 4841 4842
f 4843 4844 4845
f 4846 4847 4848
f 4849 4850 4851
f 4852 4853 4854
f 4855 4856 4857
f 4858 4859 4860
f 4861 4862 4863
f 4864 4865 4866
f 4867 4868 4869
f 4870 4871 4872
f 4873 4874 4875
f 4876 4877 4878
f 4879 4880 4881
f 4882 4883 4884
f 4885 4886 4887
f 4888 4889 4890
f 4891 4892 4893
f 4894 4895 4896
f 4897 4898 4899
f 4900 4901 4902
f 4903 4904 4905
f 4906 4907 4908
f 4909 4910 4911
f 4912 4913 4914
f 4915 4916 4917
f 4918 4919 4920
f 4921 4922 4923
f 4924 4925 4926
f 4927 4928 4929
f 4930 4931 4932
f 4933 4934 4935
f 4936 4937 4938
f 4939 4940 4941
f 4942 4943 4944
f 4945 4946 4947
f 4948 4949 4950
f 4951 4952 4953
f 4954 4955 4956
f 4957 4958 4959
f 4960 4961 4962
f 4963 4964 4965
f 4966 4967 4968
f 4969 4970 4971
f 4972 4973 4974
f 4975 4976 4977
f 4978 4979 4980
f 4981 4982 4983
f 4984 4985 4986
f 4987 4988 4989
f 4990 4991 4992
f 4993 4994 4995
f 4996 4997 4998
f 4999 5000 5001
f 5002 5003 5004
f 5005 5006 5007
f 5008 5009 5010
f 5011 5012 5013
f 5014 5015 5016
f 5017 5018 5019
f 5020 5021 5022
f 5023 5024 5025
f 5026 5027 5028
f 5029 5030 5031
f 5032 5033 5034
f 5035 5036 5037
f 5038 5039 5040
f 5041 5042 5043
f 5044 5045 5046
f 5047 5048 5049
f 5050 5051 5052
f 5053 5054 5055
f 5056 5057 5058
f 5059 5060 5061
f 5062 5063 5064
f 5065 5066 5067
f 5068 5069 5070
f 5071 5072 5073
f 5074 5075 5076
f 5077 5078 5079
f 5080 5081 5082
f 5083 5084 5085
f 5086 5087 5088
f 5089 5090 5091
f 5092 5093 5094
f 5095 5096 5097
f 5098 5099 5100
f 5101 5102 5103
f 5104 5105 5106
f 5107 5108 5109
f 5110 5111 5112
f 5113 5114 5115
f 5116 5117 5118
f 5119 5120 5121
f 5122 5123 5124
f 5125 5126 5127
f 5128 5129 5130
f 5131 5132 5133
f 5134 5135 5136
f 5137 5138 5139
f 5140 5141 5142
f 5143 5144 5145
f 5146 5147 5148
f 5149 5150 5151
f 5152 5153 5154
f 5155 5156 5157
f 5158 5159 5160
f 5161 5162 5163
f 5164 5165 5166
f 5167 5168 5169
f 5170 5171 5172
f 5173 5174 5175
f 5176 5177 5178
f 5179 5180 5181
f 5182 5183 5184
f 5185 5186 5187
f 5188 5189 5190
f 5191 5192 5193
f 5194 5195 5196
f 5197 5198 5199
f 5200 5201 5202
f 5203 5204 5205
f 5206 5207 5208
f 5209 5210 5211
f 5212 5213 5214
f 5215 5216 5217
f 5218 5219 5220
f 5221 5222 5223
f 5224 5225 5226
f 5227 5228 5229
f 5230 5231 5232
f 5233 5234 5235
f 5236 5237 5238
f 5239 5240 5241
f 5242 5243 5244
f 5245 5246 5247
f 5248 5249 5250
f 5251 5252 5253
f 5254 5255 5256
f 5257 5258 5259
f 5260 5261 5262
f 5263 5264 5265
f 5266 5267 5268
f 5269 5270 5271
f 5272 5273 5274
f 5275 5276 5277
f 5278 5279 5280
f 5281 5282 5283
f 5284 5285 5286
f 5287 5288 5289
f 5290 5291 5292
f 5293 5294 5295
f 5296 5297 5298
f 5299 5300 5301
f 5302 5303 5304
f 5305 5306 5307
f 5308 5309 5310
f 5311 5312 5313
f 5314 5315 5316
f 5317 5318 5319
f 5320 5321 5322
f 5323 5324 5325
f 5326 5327 5328
f 5329 5330 5331
f 5332 5333 5334
f 5335 5336 5337
f 5338 5339 5340
f 5341 5342 5343
f 5344 5345 5346
f 5347 5348 5349
f 5350 5351 5352
f 5353 5354 5355
f 5356 5357 5358
f 5359 5360 5361
f 5362 5363 5364
f 5365 5366 5367
f 5368 5369 5370
f 5371 5372 5373
f 5374 5375 5376
f 5377 5378 5379
f 5380 5381 5382
f 5383 5384 5385
f 5386 5387 5388
f 5389 5390 5391
f 5392 5393 5394
f 5395 5396 5397
f 5398 5399 5400
f 5401 5402 5403
f 5404 5405 5406
f 5407 5408 5409
f 5410 5411 5412
f 5413 5414 5415
f 5416 5417 5418
f 5419 5420 5421
f 5422 5423 5424
f 5425 5426 5427
f 5428 5429 5430
f 5431 5432 5433
f 5434 5435 5436
f 5437 5438 5439
f 5440 5441 5442
f 5443 5444 5445
f 5446 5447 5448
f 5449 5450 5451
f 5452 5453 5454
f 5455 5456 5457
f 5458 5459 5460
f 5461 5462 5463
f 5464 5465 5466
f 5467 5468 5469
f 5470 5471 5472
f 5473 5474 5475
f 5476 5477 5478
f 5479 5480 5481
f 5482 5483 5484
f 5485 5486 5487
f 5488 5489 5490
f 5491 5492 5493
f 5494 5495 5496
f 5497 5498 5499
f 5500 5501 5502
f 5503 5504 5505
f 5506 5507 5508
f 5509 5510 5511
f 5512 5513 5514
f 5515 5516 5517
f 5518 5519 5520
f 5521 5522 5523
f 5524 5525 5526
f 5527 5528 5529
f 5530 5531 5532
f 5533 5534 5535
f 5536 5537 5538
f 5539 5540 5541
f 5542 5543 5544
f 5545 5546 5547
f 5548 5549 5550
f 5551 5552 5553
f 5554 5555 5556
f 5557 5558 5559
f 5560 5561 5562
f 5563 5564 5565
f 5566 5567 5568
f 5569 5570 5571
f 5572 5573 5574
f 5575 5576 5577
f 5578 5579 5580
f 5581 5582 5583
f 5584 5585 5586
f 5587 5588 5589
f 5590 5591 5592
f 5593 5594 5595
f 5596 5597 5598
f 5599 5600 5601
f 5602 5603 5604
f 5605 5606 5607
f 5608 5609 5610
f 5611 5612 5613
f 5614 5615 5616
f 5617 5618 5619
f 5620 5621 5622
f 5623 5624 5625
f 5626 5627 5628
f 5629 5630 5631
f 5632 5633 5634
f 5635 5636 5637
f 5638 5639 5640
f 5641 5642 5643
f 5644 5645 5646
f 5647 5648 5649
f 5650 5651 5652
f 5653 5654 5655
f 5656 5657 5658
f 5659 5660 5661
f 5662 5663 5664
f 5665 5666 5667
f 5668 5669 5670
f 5671 5672 5673
f 5674 5675 5676
f 5677 5678 5679
f 5680 5681 5682
f 5683 5684 5685
f 5686 5687 5688
f 5689 5690 5691
f 5692 5693 5694
f 5695 5696 5697
f 5698 5699 5700
f 5701 5702 5703
f 5704 5705 5706
f 5707 5708 5709
f 5710 5711 5712
f 5713 5714 5715
f 5716 5717 5718
f 5719 5720 5721
f 5722 5723 5724
f 5725 5726 5727
f 5728 5729 5730
f 5731 5732 5733
f 5734 5735 5736
f 5737 5738 5739
f 5740 5741 5742
f 5743 5744 5745
f 5746 5747 5748
f 5749 5750 5751
f 5752 5753 5754
f 5755 5756 5757
f 5758 5759 5760
f 5761 5762 5763
f 5764 5765 5766
f 5767 5768 5769
f 5770 5771 5772
f 5773 5774 5775
f 5776 5777 5778
f 5779 5780 5781
f 5782 5783 5784
f 5785 5786 5787
f 5788 5789 5790
f 5791 5792 5793
f 5794 5795 5796
f 5797 5798 5799
f 5800 5801 5802
f 5803 5804 5805
f 5806 5807 5808
f 5809 5810 5811
f 5812 5813 5814
f 5815 5816 5817
f 5818 5819 5820
f 5821 5822 5823
f 5824 5825 5826
f 5827 5828 5829
f 5830 5831 5832
f 5833 5834 5835
f 5836 5837 5838
f 5839 5840 5841
f 5842 5843 5844
f 5845 5846 5847
f 5848 5849 5850
f 5851 5852 5853
f 5854 5855 5856
f 5857 5858 5859
f 5860 5861 5862
f 5863 5864 5865
f 5866 5867 5868
f 5869 5870 5871
f 5872 5873 5874
f 5875 5876 5877
f 5878 5879 5880
f 5881 5882 5883
f 5884 5885 5886
f 5887 5888 5889
f 5890 5891 5892
f 5893 5894 5895
f 5896 5897 5898
f 5899 5900 5901
f 5902 5903 5904
f 5905 5906 5907
f 5908 5909 5910
f 5911 5912 5913
f 5914 5915 5916
f 5917 5918 5919
f 5920 5921 5922
f 5923 5924 5925
f 5926 5927 5928
f 5929 5930 5931
f 5932 5933 5934
f 5935 5936 5937
f 5938 5939 5940
f 5941 5942 5943
f 5944 5945 5946
f 5947 5948 5949
f 5950 5951 5952
f 5953 5954 5955
f 5956 5957 5958
f 5959 5960 5961
f 5962 5963 5964
f 5965 5966 5967
f 5968 5969 5970
f 5971 5972 5973
f 5974 5975 5976
f 5977 5978 5979
f 5980 5981 5982
f 5983 5984 5985
f 5986 5987 5988
f 5989 5990 5991
f 5992 5993 5994
f 5995 5996 5997
f 5998 5999 6000
f 6001 6002 6003
f 6004 6005 6006
f 6007 6008 6009
f 6010 6011 6012
f 6013 6014 6015
f 6016 6017 6018
f 6019 6020 6021
f 6022 6023 6024
f 6025 6026 6027
f 6028 6029 6030
f 6031 6032 6033
f 6034 6035 6036
f 6037 6038 6039
f 6040 6041 6042
f 6043 6044 6045
f 6046 6047 6048
f 6049 6050 6051
f 6052 6053 6054
f 6055 6056 6057
f 6058 6059 6060
f 6061 6062 6063
f 6064 6065 6066
f 6067 6068 6069
f 6070 6071 6072
f 6073 6074 6075
f 6076 6077 6078
f 6079 6080 6081
f 6082 6083 6084
f 6085 6086 6087
f 6088 6089 6090
f 6091 6092 6093
f 6094 6095 6096
f 6097 6098 6099
f 6100 6101 6102
f 6103 6104 6105
f 6106 6107 6108
f 6109 6110 6111
f 6112 6113 6114
f 6115 6116 6117
f 6118 6119 6120
f 6121 6122 6123
f 6124 6125 6126
f 6127 6128 6129
f 6130 6131 6132
f 6133 6134 6135
f 6136 6137 6138
f 6139 6140 6141
f 6142 6143 6144
f 6145 6146 6147
f 6148 6149 6150
f 6151 6152 6153
f 6154 6155 6156
f 6157 6158 6159
f 6160 6161 6162
f 6163 6164 6165
f 6166 6167 6168
f 6169 6170 6171
f 6172 6173 6174
f 6175 6176 6177
f 6178 6179 6180
f 6181 6182 6183
f 6184 6185 6186
f 6187 6188 6189
f 6190 6191 6192
f 6193 6194 6195
f 6196 6197 6198
f 6199 6200 6201
f 6202 6203 6204
f 6205 6206 6207
f 6208 6209 6210
f 6211 6212 6213
f 6214 6215 6216
f 6217 6218 6219
f 6220 6221 6222
f 6223 6224 6225
f 6226 6227 6228
f 6229 6230 6231
f 6232 6233 6234
f 6235 6236 6237
f 6238 6239 6240
f 6241 6242 6243
f 6244 6245 6246
f 6247 6248 6249
f 6250 6251 6252
f 6253 6254 6255
f 6256 6257 6258
f 6259 6260 6261
f 6262 6263 6264
f 6265 6266 6267
f 6268 6269 6270
f 6271 6272 6273
f 6274 6275 6276
f 6277 6278 6279
f 6280 6281 6282
f 6283 6284 6285
f 6286 6287 6288
f 6289 6290 6291
f 6292 6293 6294
f 6295 6296 6297
f 6298 6299 6300
f 6301 6302 6303
f 6304 6305 6306
f 6307 6308 6309
f 6310 6311 6312
f 6313 6314 6315
f 6316 6317 6318
f 6319 6320 6321
f 6322 6323 6324
f 6325 6326 6327
f 6328 6329 6330
f 6331 6332 6333
f 6334 6335 6336
f 6337 6338 6339
f 6340 6341 6342
f 6343 6344 6345
f 6346 6347 6348
f 6349 6350 6351
f 6352 6353 6354
f 6355 6356 6357
f 6358 6359 6360
f 6361 6362 6363
f 6364 6365 6366
f 6367 6368 6369
f 6370 6371 6372
f 6373 6374 6375
f 6376 6377 6378
f 6379 6380 6381
f 6382 6383 6384
f 6385 6386 6387
f 6388 6389 6390
f 6391 6392 6393
f 6394 6395 6396
f 6397 6398 6399
f 6400 6401 6402
f 6403 6404 6405
f 6406 6407 6408
f 6409 6410 6411
f 6412 6413 6414
f 6415 6416 6417
f 6418 6419 6420
f 6421 6422 6423
f 6424 6425 6426
f 6427 6428 6429
f 6430 6431 6432
f 6433 6434 6435
f 6436 6437 6438
f 6439 6440 6441
f 6442 6443 6444
f 6445 6446 6447
f 6448 6449 6450
f 6451 6452 6453
f 6454 6455 6456
f 6457 6458 6459
f 6460 6461 6462
f 6463 6464 6465
f 6466 6467 6468
f 6469 6470 6471
f 6472 6473 6474
f 6475 6476 6477
f 6478 6479 6480
f 6481 6482 6483
f 6484 6485 6486
f 6487 6488 6489
f 6490 6491 6492
f 6493 6494 6495
f 6496 6497 6498
f 6499 6500 6501
f 6502 6503 6504
f 6505 6506 6507
f 6508 6509 6510
f 6511 6512 6513
f 6514 6515 6516
f 6517 6518 6519
f 6520 6521 6522
f 6523 6524 6525
f 6526 6527 6528
f 6529 6530 6531
f 6532 6533 6534
f 6535 6536 6537
f 6538 6539 6540
f 6541 6542 6543
f 6544 6545 6546
f 6547 6548 6549
f 6550 6551 6552
f 6553 6554 6555
f 6556 6557 6558
f 6559 6560 6561
f 6562 6563 6564
f 6565 6566 6567
f 6568 6569 6570
f 6571 6572 6573
f 6574 6575 6576
f 6577 6578 6579
f 6580 6581 6582
f 6583 6584 6585
f 6586 6587 6588
f 6589 6590 6591
f 6592 6593 6594
f 6595 6596 6597
f 6598 6599 6600
f 6601 6602 6603
f 6604 6605 6606
f 6607 6608 6609
f 6610 6611 6612
f 6613 6614 6615
f 6616 6617 6618
f 6619 6620 6621
f 6622 6623 6624
f 6625 6626 6627
f 6628 6629 6630
f 6631 6632 6633
f 6634 6635 6636
f 6637 6638 6639
f 6640 6641 6642
f 6643 6644 6645
f 6646 6647 6648
f 6649 6650 6651
f 6652 6653 6654
f 6655 6656 6657
f 6658 6659 6660
f 6661 6662 6663
f 6664 6665 6666
f 6667 6668 6669
f 6670 6671 6672
f 6673 6674 6675
f 6676 6677 6678
f 6679 6680 6681
f 6682 6683 6684
f 6685 6686 6687
f 6688 6689 6690
f 6691 6692 6693
f 6694 6695 6696
f 6697 6698 6699
f 6700 6701 6702
f 6703 6704 6705
f 6706 6707 6708
f 6709 6710 6711
f 6712 6713 6714
f 6715 6716 6717
f 6718 6719 6720
f 6721 6722 6723
f 6724 6725 6726
f 6727 6728 6729
f 6730 6731 6732
f 6733 6734 6735
f 6736 6737 6738
f 6739 6740 6741
f 6742 6743 6744
f 6745 6746 6747
f 6748 6749 6750
f 6751 6752 6753
f 6754 6755 6756
f 6757 6758 6759
f 6760 6761 6762
f 6763 6764 6765
f 6766 6767 6768
f 6769 6770 6771
f 6772 6773 6774
f 6775 6776 6777
f 6778 6779 6780
f 6781 6782 6783
f 6784 6785 6786
f 6787 6788 6789
f 6790 6791 6792
f 6793 6794 6795
f 6796 6797 6798
f 6799 6800 6801
f 6802 6803 6804
f 6805 6806 6807
f 6808 6809 6810
f 6811 6812 6813
f 6814 6815 6816
f 6817 6818 6819
f 6820 6821 6822
f 6823 6824 6825
f 6826 6827 6828
f 6829 6830 6831
f 6832 6833 6834
f 6835 6836 6837
f 6838 6839 6840
f 6841 6842 6843
f 6844 6845 6846
f 6847 6848 6849
f 6850 6851 6852
f 6853 6854 6855
f 6856 6857 6858
f 6859 6860 6861
f 6862 6863 6864
f 6865 6866 6867
f 6868 6869 6870
f 6871 6872 6873
f 6874 6875 6876
f 6877 6878 6879
f 6880 6881 6882
f 6883 6884 6885
f 6886 6887 6888
f 6889 6890 6891
f 6892 6893 6894
f 6895 6896 6897
f 6898 6899 6900
f 6901 6902 6903
f 6904 6905 6906
f 6907 6908 6909
f 6910 6911 6912
f 6913 6914 6915
f 6916 6917 6918
f 6919 6920 6921
f 6922 6923 6924
f 6925 6926 6927
f 6928 6929 6930
f 6931 6932 6933
f 6934 6935 6936
f 6937 6938 6939
f 6940 6941 6942
f 6943 6944 6945
f 6946 6947 6948
f 6949 6950 6951
f 6952 6953 6954
f 6955 6956 6957
f 6958 6959 6960
f 6961 6962 6963
f 6964 6965 6966
f 6967 6968 6969
f 6970 6971 6972
f 6973 6974 6975
f 6976 6977 6978
f 6979 6980 6981
f 6982 6983 6984
f 6985 6986 6987
f 6988 6989 6990
f 6991 6992 6993
f 6994 6995 6996
f 6997 6998 6999
f 7000 7001 7002
f 7003 7004 7005
f 7006 7007 7008
f 7009 7010 7011
f 7012 7013 7014
f 7015 7016 7017
f 7018 7019 7020
f 7021 7022 7023
f 7024 7025 7026
f 7027 7028 7029
f 7030 7031 7032
f 7033 7034 7035
f 7036 7037 7038
f 7039 7040 7041
f 7042 7043 7044
f 7045 7046 7047
f 7048 7049 7050
f 7051 7052 7053
f 7054 7055 7056
f 7057 7058 7059
f 7060 7061 7062
f 7063 7064 7065
f 7066 7067 7068
f 7069 7070 7071
f 7072 7073 7074
f 7075 7076 7077
f 7078 7079 7080
f 7081 7082 7083
f 7084 7085 7086
f 7087 7088 7089
f 7090 7091 7092
f 7093 7094 7095
f 7096 7097 7098
f 7099 7100 7101
f 7102 7103 7104
f 7105 7106 7107
f 7108 7109 7110
f 7111 7112 7113
f 7114 7115 7116
f 7117 7118 7119
f 7120 7121 7122
f 7123 7124 7125
f 7126 7127 7128
f 7129 7130 7131
f 7132 7133 7134
f 7135 7136 7137
f 7138 7139 7140
f 7141 7142 7143
f 7144 7145 7146
f 7147 7148 7149
f 7150 7151 7152
f 7153 7154 7155
f 7156 7157 7158
f 7159 7160 7161
f 7162 7163 7164
f 7165 7166 7167
f 7168 7169 7170
f 7171 7172 7173
f 7174 7175 7176
f 7177 7178 7179
f 7180 7181 7182
f 7183 7184 7185
f 7186 7187 7188
f 7189 7190 7191
f 7192 7193 7194
f 7195 7196 7197
f 7198 7199 7200
f 7201 7202 7203
f 7204 7205 7206
f 7207 7208 7209
f 7210 7211 7212
f 7213 7214 7215
f 7216 7217 7218
f 7219 7220 7221
f 7222 7223 7224
f 7225 7226 7227
f 7228 7229 7230
f 7231 7232 7233
f 7234 7235 7236
f 7237 7238 7239
f 7240 7241 7242
f 7243 7244 7245
f 7246 7247 7248
f 7249 7250 7251
f 7252 7253 7254
f 7255 7256 7257
f 7258 7259 7260
f 7261 7262 7263
f 7264 7265 7266
f 7267 7268 7269
f 7270 7271 7272
f 7273 7274 7275
f 7276 7277 7278
f 7279 7280 7281
f 7282 7283 7284
f 7285 7286 7287
f 7288 7289 7290
f 7291 7292 7293
f 7294 7295 7296
f 7297 7298 7299
f 7300 7301 7302
f 7303 7304 7305
f 7306 7307 7308
f 7309 7310 7311
f 7312 7313 7314
f 7315 7316 7317
f 7318 7319 7320
f 7321 7322 7323
f 7324 7325 7326
f 7327 7328 7329
f 7330 7331 7332
f 7333 7334 7335
f 7336 7337 7338
f 7339 7340 7341
f 7342 7343 7344
f 7345 7346 7347
f 7348 7349 7350
f 7351 7352 7353
f 7354 7355 7356
f 7357 7358 7359
f 7360 7361 7362
f 7363 7364 7365
f 7366 7367 7368
f 7369 7370 7371
f 7372 7373 7374
f 7375 7376 7377
f 7378 7379 7380
f 7381 7382 7383
f 7384 7385 7386
f 7387 7388 7389
f 7390 7391 7392
f 7393 7394 7395
f 7396 7397 7398
f 7399 7400 7401
f 7402 7403 7404
f 7405 7406 7407
f 7408 7409 7410
f 7411 7412 7413
f 7414 7415 7416
f 7417 7418 7419
f 7420 7421 7422
f 7423 7424 7425
f 7426 7427 7428
f 7429 7430 7431
f 7432 7433 7434
f 7435 7436 7437
f 7438 7439 7440
f 7441 7442 7443
f 7444 7445 7446
f 7447 7448 7449
f 7450 7451 7452
f 7453 7454 7455
f 7456 7457 7458
f 7459 7460 7461
f 7462 7463 7464
f 7465 7466 7467
f 7468 7469 7470
f 7471 7472 7473
f 7474 7475 7476
f 7477 7478 7479
f 7480 7481 7482
f 7483 7484 7485
f 7486 7487 7488
f 7489 7490 7491
f 7492 7493 7494
f 7495 7496 7497
f 7498 7499 7500
f 7501 7502 7503
f 7504 7505 7506
f 7507 7508 7509
f 7510 7511 7512
f 7513 7514 7515
f 7516 7517 7518
f 7519 7520 7521
f 7522 7523 7524
f 7525 7526 7527
f 7528 7529 7530
f 7531 7532 7533
f 7534 7535 7536
f 7537 7538 7539
f 7540 7541 7542
f 7543 7544 7545
f 7546 7547 7548
f 7549 7550 7551
f 7552 7553 7554
f 7555 7556 7557
f 7558 7559 7560
f 7561 7562 7563
f 7564 7565 7566
f 7567 7568 7569
f 7570 7571 7572
f 7573 7574 7575
f 7576 7577 7578
f 7579 7580 7581
f 7582 7583 7584
f 7585 7586 7587
f 7588 7589 7590
f 7591 7592 7593
f 7594 7595 7596
f 7597 7598 7599
f 7600 7601 7602
f 7603 7604 7605
f 7606 7607 7608
f 7609 7610 7611
f 7612 7613 7614
f 7615 7616 7617
f 7618 7619 7620
f 7621 7622 7623
f 7624 7625 7626
f 7627 7628 7629
f 7630 7631 7632
f 7633 7634 7635
f 7636 7637 7638
f 7639 7640 7641
f 7642 7643 7644
f 7645 7646 7647
f 7648 7649 7650
f 7651 7652 7653
f 7654 7655 7656
f 7657 7658 7659
f 7660 7661 7662
f 7663 7664 7665
f 7666 7667 7668
f 7669 7670 7671
f 7672 7673 7674
f 7675 7676 7677
f 7678 7679 7680
f 7681 7682 7683
f 7684 7685 7686
f 7687 7688 7689
f 7690 7691 7692
f 7693 7694 7695
f 7696 7697 7698
f 7699 7700 7701
f 7702 7703 7704
f 7705 7706 7707
f 7708 7709 7710
f 7711 7712 7713
f 7714 7715 7716
f 7717 7718 7719
f 7720 7721 7722
f 7723 7724 7725
f 7726 7727 7728
f 7729 7730 7731
f 7732 7733 7734
f 7735 7736 7737
f 7738 7739 7740
f 7741 7742 7743
f 7744 7745 7746
f 7747 7748 7749
f 7750 7751 7752
f 7753 7754 7755
f 7756 7757 7758
f 7759 7760 7761
f 7762 7763 7764
f 7765 7766 7767
f 7768 7769 7770
f 7771 7772 7773
f 7774 7775 7776
f 7777 7778 7779
f 7780 7781 7782
f 7783 7784 7785
f 7786 7787 7788
f 7789 7790 7791
f 7792 7793 7794
f 7795 7796 7797
f 7798 7799 7800
f 7801 7802 7803
f 7804 7805 7806
f 7807 7808 7809
f 7810 7811 7812
f 7813 7814 7815
f 7816 7817 7818
f 7819 7820 7821
f 7822 7823 7824
f 7825 7826 7827
f 7828 7829 7830
f 7831 7832 7833
f 7834 7835 7836
f 7837 7838 7839
f 7840 7841 7842
f 7843 7844 7845
f 7846 7847 7848
f 7849 7850 7851
f 7852 7853 7854
f 7855 7856 7857
f 7858 7859 7860
f 7861 7862 7863
f 7864 7865 7866
f 7867 7868 7869
f 7870 7871 7872
f 7873 7874 7875
f 7876 7877 7878
f 7879 7880 7881
f 7882 7883 7884
f 7885 7886 7887
f 7888 7889 7890
f 7891 7892 7893
f 7894 7895 7896
f 7897 7898 7899
f 7900 7901 7902
f 7903 7904 7905
f 7906 7907 7908
f 7909 7910 7911
f 7912 7913 7914
f 7915 7916 7917
f 7918 7919 7920
f 7921 7922 7923
f 7924 7925 7926
f 7927 7928 7929
f 7930 7931 7932
f 7933 7934 7935
f 7936 7937 7938
f 7939 7940 7941
f 7942 7943 7944
f 7945 7946 7947
f 7948 7949 7950
f 7951 7952 7953
f 7954 7955 7956
f 7957 7958 7959
f 7960 7961 7962
f 7963 7964 7965
f 7966 7967 7968
f 7969 7970 7971
f 7972 7973 7974
f 7975 7976 7977
f 7978 7979 7980
f 7981 7982 7983
f 7984 7985 7986
f 7987 7988 7989
f 7990 7991 7992
f 7993 7994 7995
f 7996 7997 7998
f 7999 8000 8001
f 8002 8003 8004
f 8005 8006 8007
f 8008 8009 8010
f 8011 8012 8013
f 8014 8015 8016
f 8017 8018 8019
f 8020 8021 8022
f 8023 8024 8025
f 8026 8027 8028
f 8029 8030 8031
f 8032 8033 8034
f 8035 8036 8037
f 8038 8039 8040
f 8041 8042 8043
f 8044 8045 8046
f 8047 8048 8049
f 8050 8051 8052
f 8053 8054 8055
f 8056 8057 8058
f 8059 8060 8061
f 8062 8063 8064
f 8065 8066 8067
f 8068 8069 8070
f 8071 8072 8073
f 8074 8075 8076
f 8077 8078 8079
f 8080 8081 8082
f 8083 8084 8085
f 8086 8087 8088
f 8089 8090 8091
f 8092 8093 8094
f 8095 8096 8097
f 8098 8099 8100
f 8101 8102 8103
f 8104 8105 8106
f 8107 8108 8109
f 8110 8111 8112
f 8113 8114 8115
f 8116 8117 8118
f 8119 8120 8121
f 8122 8123 8124
f 8125 8126 8127
f 8128 8129 8130
f 8131 8132 8133
f 8134 8135 8136
f 8137 8138 8139
f 8140 8141 8142
f 8143 8144 8145
f 8146 8147 8148
f 8149 8150 8151
f 8152 8153 8154
f 8155 8156 8157
f 8158 8159 8160
f 8161 8162 8163
f 8164 8165 8166
f 8167 8168 8169
f 8170 8171 8172
f 8173 8174 8175
f 8176 8177 8178
f 8179 8180 8181
f 8182 8183 8184
f 8185 8186 8187
f 8188 8189 8190
f 8191 8192 8193
f 8194 8195 8196
f 8197 8198 8199
f 8200 8201 8202
f 8203 8204 8205
f 8206 8207 8208
f 8209 8210 8211
f 8212 8213 8214
f 8215 8216 8217
f 8218 8219 8220
f 8221 8222 8223
f 8224 8225 8226
f 8227 8228 8229
f 8230 8231 8232
f 8233 8234 8235
f 8236 8237 8238
f 8239 8240 8241
f 8242 8243 8244
f 8245 8246 8247
f 8248 8249 8250
f 8251 8252 8253
f 8254 8255 8256
f 8257 8258 8259
f 8260 8261 8262
f 8263 8264 8265
f 8266 8267 8268
f 8269 8270 8271
f 8272 8273 8274
f 8275 8276 8277
f 8278 8279 8280
f 8281 8282 8283
f 8284 8285 8286
f 8287 8288 8289
f 8290 8291 8292
f 8293 8294 8295
f 8296 8297 8298
f 8299 8300 8301
f 8302 8303 8304
f 8305 8306 8307
f 8308 8309 8310
f 8311 8312 8313
f 8314 8315 8316
f 8317 8318 8319
f 8320 8321 8322
f 8323 8324 8325
f 8326 8327 8328
f 8329 8330 8331
f 8332 8333 8334
f 8335 8336 8337
f 8338 8339 8340
f 8341 8342 8343
f 8344 8345 8346
f 8347 8348 8349
f 8350 8351 8352
f 8353 8354 8355
f 8356 8357 8358
f 8359 8360 8361
f 8362 8363 8364
f 8365 8366 8367
f 8368 8369 8370
f 8371 8372 8373
f 8374 8375 8376
f 8377 8378 8379
f 8380 8381 8382
f 8383 8384 8385
f 8386 8387 8388
f 8389 8390 8391
f 8392 8393 8394
f 8395 8396 8397
f 8398 8399 8400
f 8401 8402 8403
f 8404 8405 8406
f 8407 8408 8409
f 8410 8411 8412
f 8413 8414 8415
f 8416 8417 8418
f 8419 8420 8421
f 8422 8423 8424
f 8425 8426 8427
f 8428 8429 8430
f 8431 8432 8433
f 8434 8435 8436
f 8437 8438 8439
f 8440 8441 8442
f 8443 8444 8445
f 8446 8447 8448
f 8449 8450 8451
f 8452 8453 8454
f 8455 8456 8457
f 8458 8459 8460
f 8461 8462 8463
f 8464 8465 8466
f 8467 8468 8469
f 8470 8471 8472
f 8473 8474 8475
f 8476 8477 8478
f 8479 8480 8481
f 8482 8483 8484
f 8485 8486 8487
f 8488 8489 8490
f 8491 8492 8493
f 8494 8495 8496
f 8497 8498 8499
f 8500 8501 8502
f 8503 8504 8505
f 8506 8507 8508
f 8509 8510 8511
f 8512 8513 8514
f 8515 8516 8517
f 8518 8519 8520
f 8521 8522 8523
f 8524 8525 8526
f 8527 8528 8529
f 8530 8531 8532
f 8533 8534 8535
f 8536 8537 8538
f 8539 8540 8541
f 8542 8543 8544
f 8545 8546 8547
f 8548 8549 8550
f 8551 8552 8553
f 8554 8555 8556
f 8557 8558 8559
f 8560 8561 8562
f 8563 8564 8565
f 8566 8567 8568
f 8569 8570 8571
f 8572 8573 8574
f 8575 8576 8577
f 8578 8579 8580
f 8581 8582 8583
f 8584 8585 8586
f 8587 8588 8589
f 8590 8591 8592
f 8593 8594 8595
f 8596 8597 8598
f 8599 8600 8601
f 8602 8603 8604
f 8605 8606 8607
f 8608 8609 8610
f 8611 8612 8613
f 8614 8615 8616
f 8617 8618 8619
f 8620 8621 8622
f 8623 8624 8625
f 8626 8627 8628
f 8629 8630 8631
f 8632 8633 8634
f 8635 8636 8637
f 8638 8639 8640
f 8641 8642 8643
f 8644 8645 8646
f 8647 8648 8649
f 8650 8651 8652
f 8653 8654 8655
f 8656 8657 8658
f 8659 8660 8661
f 8662 8663 8664
f 8665 8666 8667
f 8668 8669 8670
f 8671 8672 8673
f 8674 8675 8676
f 8677 8678 8679
f 8680 8681 8682
f 8683 8684 8685
f 8686 8687 8688
f 8689 8690 8691
f 8692 8693 8694
f 8695 8696 8697
f 8698 8699 8700
f 8701 8702 8703
f 8704 8705 8706
f 8707 8708 8709
f 8710 8711 8712
f 8713 8714 8715
f 8716 8717 8718
f 8719 8720 8721
f 8722 8723 8724
f 8725 8726 8727
f 8728 8729 8730
f 8731 8732 8733
f 8734 8735 8736
f 8737 8738 8739
f 8740 8741 8742
f 8743 8744 8745
f 8746 8747 8748
f 8749 8750 8751
f 8752 8753 8754
f 8755 8756 8757
f 8758 8759 8760
f 8761 8762 8763
f 8764 8765 8766
f 8767 8768 8769
f 8770 8771 8772
f 8773 8774 8775
f 8776 8777 8778
f 8779 8780 8781
f 8782 8783 8784
f 8785 8786 8787
f 8788 8789 8790
f 8791 8792 8793
f 8794 8795 8796
f 8797 8798 8799
f 8800 8801 8802
f 8803 8804 8805
f 8806 8807 8808
f 8809 8810 8811
f 8812 8813 8814
f 8815 8816 8817
f 8818 8819 8820
f 8821 8822 8823
f 8824 8825 8826
f 8827 8828 8829
f 8830 8831 8832
f 8833 8834 8835
f 8836 8837 8838
f 8839 8840 8841
f 8842 8843 8844
f 8845 8846 8847
f 8848 8849 8850
f 8851 8852 8853
f 8854 8855 8856
f 8857 8858 8859
f 8860 8861 8862
f 8863 8864 8865
f 8866 8867 8868
f 8869 8870 8871
f 8872 8873 8874
f 8875 8876 8877
f 8878 8879 8880
f 8881 8882 8883
f 8884 8885 8886
f 8887 8888 8889
f 8890 8891 8892
f 8893 8894 8895
f 8896 8897 8898
f 8899 8900 8901
f 8902 8903 8904
f 8905 8906 8907
f 8908 8909 8910
f 8911 8912 8913
f 8914 8915 8916
f 8917 8918 8919
f 8920 8921 8922
f 8923 8924 8925
f 8926 8927 8928
f 8929 8930 8931
f 8932 8933 8934
f 8935 8936 8937
f 8938 8939 8940
f 8941 8942 8943
f 8944 8945 8946
f 8947 8948 8949
f 8950 8951 8952
f 8953 8954 8955
f 8956 8957 8958
f 8959 8960 8961
f 8962 8963 8964
f 8965 8966 8967
f 8968 8969 8970
f 8971 8972 8973
f 8974 8975 8976
f 8977 8978 8979
f 8980 8981 8982
f 8983 8984 8985
f 8986 8987 8988
f 8989 8990 8991
f 8992 8993 8994
f 8995 8996 8997
f 8998 8999 9000
f 9001 9002 9003
f 9004 9005 9006
f 9007 9008 9009
f 9010 9011 9012
f 9013 9014 9015
f 9016 9017 9018
f 9019 9020 9021
f 9022 9023 9024
f 9025 9026 9027
f 9028 9029 9030
f 9031 9032 9033
f 9034 9035 9036
f 9037 9038 9039
f 9040 9041 9042
f 9043 9044 9045
f 9046 9047 9048
f 9049 9050 9051
f 9052 9053 9054
f 9055 9056 9057
f 9058 9059 9060
f 9061 9062 9063
f 9064 9065 9066
f 9067 9068 9069
f 9070 9071 9072
f 9073 9074 9075
f 9076 9077 9078
f 9079 9080 9081
f 9082 9083 9084
f 9085 9086 9087
f 9088 9089 9090
f 9091 9092 9093
f 9094 9095 9096
f 9097 9098 9099
f 9100 9101 9102
f 9103 9104 9105
f 9106 9107 9108
f 9109 9110 9111
f 9112 9113 9114
f 9115 9116 9117
f 9118 9119 9120
f 9121 9122 9123
f 9124 9125 9126
f 9127 9128 9129
f 9130 9131 9132
f 9133 9134 9135
f 9136 9137 9138
f 9139 9140 9141
f 9142 9143 9144
f 9145 9146 9147
f 9148 9149 9150
f 9151 9152 9153
f 9154 9155 9156
f 9157 9158 9159
f 9160 9161 9162
f 9163 9164 9165
f 9166 9167 9168
f 9169 9170 9171
f 9172 9173 9174
f 9175 9176 9177
f 9178 9179 9180
f 9181 9182 9183
f 9184 9185 9186
f 9187 9188 9189
f 9190 9191 9192
f 9193 9194 9195
f 9196 9197 9198
f 9199 9200 9201
f 9202 9203 9204
f 9205 9206 9207
f 9208 9209 9210
f 9211 9212 9213
f 9214 9215 9216
f 9217 9218 9219
f 9220 9221 9222
f 9223 9224 9225
f 9226 9227 9228
f 9229 9230 9231
f 9232 9233 9234
f 9235 9236 9237
f 9238 9239 9240
f 9241 9242 9243
f 9244 9245 9246
f 9247 9248 9249
f 9250 9251 9252
f 9253 9254 9255
f 9256 9257 9258
f 9259 9260 9261
f 9262 9263 9264
f 9265 9266 9267
f 9268 9269 9270
f 9271 9272 9273
f 9274 9275 9276
f 9277 9278 9279
f 9280 9281 9282
f 9283 9284 9285
f 9286 9287 9288
f 9289 9290 9291
f 9292 9293 9294
f 9295 9296 9297
f 9298 9299 9300
f 9301 9302 9303
f 9304 9305 9306
f 9307 9308 9309
f 9310 9311 9312
f 9313 9314 9315
f 9316 9317 9318
f 9319 9320 9321
f 9322 9323 9324
f 9325 9326 9327
f 9328 9329 9330
f 9331 9332 9333
f 9334 9335 9336
f 9337 9338 9339
f 9340 9341 9342
f 9343 9344 9345
f 9346 9347 9348
f 9349 9350 9351
f 9352 9353 9354
f 9355 9356 9357
f 9358 9359 9360
f 9361 9362 9363
f 9364 9365 9366
f 9367 9368 9369
f 9370 9371 9372
f 9373 9374 9375
f 9376 9377 9378
f 9379 9380 9381
f 9382 9383 9384
f 9385 9386 9387
f 9388 9389 9390
f 9391 9392 9393
f 9394 9395 9396
f 9397 9398 9399
f 9400 9401 9402
f 9403 9404 9405
f 9406 9407 9408
f 9409 9410 9411
f 9412 9413 9414
f 9415 9416 9417
f 9418 9419 9420
f 9421 9422 9423
f 9424 9425 9426
f 9427 9428 9429
f 9430 9431 9432
f 9433 9434 9435
f 9436 9437 9438
f 9439 9440 9441
f 9442 9443 9444
f 9445 9446 9447
f 9448 9449 9450
f 9451 9452 9453
f 9454 9455 9456
f 9457 9458 9459
f 9460 9461 9462
f 9463 9464 9465
f 9466 9467 9468
f 9469 9470 9471
f 9472 9473 9474
f 9475 9476 9477
f 9478 9479 9480
f 9481 9482 9483
f 9484 9485 9486
f 9487 9488 9489
f 9490 9491 9492
f 9493 9494 9495
f 9496 9497 9498
f 9499 9500 9501
f 9502 9503 9504
f 9505 9506 9507
f 9508 9509 9510
f 9511 9512 9513
f 9514 9515 9516
f 9517 9518 9519
f 9520 9521 9522
f 9523 9524 9525
f 9526 9527 9528
f 9529 9530 9531
f 9532 9533 9534
f 9535 9536 9537
f 9538 9539 9540
f 9541 9542 9543
f 9544 9545 9546
f 9547 9548 9549
f 9550 9551 9552
f 9553 9554 9555
f 9556 9557 9558
f 9559 9560 9561
f 9562 9563 9564
f 9565 9566 9567
f 9568 9569 9570
f 9571 9572 9573
f 9574 9575 9576
f 9577 9578 9579
f 9580 9581 9582
f 9583 9584 9585
f 9586 9587 9588
f 9589 9590 9591
f 9592 9593 9594
f 9595 9596 9597
f 9598 9599 9600
f 9601 9602 9603
f 9604 9605 9606
f 9607 9608 9609
f 9610 9611 9612
f 9613 9614 9615
f 9616 9617 9618
f 9619 9620 9621
f 9622 9623 9624
f 9625 9626 9627
f 9628 9629 9630
f 9631 9632 9633
f 9634 9635 9636
f 9637 9638 9639
f 9640 9641 9642
f 9643 9644 9645
f 9646 9647 9648
f 9649 9650 9651
f 9652 9653 9654
f 9655 9656 9657
f 9658 9659 9660
f 9661 9662 9663
f 9664 9665 9666
f 9667 9668 9669
f 9670 9671 9672
f 9673 9674 9675
f 9676 9677 9678
f 9679 9680 9681
f 9682 9683 9684
f 9685 9686 9687
f 9688 9689 9690
f 9691 9692 9693
f 9694 9695 9696
f 9697 9698 9699
f 9700 9701 9702
f 9703 9704 9705
f 9706 9707 9708
f 9709 9710 9711
f 9712 9713 9714
f 9715 9716 9717
f 9718 9719 9720
f 9721 9722 9723
f 9724 9725 9726
f 9727 9728 9729
f 9730 9731 9732
f 9733 9734 9735
f 9736 9737 9738
f 9739 9740 9741
f 9742 9743 9744
f 9745 9746 9747
f 9748 9749 9750
f 9751 9752 9753
f 9754 9755 9756
f 9757 9758 9759
f 9760 9761 9762
f 9763 9764 9765
f 9766 9767 9768
f 9769 9770 9771
f 9772 9773 9774
f 9775 9776 9777
f 9778 9779 9780
f 9781 9782 9783
f 9784 9785 9786
f 9787 9788 9789
f 9790 9791 9792
f 9793 9794 9795
f 9796 9797 9798
f 9799 9800 9801
f 9802 9803 9804
f 9805 9806 9807
f 9808 9809 9810
f 9811 9812 9813
f 9814 9815 9816
f 9817 9818 9819
f 9820 9821 9822
f 9823 9824 9825
f 9826 9827 9828
f 9829 9830 9831
f 9832 9833 9834
f 9835 9836 9837
f 9838 9839 9840
f 9841 9842 9843
f 9844 9845 9846
f 9847 9848 9849
f 9850 9851 9852
f 9853 9854 9855
f 9856 9857 9858
f 9859 9860 9861
f 9862 9863 9864
f 9865 9866 9867
f 9868 9869 9870
f 9871 9872 9873
f 9874 9875 9876
f 9877 9878 9879
f 9880 9881 9882
f 9883 9884 9885
f 9886 9887 9888
f 9889 9890 9891
f 9892 9893 9894
f 9895 9896 9897
f 9898 9899 9900
f 9901 9902 9903
f 9904 9905 9906
f 9907 9908 9909
f 9910 9911 9912
f 9913 9914 9915
f 9916 9917 9918
f 9919 9920 9921
f 9922 9923 9924
f 9925 9926 9927
f 9928 9929 9930
f 9931 9932 9933
f 9934 9935 9936
f 9937 9938 9939
f 9940 9941 9942
f 9943 9944 9945
f 9946 9947 9948
f 9949 9950 9951
f 9952 9953 9954
f 9955 9956 9957
f 9958 9959 9960
f 9961 9962 9963
f 9964 9965 9966
f 9967 9968 9969
f 9970 9971 9972
f 9973 9974 9975
f 9976 9977 9978
f 9979 9980 9981
f 9982 9983 9984
f 9985 9986 9987
f 9988 9989 9990
f 9991 9992 9993
f 9994 9995 9996
f 9997 9998 9999
f 10000 10001 10002
f 10003 10004 10005
f 10006 10007 10008
f 10009 10010 10011
f 10012 10013 10014
f 10015 10016 10017
f 10018 10019 10020
f 10021 10022 10023
f 10024 10025 10026
f 10027 10028 10029
f 10030 10031 10032
f 10033 10034 10035
f 10036 10037 10038
f 10039 10040 10041
f 10042 10043 10044
f 10045 10046 10047
f 10048 10049 10050
f 10051 10052 10053
f 10054 10055 10056
f 10057 10058 10059
f 10060 10061 10062
f 10063 10064 10065
f 10066 10067 10068
f 10069 10070 10071
f 10072 10073 10074
f 10075 10076 10077
f 10078 10079 10080
f 10081 10082 10083
f 10084 10085 10086
f 10087 10088 10089
f 10090 10091 10092
f 10093 10094 10095
f 10096 10097 10098
f 10099 10100 10101
f 10102 10103 10104
f 10105 10106 10107
f 10108 10109 10110
f 10111 10112 10113
f 10114 10115 10116
f 10117 10118 10119
f 10120 10121 10122
f 10123 10124 10125
f 10126 10127 10128
f 10129 10130 10131
f 10132 10133 10134
f 10135 10136 10137
f 10138 10139 10140
f 10141 10142 10143
f 10144 10145 10146
f 10147 10148 10149
f 10150 10151 10152
f 10153 10154 10155
f 10156 10157 10158
f 10159 10160 10161
f 10162 10163 10164
f 10165 10166 10167
f 10168 10169 10170
f 10171 10172 10173
f 10174 10175 10176
f 10177 10178 10179
f 10180 10181 10182
f 10183 10184 10185
f 10186 10187 10188
f 10189 10190 10191
f 10192 10193 10194
f 10195 10196 10197
f 10198 10199 10200
f 10201 10202 10203
f 10204 10205 10206
f 10207 10208 10209
f 10210 10211 10212
f 10213 10214 10215
f 10216 10217 10218
f 10219 10220 10221
f 10222 10223 10224
f 10225 10226 10227
f 10228 10229 10230
f 10231 10232 10233
f 10234 10235 10236
f 10237 10238 10239
f 10240 10241 10242
f 10243 10244 10245
f 10246 10247 10248
f 10249 10250 10251
f 10252 10253 10254
f 10255 10256 10257
f 10258 10259 10260
f 10261 10262 10263
f 10264 10265 10266
f 10267 10268 10269
f 10270 10271 10272
f 10273 10274 10275
f 10276 10277 10278
f 10279 10280 10281
f 10282 10283 10284
f 10285 10286 10287
f 10288 10289 10290
f 10291 10292 10293
f 10294 10295 10296
f 10297 10298 10299
f 10300 10301 10302
f 10303 10304 10305
f 10306 10307 10308
f 10309 10310 10311
f 10312 10313 10314
f 10315 10316 10317
f 10318 10319 10320
f 10321 10322 10323
f 10324 10325 10326
f 10327 10328 10329
f 10330 10331 10332
f 10333 10334 10335
f 10336 10337 10338
f 10339 10340 10341
f 10342 10343 10344
f 10345 10346 10347
f 10348 10349 10350
f 10351 10352 10353
f 10354 10355 10356
f 10357 10358 10359
f 10360 10361 10362
f 10363 10364 10365
f 10366 10367 10368
f 10369 10370 10371
f 10372 10373 10374
f 10375 10376 10377
f 10378 10379 10380
f 10381 10382 10383
f 10384 10385 10386
f 10387 10388 10389
f 10390 10391 10392
f 10393 10394 10395
f 10396 10397 10398
f 10399 10400 10401
f 10402 10403 10404
f 10405 10406 10407
f 10408 10409 10410
f 10411 10412 10413
f 10414 10415 10416
f 10417 10418 10419
f 10420 10421 10422
f 10423 10424 10425
f 10426 10427 10428
f 10429 10430 10431
f 10432 10433 10434
f 10435 10436 10437
f 10438 10439 10440
f 10441 10442 10443
f 10444 10445 10446
f 10447 10448 10449
f 10450 10451 10452
f 10453 10454 10455
f 10456 10457 10458
f 10459 10460 10461
f 10462 10463 10464
f 10465 10466 10467
f 10468 10469 10470
f 10471 10472 10473
f 10474 10475 10476
f 10477 10478 10479
f 10480 10481 10482
f 10483 10484 10485
f 10486 10487 10488
f 10489 10490 10491
f 10492 10493 10494
f 10495 10496 10497
f 10498 10499 10500
f 10501 10502 10503
f 10504 10505 10506
f 10507 10508 10509
f 10510 10511 10512
f 10513 10514 10515
f 10516 10517 10518
f 10519 10520 10521
f 10522 10523 10524
f 10525 10526 10527
f 10528 10529 10530
f 10531 10532 10533
f 10534 10535 10536
f 10537 10538 10539
f 10540 10541 10542
f 10543 10544 10545
f 10546 10547 10548
f 10549 10550 10551
f 10552 10553 10554
f 10555 10556 10557
f 10558 10559 10560
f 10561 10562 10563
f 10564 10565 10566
f 10567 10568 10569
f 10570 10571 10572
f 10573 10574 10575
f 10576 10577 10578
f 10579 10580 10581
f 10582 10583 10584
f 10585 10586 10587
f 10588 10589 10590
f 10591 10592 10593
f 10594 10595 10596
f 10597 10598 10599
f 10600 10601 10602
f 10603 10604 10605
f 10606 10607 10608
f 10609 10610 10611
f 10612 10613 10614
f 10615 10616 10617
f 10618 10619 10620
f 10621 10622 10623
f 10624 10625 10626
f 10627 10628 10629
f 10630 10631 10632
f 10633 10634 10635
f 10636 10637 10638
f 10639 10640 10641
f 10642 10643 10644
f 10645 10646 10647
f 10648 10649 10650
f 10651 10652 10653
f 10654 10655 10656
f 10657 10658 10659
f 10660 10661 10662
f 10663 10664 10665
f 10666 10667 10668
f 10669 10670 10671
f 10672 10673 10674
f 10675 10676 10677
f 10678 10679 10680
f 10681 10682 10683
f 10684 10685 10686
f 10687 10688 10689
f 10690 10691 10692
f 10693 10694 10695
f 10696 10697 10698
f 10699 10700 10701
f 10702 10703 10704
f 10705 10706 10707
f 10708 10709 10710
f 10711 10712 10713
f 10714 10715 10716
f 10717 10718 10719
f 10720 10721 10722
f 10723 10724 10725
f 10726 10727 10728
f 10729 10730 10731
f 10732 10733 10734
f 10735 10736 10737
f 10738 10739 10740
f 10741 10742 10743
f 10744 10745 10746
f 10747 10748 10749
f 10750 10751 10752
f 10753 10754 10755
f 10756 10757 10758
f 10759 10760 10761
f 10762 10763 10764
f 10765 10766 10767
f 10768 10769 10770
f 10771 10772 10773
f 10774 10775 10776
f 10777 10778 10779
f 10780 10781 10782
f 10783 10784 10785
f 10786 10787 10788
f 10789 10790 10791
f 10792 10793 10794
f 10795 10796 10797
f 10798 10799 10800
f 10801 10802 10803
f 10804 10805 10806
f 10807 10808 10809
f 10810 10811 10812
f 10813 10814 10815
f 10816 10817 10818
f 10819 10820 10821
f 10822 10823 10824
f 10825 10826 10827
f 10828 10829 10830
f 10831 10832 10833
f 10834 10835 10836
f 10837 10838 10839
f 10840 10841 10842
f 10843 10844 10845
f 10846 10847 10848
f 10849 10850 10851
f 10852 10853 10854
f 10855 10856 10857
f 10858 10859 10860
f 10861 10862 10863
f 10864 10865 10866
f 10867 10868 10869
f 10870 10871 10872
f 10873 10874 10875
f 10876 10877 10878
f 10879 10880 10881
f 10882 10883 10884
f 10885 10886 10887
f 10888 10889 10890
f 10891 10892 10893
f 10894 10895 10896
f 10897 10898 10899
f 10900 10901 10902
f 10903 10904 10905
f 10906 10907 10908
f 10909 10910 10911
f 10912 10913 10914
f 10915 10916 10917
f 10918 10919 10920
f 10921 10922 10923
f 10924 10925 10926
f 10927 10928 10929
f 10930 10931 10932
f 10933 10934 10935
f 10936 10937 10938
f 10939 10940 10941
f 10942 10943 10944
f 10945 10946 10947
f 10948 10949 10950
f 10951 10952 10953
f 10954 10955 10956
f 10957 10958 10959
f 10960 10961 10962
f 10963 10964 10965
f 10966 10967 10968
f 10969 10970 10971
f 10972 10973 10974
f 10975 10976 10977
f 10978 10979 10980
f 10981 10982 10983
f 10984 10985 10986
f 10987 10988 10989
f 10990 10991 10992
f 10993 10994 10995
f 10996 10997 10998
f 10999 11000 11001
f 11002 11003 11004
f 11005 11006 11007
f 11008 11009 11010
f 11011 11012 11013
f 11014 11015 11016
f 11017 11018 11019
f 11020 11021 11022
f 11023 11024 11025
f 11026 11027 11028
f 11029 11030 11031
f 11032 11033 11034
f 11035 11036 11037
f 11038 11039 11040
f 11041 11042 11043
f 11044 11045 11046
f 11047 11048 11049
f 11050 11051 11052
f 11053 11054 11055
f 11056 11057 11058
f 11059 11060 11061
f 11062 11063 11064
f 11065 11066 11067
f 11068 11069 11070
f 11071 11072 11073
f 11074 11075 11076
f 11077 11078 11079
f 11080 11081 11082
f 11083 11084 11085
f 11086 11087 11088
f 11089 11090 11091
f 11092 11093 11094
f 11095 11096 11097
f 11098 11099 11100
f 11101 11102 11103
f 11104 11105 11106
f 11107 11108 11109
f 11110 11111 11112
f 11113 11114 11115
f 11116 11117 11118
f 11119 11120 11121
f 11122 11123 11124
f 11125 11126 11127
f 11128 11129 11130
f 11131 11132 11133
f 11134 11135 11136
f 11137 11138 11139
f 11140 11141 11142
f 11143 11144 11145
f 11146 11147 11148
f 11149 11150 11151
f 11152 11153 11154
f 11155 11156 11157
f 11158 11159 11160
f 11161 11162 11163
f 11164 11165 11166
f 11167 11168 11169
f 11170 11171 11172
f 11173 11174 11175
f 11176 11177 11178
f 11179 11180 11181
f 11182 11183 11184
f 11185 11186 11187
f 11188 11189 11190
f 11191 11192 11193
f 11194 11195 11196
f 11197 11198 11199
f 11200 11201 11202
f 11203 11204 11205
f 11206 11207 11208
f 11209 11210 11211
f 11212 11213 11214
f 11215 11216 11217
f 11218 11219 11220
f 11221 11222 11223
f 11224 11225 11226
f 11227 11228 11229
f 11230 11231 11232
f 11233 11234 11235
f 11236 11237 11238
f 11239 11240 11241
f 11242 11243 11244
f 11245 11246 11247
f 11248 11249 11250
f 11251 11252 11253
f 11254 11255 11256
f 11257 11258 11259
f 11260 11261 11262
f 11263 11264 11265
f 11266 11267 11268
f 11269 11270 11271
f 11272 11273 11274
f 11275 11276 11277
f 11278 11279 11280
f 11281 11282 11283
f 11284 11285 11286
f 11287 11288 11289
f 11290 11291 11292
f 11293 11294 11295
f 11296 11297 11298
f 11299 11300 11301
f 11302 11303 11304
f 11305 11306 11307
f 11308 11309 11310
f 11311 11312 11313
f 11314 11315 11316
f 11317 11318 11319
f 11320 11321 11322
f 11323 11324 11325
f 11326 11327 11328
f 11329 11330 11331
f 11332 11333 11334
f 11335 11336 11337
f 11338 11339 11340
f 11341 11342 11343
f 11344 11345 11346
f 11347 11348 11349
f 11350 11351 11352
f 11353 11354 11355
f 11356 11357 11358
f 11359 11360 11361
f 11362 11363 11364
f 11365 11366 11367
f 11368 11369 11370
f 11371 11372 11373
f 11374 11375 11376
f 11377 11378 11379
f 11380 11381 11382
f 11383 11384 11385
f 11386 11387 11388
f 11389 11390 11391
f 11392 11393 11394
f 11395 11396 11397
f 11398 11399 11400
f 11401 11402 11403
f 11404 11405 11406
f 11407 11408 11409
f 11410 11411 11412
f 11413 11414 11415
f 11416 11417 11418
f 11419 11420 11421
f 11422 11423 11424
f 11425 11426 11427
f 11428 11429 11430
f 11431 11432 11433
f 11434 11435 11436
f 11437 11438 11439
f 11440 11441 11442
f 11443 11444 11445
f 11446 11447 11448
f 11449 11450 11451
f 11452 11453 11454
f 11455 11456 11457
f 11458 11459 11460
f 11461 11462 11463
f 11464 11465 11466
f 11467 11468 11469
f 11470 11471 11472
f 11473 11474 11475
f 11476 11477 11478
f 11479 11480 11481
f 11482 11483 11484
f 11485 11486 11487
f 11488 11489 11490
f 11491 11492 11493
f 11494 11495 11496
f 11497 11498 11499
f 11500 11501 11502
f 11503 11504 11505
f 11506 11507 11508
f 11509 11510 11511
f 11512 11513 11514
f 11515 11516 11517
f 11518 11519 11520
f 11521 11522 11523
f 11524 11525 11526
f 11527 11528 11529
f 11530 11531 11532
f 11533 11534 11535
f 11536 11537 11538
f 11539 11540 11541
f 11542 11543 11544
f 11545 11546 11547
f 11548 11549 11550
f 11551 11552 11553
f 11554 11555 11556
f 11557 11558 11559
f 11560 11561 11562
f 11563 11564 11565
f 11566 11567 11568
f 11569 11570 11571
f 11572 11573 11574
f 11575 11576 11577
f 11578 11579 11580
f 11581 11582 11583
f 11584 11585 11586
f 11587 11588 11589
f 11590 11591 11592
f 11593 11594 11595
f 11596 11597 11598
f 11599 11600 11601
f 11602 11603 11604
f 11605 11606 11607
f 11608 11609 11610
f 11611 11612 11613
f 11614 11615 11616
f 11617 11618 11619
f 11620 11621 11622
f 11623 11624 11625
f 11626 11627 11628
f 11629 11630 11631
f 11632 11633 11634
f 11635 11636 11637
f 11638 11639 11640
f 11641 11642 11643
f 11644 11645 11646
f 11647 11648 11649
f 11650 11651 11652
f 11653 11654 11655
f 11656 11657 11658
f 11659 11660 11661
f 11662 11663 11664
f 11665 11666 11667
f 11668 11669 11670
f 11671 11672 11673
f 11674 11675 11676
f 11677 11678 11679
f 11680 11681 11682
f 11683 11684 11685
f 11686 11687 11688
f 11689 11690 11691
f 11692 11693 11694
f 11695 11696 11697
f 11698 11699 11700
f 11701 11702 11703
f 11704 11705 11706
f 11707 11708 11709
f 11710 11711 11712
f 11713 11714 11715
f 11716 11717 11718
f 11719 11720 11721
f 11722 11723 11724
f 11725 11726 11727
f 11728 11729 11730
f 11731 11732 11733
f 11734 11735 11736
f 11737 11738 11739
f 11740 11741 11742
f 11743 11744 11745
f 11746 11747 11748
f 11749 11750 11751
f 11752 11753 11754
f 11755 11756 11757
f 11758 11759 11760
f 11761 11762 11763
f 11764 11765 11766
f 11767 11768 11769
f 11770 11771 11772
f 11773 11774 11775
f 11776 11777 11778
f 11779 11780 11781
f 11782 11783 11784
f 11785 11786 11787
f 11788 11789 11790
f 11791 11792 11793
f 11794 11795 11796
f 11797 11798 11799
f 11800 11801 11802
f 11803 11804 11805
f 11806 11807 11808
f 11809 11810 11811
f 11812 11813 11814
f 11815 11816 11817
f 11818 11819 11820
f 11821 11822 11823
f 11824 11825 11826
f 11827 11828 11829
f 11830 11831 11832
f 11833 11834 11835
f 11836 11837 11838
f 11839 11840 11841
f 11842 11843 11844
f 11845 11846 11847
f 11848 11849 11850
f 11851 11852 11853
f 11854 11855 11856
f 11857 11858 11859
f 11860 11861 11862
f 11863 11864 11865
f 11866 11867 11868
f 11869 11870 11871
f 11872 11873 11874
f 11875 11876 11877
f 11878 11879 11880
f 11881 11882 11883
f 11884 11885 11886
f 11887 11888 11889
f 11890 11891 11892
f 11893 11894 11895
f 11896 11897 11898
f 11899 11900 11901
f 11902 11903 11904
f 11905 11906 11907
f 11908 11909 11910
f 11911 11912 11913
f 11914 11915 11916
f 11917 11918 11919
f 11920 11921 11922
f 11923 11924 11925
f 11926 11927 11928
f 11929 11930 11931
f 11932 11933 11934
f 11935 11936 11937
f 11938 11939 11940
f 11941 11942 11943
f 11944 11945 11946
f 11947 11948 11949
f 11950 11951 11952
f 11953 11954 11955
f 11956 11957 11958
f 11959 11960 11961
f 11962 11963 11964
f 11965 11966 11967
f 11968 11969 11970
f 11971 11972 11973
f 11974 11975 11976
f 11977 11978 11979
f 11980 11981 11982
f 11983 11984 11985
f 11986 11987 11988
f 11989 11990 11991
f 11992 11993 11994
f 11995 11996 11997
f 11998 11999 12000
f 12001 12002 12003
f 12004 12005 12006
f 12007 12008 12009
f 12010 12011 12012
f 12013 12014 12015
f 12016 12017 12018
f 12019 12020 12021
f 12022 12023 12024
f 12025 12026 12027
f 12028 12029 12030
f 12031 12032 12033
f 12034 12035 12036
f 12037 12038 12039
f 12040 12041 12042
f 12043 12044 12045
f 12046 12047 12048
f 12049 12050 12051
f 12052 12053 12054
f 12055 12056 12057
f 12058 12059 12060
f 12061 12062 12063
f 12064 12065 12066
f 12067 12068 12069
f 12070 12071 12072
f 12073 12074 12075
f 12076 12077 12078
f 12079 12080 12081
f 12082 12083 12084
f 12085 12086 12087
f 12088 12089 12090
f 12091 12092 12093
f 12094 12095 12096
f 12097 12098 12099
f 12100 12101 12102
f 12103 12104 12105
f 12106 12107 12108
f 12109 12110 12111
f 12112 12113 12114
f 12115 12116 12117
f 12118 12119 12120
f 12121 12122 12123
f 12124 12125 12126
f 12127 12128 12129
f 12130 12131 12132
f 12133 12134 12135
f 12136 12137 12138
f 12139 12140 12141
f 12142 12143 12144
f 12145 12146 12147
f 12148 12149 12150
f 12151 12152 12153
f 12154 12155 12156
f 12157 12158 12159
f 12160 12161 12162
f 12163 12164 12165
f 12166 12167 12168
f 12169 12170 12171
f 12172 12173 12174
f 12175 12176 12177
f 12178 12179 12180
f 12181 12182 12183
f 12184 12185 12186
f 12187 12188 12189
f 12190 12191 12192
f 12193 12194 12195
f 12196 12197 12198
f 12199 12200 12201
f 12202 12203 12204
f 12205 12206 12207
f 12208 12209 12210
f 12211 12212 12213
f 12214 12215 12216
f 12217 12218 12219
f 12220 12221 12222
f 12223 12224 12225
f 12226 12227 12228
f 12229 12230 12231
f 12232 12233 12234
f 12235 12236 12237
f 12238 12239 12240
f 12241 12242 12243
f 12244 12245 12246
f 12247 12248 12249
f 12250 12251 12252
f 12253 12254 12255
f 12256 12257 12258
f 12259 12260 12261
f 12262 12263 12264
f 12265 12266 12267
f 12268 12269 12270
f 12271 12272 12273
f 12274 12275 12276
f 12277 12278 12279
f 12280 12281 12282
f 12283 12284 12285
f 12286 12287 12288
f 12289 12290 12291
f 12292 12293 12294
f 12295 12296 12297
f 12298 12299 12300
f 12301 12302 12303
f 12304 12305 12306
f 12307 12308 12309
f 12310 12311 12312
f 12313 12314 12315
f 12316 12317 12318
f 12319 12320 12321
f 12322 12323 12324
f 12325 12326 12327
f 12328 12329 12330
f 12331 12332 12333
f 12334 12335 12336
f 12337 12338 12339
f 12340 12341 12342
f 12343 12344 12345
f 12346 12347 12348
f 12349 12350 12351
f 12352 12353 12354
f 12355 12356 12357
f 12358 12359 12360
f 12361 12362 12363
f 12364 12365 12366
f 12367 12368 12369
f 12370 12371 12372
f 12373 12374 12375
f 12376 12377 12378
f 12379 12380 12381
f 12382 12383 12384
f 12385 12386 12387
f 12388 12389 12390
f 12391 12392 12393
f 12394 12395 12396
f 12397 12398 12399
f 12400 12401 12402
f 12403 12404 12405
f 12406 12407 12408
f 12409 12410 12411
f 12412 12413 12414
f 12415 12416 12417
f 12418 12419 12420
f 12421 12422 12423
f 12424 12425 12426
f 12427 12428 12429
f 12430 12431 12432
f 12433 12434 12435
f 12436 12437 12438
f 12439 12440 12441
f 12442 12443 12444
f 12445 12446 12447
f 12448 12449 12450
f 12451 12452 12453
f 12454 12455 12456
f 12457 12458 12459
f 12460 12461 12462
f 12463 12464 12465
f 12466 12467 12468
f 12469 12470 12471
f 12472 12473 12474
f 12475 12476 12477
f 12478 12479 12480
f 12481 12482 12483
f 12484 12485 12486
f 12487 12488 12489
f 12490 12491 12492
f 12493 12494 12495
f 12496 12497 12498
f 12499 12500 12501
f 12502 12503 12504
f 12505 12506 12507
f 12508 12509 12510
f 12511 12512 12513
f 12514 12515 12516
f 12517 12518 12519
f 12520 12521 12522
f 12523 12524 12525
f 12526 12527 12528
f 12529 12530 12531
f 12532 12533 12534
f 12535 12536 12537
f 12538 12539 12540
f 12541 12542 12543
f 12544 12545 12546
f 12547 12548 12549
f 12550 12551 12552
f 12553 12554 12555
f 12556 12557 12558
f 12559 12560 12561
f 12562 12563 12564
f 12565 12566 12567
f 12568 12569 12570
f 12571 12572 12573
f 12574 12575 12576
f 12577 12578 12579
f 12580 12581 12582
f 12583 12584 12585
f 12586 12587 12588
f 12589 12590 12591
f 12592 12593 12594
f 12595 12596 12597
f 12598 12599 12600
f 12601 12602 12603
f 12604 12605 12606
f 12607 12608 12609
f 12610 12611 12612
f 12613 12614 12615
f 12616 12617 12618
f 12619 12620 12621
f 12622 12623 12624
f 12625 12626 12627
f 12628 12629 12630
f 12631 12632 12633
f 12634 12635 12636
f 12637 12638 12639
f 12640 12641 12642
f 12643 12644 12645
f 12646 12647 12648
f 12649 12650 12651
f 12652 12653 12654
f 12655 12656 12657
f 12658 12659 12660
f 12661 12662 12663
f 12664 12665 12666
f 12667 12668 12669
f 12670 12671 12672
f 12673 12674 12675
f 12676 12677 12678
f 12679 12680 12681
f 12682 12683 12684
f 12685 12686 12687
f 12688 12689 12690
f 12691 12692 12693
f 12694 12695 12696
f 12697 12698 12699
f 12700 12701 12702
f 12703 12704 12705
f 12706 12707 12708
f 12709 12710 12711
f 12712 12713 12714
f 12715 12716 12717
f 12718 12719 12720
f 12721 12722 12723
f 12724 12725 12726
f 12727 12728 12729
f 12730 12731 12732
f 12733 12734 12735
f 12736 12737 12738
f 12739 12740 12741
f 12742 12743 12744
f 12745 12746 12747
f 12748 12749 12750
f 12751 12752 12753
f 12754 12755 12756
f 12757 12758 12759
f 12760 12761 12762
f 12763 12764 12765
f 12766 12767 12768
f 12769 12770 12771
f 12772 12773 12774
f 12775 12776 12777
f 12778 12779 12780
f 12781 12782 12783
f 12784 12785 12786
f 12787 12788 12789
f 12790 12791 12792
f 12793 12794 12795
f 12796 12797 12798
f 12799 12800 12801
f 12802 12803 12804
f 12805 12806 12807
f 12808 12809 12810
f 12811 12812 12813
f 12814 12815 12816
f 12817 12818 12819
f 12820 12821 12822
f 12823 12824 12825
f 12826 12827 12828
f 12829 12830 12831
f 12832 12833 12834
f 12835 12836 12837
f 12838 12839 12840
f 12841 12842 12843
f 12844 12845 12846
f 12847 12848 12849
f 12850 12851 12852
f 12853 12854 12855
f 12856 12857 12858
f 12859 12860 12861
f 12862 12863 12864
f 12865 12866 12867
f 12868 12869 12870
f 12871 12872 12873
f 12874 12875 12876
f 12877 12878 12879
f 12880 12881 12882
f 12883 12884 12885
f 12886 12887 12888
f 12889 12890 12891
f 12892 12893 12894
f 12895 12896 12897
f 12898 12899 12900
f 12901 12902 12903
f 12904 12905 12906
f 12907 12908 12909
f 12910 12911 12912
f 12913 12914 12915
f 12916 12917 12918
f 12919 12920 12921
f 12922 12923 12924
f 12925 12926 12927
f 12928 12929 12930
f 12931 12932 12933
f 12934 12935 12936
f 12937 12938 12939
f 12940 12941 12942
f 12943 12944 12945
f 12946 12947 12948
f 12949 12950 12951
f 12952 12953 12954
f 12955 12956 12957
f 12958 12959 12960
f 12961 12962 12963
f 12964 12965 12966
f 12967 12968 12969
f 12970 12971 12972
f 12973 12974 12975
f 12976 12977 12978
f 12979 12980 12981
f 12982 12983 12984
f 12985 12986 12987
f 12988 12989 12990
f 12991 12992 12993
f 12994 12995 12996
f 12997 12998 12999
f 13000 13001 13002
f 13003 13004 13005
f 13006 13007 13008
f 13009 13010 13011
f 13012 13013 13014
f 13015 13016 13017
f 13018 13019 13020
f 13021 13022 13023
f 13024 13025 13026
f 13027 13028 13029
f 13030 13031 13032
f 13033 13034 13035
f 13036 13037 13038
f 13039 13040 13041
f 13042 13043 13044
f 13045 13046 13047
f 13048 13049 13050
f 13051 13052 13053
f 13054 13055 13056
f 13057 13058 13059
f 13060 13061 13062
f 13063 13064 13065
f 13066 13067 13068
f 13069 13070 13071
f 13072 13073 13074
f 13075 13076 13077
f 13078 13079 13080
f 13081 13082 13083
f 13084 13085 13086
f 13087 13088 13089
f 13090 13091 13092
f 13093 13094 13095
f 13096 13097 13098
f 13099 13100 13101
f 13102 13103 13104
f 13105 13106 13107
f 13108 13109 13110
f 13111 13112 13113
f 13114 13115 13116
f 13117 13118 13119
f 13120 13121 13122
f 13123 13124 13125
f 13126 13127 13128
f 13129 13130 13131
f 13132 13133 13134
f 13135 13136 13137
f 13138 13139 13140
f 13141 13142 13143
f 13144 13145 13146
f 13147 13148 13149
f 13150 13151 13152
f 13153 13154 13155
f 13156 13157 13158
f 13159 13160 13161
f 13162 13163 13164
f 13165 13166 13167
f 13168 13169 13170
f 13171 13172 13173
f 13174 13175 13176
f 13177 13178 13179
f 13180 13181 13182
f 13183 13184 13185
f 13186 13187 13188
f 13189 13190 13191
f 13192 13193 13194
f 13195 13196 13197
f 13198 13199 13200
f 13201 13202 13203
f 13204 13205 13206
f 13207 13208 13209
f 13210 13211 13212
f 13213 13214 13215
f 13216 13217 13218
f 13219 13220 13221
f 13222 13223 13224
f 13225 13226 13227
f 13228 13229 13230
f 13231 13232 13233
f 13234 13235 13236
f 13237 13238 13239
f 13240 13241 13242
f 13243 13244 13245
f 13246 13247 13248
f 13249 13250 13251
f 13252 13253 13254
f 13255 13256 13257
f 13258 13259 13260
f 13261 13262 13263
f 13264 13265 13266
f 13267 13268 13269
f 13270 13271 13272
f 13273 13274 13275
f 13276 13277 13278
f 13279 13280 13281
f 13282 13283 13284
f 13285 13286 13287
f 13288 13289 13290
f 13291 13292 13293
f 13294 13295 13296
f 13297 13298 13299
f 13300 13301 13302
f 13303 13304 13305
f 13306 13307 13308
f 13309 13310 13311
f 13312 13313 13314
f 13315 13316 13317
f 13318 13319 13320
f 13321 13322 13323
f 13324 13325 13326
f 13327 13328 13329
f 13330 13331 13332
f 13333 13334 13335
f 13336 13337 13338
f 13339 13340 13341
f 13342 13343 13344
f 13345 13346 13347
f 13348 13349 13350
f 13351 13352 13353
f 13354 13355 13356
f 13357 13358 13359
f 13360 13361 13362
f 13363 13364 13365
f 13366 13367 13368
f 13369 13370 13371
f 13372 13373 13374
f 13375 13376 13377
f 13378 13379 13380
f 13381 13382 13383
f 13384 13385 13386
f 13387 13388 13389
f 13390 13391 13392
f 13393 13394 13395
f 13396 13397 13398
f 13399 13400 13401
f 13402 13403 13404
f 13405 13406 13407
f 13408 13409 13410
f 13411 13412 13413
f 13414 13415 13416
f 13417 13418 13419
f 13420 13421 13422
f 13423 13424 13425
f 13426 13427 13428
f 13429 13430 13431
f 13432 13433 13434
f 13435 13436 13437
f 13438 13439 13440
f 13441 13442 13443
f 13444 13445 13446
f 13447 13448 13449
f 13450 13451 13452
f 13453 13454 13455
f 13456 13457 13458
f 13459 13460 13461
f 13462 13463 13464
f 13465 13466 13467
f 13468 13469 13470
f 13471 13472 13473
f 13474 13475 13476
f 13477 13478 13479
f 13480 13481 13482
f 13483 13484 13485
f 13486 13487 13488
f 13489 13490 13491
f 13492 13493 13494
f 13495 13496 13497
f 13498 13499 13500
f 13501 13502 13503
f 13504 13505 13506
f 13507 13508 13509
f 13510 13511 13512
f 13513 13514 13515
f 13516 13517 13518
f 13519 13520 13521
f 13522 13523 13524
f 13525 13526 13527
f 13528 13529 13530
f 13531 13532 13533
f 13534 13535 13536
f 13537 13538 13539
f 13540 13541 13542
f 13543 13544 13545
f 13546 13547 13548
f 13549 13550 13551
f 13552 13553 13554
f 13555 13556 13557
f 13558 13559 13560
f 13561 13562 13563
f 13564 13565 13566
f 13567 13568 13569
f 13570 13571 13572
f 13573 13574 13575
f 13576 13577 13578
f 13579 13580 13581
f 13582 13583 13584
f 13585 13586 13587
f 13588 13589 13590
f 13591 13592 13593
f 13594 13595 13596
f 13597 13598 13599
f 13600 13601 13602
f 13603 13604 13605
f 13606 13607 13608
f 13609 13610 13611
f 13612 13613 13614
f 13615 13616 13617
f 13618 13619 13620
f 13621 13622 13623
f 13624 13625 13626
f 13627 13628 13629
f 13630 13631 13632
f 13633 13634 13635
f 13636 13637 13638
f 13639 13640 13641
f 13642 13643 13644
f 13645 13646 13647
f 13648 13649 13650
f 13651 13652 13653
f 13654 13655 13656
f 13657 13658 13659
f 13660 13661 13662
f 13663 13664 13665
f 13666 13667 13668
f 13669 13670 13671
f 13672 13673 13674
f 13675 13676 13677
f 13678 13679 13680
f 13681 13682 13683
f 13684 13685 13686
f 13687 13688 13689
f 13690 13691 13692
f 13693 13694 13695
f 13696 13697 13698
f 13699 13700 13701
f 13702 13703 13704
f 13705 13706 13707
f 13708 13709 13710
f 13711 13712 13713
f 13714 13715 13716
f 13717 13718 13719
f 13720 13721 13722
f 13723 13724 13725
f 13726 13727 13728
f 13729 13730 13731
f 13732 13733 13734
f 13735 13736 13737
f 13738 13739 13740
f 13741 13742 13743
f 13744 13745 13746
f 13747 13748 13749
f 13750 13751 13752
f 13753 13754 13755
f 13756 13757 13758
f 13759 13760 13761
f 13762 13763 13764
f 13765 13766 13767
f 13768 13769 13770
f 13771 13772 13773
f 13774 13775 13776
f 13777 13778 13779
f 13780 13781 13782
f 13783 13784 13785
f 13786 13787 13788
f 13789 13790 13791
f 13792 13793 13794
f 13795 13796 13797
f 13798 13799 13800
f 13801 13802 13803
f 13804 13805 13806
f 13807 13808 13809
f 13810 13811 13812
f 13813 13814 13815
f 13816 13817 13818
f 13819 13820 13821
f 13822 13823 13824
f 13825 13826 13827
f 13828 13829 13830
f 13831 13832 13833
f 13834 13835 13836
f 13837 13838 13839
f 13840 13841 13842
f 13843 13844 13845
f 13846 13847 13848
f 13849 13850 13851
f 13852 13853 13854
f 13855 13856 13857
f 13858 13859 13860
f 13861 13862 13863
f 13864 13865 13866
f 13867 13868 13869
f 13870 13871 13872
f 13873 13874 13875
f 13876 13877 13878
f 13879 13880 13881
f 13882 13883 13884
f 13885 13886 13887
f 13888 13889 13890
f 13891 13892 13893
f 13894 13895 13896
f 13897 13898 13899
f 13900 13901 13902
f 13903 13904 13905
f 13906 13907 13908
f 13909 13910 13911
f 13912 13913 13914
f 13915 13916 13917
f 13918 13919 13920
f 13921 13922 13923
f 13924 13925 13926
f 13927 13928 13929
f 13930 13931 13932
f 13933 13934 13935
f 13936 13937 13938
f 13939 13940 13941
f 13942 13943 13944
f 13945 13946 13947
f 13948 13949 13950
f 13951 13952 13953
f 13954 13955 13956
f 13957 13958 13959
f 13960 13961 13962
f 13963 13964 13965
f 13966 13967 13968
f 13969 13970 13971
f 13972 13973 13974
f 13975 13976 13977
f 13978 13979 13980
f 13981 13982 13983
f 13984 13985 13986
f 13987 13988 13989
f 13990 13991 13992
f 13993 13994 13995
f 13996 13997 13998
f 13999 14000 14001
f 14002 14003 14004
f 14005 14006 14007
f 14008 14009 14010
f 14011 14012 14013
f 14014 14015 14016
f 14017 14018 14019
f 14020 14021 14022
f 14023 14024 14025
f 14026 14027 14028
f 14029 14030 14031
f 14032 14033 14034
f 14035 14036 14037
f 14038 14039 14040
f 14041 14042 14043
f 14044 14045 14046
f 14047 14048 14049
f 14050 14051 14052
f 14053 14054 14055
f 14056 14057 14058
f 14059 14060 14061
f 14062 14063 14064
f 14065 14066 14067
f 14068 14069 14070
f 14071 14072 14073
f 14074 14075 14076
f 14077 14078 14079
f 14080 14081 14082
f 14083 14084 14085
f 14086 14087 14088
f 14089 14090 14091
f 14092 14093 14094
f 14095 14096 14097
f 14098 14099 14100
f 14101 14102 14103
f 14104 14105 14106
f 14107 14108 14109
f 14110 14111 14112
f 14113 14114 14115
f 14116 14117 14118
f 14119 14120 14121
f 14122 14123 14124
f 14125 14126 14127
f 14128 14129 14130
f 14131 14132 14133
f 14134 14135 14136
f 14137 14138 14139
f 14140 14141 14142
f 14143 14144 14145
f 14146 14147 14148
f 14149 14150 14151
f 14152 14153 14154
f 14155 14156 14157
f 14158 14159 14160
f 14161 14162 14163
f 14164 14165 14166
f 14167 14168 14169
f 14170 14171 14172
f 14173 14174 14175
f 14176 14177 14178
f 14179 14180 14181
f 14182 14183 14184
f 14185 14186 14187
f 14188 14189 14190
f 14191 14192 14193
f 14194 14195 14196
f 14197 14198 14199
f 14200 14201 14202
f 14203 14204 14205
f 14206 14207 14208
f 14209 14210 14211
f 14212 14213 14214
f 14215 14216 14217
f 14218 14219 14220
f 14221 14222 14223
f 14224 14225 14226
f 14227 14228 14229
f 14230 14231 14232
f 14233 14234 14235
f 14236 14237 14238
f 14239 14240 14241
f 14242 14243 14244
f 14245 14246 14247
f 14248 14249 14250
f 14251 14252 14253
f 14254 14255 14256
f 14257 14258 14259
f 14260 14261 14262
f 14263 14264 14265
f 14266 14267 14268
f 14269 14270 14271
f 14272 14273 14274
f 14275 14276 14277
f 14278 14279 14280
f 14281 14282 14283
f 14284 14285 14286
f 14287 14288 14289
f 14290 14291 14292
f 14293 14294 14295
f 14296 14297 14298
f 14299 14300 14301
f 14302 14303 14304
f 14305 14306 14307
f 14308 14309 14310
f 14311 14312 14313
f 14314 14315 14316
f 14317 14318 14319
f 14320 14321 14322
f 14323 14324 14325
f 14326 14327 14328
f 14329 14330 14331
f 14332 14333 14334
f 14335 14336 14337
f 14338 14339 14340
f 14341 14342 14343
f 14344 14345 14346
f 14347 14348 14349
f 14350 14351 14352
f 14353 14354 14355
f 14356 14357 14358
f 14359 14360 14361
f 14362 14363 14364
f 14365 14366 14367
f 14368 14369 14370
f 14371 14372 14373
f 14374 14375 14376
f 14377 14378 14379
f 14380 14381 14382
f 14383 14384 14385
f 14386 14387 14388
f 14389 14390 14391
f 14392 14393 14394
f 14395 14396 14397
f 14398 14399 14400
f 14401 14402 14403
f 14404 14405 14406
f 14407 14408 14409
f 14410 14411 14412
f 14413 14414 14415
f 14416 14417 14418
f 14419 14420 14421
f 14422 14423 14424
f 14425 14426 14427
f 14428 14429 14430
f 14431 14432 14433
f 14434 14435 14436
f 14437 14438 14439
f 14440 14441 14442
f 14443 14444 14445
f 14446 14447 14448
f 14449 14450 14451
f 14452 14453 14454
f 14455 14456 14457
f 14458 14459 14460
f 14461 14462 14463
f 14464 14465 14466
f 14467 14468 14469
f 14470 14471 14472
f 14473 14474 14475
f 14476 14477 14478
f 14479 14480 14481
f 14482 14483 14484
f 14485 14486 14487
f 14488 14489 14490
f 14491 14492 14493
f 14494 14495 14496
f 14497 14498 14499
f 14500 14501 14502
f 14503 14504 14505
f 14506 14507 14508
f 14509 14510 14511
f 14512 14513 14514
f 14515 14516 14517
f 14518 14519 14520
f 14521 14522 14523
f 14524 14525 14526
f 14527 14528 14529
f 14530 14531 14532
f 14533 14534 14535
f 14536 14537 14538
f 14539 14540 14541
f 14542 14543 14544
f 14545 14546 14547
f 14548 14549 14550
f 14551 14552 14553
f 14554 14555 14556
f 14557 14558 14559
f 14560 14561 14562
f 14563 14564 14565
f 14566 14567 14568
f 14569 14570 14571
f 14572 14573 14574
f 14575 14576 14577
f 14578 14579 14580
f 14581 14582 14583
f 14584 14585 14586
f 14587 14588 14589
f 14590 14591 14592
f 14593 14594 14595
f 14596 14597 14598
f 14599 14600 14601
f 14602 14603 14604
f 14605 14606 14607
f 14608 14609 14610
f 14611 14612 14613
f 14614 14615 14616
f 14617 14618 14619
f 14620 14621 14622
f 14623 14624 14625
f 14626 14627 14628
f 14629 14630 14631
f 14632 14633 14634
f 14635 14636 14637
f 14638 14639 14640
f 14641 14642 14643
f 14644 14645 14646
f 14647 14648 14649
f 14650 14651 14652
f 14653 14654 14655
f 14656 14657 14658
f 14659 14660 14661
f 14662 14663 14664
f 14665 14666 14667
f 14668 14669 14670
f 14671 14672 14673
f 14674 14675 14676
f 14677 14678 14679
f 14680 14681 14682
f 14683 14684 14685
f 14686 14687 14688
f 14689 14690 14691
f 14692 14693 14694
f 14695 14696 14697
f 14698 14699 14700
f 14701 14702 14703
f 14704 14705 14706
f 14707 14708 14709
f 14710 14711 14712
f 14713 14714 14715
f 14716 14717 14718
f 14719 14720 14721
f 14722 14723 14724
f 14725 14726 14727
f 14728 14729 14730
f 14731 14732 14733
f 14734 14735 14736
f 14737 14738 14739
f 14740 14741 14742
f 14743 14744 14745
f 14746 14747 14748
f 14749 14750 14751
f 14752 14753 14754
f 14755 14756 14757
f 14758 14759 14760
f 14761 14762 14763
f 14764 14765 14766
f 14767 14768 14769
f 14770 14771 14772
f 14773 14774 14775
f 14776 14777 14778
f 14779 14780 14781
f 14782 14783 14784
f 14785 14786 14787
f 14788 14789 14790
f 14791 14792 14793
f 14794 14795 14796
f 14797 14798 14799
f 14800 14801 14802
f 14803 14804 14805
f 14806 14807 14808
f 14809 14810 14811
f 14812 14813 14814
f 14815 14816 14817
f 14818 14819 14820
f 14821 14822 14823
f 14824 14825 14826
f 14827 14828 14829
f 14830 14831 14832
f 14833 14834 14835
f 14836 14837 14838
f 14839 14840 14841
f 14842 14843 14844
f 14845 14846 14847
f 14848 14849 14850
f 14851 14852 14853
f 14854 14855 14856
f 14857 14858 14859
f 14860 14861 14862
f 14863 14864 14865
f 14866 14867 14868
f 14869 14870 14871
f 14872 14873 14874
f 14875 14876 14877
f 14878 14879 14880
f 14881 14882 14883
f 14884 14885 14886
f 14887 14888 14889
f 14890 14891 14892
f 14893 14894 14895
f 14896 14897 14898
f 14899 14900 14901
f 14902 14903 14904
f 14905 14906 14907
f 14908 14909 14910
f 14911 14912 14913
f 14914 14915 14916
f 14917 14918 14919
f 14920 14921 14922
f 14923 14924 14925
f 14926 14927 14928
f 14929 14930 14931
f 14932 14933 14934
f 14935 14936 14937
f 14938 14939 14940
f 14941 14942 14943
f 14944 14945 14946
f 14947 14948 14949
f 14950 14951 14952
f 14953 14954 14955
f 14956 14957 14958
f 14959 14960 14961
f 14962 14963 14964
f 14965 14966 14967
f 14968 14969 14970
f 14971 14972 14973
f 14974 14975 14976
f 14977 14978 14979
f 14980 14981 14982
f 14983 14984 14985
f 14986 14987 14988
f 14989 14990 14991
f 14992 14993 14994
f 14995 14996 14997
f 14998 14999 15000
f 15001 15002 15003
f 15004 15005 15006
f 15007 15008 15009
f 15010 15011 15012
f 15013 15014 15015
f 15016 15017 15018
f 15019 15020 15021
f 15022 15023 15024
f 15025 15026 15027
f 15028 15029 15030
f 15031 15032 15033
f 15034 15035 15036
f 15037 15038 15039
f 15040 15041 15042
f 15043 15044 15045
f 15046 15047 15048
f 15049 15050 15051
f 15052 15053 15054
f 15055 15056 15057
f 15058 15059 15060
f 15061 15062 15063
f 15064 15065 15066
f 15067 15068 15069
f 15070 15071 15072
f 15073 15074 15075
f 15076 15077 15078
f 15079 15080 15081
f 15082 15083 15084
f 15085 15086 15087
f 15088 15089 15090
f 15091 15092 15093
f 15094 15095 15096
f 15097 15098 15099
f 15100 15101 15102
f 15103 15104 15105
f 15106 15107 15108
f 15109 15110 15111
f 15112 15113 15114
f 15115 15116 15117
f 15118 15119 15120
f 15121 15122 15123
f 15124 15125 15126
f 15127 15128 15129
f 15130 15131 15132
f 15133 15134 15135
f 15136 15137 15138
f 15139 15140 15141
f 15142 15143 15144
f 15145 15146 15147
f 15148 15149 15150
f 15151 15152 15153
f 15154 15155 15156
f 15157 15158 15159
f 15160 15161 15162
f 15163 15164 15165
f 15166 15167 15168
f 15169 15170 15171
f 15172 15173 15174
f 15175 15176 15177
f 15178 15179 15180
f 15181 15182 15183
f 15184 15185 15186
f 15187 15188 15189
f 15190 15191 15192
f 15193 15194 15195
f 15196 15197 15198
f 15199 15200 15201
f 15202 15203 15204
f 15205 15206 15207
f 15208 15209 15210
f 15211 15212 15213
f 15214 15215 15216
f 15217 15218 15219
f 15220 15221 15222
f 15223 15224 15225
f 15226 15227 15228
f 15229 15230 15231
f 15232 15233 15234
f 15235 15236 15237
f 15238 15239 15240
f 15241 15242 15243
f 15244 15245 15246
f 15247 15248 15249
f 15250 15251 15252
f 15253 15254 15255
f 15256 15257 15258
f 15259 15260 15261
f 15262 15263 15264
f 15265 15266 15267
f 15268 15269 15270
f 15271 15272 15273
f 15274 15275 15276
f 15277 15278 15279
f 15280 15281 15282
f 15283 15284 15285
f 15286 15287 15288
f 15289 15290 15291
f 15292 15293 15294
f 15295 15296 15297
f 15298 15299 15300
f 15301 15302 15303
f 15304 15305 15306
f 15307 15308 15309
f 15310 15311 15312
f 15313 15314 15315
f 15316 15317 15318
f 15319 15320 15321
f 15322 15323 15324
f 15325 15326 15327
f 15328 15329 15330
f 15331 15332 15333
f 15334 15335 15336
f 15337 15338 15339
f 15340 15341 15342
f 15343 15344 15345
f 15346 15347 15348
f 15349 15350 15351
f 15352 15353 15354
f 15355 15356 15357
f 15358 15359 15360
f 15361 15362 15363
f 15364 15365 15366
f 15367 15368 15369
f 15370 15371 15372
f 15373 15374 15375
f 15376 15377 15378
f 15379 15380 15381
f 15382 15383 15384
f 15385 15386 15387
f 15388 15389 15390
f 15391 15392 15393
f 15394 15395 15396
f 15397 15398 15399
f 15400 15401 15402
f 15403 15404 15405
f 15406 15407 15408
f 15409 15410 15411
f 15412 15413 15414
f 15415 15416 15417
f 15418 15419 15420
f 15421 15422 15423
f 15424 15425 15426
f 15427 15428 15429
f 15430 15431 15432
f 15433 15434 15435
f 15436 15437 15438
f 15439 15440 15441
f 15442 15443 15444
f 15445 15446 15447
f 15448 15449 15450
f 15451 15452 15453
f 15454 15455 15456
f 15457 15458 15459
f 15460 15461 15462
f 15463 15464 15465
f 15466 15467 15468
f 15469 15470 15471
f 15472 15473 15474
f 15475 15476 15477
f 15478 15479 15480
f 15481 15482 15483
f 15484 15485 15486
f 15487 15488 15489
f 15490 15491 15492
f 15493 15494 15495
f 15496 15497 15498
f 15499 15500 15501
f 15502 15503 15504
f 15505 15506 15507
f 15508 15509 15510
f 15511 15512 15513
f 15514 15515 15516
f 15517 15518 15519
f 15520 15521 15522
f 15523 15524 15525
f 15526 15527 15528
f 15529 15530 15531
f 15532 15533 15534
f 15535 15536 15537
f 15538 15539 15540
f 15541 15542 15543
f 15544 15545 15546
f 15547 15548 15549
f 15550 15551 15552
f 15553 15554 15555
f 15556 15557 15558
f 15559 15560 15561
f 15562 15563 15564
f 15565 15566 15567
f 15568 15569 15570
f 15571 15572 15573
f 15574 15575 15576
f 15577 15578 15579
f 15580 15581 15582
f 15583 15584 15585
f 15586 15587 15588
f 15589 15590 15591
f 15592 15593 15594
f 15595 15596 15597
f 15598 15599 15600
f 15601 15602 15603
f 15604 15605 15606
f 15607 15608 15609
f 15610 15611 15612
f 15613 15614 15615
f 15616 15617 15618
f 15619 15620 15621
f 15622 15623 15624
f 15625 15626 15627
f 15628 15629 15630
f 15631 15632 15633
f 15634 15635 15636
f 15637 15638 15639
f 15640 15641 15642
f 15643 15644 15645
f 15646 15647 15648
f 15649 15650 15651
f 15652 15653 15654
f 15655 15656 15657
f 15658 15659 15660
f 15661 15662 15663
f 15664 15665 15666
f 15667 15668 15669
f 15670 15671 15672
f 15673 15674 15675
f 15676 15677 15678
f 15679 15680 15681
f 15682 15683 15684
f 15685 15686 15687
f 15688 15689 15690
f 15691 15692 15693
f 15694 15695 15696
f 15697 15698 15699
f 15700 15701 15702
f 15703 15704 15705
f 15706 15707 15708
f 15709 15710 15711
f 15712 15713 15714
f 15715 15716 15717
f 15718 15719 15720
f 15721 15722 15723
f 15724 15725 15726
f 15727 15728 15729
f 15730 15731 15732
f 15733 15734 15735
f 15736 15737 15738
f 15739 15740 15741
f 15742 15743 15744
f 15745 15746 15747
f 15748 15749 15750
f 15751 15752 15753
f 15754 15755 15756
f 15757 15758 15759
f 15760 15761 15762
f 15763 15764 15765
f 15766 15767 15768
f 15769 15770 15771
f 15772 15773 15774
f 15775 15776 15777
f 15778 15779 15780
f 15781 15782 15783
f 15784 15785 15786
f 15787 15788 15789
f 15790 15791 15792
f 15793 15794 15795
f 15796 15797 15798
f 15799 15800 15801
f 15802 15803 15804
f 15805 15806 15807
f 15808 15809 15810
f 15811 15812 15813
f 15814 15815 15816
f 15817 15818 15819
f 15820 15821 15822
f 15823 15824 15825
f 15826 15827 15828
f 15829 15830 15831
f 15832 15833 15834
f 15835 15836 15837
f 15838 15839 15840
f 15841 15842 15843
f 15844 15845 15846
f 15847 15848 15849
f 15850 15851 15852
f 15853 15854 15855
f 15856 15857 15858
f 15859 15860 15861
f 15862 15863 15864
f 15865 15866 15867
f 15868 15869 15870
f 15871 15872 15873
f 15874 15875 15876
f 15877 15878 15879
f 15880 15881 15882
f 15883 15884 15885
f 15886 15887 15888
f 15889 15890 15891
f 15892 15893 15894
f 15895 15896 15897
f 15898 15899 15900
f 15901 15902 15903
f 15904 15905 15906
f 15907 15908 15909
f 15910 15911 15912
f 15913 15914 15915
f 15916 15917 15918
f 15919 15920 15921
f 15922 15923 15924
f 15925 15926 15927
f 15928 15929 15930
f 15931 15932 15933
f 15934 15935 15936
f 15937 15938 15939
f 15940 15941 15942
f 15943 15944 15945
f 15946 15947 15948
f 15949 15950 15951
f 15952 15953 15954
f 15955 15956 15957
f 15958 15959 15960
f 15961 15962 15963
f 15964 15965 15966
f 15967 15968 15969
f 15970 15971 15972
f 15973 15974 15975
f 15976 15977 15978
f 15979 15980 15981
f 15982 15983 15984
f 15985 15986 15987
f 15988 15989 15990
f 15991 15992 15993
f 15994 15995 15996
f 15997 15998 15999
f 16000 16001 16002
f 16003 16004 16005
f 16006 16007 16008
f 16009 16010 16011
f 16012 16013 16014
f 16015 16016 16017
f 16018 16019 16020
f 16021 16022 16023
f 16024 16025 16026
f 16027 16028 16029
f 16030 16031 16032
f 16033 16034 16035
f 16036 16037 16038
f 16039 16040 16041
f 16042 16043 16044
f 16045 16046 16047
f 16048 16049 16050
f 16051 16052 16053
f 16054 16055 16056
f 16057 16058 16059
f 16060 16061 16062
f 16063 16064 16065
f 16066 16067 16068
f 16069 16070 16071
f 16072 16073 16074
f 16075 16076 16077
f 16078 16079 16080
f 16081 16082 16083
f 16084 16085 16086
f 16087 16088 16089
f 16090 16091 16092
f 16093 16094 16095
f 16096 16097 16098
f 16099 16100 16101
f 16102 16103 16104
f 16105 16106 16107
f 16108 16109 16110
f 16111 16112 16113
f 16114 16115 16116
f 16117 16118 16119
f 16120 16121 16122
f 16123 16124 16125
f 16126 16127 16128
f 16129 16130 16131
f 16132 16133 16134
f 16135 16136 16137
f 16138 16139 16140
f 16141 16142 16143
f 16144 16145 16146
f 16147 16148 16149
f 16150 16151 16152
f 16153 16154 16155
f 16156 16157 16158
f 16159 16160 16161
f 16162 16163 16164
f 16165 16166 16167
f 16168 16169 16170
f 16171 16172 16173
f 16174 16175 16176
f 16177 16178 16179
f 16180 16181 16182
f 16183 16184 16185
f 16186 16187 16188
f 16189 16190 16191
f 16192 16193 16194
f 16195 16196 16197
f 16198 16199 16200
f 16201 16202 16203
f 16204 16205 16206
f 16207 16208 16209
f 16210 16211 16212
f 16213 16214 16215
f 16216 16217 16218
f 16219 16220 16221
f 16222 16223 16224
f 16225 16226 16227
f 16228 16229 16230
f 16231 16232 16233
f 16234 16235 16236
f 16237 16238 16239
f 16240 16241 16242
f 16243 16244 16245
f 16246 16247 16248
f 16249 16250 16251
f 16252 16253 16254
f 16255 16256 16257
f 16258 16259 16260
f 16261 16262 16263
f 16264 16265 16266
f 16267 16268 16269
f 16270 16271 16272
f 16273 16274 16275
f 16276 16277 16278
f 16279 16280 16281
f 16282 16283 16284
f 16285 16286 16287
f 16288 16289 16290
f 16291 16292 16293
f 16294 16295 16296
f 16297 16298 16299
f 16300 16301 16302
f 16303 16304 16305
f 16306 16307 16308
f 16309 16310 16311
f 16312 16313 16314
f 16315 16316 16317
f 16318 16319 16320
f 16321 16322 16323
f 16324 16325 16326
f 16327 16328 16329
f 16330 16331 16332
f 16333 16334 16335
f 16336 16337 16338
f 16339 16340 16341
f 16342 16343 16344
f 16345 16346 16347
f 16348 16349 16350
f 16351 16352 16353
f 16354 16355 16356
f 16357 16358 16359
f 16360 16361 16362
f 16363 16364 16365
f 16366 16367 16368
f 16369 16370 16371
f 16372 16373 16374
f 16375 16376 16377
f 16378 16379 16380
f 16381 16382 16383
f 16384 16385 16386
f 16387 16388 16389
f 16390 16391 16392
f 16393 16394 16395
f 16396 16397 16398
f 16399 16400 16401
f 16402 16403 16404
f 16405 16406 16407
f 16408 16409 16410
f 16411 16412 16413
f 16414 16415 16416
f 16417 16418 16419
f 16420 16421 16422
f 16423 16424 16425
f 16426 16427 16428
f 16429 16430 16431
f 16432 16433 16434
f 16435 16436 16437
f 16438 16439 16440
f 16441 16442 16443
f 16444 16445 16446
f 16447 16448 16449
f 16450 16451 16452
f 16453 16454 16455
f 16456 16457 16458
f 16459 16460 16461
f 16462 16463 16464
f 16465 16466 16467
f 16468 16469 16470
f 16471 16472 16473
f 16474 16475 16476
f 16477 16478 16479
f 16480 16481 16482
f 16483 16484 16485
f 16486 16487 16488
f 16489 16490 16491
f 16492 16493 16494
f 16495 16496 16497
f 16498 16499 16500
f 16501 16502 16503
f 16504 16505 16506
f 16507 16508 16509
f 16510 16511 16512
f 16513 16514 16515
f 16516 16517 16518
f 16519 16520 16521
f 16522 16523 16524
f 16525 16526 16527
f 16528 16529 16530
f 16531 16532 16533
f 16534 16535 16536
f 16537 16538 16539
f 16540 16541 16542
f 16543 16544 16545
f 16546 16547 16548
f 16549 16550 16551
f 16552 16553 16554
f 16555 16556 16557
f 16558 16559 16560
f 16561 16562 16563
f 16564 16565 16566
f 16567 16568 16569
f 16570 16571 16572
f 16573 16574 16575
f 16576 16577 16578
f 16579 16580 16581
f 16582 16583 16584
f 16585 16586 16587
f 16588 16589 16590
f 16591 16592 16593
f 16594 16595 16596
f 16597 16598 16599
f 16600 16601 16602
f 16603 16604 16605
f 16606 16607 16608
f 16609 16610 16611
f 16612 16613 16614
f 16615 16616 16617
f 16618 16619 16620
f 16621 16622 16623
f 16624 16625 16626
f 16627 16628 16629
f 16630 16631 16632
f 16633 16634 16635
f 16636 16637 16638
f 16639 16640 16641
f 16642 16643 16644
f 16645 16646 16647
f 16648 16649 16650
f 16651 16652 16653
f 16654 16655 16656
f 16657 16658 16659
f 16660 16661 16662
f 16663 16664 16665
f 16666 16667 16668
f 16669 16670 16671
f 16672 16673 16674
f 16675 16676 16677
f 16678 16679 16680
f 16681 16682 16683
f 16684 16685 16686
f 16687 16688 16689
f 16690 16691 16692
f 16693 16694 16695
f 16696 16697 16698
f 16699 16700 16701
f 16702 16703 16704
f 16705 16706 16707
f 16708 16709 16710
f 16711 16712 16713
f 16714 16715 16716
f 16717 16718 16719
f 16720 16721 16722
f 16723 16724 16725
f 16726 16727 16728
f 16729 16730 16731
f 16732 16733 16734
f 16735 16736 16737
f 16738 16739 16740
f 16741 16742 16743
f 16744 16745 16746
f 16747 16748 16749
f 16750 16751 16752
f 16753 16754 16755
f 16756 16757 16758
f 16759 16760 16761
f 16762 16763 16764
f 16765 16766 16767
f 16768 16769 16770
f 16771 16772 16773
f 16774 16775 16776
f 16777 16778 16779
f 16780 16781 16782
f 16783 16784 16785
f 16786 16787 16788
f 16789 16790 16791
f 16792 16793 16794
f 16795 16796 16797
f 16798 16799 16800
f 16801 16802 16803
f 16804 16805 16806
f 16807 16808 16809
f 16810 16811 16812
f 16813 16814 16815
f 16816 16817 16818
f 16819 16820 16821
f 16822 16823 16824
f 16825 16826 16827
f 16828 16829 16830
f 16831 16832 16833
f 16834 16835 16836
f 16837 16838 16839
f 16840 16841 16842
f 16843 16844 16845
f 16846 16847 16848
f 16849 16850 16851
f 16852 16853 16854
f 16855 16856 16857
f 16858 16859 16860
f 16861 16862 16863
f 16864 16865 16866
f 16867 16868 16869
f 16870 16871 16872
f 16873 16874 16875
f 16876 16877 16878
f 16879 16880 16881
f 16882 16883 16884
f 16885 16886 16887
f 16888 16889 16890
f 16891 16892 16893
f 16894 16895 16896
f 16897 16898 16899
f 16900 16901 16902
f 16903 16904 16905
f 16906 16907 16908
f 16909 16910 16911
f 16912 16913 16914
f 16915 16916 16917
f 16918 16919 16920
f 16921 16922 16923
f 16924 16925 16926
f 16927 16928 16929
f 16930 16931 16932
f 16933 16934 16935
f 16936 16937 16938
f 16939 16940 16941
f 16942 16943 16944
f 16945 16946 16947
f 16948 16949 16950
f 16951 16952 16953
f 16954 16955 16956
f 16957 16958 16959
f 16960 16961 16962
f 16963 16964 16965
f 16966 16967 16968
f 16969 16970 16971
f 16972 16973 16974
f 16975 16976 16977
f 16978 16979 16980
f 16981 16982 16983
f 16984 16985 16986
f 16987 16988 16989
f 16990 16991 16992
f 16993 16994 16995
f 16996 16997 16998
f 16999 17000 17001
f 17002 17003 17004
f 17005 17006 17007
f 17008 17009 17010
f 17011 17012 17013
f 17014 17015 17016
f 17017 17018 17019
f 17020 17021 17022
f 17023 17024 17025
f 17026 17027 17028
f 17029 17030 17031
f 17032 17033 17034
f 17035 17036 17037
f 17038 17039 17040
f 17041 17042 17043
f 17044 17045 17046
f 17047 17048 17049
f 17050 17051 17052
f 17053 17054 17055
f 17056 17057 17058
f 17059 17060 17061
f 17062 17063 17064
f 17065 17066 17067
f 17068 17069 17070
f 17071 17072 17073
f 17074 17075 17076
f 17077 17078 17079
f 17080 17081 17082
f 17083 17084 17085
f 17086 17087 17088
f 17089 17090 17091
f 17092 17093 17094
f 17095 17096 17097
f 17098 17099 17100
f 17101 17102 17103
f 17104 17105 17106
f 17107 17108 17109
f 17110 17111 17112
f 17113 17114 17115
f 17116 17117 17118
f 17119 17120 17121
f 17122 17123 17124
f 17125 17126 17127
f 17128 17129 17130
f 17131 17132 17133
f 17134 17135 17136
f 17137 17138 17139
f 17140 17141 17142
f 17143 17144 17145
f 17146 17147 17148
f 17149 17150 17151
f 17152 17153 17154
f 17155 17156 17157
f 17158 17159 17160
f 17161 17162 17163
f 17164 17165 17166
f 17167 17168 17169
f 17170 17171 17172
f 17173 17174 17175
f 17176 17177 17178
f 17179 17180 17181
f 17182 17183 17184
f 17185 17186 17187
f 17188 17189 17190
f 17191 17192 17193
f 17194 17195 17196
f 17197 17198 17199
f 17200 17201 17202
f 17203 17204 17205
f 17206 17207 17208
f 17209 17210 17211
f 17212 17213 17214
f 17215 17216 17217
f 17218 17219 17220
f 17221 17222 17223
f 17224 17225 17226
f 17227 17228 17229
f 17230 17231 17232
f 17233 17234 17235
f 17236 17237 17238
f 17239 17240 17241
f 17242 17243 17244
f 17245 17246 17247
f 17248 17249 17250
f 17251 17252 17253
f 17254 17255 17256
f 17257 17258 17259
f 17260 17261 17262
f 17263 17264 17265
f 17266 17267 17268
f 17269 17270 17271
f 17272 17273 17274
f 17275 17276 17277
f 17278 17279 17280
f 17281 17282 17283
f 17284 17285 17286
f 17287 17288 17289
f 17290 17291 17292
f 17293 17294 17295
f 17296 17297 17298
f 17299 17300 17301
f 17302 17303 17304
f 17305 17306 17307
f 17308 17309 17310
f 17311 17312 17313
f 17314 17315 17316
f 17317 17318 17319
f 17320 17321 17322
f 17323 17324 17325
f 17326 17327 17328
f 17329 17330 17331
f 17332 17333 17334
f 17335 17336 17337
f 17338 17339 17340
f 17341 17342 17343
f 17344 17345 17346
f 17347 17348 17349
f 17350 17351 17352
f 17353 17354 17355
f 17356 17357 17358
f 17359 17360 17361
f 17362 17363 17364
f 17365 17366 17367
f 17368 17369 17370
f 17371 17372 17373
f 17374 17375 17376
f 17377 17378 17379
f 17380 17381 17382
f 17383 17384 17385
f 17386 17387 17388
f 17389 17390 17391
f 17392 17393 17394
f 17395 17396 17397
f 17398 17399 17400
f 17401 17402 17403
f 17404 17405 17406
f 17407 17408 17409
f 17410 17411 17412
f 17413 17414 17415
f 17416 17417 17418
f 17419 17420 17421
f 17422 17423 17424
f 17425 17426 17427
f 17428 17429 17430
f 17431 17432 17433
f 17434 17435 17436
f 17437 17438 17439
f 17440 17441 17442
f 17443 17444 17445
f 17446 17447 17448
f 17449 17450 17451
f 17452 17453 17454
f 17455 17456 17457
f 17458 17459 17460
f 17461 17462 17463
f 17464 17465 17466
f 17467 17468 17469
f 17470 17471 17472
f 17473 17474 17475
f 17476 17477 17478
f 17479 17480 17481
f 17482 17483 17484
f 17485 17486 17487
f 17488 17489 17490
f 17491 17492 17493
f 17494 17495 17496
f 17497 17498 17499
f 17500 17501 17502
f 17503 17504 17505
f 17506 17507 17508
f 17509 17510 17511
f 17512 17513 17514
f 17515 17516 17517
f 17518 17519 17520
f 17521 17522 17523
f 17524 17525 17526
f 17527 17528 17529
f 17530 17531 17532
f 17533 17534 17535
f 17536 17537 17538
f 17539 17540 17541
f 17542 17543 17544
f 17545 17546 17547
f 17548 17549 17550
f 17551 17552 17553
f 17554 17555 17556
f 17557 17558 17559
f 17560 17561 17562
f 17563 17564 17565
f 17566 17567 17568
f 17569 17570 17571
f 17572 17573 17574
f 17575 17576 17577
f 17578 17579 17580
f 17581 17582 17583
f 17584 17585 17586
f 17587 17588 17589
f 17590 17591 17592
f 17593 17594 17595
f 17596 17597 17598
f 17599 17600 17601
f 17602 17603 17604
f 17605 17606 17607
f 17608 17609 17610
f 17611 17612 17613
f 17614 17615 17616
f 17617 17618 17619
f 17620 17621 17622
f 17623 17624 17625
f 17626 17627 17628
f 17629 17630 17631
f 17632 17633 17634
f 17635 17636 17637
f 17638 17639 17640
f 17641 17642 17643
f 17644 17645 17646
f 17647 17648 17649
f 17650 17651 17652
f 17653 17654 17655
f 17656 17657 17658
f 17659 17660 17661
f 17662 17663 17664
f 17665 17666 17667
f 17668 17669 17670
f 17671 17672 17673
f 17674 17675 17676
f 17677 17678 17679
f 17680 17681 17682
f 17683 17684 17685
f 17686 17687 17688
f 17689 17690 17691
f 17692 17693 17694
f 17695 17696 17697
f 17698 17699 17700
f 17701 17702 17703
f 17704 17705 17706
f 17707 17708 17709
f 17710 17711 17712
f 17713 17714 17715
f 17716 17717 17718
f 17719 17720 17721
f 17722 17723 17724
f 17725 17726 17727
f 17728 17729 17730
f 17731 17732 17733
f 17734 17735 17736
f 17737 17738 17739
f 17740 17741 17742
f 17743 17744 17745
f 17746 17747 17748
f 17749 17750 17751
f 17752 17753 17754
f 17755 17756 17757
f 17758 17759 17760
f 17761 17762 17763
f 17764 17765 17766
f 17767 17768 17769
f 17770 17771 17772
f 17773 17774 17775
f 17776 17777 17778
f 17779 17780 17781
f 17782 17783 17784
f 17785 17786 17787
f 17788 17789 17790
f 17791 17792 17793
f 17794 17795 17796
f 17797 17798 17799
f 17800 17801 17802
f 17803 17804 17805
f 17806 17807 17808
f 17809 17810 17811
f 17812 17813 17814
f 17815 17816 17817
f 17818 17819 17820
f 17821 17822 17823
f 17824 17825 17826
f 17827 17828 17829
f 17830 17831 17832
f 17833 17834 17835
f 17836 17837 17838
f 17839 17840 17841
f 17842 17843 17844
f 17845 17846 17847
f 17848 17849 17850
f 17851 17852 17853
f 17854 17855 17856
f 17857 17858 17859
f 17860 17861 17862
f 17863 17864 17865
f 17866 17867 17868
f 17869 17870 17871
f 17872 17873 17874
f 17875 17876 17877
f 17878 17879 17880
f 17881 17882 17883
f 17884 17885 17886
f 17887 17888 17889
f 17890 17891 17892
f 17893 17894 17895
f 17896 17897 17898
f 17899 17900 17901
f 17902 17903 17904
f 17905 17906 17907
f 17908 17909 17910
f 17911 17912 17913
f 17914 17915 17916
f 17917 17918 17919
f 17920 17921 17922
f 17923 17924 17925
f 17926 17927 17928
f 17929 17930 17931
f 17932 17933 17934
f 17935 17936 17937
f 17938 17939 17940
f 17941 17942 17943
f 17944 17945 17946
f 17947 17948 17949
f 17950 17951 17952
f 17953 17954 17955
f 17956 17957 17958
f 17959 17960 17961
f 17962 17963 17964
f 17965 17966 17967
f 17968 17969 17970
f 17971 17972 17973
f 17974 17975 17976
f 17977 17978 17979
f 17980 17981 17982
f 17983 17984 17985
f 17986 17987 17988
f 17989 17990 17991
f 17992 17993 17994
f 17995 17996 17997
f 17998 17999 18000
f 18001 18002 18003
f 18004 18005 18006
f 18007 18008 18009
f 18010 18011 18012
f 18013 18014 18015
f 18016 18017 18018
f 18019 18020 18021
f 18022 18023 18024
f 18025 18026 18027
f 18028 18029 18030
f 18031 18032 18033
f 18034 18035 18036
f 18037 18038 18039
f 18040 18041 18042
f 18043 18044 18045
f 18046 18047 18048
f 18049 18050 18051
f 18052 18053 18054
f 18055 18056 18057
f 18058 18059 18060
f 18061 18062 18063
f 18064 18065 18066
f 18067 18068 18069
f 18070 18071 18072
f 18073 18074 18075
f 18076 18077 18078
f 18079 18080 18081
f 18082 18083 18084
f 18085 18086 18087
f 18088 18089 18090
f 18091 18092 18093
f 18094 18095 18096
f 18097 18098 18099
f 18100 18101 18102
f 18103 18104 18105
f 18106 18107 18108
f 18109 18110 18111
f 18112 18113 18114
f 18115 18116 18117
f 18118 18119 18120
f 18121 18122 18123
f 18124 18125 18126
f 18127 18128 18129
f 18130 18131 18132
f 18133 18134 18135
f 18136 18137 18138
f 18139 18140 18141
f 18142 18143 18144
f 18145 18146 18147
f 18148 18149 18150
f 18151 18152 18153
f 18154 18155 18156
f 18157 18158 18159
f 18160 18161 18162
f 18163 18164 18165
f 18166 18167 18168
f 18169 18170 18171
f 18172 18173 18174
f 18175 18176 18177
f 18178 18179 18180
f 18181 18182 18183
f 18184 18185 18186
f 18187 18188 18189
f 18190 18191 18192
f 18193 18194 18195
f 18196 18197 18198
f 18199 18200 18201
f 18202 18203 18204
f 18205 18206 18207
f 18208 18209 18210
f 18211 18212 18213
f 18214 18215 18216
f 18217 18218 18219
f 18220 18221 18222
f 18223 18224 18225
f 18226 18227 18228
f 18229 18230 18231
f 18232 18233 18234
f 18235 18236 18237
f 18238 18239 18240
f 18241 18242 18243
f 18244 18245 18246
f 18247 18248 18249
f 18250 18251 18252
f 18253 18254 18255
f 18256 18257 18258
f 18259 18260 18261
f 18262 18263 18264
f 18265 18266 18267
f 18268 18269 18270
f 18271 18272 18273
f 18274 18275 18276
f 18277 18278 18279
f 18280 18281 18282
f 18283 18284 18285
f 18286 18287 18288
f 18289 18290 18291
f 18292 18293 18294
f 18295 18296 18297
f 18298 18299 18300
f 18301 18302 18303
f 18304 18305 18306
f 18307 18308 18309
f 18310 18311 18312
f 18313 18314 18315
f 18316 18317 18318
f 18319 18320 18321
f 18322 18323 18324
f 18325 18326 18327
f 18328 18329 18330
f 18331 18332 18333
f 18334 18335 18336
f 18337 18338 18339
f 18340 18341 18342
f 18343 18344 18345
f 18346 18347 18348
f 18349 18350 18351
f 18352 18353 18354
f 18355 18356 18357
f 18358 18359 18360
f 18361 18362 18363
f 18364 18365 18366
f 18367 18368 18369
f 18370 18371 18372
f 18373 18374 18375
f 18376 18377 18378
f 18379 18380 18381
f 18382 18383 18384
f 18385 18386 18387
f 18388 18389 18390
f 18391 18392 18393
f 18394 18395 18396
f 18397 18398 18399
f 18400 18401 18402
f 18403 18404 18405
f 18406 18407 18408
f 18409 18410 18411
f 18412 18413 18414
f 18415 18416 18417
f 18418 18419 18420
f 18421 18422 18423
f 18424 18425 18426
f 18427 18428 18429
f 18430 18431 18432
f 18433 18434 18435
f 18436 18437 18438
f 18439 18440 18441
f 18442 18443 18444
f 18445 18446 18447
f 18448 18449 18450
f 18451 18452 18453
f 18454 18455 18456
f 18457 18458 18459
f 18460 18461 18462
f 18463 18464 18465
f 18466 18467 18468
f 18469 18470 18471
f 18472 18473 18474
f 18475 18476 18477
f 18478 18479 18480
f 18481 18482 18483
f 18484 18485 18486
f 18487 18488 18489
f 18490 18491 18492
f 18493 18494 18495
f 18496 18497 18498
f 18499 18500 18501
f 18502 18503 18504
f 18505 18506 18507
f 18508 18509 18510
f 18511 18512 18513
f 18514 18515 18516
f 18517 18518 18519
f 18520 18521 18522
f 18523 18524 18525
f 18526 18527 18528
f 18529 18530 18531
f 18532 18533 18534
f 18535 18536 18537
f 18538 18539 18540
f 18541 18542 18543
f 18544 18545 18546
f 18547 18548 18549
f 18550 18551 18552
f 18553 18554 18555
f 18556 18557 18558
f 18559 18560 18561
f 18562 18563 18564
f 18565 18566 18567
f 18568 18569 18570
f 18571 18572 18573
f 18574 18575 18576
f 18577 18578 18579
f 18580 18581 18582
f 18583 18584 18585
f 18586 18587 18588
f 18589 18590 18591
f 18592 18593 18594
f 18595 18596 18597
f 18598 18599 18600
f 18601 18602 18603
f 18604 18605 18606
f 18607 18608 18609
f 18610 18611 18612
f 18613 18614 18615
f 18616 18617 18618
f 18619 18620 18621
f 18622 18623 18624
f 18625 18626 18627
f 18628 18629 18630
f 18631 18632 18633
f 18634 18635 18636
f 18637 18638 18639
f 18640 18641 18642
f 18643 18644 18645
f 18646 18647 18648
f 18649 18650 18651
f 18652 18653 18654
f 18655 18656 18657
f 18658 18659 18660
f 18661 18662 18663
f 18664 18665 18666
f 18667 18668 18669
f 18670 18671 18672
f 18673 18674 18675
f 18676 18677 18678
f 18679 18680 18681
f 18682 18683 18684
f 18685 18686 18687
f 18688 18689 18690
f 18691 18692 18693
f 18694 18695 18696
f 18697 18698 18699
f 18700 18701 18702
f 18703 18704 18705
f 18706 18707 18708
f 18709 18710 18711
f 18712 18713 18714
f 18715 18716 18717
f 18718 18719 18720
f 18721 18722 18723
f 18724 18725 18726
f 18727 18728 18729
f 18730 18731 18732
f 18733 18734 18735
f 18736 18737 18738
f 18739 18740 18741
f 18742 18743 18744
f 18745 18746 18747
f 18748 18749 18750
f 18751 18752 18753
f 18754 18755 18756
f 18757 18758 18759
f 18760 18761 18762
f 18763 18764 18765
f 18766 18767 18768
f 18769 18770 18771
f 18772 18773 18774
f 18775 18776 18777
f 18778 18779 18780
f 18781 18782 18783
f 18784 18785 18786
f 18787 18788 18789
f 18790 18791 18792
f 18793 18794 18795
f 18796 18797 18798
f 18799 18800 18801
f 18802 18803 18804
f 18805 18806 18807
f 18808 18809 18810
f 18811 18812 18813
f 18814 18815 18816
f 18817 18818 18819
f 18820 18821 18822
f 18823 18824 18825
f 18826 18827 18828
f 18829 18830 18831
f 18832 18833 18834
f 18835 18836 18837
f 18838 18839 18840
f 18841 18842 18843
f 18844 18845 18846
f 18847 18848 18849
f 18850 18851 18852
f 18853 18854 18855
f 18856 18857 18858
f 18859 18860 18861
f 18862 18863 18864
f 18865 18866 18867
f 18868 18869 18870
f 18871 18872 18873
f 18874 18875 18876
f 18877 18878 18879
f 18880 18881 18882
f 18883 18884 18885
f 18886 18887 18888
f 18889 18890 18891
f 18892 18893 18894
f 18895 18896 18897
f 18898 18899 18900
f 18901 18902 18903
f 18904 18905 18906
f 18907 18908 18909
f 18910 18911 18912
f 18913 18914 18915
f 18916 18917 18918
f 18919 18920 18921
f 18922 18923 18924
f 18925 18926 18927
f 18928 18929 18930
f 18931 18932 18933
f 18934 18935 18936
f 18937 18938 18939
f 18940 18941 18942
f 18943 18944 18945
f 18946 18947 18948
f 18949 18950 18951
f 18952 18953 18954
f 18955 18956 18957
f 18958 18959 18960
f 18961 18962 18963
f 18964 18965 18966
f 18967 18968 18969
f 18970 18971 18972
f 18973 18974 18975
f 18976 18977 18978
f 18979 18980 18981
f 18982 18983 18984
f 18985 18986 18987
f 18988 18989 18990
f 18991 18992 18993
f 18994 18995 18996
f 18997 18998 18999
f 19000 19001 19002
f 19003 19004 19005
f 19006 19007 19008
f 19009 19010 19011
f 19012 19013 19014
f 19015 19016 19017
f 19018 19019 19020
f 19021 19022 19023
f 19024 19025 19026
f 19027 19028 19029
f 19030 19031 19032
f 19033 19034 19035
f 19036 19037 19038
f 19039 19040 19041
f 19042 19043 19044
f 19045 19046 19047
f 19048 19049 19050
f 19051 19052 19053
f 19054 19055 19056
f 19057 19058 19059
f 19060 19061 19062
f 19063 19064 19065
f 19066 19067 19068
f 19069 19070 19071
f 19072 19073 19074
f 19075 19076 19077
f 19078 19079 19080
f 19081 19082 19083
f 19084 19085 19086
f 19087 19088 19089
f 19090 19091 19092
f 19093 19094 19095
f 19096 19097 19098
f 19099 19100 19101
f 19102 19103 19104
f 19105 19106 19107
f 19108 19109 19110
f 19111 19112 19113
f 19114 19115 19116
f 19117 19118 19119
f 19120 19121 19122
f 19123 19124 19125
f 19126 19127 19128
f 19129 19130 19131
f 19132 19133 19134
f 19135 19136 19137
f 19138 19139 19140
f 19141 19142 19143
f 19144 19145 19146
f 19147 19148 19149
f 19150 19151 19152
f 19153 19154 19155
f 19156 19157 19158
f 19159 19160 19161
f 19162 19163 19164
f 19165 19166 19167
f 19168 19169 19170
f 19171 19172 19173
f 19174 19175 19176
f 19177 19178 19179
f 19180 19181 19182
f 19183 19184 19185
f 19186 19187 19188
f 19189 19190 19191
f 19192 19193 19194
f 19195 19196 19197
f 19198 19199 19200
f 19201 19202 19203
f 19204 19205 19206
f 19207 19208 19209
f 19210 19211 19212
f 19213 19214 19215
f 19216 19217 19218
f 19219 19220 19221
f 19222 19223 19224
f 19225 19226 19227
f 19228 19229 19230
f 19231 19232 19233
f 19234 19235 19236
f 19237 19238 19239
f 19240 19241 19242
f 19243 19244 19245
f 19246 19247 19248
f 19249 19250 19251
f 19252 19253 19254
f 19255 19256 19257
f 19258 19259 19260
f 19261 19262 19263
f 19264 19265 19266
f 19267 19268 19269
f 19270 19271 19272
f 19273 19274 19275
f 19276 19277 19278
f 19279 19280 19281
f 19282 19283 19284
f 19285 19286 19287
f 19288 19289 19290
f 19291 19292 19293
f 19294 19295 19296
f 19297 19298 19299
f 19300 19301 19302
f 19303 19304 19305
f 19306 19307 19308
f 19309 19310 19311
f 19312 19313 19314
f 19315 19316 19317
f 19318 19319 19320
f 19321 19322 19323
f 19324 19325 19326
f 19327 19328 19329
f 19330 19331 19332
f 19333 19334 19335
f 19336 19337 19338
f 19339 19340 19341
f 19342 19343 19344
f 19345 19346 19347
f 19348 19349 19350
f 19351 19352 19353
f 19354 19355 19356
f 19357 19358 19359
f 19360 19361 19362
f 19363 19364 19365
f 19366 19367 19368
f 19369 19370 19371
f 19372 19373 19374
f 19375 19376 19377
f 19378 19379 19380
f 19381 19382 19383
f 19384 19385 19386
f 19387 19388 19389
f 19390 19391 19392
f 19393 19394 19395
f 19396 19397 19398
f 19399 19400 19401
f 19402 19403 19404
f 19405 19406 19407
f 19408 19409 19410
f 19411 19412 19413
f 19414 19415 19416
f 19417 19418 19419
f 19420 19421 19422
f 19423 19424 19425
f 19426 19427 19428
f 19429 19430 19431
f 19432 19433 19434
f 19435 19436 19437
f 19438 19439 19440
f 19441 19442 19443
f 19444 19445 19446
f 19447 19448 19449
f 19450 19451 19452
f 19453 19454 19455
f 19456 19457 19458
f 19459 19460 19461
f 19462 19463 19464
f 19465 19466 19467
f 19468 19469 19470
f 19471 19472 19473
f 19474 19475 19476
f 19477 19478 19479
f 19480 19481 19482
f 19483 19484 19485
f 19486 19487 19488
f 19489 19490 19491
f 19492 19493 19494
f 19495 19496 19497
f 19498 19499 19500
f 19501 19502 19503
f 19504 19505 19506
f 19507 19508 19509
f 19510 19511 19512
f 19513 19514 19515
f 19516 19517 19518
f 19519 19520 19521
f 19522 19523 19524
f 19525 19526 19527
f 19528 19529 19530
f 19531 19532 19533
f 19534 19535 19536
f 19537 19538 19539
f 19540 19541 19542
f 19543 19544 19545
f 19546 19547 19548
f 19549 19550 19551
f 19552 19553 19554
f 19555 19556 19557
f 19558 19559 19560
f 19561 19562 19563
f 19564 19565 19566
f 19567 19568 19569
f 19570 19571 19572
f 19573 19574 19575
f 19576 19577 19578
f 19579 19580 19581
f 19582 19583 19584
f 19585 19586 19587
f 19588 19589 19590
f 19591 19592 19593
f 19594 19595 19596
f 19597 19598 19599
f 19600 19601 19602
f 19603 19604 19605
f 19606 19607 19608
f 19609 19610 19611
f 19612 19613 19614
f 19615 19616 19617
f 19618 19619 19620
f 19621 19622 19623
f 19624 19625 19626
f 19627 19628 19629
f 19630 19631 19632
f 19633 19634 19635
f 19636 19637 19638
f 19639 19640 19641
f 19642 19643 19644
f 19645 19646 19647
f 19648 19649 19650
f 19651 19652 19653
f 19654 19655 19656
f 19657 19658 19659
f 19660 19661 19662
f 19663 19664 19665
f 19666 19667 19668
f 19669 19670 19671
f 19672 19673 19674
f 19675 19676 19677
f 19678 19679 19680
f 19681 19682 19683
f 19684 19685 19686
f 19687 19688 19689
f 19690 19691 19692
f 19693 19694 19695
f 19696 19697 19698
f 19699 19700 19701
f 19702 19703 19704
f 19705 19706 19707
f 19708 19709 19710
f 19711 19712 19713
f 19714 19715 19716
f 19717 19718 19719
f 19720 19721 19722
f 19723 19724 19725
f 19726 19727 19728
f 19729 19730 19731
f 19732 19733 19734
f 19735 19736 19737
f 19738 19739 19740
f 19741 19742 19743
f 19744 19745 19746
f 19747 19748 19749
f 19750 19751 19752
f 19753 19754 19755
f 19756 19757 19758
f 19759 19760 19761
f 19762 19763 19764
f 19765 19766 19767
f 19768 19769 19770
f 19771 19772 19773
f 19774 19775 19776
f 19777 19778 19779
f 19780 19781 19782
f 19783 19784 19785
f 19786 19787 19788
f 19789 19790 19791
f 19792 19793 19794
f 19795 19796 19797
f 19798 19799 19800
f 19801 19802 19803
f 19804 19805 19806
f 19807 19808 19809
f 19810 19811 19812
f 19813 19814 19815
f 19816 19817 19818
f 19819 19820 19821
f 19822 19823 19824
f 19825 19826 19827
f 19828 19829 19830
f 19831 19832 19833
f 19834 19835 19836
f 19837 19838 19839
f 19840 19841 19842
f 19843 19844 19845
f 19846 19847 19848
f 19849 19850 19851
f 19852 19853 19854
f 19855 19856 19857
f 19858 19859 19860
f 19861 19862 19863
f 19864 19865 19866
f 19867 19868 19869
f 19870 19871 19872
f 19873 19874 19875
f 19876 19877 19878
f 19879 19880 19881
f 19882 19883 19884
f 19885 19886 19887
f 19888 19889 19890
f 19891 19892 19893
f 19894 19895 19896
f 19897 19898 19899
f 19900 19901 19902
f 19903 19904 19905
f 19906 19907 19908
f 19909 19910 19911
f 19912 19913 19914
f 19915 19916 19917
f 19918 19919 19920
f 19921 19922 19923
f 19924 19925 19926
f 19927 19928 19929
f 19930 19931 19932
f 19933 19934 19935
f 19936 19937 19938
f 19939 19940 19941
f 19942 19943 19944
f 19945 19946 19947
f 19948 19949 19950
f 19951 19952 19953
f 19954 19955 19956
f 19957 19958 19959
f 19960 19961 19962
f 19963 19964 19965
f 19966 19967 19968
f 19969 19970 19971
f 19972 19973 19974
f 19975 19976 19977
f 19978 19979 19980
f 19981 19982 19983
f 19984 19985 19986
f 19987 19988 19989
f 19990 19991 19992
f 19993 19994 19995
f 19996 19997 19998
f 19999 20000 20001
f 20002 20003 20004
f 20005 20006 20007
f 20008 20009 20010
f 20011 20012 20013
f 20014 20015 20016
f 20017 20018 20019
f 20020 20021 20022
f 20023 20024 20025
f 20026 20027 20028
f 20029 20030 20031
f 20032 20033 20034
f 20035 20036 20037
f 20038 20039 20040
f 20041 20042 20043
f 20044 20045 20046
f 20047 20048 20049
f 20050 20051 20052
f 20053 20054 20055
f 20056 20057 20058
f 20059 20060 20061
f 20062 20063 20064
f 20065 20066 20067
f 20068 20069 20070
f 20071 20072 20073
f 20074 20075 20076
f 20077 20078 20079
f 20080 20081 20082
f 20083 20084 20085
f 20086 20087 20088
f 20089 20090 20091
f 20092 20093 20094
f 20095 20096 20097
f 20098 20099 20100
f 20101 20102 20103
f 20104 20105 20106
f 20107 20108 20109
f 20110 20111 20112
f 20113 20114 20115
f 20116 20117 20118
f 20119 20120 20121
f 20122 20123 20124
f 20125 20126 20127
f 20128 20129 20130
f 20131 20132 20133
f 20134 20135 20136
f 20137 20138 20139
f 20140 20141 20142
f 20143 20144 20145
f 20146 20147 20148
f 20149 20150 20151
f 20152 20153 20154
f 20155 20156 20157
f 20158 20159 20160
f 20161 20162 20163
f 20164 20165 20166
f 20167 20168 20169
f 20170 20171 20172
f 20173 20174 20175
f 20176 20177 20178
f 20179 20180 20181
f 20182 20183 20184
f 20185 20186 20187
f 20188 20189 20190
f 20191 20192 20193
f 20194 20195 20196
f 20197 20198 20199
f 20200 20201 20202
f 20203 20204 20205
f 20206 20207 20208
f 20209 20210 20211
f 20212 20213 20214
f 20215 20216 20217
f 20218 20219 20220
f 20221 20222 20223
f 20224 20225 20226
f 20227 20228 20229
f 20230 20231 20232
f 20233 20234 20235
f 20236 20237 20238
f 20239 20240 20241
f 20242 20243 20244
f 20245 20246 20247
f 20248 20249 20250
f 20251 20252 20253
f 20254 20255 20256
f 20257 20258 20259
f 20260 20261 20262
f 20263 20264 20265
f 20266 20267 20268
f 20269 20270 20271
f 20272 20273 20274
f 20275 20276 20277
f 20278 20279 20280
f 20281 20282 20283
f 20284 20285 20286
f 20287 20288 20289
f 20290 20291 20292
f 20293 20294 20295
f 20296 20297 20298
f 20299 20300 20301
f 20302 20303 20304
f 20305 20306 20307
f 20308 20309 20310
f 20311 20312 20313
f 20314 20315 20316
f 20317 20318 20319
f 20320 20321 20322
f 20323 20324 20325
f 20326 20327 20328
f 20329 20330 20331
f 20332 20333 20334
f 20335 20336 20337
f 20338 20339 20340
f 20341 20342 20343
f 20344 20345 20346
f 20347 20348 20349
f 20350 20351 20352
f 20353 20354 20355
f 20356 20357 20358
f 20359 20360 20361
f 20362 20363 20364
f 20365 20366 20367
f 20368 20369 20370
f 20371 20372 20373
f 20374 20375 20376
f 20377 20378 20379
f 20380 20381 20382
f 20383 20384 20385
f 20386 20387 20388
f 20389 20390 20391
f 20392 20393 20394
f 20395 20396 20397
f 20398 20399 20400
f 20401 20402 20403
f 20404 20405 20406
f 20407 20408 20409
f 20410 20411 20412
f 20413 20414 20415
f 20416 20417 20418
f 20419 20420 20421
f 20422 20423 20424
f 20425 20426 20427
f 20428 20429 20430
f 20431 20432 20433
f 20434 20435 20436
f 20437 20438 20439
f 20440 20441 20442
f 20443 20444 20445
f 20446 20447 20448
f 20449 20450 20451
f 20452 20453 20454
f 20455 20456 20457
f 20458 20459 20460
f 20461 20462 20463
f 20464 20465 20466
f 20467 20468 20469
f 20470 20471 20472
f 20473 20474 20475
f 20476 20477 20478
f 20479 20480 20481
f 20482 20483 20484

