# https://github.com/mikedh/trimesh

o right_elbow_link.STL
v 3.88226472 -2.16656029 0.52790949
v 3.69036235 -2.18624976 -0.95783249
v 3.31588462 -2.24053264 -0.90259789
v 4.65230681 -1.53621556 -4.04241942
v 4.66407463 -1.50145292 -3.11926939
v 4.65920307 -1.51799666 -4.04487401
v 4.65920307 -1.51799666 -4.04487401
v 4.66407463 -1.50145292 -3.11926939
v 4.70109619 -1.35326916 -3.20385061
v 4.65920307 -1.51799666 -4.04487401
v 4.70109619 -1.35326916 -3.20385061
v 4.70166802 -1.35270115 -4.06812020
v 4.70166802 -1.35270115 -4.06812020
v 4.70109619 -1.35326916 -3.20385061
v 4.71466556 -1.17599005 -3.28844599
v 4.70166802 -1.35270115 -4.06812020
v 4.71466556 -1.17599005 -3.28844599
v 4.71519604 -1.17596667 -4.09385525
v 4.55692708 -1.71084590 -4.01911996
v 4.59423847 -1.65171307 -3.01889256
v 4.59365770 -1.65538006 -4.02656011
v 4.59365770 -1.65538006 -4.02656011
v 4.59423847 -1.65171307 -3.01889256
v 4.66407463 -1.50145292 -3.11926939
v 4.59365770 -1.65538006 -4.02656011
v 4.66407463 -1.50145292 -3.11926939
v 4.62550856 -1.59701519 -4.03431244
v 4.62550856 -1.59701519 -4.03431244
v 4.66407463 -1.50145292 -3.11926939
v 4.65230681 -1.53621556 -4.04241942
v 4.44611646 -1.83469374 -4.00191694
v 4.49118279 -1.78823508 -2.91301459
v 4.49342541 -1.78781617 -4.00854535
v 4.49342541 -1.78781617 -4.00854535
v 4.49118279 -1.78823508 -2.91301459
v 4.59423847 -1.65171307 -3.01889256
v 4.49342541 -1.78781617 -4.00854535
v 4.59423847 -1.65171307 -3.01889256
v 4.51563485 -1.76304448 -4.01198752
v 4.51563485 -1.76304448 -4.01198752
v 4.59423847 -1.65171307 -3.01889256
v 4.55692708 -1.71084590 -4.01911996
v 4.44611646 -1.83469374 -4.00191694
v 4.42117676 -1.85675193 -3.99873815
v 4.49118279 -1.78823508 -2.91301459
v 4.49118279 -1.78823508 -2.91301459
v 4.42117676 -1.85675193 -3.99873815
v 4.36898172 -1.89818591 -3.99263315
v 4.49118279 -1.78823508 -2.91301459
v 4.36898172 -1.89818591 -3.99263315
v 4.35753688 -1.90593544 -2.80859303
v 4.36898172 -1.89818591 -3.99263315
v 4.34188172 -1.91756189 -3.98969427
v 4.35753688 -1.90593544 -2.80859303
v 4.35753688 -1.90593544 -2.80859303
v 4.34188172 -1.91756189 -3.98969427
v 4.28590775 -1.95377171 -3.98396179
v 4.35753688 -1.90593544 -2.80859303
v 4.28590775 -1.95377171 -3.98396179
v 4.23601232 -1.98311582 -2.73241773
v 3.98239233 -2.09074263 -3.95647399
v 4.04650196 -2.07053162 -2.63753347
v 4.10730541 -2.04387717 -3.96737568
v 4.10730541 -2.04387717 -3.96737568
v 4.04650196 -2.07053162 -2.63753347
v 4.23601232 -1.98311582 -2.73241773
v 4.10730541 -2.04387717 -3.96737568
v 4.23601232 -1.98311582 -2.73241773
v 4.16820683 -2.01674160 -3.97282988
v 4.16820683 -2.01674160 -3.97282988
v 4.23601232 -1.98311582 -2.73241773
v 4.28590775 -1.95377171 -3.98396179
v 3.88226472 -2.16656029 0.52790949
v 4.00000028 -2.13079918 0.58274441
v 3.69036235 -2.18624976 -0.95783249
v 3.69036235 -2.18624976 -0.95783249
v 4.00000028 -2.13079918 0.58274441
v 4.00000028 -2.11692639 -0.06002382
v 3.69036235 -2.18624976 -0.95783249
v 4.00000028 -2.11692639 -0.06002382
v 3.99999991 -2.10193489 -0.99108750
v 4.28633951 -2.03422215 1.95001140
v 4.41849977 -1.92928091 1.94008742
v 4.35627103 -1.94724109 0.78542056
v 4.60071452 -1.68650392 1.94379855
v 4.48411703 -1.83015820 0.89409864
v 4.50720862 -1.83229987 1.93830263
v 4.50720862 -1.83229987 1.93830263
v 4.48411703 -1.83015820 0.89409864
v 4.35627103 -1.94724109 0.78542056
v 4.50720862 -1.83229987 1.93830263
v 4.35627103 -1.94724109 0.78542056
v 4.47544530 -1.87035203 1.93835627
v 4.47544530 -1.87035203 1.93835627
v 4.35627103 -1.94724109 0.78542056
v 4.41849977 -1.92928091 1.94008742
v 4.66879569 -1.49929971 1.13736801
v 4.60326076 -1.65969729 1.02987895
v 4.60071452 -1.68650392 1.94379855
v 4.60326076 -1.65969729 1.02987895
v 4.58914563 -1.68528855 1.01100784
v 4.60071452 -1.68650392 1.94379855
v 4.60071452 -1.68650392 1.94379855
v 4.58914563 -1.68528855 1.01100784
v 4.58433777 -1.69355273 1.00480532
v 4.60071452 -1.68650392 1.94379855
v 4.58433777 -1.69355273 1.00480532
v 4.48411703 -1.83015820 0.89409864
v 4.60071452 -1.68650392 1.94379855
v 4.65304218 -1.56328641 1.95353981
v 4.66879569 -1.49929971 1.13736801
v 4.66879569 -1.49929971 1.13736801
v 4.65304218 -1.56328641 1.95353981
v 4.69873808 -1.37497149 1.97444744
v 4.66879569 -1.49929971 1.13736801
v 4.69873808 -1.37497149 1.97444744
v 4.70534712 -1.31956860 1.23803634
v 4.70534712 -1.31956860 1.23803634
v 4.69873808 -1.37497149 1.97444744
v 4.71310280 -1.17611997 2.00197864
v 4.70534712 -1.31956860 1.23803634
v 4.71310280 -1.17611997 2.00197864
v 4.71330099 -1.17610469 1.30516859
v 4.28633951 -2.03422215 1.95001140
v 4.35627103 -1.94724109 0.78542056
v 4.28119339 -2.03763004 1.95053071
v 4.28119339 -2.03763004 1.95053071
v 4.35627103 -1.94724109 0.78542056
v 4.18118499 -2.05531903 0.67153685
v 4.28119339 -2.03763004 1.95053071
v 4.18118499 -2.05531903 0.67153685
v 4.14000936 -2.11660229 1.96784064
v 4.14000936 -2.11660229 1.96784064
v 4.18118499 -2.05531903 0.67153685
v 4.00000028 -2.13079918 0.58274441
v 4.14000936 -2.11660229 1.96784064
v 4.00000028 -2.13079918 0.58274441
v 4.06961627 -2.14733724 1.97840929
v 4.06961627 -2.14733724 1.97840929
v 4.00000028 -2.13079918 0.58274441
v 3.88226472 -2.16656029 0.52790949
v 4.06961627 -2.14733724 1.97840929
v 3.88226472 -2.16656029 0.52790949
v 3.95583101 -2.18759924 1.99781377
v 3.95583101 -2.18759924 1.99781377
v 3.88226472 -2.16656029 0.52790949
v 3.31588462 -2.24053264 -0.90259789
v 3.95583101 -2.18759924 1.99781377
v 3.31588462 -2.24053264 -0.90259789
v 3.82421911 -2.22232025 2.02344432
v 3.82421911 -2.22232025 2.02344432
v 3.31588462 -2.24053264 -0.90259789
v 2.92252973 -2.26509888 -0.82634930
v 3.82421911 -2.22232025 2.02344432
v 2.92252973 -2.26509888 -0.82634930
v 3.59025784 -2.25921758 2.07663141
v 3.59025784 -2.25921758 2.07663141
v 2.92252973 -2.26509888 -0.82634930
v 3.34560685 -2.27101222 2.14198232
v 3.34560685 -2.27101222 2.14198232
v 2.92252973 -2.26509888 -0.82634930
v 1.84405092 -2.27113459 -3.63030210
v 3.34560685 -2.27101222 2.14198232
v 1.84405092 -2.27113459 -3.63030210
v 1.69979520 -2.27102116 -3.59053984
v 3.69036235 -2.18624976 -0.95783249
v 3.13222148 -2.24167686 -3.87069806
v 3.31588462 -2.24053264 -0.90259789
v 3.31588462 -2.24053264 -0.90259789
v 3.13222148 -2.24167686 -3.87069806
v 2.60303225 -2.26642620 -3.79312411
v 3.31588462 -2.24053264 -0.90259789
v 2.60303225 -2.26642620 -3.79312411
v 2.92252973 -2.26509888 -0.82634930
v 2.92252973 -2.26509888 -0.82634930
v 2.60303225 -2.26642620 -3.79312411
v 2.33995523 -2.27031130 -3.74454893
v 2.92252973 -2.26509888 -0.82634930
v 2.33995523 -2.27031130 -3.74454893
v 1.84405092 -2.27113459 -3.63030210
v 3.98239233 -2.09074263 -3.95647399
v 3.91884334 -2.11087037 -3.95096056
v 4.04650196 -2.07053162 -2.63753347
v 4.04650196 -2.07053162 -2.63753347
v 3.91884334 -2.11087037 -3.95096056
v 3.85472402 -2.12906748 -3.94535661
v 4.04650196 -2.07053162 -2.63753347
v 3.85472402 -2.12906748 -3.94535661
v 3.99999991 -2.08763219 -2.61777602
v 3.99999991 -2.08763219 -2.61777602
v 3.85472402 -2.12906748 -3.94535661
v 3.72515023 -2.16036420 -3.93375158
v 3.99999991 -2.08763219 -2.61777602
v 3.72515023 -2.16036420 -3.93375158
v 4.00000028 -2.09602155 -1.49592040
v 4.00000028 -2.09602155 -1.49592040
v 3.72515023 -2.16036420 -3.93375158
v 3.65990140 -2.17375439 -3.92770171
v 4.00000028 -2.09602155 -1.49592040
v 3.65990140 -2.17375439 -3.92770171
v 3.99999991 -2.10193489 -0.99108750
v 3.99999991 -2.10193489 -0.99108750
v 3.65990140 -2.17375439 -3.92770171
v 3.47693786 -2.20443625 -3.90973724
v 3.99999991 -2.10193489 -0.99108750
v 3.47693786 -2.20443625 -3.90973724
v 3.69036235 -2.18624976 -0.95783249
v 3.69036235 -2.18624976 -0.95783249
v 3.47693786 -2.20443625 -3.90973724
v 3.39675248 -2.21519414 -3.90131585
v 3.69036235 -2.18624976 -0.95783249
v 3.39675248 -2.21519414 -3.90131585
v 3.13222148 -2.24167686 -3.87069806
v 6.89429045 -1.17621338 -4.29312289
v 7.09408000 -1.08710453 -4.00484391
v 6.89425245 -1.40622985 -4.24878523
v 6.89425245 -1.40622985 -4.24878523
v 7.09408000 -1.08710453 -4.00484391
v 7.09404871 -1.39407357 -3.89182642
v 7.09400773 -1.68550741 -3.74820642
v 6.89429566 -1.78708863 -4.12687697
v 7.09404871 -1.39407357 -3.89182642
v 7.09404871 -1.39407357 -3.89182642
v 6.89429566 -1.78708863 -4.12687697
v 6.89431876 -1.69346165 -4.16299030
v 7.09404871 -1.39407357 -3.89182642
v 6.89431876 -1.69346165 -4.16299030
v 6.89425245 -1.40622985 -4.24878523
v 7.09360987 -2.97557618 -2.36308090
v 6.89372420 -3.19285057 -2.67962217
v 7.09369257 -2.82207206 -2.64956821
v 7.09369257 -2.82207206 -2.64956821
v 6.89372420 -3.19285057 -2.67962217
v 6.89382479 -3.05835009 -2.96534337
v 7.09369257 -2.82207206 -2.64956821
v 6.89382479 -3.05835009 -2.96534337
v 7.09377080 -2.63775457 -2.92052943
v 7.09377080 -2.63775457 -2.92052943
v 6.89382479 -3.05835009 -2.96534337
v 6.89392984 -2.90288329 -3.22039016
v 7.09377080 -2.63775457 -2.92052943
v 6.89392984 -2.90288329 -3.22039016
v 7.09378719 -2.59209964 -2.97908168
v 7.09378719 -2.59209964 -2.97908168
v 6.89392984 -2.90288329 -3.22039016
v 6.89395443 -2.85198931 -3.29196341
v 7.09378719 -2.59209964 -2.97908168
v 6.89395443 -2.85198931 -3.29196341
v 7.09383786 -2.43864544 -3.15687731
v 7.09383786 -2.43864544 -3.15687731
v 6.89395443 -2.85198931 -3.29196341
v 6.89402297 -2.72341091 -3.45302783
v 7.09383786 -2.43864544 -3.15687731
v 6.89402297 -2.72341091 -3.45302783
v 7.09386691 -2.33852826 -3.25949900
v 7.09386691 -2.33852826 -3.25949900
v 6.89402297 -2.72341091 -3.45302783
v 6.89411834 -2.52005644 -3.66248973
v 7.09386691 -2.33852826 -3.25949900
v 6.89411834 -2.52005644 -3.66248973
v 7.09390417 -2.20513307 -3.38256098
v 7.09390417 -2.20513307 -3.38256098
v 6.89411834 -2.52005644 -3.66248973
v 6.89413771 -2.45867930 -3.71693484
v 7.09390417 -2.20513307 -3.38256098
v 6.89413771 -2.45867930 -3.71693484
v 7.09393770 -2.05252897 -3.50697674
v 7.09393770 -2.05252897 -3.50697674
v 6.89413771 -2.45867930 -3.71693484
v 6.89417198 -2.31756680 -3.82927917
v 7.09393770 -2.05252897 -3.50697674
v 6.89417198 -2.31756680 -3.82927917
v 7.09395930 -1.94723513 -3.58395427
v 7.09395930 -1.94723513 -3.58395427
v 6.89417198 -2.31756680 -3.82927917
v 6.89419210 -2.22617202 -3.89353223
v 7.09395930 -1.94723513 -3.58395427
v 6.89419210 -2.22617202 -3.89353223
v 7.09400773 -1.68550741 -3.74820642
v 7.09400773 -1.68550741 -3.74820642
v 6.89419210 -2.22617202 -3.89353223
v 6.89424425 -1.97644364 -4.04009111
v 7.09400773 -1.68550741 -3.74820642
v 6.89424425 -1.97644364 -4.04009111
v 6.89429566 -1.78708863 -4.12687697
v 7.09350184 -3.12446170 -1.98319089
v 6.89352155 -3.37446816 -2.06268337
v 7.09352419 -3.09825223 -2.06199903
v 7.09352419 -3.09825223 -2.06199903
v 6.89352155 -3.37446816 -2.06268337
v 6.89362511 -3.29807438 -2.37833504
v 7.09352419 -3.09825223 -2.06199903
v 6.89362511 -3.29807438 -2.37833504
v 7.09360987 -2.97557618 -2.36308090
v 7.09360987 -2.97557618 -2.36308090
v 6.89362511 -3.29807438 -2.37833504
v 6.89366385 -3.26474644 -2.48483401
v 7.09360987 -2.97557618 -2.36308090
v 6.89366385 -3.26474644 -2.48483401
v 6.89372420 -3.19285057 -2.67962217
v 6.25927821 -1.17617929 2.15841718
v 6.89232126 -1.17620481 2.13790070
v 6.88005090 -1.06769521 2.17703637
v 6.25927821 -1.17617929 2.15841718
v 6.88005090 -1.06769521 2.17703637
v 5.64149283 -1.17621273 2.17854269
v 4.91335392 -1.15255993 2.20588371
v 4.91307229 -1.17618274 2.20203772
v 5.64149283 -1.17621273 2.17854269
v 4.91335392 -1.15255993 2.20588371
v 5.64149283 -1.17621273 2.17854269
v 4.92266342 -1.05434116 2.22924240
v 4.92266342 -1.05434116 2.22924240
v 5.64149283 -1.17621273 2.17854269
v 6.88005090 -1.06769521 2.17703637
v 4.92266342 -1.05434116 2.22924240
v 6.88005090 -1.06769521 2.17703637
v 4.92860116 -1.02433618 2.23922990
v 4.92860116 -1.02433618 2.23922990
v 6.88005090 -1.06769521 2.17703637
v 6.87185451 -1.03680585 2.19312701
v 4.92860116 -1.02433618 2.23922990
v 6.87185451 -1.03680585 2.19312701
v 4.93929945 -0.98444428 2.25509815
v 4.93929945 -0.98444428 2.25509815
v 6.87185451 -1.03680585 2.19312701
v 6.82414845 -0.92670480 2.26996001
v 4.93929945 -0.98444428 2.25509815
v 6.82414845 -0.92670480 2.26996001
v 4.98474352 -0.88480916 2.31200885
v 4.98474352 -0.88480916 2.31200885
v 6.82414845 -0.92670480 2.26996001
v 6.79827109 -0.88540688 2.30719149
v 4.98474352 -0.88480916 2.31200885
v 6.79827109 -0.88540688 2.30719149
v 5.00224866 -0.85944589 2.33197305
v 5.00224866 -0.85944589 2.33197305
v 6.79827109 -0.88540688 2.30719149
v 6.71909004 -0.78887334 2.41391826
v 5.00224866 -0.85944589 2.33197305
v 6.71909004 -0.78887334 2.41391826
v 5.07532619 -0.78642508 2.41040718
v 6.68969154 -0.71020331 2.45191660
v 5.11548184 -0.70573753 2.45147627
v 6.69001937 -0.71916562 2.45150942
v 6.69001937 -0.71916562 2.45150942
v 5.11548184 -0.70573753 2.45147627
v 5.11231124 -0.73073423 2.44828183
v 6.69001937 -0.71916562 2.45150942
v 5.11231124 -0.73073423 2.44828183
v 6.69481978 -0.74562412 2.44544335
v 6.69481978 -0.74562412 2.44544335
v 5.11231124 -0.73073423 2.44828183
v 6.69767633 -0.75412672 2.44177822
v 6.69767633 -0.75412672 2.44177822
v 5.11231124 -0.73073423 2.44828183
v 5.10374717 -0.75289970 2.43962239
v 6.69767633 -0.75412672 2.44177822
v 5.10374717 -0.75289970 2.43962239
v 6.70707896 -0.77331499 2.42958218
v 6.70707896 -0.77331499 2.42958218
v 5.10374717 -0.75289970 2.43962239
v 5.07532619 -0.78642508 2.41040718
v 6.70707896 -0.77331499 2.42958218
v 5.07532619 -0.78642508 2.41040718
v 6.71909004 -0.78887334 2.41391826
v 6.68969825 0.35688337 2.45191976
v 5.11548668 0.34800554 2.45146770
v 6.68969527 -0.17201062 2.45191082
v 6.68969527 -0.17201062 2.45191082
v 5.11548668 0.34800554 2.45146770
v 5.11548705 -0.17201185 2.45145801
v 6.68969527 -0.17201062 2.45191082
v 5.11548705 -0.17201185 2.45145801
v 6.68968558 -0.44110697 2.45191138
v 6.68968558 -0.44110697 2.45191138
v 5.11548705 -0.17201185 2.45145801
v 5.11549786 -0.43887487 2.45145857
v 6.68968558 -0.44110697 2.45191138
v 5.11549786 -0.43887487 2.45145857
v 6.68969154 -0.71020331 2.45191660
v 6.68969154 -0.71020331 2.45191660
v 5.11549786 -0.43887487 2.45145857
v 5.11548184 -0.70573753 2.45147627
v 1.08781364 -2.27101874 -2.25092508
v 1.61341988 -2.27101855 -1.90967973
v 1.69979520 -2.27102116 -3.59053984
v 3.34560685 -2.27101222 2.14198232
v 2.47690957 -2.27101855 0.33899779
v 2.31478792 -2.27101874 0.94432980
v -0.74788276 -2.27101855 -2.38551274
v -0.13113300 -2.27101874 -2.49655861
v -0.82290815 -2.27101874 -2.86625978
v 1.61341988 -2.27101855 -1.90967973
v 2.03764904 -2.27101818 -1.44844232
v 1.69979520 -2.27102116 -3.59053984
v 1.69979520 -2.27102116 -3.59053984
v 2.03764904 -2.27101818 -1.44844232
v 2.33384594 -2.27101836 -0.89619420
v 1.69979520 -2.27102116 -3.59053984
v 2.33384594 -2.27101836 -0.89619420
v 3.34560685 -2.27101222 2.14198232
v 3.34560685 -2.27101222 2.14198232
v 2.33384594 -2.27101836 -0.89619420
v 2.48339791 -2.27101818 -0.28763465
v 3.34560685 -2.27101222 2.14198232
v 2.48339791 -2.27101818 -0.28763465
v 2.47690957 -2.27101855 0.33899779
v 0.16447341 -2.27101855 2.97751073
v 0.82290750 -2.27101874 2.86625996
v 0.44300030 -2.27101855 2.46043727
v 2.31478792 -2.27101874 0.94432980
v 2.00721826 -2.27101892 1.49032660
v 3.34560685 -2.27101222 2.14198232
v 3.34560685 -2.27101222 2.14198232
v 2.00721826 -2.27101892 1.49032660
v 1.57352965 -2.27101874 1.94267984
v 3.34560685 -2.27101222 2.14198232
v 1.57352965 -2.27101874 1.94267984
v 0.82290750 -2.27101874 2.86625996
v 0.82290750 -2.27101874 2.86625996
v 1.57352965 -2.27101874 1.94267984
v 1.04096886 -2.27101855 2.27296818
v 0.82290750 -2.27101874 2.86625996
v 1.04096886 -2.27101855 2.27296818
v 0.44300030 -2.27101855 2.46043727
v -0.82290815 -2.27101874 -2.86625978
v -0.13113300 -2.27101874 -2.49655861
v 1.69979520 -2.27102116 -3.59053984
v 1.69979520 -2.27102116 -3.59053984
v -0.13113300 -2.27101874 -2.49655861
v 0.49385466 -2.27101892 -2.45073587
v 1.69979520 -2.27102116 -3.59053984
v 0.49385466 -2.27101892 -2.45073587
v 1.08781364 -2.27101874 -2.25092508
v 0.16447341 -2.27101855 2.97751073
v 0.44300030 -2.27101855 2.46043727
v -0.50220867 -2.27101836 2.93945689
v -0.50220867 -2.27101836 2.93945689
v 0.44300030 -2.27101855 2.46043727
v -0.18280257 -2.27101836 2.49330774
v -0.50220867 -2.27101836 2.93945689
v -0.18280257 -2.27101836 2.49330774
v -1.14370789 -2.27101836 2.75400635
v -1.14370789 -2.27101836 2.75400635
v -0.18280257 -2.27101836 2.49330774
v -0.79712011 -2.27101836 2.36951485
v -1.14370789 -2.27101836 2.75400635
v -0.79712011 -2.27101836 2.36951485
v -1.72785725 -2.27101855 2.43045893
v -1.72785725 -2.27101855 2.43045893
v -0.79712011 -2.27101836 2.36951485
v -1.36135109 -2.27101836 2.09683646
v -1.72785725 -2.27101855 2.43045893
v -1.36135109 -2.27101836 2.09683646
v -2.22536493 -2.27101874 1.98503789
v -2.22536493 -2.27101874 1.98503789
v -1.36135109 -2.27101836 2.09683646
v -1.84004400 -2.27101874 1.69240627
v -2.22536493 -2.27101874 1.98503789
v -1.84004400 -2.27101874 1.69240627
v -2.61128210 -2.27101855 1.44007849
v -2.61128210 -2.27101855 1.44007849
v -1.84004400 -2.27101874 1.69240627
v -2.20311973 -2.27101855 1.18163582
v -2.61128210 -2.27101855 1.44007849
v -2.20311973 -2.27101855 1.18163582
v -2.86625940 -2.27101855 0.82290769
v -2.86625940 -2.27101855 0.82290769
v -2.20311973 -2.27101855 1.18163582
v -2.42776554 -2.27101855 0.59661893
v -2.86625940 -2.27101855 0.82290769
v -2.42776554 -2.27101855 0.59661893
v -2.97751129 -2.27101874 0.16447310
v -2.97751129 -2.27101874 0.16447310
v -2.42776554 -2.27101855 0.59661893
v -2.49986630 -2.27101874 -0.02588563
v -2.97751129 -2.27101874 0.16447310
v -2.49986630 -2.27101874 -0.02588563
v -2.93945763 -2.27101836 -0.50220899
v -2.93945763 -2.27101836 -0.50220899
v -2.49986630 -2.27101874 -0.02588563
v -2.41489056 -2.27101836 -0.64676385
v -2.93945763 -2.27101836 -0.50220899
v -2.41489056 -2.27101836 -0.64676385
v -2.75400709 -2.27101818 -1.14370836
v -2.75400709 -2.27101818 -1.14370836
v -2.41489056 -2.27101836 -0.64676385
v -2.17817910 -2.27101836 -1.22700324
v -2.75400709 -2.27101818 -1.14370836
v -2.17817910 -2.27101836 -1.22700324
v -2.43045837 -2.27101818 -1.72785763
v -2.43045837 -2.27101818 -1.72785763
v -2.17817910 -2.27101836 -1.22700324
v -1.98503714 -2.27101836 -2.22536456
v -1.98503714 -2.27101836 -2.22536456
v -2.17817910 -2.27101836 -1.22700324
v -1.80460420 -2.27101836 -1.73014589
v -1.98503714 -2.27101836 -2.22536456
v -1.80460420 -2.27101836 -1.73014589
v -1.44007839 -2.27101855 -2.61128265
v -1.44007839 -2.27101855 -2.61128265
v -1.80460420 -2.27101836 -1.73014589
v -1.31763862 -2.27101855 -2.12457720
v -1.44007839 -2.27101855 -2.61128265
v -1.31763862 -2.27101855 -2.12457720
v -0.82290815 -2.27101874 -2.86625978
v -0.82290815 -2.27101874 -2.86625978
v -1.31763862 -2.27101855 -2.12457720
v -0.89619458 -2.27101836 -2.33384557
v -0.82290815 -2.27101874 -2.86625978
v -0.89619458 -2.27101836 -2.33384557
v -0.74788276 -2.27101855 -2.38551274
v 4.71519604 -1.17596667 -4.09385525
v 4.91505824 -1.17621589 -4.29372229
v 4.90267985 -1.38755385 -4.26196232
v 4.86369729 -1.58629194 -4.23151404
v 4.65920307 -1.51799666 -4.04487401
v 4.90267985 -1.38755385 -4.26196232
v 4.90267985 -1.38755385 -4.26196232
v 4.65920307 -1.51799666 -4.04487401
v 4.70166802 -1.35270115 -4.06812020
v 4.90267985 -1.38755385 -4.26196232
v 4.70166802 -1.35270115 -4.06812020
v 4.71519604 -1.17596667 -4.09385525
v 4.74035256 -1.87020730 -4.18499298
v 4.55692708 -1.71084590 -4.01911996
v 4.59365770 -1.65538006 -4.02656011
v 4.74035256 -1.87020730 -4.18499298
v 4.59365770 -1.65538006 -4.02656011
v 4.82436158 -1.70346722 -4.21295501
v 4.82436158 -1.70346722 -4.21295501
v 4.59365770 -1.65538006 -4.02656011
v 4.62550856 -1.59701519 -4.03431244
v 4.82436158 -1.70346722 -4.21295501
v 4.62550856 -1.59701519 -4.03431244
v 4.86369729 -1.58629194 -4.23151404
v 4.86369729 -1.58629194 -4.23151404
v 4.62550856 -1.59701519 -4.03431244
v 4.65230681 -1.53621556 -4.04241942
v 4.86369729 -1.58629194 -4.23151404
v 4.65230681 -1.53621556 -4.04241942
v 4.65920307 -1.51799666 -4.04487401
v 4.42117676 -1.85675193 -3.99873815
v 4.44611646 -1.83469374 -4.00191694
v 4.64211404 -2.00232547 -4.16066796
v 4.64211404 -2.00232547 -4.16066796
v 4.44611646 -1.83469374 -4.00191694
v 4.49342541 -1.78781617 -4.00854535
v 4.64211404 -2.00232547 -4.16066796
v 4.49342541 -1.78781617 -4.00854535
v 4.74035256 -1.87020730 -4.18499298
v 4.74035256 -1.87020730 -4.18499298
v 4.49342541 -1.78781617 -4.00854535
v 4.51563485 -1.76304448 -4.01198752
v 4.74035256 -1.87020730 -4.18499298
v 4.51563485 -1.76304448 -4.01198752
v 4.55692708 -1.71084590 -4.01911996
v 3.98239233 -2.09074263 -3.95647399
v 4.10730541 -2.04387717 -3.96737568
v 4.15400229 -2.33252179 -4.07638215
v 4.15400229 -2.33252179 -4.07638215
v 4.10730541 -2.04387717 -3.96737568
v 4.37171906 -2.22447217 -4.11056057
v 4.37171906 -2.22447217 -4.11056057
v 4.10730541 -2.04387717 -3.96737568
v 4.16820683 -2.01674160 -3.97282988
v 4.37171906 -2.22447217 -4.11056057
v 4.16820683 -2.01674160 -3.97282988
v 4.38040495 -2.21920181 -4.11198810
v 4.38040495 -2.21920181 -4.11198810
v 4.16820683 -2.01674160 -3.97282988
v 4.28590775 -1.95377171 -3.98396179
v 4.38040495 -2.21920181 -4.11198810
v 4.28590775 -1.95377171 -3.98396179
v 4.50176410 -2.13491432 -4.13284376
v 4.50176410 -2.13491432 -4.13284376
v 4.28590775 -1.95377171 -3.98396179
v 4.34188172 -1.91756189 -3.98969427
v 4.50176410 -2.13491432 -4.13284376
v 4.34188172 -1.91756189 -3.98969427
v 4.64211404 -2.00232547 -4.16066796
v 4.64211404 -2.00232547 -4.16066796
v 4.34188172 -1.91756189 -3.98969427
v 4.36898172 -1.89818591 -3.99263315
v 4.64211404 -2.00232547 -4.16066796
v 4.36898172 -1.89818591 -3.99263315
v 4.42117676 -1.85675193 -3.99873815
v 3.47693786 -2.20443625 -3.90973724
v 3.65990140 -2.17375439 -3.92770171
v 3.83064263 -2.43521556 -4.02777903
v 3.83064263 -2.43521556 -4.02777903
v 3.65990140 -2.17375439 -3.92770171
v 3.72515023 -2.16036420 -3.93375158
v 3.83064263 -2.43521556 -4.02777903
v 3.72515023 -2.16036420 -3.93375158
v 3.89852822 -2.41778959 -4.03797813
v 3.89852822 -2.41778959 -4.03797813
v 3.72515023 -2.16036420 -3.93375158
v 3.85472402 -2.12906748 -3.94535661
v 3.89852822 -2.41778959 -4.03797813
v 3.85472402 -2.12906748 -3.94535661
v 4.15400229 -2.33252179 -4.07638215
v 4.15400229 -2.33252179 -4.07638215
v 3.85472402 -2.12906748 -3.94535661
v 3.91884334 -2.11087037 -3.95096056
v 4.15400229 -2.33252179 -4.07638215
v 3.91884334 -2.11087037 -3.95096056
v 3.98239233 -2.09074263 -3.95647399
v 2.33995523 -2.27031130 -3.74454893
v 2.15843134 -2.57053208 -3.71218063
v 1.84405092 -2.27113459 -3.63030210
v 1.84405092 -2.27113459 -3.63030210
v 2.15843134 -2.57053208 -3.71218063
v 1.69976708 -2.57106125 -3.59053724
v 1.84405092 -2.27113459 -3.63030210
v 1.69976708 -2.57106125 -3.59053724
v 1.69979520 -2.27102116 -3.59053984
v 3.47693786 -2.20443625 -3.90973724
v 3.83064263 -2.43521556 -4.02777903
v 3.39675248 -2.21519414 -3.90131585
v 3.39675248 -2.21519414 -3.90131585
v 3.83064263 -2.43521556 -4.02777903
v 3.49637978 -2.49876045 -3.97611558
v 3.39675248 -2.21519414 -3.90131585
v 3.49637978 -2.49876045 -3.97611558
v 3.13222148 -2.24167686 -3.87069806
v 3.13222148 -2.24167686 -3.87069806
v 3.49637978 -2.49876045 -3.97611558
v 3.05660293 -2.54419856 -3.90136540
v 3.13222148 -2.24167686 -3.87069806
v 3.05660293 -2.54419856 -3.90136540
v 2.60303225 -2.26642620 -3.79312411
v 2.60303225 -2.26642620 -3.79312411
v 3.05660293 -2.54419856 -3.90136540
v 2.77303588 -2.55910829 -3.84763516
v 2.60303225 -2.26642620 -3.79312411
v 2.77303588 -2.55910829 -3.84763516
v 2.33995523 -2.27031130 -3.74454893
v 2.33995523 -2.27031130 -3.74454893
v 2.77303588 -2.55910829 -3.84763516
v 2.33666152 -2.56917272 -3.75444703
v 2.33995523 -2.27031130 -3.74454893
v 2.33666152 -2.56917272 -3.75444703
v 2.15843134 -2.57053208 -3.71218063
v 6.89293742 -3.37445885 -0.02782689
v 7.09296167 -3.12445257 -0.10720436
v 6.89291656 -3.35168391 0.08305513
v 6.89291656 -3.35168391 0.08305513
v 7.09296167 -3.12445257 -0.10720436
v 7.09286109 -2.99072117 0.23994977
v 6.89291656 -3.35168391 0.08305513
v 7.09286109 -2.99072117 0.23994977
v 6.89291432 -3.26087512 0.42264657
v 6.89291432 -3.26087512 0.42264657
v 7.09286109 -2.99072117 0.23994977
v 6.89301491 -3.14457007 0.72639436
v 7.09286109 -2.99072117 0.23994977
v 7.09279329 -2.86982711 0.47747088
v 6.89301491 -3.14457007 0.72639436
v 6.89301491 -3.14457007 0.72639436
v 7.09279329 -2.86982711 0.47747088
v 7.09276721 -2.81631332 0.56861057
v 6.89301491 -3.14457007 0.72639436
v 7.09276721 -2.81631332 0.56861057
v 6.89311624 -3.03159375 0.94648600
v 6.89311624 -3.03159375 0.94648600
v 7.09276721 -2.81631332 0.56861057
v 7.09267929 -2.60375850 0.87400777
v 6.89311624 -3.03159375 0.94648600
v 7.09267929 -2.60375850 0.87400777
v 6.89325854 -2.87935212 1.17453104
v 6.89325854 -2.87935212 1.17453104
v 7.09267929 -2.60375850 0.87400777
v 7.09264353 -2.50087641 0.99762063
v 6.89325854 -2.87935212 1.17453104
v 7.09264353 -2.50087641 0.99762063
v 6.89332187 -2.70038974 1.37939574
v 6.89332187 -2.70038974 1.37939574
v 7.09264353 -2.50087641 0.99762063
v 7.09259883 -2.35614888 1.15166288
v 6.89332187 -2.70038974 1.37939574
v 7.09259883 -2.35614888 1.15166288
v 6.89333230 -2.65015569 1.42815830
v 6.89333230 -2.65015569 1.42815830
v 7.09259883 -2.35614888 1.15166288
v 6.89334720 -2.52445918 1.53729431
v 6.89334720 -2.52445918 1.53729431
v 7.09259883 -2.35614888 1.15166288
v 7.09251836 -2.03323457 1.43119963
v 6.89334720 -2.52445918 1.53729431
v 7.09251836 -2.03323457 1.43119963
v 6.89328164 -2.30228584 1.69504769
v 6.89328164 -2.30228584 1.69504769
v 7.09251836 -2.03323457 1.43119963
v 7.09246770 -1.77043080 1.60842799
v 6.89328164 -2.30228584 1.69504769
v 7.09246770 -1.77043080 1.60842799
v 6.89310282 -2.05793045 1.83116142
v 6.89310282 -2.05793045 1.83116142
v 7.09246770 -1.77043080 1.60842799
v 6.89292699 -1.84702016 1.92600954
v 6.89292699 -1.84702016 1.92600954
v 7.09246770 -1.77043080 1.60842799
v 7.09242374 -1.48673877 1.75982751
v 6.89292699 -1.84702016 1.92600954
v 7.09242374 -1.48673877 1.75982751
v 6.89259768 -1.52319623 2.04216316
v 6.89259768 -1.52319623 2.04216316
v 7.09242374 -1.48673877 1.75982751
v 6.89232126 -1.17620481 2.13790070
v 6.89232126 -1.17620481 2.13790070
v 7.09242374 -1.48673877 1.75982751
v 7.09238797 -1.19104823 1.88024677
v 6.89232126 -1.17620481 2.13790070
v 7.09238797 -1.19104823 1.88024677
v 7.09237903 -1.09281829 1.91263426
v 6.89344853 -3.41866240 -1.79722533
v 6.89352155 -3.37446816 -2.06268337
v 7.09350184 -3.12446170 -1.98319089
v 6.89344853 -3.41866240 -1.79722533
v 7.09350184 -3.12446170 -1.98319089
v 6.89337403 -3.44710276 -1.55627951
v 6.89337403 -3.44710276 -1.55627951
v 7.09350184 -3.12446170 -1.98319089
v 7.09336698 -3.23329382 -1.51980892
v 6.89337403 -3.44710276 -1.55627951
v 7.09336698 -3.23329382 -1.51980892
v 6.89332336 -3.46159413 -1.37000885
v 6.89332336 -3.46159413 -1.37000885
v 7.09336698 -3.23329382 -1.51980892
v 7.09323063 -3.26992199 -1.04520163
v 6.89332336 -3.46159413 -1.37000885
v 7.09323063 -3.26992199 -1.04520163
v 6.89326078 -3.47096808 -1.11255581
v 6.89326078 -3.47096808 -1.11255581
v 7.09323063 -3.26992199 -1.04520163
v 6.89312443 -3.45922150 -0.68335962
v 6.89312443 -3.45922150 -0.68335962
v 7.09323063 -3.26992199 -1.04520163
v 7.09309429 -3.23329158 -0.57059815
v 6.89312443 -3.45922150 -0.68335962
v 7.09309429 -3.23329158 -0.57059815
v 6.89305663 -3.43866646 -0.45233145
v 6.89305663 -3.43866646 -0.45233145
v 7.09309429 -3.23329158 -0.57059815
v 7.09296167 -3.12445257 -0.10720436
v 6.89305663 -3.43866646 -0.45233145
v 7.09296167 -3.12445257 -0.10720436
v 6.89293742 -3.37445885 -0.02782689
v 6.19592816 -3.37445699 -0.02802359
v 6.89293742 -3.37445885 -0.02782689
v 6.89291656 -3.35168391 0.08305513
v 6.19592816 -3.37445699 -0.02802359
v 6.89291656 -3.35168391 0.08305513
v 6.20399676 -3.26613896 0.41094129
v 6.89232126 -1.17620481 2.13790070
v 6.25927821 -1.17617929 2.15841718
v 6.89259768 -1.52319623 2.04216316
v 6.89259768 -1.52319623 2.04216316
v 6.25927821 -1.17617929 2.15841718
v 6.25200793 -1.64376292 2.03423295
v 6.89259768 -1.52319623 2.04216316
v 6.25200793 -1.64376292 2.03423295
v 6.89292699 -1.84702016 1.92600954
v 6.89292699 -1.84702016 1.92600954
v 6.25200793 -1.64376292 2.03423295
v 6.24441057 -2.04873923 1.87217463
v 6.89292699 -1.84702016 1.92600954
v 6.24441057 -2.04873923 1.87217463
v 6.89310282 -2.05793045 1.83116142
v 6.89310282 -2.05793045 1.83116142
v 6.24441057 -2.04873923 1.87217463
v 6.23655692 -2.39486657 1.66986920
v 6.89310282 -2.05793045 1.83116142
v 6.23655692 -2.39486657 1.66986920
v 6.89328164 -2.30228584 1.69504769
v 6.22036308 -2.92562451 1.13507016
v 6.89332187 -2.70038974 1.37939574
v 6.22851662 -2.68590730 1.42495511
v 6.22851662 -2.68590730 1.42495511
v 6.89332187 -2.70038974 1.37939574
v 6.89333230 -2.65015569 1.42815830
v 6.22851662 -2.68590730 1.42495511
v 6.89333230 -2.65015569 1.42815830
v 6.23655692 -2.39486657 1.66986920
v 6.23655692 -2.39486657 1.66986920
v 6.89333230 -2.65015569 1.42815830
v 6.89334720 -2.52445918 1.53729431
v 6.23655692 -2.39486657 1.66986920
v 6.89334720 -2.52445918 1.53729431
v 6.89328164 -2.30228584 1.69504769
v 6.89291656 -3.35168391 0.08305513
v 6.89291432 -3.26087512 0.42264657
v 6.20399676 -3.26613896 0.41094129
v 6.20399676 -3.26613896 0.41094129
v 6.89291432 -3.26087512 0.42264657
v 6.89301491 -3.14457007 0.72639436
v 6.20399676 -3.26613896 0.41094129
v 6.89301491 -3.14457007 0.72639436
v 6.21216558 -3.11778113 0.79785306
v 6.21216558 -3.11778113 0.79785306
v 6.89301491 -3.14457007 0.72639436
v 6.89311624 -3.03159375 0.94648600
v 6.21216558 -3.11778113 0.79785306
v 6.89311624 -3.03159375 0.94648600
v 6.22036308 -2.92562451 1.13507016
v 6.22036308 -2.92562451 1.13507016
v 6.89311624 -3.03159375 0.94648600
v 6.89325854 -2.87935212 1.17453104
v 6.22036308 -2.92562451 1.13507016
v 6.89325854 -2.87935212 1.17453104
v 6.89332187 -2.70038974 1.37939574
v 6.89337403 -3.44710276 -1.55627951
v 6.89332336 -3.46159413 -1.37000885
v 4.71407846 -3.45801041 -1.42538790
v 4.71367612 -3.37446555 -0.02844976
v 4.71385978 -3.45800929 -0.66638319
v 6.19592816 -3.37445699 -0.02802359
v 6.19592816 -3.37445699 -0.02802359
v 4.71385978 -3.45800929 -0.66638319
v 6.89305663 -3.43866646 -0.45233145
v 6.19592816 -3.37445699 -0.02802359
v 6.89305663 -3.43866646 -0.45233145
v 6.89293742 -3.37445885 -0.02782689
v 4.71407846 -3.45801041 -1.42538790
v 6.89332336 -3.46159413 -1.37000885
v 4.71396931 -3.47138979 -1.04588754
v 4.71396931 -3.47138979 -1.04588754
v 6.89332336 -3.46159413 -1.37000885
v 6.89326078 -3.47096808 -1.11255581
v 4.71396931 -3.47138979 -1.04588754
v 6.89326078 -3.47096808 -1.11255581
v 4.71385978 -3.45800929 -0.66638319
v 4.71385978 -3.45800929 -0.66638319
v 6.89326078 -3.47096808 -1.11255581
v 6.89312443 -3.45922150 -0.68335962
v 4.71385978 -3.45800929 -0.66638319
v 6.89312443 -3.45922150 -0.68335962
v 6.89305663 -3.43866646 -0.45233145
v 6.89337403 -3.44710276 -1.55627951
v 4.71407846 -3.45801041 -1.42538790
v 6.89344853 -3.41866240 -1.79722533
v 6.89344853 -3.41866240 -1.79722533
v 4.71407846 -3.45801041 -1.42538790
v 4.71426100 -3.37448232 -2.06332486
v 6.89344853 -3.41866240 -1.79722533
v 4.71426100 -3.37448232 -2.06332486
v 6.89352155 -3.37446816 -2.06268337
v 6.88005090 -1.06769521 2.17703637
v 6.89232126 -1.17620481 2.13790070
v 6.89557716 -0.66226372 2.22313367
v 7.09234253 -0.48048105 2.03725267
v 7.09233731 -0.17201138 2.05264743
v 6.89557716 -0.66226372 2.22313367
v 6.89557716 -0.66226372 2.22313367
v 7.09233731 -0.17201138 2.05264743
v 6.80056810 -0.17201083 2.34198608
v 6.89232126 -1.17620481 2.13790070
v 7.09237903 -1.09281829 1.91263426
v 6.89557716 -0.66226372 2.22313367
v 6.89557716 -0.66226372 2.22313367
v 7.09237903 -1.09281829 1.91263426
v 7.09235594 -0.78290757 1.99181754
v 6.89557716 -0.66226372 2.22313367
v 7.09235594 -0.78290757 1.99181754
v 7.09234253 -0.48048105 2.03725267
v 6.79827109 -0.88540688 2.30719149
v 6.82414845 -0.92670480 2.26996001
v 6.89557716 -0.66226372 2.22313367
v 6.89557716 -0.66226372 2.22313367
v 6.82414845 -0.92670480 2.26996001
v 6.87185451 -1.03680585 2.19312701
v 6.89557716 -0.66226372 2.22313367
v 6.87185451 -1.03680585 2.19312701
v 6.88005090 -1.06769521 2.17703637
v 6.69481978 -0.74562412 2.44544335
v 6.69767633 -0.75412672 2.44177822
v 6.89557716 -0.66226372 2.22313367
v 6.68969527 -0.17201062 2.45191082
v 6.68968558 -0.44110697 2.45191138
v 6.80056810 -0.17201083 2.34198608
v 6.80056810 -0.17201083 2.34198608
v 6.68968558 -0.44110697 2.45191138
v 6.68969154 -0.71020331 2.45191660
v 6.80056810 -0.17201083 2.34198608
v 6.68969154 -0.71020331 2.45191660
v 6.89557716 -0.66226372 2.22313367
v 6.89557716 -0.66226372 2.22313367
v 6.68969154 -0.71020331 2.45191660
v 6.69001937 -0.71916562 2.45150942
v 6.89557716 -0.66226372 2.22313367
v 6.69001937 -0.71916562 2.45150942
v 6.69481978 -0.74562412 2.44544335
v 6.69767633 -0.75412672 2.44177822
v 6.70707896 -0.77331499 2.42958218
v 6.89557716 -0.66226372 2.22313367
v 6.89557716 -0.66226372 2.22313367
v 6.70707896 -0.77331499 2.42958218
v 6.71909004 -0.78887334 2.41391826
v 6.89557716 -0.66226372 2.22313367
v 6.71909004 -0.78887334 2.41391826
v 6.79827109 -0.88540688 2.30719149
v 4.71519604 -1.17596667 -4.09385525
v 4.71466556 -1.17599005 -3.28844599
v 4.71462235 -1.08487923 -3.32549997
v 4.71335724 2.09271424 1.06779896
v 4.71337400 1.31121343 1.00838291
v 4.71323282 1.59077290 1.50151243
v 4.71323282 1.59077290 1.50151243
v 4.71337400 1.31121343 1.00838291
v 4.71328348 0.75348285 1.32401139
v 4.71323766 0.13383565 1.48748094
v 4.71308045 0.16036484 2.03408375
v 4.71308567 0.30241052 2.01541632
v 4.71335724 2.09271424 1.06779896
v 4.71350923 2.49080732 0.53716335
v 4.71337400 1.31121343 1.00838291
v 4.71337400 1.31121343 1.00838291
v 4.71350923 2.49080732 0.53716335
v 4.71368171 2.76679806 -0.06606252
v 4.71337400 1.31121343 1.00838291
v 4.71368171 2.76679806 -0.06606252
v 4.71386835 2.90803108 -0.71421848
v 4.71452437 1.31120495 -2.99161710
v 4.71337400 1.31121343 1.00838291
v 4.71441895 2.49080081 -2.62896288
v 4.71308045 0.16036484 2.03408375
v 4.71323766 0.13383565 1.48748094
v 4.71307561 -0.17201300 2.05196328
v 4.71307561 -0.17201300 2.05196328
v 4.71323766 0.13383565 1.48748094
v 4.71323840 -0.50701112 1.48805035
v 4.71307561 -0.17201300 2.05196328
v 4.71323840 -0.50701112 1.48805035
v 4.71307635 -0.57993862 2.04861239
v 4.71307635 -0.57993862 2.04861239
v 4.71323840 -0.50701112 1.48805035
v 4.71310280 -1.17611997 2.00197864
v 4.71310280 -1.17611997 2.00197864
v 4.71323840 -0.50701112 1.48805035
v 4.71328534 -1.12694800 1.32568218
v 4.71310280 -1.17611997 2.00197864
v 4.71328534 -1.12694800 1.32568218
v 4.71330099 -1.17610469 1.30516859
v 4.71386835 2.90803108 -0.71421848
v 4.71405871 2.90802959 -1.37758283
v 4.71337400 1.31121343 1.00838291
v 4.71337400 1.31121343 1.00838291
v 4.71405871 2.90802959 -1.37758283
v 4.71424535 2.76679415 -2.02573799
v 4.71337400 1.31121343 1.00838291
v 4.71424535 2.76679415 -2.02573799
v 4.71441895 2.49080081 -2.62896288
v 4.71308567 0.30241052 2.01541632
v 4.71309461 0.48519708 1.98144484
v 4.71323766 0.13383565 1.48748094
v 4.71323766 0.13383565 1.48748094
v 4.71309461 0.48519708 1.98144484
v 4.71312068 0.79672262 1.89659670
v 4.71323766 0.13383565 1.48748094
v 4.71312068 0.79672262 1.89659670
v 4.71328348 0.75348285 1.32401139
v 4.71328348 0.75348285 1.32401139
v 4.71312068 0.79672262 1.89659670
v 4.71314192 1.00799939 1.81841590
v 4.71328348 0.75348285 1.32401139
v 4.71314192 1.00799939 1.81841590
v 4.71323282 1.59077290 1.50151243
v 4.71485816 -0.17202591 -4.14375253
v 4.71485741 -0.47226604 -4.14241478
v 4.71466556 -0.47334530 -3.47536728
v 4.71466556 -0.47334530 -3.47536728
v 4.71485741 -0.47226604 -4.14241478
v 4.71485555 -0.77240821 -4.13306542
v 4.71466556 -0.47334530 -3.47536728
v 4.71485555 -0.77240821 -4.13306542
v 4.71462235 -1.08487923 -3.32549997
v 4.71462235 -1.08487923 -3.32549997
v 4.71485555 -0.77240821 -4.13306542
v 4.71484624 -1.13374498 -4.09982130
v 4.71462235 -1.08487923 -3.32549997
v 4.71484624 -1.13374498 -4.09982130
v 4.71519604 -1.17596667 -4.09385525
v 4.71485816 -0.17202591 -4.14375253
v 4.71466556 -0.47334530 -3.47536728
v 4.71485294 0.14952401 -4.12702374
v 4.71485294 0.14952401 -4.12702374
v 4.71466556 -0.47334530 -3.47536728
v 4.71466295 0.15623883 -3.46769057
v 4.71485294 0.14952401 -4.12702374
v 4.71466295 0.15623883 -3.46769057
v 4.71484624 0.30241329 -4.10720482
v 4.71441895 2.49080081 -2.62896288
v 4.71457206 2.09270567 -3.15959714
v 4.71452437 1.31120495 -2.99161710
v 4.71452437 1.31120495 -2.99161710
v 4.71457206 2.09270567 -3.15959714
v 4.71469723 1.59076229 -3.59330848
v 4.71452437 1.31120495 -2.99161710
v 4.71469723 1.59076229 -3.59330848
v 4.71461415 0.76393732 -3.30295749
v 4.71469723 1.59076229 -3.59330848
v 4.71478887 1.00798747 -3.91020961
v 4.71461415 0.76393732 -3.30295749
v 4.71461415 0.76393732 -3.30295749
v 4.71478887 1.00798747 -3.91020961
v 4.71481271 0.79671061 -3.98839004
v 4.71461415 0.76393732 -3.30295749
v 4.71481271 0.79671061 -3.98839004
v 4.71466295 0.15623883 -3.46769057
v 4.71466295 0.15623883 -3.46769057
v 4.71481271 0.79671061 -3.98839004
v 4.71483804 0.47496762 -4.07543667
v 4.71466295 0.15623883 -3.46769057
v 4.71483804 0.47496762 -4.07543667
v 4.71484624 0.30241329 -4.10720482
v 7.09235594 -0.78290757 1.99181754
v 7.09239915 -0.90586906 1.84420217
v 7.09234253 -0.48048105 2.03725267
v 7.09234253 -0.48048105 2.03725267
v 7.09239915 -0.90586906 1.84420217
v 7.09237158 -0.23256417 1.93306319
v 7.09405541 -0.19713859 -3.91660333
v 7.09404945 -0.48544626 -3.90156209
v 7.09411576 -0.47279601 -4.12843376
v 7.09235743 0.47141700 1.98508985
v 7.09234774 0.30277797 2.01604664
v 7.09239095 0.44308463 1.86425354
v 7.09239095 0.44308463 1.86425354
v 7.09234774 0.30277797 2.01604664
v 7.09234253 0.15022698 2.03584153
v 7.09239095 0.44308463 1.86425354
v 7.09234253 0.15022698 2.03584153
v 7.09237158 -0.23256417 1.93306319
v 7.09237158 -0.23256417 1.93306319
v 7.09234253 0.15022698 2.03584153
v 7.09233731 -0.17201138 2.05264743
v 7.09237158 -0.23256417 1.93306319
v 7.09233731 -0.17201138 2.05264743
v 7.09234253 -0.48048105 2.03725267
v 7.09411576 -0.47279601 -4.12843376
v 7.09411874 -0.17201647 -4.14306857
v 7.09405541 -0.19713859 -3.91660333
v 7.09405541 -0.19713859 -3.91660333
v 7.09411874 -0.17201647 -4.14306857
v 7.09411576 0.14954427 -4.12633382
v 7.09405541 -0.19713859 -3.91660333
v 7.09411576 0.14954427 -4.12633382
v 7.09404796 0.19362239 -3.89146879
v 7.09392428 -1.75990574 -3.45903486
v 7.09395930 -1.94723513 -3.58395427
v 7.09400773 -1.68550741 -3.74820642
v 7.09235594 -0.78290757 1.99181754
v 7.09237903 -1.09281829 1.91263426
v 7.09239915 -0.90586906 1.84420217
v 7.09239915 -0.90586906 1.84420217
v 7.09237903 -1.09281829 1.91263426
v 7.09238797 -1.19104823 1.88024677
v 7.09239915 -0.90586906 1.84420217
v 7.09238797 -1.19104823 1.88024677
v 7.09246919 -1.54053280 1.60246193
v 7.09235743 0.47141700 1.98508985
v 7.09239095 0.44308463 1.86425354
v 7.09238052 0.78899907 1.89982373
v 7.09238052 0.78899907 1.89982373
v 7.09239095 0.44308463 1.86425354
v 7.09245428 1.08465254 1.64148342
v 7.09238052 0.78899907 1.89982373
v 7.09245428 1.08465254 1.64148342
v 7.09239691 0.95002288 1.84236448
v 7.09390715 1.45436665 -3.41125689
v 7.09399953 0.85205901 -3.72504294
v 7.09406734 0.86127259 -3.96570303
v 7.09392428 -1.75990574 -3.45903486
v 7.09400773 -1.68550741 -3.74820642
v 7.09400922 -1.14853820 -3.75478007
v 7.09411576 0.14954427 -4.12633382
v 7.09410980 0.30237841 -4.10652943
v 7.09404796 0.19362239 -3.89146879
v 7.09404796 0.19362239 -3.89146879
v 7.09410980 0.30237841 -4.10652943
v 7.09409863 0.47497968 -4.07475159
v 7.09404796 0.19362239 -3.89146879
v 7.09409863 0.47497968 -4.07475159
v 7.09399953 0.85205901 -3.72504294
v 7.09399953 0.85205901 -3.72504294
v 7.09409863 0.47497968 -4.07475159
v 7.09407181 0.79671778 -3.98772098
v 7.09399953 0.85205901 -3.72504294
v 7.09407181 0.79671778 -3.98772098
v 7.09406734 0.86127259 -3.96570303
v 7.09400773 -1.68550741 -3.74820642
v 7.09404871 -1.39407357 -3.89182642
v 7.09400922 -1.14853820 -3.75478007
v 7.09400922 -1.14853820 -3.75478007
v 7.09404871 -1.39407357 -3.89182642
v 7.09408000 -1.08710453 -4.00484391
v 7.09400922 -1.14853820 -3.75478007
v 7.09408000 -1.08710453 -4.00484391
v 7.09404945 -0.48544626 -3.90156209
v 7.09404945 -0.48544626 -3.90156209
v 7.09408000 -1.08710453 -4.00484391
v 7.09410235 -0.76796939 -4.08520289
v 7.09404945 -0.48544626 -3.90156209
v 7.09410235 -0.76796939 -4.08520289
v 7.09411576 -0.47279601 -4.12843376
v 7.09238797 -1.19104823 1.88024677
v 7.09242374 -1.48673877 1.75982751
v 7.09246919 -1.54053280 1.60246193
v 7.09246919 -1.54053280 1.60246193
v 7.09242374 -1.48673877 1.75982751
v 7.09246770 -1.77043080 1.60842799
v 7.09246919 -1.54053280 1.60246193
v 7.09246770 -1.77043080 1.60842799
v 7.09257871 -2.10233945 1.22087430
v 7.09406734 0.86127259 -3.96570303
v 7.09400699 1.32444473 -3.75767276
v 7.09390715 1.45436665 -3.41125689
v 7.09390715 1.45436665 -3.41125689
v 7.09400699 1.32444473 -3.75767276
v 7.09392652 1.74599942 -3.47790830
v 7.09390715 1.45436665 -3.41125689
v 7.09392652 1.74599942 -3.47790830
v 7.09378049 1.96807515 -2.96702832
v 7.09378049 1.96807515 -2.96702832
v 7.09392652 1.74599942 -3.47790830
v 7.09382668 2.11610794 -3.13372947
v 7.09378049 1.96807515 -2.96702832
v 7.09382668 2.11610794 -3.13372947
v 7.09362179 2.36549005 -2.41630394
v 7.09378719 -2.59209964 -2.97908168
v 7.09383786 -2.43864544 -3.15687731
v 7.09380209 -2.28659082 -3.03027071
v 7.09269866 2.13089976 0.78975279
v 7.09263086 2.13190317 1.02585293
v 7.09255934 1.65755283 1.27676250
v 7.09255934 1.65755283 1.27676250
v 7.09263086 2.13190317 1.02585293
v 7.09254444 1.81912873 1.32805938
v 7.09255934 1.65755283 1.27676250
v 7.09254444 1.81912873 1.32805938
v 7.09245428 1.08465254 1.64148342
v 7.09245428 1.08465254 1.64148342
v 7.09254444 1.81912873 1.32805938
v 7.09246099 1.40691139 1.62005424
v 7.09245428 1.08465254 1.64148342
v 7.09246099 1.40691139 1.62005424
v 7.09239691 0.95002288 1.84236448
v 7.09383786 -2.43864544 -3.15687731
v 7.09386691 -2.33852826 -3.25949900
v 7.09380209 -2.28659082 -3.03027071
v 7.09380209 -2.28659082 -3.03027071
v 7.09386691 -2.33852826 -3.25949900
v 7.09390417 -2.20513307 -3.38256098
v 7.09380209 -2.28659082 -3.03027071
v 7.09390417 -2.20513307 -3.38256098
v 7.09392428 -1.75990574 -3.45903486
v 7.09392428 -1.75990574 -3.45903486
v 7.09390417 -2.20513307 -3.38256098
v 7.09393770 -2.05252897 -3.50697674
v 7.09392428 -1.75990574 -3.45903486
v 7.09393770 -2.05252897 -3.50697674
v 7.09395930 -1.94723513 -3.58395427
v 7.09264353 -2.50087641 0.99762063
v 7.09272325 -2.56100278 0.72001098
v 7.09259883 -2.35614888 1.15166288
v 7.09259883 -2.35614888 1.15166288
v 7.09272325 -2.56100278 0.72001098
v 7.09257871 -2.10233945 1.22087430
v 7.09259883 -2.35614888 1.15166288
v 7.09257871 -2.10233945 1.22087430
v 7.09251836 -2.03323457 1.43119963
v 7.09251836 -2.03323457 1.43119963
v 7.09257871 -2.10233945 1.22087430
v 7.09246770 -1.77043080 1.60842799
v 7.09364787 -2.70019919 -2.49160193
v 7.09346831 -2.97843255 -1.87206734
v 7.09352419 -3.09825223 -2.06199903
v 7.09279329 -2.86982711 0.47747088
v 7.09289387 -2.89179534 0.12687369
v 7.09276721 -2.81631332 0.56861057
v 7.09276721 -2.81631332 0.56861057
v 7.09289387 -2.89179534 0.12687369
v 7.09272325 -2.56100278 0.72001098
v 7.09276721 -2.81631332 0.56861057
v 7.09272325 -2.56100278 0.72001098
v 7.09267929 -2.60375850 0.87400777
v 7.09267929 -2.60375850 0.87400777
v 7.09272325 -2.56100278 0.72001098
v 7.09264353 -2.50087641 0.99762063
v 7.09382668 2.11610794 -3.13372947
v 7.09371343 2.42508724 -2.73385998
v 7.09362179 2.36549005 -2.41630394
v 7.09362179 2.36549005 -2.41630394
v 7.09371343 2.42508724 -2.73385998
v 7.09358379 2.66602542 -2.28742585
v 7.09362179 2.36549005 -2.41630394
v 7.09358379 2.66602542 -2.28742585
v 7.09344000 2.62518711 -1.78877395
v 7.09344000 2.62518711 -1.78877395
v 7.09358379 2.66602542 -2.28742585
v 7.09344596 2.83041075 -1.80814695
v 7.09344000 2.62518711 -1.78877395
v 7.09344596 2.83041075 -1.80814695
v 7.09324777 2.73316540 -1.11826947
v 7.09352419 -3.09825223 -2.06199903
v 7.09360987 -2.97557618 -2.36308090
v 7.09364787 -2.70019919 -2.49160193
v 7.09364787 -2.70019919 -2.49160193
v 7.09360987 -2.97557618 -2.36308090
v 7.09369257 -2.82207206 -2.64956821
v 7.09364787 -2.70019919 -2.49160193
v 7.09369257 -2.82207206 -2.64956821
v 7.09380209 -2.28659082 -3.03027071
v 7.09380209 -2.28659082 -3.03027071
v 7.09369257 -2.82207206 -2.64956821
v 7.09377080 -2.63775457 -2.92052943
v 7.09380209 -2.28659082 -3.03027071
v 7.09377080 -2.63775457 -2.92052943
v 7.09378719 -2.59209964 -2.97908168
v 7.09279329 -2.86982711 0.47747088
v 7.09286109 -2.99072117 0.23994977
v 7.09289387 -2.89179534 0.12687369
v 7.09289387 -2.89179534 0.12687369
v 7.09286109 -2.99072117 0.23994977
v 7.09296167 -3.12445257 -0.10720436
v 7.09289387 -2.89179534 0.12687369
v 7.09296167 -3.12445257 -0.10720436
v 7.09308162 -3.07688452 -0.52656163
v 7.09308162 -3.07688452 -0.52656163
v 7.09296167 -3.12445257 -0.10720436
v 7.09309429 -3.23329158 -0.57059815
v 7.09308162 -3.07688452 -0.52656163
v 7.09309429 -3.23329158 -0.57059815
v 7.09327683 -3.10629234 -1.20506836
v 7.09309429 -3.23329158 -0.57059815
v 7.09323063 -3.26992199 -1.04520163
v 7.09327683 -3.10629234 -1.20506836
v 7.09327683 -3.10629234 -1.20506836
v 7.09323063 -3.26992199 -1.04520163
v 7.09336698 -3.23329382 -1.51980892
v 7.09327683 -3.10629234 -1.20506836
v 7.09336698 -3.23329382 -1.51980892
v 7.09346831 -2.97843255 -1.87206734
v 7.09346831 -2.97843255 -1.87206734
v 7.09336698 -3.23329382 -1.51980892
v 7.09350184 -3.12446170 -1.98319089
v 7.09346831 -2.97843255 -1.87206734
v 7.09350184 -3.12446170 -1.98319089
v 7.09352419 -3.09825223 -2.06199903
v 7.09344596 2.83041075 -1.80814695
v 7.09330291 2.91458592 -1.30972555
v 7.09324777 2.73316540 -1.11826947
v 7.09324777 2.73316540 -1.11826947
v 7.09330291 2.91458592 -1.30972555
v 7.09315687 2.91658118 -0.80491044
v 7.09324777 2.73316540 -1.11826947
v 7.09315687 2.91658118 -0.80491044
v 7.09305331 2.68360451 -0.44093672
v 7.09305331 2.68360451 -0.44093672
v 7.09315687 2.91658118 -0.80491044
v 7.09301308 2.83627920 -0.30579206
v 7.09305331 2.68360451 -0.44093672
v 7.09301308 2.83627920 -0.30579206
v 7.09286705 2.47917585 0.20670902
v 7.09286705 2.47917585 0.20670902
v 7.09301308 2.83627920 -0.30579206
v 7.09287524 2.67516449 0.17592859
v 7.09286705 2.47917585 0.20670902
v 7.09287524 2.67516449 0.17592859
v 7.09269866 2.13089976 0.78975279
v 7.09269866 2.13089976 0.78975279
v 7.09287524 2.67516449 0.17592859
v 7.09274635 2.43840385 0.62278616
v 7.09269866 2.13089976 0.78975279
v 7.09274635 2.43840385 0.62278616
v 7.09263086 2.13190317 1.02585293
v 4.93837371 -0.17201244 2.27564611
v 4.71307561 -0.17201300 2.05196328
v 4.71307635 -0.57993862 2.04861239
v 4.90476526 -1.17620947 2.19374765
v 4.91307229 -1.17618274 2.20203772
v 4.91335392 -1.15255993 2.20588371
v 4.90476526 -1.17620947 2.19374765
v 4.91335392 -1.15255993 2.20588371
v 4.74307686 -1.17622130 2.03196686
v 4.74307686 -1.17622130 2.03196686
v 4.91335392 -1.15255993 2.20588371
v 4.71310280 -1.17611997 2.00197864
v 4.71310280 -1.17611997 2.00197864
v 4.91335392 -1.15255993 2.20588371
v 4.92266342 -1.05434116 2.22924240
v 4.71310280 -1.17611997 2.00197864
v 4.92266342 -1.05434116 2.22924240
v 4.71307635 -0.57993862 2.04861239
v 4.92266342 -1.05434116 2.22924240
v 4.92860116 -1.02433618 2.23922990
v 4.71307635 -0.57993862 2.04861239
v 4.71307635 -0.57993862 2.04861239
v 4.92860116 -1.02433618 2.23922990
v 4.93929945 -0.98444428 2.25509815
v 4.71307635 -0.57993862 2.04861239
v 4.93929945 -0.98444428 2.25509815
v 4.98474352 -0.88480916 2.31200885
v 4.98474352 -0.88480916 2.31200885
v 5.00224866 -0.85944589 2.33197305
v 4.71307635 -0.57993862 2.04861239
v 4.71307635 -0.57993862 2.04861239
v 5.00224866 -0.85944589 2.33197305
v 5.07532619 -0.78642508 2.41040718
v 4.71307635 -0.57993862 2.04861239
v 5.07532619 -0.78642508 2.41040718
v 5.10374717 -0.75289970 2.43962239
v 5.10374717 -0.75289970 2.43962239
v 5.11231124 -0.73073423 2.44828183
v 4.71307635 -0.57993862 2.04861239
v 4.71307635 -0.57993862 2.04861239
v 5.11231124 -0.73073423 2.44828183
v 5.11548184 -0.70573753 2.45147627
v 4.71307635 -0.57993862 2.04861239
v 5.11548184 -0.70573753 2.45147627
v 4.93837371 -0.17201244 2.27564611
v 4.93837371 -0.17201244 2.27564611
v 5.11548184 -0.70573753 2.45147627
v 5.11549786 -0.43887487 2.45145857
v 4.93837371 -0.17201244 2.27564611
v 5.11549786 -0.43887487 2.45145857
v 5.11548705 -0.17201185 2.45145801
v 0.43896041 -3.23124751 1.52893411
v 0.54190690 -3.10081244 1.88750904
v 0.29804707 -3.09699215 1.95093341
v 0.73442631 -2.76826825 2.55806800
v 0.82290871 -2.57101040 2.86626015
v 0.45034532 -2.57101059 2.94784922
v -0.43895799 -3.23125385 -1.52893048
v -0.36945487 -3.30241956 -1.28684798
v -0.53069862 -3.30257788 -1.22920619
v -0.64059463 -2.94572171 -2.23124903
v -0.54190569 -3.10082044 -1.88750550
v -0.78226570 -3.09709776 -1.81189105
v -0.73442468 -2.76828017 -2.55806614
v -0.70984084 -2.81777512 -2.47243829
v -1.01961223 -2.81781927 -2.36163810
v -0.17499859 -3.46090570 -0.29100822
v 0.00001511 -3.47163044 0.00004935
v -0.24436377 -3.46090347 -0.23579516
v -0.11208002 -3.45606320 -0.39038598
v 0.00001511 -3.47163044 0.00004935
v -0.17499859 -3.46090570 -0.29100822
v -0.29707649 -3.46090049 -0.16450966
v 0.00001511 -3.47163044 0.00004935
v -0.32954197 -3.46089602 -0.08201076
v -0.32641653 -3.46088521 0.09375933
v 0.00001511 -3.47163044 0.00004935
v -0.29103744 -3.46088000 0.17505168
v -1.72785744 -2.57101320 2.43045967
v -2.07080022 -2.57101431 2.14578975
v -1.78629160 -2.81777065 1.85098238
v 0.01205163 -3.42880785 0.67713493
v 0.10228063 -3.42880711 0.66947518
v 0.20220426 -3.30246873 1.32356137
v 0.64059603 -2.94571146 2.23125182
v 0.70984880 -2.81774979 2.47246549
v 0.38847358 -2.81775463 2.54284665
v 0.38847358 -2.81775463 2.54284665
v 0.70984880 -2.81774979 2.47246549
v 0.73442631 -2.76826825 2.55806800
v -0.07528026 -3.42880972 0.67304345
v 0.01205163 -3.42880785 0.67713493
v 0.02381313 -3.30247097 1.33870579
v 0.02381313 -3.30247097 1.33870579
v 0.01205163 -3.42880785 0.67713493
v 0.20220426 -3.30246873 1.32356137
v 0.02381313 -3.30247097 1.33870579
v 0.20220426 -3.30246873 1.32356137
v 0.29804707 -3.09699215 1.95093341
v 0.29804707 -3.09699215 1.95093341
v 0.20220426 -3.30246873 1.32356137
v 0.36947499 -3.30239832 1.28691075
v 0.29804707 -3.09699215 1.95093341
v 0.36947499 -3.30239832 1.28691075
v 0.43896041 -3.23124751 1.52893411
v 0.00001511 -3.47163044 0.00004935
v 0.09372857 -3.46067548 0.32646223
v 0.00605102 -3.46086472 0.33960252
v 0.00605102 -3.46086472 0.33960252
v 0.09372857 -3.46067548 0.32646223
v 0.11208220 -3.45606133 0.39039077
v -0.08203938 -3.46086696 0.32959508
v 0.00001511 -3.47163044 0.00004935
v 0.00605102 -3.46086472 0.33960252
v 0.16447320 -2.57101096 2.97751147
v -0.33153789 -2.57101115 2.96356343
v -0.28598730 -2.81775668 2.55640224
v -0.16360506 -3.42881195 0.65717972
v -0.07528026 -3.42880972 0.67304345
v -0.14884964 -3.30247283 1.33061679
v -0.14884964 -3.30247283 1.33061679
v -0.07528026 -3.42880972 0.67304345
v 0.02381313 -3.30247097 1.33870579
v -0.14884964 -3.30247283 1.33061679
v 0.02381313 -3.30247097 1.33870579
v 0.03509546 -3.09699327 1.97325647
v 0.03509546 -3.09699327 1.97325647
v 0.02381313 -3.30247097 1.33870579
v 0.29804707 -3.09699215 1.95093341
v 0.03509546 -3.09699327 1.97325647
v 0.29804707 -3.09699215 1.95093341
v 0.38847358 -2.81775463 2.54284665
v 0.38847358 -2.81775463 2.54284665
v 0.29804707 -3.09699215 1.95093341
v 0.54190690 -3.10081244 1.88750904
v 0.38847358 -2.81775463 2.54284665
v 0.54190690 -3.10081244 1.88750904
v 0.64059603 -2.94571146 2.23125182
v -0.16360506 -3.42881195 0.65717972
v -0.08203938 -3.46086696 0.32959508
v -0.07528026 -3.42880972 0.67304345
v -0.07528026 -3.42880972 0.67304345
v -0.08203938 -3.46086696 0.32959508
v 0.00605102 -3.46086472 0.33960252
v -0.07528026 -3.42880972 0.67304345
v 0.00605102 -3.46086472 0.33960252
v 0.01205163 -3.42880785 0.67713493
v 0.01205163 -3.42880785 0.67713493
v 0.00605102 -3.46086472 0.33960252
v 0.11208220 -3.45606133 0.39039077
v 0.01205163 -3.42880785 0.67713493
v 0.11208220 -3.45606133 0.39039077
v 0.10228063 -3.42880711 0.66947518
v 0.10228063 -3.42880711 0.66947518
v 0.11208220 -3.45606133 0.39039077
v 0.22321099 -3.41033414 0.77746138
v 0.10228063 -3.42880711 0.66947518
v 0.22321099 -3.41033414 0.77746138
v 0.20220426 -3.30246873 1.32356137
v 0.20220426 -3.30246873 1.32356137
v 0.22321099 -3.41033414 0.77746138
v 0.33246153 -3.33497971 1.15799028
v 0.20220426 -3.30246873 1.32356137
v 0.33246153 -3.33497971 1.15799028
v 0.36947499 -3.30239832 1.28691075
v 0.45034532 -2.57101059 2.94784922
v 0.16447320 -2.57101096 2.97751147
v 0.04574117 -2.81775482 2.57194266
v 0.04574117 -2.81775482 2.57194266
v 0.16447320 -2.57101096 2.97751147
v -0.28598730 -2.81775668 2.55640224
v 0.04574117 -2.81775482 2.57194266
v -0.28598730 -2.81775668 2.55640224
v -0.21941317 -3.09699588 1.96133330
v -0.21941317 -3.09699588 1.96133330
v -0.28598730 -2.81775668 2.55640224
v -0.47681336 -3.09699923 1.91510208
v -0.21941317 -3.09699588 1.96133330
v -0.47681336 -3.09699923 1.91510208
v -0.32347459 -3.30247656 1.29925273
v -0.32347459 -3.30247656 1.29925273
v -0.47681336 -3.09699923 1.91510208
v -0.48958990 -3.30247991 1.24619100
v -0.32347459 -3.30247656 1.29925273
v -0.48958990 -3.30247991 1.24619100
v -0.24762524 -3.42881493 0.63034124
v -0.24762524 -3.42881493 0.63034124
v -0.48958990 -3.30247991 1.24619100
v -0.32811300 -3.42881791 0.59244162
v -0.24762524 -3.42881493 0.63034124
v -0.32811300 -3.42881791 0.59244162
v -0.16453947 -3.46087068 0.29712962
v 0.73442631 -2.76826825 2.55806800
v 0.45034532 -2.57101059 2.94784922
v 0.38847358 -2.81775463 2.54284665
v 0.38847358 -2.81775463 2.54284665
v 0.45034532 -2.57101059 2.94784922
v 0.04574117 -2.81775482 2.57194266
v 0.38847358 -2.81775463 2.54284665
v 0.04574117 -2.81775482 2.57194266
v 0.03509546 -3.09699327 1.97325647
v 0.03509546 -3.09699327 1.97325647
v 0.04574117 -2.81775482 2.57194266
v -0.21941317 -3.09699588 1.96133330
v 0.03509546 -3.09699327 1.97325647
v -0.21941317 -3.09699588 1.96133330
v -0.14884964 -3.30247283 1.33061679
v -0.14884964 -3.30247283 1.33061679
v -0.21941317 -3.09699588 1.96133330
v -0.32347459 -3.30247656 1.29925273
v -0.14884964 -3.30247283 1.33061679
v -0.32347459 -3.30247656 1.29925273
v -0.16360506 -3.42881195 0.65717972
v -0.16360506 -3.42881195 0.65717972
v -0.32347459 -3.30247656 1.29925273
v -0.24762524 -3.42881493 0.63034124
v -0.16360506 -3.42881195 0.65717972
v -0.24762524 -3.42881493 0.63034124
v -0.08203938 -3.46086696 0.32959508
v -0.08203938 -3.46086696 0.32959508
v -0.24762524 -3.42881493 0.63034124
v -0.16453947 -3.46087068 0.29712962
v -0.08203938 -3.46086696 0.32959508
v -0.16453947 -3.46087068 0.29712962
v 0.00001511 -3.47163044 0.00004935
v -0.50220890 -2.57101152 2.93945763
v -0.72047031 -2.57101133 2.89370827
v -0.62148399 -2.81775855 2.49614418
v -0.62148399 -2.81775855 2.49614418
v -0.72047031 -2.57101133 2.89370827
v -0.94063021 -2.81776115 2.39419919
v -0.62148399 -2.81775855 2.49614418
v -0.94063021 -2.81776115 2.39419919
v -0.72166929 -3.09700277 1.83688775
v -0.72166929 -3.09700277 1.83688775
v -0.94063021 -2.81776115 2.39419919
v -0.95622810 -3.09700761 1.72643755
v -0.72166929 -3.09700277 1.83688775
v -0.95622810 -3.09700761 1.72643755
v -0.64871893 -3.30248512 1.17125968
v -0.64871893 -3.30248512 1.17125968
v -0.95622810 -3.09700761 1.72643755
v -0.79665165 -3.30249071 1.07611520
v -0.64871893 -3.30248512 1.17125968
v -0.79665165 -3.30249071 1.07611520
v -0.40293676 -3.42882127 0.54431795
v -0.40293676 -3.42882127 0.54431795
v -0.79665165 -3.30249071 1.07611520
v -0.47025867 -3.42882574 0.48733139
v -0.40293676 -3.42882127 0.54431795
v -0.47025867 -3.42882574 0.48733139
v -0.23582422 -3.46087478 0.24441753
v -0.62172785 -3.42883915 0.26846195
v -0.58035580 -3.42883468 0.34901241
v -1.14742583 -3.30250971 0.68998095
v -1.14742583 -3.30250971 0.68998095
v -0.58035580 -3.42883468 0.34901241
v -1.04897497 -3.30250338 0.83205663
v -1.14742583 -3.30250971 0.68998095
v -1.04897497 -3.30250338 0.83205663
v -1.54621331 -3.09702512 1.22644650
v -1.54621331 -3.09702512 1.22644650
v -1.04897497 -3.30250338 0.83205663
v -1.37047758 -3.09701841 1.42011996
v -1.54621331 -3.09702512 1.22644650
v -1.37047758 -3.09701841 1.42011996
v -1.78629160 -2.81777065 1.85098238
v -1.78629160 -2.81777065 1.85098238
v -1.37047758 -3.09701841 1.42011996
v -1.53057203 -2.81776711 2.06744280
v -1.78629160 -2.81777065 1.85098238
v -1.53057203 -2.81776711 2.06744280
v -1.72785744 -2.57101320 2.43045967
v -1.72785744 -2.57101320 2.43045967
v -1.53057203 -2.81776711 2.06744280
v -1.44486828 -2.57101264 2.60863621
v -0.72047031 -2.57101133 2.89370827
v -1.14370808 -2.57101227 2.75400728
v -0.94063021 -2.81776115 2.39419919
v -0.94063021 -2.81776115 2.39419919
v -1.14370808 -2.57101227 2.75400728
v -1.24635678 -2.81776376 2.25023832
v -0.94063021 -2.81776115 2.39419919
v -1.24635678 -2.81776376 2.25023832
v -0.95622810 -3.09700761 1.72643755
v -0.95622810 -3.09700761 1.72643755
v -1.24635678 -2.81776376 2.25023832
v -1.17428470 -3.09701264 1.58619341
v -0.95622810 -3.09700761 1.72643755
v -1.17428470 -3.09701264 1.58619341
v -0.79665165 -3.30249071 1.07611520
v -0.79665165 -3.30249071 1.07611520
v -1.17428470 -3.09701264 1.58619341
v -0.92975311 -3.30249667 0.96344827
v -0.79665165 -3.30249071 1.07611520
v -0.92975311 -3.30249667 0.96344827
v -0.47025867 -3.42882574 0.48733139
v -0.47025867 -3.42882574 0.48733139
v -0.92975311 -3.30249667 0.96344827
v -0.53056101 -3.42883021 0.42087417
v -0.47025867 -3.42882574 0.48733139
v -0.53056101 -3.42883021 0.42087417
v -0.23582422 -3.46087478 0.24441753
v -0.23582422 -3.46087478 0.24441753
v -0.53056101 -3.42883021 0.42087417
v -0.29103744 -3.46088000 0.17505168
v -0.23582422 -3.46087478 0.24441753
v -0.29103744 -3.46088000 0.17505168
v 0.00001511 -3.47163044 0.00004935
v -0.65090409 -3.42884436 0.18691189
v -0.62172785 -3.42883915 0.26846195
v -1.22922026 -3.30251642 0.53072544
v -1.22922026 -3.30251642 0.53072544
v -0.62172785 -3.42883915 0.26846195
v -1.14742583 -3.30250971 0.68998095
v -1.22922026 -3.30251642 0.53072544
v -1.14742583 -3.30250971 0.68998095
v -1.69133153 -3.09703164 1.01702446
v -1.69133153 -3.09703164 1.01702446
v -1.14742583 -3.30250971 0.68998095
v -1.54621331 -3.09702512 1.22644650
v -1.69133153 -3.09703164 1.01702446
v -1.54621331 -3.09702512 1.22644650
v -2.01534573 -2.81777494 1.59854703
v -2.01534573 -2.81777494 1.59854703
v -1.54621331 -3.09702512 1.22644650
v -1.78629160 -2.81777065 1.85098238
v -2.01534573 -2.81777494 1.59854703
v -1.78629160 -2.81777065 1.85098238
v -2.22536363 -2.57101487 1.98503826
v -2.22536363 -2.57101487 1.98503826
v -1.78629160 -2.81777065 1.85098238
v -2.07080022 -2.57101431 2.14578975
v -0.65090409 -3.42884436 0.18691189
v -0.32641653 -3.46088521 0.09375933
v -0.62172785 -3.42883915 0.26846195
v -0.62172785 -3.42883915 0.26846195
v -0.32641653 -3.46088521 0.09375933
v -0.29103744 -3.46088000 0.17505168
v -0.62172785 -3.42883915 0.26846195
v -0.29103744 -3.46088000 0.17505168
v -0.58035580 -3.42883468 0.34901241
v -0.58035580 -3.42883468 0.34901241
v -0.29103744 -3.46088000 0.17505168
v -0.53056101 -3.42883021 0.42087417
v -0.58035580 -3.42883468 0.34901241
v -0.53056101 -3.42883021 0.42087417
v -1.04897497 -3.30250338 0.83205663
v -1.04897497 -3.30250338 0.83205663
v -0.53056101 -3.42883021 0.42087417
v -0.92975311 -3.30249667 0.96344827
v -1.04897497 -3.30250338 0.83205663
v -0.92975311 -3.30249667 0.96344827
v -1.37047758 -3.09701841 1.42011996
v -1.37047758 -3.09701841 1.42011996
v -0.92975311 -3.30249667 0.96344827
v -1.17428470 -3.09701264 1.58619341
v -1.37047758 -3.09701841 1.42011996
v -1.17428470 -3.09701264 1.58619341
v -1.53057203 -2.81776711 2.06744280
v -1.53057203 -2.81776711 2.06744280
v -1.17428470 -3.09701264 1.58619341
v -1.24635678 -2.81776376 2.25023832
v -1.53057203 -2.81776711 2.06744280
v -1.24635678 -2.81776376 2.25023832
v -1.44486828 -2.57101264 2.60863621
v -1.44486828 -2.57101264 2.60863621
v -1.24635678 -2.81776376 2.25023832
v -1.14370808 -2.57101227 2.75400728
v -0.33153789 -2.57101115 2.96356343
v -0.50220890 -2.57101152 2.93945763
v -0.28598730 -2.81775668 2.55640224
v -0.28598730 -2.81775668 2.55640224
v -0.50220890 -2.57101152 2.93945763
v -0.62148399 -2.81775855 2.49614418
v -0.28598730 -2.81775668 2.55640224
v -0.62148399 -2.81775855 2.49614418
v -0.47681336 -3.09699923 1.91510208
v -0.47681336 -3.09699923 1.91510208
v -0.62148399 -2.81775855 2.49614418
v -0.72166929 -3.09700277 1.83688775
v -0.47681336 -3.09699923 1.91510208
v -0.72166929 -3.09700277 1.83688775
v -0.48958990 -3.30247991 1.24619100
v -0.48958990 -3.30247991 1.24619100
v -0.72166929 -3.09700277 1.83688775
v -0.64871893 -3.30248512 1.17125968
v -0.48958990 -3.30247991 1.24619100
v -0.64871893 -3.30248512 1.17125968
v -0.32811300 -3.42881791 0.59244162
v -0.32811300 -3.42881791 0.59244162
v -0.64871893 -3.30248512 1.17125968
v -0.40293676 -3.42882127 0.54431795
v -0.32811300 -3.42881791 0.59244162
v -0.40293676 -3.42882127 0.54431795
v -0.16453947 -3.46087068 0.29712962
v -0.16453947 -3.46087068 0.29712962
v -0.40293676 -3.42882127 0.54431795
v -0.23582422 -3.46087478 0.24441753
v -0.16453947 -3.46087068 0.29712962
v -0.23582422 -3.46087478 0.24441753
v 0.00001511 -3.47163044 0.00004935
v -2.33633611 -2.57101487 1.85314827
v -2.61128228 -2.57101618 1.44007923
v -2.20449343 -2.81777848 1.32558513
v -2.20449343 -2.81777848 1.32558513
v -2.61128228 -2.57101618 1.44007923
v -2.36164089 -2.81778295 1.01961698
v -2.20449343 -2.81777848 1.32558513
v -2.36164089 -2.81778295 1.01961698
v -1.81189869 -3.09703834 0.78227930
v -1.81189869 -3.09703834 0.78227930
v -2.36164089 -2.81778295 1.01961698
v -1.89692304 -3.09704505 0.54462072
v -1.81189869 -3.09703834 0.78227930
v -1.89692304 -3.09704505 0.54462072
v -1.28690312 -3.30252387 0.36949390
v -1.28690312 -3.30252387 0.36949390
v -1.89692304 -3.09704505 0.54462072
v -1.32353501 -3.30253094 0.20221868
v -1.28690312 -3.30252387 0.36949390
v -1.32353501 -3.30253094 0.20221868
v -0.66943131 -3.42884883 0.10230433
v -0.66943131 -3.42884883 0.10230433
v -1.32353501 -3.30253094 0.20221868
v -0.67709214 -3.42885405 0.01207535
v -0.66943131 -3.42884883 0.10230433
v -0.67709214 -3.42885405 0.01207535
v -0.33955004 -3.46089043 0.00608024
v -2.97750998 -2.57101934 0.16447342
v -2.96356305 -2.57102046 -0.33153733
v -2.55639683 -2.81779971 -0.28598481
v -0.63029886 -3.42886709 -0.24760177
v -0.65713637 -3.42886224 -0.16358203
v -1.29922628 -3.30255106 -0.32346079
v -1.29922628 -3.30255106 -0.32346079
v -0.65713637 -3.42886224 -0.16358203
v -1.33059062 -3.30254510 -0.14883551
v -1.29922628 -3.30255106 -0.32346079
v -1.33059062 -3.30254510 -0.14883551
v -1.96132027 -3.09706554 -0.21940570
v -1.96132027 -3.09706554 -0.21940570
v -1.33059062 -3.30254510 -0.14883551
v -1.97324343 -3.09705939 0.03510328
v -1.96132027 -3.09706554 -0.21940570
v -1.97324343 -3.09705939 0.03510328
v -2.57193744 -2.81779580 0.04574348
v -2.57193744 -2.81779580 0.04574348
v -1.97324343 -3.09705939 0.03510328
v -2.54284162 -2.81779133 0.38847553
v -2.57193744 -2.81779580 0.04574348
v -2.54284162 -2.81779133 0.38847553
v -2.94784866 -2.57101860 0.45034587
v -2.94784866 -2.57101860 0.45034587
v -2.54284162 -2.81779133 0.38847553
v -2.86625959 -2.57101767 0.82290843
v -2.61128228 -2.57101618 1.44007923
v -2.73778569 -2.57101692 1.18201021
v -2.36164089 -2.81778295 1.01961698
v -2.36164089 -2.81778295 1.01961698
v -2.73778569 -2.57101692 1.18201021
v -2.47246251 -2.81778742 0.70985178
v -2.36164089 -2.81778295 1.01961698
v -2.47246251 -2.81778742 0.70985178
v -1.89692304 -3.09704505 0.54462072
v -1.89692304 -3.09704505 0.54462072
v -2.47246251 -2.81778742 0.70985178
v -1.95092019 -3.09705175 0.29805438
v -1.89692304 -3.09704505 0.54462072
v -1.95092019 -3.09705175 0.29805438
v -1.32353501 -3.30253094 0.20221868
v -1.32353501 -3.30253094 0.20221868
v -1.95092019 -3.09705175 0.29805438
v -1.33867916 -3.30253839 0.02382769
v -1.32353501 -3.30253094 0.20221868
v -1.33867916 -3.30253839 0.02382769
v -0.67709214 -3.42885405 0.01207535
v -0.67709214 -3.42885405 0.01207535
v -1.33867916 -3.30253839 0.02382769
v -0.67300047 -3.42885852 -0.07525721
v -0.67709214 -3.42885405 0.01207535
v -0.67300047 -3.42885852 -0.07525721
v -0.33955004 -3.46089043 0.00608024
v -0.33955004 -3.46089043 0.00608024
v -0.67300047 -3.42885852 -0.07525721
v -0.32954197 -3.46089602 -0.08201076
v -0.33955004 -3.46089043 0.00608024
v -0.32954197 -3.46089602 -0.08201076
v 0.00001511 -3.47163044 0.00004935
v -2.89370790 -2.57102065 -0.72046998
v -2.75400598 -2.57102177 -1.14370808
v -2.39419509 -2.81780697 -0.94062826
v -0.59239832 -3.42887081 -0.32808888
v -0.63029886 -3.42886709 -0.24760177
v -1.24616418 -3.30255739 -0.48957565
v -1.24616418 -3.30255739 -0.48957565
v -0.63029886 -3.42886709 -0.24760177
v -1.29922628 -3.30255106 -0.32346079
v -1.24616418 -3.30255739 -0.48957565
v -1.29922628 -3.30255106 -0.32346079
v -1.91508923 -3.09707168 -0.47680619
v -1.91508923 -3.09707168 -0.47680619
v -1.29922628 -3.30255106 -0.32346079
v -1.96132027 -3.09706554 -0.21940570
v -1.91508923 -3.09707168 -0.47680619
v -1.96132027 -3.09706554 -0.21940570
v -2.55639683 -2.81779971 -0.28598481
v -2.55639683 -2.81779971 -0.28598481
v -1.96132027 -3.09706554 -0.21940570
v -2.57193744 -2.81779580 0.04574348
v -2.55639683 -2.81779971 -0.28598481
v -2.57193744 -2.81779580 0.04574348
v -2.97750998 -2.57101934 0.16447342
v -2.97750998 -2.57101934 0.16447342
v -2.57193744 -2.81779580 0.04574348
v -2.94784866 -2.57101860 0.45034587
v -0.59239832 -3.42887081 -0.32808888
v -0.29707649 -3.46090049 -0.16450966
v -0.63029886 -3.42886709 -0.24760177
v -0.63029886 -3.42886709 -0.24760177
v -0.29707649 -3.46090049 -0.16450966
v -0.32954197 -3.46089602 -0.08201076
v -0.63029886 -3.42886709 -0.24760177
v -0.32954197 -3.46089602 -0.08201076
v -0.65713637 -3.42886224 -0.16358203
v -0.65713637 -3.42886224 -0.16358203
v -0.32954197 -3.46089602 -0.08201076
v -0.67300047 -3.42885852 -0.07525721
v -0.65713637 -3.42886224 -0.16358203
v -0.67300047 -3.42885852 -0.07525721
v -1.33059062 -3.30254510 -0.14883551
v -1.33059062 -3.30254510 -0.14883551
v -0.67300047 -3.42885852 -0.07525721
v -1.33867916 -3.30253839 0.02382769
v -1.33059062 -3.30254510 -0.14883551
v -1.33867916 -3.30253839 0.02382769
v -1.97324343 -3.09705939 0.03510328
v -1.97324343 -3.09705939 0.03510328
v -1.33867916 -3.30253839 0.02382769
v -1.95092019 -3.09705175 0.29805438
v -1.97324343 -3.09705939 0.03510328
v -1.95092019 -3.09705175 0.29805438
v -2.54284162 -2.81779133 0.38847553
v -2.54284162 -2.81779133 0.38847553
v -1.95092019 -3.09705175 0.29805438
v -2.47246251 -2.81778742 0.70985178
v -2.54284162 -2.81779133 0.38847553
v -2.47246251 -2.81778742 0.70985178
v -2.86625959 -2.57101767 0.82290843
v -2.86625959 -2.57101767 0.82290843
v -2.47246251 -2.81778742 0.70985178
v -2.73778569 -2.57101692 1.18201021
v -2.22536363 -2.57101487 1.98503826
v -2.33633611 -2.57101487 1.85314827
v -2.01534573 -2.81777494 1.59854703
v -2.01534573 -2.81777494 1.59854703
v -2.33633611 -2.57101487 1.85314827
v -2.20449343 -2.81777848 1.32558513
v -2.01534573 -2.81777494 1.59854703
v -2.20449343 -2.81777848 1.32558513
v -1.69133153 -3.09703164 1.01702446
v -1.69133153 -3.09703164 1.01702446
v -2.20449343 -2.81777848 1.32558513
v -1.81189869 -3.09703834 0.78227930
v -1.69133153 -3.09703164 1.01702446
v -1.81189869 -3.09703834 0.78227930
v -1.22922026 -3.30251642 0.53072544
v -1.22922026 -3.30251642 0.53072544
v -1.81189869 -3.09703834 0.78227930
v -1.28690312 -3.30252387 0.36949390
v -1.22922026 -3.30251642 0.53072544
v -1.28690312 -3.30252387 0.36949390
v -0.65090409 -3.42884436 0.18691189
v -0.65090409 -3.42884436 0.18691189
v -1.28690312 -3.30252387 0.36949390
v -0.66943131 -3.42884883 0.10230433
v -0.65090409 -3.42884436 0.18691189
v -0.66943131 -3.42884883 0.10230433
v -0.32641653 -3.46088521 0.09375933
v -0.32641653 -3.46088521 0.09375933
v -0.66943131 -3.42884883 0.10230433
v -0.33955004 -3.46089043 0.00608024
v -0.32641653 -3.46088521 0.09375933
v -0.33955004 -3.46089043 0.00608024
v 0.00001511 -3.47163044 0.00004935
v -2.39419509 -2.81780697 -0.94062826
v -2.75400598 -2.57102177 -1.14370808
v -2.25023292 -2.81781033 -1.24635417
v -2.25023292 -2.81781033 -1.24635417
v -2.75400598 -2.57102177 -1.14370808
v -2.60863490 -2.57102214 -1.44486744
v -2.25023292 -2.81781033 -1.24635417
v -2.60863490 -2.57102214 -1.44486744
v -2.06743889 -2.81781293 -1.53057007
v -2.06743889 -2.81781293 -1.53057007
v -2.60863490 -2.57102214 -1.44486744
v -2.43045855 -2.57102251 -1.72785688
v -2.06743889 -2.81781293 -1.53057007
v -2.43045855 -2.57102251 -1.72785688
v -1.85097698 -2.81781573 -1.78628899
v -2.43045855 -2.57102251 -1.72785688
v -2.14578826 -2.57102307 -2.07079928
v -1.85097698 -2.81781573 -1.78628899
v -1.85097698 -2.81781573 -1.78628899
v -2.14578826 -2.57102307 -2.07079928
v -1.98503751 -2.57102344 -2.22536400
v -1.85097698 -2.81781573 -1.78628899
v -1.98503751 -2.57102344 -2.22536400
v -1.59854162 -2.81781759 -2.01534312
v -1.59854162 -2.81781759 -2.01534312
v -1.98503751 -2.57102344 -2.22536400
v -1.85314715 -2.57102288 -2.33633555
v -1.59854162 -2.81781759 -2.01534312
v -1.85314715 -2.57102288 -2.33633555
v -1.32558048 -2.81781889 -2.20449101
v -1.32558048 -2.81781889 -2.20449101
v -1.85314715 -2.57102288 -2.33633555
v -1.44007849 -2.57102363 -2.61128172
v -1.32558048 -2.81781889 -2.20449101
v -1.44007849 -2.57102363 -2.61128172
v -1.01961223 -2.81781927 -2.36163810
v -1.01961223 -2.81781927 -2.36163810
v -1.44007849 -2.57102363 -2.61128172
v -1.18200956 -2.57102326 -2.73778606
v -1.01961223 -2.81781927 -2.36163810
v -1.18200956 -2.57102326 -2.73778606
v -0.73442468 -2.76828017 -2.55806614
v -0.73442468 -2.76828017 -2.55806614
v -1.18200956 -2.57102326 -2.73778606
v -0.82290694 -2.57102381 -2.86625940
v -0.70984084 -2.81777512 -2.47243829
v -0.64059463 -2.94572171 -2.23124903
v -1.01961223 -2.81781927 -2.36163810
v -1.01961223 -2.81781927 -2.36163810
v -0.64059463 -2.94572171 -2.23124903
v -0.78226570 -3.09709776 -1.81189105
v -1.01961223 -2.81781927 -2.36163810
v -0.78226570 -3.09709776 -1.81189105
v -1.32558048 -2.81781889 -2.20449101
v -1.32558048 -2.81781889 -2.20449101
v -0.78226570 -3.09709776 -1.81189105
v -1.01701152 -3.09709664 -1.69132426
v -1.32558048 -2.81781889 -2.20449101
v -1.01701152 -3.09709664 -1.69132426
v -1.59854162 -2.81781759 -2.01534312
v -1.59854162 -2.81781759 -2.01534312
v -1.01701152 -3.09709664 -1.69132426
v -1.22643309 -3.09709404 -1.54620614
v -1.59854162 -2.81781759 -2.01534312
v -1.22643309 -3.09709404 -1.54620614
v -1.85097698 -2.81781573 -1.78628899
v -1.85097698 -2.81781573 -1.78628899
v -1.22643309 -3.09709404 -1.54620614
v -1.42010720 -3.09709143 -1.37047088
v -1.85097698 -2.81781573 -1.78628899
v -1.42010720 -3.09709143 -1.37047088
v -2.06743889 -2.81781293 -1.53057007
v -2.06743889 -2.81781293 -1.53057007
v -1.42010720 -3.09709143 -1.37047088
v -1.58618074 -3.09708733 -1.17427809
v -2.06743889 -2.81781293 -1.53057007
v -1.58618074 -3.09708733 -1.17427809
v -2.25023292 -2.81781033 -1.24635417
v -2.25023292 -2.81781033 -1.24635417
v -1.58618074 -3.09708733 -1.17427809
v -1.72642469 -3.09708249 -0.95622139
v -2.25023292 -2.81781033 -1.24635417
v -1.72642469 -3.09708249 -0.95622139
v -2.39419509 -2.81780697 -0.94062826
v -0.54190569 -3.10082044 -1.88750550
v -0.43895799 -3.23125385 -1.52893048
v -0.78226570 -3.09709776 -1.81189105
v -0.78226570 -3.09709776 -1.81189105
v -0.43895799 -3.23125385 -1.52893048
v -0.53069862 -3.30257788 -1.22920619
v -0.78226570 -3.09709776 -1.81189105
v -0.53069862 -3.30257788 -1.22920619
v -1.01701152 -3.09709664 -1.69132426
v -1.01701152 -3.09709664 -1.69132426
v -0.53069862 -3.30257788 -1.22920619
v -0.68995440 -3.30257714 -1.14741167
v -1.01701152 -3.09709664 -1.69132426
v -0.68995440 -3.30257714 -1.14741167
v -1.22643309 -3.09709404 -1.54620614
v -1.22643309 -3.09709404 -1.54620614
v -0.68995440 -3.30257714 -1.14741167
v -0.83203018 -3.30257453 -1.04896072
v -1.22643309 -3.09709404 -1.54620614
v -0.83203018 -3.30257453 -1.04896072
v -1.42010720 -3.09709143 -1.37047088
v -1.42010720 -3.09709143 -1.37047088
v -0.83203018 -3.30257453 -1.04896072
v -0.96342266 -3.30257118 -0.92973858
v -1.42010720 -3.09709143 -1.37047088
v -0.96342266 -3.30257118 -0.92973858
v -1.58618074 -3.09708733 -1.17427809
v -1.58618074 -3.09708733 -1.17427809
v -0.96342266 -3.30257118 -0.92973858
v -1.07608903 -3.30256745 -0.79663815
v -1.58618074 -3.09708733 -1.17427809
v -1.07608903 -3.30256745 -0.79663815
v -1.72642469 -3.09708249 -0.95622139
v -0.36945487 -3.30241956 -1.28684798
v -0.33245918 -3.33498530 -1.15798609
v -0.53069862 -3.30257788 -1.22920619
v -0.53069862 -3.30257788 -1.22920619
v -0.33245918 -3.33498530 -1.15798609
v -0.26841888 -3.42888087 -0.62170415
v -0.53069862 -3.30257788 -1.22920619
v -0.26841888 -3.42888087 -0.62170415
v -0.68995440 -3.30257714 -1.14741167
v -0.68995440 -3.30257714 -1.14741167
v -0.26841888 -3.42888087 -0.62170415
v -0.34897004 -3.42888013 -0.58033266
v -0.68995440 -3.30257714 -1.14741167
v -0.34897004 -3.42888013 -0.58033266
v -0.83203018 -3.30257453 -1.04896072
v -0.83203018 -3.30257453 -1.04896072
v -0.34897004 -3.42888013 -0.58033266
v -0.42083049 -3.42887864 -0.53053694
v -0.83203018 -3.30257453 -1.04896072
v -0.42083049 -3.42887864 -0.53053694
v -0.96342266 -3.30257118 -0.92973858
v -0.96342266 -3.30257118 -0.92973858
v -0.42083049 -3.42887864 -0.53053694
v -0.48728846 -3.42887603 -0.47023469
v -0.96342266 -3.30257118 -0.92973858
v -0.48728846 -3.42887603 -0.47023469
v -1.07608903 -3.30256745 -0.79663815
v -2.93945633 -2.57102046 -0.50220867
v -2.89370790 -2.57102065 -0.72046998
v -2.49613952 -2.81780381 -0.62148171
v -2.49613952 -2.81780381 -0.62148171
v -2.89370790 -2.57102065 -0.72046998
v -2.39419509 -2.81780697 -0.94062826
v -2.49613952 -2.81780381 -0.62148171
v -2.39419509 -2.81780697 -0.94062826
v -1.83687415 -3.09707783 -0.72166263
v -1.83687415 -3.09707783 -0.72166263
v -2.39419509 -2.81780697 -0.94062826
v -1.72642469 -3.09708249 -0.95622139
v -1.83687415 -3.09707783 -0.72166263
v -1.72642469 -3.09708249 -0.95622139
v -1.17123313 -3.30256261 -0.64870454
v -1.17123313 -3.30256261 -0.64870454
v -1.72642469 -3.09708249 -0.95622139
v -1.07608903 -3.30256745 -0.79663815
v -1.17123313 -3.30256261 -0.64870454
v -1.07608903 -3.30256745 -0.79663815
v -0.54427511 -3.42887379 -0.40291287
v -0.54427511 -3.42887379 -0.40291287
v -1.07608903 -3.30256745 -0.79663815
v -0.48728846 -3.42887603 -0.47023469
v -0.54427511 -3.42887379 -0.40291287
v -0.48728846 -3.42887603 -0.47023469
v -0.24436377 -3.46090347 -0.23579516
v -0.24436377 -3.46090347 -0.23579516
v -0.48728846 -3.42887603 -0.47023469
v -0.42083049 -3.42887864 -0.53053694
v -0.24436377 -3.46090347 -0.23579516
v -0.42083049 -3.42887864 -0.53053694
v -0.17499859 -3.46090570 -0.29100822
v -0.17499859 -3.46090570 -0.29100822
v -0.42083049 -3.42887864 -0.53053694
v -0.34897004 -3.42888013 -0.58033266
v -0.17499859 -3.46090570 -0.29100822
v -0.34897004 -3.42888013 -0.58033266
v -0.11208002 -3.45606320 -0.39038598
v -0.11208002 -3.45606320 -0.39038598
v -0.34897004 -3.42888013 -0.58033266
v -0.26841888 -3.42888087 -0.62170415
v -0.11208002 -3.45606320 -0.39038598
v -0.26841888 -3.42888087 -0.62170415
v -0.22320878 -3.41033749 -0.77745686
v -0.22320878 -3.41033749 -0.77745686
v -0.26841888 -3.42888087 -0.62170415
v -0.33245918 -3.33498530 -1.15798609
v -2.96356305 -2.57102046 -0.33153733
v -2.93945633 -2.57102046 -0.50220867
v -2.55639683 -2.81779971 -0.28598481
v -2.55639683 -2.81779971 -0.28598481
v -2.93945633 -2.57102046 -0.50220867
v -2.49613952 -2.81780381 -0.62148171
v -2.55639683 -2.81779971 -0.28598481
v -2.49613952 -2.81780381 -0.62148171
v -1.91508923 -3.09707168 -0.47680619
v -1.91508923 -3.09707168 -0.47680619
v -2.49613952 -2.81780381 -0.62148171
v -1.83687415 -3.09707783 -0.72166263
v -1.91508923 -3.09707168 -0.47680619
v -1.83687415 -3.09707783 -0.72166263
v -1.24616418 -3.30255739 -0.48957565
v -1.24616418 -3.30255739 -0.48957565
v -1.83687415 -3.09707783 -0.72166263
v -1.17123313 -3.30256261 -0.64870454
v -1.24616418 -3.30255739 -0.48957565
v -1.17123313 -3.30256261 -0.64870454
v -0.59239832 -3.42887081 -0.32808888
v -0.59239832 -3.42887081 -0.32808888
v -1.17123313 -3.30256261 -0.64870454
v -0.54427511 -3.42887379 -0.40291287
v -0.59239832 -3.42887081 -0.32808888
v -0.54427511 -3.42887379 -0.40291287
v -0.29707649 -3.46090049 -0.16450966
v -0.29707649 -3.46090049 -0.16450966
v -0.54427511 -3.42887379 -0.40291287
v -0.24436377 -3.46090347 -0.23579516
v -0.29707649 -3.46090049 -0.16450966
v -0.24436377 -3.46090347 -0.23579516
v 0.00001511 -3.47163044 0.00004935
v 2.03376375 -3.17565612 -2.42717564
v -0.54190569 -3.10082044 -1.88750550
v -0.64059463 -2.94572171 -2.23124903
v 3.34559940 -2.57099420 2.14196779
v 0.82290871 -2.57101040 2.86626015
v 3.25631425 -2.77137980 1.83108281
v 3.25631425 -2.77137980 1.83108281
v 0.82290871 -2.57101040 2.86626015
v 0.73442631 -2.76826825 2.55806800
v 3.25631425 -2.77137980 1.83108281
v 0.73442631 -2.76826825 2.55806800
v 3.22290733 -2.83848196 1.71477161
v 3.22290733 -2.83848196 1.71477161
v 0.73442631 -2.76826825 2.55806800
v 0.70984880 -2.81774979 2.47246549
v 3.22290733 -2.83848196 1.71477161
v 0.70984880 -2.81774979 2.47246549
v 3.15011181 -2.97111943 1.46122323
v 0.33246153 -3.33497971 1.15799028
v 2.80349795 -3.38015184 0.25374768
v 0.36947499 -3.30239832 1.28691075
v 0.36947499 -3.30239832 1.28691075
v 2.80349795 -3.38015184 0.25374768
v 2.92455815 -3.27607542 0.67491578
v 0.36947499 -3.30239832 1.28691075
v 2.92455815 -3.27607542 0.67491578
v 0.43896041 -3.23124751 1.52893411
v 0.43896041 -3.23124751 1.52893411
v 2.92455815 -3.27607542 0.67491578
v 3.04152630 -3.13686058 1.08287092
v 0.43896041 -3.23124751 1.52893411
v 3.04152630 -3.13686058 1.08287092
v 0.54190690 -3.10081244 1.88750904
v 0.54190690 -3.10081244 1.88750904
v 3.04152630 -3.13686058 1.08287092
v 3.15011181 -2.97111943 1.46122323
v 0.54190690 -3.10081244 1.88750904
v 3.15011181 -2.97111943 1.46122323
v 0.64059603 -2.94571146 2.23125182
v 0.64059603 -2.94571146 2.23125182
v 3.15011181 -2.97111943 1.46122323
v 0.70984880 -2.81774979 2.47246549
v 0.33246153 -3.33497971 1.15799028
v 0.22321099 -3.41033414 0.77746138
v 2.80349795 -3.38015184 0.25374768
v 2.80349795 -3.38015184 0.25374768
v 0.22321099 -3.41033414 0.77746138
v 0.11208220 -3.45606133 0.39039077
v 2.80349795 -3.38015184 0.25374768
v 0.11208220 -3.45606133 0.39039077
v 2.66376119 -3.45319547 -0.23298804
v 2.66376119 -3.45319547 -0.23298804
v 0.11208220 -3.45606133 0.39039077
v 0.09372857 -3.46067548 0.32646223
v 2.66376119 -3.45319547 -0.23298804
v 0.09372857 -3.46067548 0.32646223
v 2.52272077 -3.47754396 -0.72420398
v 2.52272077 -3.47754396 -0.72420398
v 0.09372857 -3.46067548 0.32646223
v 0.00001511 -3.47163044 0.00004935
v 2.52272077 -3.47754396 -0.72420398
v 0.00001511 -3.47163044 0.00004935
v -0.11208002 -3.45606320 -0.39038598
v 2.52272077 -3.47754396 -0.72420398
v -0.11208002 -3.45606320 -0.39038598
v 2.38170773 -3.45298536 -1.21542336
v 2.38170773 -3.45298536 -1.21542336
v -0.11208002 -3.45606320 -0.39038598
v -0.22320878 -3.41033749 -0.77745686
v 2.38170773 -3.45298536 -1.21542336
v -0.22320878 -3.41033749 -0.77745686
v 2.24196911 -3.37980650 -1.70211922
v 2.24196911 -3.37980650 -1.70211922
v -0.22320878 -3.41033749 -0.77745686
v -0.33245918 -3.33498530 -1.15798609
v 2.24196911 -3.37980650 -1.70211922
v -0.33245918 -3.33498530 -1.15798609
v 2.15533823 -3.30914073 -2.00381111
v 2.15533823 -3.30914073 -2.00381111
v -0.33245918 -3.33498530 -1.15798609
v -0.36945487 -3.30241956 -1.28684798
v 2.15533823 -3.30914073 -2.00381111
v -0.36945487 -3.30241956 -1.28684798
v 2.03376375 -3.17565612 -2.42717564
v 2.03376375 -3.17565612 -2.42717564
v -0.36945487 -3.30241956 -1.28684798
v -0.43895799 -3.23125385 -1.52893048
v 2.03376375 -3.17565612 -2.42717564
v -0.43895799 -3.23125385 -1.52893048
v -0.54190569 -3.10082044 -1.88750550
v -0.70984084 -2.81777512 -2.47243829
v 1.80690680 -2.80745532 -3.21745314
v -0.64059463 -2.94572171 -2.23124903
v -0.64059463 -2.94572171 -2.23124903
v 1.80690680 -2.80745532 -3.21745314
v 1.92012377 -3.01195439 -2.82296482
v -0.64059463 -2.94572171 -2.23124903
v 1.92012377 -3.01195439 -2.82296482
v 2.03376375 -3.17565612 -2.42717564
v -0.70984084 -2.81777512 -2.47243829
v -0.73442468 -2.76828017 -2.55806614
v 1.80690680 -2.80745532 -3.21745314
v 1.80690680 -2.80745532 -3.21745314
v -0.73442468 -2.76828017 -2.55806614
v -0.82290694 -2.57102381 -2.86625940
v 1.80690680 -2.80745532 -3.21745314
v -0.82290694 -2.57102381 -2.86625940
v 1.69976708 -2.57106125 -3.59053724
v 3.25631425 -2.77137980 1.83108281
v 3.22290733 -2.83848196 1.71477161
v 3.75702344 -2.78480127 1.66408289
v 6.25927821 -1.17617929 2.15841718
v 5.64149283 -1.17621273 2.17854269
v 5.42335175 -1.55000668 2.10485104
v 6.25927821 -1.17617929 2.15841718
v 5.42335175 -1.55000668 2.10485104
v 6.25200793 -1.64376292 2.03423295
v 6.25200793 -1.64376292 2.03423295
v 5.42335175 -1.55000668 2.10485104
v 5.42967841 -1.95764955 1.96946003
v 6.25200793 -1.64376292 2.03423295
v 5.42967841 -1.95764955 1.96946003
v 6.24441057 -2.04873923 1.87217463
v 6.24441057 -2.04873923 1.87217463
v 5.42967841 -1.95764955 1.96946003
v 5.43203168 -2.33404562 1.76792461
v 6.24441057 -2.04873923 1.87217463
v 5.43203168 -2.33404562 1.76792461
v 6.23655692 -2.39486657 1.66986920
v 6.23655692 -2.39486657 1.66986920
v 5.43203168 -2.33404562 1.76792461
v 5.42703234 -2.66342312 1.49092590
v 6.23655692 -2.39486657 1.66986920
v 5.42703234 -2.66342312 1.49092590
v 6.22851662 -2.68590730 1.42495511
v 6.22851662 -2.68590730 1.42495511
v 5.42703234 -2.66342312 1.49092590
v 5.41477762 -2.93413866 1.14824846
v 6.22851662 -2.68590730 1.42495511
v 5.41477762 -2.93413866 1.14824846
v 6.22036308 -2.92562451 1.13507016
v 6.22036308 -2.92562451 1.13507016
v 5.41477762 -2.93413866 1.14824846
v 5.39663956 -3.14065553 0.75735128
v 6.22036308 -2.92562451 1.13507016
v 5.39663956 -3.14065553 0.75735128
v 6.21216558 -3.11778113 0.79785306
v 6.19592816 -3.37445699 -0.02802359
v 6.20399676 -3.26613896 0.41094129
v 4.71367612 -3.37446555 -0.02844976
v 4.71367612 -3.37446555 -0.02844976
v 6.20399676 -3.26613896 0.41094129
v 4.52068932 -3.27654146 0.38405471
v 4.71367612 -3.37446555 -0.02844976
v 4.52068932 -3.27654146 0.38405471
v 4.69681546 -3.37446108 -0.02845361
v 4.69681546 -3.37446108 -0.02845361
v 4.52068932 -3.27654146 0.38405471
v 4.49238531 -3.37477438 -0.02751369
v 2.92455815 -3.27607542 0.67491578
v 2.80349795 -3.38015184 0.25374768
v 3.37778479 -3.38023044 0.10256200
v 3.37778479 -3.38023044 0.10256200
v 3.77902091 -3.37861255 0.02414915
v 4.52068932 -3.27654146 0.38405471
v 4.52068932 -3.27654146 0.38405471
v 3.77902091 -3.37861255 0.02414915
v 4.16040868 -3.37627307 -0.01660996
v 4.52068932 -3.27654146 0.38405471
v 4.16040868 -3.37627307 -0.01660996
v 4.49238531 -3.37477438 -0.02751369
v 3.75702344 -2.78480127 1.66408289
v 3.22290733 -2.83848196 1.71477161
v 3.72853726 -2.98850331 1.27644511
v 3.72853726 -2.98850331 1.27644511
v 3.22290733 -2.83848196 1.71477161
v 3.15011181 -2.97111943 1.46122323
v 3.72853726 -2.98850331 1.27644511
v 3.15011181 -2.97111943 1.46122323
v 3.04152630 -3.13686058 1.08287092
v 4.22188081 -2.40998007 2.00033225
v 4.19642068 -2.48033144 1.93940476
v 4.33918796 -2.34903004 2.00133938
v 4.33918796 -2.34903004 2.00133938
v 4.19642068 -2.48033144 1.93940476
v 4.60324287 -2.39629243 1.85805149
v 4.22188081 -2.40998007 2.00033225
v 4.15200219 -2.43966095 2.00246014
v 4.19642068 -2.48033144 1.93940476
v 4.19642068 -2.48033144 1.93940476
v 4.15200219 -2.43966095 2.00246014
v 3.93658057 -2.50733271 2.02017408
v 4.19642068 -2.48033144 1.93940476
v 3.93658057 -2.50733271 2.02017408
v 3.78171392 -2.55691316 2.01666187
v 3.78171392 -2.55691316 2.01666187
v 3.93658057 -2.50733271 2.02017408
v 3.68461497 -2.55203508 2.05994528
v 3.78171392 -2.55691316 2.01666187
v 3.68461497 -2.55203508 2.05994528
v 3.35707702 -2.61153579 2.07514204
v 3.35707702 -2.61153579 2.07514204
v 3.68461497 -2.55203508 2.05994528
v 3.41219418 -2.57030353 2.12343149
v 4.80791293 -1.79991461 2.09320337
v 4.72334214 -1.97178908 2.05976889
v 5.00990450 -1.97980702 2.00292673
v 4.48794886 -2.24525332 2.01211255
v 4.60436009 -2.23263521 1.97563749
v 4.62231077 -2.11288501 2.03337017
v 4.62231077 -2.11288501 2.03337017
v 4.60436009 -2.23263521 1.97563749
v 5.01393490 -2.34686453 1.80461630
v 4.62231077 -2.11288501 2.03337017
v 5.01393490 -2.34686453 1.80461630
v 4.68246527 -2.03482918 2.04771031
v 4.68246527 -2.03482918 2.04771031
v 5.01393490 -2.34686453 1.80461630
v 5.00990450 -1.97980702 2.00292673
v 4.68246527 -2.03482918 2.04771031
v 5.00990450 -1.97980702 2.00292673
v 4.68496159 -2.03124247 2.04838794
v 4.68496159 -2.03124247 2.04838794
v 5.00990450 -1.97980702 2.00292673
v 4.72334214 -1.97178908 2.05976889
v 4.91307229 -1.17618274 2.20203772
v 4.90134619 -1.40564498 2.16541626
v 4.99935262 -1.57277286 2.12462079
v 4.99935262 -1.57277286 2.12462079
v 4.90134619 -1.40564498 2.16541626
v 4.86416146 -1.62167456 2.12703440
v 4.99935262 -1.57277286 2.12462079
v 4.86416146 -1.62167456 2.12703440
v 5.00990450 -1.97980702 2.00292673
v 5.00990450 -1.97980702 2.00292673
v 4.86416146 -1.62167456 2.12703440
v 4.82111908 -1.76505111 2.09993422
v 5.00990450 -1.97980702 2.00292673
v 4.82111908 -1.76505111 2.09993422
v 4.80791293 -1.79991461 2.09320337
v 4.57334258 -2.93357130 1.20364148
v 4.59235050 -2.68772952 1.56063447
v 4.17787060 -2.73612272 1.61417332
v 3.37778479 -3.38023044 0.10256200
v 4.52068932 -3.27654146 0.38405471
v 2.92455815 -3.27607542 0.67491578
v 2.92455815 -3.27607542 0.67491578
v 4.52068932 -3.27654146 0.38405471
v 4.54881415 -3.12935486 0.80681965
v 2.92455815 -3.27607542 0.67491578
v 4.54881415 -3.12935486 0.80681965
v 3.04152630 -3.13686058 1.08287092
v 3.04152630 -3.13686058 1.08287092
v 4.54881415 -3.12935486 0.80681965
v 4.57334258 -2.93357130 1.20364148
v 3.04152630 -3.13686058 1.08287092
v 4.57334258 -2.93357130 1.20364148
v 3.72853726 -2.98850331 1.27644511
v 3.72853726 -2.98850331 1.27644511
v 4.57334258 -2.93357130 1.20364148
v 4.17787060 -2.73612272 1.61417332
v 3.72853726 -2.98850331 1.27644511
v 4.17787060 -2.73612272 1.61417332
v 3.75702344 -2.78480127 1.66408289
v 4.54881415 -3.12935486 0.80681965
v 4.99330685 -2.92703249 1.17506329
v 4.57334258 -2.93357130 1.20364148
v 4.57334258 -2.93357130 1.20364148
v 4.99330685 -2.92703249 1.17506329
v 5.00780977 -2.66385693 1.52241178
v 4.57334258 -2.93357130 1.20364148
v 5.00780977 -2.66385693 1.52241178
v 4.59235050 -2.68772952 1.56063447
v 4.59235050 -2.68772952 1.56063447
v 5.00780977 -2.66385693 1.52241178
v 4.60324287 -2.39629243 1.85805149
v 4.59235050 -2.68772952 1.56063447
v 4.60324287 -2.39629243 1.85805149
v 4.17787060 -2.73612272 1.61417332
v 4.17787060 -2.73612272 1.61417332
v 4.60324287 -2.39629243 1.85805149
v 4.19642068 -2.48033144 1.93940476
v 4.17787060 -2.73612272 1.61417332
v 4.19642068 -2.48033144 1.93940476
v 3.75702344 -2.78480127 1.66408289
v 3.75702344 -2.78480127 1.66408289
v 4.19642068 -2.48033144 1.93940476
v 3.78171392 -2.55691316 2.01666187
v 3.75702344 -2.78480127 1.66408289
v 3.78171392 -2.55691316 2.01666187
v 3.25631425 -2.77137980 1.83108281
v 3.25631425 -2.77137980 1.83108281
v 3.78171392 -2.55691316 2.01666187
v 3.35707702 -2.61153579 2.07514204
v 3.25631425 -2.77137980 1.83108281
v 3.35707702 -2.61153579 2.07514204
v 3.34559940 -2.57099420 2.14196779
v 3.34559940 -2.57099420 2.14196779
v 3.35707702 -2.61153579 2.07514204
v 3.41219418 -2.57030353 2.12343149
v 5.64149283 -1.17621273 2.17854269
v 4.91307229 -1.17618274 2.20203772
v 5.42335175 -1.55000668 2.10485104
v 5.42335175 -1.55000668 2.10485104
v 4.91307229 -1.17618274 2.20203772
v 4.99935262 -1.57277286 2.12462079
v 5.42335175 -1.55000668 2.10485104
v 4.99935262 -1.57277286 2.12462079
v 5.42967841 -1.95764955 1.96946003
v 5.42967841 -1.95764955 1.96946003
v 4.99935262 -1.57277286 2.12462079
v 5.00990450 -1.97980702 2.00292673
v 5.42967841 -1.95764955 1.96946003
v 5.00990450 -1.97980702 2.00292673
v 5.43203168 -2.33404562 1.76792461
v 5.43203168 -2.33404562 1.76792461
v 5.00990450 -1.97980702 2.00292673
v 5.01393490 -2.34686453 1.80461630
v 5.43203168 -2.33404562 1.76792461
v 5.01393490 -2.34686453 1.80461630
v 5.42703234 -2.66342312 1.49092590
v 4.48794886 -2.24525332 2.01211255
v 4.33918796 -2.34903004 2.00133938
v 4.60436009 -2.23263521 1.97563749
v 4.60436009 -2.23263521 1.97563749
v 4.33918796 -2.34903004 2.00133938
v 4.60324287 -2.39629243 1.85805149
v 4.60436009 -2.23263521 1.97563749
v 4.60324287 -2.39629243 1.85805149
v 5.01393490 -2.34686453 1.80461630
v 5.01393490 -2.34686453 1.80461630
v 4.60324287 -2.39629243 1.85805149
v 5.00780977 -2.66385693 1.52241178
v 5.01393490 -2.34686453 1.80461630
v 5.00780977 -2.66385693 1.52241178
v 5.42703234 -2.66342312 1.49092590
v 5.42703234 -2.66342312 1.49092590
v 5.00780977 -2.66385693 1.52241178
v 4.99330685 -2.92703249 1.17506329
v 5.42703234 -2.66342312 1.49092590
v 4.99330685 -2.92703249 1.17506329
v 5.41477762 -2.93413866 1.14824846
v 5.41477762 -2.93413866 1.14824846
v 4.99330685 -2.92703249 1.17506329
v 4.54881415 -3.12935486 0.80681965
v 5.41477762 -2.93413866 1.14824846
v 4.54881415 -3.12935486 0.80681965
v 5.39663956 -3.14065553 0.75735128
v 5.39663956 -3.14065553 0.75735128
v 4.54881415 -3.12935486 0.80681965
v 4.52068932 -3.27654146 0.38405471
v 5.39663956 -3.14065553 0.75735128
v 4.52068932 -3.27654146 0.38405471
v 6.21216558 -3.11778113 0.79785306
v 6.21216558 -3.11778113 0.79785306
v 4.52068932 -3.27654146 0.38405471
v 6.20399676 -3.26613896 0.41094129
v 4.74307686 -1.17622130 2.03196686
v 4.71310280 -1.17611997 2.00197864
v 4.69873808 -1.37497149 1.97444744
v 3.59025784 -2.25921758 2.07663141
v 3.68461497 -2.55203508 2.05994528
v 3.93658057 -2.50733271 2.02017408
v 3.68461497 -2.55203508 2.05994528
v 3.59025784 -2.25921758 2.07663141
v 3.41219418 -2.57030353 2.12343149
v 3.41219418 -2.57030353 2.12343149
v 3.59025784 -2.25921758 2.07663141
v 3.34560685 -2.27101222 2.14198232
v 3.41219418 -2.57030353 2.12343149
v 3.34560685 -2.27101222 2.14198232
v 3.34559940 -2.57099420 2.14196779
v 4.41849977 -1.92928091 1.94008742
v 4.28633951 -2.03422215 1.95001140
v 4.48794886 -2.24525332 2.01211255
v 4.48794886 -2.24525332 2.01211255
v 4.28633951 -2.03422215 1.95001140
v 4.28119339 -2.03763004 1.95053071
v 4.48794886 -2.24525332 2.01211255
v 4.28119339 -2.03763004 1.95053071
v 4.33918796 -2.34903004 2.00133938
v 4.33918796 -2.34903004 2.00133938
v 4.28119339 -2.03763004 1.95053071
v 4.14000936 -2.11660229 1.96784064
v 4.33918796 -2.34903004 2.00133938
v 4.14000936 -2.11660229 1.96784064
v 4.22188081 -2.40998007 2.00033225
v 4.22188081 -2.40998007 2.00033225
v 4.14000936 -2.11660229 1.96784064
v 4.06961627 -2.14733724 1.97840929
v 4.22188081 -2.40998007 2.00033225
v 4.06961627 -2.14733724 1.97840929
v 4.15200219 -2.43966095 2.00246014
v 4.15200219 -2.43966095 2.00246014
v 4.06961627 -2.14733724 1.97840929
v 3.95583101 -2.18759924 1.99781377
v 4.15200219 -2.43966095 2.00246014
v 3.95583101 -2.18759924 1.99781377
v 3.93658057 -2.50733271 2.02017408
v 3.93658057 -2.50733271 2.02017408
v 3.95583101 -2.18759924 1.99781377
v 3.82421911 -2.22232025 2.02344432
v 3.93658057 -2.50733271 2.02017408
v 3.82421911 -2.22232025 2.02344432
v 3.59025784 -2.25921758 2.07663141
v 4.48794886 -2.24525332 2.01211255
v 4.62231077 -2.11288501 2.03337017
v 4.41849977 -1.92928091 1.94008742
v 4.41849977 -1.92928091 1.94008742
v 4.62231077 -2.11288501 2.03337017
v 4.68246527 -2.03482918 2.04771031
v 4.41849977 -1.92928091 1.94008742
v 4.68246527 -2.03482918 2.04771031
v 4.47544530 -1.87035203 1.93835627
v 4.47544530 -1.87035203 1.93835627
v 4.68246527 -2.03482918 2.04771031
v 4.68496159 -2.03124247 2.04838794
v 4.47544530 -1.87035203 1.93835627
v 4.68496159 -2.03124247 2.04838794
v 4.50720862 -1.83229987 1.93830263
v 4.74307686 -1.17622130 2.03196686
v 4.69873808 -1.37497149 1.97444744
v 4.90476526 -1.17620947 2.19374765
v 4.91307229 -1.17618274 2.20203772
v 4.90476526 -1.17620947 2.19374765
v 4.90134619 -1.40564498 2.16541626
v 4.90134619 -1.40564498 2.16541626
v 4.90476526 -1.17620947 2.19374765
v 4.69873808 -1.37497149 1.97444744
v 4.90134619 -1.40564498 2.16541626
v 4.69873808 -1.37497149 1.97444744
v 4.86416146 -1.62167456 2.12703440
v 4.86416146 -1.62167456 2.12703440
v 4.69873808 -1.37497149 1.97444744
v 4.65304218 -1.56328641 1.95353981
v 4.86416146 -1.62167456 2.12703440
v 4.65304218 -1.56328641 1.95353981
v 4.82111908 -1.76505111 2.09993422
v 4.82111908 -1.76505111 2.09993422
v 4.65304218 -1.56328641 1.95353981
v 4.60071452 -1.68650392 1.94379855
v 4.82111908 -1.76505111 2.09993422
v 4.60071452 -1.68650392 1.94379855
v 4.80791293 -1.79991461 2.09320337
v 4.80791293 -1.79991461 2.09320337
v 4.60071452 -1.68650392 1.94379855
v 4.50720862 -1.83229987 1.93830263
v 4.80791293 -1.79991461 2.09320337
v 4.50720862 -1.83229987 1.93830263
v 4.72334214 -1.97178908 2.05976889
v 4.72334214 -1.97178908 2.05976889
v 4.50720862 -1.83229987 1.93830263
v 4.68496159 -2.03124247 2.04838794
v 2.15843134 -2.57053208 -3.71218063
v 2.33666152 -2.56917272 -3.75444703
v 2.36863885 -2.78427452 -3.42489891
v 4.37171906 -2.22447217 -4.11056057
v 4.33833450 -2.32052207 -4.07063439
v 4.15400229 -2.33252179 -4.07638215
v 4.90267985 -1.38755385 -4.26196232
v 4.91505824 -1.17621589 -4.29372229
v 5.91708906 -1.17620751 -4.29340489
v 6.89352155 -3.37446816 -2.06268337
v 5.85139953 -3.28547321 -2.43938360
v 6.89362511 -3.29807438 -2.37833504
v 6.89362511 -3.29807438 -2.37833504
v 5.85139953 -3.28547321 -2.43938360
v 6.89366385 -3.26474644 -2.48483401
v 5.82351461 -3.13074365 -2.88646203
v 6.89382479 -3.05835009 -2.96534337
v 6.89372420 -3.19285057 -2.67962217
v 6.89382479 -3.05835009 -2.96534337
v 5.82351461 -3.13074365 -2.88646203
v 6.89392984 -2.90288329 -3.22039016
v 6.89392984 -2.90288329 -3.22039016
v 5.82351461 -3.13074365 -2.88646203
v 5.79264350 -2.91943792 -3.30375209
v 6.89392984 -2.90288329 -3.22039016
v 5.79264350 -2.91943792 -3.30375209
v 6.89395443 -2.85198931 -3.29196341
v 6.89395443 -2.85198931 -3.29196341
v 5.79264350 -2.91943792 -3.30375209
v 6.89402297 -2.72341091 -3.45302783
v 6.89402297 -2.72341091 -3.45302783
v 5.79264350 -2.91943792 -3.30375209
v 5.75540587 -2.64618639 -3.66599970
v 6.89402297 -2.72341091 -3.45302783
v 5.75540587 -2.64618639 -3.66599970
v 6.89411834 -2.52005644 -3.66248973
v 6.89417198 -2.31756680 -3.82927917
v 6.89413771 -2.45867930 -3.71693484
v 5.73353842 -2.48572268 -3.81739773
v 6.89419210 -2.22617202 -3.89353223
v 5.68322204 -2.12136172 -4.04691845
v 6.89424425 -1.97644364 -4.04009111
v 6.89424425 -1.97644364 -4.04009111
v 5.68322204 -2.12136172 -4.04691845
v 5.65565340 -1.92152746 -4.12721373
v 6.89424425 -1.97644364 -4.04009111
v 5.65565340 -1.92152746 -4.12721373
v 6.89429566 -1.78708863 -4.12687697
v 6.89429566 -1.78708863 -4.12687697
v 5.65565340 -1.92152746 -4.12721373
v 6.89431876 -1.69346165 -4.16299030
v 6.89431876 -1.69346165 -4.16299030
v 5.65565340 -1.92152746 -4.12721373
v 5.59877604 -1.49915032 -4.23787721
v 6.89431876 -1.69346165 -4.16299030
v 5.59877604 -1.49915032 -4.23787721
v 6.89425245 -1.40622985 -4.24878523
v 6.89425245 -1.40622985 -4.24878523
v 5.59877604 -1.49915032 -4.23787721
v 6.15207516 -1.17620043 -4.29334380
v 6.89425245 -1.40622985 -4.24878523
v 6.15207516 -1.17620043 -4.29334380
v 6.89429045 -1.17621338 -4.29312289
v 4.90267985 -1.38755385 -4.26196232
v 5.91708906 -1.17620751 -4.29340489
v 4.92782965 -1.59616116 -4.22821715
v 4.98484448 -2.01369319 -4.13398519
v 4.50176410 -2.13491432 -4.13284376
v 4.64211404 -2.00232547 -4.16066796
v 4.64211404 -2.00232547 -4.16066796
v 4.74035256 -1.87020730 -4.18499298
v 4.98484448 -2.01369319 -4.13398519
v 4.98484448 -2.01369319 -4.13398519
v 4.74035256 -1.87020730 -4.18499298
v 4.82436158 -1.70346722 -4.21295501
v 4.98484448 -2.01369319 -4.13398519
v 4.82436158 -1.70346722 -4.21295501
v 4.92782965 -1.59616116 -4.22821715
v 4.92782965 -1.59616116 -4.22821715
v 4.82436158 -1.70346722 -4.21295501
v 4.86369729 -1.58629194 -4.23151404
v 4.92782965 -1.59616116 -4.22821715
v 4.86369729 -1.58629194 -4.23151404
v 4.90267985 -1.38755385 -4.26196232
v 3.89852822 -2.41778959 -4.03797813
v 4.36332338 -2.49184594 -3.96719985
v 3.83064263 -2.43521556 -4.02777903
v 3.83064263 -2.43521556 -4.02777903
v 4.36332338 -2.49184594 -3.96719985
v 3.68472375 -2.55635884 -3.93247679
v 3.83064263 -2.43521556 -4.02777903
v 3.68472375 -2.55635884 -3.93247679
v 3.49637978 -2.49876045 -3.97611558
v 3.49637978 -2.49876045 -3.97611558
v 3.68472375 -2.55635884 -3.93247679
v 3.05660293 -2.54419856 -3.90136540
v 3.00739575 -2.57016458 -3.86748202
v 3.02751474 -2.70155333 -3.70659567
v 2.77303588 -2.55910829 -3.84763516
v 2.77303588 -2.55910829 -3.84763516
v 3.02751474 -2.70155333 -3.70659567
v 2.33666152 -2.56917272 -3.75444703
v 1.69976708 -2.57106125 -3.59053724
v 2.15843134 -2.57053208 -3.71218063
v 1.80690680 -2.80745532 -3.21745314
v 1.80690680 -2.80745532 -3.21745314
v 2.15843134 -2.57053208 -3.71218063
v 2.36863885 -2.78427452 -3.42489891
v 1.80690680 -2.80745532 -3.21745314
v 2.36863885 -2.78427452 -3.42489891
v 1.92012377 -3.01195439 -2.82296482
v 1.92012377 -3.01195439 -2.82296482
v 2.36863885 -2.78427452 -3.42489891
v 3.08035873 -3.02777365 -3.12450659
v 2.24196911 -3.37980650 -1.70211922
v 2.15533823 -3.30914073 -2.00381111
v 2.84679811 -3.38009596 -1.87108200
v 2.84679811 -3.38009596 -1.87108200
v 2.15533823 -3.30914073 -2.00381111
v 3.14788036 -3.31953876 -2.23195795
v 2.84679811 -3.38009596 -1.87108200
v 3.14788036 -3.31953876 -2.23195795
v 3.46059389 -3.37800831 -2.00358424
v 3.46059389 -3.37800831 -2.00358424
v 3.14788036 -3.31953876 -2.23195795
v 4.08631787 -3.37532908 -2.05588471
v 4.08631787 -3.37532908 -2.05588471
v 3.14788036 -3.31953876 -2.23195795
v 4.49866764 -3.31290215 -2.35365406
v 4.08631787 -3.37532908 -2.05588471
v 4.49866764 -3.31290215 -2.35365406
v 4.71426100 -3.37448232 -2.06332486
v 2.15533823 -3.30914073 -2.00381111
v 2.03376375 -3.17565612 -2.42717564
v 3.14788036 -3.31953876 -2.23195795
v 3.14788036 -3.31953876 -2.23195795
v 2.03376375 -3.17565612 -2.42717564
v 3.11363209 -3.19295600 -2.68745143
v 3.14788036 -3.31953876 -2.23195795
v 3.11363209 -3.19295600 -2.68745143
v 4.49866764 -3.31290215 -2.35365406
v 4.49866764 -3.31290215 -2.35365406
v 3.11363209 -3.19295600 -2.68745143
v 3.79139222 -3.20001021 -2.76619866
v 4.49866764 -3.31290215 -2.35365406
v 3.79139222 -3.20001021 -2.76619866
v 4.46960703 -3.18452008 -2.82717478
v 2.03376375 -3.17565612 -2.42717564
v 1.92012377 -3.01195439 -2.82296482
v 3.11363209 -3.19295600 -2.68745143
v 3.11363209 -3.19295600 -2.68745143
v 1.92012377 -3.01195439 -2.82296482
v 3.08035873 -3.02777365 -3.12450659
v 3.11363209 -3.19295600 -2.68745143
v 3.08035873 -3.02777365 -3.12450659
v 3.79139222 -3.20001021 -2.76619866
v 3.79139222 -3.20001021 -2.76619866
v 3.08035873 -3.02777365 -3.12450659
v 3.76006663 -3.03655602 -3.21429633
v 3.79139222 -3.20001021 -2.76619866
v 3.76006663 -3.03655602 -3.21429633
v 4.46960703 -3.18452008 -2.82717478
v 4.46960703 -3.18452008 -2.82717478
v 3.76006663 -3.03655602 -3.21429633
v 4.43987511 -3.01257800 -3.27726342
v 2.33666152 -2.56917272 -3.75444703
v 3.02751474 -2.70155333 -3.70659567
v 2.36863885 -2.78427452 -3.42489891
v 2.36863885 -2.78427452 -3.42489891
v 3.02751474 -2.70155333 -3.70659567
v 3.04603800 -2.82130186 -3.52641717
v 2.36863885 -2.78427452 -3.42489891
v 3.04603800 -2.82130186 -3.52641717
v 3.08035873 -3.02777365 -3.12450659
v 3.08035873 -3.02777365 -3.12450659
v 3.04603800 -2.82130186 -3.52641717
v 3.74352261 -2.93710940 -3.42233405
v 3.08035873 -3.02777365 -3.12450659
v 3.74352261 -2.93710940 -3.42233405
v 3.76006663 -3.03655602 -3.21429633
v 3.76006663 -3.03655602 -3.21429633
v 3.74352261 -2.93710940 -3.42233405
v 4.42360863 -2.90646460 -3.48334387
v 3.76006663 -3.03655602 -3.21429633
v 4.42360863 -2.90646460 -3.48334387
v 4.43987511 -3.01257800 -3.27726342
v 3.72579433 -2.82451175 -3.61453928
v 3.70635465 -2.69785281 -3.78623009
v 4.38581668 -2.64702812 -3.83360945
v 3.72579433 -2.82451175 -3.61453928
v 4.38581668 -2.64702812 -3.83360945
v 4.40575965 -2.78502107 -3.67057510
v 4.40575965 -2.78502107 -3.67057510
v 4.38581668 -2.64702812 -3.83360945
v 5.06153218 -2.56142411 -3.83678153
v 4.40575965 -2.78502107 -3.67057510
v 5.06153218 -2.56142411 -3.83678153
v 5.08233793 -2.71270871 -3.68129387
v 5.08233793 -2.71270871 -3.68129387
v 5.06153218 -2.56142411 -3.83678153
v 5.73353842 -2.48572268 -3.81739773
v 5.08233793 -2.71270871 -3.68129387
v 5.73353842 -2.48572268 -3.81739773
v 5.75540587 -2.64618639 -3.66599970
v 5.75540587 -2.64618639 -3.66599970
v 5.73353842 -2.48572268 -3.81739773
v 6.89413771 -2.45867930 -3.71693484
v 5.75540587 -2.64618639 -3.66599970
v 6.89413771 -2.45867930 -3.71693484
v 6.89411834 -2.52005644 -3.66248973
v 3.89852822 -2.41778959 -4.03797813
v 4.15400229 -2.33252179 -4.07638215
v 4.36332338 -2.49184594 -3.96719985
v 4.36332338 -2.49184594 -3.96719985
v 4.15400229 -2.33252179 -4.07638215
v 4.33833450 -2.32052207 -4.07063439
v 4.36332338 -2.49184594 -3.96719985
v 4.33833450 -2.32052207 -4.07063439
v 5.03812581 -2.39330251 -3.96356769
v 5.03812581 -2.39330251 -3.96356769
v 4.33833450 -2.32052207 -4.07063439
v 5.68322204 -2.12136172 -4.04691845
v 5.03812581 -2.39330251 -3.96356769
v 5.68322204 -2.12136172 -4.04691845
v 5.70937060 -2.31020413 -3.94444168
v 5.70937060 -2.31020413 -3.94444168
v 5.68322204 -2.12136172 -4.04691845
v 6.89419210 -2.22617202 -3.89353223
v 5.70937060 -2.31020413 -3.94444168
v 6.89419210 -2.22617202 -3.89353223
v 6.89417198 -2.31756680 -3.82927917
v 6.89417198 -2.31756680 -3.82927917
v 5.73353842 -2.48572268 -3.81739773
v 5.70937060 -2.31020413 -3.94444168
v 5.70937060 -2.31020413 -3.94444168
v 5.73353842 -2.48572268 -3.81739773
v 5.06153218 -2.56142411 -3.83678153
v 5.70937060 -2.31020413 -3.94444168
v 5.06153218 -2.56142411 -3.83678153
v 5.03812581 -2.39330251 -3.96356769
v 5.03812581 -2.39330251 -3.96356769
v 5.06153218 -2.56142411 -3.83678153
v 4.38581668 -2.64702812 -3.83360945
v 5.03812581 -2.39330251 -3.96356769
v 4.38581668 -2.64702812 -3.83360945
v 4.36332338 -2.49184594 -3.96719985
v 4.36332338 -2.49184594 -3.96719985
v 4.38581668 -2.64702812 -3.83360945
v 3.70635465 -2.69785281 -3.78623009
v 4.36332338 -2.49184594 -3.96719985
v 3.70635465 -2.69785281 -3.78623009
v 3.68472375 -2.55635884 -3.93247679
v 4.37171906 -2.22447217 -4.11056057
v 4.38040495 -2.21920181 -4.11198810
v 4.33833450 -2.32052207 -4.07063439
v 4.33833450 -2.32052207 -4.07063439
v 4.38040495 -2.21920181 -4.11198810
v 4.50176410 -2.13491432 -4.13284376
v 4.33833450 -2.32052207 -4.07063439
v 4.50176410 -2.13491432 -4.13284376
v 5.68322204 -2.12136172 -4.04691845
v 5.68322204 -2.12136172 -4.04691845
v 4.50176410 -2.13491432 -4.13284376
v 4.98484448 -2.01369319 -4.13398519
v 5.68322204 -2.12136172 -4.04691845
v 4.98484448 -2.01369319 -4.13398519
v 5.65565340 -1.92152746 -4.12721373
v 5.65565340 -1.92152746 -4.12721373
v 4.98484448 -2.01369319 -4.13398519
v 4.92782965 -1.59616116 -4.22821715
v 5.65565340 -1.92152746 -4.12721373
v 4.92782965 -1.59616116 -4.22821715
v 5.59877604 -1.49915032 -4.23787721
v 5.59877604 -1.49915032 -4.23787721
v 4.92782965 -1.59616116 -4.22821715
v 5.91708906 -1.17620751 -4.29340489
v 5.59877604 -1.49915032 -4.23787721
v 5.91708906 -1.17620751 -4.29340489
v 6.15207516 -1.17620043 -4.29334380
v 4.42360863 -2.90646460 -3.48334387
v 5.10085262 -2.84715593 -3.50176021
v 4.43987511 -3.01257800 -3.27726342
v 4.43987511 -3.01257800 -3.27726342
v 5.10085262 -2.84715593 -3.50176021
v 5.11751659 -2.96546817 -3.30310836
v 4.43987511 -3.01257800 -3.27726342
v 5.11751659 -2.96546817 -3.30310836
v 4.46960703 -3.18452008 -2.82717478
v 4.46960703 -3.18452008 -2.82717478
v 5.11751659 -2.96546817 -3.30310836
v 5.14717177 -3.15779634 -2.86595244
v 4.46960703 -3.18452008 -2.82717478
v 5.14717177 -3.15779634 -2.86595244
v 4.49866764 -3.31290215 -2.35365406
v 4.49866764 -3.31290215 -2.35365406
v 5.14717177 -3.15779634 -2.86595244
v 5.85139953 -3.28547321 -2.43938360
v 4.49866764 -3.31290215 -2.35365406
v 5.85139953 -3.28547321 -2.43938360
v 4.71426100 -3.37448232 -2.06332486
v 4.71426100 -3.37448232 -2.06332486
v 5.85139953 -3.28547321 -2.43938360
v 6.89352155 -3.37446816 -2.06268337
v 2.77303588 -2.55910829 -3.84763516
v 3.05660293 -2.54419856 -3.90136540
v 3.00739575 -2.57016458 -3.86748202
v 3.00739575 -2.57016458 -3.86748202
v 3.05660293 -2.54419856 -3.90136540
v 3.68472375 -2.55635884 -3.93247679
v 3.00739575 -2.57016458 -3.86748202
v 3.68472375 -2.55635884 -3.93247679
v 3.02751474 -2.70155333 -3.70659567
v 3.02751474 -2.70155333 -3.70659567
v 3.68472375 -2.55635884 -3.93247679
v 3.70635465 -2.69785281 -3.78623009
v 3.02751474 -2.70155333 -3.70659567
v 3.70635465 -2.69785281 -3.78623009
v 3.04603800 -2.82130186 -3.52641717
v 3.04603800 -2.82130186 -3.52641717
v 3.70635465 -2.69785281 -3.78623009
v 3.72579433 -2.82451175 -3.61453928
v 3.04603800 -2.82130186 -3.52641717
v 3.72579433 -2.82451175 -3.61453928
v 3.74352261 -2.93710940 -3.42233405
v 3.74352261 -2.93710940 -3.42233405
v 3.72579433 -2.82451175 -3.61453928
v 4.40575965 -2.78502107 -3.67057510
v 3.74352261 -2.93710940 -3.42233405
v 4.40575965 -2.78502107 -3.67057510
v 4.42360863 -2.90646460 -3.48334387
v 4.42360863 -2.90646460 -3.48334387
v 4.40575965 -2.78502107 -3.67057510
v 5.08233793 -2.71270871 -3.68129387
v 4.42360863 -2.90646460 -3.48334387
v 5.08233793 -2.71270871 -3.68129387
v 5.10085262 -2.84715593 -3.50176021
v 5.10085262 -2.84715593 -3.50176021
v 5.08233793 -2.71270871 -3.68129387
v 5.75540587 -2.64618639 -3.66599970
v 5.10085262 -2.84715593 -3.50176021
v 5.75540587 -2.64618639 -3.66599970
v 5.11751659 -2.96546817 -3.30310836
v 5.11751659 -2.96546817 -3.30310836
v 5.75540587 -2.64618639 -3.66599970
v 5.79264350 -2.91943792 -3.30375209
v 5.11751659 -2.96546817 -3.30310836
v 5.79264350 -2.91943792 -3.30375209
v 5.14717177 -3.15779634 -2.86595244
v 5.14717177 -3.15779634 -2.86595244
v 5.79264350 -2.91943792 -3.30375209
v 5.82351461 -3.13074365 -2.88646203
v 5.14717177 -3.15779634 -2.86595244
v 5.82351461 -3.13074365 -2.88646203
v 5.85139953 -3.28547321 -2.43938360
v 5.85139953 -3.28547321 -2.43938360
v 5.82351461 -3.13074365 -2.88646203
v 6.89372420 -3.19285057 -2.67962217
v 5.85139953 -3.28547321 -2.43938360
v 6.89372420 -3.19285057 -2.67962217
v 6.89366385 -3.26474644 -2.48483401
v 4.49238531 -3.37477438 -0.02751369
v 4.16040868 -3.37627307 -0.01660996
v 4.19339649 -3.44846211 -0.52591078
v 4.19339649 -3.44846211 -0.52591078
v 4.16040868 -3.37627307 -0.01660996
v 3.77902091 -3.37861255 0.02414915
v 4.71385978 -3.45800929 -0.66638319
v 4.71367612 -3.37446555 -0.02844976
v 4.69681546 -3.37446108 -0.02845361
v 2.38170773 -3.45298536 -1.21542336
v 2.95281596 -3.45317759 -1.37270065
v 2.52272077 -3.47754396 -0.72420398
v 2.52272077 -3.47754396 -0.72420398
v 2.95281596 -3.45317759 -1.37270065
v 3.05958595 -3.47771607 -0.87058954
v 3.37778479 -3.38023044 0.10256200
v 2.80349795 -3.38015184 0.25374768
v 3.16620730 -3.45340706 -0.36901049
v 3.16620730 -3.45340706 -0.36901049
v 2.80349795 -3.38015184 0.25374768
v 2.66376119 -3.45319547 -0.23298804
v 3.16620730 -3.45340706 -0.36901049
v 2.66376119 -3.45319547 -0.23298804
v 3.05958595 -3.47771607 -0.87058954
v 3.05958595 -3.47771607 -0.87058954
v 2.66376119 -3.45319547 -0.23298804
v 2.52272077 -3.47754396 -0.72420398
v 3.46059389 -3.37800831 -2.00358424
v 2.95281596 -3.45317759 -1.37270065
v 2.84679811 -3.38009596 -1.87108200
v 2.84679811 -3.38009596 -1.87108200
v 2.95281596 -3.45317759 -1.37270065
v 2.38170773 -3.45298536 -1.21542336
v 2.84679811 -3.38009596 -1.87108200
v 2.38170773 -3.45298536 -1.21542336
v 2.24196911 -3.37980650 -1.70211922
v 3.37778479 -3.38023044 0.10256200
v 3.16620730 -3.45340706 -0.36901049
v 3.67570706 -3.45145054 -0.47475547
v 3.67570706 -3.45145054 -0.47475547
v 3.16620730 -3.45340706 -0.36901049
v 3.05958595 -3.47771607 -0.87058954
v 3.67570706 -3.45145054 -0.47475547
v 3.05958595 -3.47771607 -0.87058954
v 3.60404663 -3.47557031 -0.98420102
v 3.60404663 -3.47557031 -0.98420102
v 3.05958595 -3.47771607 -0.87058954
v 2.95281596 -3.45317759 -1.37270065
v 3.60404663 -3.47557031 -0.98420102
v 2.95281596 -3.45317759 -1.37270065
v 3.53214890 -3.45099419 -1.49522396
v 3.53214890 -3.45099419 -1.49522396
v 2.95281596 -3.45317759 -1.37270065
v 3.46059389 -3.37800831 -2.00358424
v 3.53214890 -3.45099419 -1.49522396
v 3.46059389 -3.37800831 -2.00358424
v 4.08631787 -3.37532908 -2.05588471
v 4.08631787 -3.37532908 -2.05588471
v 4.12185304 -3.44814882 -1.54798208
v 3.53214890 -3.45099419 -1.49522396
v 3.53214890 -3.45099419 -1.49522396
v 4.12185304 -3.44814882 -1.54798208
v 4.15763743 -3.47260721 -1.03652887
v 3.53214890 -3.45099419 -1.49522396
v 4.15763743 -3.47260721 -1.03652887
v 3.60404663 -3.47557031 -0.98420102
v 3.60404663 -3.47557031 -0.98420102
v 4.15763743 -3.47260721 -1.03652887
v 4.19339649 -3.44846211 -0.52591078
v 3.60404663 -3.47557031 -0.98420102
v 4.19339649 -3.44846211 -0.52591078
v 3.67570706 -3.45145054 -0.47475547
v 3.67570706 -3.45145054 -0.47475547
v 4.19339649 -3.44846211 -0.52591078
v 3.77902091 -3.37861255 0.02414915
v 3.67570706 -3.45145054 -0.47475547
v 3.77902091 -3.37861255 0.02414915
v 3.37778479 -3.38023044 0.10256200
v 4.69681546 -3.37446108 -0.02845361
v 4.49238531 -3.37477438 -0.02751369
v 4.71385978 -3.45800929 -0.66638319
v 4.71385978 -3.45800929 -0.66638319
v 4.49238531 -3.37477438 -0.02751369
v 4.19339649 -3.44846211 -0.52591078
v 4.71385978 -3.45800929 -0.66638319
v 4.19339649 -3.44846211 -0.52591078
v 4.71396931 -3.47138979 -1.04588754
v 4.71396931 -3.47138979 -1.04588754
v 4.19339649 -3.44846211 -0.52591078
v 4.15763743 -3.47260721 -1.03652887
v 4.71396931 -3.47138979 -1.04588754
v 4.15763743 -3.47260721 -1.03652887
v 4.71407846 -3.45801041 -1.42538790
v 4.71407846 -3.45801041 -1.42538790
v 4.15763743 -3.47260721 -1.03652887
v 4.12185304 -3.44814882 -1.54798208
v 4.71407846 -3.45801041 -1.42538790
v 4.12185304 -3.44814882 -1.54798208
v 4.71426100 -3.37448232 -2.06332486
v 4.71426100 -3.37448232 -2.06332486
v 4.12185304 -3.44814882 -1.54798208
v 4.08631787 -3.37532908 -2.05588471
v 3.34559940 -2.57099420 2.14196779
v 3.34560685 -2.27101222 2.14198232
v 0.82290871 -2.57101040 2.86626015
v 0.82290871 -2.57101040 2.86626015
v 3.34560685 -2.27101222 2.14198232
v 0.82290750 -2.27101874 2.86625996
v -0.82290815 -2.27101874 -2.86625978
v 1.69979520 -2.27102116 -3.59053984
v -0.82290694 -2.57102381 -2.86625940
v -0.82290694 -2.57102381 -2.86625940
v 1.69979520 -2.27102116 -3.59053984
v 1.69976708 -2.57106125 -3.59053724
v -0.82290815 -2.27101874 -2.86625978
v -0.82290694 -2.57102381 -2.86625940
v -1.44007839 -2.27101855 -2.61128265
v -1.44007839 -2.27101855 -2.61128265
v -0.82290694 -2.57102381 -2.86625940
v -1.18200956 -2.57102326 -2.73778606
v -1.18200956 -2.57102326 -2.73778606
v -1.44007849 -2.57102363 -2.61128172
v -1.44007839 -2.27101855 -2.61128265
v -1.44007839 -2.27101855 -2.61128265
v -1.44007849 -2.57102363 -2.61128172
v -1.85314715 -2.57102288 -2.33633555
v -1.44007839 -2.27101855 -2.61128265
v -1.85314715 -2.57102288 -2.33633555
v -1.98503714 -2.27101836 -2.22536456
v -1.85314715 -2.57102288 -2.33633555
v -1.98503751 -2.57102344 -2.22536400
v -1.98503714 -2.27101836 -2.22536456
v -1.98503714 -2.27101836 -2.22536456
v -1.98503751 -2.57102344 -2.22536400
v -2.14578826 -2.57102307 -2.07079928
v -1.98503714 -2.27101836 -2.22536456
v -2.14578826 -2.57102307 -2.07079928
v -2.43045837 -2.27101818 -1.72785763
v -2.14578826 -2.57102307 -2.07079928
v -2.43045855 -2.57102251 -1.72785688
v -2.43045837 -2.27101818 -1.72785763
v -2.43045837 -2.27101818 -1.72785763
v -2.43045855 -2.57102251 -1.72785688
v -2.60863490 -2.57102214 -1.44486744
v -2.43045837 -2.27101818 -1.72785763
v -2.60863490 -2.57102214 -1.44486744
v -2.75400709 -2.27101818 -1.14370836
v -2.75400709 -2.27101818 -1.14370836
v -2.60863490 -2.57102214 -1.44486744
v -2.75400598 -2.57102177 -1.14370808
v -2.75400709 -2.27101818 -1.14370836
v -2.75400598 -2.57102177 -1.14370808
v -2.93945763 -2.27101836 -0.50220899
v -2.93945763 -2.27101836 -0.50220899
v -2.75400598 -2.57102177 -1.14370808
v -2.89370790 -2.57102065 -0.72046998
v -2.89370790 -2.57102065 -0.72046998
v -2.93945633 -2.57102046 -0.50220867
v -2.93945763 -2.27101836 -0.50220899
v -2.93945763 -2.27101836 -0.50220899
v -2.93945633 -2.57102046 -0.50220867
v -2.96356305 -2.57102046 -0.33153733
v -2.93945763 -2.27101836 -0.50220899
v -2.96356305 -2.57102046 -0.33153733
v -2.97751129 -2.27101874 0.16447310
v -2.96356305 -2.57102046 -0.33153733
v -2.97750998 -2.57101934 0.16447342
v -2.97751129 -2.27101874 0.16447310
v -2.97751129 -2.27101874 0.16447310
v -2.97750998 -2.57101934 0.16447342
v -2.94784866 -2.57101860 0.45034587
v -2.97751129 -2.27101874 0.16447310
v -2.94784866 -2.57101860 0.45034587
v -2.86625940 -2.27101855 0.82290769
v -2.86625940 -2.27101855 0.82290769
v -2.94784866 -2.57101860 0.45034587
v -2.86625959 -2.57101767 0.82290843
v -2.86625940 -2.27101855 0.82290769
v -2.86625959 -2.57101767 0.82290843
v -2.61128210 -2.27101855 1.44007849
v -2.61128210 -2.27101855 1.44007849
v -2.86625959 -2.57101767 0.82290843
v -2.73778569 -2.57101692 1.18201021
v -2.73778569 -2.57101692 1.18201021
v -2.61128228 -2.57101618 1.44007923
v -2.61128210 -2.27101855 1.44007849
v -2.61128210 -2.27101855 1.44007849
v -2.61128228 -2.57101618 1.44007923
v -2.33633611 -2.57101487 1.85314827
v -2.61128210 -2.27101855 1.44007849
v -2.33633611 -2.57101487 1.85314827
v -2.22536493 -2.27101874 1.98503789
v -2.33633611 -2.57101487 1.85314827
v -2.22536363 -2.57101487 1.98503826
v -2.22536493 -2.27101874 1.98503789
v -2.22536493 -2.27101874 1.98503789
v -2.22536363 -2.57101487 1.98503826
v -2.07080022 -2.57101431 2.14578975
v -2.22536493 -2.27101874 1.98503789
v -2.07080022 -2.57101431 2.14578975
v -1.72785725 -2.27101855 2.43045893
v -2.07080022 -2.57101431 2.14578975
v -1.72785744 -2.57101320 2.43045967
v -1.72785725 -2.27101855 2.43045893
v -1.72785725 -2.27101855 2.43045893
v -1.72785744 -2.57101320 2.43045967
v -1.44486828 -2.57101264 2.60863621
v -1.72785725 -2.27101855 2.43045893
v -1.44486828 -2.57101264 2.60863621
v -1.14370789 -2.27101836 2.75400635
v -1.14370789 -2.27101836 2.75400635
v -1.44486828 -2.57101264 2.60863621
v -1.14370808 -2.57101227 2.75400728
v -1.14370789 -2.27101836 2.75400635
v -1.14370808 -2.57101227 2.75400728
v -0.50220867 -2.27101836 2.93945689
v -0.50220867 -2.27101836 2.93945689
v -1.14370808 -2.57101227 2.75400728
v -0.72047031 -2.57101133 2.89370827
v -0.72047031 -2.57101133 2.89370827
v -0.50220890 -2.57101152 2.93945763
v -0.50220867 -2.27101836 2.93945689
v -0.50220867 -2.27101836 2.93945689
v -0.50220890 -2.57101152 2.93945763
v -0.33153789 -2.57101115 2.96356343
v -0.50220867 -2.27101836 2.93945689
v -0.33153789 -2.57101115 2.96356343
v 0.16447341 -2.27101855 2.97751073
v 0.82290871 -2.57101040 2.86626015
v 0.82290750 -2.27101874 2.86625996
v 0.45034532 -2.57101059 2.94784922
v 0.45034532 -2.57101059 2.94784922
v 0.82290750 -2.27101874 2.86625996
v 0.16447341 -2.27101855 2.97751073
v 0.45034532 -2.57101059 2.94784922
v 0.16447341 -2.27101855 2.97751073
v 0.16447320 -2.57101096 2.97751147
v 0.16447320 -2.57101096 2.97751147
v 0.16447341 -2.27101855 2.97751073
v -0.33153789 -2.57101115 2.96356343
v 5.10759205 -0.74925032 -4.53305133
v 5.07732555 -0.78643532 -4.50198576
v 5.11509515 -0.72755199 -4.54060957
v 5.11509515 -0.72755199 -4.54060957
v 5.07732555 -0.78643532 -4.50198576
v 4.71485741 -0.47226604 -4.14241478
v 5.11509515 -0.72755199 -4.54060957
v 4.71485741 -0.47226604 -4.14241478
v 5.11749610 -0.70575313 -4.54302430
v 5.07732555 -0.78643532 -4.50198576
v 5.00771515 -0.85941963 -4.42680568
v 4.71485741 -0.47226604 -4.14241478
v 4.71485741 -0.47226604 -4.14241478
v 5.00771515 -0.85941963 -4.42680568
v 4.99044880 -0.88590123 -4.40688208
v 4.71485741 -0.47226604 -4.14241478
v 4.99044880 -0.88590123 -4.40688208
v 4.71485555 -0.77240821 -4.13306542
v 4.71485555 -0.77240821 -4.13306542
v 4.99044880 -0.88590123 -4.40688208
v 4.94253412 -0.99424077 -4.34634201
v 4.91505824 -1.17621589 -4.29372229
v 4.71519604 -1.17596667 -4.09385525
v 4.91616502 -1.14004035 -4.30013463
v 4.91616502 -1.14004035 -4.30013463
v 4.71519604 -1.17596667 -4.09385525
v 4.71484624 -1.13374498 -4.09982130
v 4.91616502 -1.14004035 -4.30013463
v 4.71484624 -1.13374498 -4.09982130
v 4.92660813 -1.05730835 -4.32216823
v 4.92660813 -1.05730835 -4.32216823
v 4.71484624 -1.13374498 -4.09982130
v 4.71485555 -0.77240821 -4.13306542
v 4.92660813 -1.05730835 -4.32216823
v 4.71485555 -0.77240821 -4.13306542
v 4.93593514 -1.01698134 -4.33683246
v 4.93593514 -1.01698134 -4.33683246
v 4.71485555 -0.77240821 -4.13306542
v 4.94253412 -0.99424077 -4.34634201
v 4.71485741 -0.47226604 -4.14241478
v 4.71485816 -0.17202591 -4.14375253
v 5.08523360 -0.17200575 -4.51104492
v 5.11749610 -0.70575313 -4.54302430
v 4.71485741 -0.47226604 -4.14241478
v 5.11750802 -0.43888972 -4.54301536
v 5.11750802 -0.43888972 -4.54301536
v 4.71485741 -0.47226604 -4.14241478
v 5.08523360 -0.17200575 -4.51104492
v 5.11750802 -0.43888972 -4.54301536
v 5.08523360 -0.17200575 -4.51104492
v 5.11749387 -0.17202629 -4.54301573
v 6.69169575 -0.44112103 -4.54256274
v 6.69170171 -0.17202507 -4.54256348
v 7.09411874 -0.17201647 -4.14306857
v 6.69958666 -0.75392472 -4.53252867
v 6.89754710 -0.65766862 -4.31364924
v 6.70546815 -0.76707876 -4.52488400
v 6.70546815 -0.76707876 -4.52488400
v 6.89754710 -0.65766862 -4.31364924
v 6.72108009 -0.78889029 -4.50454801
v 6.69958666 -0.75392472 -4.53252867
v 6.69486225 -0.73803263 -4.53862138
v 6.89754710 -0.65766862 -4.31364924
v 6.89754710 -0.65766862 -4.31364924
v 6.69486225 -0.73803263 -4.53862138
v 6.69170767 -0.71021663 -4.54257131
v 6.89754710 -0.65766862 -4.31364924
v 6.69170767 -0.71021663 -4.54257131
v 6.69169575 -0.44112103 -4.54256274
v 6.89429045 -1.17621338 -4.29312289
v 6.87979907 -1.06682619 -4.31957208
v 7.09408000 -1.08710453 -4.00484391
v 7.09408000 -1.08710453 -4.00484391
v 6.87979907 -1.06682619 -4.31957208
v 6.87234178 -1.04078343 -4.32882421
v 7.09408000 -1.08710453 -4.00484391
v 6.87234178 -1.04078343 -4.32882421
v 6.90814331 -0.91669103 -4.28333730
v 6.90814331 -0.91669103 -4.28333730
v 6.87234178 -1.04078343 -4.32882421
v 6.82128146 -0.92435684 -4.38626632
v 6.90814331 -0.91669103 -4.28333730
v 6.82128146 -0.92435684 -4.38626632
v 6.89754710 -0.65766862 -4.31364924
v 6.89754710 -0.65766862 -4.31364924
v 6.82128146 -0.92435684 -4.38626632
v 6.79688603 -0.88438895 -4.41344976
v 6.89754710 -0.65766862 -4.31364924
v 6.79688603 -0.88438895 -4.41344976
v 6.72108009 -0.78889029 -4.50454801
v 6.69169575 -0.44112103 -4.54256274
v 7.09411874 -0.17201647 -4.14306857
v 6.89754710 -0.65766862 -4.31364924
v 6.89754710 -0.65766862 -4.31364924
v 7.09411874 -0.17201647 -4.14306857
v 7.09411576 -0.47279601 -4.12843376
v 6.89754710 -0.65766862 -4.31364924
v 7.09411576 -0.47279601 -4.12843376
v 6.90814331 -0.91669103 -4.28333730
v 6.90814331 -0.91669103 -4.28333730
v 7.09411576 -0.47279601 -4.12843376
v 7.09410235 -0.76796939 -4.08520289
v 6.90814331 -0.91669103 -4.28333730
v 7.09410235 -0.76796939 -4.08520289
v 7.09408000 -1.08710453 -4.00484391
v 6.69170767 -0.71021663 -4.54257131
v 5.11749610 -0.70575313 -4.54302430
v 6.69169575 -0.44112103 -4.54256274
v 6.69169575 -0.44112103 -4.54256274
v 5.11749610 -0.70575313 -4.54302430
v 5.11750802 -0.43888972 -4.54301536
v 6.69169575 -0.44112103 -4.54256274
v 5.11750802 -0.43888972 -4.54301536
v 6.69170171 -0.17202507 -4.54256348
v 6.69170171 -0.17202507 -4.54256348
v 5.11750802 -0.43888972 -4.54301536
v 5.11749387 -0.17202629 -4.54301573
v 6.69170171 -0.17202507 -4.54256348
v 5.11749387 -0.17202629 -4.54301573
v 6.69170693 0.35687003 -4.54256907
v 6.69170693 0.35687003 -4.54256907
v 5.11749387 -0.17202629 -4.54301573
v 5.11749983 0.34799145 -4.54302765
v 6.70546815 -0.76707876 -4.52488400
v 6.72108009 -0.78889029 -4.50454801
v 5.07732555 -0.78643532 -4.50198576
v 6.70546815 -0.76707876 -4.52488400
v 5.07732555 -0.78643532 -4.50198576
v 6.69958666 -0.75392472 -4.53252867
v 5.11509515 -0.72755199 -4.54060957
v 5.11749610 -0.70575313 -4.54302430
v 6.69170767 -0.71021663 -4.54257131
v 5.07732555 -0.78643532 -4.50198576
v 5.10759205 -0.74925032 -4.53305133
v 6.69958666 -0.75392472 -4.53252867
v 6.69958666 -0.75392472 -4.53252867
v 5.10759205 -0.74925032 -4.53305133
v 5.11509515 -0.72755199 -4.54060957
v 6.69958666 -0.75392472 -4.53252867
v 5.11509515 -0.72755199 -4.54060957
v 6.69486225 -0.73803263 -4.53862138
v 6.69486225 -0.73803263 -4.53862138
v 5.11509515 -0.72755199 -4.54060957
v 6.69170767 -0.71021663 -4.54257131
v 6.79688603 -0.88438895 -4.41344976
v 4.99044880 -0.88590123 -4.40688208
v 6.72108009 -0.78889029 -4.50454801
v 6.72108009 -0.78889029 -4.50454801
v 4.99044880 -0.88590123 -4.40688208
v 5.00771515 -0.85941963 -4.42680568
v 6.72108009 -0.78889029 -4.50454801
v 5.00771515 -0.85941963 -4.42680568
v 5.07732555 -0.78643532 -4.50198576
v 6.87979907 -1.06682619 -4.31957208
v 4.94253412 -0.99424077 -4.34634201
v 6.87234178 -1.04078343 -4.32882421
v 6.87234178 -1.04078343 -4.32882421
v 4.94253412 -0.99424077 -4.34634201
v 4.99044880 -0.88590123 -4.40688208
v 6.87234178 -1.04078343 -4.32882421
v 4.99044880 -0.88590123 -4.40688208
v 6.82128146 -0.92435684 -4.38626632
v 6.82128146 -0.92435684 -4.38626632
v 4.99044880 -0.88590123 -4.40688208
v 6.79688603 -0.88438895 -4.41344976
v 6.89429045 -1.17621338 -4.29312289
v 6.15207516 -1.17620043 -4.29334380
v 6.87979907 -1.06682619 -4.31957208
v 6.87979907 -1.06682619 -4.31957208
v 6.15207516 -1.17620043 -4.29334380
v 5.91708906 -1.17620751 -4.29340489
v 4.91505824 -1.17621589 -4.29372229
v 4.91616502 -1.14004035 -4.30013463
v 5.91708906 -1.17620751 -4.29340489
v 5.91708906 -1.17620751 -4.29340489
v 4.91616502 -1.14004035 -4.30013463
v 4.92660813 -1.05730835 -4.32216823
v 5.91708906 -1.17620751 -4.29340489
v 4.92660813 -1.05730835 -4.32216823
v 6.87979907 -1.06682619 -4.31957208
v 6.87979907 -1.06682619 -4.31957208
v 4.92660813 -1.05730835 -4.32216823
v 4.93593514 -1.01698134 -4.33683246
v 6.87979907 -1.06682619 -4.31957208
v 4.93593514 -1.01698134 -4.33683246
v 4.94253412 -0.99424077 -4.34634201
v -1.31763974 -2.04759873 -2.12457683
v -0.89619430 -2.04759855 -2.33384576
v -0.89619458 -2.27101836 -2.33384557
v -0.89619458 -2.27101836 -2.33384557
v -0.89619430 -2.04759855 -2.33384576
v -0.74788276 -2.27101855 -2.38551274
v -0.89619430 -2.04759855 -2.33384576
v -0.74788244 -2.04759873 -2.38551293
v -0.74788276 -2.27101855 -2.38551274
v -0.74788276 -2.27101855 -2.38551274
v -0.74788244 -2.04759873 -2.38551293
v -0.13113270 -2.04759818 -2.49655880
v -0.74788276 -2.27101855 -2.38551274
v -0.13113270 -2.04759818 -2.49655880
v -0.13113300 -2.27101874 -2.49655861
v -0.13113300 -2.27101874 -2.49655861
v -0.13113270 -2.04759818 -2.49655880
v 0.49385498 -2.04759836 -2.45073587
v -0.13113300 -2.27101874 -2.49655861
v 0.49385498 -2.04759836 -2.45073587
v 0.49385466 -2.27101892 -2.45073587
v 0.49385466 -2.27101892 -2.45073587
v 0.49385498 -2.04759836 -2.45073587
v 1.08781252 -2.04759818 -2.25092452
v 0.49385466 -2.27101892 -2.45073587
v 1.08781252 -2.04759818 -2.25092452
v 1.08781364 -2.27101874 -2.25092508
v 1.08781364 -2.27101874 -2.25092508
v 1.08781252 -2.04759818 -2.25092452
v 1.61342025 -2.04759873 -1.90967973
v 1.08781364 -2.27101874 -2.25092508
v 1.61342025 -2.04759873 -1.90967973
v 1.61341988 -2.27101855 -1.90967973
v 1.61341988 -2.27101855 -1.90967973
v 1.61342025 -2.04759873 -1.90967973
v 2.03764942 -2.04759836 -1.44844241
v 1.61341988 -2.27101855 -1.90967973
v 2.03764942 -2.04759836 -1.44844241
v 2.03764904 -2.27101818 -1.44844232
v 2.03764904 -2.27101818 -1.44844232
v 2.03764942 -2.04759836 -1.44844241
v 2.33384632 -2.04759855 -0.89619430
v 2.03764904 -2.27101818 -1.44844232
v 2.33384632 -2.04759855 -0.89619430
v 2.33384594 -2.27101836 -0.89619420
v 2.33384594 -2.27101836 -0.89619420
v 2.33384632 -2.04759855 -0.89619430
v 2.48339828 -2.04759836 -0.28763476
v 2.33384594 -2.27101836 -0.89619420
v 2.48339828 -2.04759836 -0.28763476
v 2.48339791 -2.27101818 -0.28763465
v 2.48339791 -2.27101818 -0.28763465
v 2.48339828 -2.04759836 -0.28763476
v 2.47690994 -2.04759873 0.33899767
v 2.48339791 -2.27101818 -0.28763465
v 2.47690994 -2.04759873 0.33899767
v 2.47690957 -2.27101855 0.33899779
v 2.47690957 -2.27101855 0.33899779
v 2.47690994 -2.04759873 0.33899767
v 2.31478699 -2.04759818 0.94433017
v 2.47690957 -2.27101855 0.33899779
v 2.31478699 -2.04759818 0.94433017
v 2.31478792 -2.27101874 0.94432980
v 2.31478792 -2.27101874 0.94432980
v 2.31478699 -2.04759818 0.94433017
v 2.00721864 -2.04759836 1.49032651
v 2.31478792 -2.27101874 0.94432980
v 2.00721864 -2.04759836 1.49032651
v 2.00721826 -2.27101892 1.49032660
v 2.00721826 -2.27101892 1.49032660
v 2.00721864 -2.04759836 1.49032651
v 1.57352872 -2.04759818 1.94268022
v 2.00721826 -2.27101892 1.49032660
v 1.57352872 -2.04759818 1.94268022
v 1.57352965 -2.27101874 1.94267984
v 1.57352965 -2.27101874 1.94267984
v 1.57352872 -2.04759818 1.94268022
v 1.04096914 -2.04759873 2.27296799
v 1.57352965 -2.27101874 1.94267984
v 1.04096914 -2.04759873 2.27296799
v 1.04096886 -2.27101855 2.27296818
v 1.04096886 -2.27101855 2.27296818
v 1.04096914 -2.04759873 2.27296799
v 0.44300063 -2.04759873 2.46043708
v 1.04096886 -2.27101855 2.27296818
v 0.44300063 -2.04759873 2.46043708
v 0.44300030 -2.27101855 2.46043727
v 0.44300030 -2.27101855 2.46043727
v 0.44300063 -2.04759873 2.46043708
v -0.18280227 -2.04759855 2.49330774
v 0.44300030 -2.27101855 2.46043727
v -0.18280227 -2.04759855 2.49330774
v -0.18280257 -2.27101836 2.49330774
v -0.18280257 -2.27101836 2.49330774
v -0.18280227 -2.04759855 2.49330774
v -0.79711983 -2.04759855 2.36951467
v -0.18280257 -2.27101836 2.49330774
v -0.79711983 -2.04759855 2.36951467
v -0.79712011 -2.27101836 2.36951485
v -0.79712011 -2.27101836 2.36951485
v -0.79711983 -2.04759855 2.36951467
v -1.36135081 -2.04759855 2.09683627
v -0.79712011 -2.27101836 2.36951485
v -1.36135081 -2.04759855 2.09683627
v -1.36135109 -2.27101836 2.09683646
v -1.36135109 -2.27101836 2.09683646
v -1.36135081 -2.04759855 2.09683627
v -1.84004381 -2.04759818 1.69240609
v -1.36135109 -2.27101836 2.09683646
v -1.84004381 -2.04759818 1.69240609
v -1.84004400 -2.27101874 1.69240627
v -1.84004400 -2.27101874 1.69240627
v -1.84004381 -2.04759818 1.69240609
v -2.20311936 -2.04759873 1.18163563
v -1.84004400 -2.27101874 1.69240627
v -2.20311936 -2.04759873 1.18163563
v -2.20311973 -2.27101855 1.18163582
v -2.20311973 -2.27101855 1.18163582
v -2.20311936 -2.04759873 1.18163563
v -2.42776535 -2.04759873 0.59661879
v -2.20311973 -2.27101855 1.18163582
v -2.42776535 -2.04759873 0.59661879
v -2.42776554 -2.27101855 0.59661893
v -2.42776554 -2.27101855 0.59661893
v -2.42776535 -2.04759873 0.59661879
v -2.49986593 -2.04759818 -0.02588574
v -2.42776554 -2.27101855 0.59661893
v -2.49986593 -2.04759818 -0.02588574
v -2.49986630 -2.27101874 -0.02588563
v -2.49986630 -2.27101874 -0.02588563
v -2.49986593 -2.04759818 -0.02588574
v -2.41489019 -2.04759855 -0.64676399
v -2.49986630 -2.27101874 -0.02588563
v -2.41489019 -2.04759855 -0.64676399
v -2.41489056 -2.27101836 -0.64676385
v -2.41489056 -2.27101836 -0.64676385
v -2.41489019 -2.04759855 -0.64676399
v -2.17817873 -2.04759855 -1.22700334
v -2.41489056 -2.27101836 -0.64676385
v -2.17817873 -2.04759855 -1.22700334
v -2.17817910 -2.27101836 -1.22700324
v -2.17817910 -2.27101836 -1.22700324
v -2.17817873 -2.04759855 -1.22700334
v -1.80460382 -2.04759855 -1.73014589
v -2.17817910 -2.27101836 -1.22700324
v -1.80460382 -2.04759855 -1.73014589
v -1.80460420 -2.27101836 -1.73014589
v -1.80460420 -2.27101836 -1.73014589
v -1.80460382 -2.04759855 -1.73014589
v -1.31763974 -2.04759873 -2.12457683
v -1.80460420 -2.27101836 -1.73014589
v -1.31763974 -2.04759873 -2.12457683
v -1.31763862 -2.27101855 -2.12457720
v -1.31763862 -2.27101855 -2.12457720
v -1.31763974 -2.04759873 -2.12457683
v -0.89619458 -2.27101836 -2.33384557
v -0.89619430 -2.04759855 -2.33384576
v -1.31763974 -2.04759873 -2.12457683
v -0.00000003 -2.04759855 0.00000001
v -0.89619430 -2.04759855 -2.33384576
v -0.00000003 -2.04759855 0.00000001
v -0.74788244 -2.04759873 -2.38551293
v 1.08781252 -2.04759818 -2.25092452
v 0.49385498 -2.04759836 -2.45073587
v -0.00000003 -2.04759855 0.00000001
v -0.00000003 -2.04759855 0.00000001
v 0.49385498 -2.04759836 -2.45073587
v -0.13113270 -2.04759818 -2.49655880
v -0.00000003 -2.04759855 0.00000001
v -0.13113270 -2.04759818 -2.49655880
v -0.74788244 -2.04759873 -2.38551293
v 2.33384632 -2.04759855 -0.89619430
v 2.03764942 -2.04759836 -1.44844241
v -0.00000003 -2.04759855 0.00000001
v -0.00000003 -2.04759855 0.00000001
v 2.03764942 -2.04759836 -1.44844241
v 1.61342025 -2.04759873 -1.90967973
v -0.00000003 -2.04759855 0.00000001
v 1.61342025 -2.04759873 -1.90967973
v 1.08781252 -2.04759818 -2.25092452
v 2.31478699 -2.04759818 0.94433017
v 2.47690994 -2.04759873 0.33899767
v -0.00000003 -2.04759855 0.00000001
v -0.00000003 -2.04759855 0.00000001
v 2.47690994 -2.04759873 0.33899767
v 2.48339828 -2.04759836 -0.28763476
v -0.00000003 -2.04759855 0.00000001
v 2.48339828 -2.04759836 -0.28763476
v 2.33384632 -2.04759855 -0.89619430
v 1.04096914 -2.04759873 2.27296799
v 1.57352872 -2.04759818 1.94268022
v -0.00000003 -2.04759855 0.00000001
v -0.00000003 -2.04759855 0.00000001
v 1.57352872 -2.04759818 1.94268022
v 2.00721864 -2.04759836 1.49032651
v -0.00000003 -2.04759855 0.00000001
v 2.00721864 -2.04759836 1.49032651
v 2.31478699 -2.04759818 0.94433017
v -0.79711983 -2.04759855 2.36951467
v -0.18280227 -2.04759855 2.49330774
v -0.00000003 -2.04759855 0.00000001
v -0.00000003 -2.04759855 0.00000001
v -0.18280227 -2.04759855 2.49330774
v 0.44300063 -2.04759873 2.46043708
v -0.00000003 -2.04759855 0.00000001
v 0.44300063 -2.04759873 2.46043708
v 1.04096914 -2.04759873 2.27296799
v -2.20311936 -2.04759873 1.18163563
v -1.84004381 -2.04759818 1.69240609
v -0.00000003 -2.04759855 0.00000001
v -0.00000003 -2.04759855 0.00000001
v -1.84004381 -2.04759818 1.69240609
v -1.36135081 -2.04759855 2.09683627
v -0.00000003 -2.04759855 0.00000001
v -1.36135081 -2.04759855 2.09683627
v -0.79711983 -2.04759855 2.36951467
v -2.41489019 -2.04759855 -0.64676399
v -2.49986593 -2.04759818 -0.02588574
v -0.00000003 -2.04759855 0.00000001
v -0.00000003 -2.04759855 0.00000001
v -2.49986593 -2.04759818 -0.02588574
v -2.42776535 -2.04759873 0.59661879
v -0.00000003 -2.04759855 0.00000001
v -2.42776535 -2.04759873 0.59661879
v -2.20311936 -2.04759873 1.18163563
v -1.31763974 -2.04759873 -2.12457683
v -1.80460382 -2.04759855 -1.73014589
v -0.00000003 -2.04759855 0.00000001
v -0.00000003 -2.04759855 0.00000001
v -1.80460382 -2.04759855 -1.73014589
v -2.17817873 -2.04759855 -1.22700334
v -0.00000003 -2.04759855 0.00000001
v -2.17817873 -2.04759855 -1.22700334
v -2.41489019 -2.04759855 -0.64676399
v 5.11719808 0.35611482 -4.54268642
v 5.11749983 0.34799145 -4.54302765
v 4.71485294 0.14952401 -4.12702374
v 4.71485816 -0.17202591 -4.14375253
v 4.71485294 0.14952401 -4.12702374
v 5.08523360 -0.17200575 -4.51104492
v 5.08523360 -0.17200575 -4.51104492
v 4.71485294 0.14952401 -4.12702374
v 5.11749983 0.34799145 -4.54302765
v 5.08523360 -0.17200575 -4.51104492
v 5.11749983 0.34799145 -4.54302765
v 5.11749387 -0.17202629 -4.54301573
v 4.99013476 0.51834811 -4.37175818
v 4.91067842 0.33422206 -4.31010574
v 4.94702607 0.61151697 -4.29455079
v 4.94702607 0.61151697 -4.29455079
v 4.91067842 0.33422206 -4.31010574
v 4.91608903 0.60304869 -4.26159389
v 4.94702607 0.61151697 -4.29455079
v 4.91608903 0.60304869 -4.26159389
v 4.92357500 0.71871043 -4.23394851
v 4.99013476 0.51834811 -4.37175818
v 5.00583239 0.49650781 -4.39589098
v 4.91067842 0.33422206 -4.31010574
v 4.91067842 0.33422206 -4.31010574
v 5.00583239 0.49650781 -4.39589098
v 5.07190600 0.43755048 -4.48663235
v 4.91067842 0.33422206 -4.31010574
v 5.07190600 0.43755048 -4.48663235
v 5.08952849 0.42278902 -4.50909436
v 5.08952849 0.42278902 -4.50909436
v 5.10088801 0.40748399 -4.52328287
v 4.91067842 0.33422206 -4.31010574
v 4.91067842 0.33422206 -4.31010574
v 5.10088801 0.40748399 -4.52328287
v 5.11242934 0.38161108 -4.53718118
v 4.91067842 0.33422206 -4.31010574
v 5.11242934 0.38161108 -4.53718118
v 5.11719808 0.35611482 -4.54268642
v 5.11719808 0.35611482 -4.54268642
v 4.71485294 0.14952401 -4.12702374
v 4.91067842 0.33422206 -4.31010574
v 4.91067842 0.33422206 -4.31010574
v 4.71485294 0.14952401 -4.12702374
v 4.71484624 0.30241329 -4.10720482
v 4.91067842 0.33422206 -4.31010574
v 4.71484624 0.30241329 -4.10720482
v 4.91608903 0.60304869 -4.26159389
v 4.91608903 0.60304869 -4.26159389
v 4.71484624 0.30241329 -4.10720482
v 4.71483804 0.47496762 -4.07543667
v 4.91608903 0.60304869 -4.26159389
v 4.71483804 0.47496762 -4.07543667
v 4.92357500 0.71871043 -4.23394851
v 4.92357500 0.71871043 -4.23394851
v 4.71483804 0.47496762 -4.07543667
v 4.71481271 0.79671061 -3.98839004
v 4.92357500 0.71871043 -4.23394851
v 4.71481271 0.79671061 -3.98839004
v 4.91487235 0.85925153 -4.17829826
v 6.72819391 0.44257925 -4.49429117
v 5.07190600 0.43755048 -4.48663235
v 5.00583239 0.49650781 -4.39589098
v 6.72819391 0.44257925 -4.49429117
v 5.00583239 0.49650781 -4.39589098
v 6.80822879 0.53028595 -4.37890366
v 6.80822879 0.53028595 -4.37890366
v 5.00583239 0.49650781 -4.39589098
v 4.99013476 0.51834811 -4.37175818
v 6.80822879 0.53028595 -4.37890366
v 4.99013476 0.51834811 -4.37175818
v 6.83776066 0.58125127 -4.33020554
v 6.83776066 0.58125127 -4.33020554
v 4.99013476 0.51834811 -4.37175818
v 4.94702607 0.61151697 -4.29455079
v 6.83776066 0.58125127 -4.33020554
v 4.94702607 0.61151697 -4.29455079
v 6.87686875 0.69324877 -4.25105765
v 6.87686875 0.69324877 -4.25105765
v 4.94702607 0.61151697 -4.29455079
v 4.92357500 0.71871043 -4.23394851
v 6.87686875 0.69324877 -4.25105765
v 4.92357500 0.71871043 -4.23394851
v 6.88318610 0.72461646 -4.23389934
v 6.88318610 0.72461646 -4.23389934
v 4.92357500 0.71871043 -4.23394851
v 4.91487235 0.85925153 -4.17829826
v 6.88318610 0.72461646 -4.23389934
v 4.91487235 0.85925153 -4.17829826
v 6.89412504 0.85925702 -4.17773686
v 6.69170693 0.35687003 -4.54256907
v 5.11749983 0.34799145 -4.54302765
v 6.69863299 0.39780727 -4.53380980
v 6.69863299 0.39780727 -4.53380980
v 5.11749983 0.34799145 -4.54302765
v 5.11719808 0.35611482 -4.54268642
v 6.69863299 0.39780727 -4.53380980
v 5.11719808 0.35611482 -4.54268642
v 5.11242934 0.38161108 -4.53718118
v 5.11242934 0.38161108 -4.53718118
v 5.10088801 0.40748399 -4.52328287
v 6.69863299 0.39780727 -4.53380980
v 6.69863299 0.39780727 -4.53380980
v 5.10088801 0.40748399 -4.52328287
v 5.08952849 0.42278902 -4.50909436
v 6.69863299 0.39780727 -4.53380980
v 5.08952849 0.42278902 -4.50909436
v 6.71151802 0.42395317 -4.51678373
v 6.71151802 0.42395317 -4.51678373
v 5.08952849 0.42278902 -4.50909436
v 5.07190600 0.43755048 -4.48663235
v 6.71151802 0.42395317 -4.51678373
v 5.07190600 0.43755048 -4.48663235
v 6.72819391 0.44257925 -4.49429117
v 6.89272806 2.66272388 0.63999356
v 6.89269528 2.63018291 0.69356537
v 7.09274635 2.43840385 0.62278616
v 6.89237118 0.93127238 2.06256378
v 6.89231828 0.85926736 2.08718870
v 7.09238052 0.78899907 1.89982373
v 6.89237118 0.93127238 2.06256378
v 7.09238052 0.78899907 1.89982373
v 6.89246133 1.24142878 1.93433557
v 6.89239502 1.62517447 1.71986688
v 6.89239651 1.53766042 1.77481510
v 7.09246099 1.40691139 1.62005424
v 7.09246099 1.40691139 1.62005424
v 6.89239651 1.53766042 1.77481510
v 6.89246133 1.24142878 1.93433557
v 7.09246099 1.40691139 1.62005424
v 6.89246133 1.24142878 1.93433557
v 7.09239691 0.95002288 1.84236448
v 7.09239691 0.95002288 1.84236448
v 6.89246133 1.24142878 1.93433557
v 7.09238052 0.78899907 1.89982373
v 7.09254444 1.81912873 1.32805938
v 6.89251795 1.89665686 1.52308829
v 7.09246099 1.40691139 1.62005424
v 7.09246099 1.40691139 1.62005424
v 6.89251795 1.89665686 1.52308829
v 6.89241141 1.70458239 1.66660249
v 7.09246099 1.40691139 1.62005424
v 6.89241141 1.70458239 1.66660249
v 6.89239502 1.62517447 1.71986688
v 6.89267069 2.37474442 1.04993405
v 6.89271390 2.23892964 1.20488796
v 7.09263086 2.13190317 1.02585293
v 7.09263086 2.13190317 1.02585293
v 6.89271390 2.23892964 1.20488796
v 6.89270496 2.14682333 1.29969344
v 7.09263086 2.13190317 1.02585293
v 6.89270496 2.14682333 1.29969344
v 7.09254444 1.81912873 1.32805938
v 7.09254444 1.81912873 1.32805938
v 6.89270496 2.14682333 1.29969344
v 6.89256489 1.95334312 1.47637976
v 7.09254444 1.81912873 1.32805938
v 6.89256489 1.95334312 1.47637976
v 6.89251795 1.89665686 1.52308829
v 7.09274635 2.43840385 0.62278616
v 6.89269528 2.63018291 0.69356537
v 7.09263086 2.13190317 1.02585293
v 7.09263086 2.13190317 1.02585293
v 6.89269528 2.63018291 0.69356537
v 6.89265132 2.43913885 0.96911211
v 7.09263086 2.13190317 1.02585293
v 6.89265132 2.43913885 0.96911211
v 6.89267069 2.37474442 1.04993405
v 6.89272806 2.66272388 0.63999356
v 7.09274635 2.43840385 0.62278616
v 6.89291358 2.79230215 0.39995690
v 6.89291358 2.79230215 0.39995690
v 7.09274635 2.43840385 0.62278616
v 7.09287524 2.67516449 0.17592859
v 6.89291358 2.79230215 0.39995690
v 7.09287524 2.67516449 0.17592859
v 6.89300820 2.86119916 0.24912891
v 7.09301308 2.83627920 -0.30579206
v 6.89301267 2.95871459 -0.00874326
v 7.09287524 2.67516449 0.17592859
v 7.09287524 2.67516449 0.17592859
v 6.89301267 2.95871459 -0.00874326
v 6.89302906 2.92470325 0.08883396
v 7.09287524 2.67516449 0.17592859
v 6.89302906 2.92470325 0.08883396
v 6.89300820 2.86119916 0.24912891
v 6.89336732 3.12553123 -1.00012561
v 6.89323321 3.11629009 -0.79447264
v 7.09315687 2.91658118 -0.80491044
v 7.09315687 2.91658118 -0.80491044
v 6.89323321 3.11629009 -0.79447264
v 6.89313561 3.10357697 -0.66271508
v 7.09315687 2.91658118 -0.80491044
v 6.89313561 3.10357697 -0.66271508
v 7.09301308 2.83627920 -0.30579206
v 7.09301308 2.83627920 -0.30579206
v 6.89313561 3.10357697 -0.66271508
v 6.89298436 3.04778200 -0.33199599
v 7.09301308 2.83627920 -0.30579206
v 6.89298436 3.04778200 -0.33199599
v 6.89301267 2.95871459 -0.00874326
v 6.89336732 3.12553123 -1.00012561
v 7.09315687 2.91658118 -0.80491044
v 6.89339340 3.12532671 -1.10346079
v 6.89339340 3.12532671 -1.10346079
v 7.09315687 2.91658118 -0.80491044
v 7.09330291 2.91458592 -1.30972555
v 6.89339340 3.12532671 -1.10346079
v 7.09330291 2.91458592 -1.30972555
v 6.89335912 3.10688242 -1.39837051
v 6.89335912 3.10688242 -1.39837051
v 7.09330291 2.91458592 -1.30972555
v 6.89335391 3.10237575 -1.43797006
v 6.89335391 3.10237575 -1.43797006
v 7.09330291 2.91458592 -1.30972555
v 7.09344596 2.83041075 -1.80814695
v 6.89335391 3.10237575 -1.43797006
v 7.09344596 2.83041075 -1.80814695
v 6.89339936 3.04555595 -1.76851582
v 7.09358379 2.66602542 -2.28742585
v 6.89375550 2.84769703 -2.37085819
v 6.89368919 2.92018950 -2.19161958
v 7.09358379 2.66602542 -2.28742585
v 6.89368919 2.92018950 -2.19161958
v 7.09344596 2.83041075 -1.80814695
v 7.09344596 2.83041075 -1.80814695
v 6.89368919 2.92018950 -2.19161958
v 6.89361840 2.95458846 -2.09417287
v 7.09344596 2.83041075 -1.80814695
v 6.89361840 2.95458846 -2.09417287
v 6.89339936 3.04555595 -1.76851582
v 6.89375550 2.84769703 -2.37085819
v 7.09358379 2.66602542 -2.28742585
v 6.89374134 2.78780777 -2.49967482
v 6.89374134 2.78780777 -2.49967482
v 7.09358379 2.66602542 -2.28742585
v 7.09371343 2.42508724 -2.73385998
v 6.89374134 2.78780777 -2.49967482
v 7.09371343 2.42508724 -2.73385998
v 6.89369738 2.66271699 -2.73054112
v 6.89398944 2.26204023 -3.27040330
v 6.89388439 2.36643478 -3.15052904
v 7.09382668 2.11610794 -3.13372947
v 7.09382668 2.11610794 -3.13372947
v 6.89388439 2.36643478 -3.15052904
v 6.89381808 2.43114531 -3.06996778
v 7.09382668 2.11610794 -3.13372947
v 6.89381808 2.43114531 -3.06996778
v 7.09371343 2.42508724 -2.73385998
v 7.09371343 2.42508724 -2.73385998
v 6.89381808 2.43114531 -3.06996778
v 6.89369664 2.62477938 -2.79277842
v 7.09371343 2.42508724 -2.73385998
v 6.89369664 2.62477938 -2.79277842
v 6.89369738 2.66271699 -2.73054112
v 6.89398944 2.26204023 -3.27040330
v 7.09382668 2.11610794 -3.13372947
v 6.89405650 2.13954765 -3.39740142
v 6.89405650 2.13954765 -3.39740142
v 7.09382668 2.11610794 -3.13372947
v 7.09392652 1.74599942 -3.47790830
v 6.89405650 2.13954765 -3.39740142
v 7.09392652 1.74599942 -3.47790830
v 6.89399317 1.88869033 -3.62001993
v 7.09400699 1.32444473 -3.75767276
v 6.89405277 1.47227189 -3.90397049
v 6.89398721 1.61422081 -3.81748974
v 7.09400699 1.32444473 -3.75767276
v 6.89398721 1.61422081 -3.81748974
v 7.09392652 1.74599942 -3.47790830
v 7.09392652 1.74599942 -3.47790830
v 6.89398721 1.61422081 -3.81748974
v 6.89397007 1.70457102 -3.75714526
v 7.09392652 1.74599942 -3.47790830
v 6.89397007 1.70457102 -3.75714526
v 6.89399317 1.88869033 -3.62001993
v 7.09407181 0.79671778 -3.98772098
v 6.89412504 0.85925702 -4.17773686
v 7.09406734 0.86127259 -3.96570303
v 7.09406734 0.86127259 -3.96570303
v 6.89412504 0.85925702 -4.17773686
v 6.89420775 1.17334267 -4.05622683
v 7.09406734 0.86127259 -3.96570303
v 6.89420775 1.17334267 -4.05622683
v 7.09400699 1.32444473 -3.75767276
v 7.09400699 1.32444473 -3.75767276
v 6.89420775 1.17334267 -4.05622683
v 6.89408183 1.41971288 -3.93356495
v 7.09400699 1.32444473 -3.75767276
v 6.89408183 1.41971288 -3.93356495
v 6.89405277 1.47227189 -3.90397049
v 6.89231828 0.85926736 2.08718870
v 4.91307415 0.85926335 2.08661705
v 6.88844770 0.77699362 2.11845767
v 6.88844770 0.77699362 2.11845767
v 4.91307415 0.85926335 2.08661705
v 4.92173396 0.71871001 2.14228183
v 6.88844770 0.77699362 2.11845767
v 4.92173396 0.71871001 2.14228183
v 6.87523559 0.69418265 2.15997826
v 6.87523559 0.69418265 2.15997826
v 4.92173396 0.71871001 2.14228183
v 4.94510159 0.61170477 2.20277421
v 6.87523559 0.69418265 2.15997826
v 4.94510159 0.61170477 2.20277421
v 6.83616549 0.58186711 2.23911535
v 6.83616549 0.58186711 2.23911535
v 4.94510159 0.61170477 2.20277421
v 4.98814397 0.51849317 2.27998868
v 6.83616549 0.58186711 2.23911535
v 4.98814397 0.51849317 2.27998868
v 6.79973066 0.52086483 2.29852200
v 4.98814397 0.51849317 2.27998868
v 5.00382185 0.49663908 2.30412725
v 6.79973066 0.52086483 2.29852200
v 6.79973066 0.52086483 2.29852200
v 5.00382185 0.49663908 2.30412725
v 5.06992713 0.43756454 2.39504538
v 6.79973066 0.52086483 2.29852200
v 5.06992713 0.43756454 2.39504538
v 6.72621503 0.44259587 2.40366179
v 6.71229064 0.42787394 2.42242739
v 6.72621503 0.44259587 2.40366179
v 5.06992713 0.43756454 2.39504538
v 5.11548668 0.34800554 2.45146770
v 6.68969825 0.35688337 2.45191976
v 5.11351638 0.36914693 2.44919248
v 5.11351638 0.36914693 2.44919248
v 6.68969825 0.35688337 2.45191976
v 6.69224635 0.38188193 2.44873799
v 5.11351638 0.36914693 2.44919248
v 6.69224635 0.38188193 2.44873799
v 5.10548241 0.39491551 2.43971832
v 5.10548241 0.39491551 2.43971832
v 6.69224635 0.38188193 2.44873799
v 6.69968501 0.40574465 2.43918300
v 5.10548241 0.39491551 2.43971832
v 6.69968501 0.40574465 2.43918300
v 5.10252453 0.40106559 2.43613832
v 5.10252453 0.40106559 2.43613832
v 6.69968501 0.40574465 2.43918300
v 6.71229064 0.42787394 2.42242739
v 5.10252453 0.40106559 2.43613832
v 6.71229064 0.42787394 2.42242739
v 5.08819409 0.42208889 2.41832770
v 5.08819409 0.42208889 2.41832770
v 6.71229064 0.42787394 2.42242739
v 5.06992713 0.43756454 2.39504538
v 4.98814397 0.51849317 2.27998868
v 4.94510159 0.61170477 2.20277421
v 4.91433218 0.60335309 2.16988251
v 4.91433218 0.60335309 2.16988251
v 4.94510159 0.61170477 2.20277421
v 4.92173396 0.71871001 2.14228183
v 4.93837371 -0.17201244 2.27564611
v 5.11548705 -0.17201185 2.45145801
v 5.11548668 0.34800554 2.45146770
v 4.71309461 0.48519708 1.98144484
v 4.71308567 0.30241052 2.01541632
v 4.90839258 0.33588358 2.21840572
v 4.90839258 0.33588358 2.21840572
v 4.71308567 0.30241052 2.01541632
v 4.71308045 0.16036484 2.03408375
v 4.71308045 0.16036484 2.03408375
v 4.71307561 -0.17201300 2.05196328
v 4.93837371 -0.17201244 2.27564611
v 4.93837371 -0.17201244 2.27564611
v 5.11548668 0.34800554 2.45146770
v 4.71308045 0.16036484 2.03408375
v 4.71308045 0.16036484 2.03408375
v 5.11548668 0.34800554 2.45146770
v 5.11351638 0.36914693 2.44919248
v 4.71308045 0.16036484 2.03408375
v 5.11351638 0.36914693 2.44919248
v 4.90839258 0.33588358 2.21840572
v 4.90839258 0.33588358 2.21840572
v 5.11351638 0.36914693 2.44919248
v 5.10548241 0.39491551 2.43971832
v 4.90839258 0.33588358 2.21840572
v 5.10548241 0.39491551 2.43971832
v 5.10252453 0.40106559 2.43613832
v 5.10252453 0.40106559 2.43613832
v 5.08819409 0.42208889 2.41832770
v 4.90839258 0.33588358 2.21840572
v 4.90839258 0.33588358 2.21840572
v 5.08819409 0.42208889 2.41832770
v 5.06992713 0.43756454 2.39504538
v 4.90839258 0.33588358 2.21840572
v 5.06992713 0.43756454 2.39504538
v 5.00382185 0.49663908 2.30412725
v 5.00382185 0.49663908 2.30412725
v 4.98814397 0.51849317 2.27998868
v 4.90839258 0.33588358 2.21840572
v 4.90839258 0.33588358 2.21840572
v 4.98814397 0.51849317 2.27998868
v 4.91433218 0.60335309 2.16988251
v 4.90839258 0.33588358 2.21840572
v 4.91433218 0.60335309 2.16988251
v 4.71309461 0.48519708 1.98144484
v 4.71309461 0.48519708 1.98144484
v 4.91433218 0.60335309 2.16988251
v 4.92173396 0.71871001 2.14228183
v 4.71309461 0.48519708 1.98144484
v 4.92173396 0.71871001 2.14228183
v 4.71312068 0.79672262 1.89659670
v 4.71312068 0.79672262 1.89659670
v 4.92173396 0.71871001 2.14228183
v 4.91307415 0.85926335 2.08661705
v 6.89231828 0.85926736 2.08718870
v 6.88844770 0.77699362 2.11845767
v 7.09238052 0.78899907 1.89982373
v 7.09238052 0.78899907 1.89982373
v 6.88844770 0.77699362 2.11845767
v 6.87523559 0.69418265 2.15997826
v 7.09238052 0.78899907 1.89982373
v 6.87523559 0.69418265 2.15997826
v 7.09235743 0.47141700 1.98508985
v 6.80056810 -0.17201083 2.34198608
v 7.09233731 -0.17201138 2.05264743
v 7.09234253 0.15022698 2.03584153
v 7.09235743 0.47141700 1.98508985
v 6.89007044 0.60348152 2.17103492
v 7.09234774 0.30277797 2.01604664
v 7.09234774 0.30277797 2.01604664
v 6.89007044 0.60348152 2.17103492
v 6.89533651 0.33587904 2.21873969
v 7.09234774 0.30277797 2.01604664
v 6.89533651 0.33587904 2.21873969
v 7.09234253 0.15022698 2.03584153
v 7.09234253 0.15022698 2.03584153
v 6.89533651 0.33587904 2.21873969
v 6.68969825 0.35688337 2.45191976
v 7.09234253 0.15022698 2.03584153
v 6.68969825 0.35688337 2.45191976
v 6.80056810 -0.17201083 2.34198608
v 6.80056810 -0.17201083 2.34198608
v 6.68969825 0.35688337 2.45191976
v 6.68969527 -0.17201062 2.45191082
v 7.09235743 0.47141700 1.98508985
v 6.87523559 0.69418265 2.15997826
v 6.89007044 0.60348152 2.17103492
v 6.89007044 0.60348152 2.17103492
v 6.87523559 0.69418265 2.15997826
v 6.83616549 0.58186711 2.23911535
v 6.89007044 0.60348152 2.17103492
v 6.83616549 0.58186711 2.23911535
v 6.89533651 0.33587904 2.21873969
v 6.83616549 0.58186711 2.23911535
v 6.79973066 0.52086483 2.29852200
v 6.89533651 0.33587904 2.21873969
v 6.89533651 0.33587904 2.21873969
v 6.79973066 0.52086483 2.29852200
v 6.72621503 0.44259587 2.40366179
v 6.89533651 0.33587904 2.21873969
v 6.72621503 0.44259587 2.40366179
v 6.71229064 0.42787394 2.42242739
v 6.71229064 0.42787394 2.42242739
v 6.69968501 0.40574465 2.43918300
v 6.89533651 0.33587904 2.21873969
v 6.89533651 0.33587904 2.21873969
v 6.69968501 0.40574465 2.43918300
v 6.69224635 0.38188193 2.44873799
v 6.89533651 0.33587904 2.21873969
v 6.69224635 0.38188193 2.44873799
v 6.68969825 0.35688337 2.45191976
v 6.89269528 2.63018291 0.69356537
v 6.89272806 2.66272388 0.63999356
v 4.91348021 2.66272295 0.63942489
v 6.89339936 3.04555595 -1.76851582
v 6.89361840 2.95458846 -2.09417287
v 4.91426326 2.95652710 -2.08894014
v 4.91307415 0.85926335 2.08661705
v 6.89231828 0.85926736 2.08718870
v 6.89237118 0.93127238 2.06256378
v 6.89412504 0.85925702 -4.17773686
v 4.91487235 0.85925153 -4.17829826
v 4.91484217 1.08417040 -4.09507528
v 4.91474569 1.70456972 -3.75771523
v 6.89397007 1.70457102 -3.75714526
v 6.89398721 1.61422081 -3.81748974
v 6.89398721 1.61422081 -3.81748974
v 6.89405277 1.47227189 -3.90397049
v 4.91474569 1.70456972 -3.75771523
v 4.91474569 1.70456972 -3.75771523
v 6.89405277 1.47227189 -3.90397049
v 6.89408183 1.41971288 -3.93356495
v 4.91474569 1.70456972 -3.75771523
v 6.89408183 1.41971288 -3.93356495
v 4.91484217 1.08417040 -4.09507528
v 4.91484217 1.08417040 -4.09507528
v 6.89408183 1.41971288 -3.93356495
v 6.89420775 1.17334267 -4.05622683
v 4.91484217 1.08417040 -4.09507528
v 6.89420775 1.17334267 -4.05622683
v 6.89412504 0.85925702 -4.17773686
v 6.89388439 2.36643478 -3.15052904
v 6.89398944 2.26204023 -3.27040330
v 4.91461121 2.23891884 -3.29600237
v 4.91461121 2.23891884 -3.29600237
v 6.89398944 2.26204023 -3.27040330
v 6.89405650 2.13954765 -3.39740142
v 4.91461121 2.23891884 -3.29600237
v 6.89405650 2.13954765 -3.39740142
v 4.91474569 1.70456972 -3.75771523
v 4.91474569 1.70456972 -3.75771523
v 6.89405650 2.13954765 -3.39740142
v 6.89399317 1.88869033 -3.62001993
v 4.91474569 1.70456972 -3.75771523
v 6.89399317 1.88869033 -3.62001993
v 6.89397007 1.70457102 -3.75714526
v 4.91444953 2.66271550 -2.73111053
v 6.89369738 2.66271699 -2.73054112
v 6.89369664 2.62477938 -2.79277842
v 4.91444953 2.66271550 -2.73111053
v 6.89369664 2.62477938 -2.79277842
v 4.91461121 2.23891884 -3.29600237
v 4.91461121 2.23891884 -3.29600237
v 6.89369664 2.62477938 -2.79277842
v 6.89381808 2.43114531 -3.06996778
v 4.91461121 2.23891884 -3.29600237
v 6.89381808 2.43114531 -3.06996778
v 6.89388439 2.36643478 -3.15052904
v 6.89361840 2.95458846 -2.09417287
v 6.89368919 2.92018950 -2.19161958
v 4.91426326 2.95652710 -2.08894014
v 4.91426326 2.95652710 -2.08894014
v 6.89368919 2.92018950 -2.19161958
v 6.89375550 2.84769703 -2.37085819
v 4.91426326 2.95652710 -2.08894014
v 6.89375550 2.84769703 -2.37085819
v 4.91444953 2.66271550 -2.73111053
v 4.91444953 2.66271550 -2.73111053
v 6.89375550 2.84769703 -2.37085819
v 6.89374134 2.78780777 -2.49967482
v 4.91444953 2.66271550 -2.73111053
v 6.89374134 2.78780777 -2.49967482
v 6.89369738 2.66271699 -2.73054112
v 6.89339936 3.04555595 -1.76851582
v 4.91426326 2.95652710 -2.08894014
v 6.89335391 3.10237575 -1.43797006
v 6.89335391 3.10237575 -1.43797006
v 4.91426326 2.95652710 -2.08894014
v 4.91406508 3.10688075 -1.39893964
v 6.89335391 3.10237575 -1.43797006
v 4.91406508 3.10688075 -1.39893964
v 6.89335912 3.10688242 -1.39837051
v 6.89313561 3.10357697 -0.66271508
v 6.89323321 3.11629009 -0.79447264
v 4.91386242 3.10688280 -0.69274730
v 4.91386242 3.10688280 -0.69274730
v 6.89323321 3.11629009 -0.79447264
v 6.89336732 3.12553123 -1.00012561
v 4.91386242 3.10688280 -0.69274730
v 6.89336732 3.12553123 -1.00012561
v 4.91406508 3.10688075 -1.39893964
v 4.91406508 3.10688075 -1.39893964
v 6.89336732 3.12553123 -1.00012561
v 6.89339340 3.12532671 -1.10346079
v 4.91406508 3.10688075 -1.39893964
v 6.89339340 3.12532671 -1.10346079
v 6.89335912 3.10688242 -1.39837051
v 6.89313561 3.10357697 -0.66271508
v 4.91386242 3.10688280 -0.69274730
v 6.89298436 3.04778200 -0.33199599
v 6.89298436 3.04778200 -0.33199599
v 4.91386242 3.10688280 -0.69274730
v 4.91366386 2.95653138 -0.00274636
v 6.89298436 3.04778200 -0.33199599
v 4.91366386 2.95653138 -0.00274636
v 6.89301267 2.95871459 -0.00874326
v 6.89272806 2.66272388 0.63999356
v 6.89291358 2.79230215 0.39995690
v 4.91348021 2.66272295 0.63942489
v 4.91348021 2.66272295 0.63942489
v 6.89291358 2.79230215 0.39995690
v 6.89300820 2.86119916 0.24912891
v 4.91348021 2.66272295 0.63942489
v 6.89300820 2.86119916 0.24912891
v 4.91366386 2.95653138 -0.00274636
v 4.91366386 2.95653138 -0.00274636
v 6.89300820 2.86119916 0.24912891
v 6.89302906 2.92470325 0.08883396
v 4.91366386 2.95653138 -0.00274636
v 6.89302906 2.92470325 0.08883396
v 6.89301267 2.95871459 -0.00874326
v 6.89269528 2.63018291 0.69356537
v 4.91348021 2.66272295 0.63942489
v 6.89265132 2.43913885 0.96911211
v 6.89265132 2.43913885 0.96911211
v 4.91348021 2.66272295 0.63942489
v 4.91331816 2.23892815 1.20431921
v 6.89265132 2.43913885 0.96911211
v 4.91331816 2.23892815 1.20431921
v 6.89267069 2.37474442 1.04993405
v 6.89239502 1.62517447 1.71986688
v 6.89241141 1.70458239 1.66660249
v 4.91318591 1.70458108 1.66603364
v 4.91318591 1.70458108 1.66603364
v 6.89241141 1.70458239 1.66660249
v 6.89251795 1.89665686 1.52308829
v 6.89251795 1.89665686 1.52308829
v 6.89256489 1.95334312 1.47637976
v 4.91318591 1.70458108 1.66603364
v 4.91318591 1.70458108 1.66603364
v 6.89256489 1.95334312 1.47637976
v 6.89270496 2.14682333 1.29969344
v 4.91318591 1.70458108 1.66603364
v 6.89270496 2.14682333 1.29969344
v 4.91331816 2.23892815 1.20431921
v 4.91331816 2.23892815 1.20431921
v 6.89270496 2.14682333 1.29969344
v 6.89271390 2.23892964 1.20488796
v 4.91331816 2.23892815 1.20431921
v 6.89271390 2.23892964 1.20488796
v 6.89267069 2.37474442 1.04993405
v 4.91307415 0.85926335 2.08661705
v 6.89237118 0.93127238 2.06256378
v 4.91308868 1.08418288 2.00339723
v 4.91308868 1.08418288 2.00339723
v 6.89237118 0.93127238 2.06256378
v 6.89246133 1.24142878 1.93433557
v 4.91308868 1.08418288 2.00339723
v 6.89246133 1.24142878 1.93433557
v 4.91318591 1.70458108 1.66603364
v 4.91318591 1.70458108 1.66603364
v 6.89246133 1.24142878 1.93433557
v 6.89239651 1.53766042 1.77481510
v 4.91318591 1.70458108 1.66603364
v 6.89239651 1.53766042 1.77481510
v 6.89239502 1.62517447 1.71986688
v 6.89412504 0.85925702 -4.17773686
v 7.09407181 0.79671778 -3.98772098
v 6.88318610 0.72461646 -4.23389934
v 6.88318610 0.72461646 -4.23389934
v 7.09407181 0.79671778 -3.98772098
v 7.09409863 0.47497968 -4.07475159
v 6.71151802 0.42395317 -4.51678373
v 6.72819391 0.44257925 -4.49429117
v 6.89741895 0.33533250 -4.30904962
v 6.89741895 0.33533250 -4.30904962
v 6.72819391 0.44257925 -4.49429117
v 6.80822879 0.53028595 -4.37890366
v 6.89741895 0.33533250 -4.30904962
v 6.80822879 0.53028595 -4.37890366
v 6.89261630 0.60328669 -4.26109247
v 6.89261630 0.60328669 -4.26109247
v 6.80822879 0.53028595 -4.37890366
v 6.83776066 0.58125127 -4.33020554
v 6.89261630 0.60328669 -4.26109247
v 6.83776066 0.58125127 -4.33020554
v 6.87686875 0.69324877 -4.25105765
v 6.87686875 0.69324877 -4.25105765
v 6.88318610 0.72461646 -4.23389934
v 6.89261630 0.60328669 -4.26109247
v 6.89261630 0.60328669 -4.26109247
v 6.88318610 0.72461646 -4.23389934
v 7.09409863 0.47497968 -4.07475159
v 6.89261630 0.60328669 -4.26109247
v 7.09409863 0.47497968 -4.07475159
v 6.89741895 0.33533250 -4.30904962
v 6.89741895 0.33533250 -4.30904962
v 7.09409863 0.47497968 -4.07475159
v 7.09410980 0.30237841 -4.10652943
v 6.89741895 0.33533250 -4.30904962
v 7.09410980 0.30237841 -4.10652943
v 7.09411576 0.14954427 -4.12633382
v 7.09411874 -0.17201647 -4.14306857
v 6.69170171 -0.17202507 -4.54256348
v 7.09411576 0.14954427 -4.12633382
v 7.09411576 0.14954427 -4.12633382
v 6.69170171 -0.17202507 -4.54256348
v 6.69170693 0.35687003 -4.54256907
v 7.09411576 0.14954427 -4.12633382
v 6.69170693 0.35687003 -4.54256907
v 6.89741895 0.33533250 -4.30904962
v 6.89741895 0.33533250 -4.30904962
v 6.69170693 0.35687003 -4.54256907
v 6.69863299 0.39780727 -4.53380980
v 6.89741895 0.33533250 -4.30904962
v 6.69863299 0.39780727 -4.53380980
v 6.71151802 0.42395317 -4.51678373
v 4.71314192 1.00799939 1.81841590
v 4.71312068 0.79672262 1.89659670
v 4.91307415 0.85926335 2.08661705
v 4.91484217 1.08417040 -4.09507528
v 4.91487235 0.85925153 -4.17829826
v 4.71481271 0.79671061 -3.98839004
v 4.71481271 0.79671061 -3.98839004
v 4.71478887 1.00798747 -3.91020961
v 4.91484217 1.08417040 -4.09507528
v 4.91484217 1.08417040 -4.09507528
v 4.71478887 1.00798747 -3.91020961
v 4.71469723 1.59076229 -3.59330848
v 4.91484217 1.08417040 -4.09507528
v 4.71469723 1.59076229 -3.59330848
v 4.91474569 1.70456972 -3.75771523
v 4.91474569 1.70456972 -3.75771523
v 4.71469723 1.59076229 -3.59330848
v 4.71457206 2.09270567 -3.15959714
v 4.91474569 1.70456972 -3.75771523
v 4.71457206 2.09270567 -3.15959714
v 4.91461121 2.23891884 -3.29600237
v 4.91461121 2.23891884 -3.29600237
v 4.71457206 2.09270567 -3.15959714
v 4.71441895 2.49080081 -2.62896288
v 4.91461121 2.23891884 -3.29600237
v 4.71441895 2.49080081 -2.62896288
v 4.91444953 2.66271550 -2.73111053
v 4.91444953 2.66271550 -2.73111053
v 4.71441895 2.49080081 -2.62896288
v 4.71424535 2.76679415 -2.02573799
v 4.91444953 2.66271550 -2.73111053
v 4.71424535 2.76679415 -2.02573799
v 4.91426326 2.95652710 -2.08894014
v 4.91426326 2.95652710 -2.08894014
v 4.71424535 2.76679415 -2.02573799
v 4.71405871 2.90802959 -1.37758283
v 4.91426326 2.95652710 -2.08894014
v 4.71405871 2.90802959 -1.37758283
v 4.91406508 3.10688075 -1.39893964
v 4.91406508 3.10688075 -1.39893964
v 4.71405871 2.90802959 -1.37758283
v 4.71386835 2.90803108 -0.71421848
v 4.91406508 3.10688075 -1.39893964
v 4.71386835 2.90803108 -0.71421848
v 4.91386242 3.10688280 -0.69274730
v 4.91386242 3.10688280 -0.69274730
v 4.71386835 2.90803108 -0.71421848
v 4.71368171 2.76679806 -0.06606252
v 4.91386242 3.10688280 -0.69274730
v 4.71368171 2.76679806 -0.06606252
v 4.91366386 2.95653138 -0.00274636
v 4.91366386 2.95653138 -0.00274636
v 4.71368171 2.76679806 -0.06606252
v 4.71350923 2.49080732 0.53716335
v 4.91366386 2.95653138 -0.00274636
v 4.71350923 2.49080732 0.53716335
v 4.91348021 2.66272295 0.63942489
v 4.91348021 2.66272295 0.63942489
v 4.71350923 2.49080732 0.53716335
v 4.71335724 2.09271424 1.06779896
v 4.91348021 2.66272295 0.63942489
v 4.71335724 2.09271424 1.06779896
v 4.91331816 2.23892815 1.20431921
v 4.91331816 2.23892815 1.20431921
v 4.71335724 2.09271424 1.06779896
v 4.71323282 1.59077290 1.50151243
v 4.91331816 2.23892815 1.20431921
v 4.71323282 1.59077290 1.50151243
v 4.91318591 1.70458108 1.66603364
v 4.91318591 1.70458108 1.66603364
v 4.71323282 1.59077290 1.50151243
v 4.71314192 1.00799939 1.81841590
v 4.91318591 1.70458108 1.66603364
v 4.71314192 1.00799939 1.81841590
v 4.91308868 1.08418288 2.00339723
v 4.91308868 1.08418288 2.00339723
v 4.71314192 1.00799939 1.81841590
v 4.91307415 0.85926335 2.08661705
v 4.58433777 -1.69355273 1.00480532
v 4.58914563 -1.68528855 1.01100784
v 3.99999991 -1.68523844 1.01104528
v 4.71337400 1.31121343 1.00838291
v 4.00000066 1.31121362 1.00838244
v 3.99999954 0.75348271 1.32401148
v 4.71337400 1.31121343 1.00838291
v 3.99999954 0.75348271 1.32401148
v 4.71328348 0.75348285 1.32401139
v 4.71328348 0.75348285 1.32401139
v 3.99999954 0.75348271 1.32401148
v 4.00000028 0.13383587 1.48748094
v 4.71328348 0.75348285 1.32401139
v 4.00000028 0.13383587 1.48748094
v 4.71323766 0.13383565 1.48748094
v 4.71323766 0.13383565 1.48748094
v 4.00000028 0.13383587 1.48748094
v 4.00000066 -0.50701094 1.48805017
v 4.71323766 0.13383565 1.48748094
v 4.00000066 -0.50701094 1.48805017
v 4.71323840 -0.50701112 1.48805035
v 4.71323840 -0.50701112 1.48805035
v 4.00000066 -0.50701094 1.48805017
v 3.99999991 -1.12694772 1.32568218
v 4.71323840 -0.50701112 1.48805035
v 3.99999991 -1.12694772 1.32568218
v 4.71328534 -1.12694800 1.32568218
v 4.66879569 -1.49929971 1.13736801
v 4.70534712 -1.31956860 1.23803634
v 3.99999991 -1.12694772 1.32568218
v 3.99999991 -1.12694772 1.32568218
v 4.70534712 -1.31956860 1.23803634
v 4.71330099 -1.17610469 1.30516859
v 3.99999991 -1.12694772 1.32568218
v 4.71330099 -1.17610469 1.30516859
v 4.71328534 -1.12694800 1.32568218
v 3.99999991 -1.68523844 1.01104528
v 4.58914563 -1.68528855 1.01100784
v 3.99999991 -1.12694772 1.32568218
v 3.99999991 -1.12694772 1.32568218
v 4.58914563 -1.68528855 1.01100784
v 4.60326076 -1.65969729 1.02987895
v 3.99999991 -1.12694772 1.32568218
v 4.60326076 -1.65969729 1.02987895
v 4.66879569 -1.49929971 1.13736801
v 3.99999991 -1.68523844 1.01104528
v 4.00000028 -2.13079918 0.58274441
v 4.18118499 -2.05531903 0.67153685
v 4.18118499 -2.05531903 0.67153685
v 4.35627103 -1.94724109 0.78542056
v 3.99999991 -1.68523844 1.01104528
v 3.99999991 -1.68523844 1.01104528
v 4.35627103 -1.94724109 0.78542056
v 4.48411703 -1.83015820 0.89409864
v 3.99999991 -1.68523844 1.01104528
v 4.48411703 -1.83015820 0.89409864
v 4.58433777 -1.69355273 1.00480532
v 4.04650196 -2.07053162 -2.63753347
v 3.99999991 -2.08763219 -2.61777602
v 3.99999991 -1.63957532 -3.02759632
v 4.71466556 -1.17599005 -3.28844599
v 3.99999917 -1.08487969 -3.32549997
v 4.71462235 -1.08487923 -3.32549997
v 4.71462235 -1.08487923 -3.32549997
v 3.99999917 -1.08487969 -3.32549997
v 3.99999954 -0.47334507 -3.47536691
v 4.71462235 -1.08487923 -3.32549997
v 3.99999954 -0.47334507 -3.47536691
v 4.71466556 -0.47334530 -3.47536728
v 4.71466556 -0.47334530 -3.47536728
v 3.99999954 -0.47334507 -3.47536691
v 3.99999991 0.15623868 -3.46769057
v 4.71466556 -0.47334530 -3.47536728
v 3.99999991 0.15623868 -3.46769057
v 4.71466295 0.15623883 -3.46769057
v 4.71466295 0.15623883 -3.46769057
v 3.99999991 0.15623868 -3.46769057
v 4.00000066 0.76393755 -3.30295786
v 4.71466295 0.15623883 -3.46769057
v 4.00000066 0.76393755 -3.30295786
v 4.71461415 0.76393732 -3.30295749
v 4.71461415 0.76393732 -3.30295749
v 4.00000066 0.76393755 -3.30295786
v 4.00000028 1.31120486 -2.99161747
v 4.71461415 0.76393732 -3.30295749
v 4.00000028 1.31120486 -2.99161747
v 4.71452437 1.31120495 -2.99161710
v 4.49118279 -1.78823508 -2.91301459
v 4.35753688 -1.90593544 -2.80859303
v 3.99999991 -1.63957532 -3.02759632
v 3.99999991 -1.63957532 -3.02759632
v 4.35753688 -1.90593544 -2.80859303
v 4.23601232 -1.98311582 -2.73241773
v 3.99999991 -1.63957532 -3.02759632
v 4.23601232 -1.98311582 -2.73241773
v 4.04650196 -2.07053162 -2.63753347
v 4.71466556 -1.17599005 -3.28844599
v 4.70109619 -1.35326916 -3.20385061
v 3.99999917 -1.08487969 -3.32549997
v 3.99999917 -1.08487969 -3.32549997
v 4.70109619 -1.35326916 -3.20385061
v 4.66407463 -1.50145292 -3.11926939
v 3.99999917 -1.08487969 -3.32549997
v 4.66407463 -1.50145292 -3.11926939
v 3.99999991 -1.63957532 -3.02759632
v 3.99999991 -1.63957532 -3.02759632
v 4.66407463 -1.50145292 -3.11926939
v 4.59423847 -1.65171307 -3.01889256
v 3.99999991 -1.63957532 -3.02759632
v 4.59423847 -1.65171307 -3.01889256
v 4.49118279 -1.78823508 -2.91301459
v 4.00000066 -0.50701094 1.48805017
v 4.00000028 0.13383587 1.48748094
v 3.99999954 0.75348271 1.32401148
v 4.00000028 1.31120486 -2.99161747
v 4.00000028 -2.09602155 -1.49592040
v 4.00000066 1.31121362 1.00838244
v 4.00000066 1.31121362 1.00838244
v 4.00000028 -2.09602155 -1.49592040
v 3.99999991 -2.10193489 -0.99108750
v 4.00000066 1.31121362 1.00838244
v 3.99999991 -2.10193489 -0.99108750
v 4.00000028 -2.11692639 -0.06002382
v 4.00000028 -2.11692639 -0.06002382
v 4.00000028 -2.13079918 0.58274441
v 4.00000066 1.31121362 1.00838244
v 4.00000066 1.31121362 1.00838244
v 4.00000028 -2.13079918 0.58274441
v 3.99999991 -1.68523844 1.01104528
v 4.00000066 1.31121362 1.00838244
v 3.99999991 -1.68523844 1.01104528
v 3.99999954 0.75348271 1.32401148
v 3.99999954 0.75348271 1.32401148
v 3.99999991 -1.68523844 1.01104528
v 3.99999991 -1.12694772 1.32568218
v 3.99999954 0.75348271 1.32401148
v 3.99999991 -1.12694772 1.32568218
v 4.00000066 -0.50701094 1.48805017
v 4.00000028 1.31120486 -2.99161747
v 4.00000066 0.76393755 -3.30295786
v 4.00000028 -2.09602155 -1.49592040
v 4.00000028 -2.09602155 -1.49592040
v 4.00000066 0.76393755 -3.30295786
v 3.99999991 0.15623868 -3.46769057
v 4.00000028 -2.09602155 -1.49592040
v 3.99999991 0.15623868 -3.46769057
v 3.99999954 -0.47334507 -3.47536691
v 3.99999954 -0.47334507 -3.47536691
v 3.99999917 -1.08487969 -3.32549997
v 4.00000028 -2.09602155 -1.49592040
v 4.00000028 -2.09602155 -1.49592040
v 3.99999917 -1.08487969 -3.32549997
v 3.99999991 -1.63957532 -3.02759632
v 4.00000028 -2.09602155 -1.49592040
v 3.99999991 -1.63957532 -3.02759632
v 3.99999991 -2.08763219 -2.61777602
v 4.00000028 1.31120486 -2.99161747
v 4.00000066 1.31121362 1.00838244
v 4.71452437 1.31120495 -2.99161710
v 4.71452437 1.31120495 -2.99161710
v 4.00000066 1.31121362 1.00838244
v 4.71337400 1.31121343 1.00838291
v 9.79168266 -0.82126688 -3.84748168
v 7.09400922 -1.14853820 -3.75478007
v 7.09404945 -0.48544626 -3.90156209
v 9.79168266 -0.82126688 -3.84748168
v 9.79168117 -1.14853811 -3.75477970
v 7.09400922 -1.14853820 -3.75478007
v 7.09400922 -1.14853820 -3.75478007
v 9.79168117 -1.14853811 -3.75477970
v 9.79168192 -1.46283479 -3.62471119
v 7.09400922 -1.14853820 -3.75478007
v 9.79168192 -1.46283479 -3.62471119
v 7.09392428 -1.75990574 -3.45903486
v 9.79168192 -1.46283479 -3.62471119
v 9.79168266 -1.75990574 -3.45903486
v 7.09392428 -1.75990574 -3.45903486
v 7.09392428 -1.75990574 -3.45903486
v 9.79168266 -1.75990574 -3.45903486
v 9.79168192 -2.03573518 -3.25999036
v 7.09392428 -1.75990574 -3.45903486
v 9.79168192 -2.03573518 -3.25999036
v 7.09380209 -2.28659082 -3.03027071
v 9.79168192 -2.03573518 -3.25999036
v 9.79168192 -2.28659082 -3.03027015
v 7.09380209 -2.28659082 -3.03027071
v 7.09380209 -2.28659082 -3.03027071
v 9.79168192 -2.28659082 -3.03027015
v 9.79168192 -2.50908211 -2.77298056
v 7.09380209 -2.28659082 -3.03027071
v 9.79168192 -2.50908211 -2.77298056
v 7.09364787 -2.70019919 -2.49160193
v 9.79168192 -2.50908211 -2.77298056
v 9.79168341 -2.70019900 -2.49160193
v 7.09364787 -2.70019919 -2.49160193
v 7.09364787 -2.70019919 -2.49160193
v 9.79168341 -2.70019900 -2.49160193
v 9.79168266 -2.85735782 -2.18993723
v 7.09364787 -2.70019919 -2.49160193
v 9.79168266 -2.85735782 -2.18993723
v 7.09346831 -2.97843255 -1.87206734
v 9.79168266 -2.85735782 -2.18993723
v 9.79168266 -2.97843255 -1.87206771
v 7.09346831 -2.97843255 -1.87206734
v 7.09346831 -2.97843255 -1.87206734
v 9.79168266 -2.97843255 -1.87206771
v 9.79168266 -3.06178648 -1.54229170
v 7.09346831 -2.97843255 -1.87206734
v 9.79168266 -3.06178648 -1.54229170
v 7.09327683 -3.10629234 -1.20506836
v 9.79168266 -3.06178648 -1.54229170
v 9.79168266 -3.10629234 -1.20506864
v 7.09327683 -3.10629234 -1.20506836
v 7.09327683 -3.10629234 -1.20506836
v 9.79168266 -3.10629234 -1.20506864
v 9.79168266 -3.11134737 -0.86495895
v 7.09327683 -3.10629234 -1.20506836
v 9.79168266 -3.11134737 -0.86495895
v 7.09308162 -3.07688452 -0.52656163
v 9.79168266 -3.11134737 -0.86495895
v 9.79168341 -3.07688452 -0.52656238
v 7.09308162 -3.07688452 -0.52656163
v 7.09308162 -3.07688452 -0.52656163
v 9.79168341 -3.07688452 -0.52656238
v 9.79168266 -3.00336871 -0.19445416
v 7.09308162 -3.07688452 -0.52656163
v 9.79168266 -3.00336871 -0.19445416
v 7.09289387 -2.89179534 0.12687369
v 9.79168266 -3.00336871 -0.19445416
v 9.79168266 -2.89179534 0.12687355
v 7.09289387 -2.89179534 0.12687369
v 7.09289387 -2.89179534 0.12687369
v 9.79168266 -2.89179534 0.12687355
v 9.79168117 -2.74367239 0.43307589
v 7.09289387 -2.89179534 0.12687369
v 9.79168117 -2.74367239 0.43307589
v 7.09272325 -2.56100278 0.72001098
v 9.79168117 -2.74367239 0.43307589
v 9.79168192 -2.56100260 0.72001140
v 7.09272325 -2.56100278 0.72001098
v 7.09272325 -2.56100278 0.72001098
v 9.79168192 -2.56100260 0.72001140
v 9.79168192 -2.34625675 0.98379990
v 7.09272325 -2.56100278 0.72001098
v 9.79168192 -2.34625675 0.98379990
v 7.09257871 -2.10233945 1.22087430
v 9.79168192 -2.34625675 0.98379990
v 9.79168117 -2.10233945 1.22087495
v 7.09257871 -2.10233945 1.22087430
v 7.09257871 -2.10233945 1.22087430
v 9.79168117 -2.10233945 1.22087495
v 9.79168266 -1.83254853 1.42802857
v 7.09257871 -2.10233945 1.22087430
v 9.79168266 -1.83254853 1.42802857
v 7.09246919 -1.54053280 1.60246193
v 9.79168266 -1.83254853 1.42802857
v 9.79168266 -1.54053271 1.60246175
v 7.09246919 -1.54053280 1.60246193
v 7.09246919 -1.54053280 1.60246193
v 9.79168266 -1.54053271 1.60246175
v 9.79168341 -1.23024052 1.74181443
v 7.09246919 -1.54053280 1.60246193
v 9.79168341 -1.23024052 1.74181443
v 7.09239915 -0.90586906 1.84420217
v 9.79168341 -1.23024052 1.74181443
v 9.79168266 -0.90586897 1.84420217
v 7.09239915 -0.90586906 1.84420217
v 7.09239915 -0.90586906 1.84420217
v 9.79168266 -0.90586897 1.84420217
v 9.79168266 -0.57180431 1.90824009
v 7.09239915 -0.90586906 1.84420217
v 9.79168266 -0.57180431 1.90824009
v 7.09237158 -0.23256417 1.93306319
v 9.79168266 -0.57180431 1.90824009
v 9.79168266 -0.23256410 1.93306282
v 7.09237158 -0.23256417 1.93306319
v 7.09237158 -0.23256417 1.93306319
v 9.79168266 -0.23256410 1.93306282
v 9.79168117 0.10726395 1.91833470
v 7.09237158 -0.23256417 1.93306319
v 9.79168117 0.10726395 1.91833470
v 7.09239095 0.44308463 1.86425354
v 9.79168117 0.10726395 1.91833470
v 9.79168117 0.44308468 1.86425373
v 7.09239095 0.44308463 1.86425354
v 7.09239095 0.44308463 1.86425354
v 9.79168117 0.44308468 1.86425373
v 9.79168266 0.77035623 1.77155174
v 7.09239095 0.44308463 1.86425354
v 9.79168266 0.77035623 1.77155174
v 7.09245428 1.08465254 1.64148342
v 9.79168266 0.77035623 1.77155174
v 9.79168266 1.08465254 1.64148323
v 7.09245428 1.08465254 1.64148342
v 7.09245428 1.08465254 1.64148342
v 9.79168266 1.08465254 1.64148323
v 9.79168192 1.38172386 1.47580700
v 7.09245428 1.08465254 1.64148342
v 9.79168192 1.38172386 1.47580700
v 7.09255934 1.65755283 1.27676250
v 9.79168192 1.38172386 1.47580700
v 9.79168192 1.65755283 1.27676250
v 7.09255934 1.65755283 1.27676250
v 7.09255934 1.65755283 1.27676250
v 9.79168192 1.65755283 1.27676250
v 9.79168266 1.90840904 1.04704238
v 7.09255934 1.65755283 1.27676250
v 9.79168266 1.90840904 1.04704238
v 7.09269866 2.13089976 0.78975279
v 9.79168266 1.90840904 1.04704238
v 9.79168192 2.13089995 0.78975251
v 7.09269866 2.13089976 0.78975279
v 7.09269866 2.13089976 0.78975279
v 9.79168192 2.13089995 0.78975251
v 9.79168341 2.32201684 0.50837281
v 7.09269866 2.13089976 0.78975279
v 9.79168341 2.32201684 0.50837281
v 7.09286705 2.47917585 0.20670902
v 9.79168341 2.32201684 0.50837281
v 9.79168117 2.47917548 0.20670923
v 7.09286705 2.47917585 0.20670902
v 7.09286705 2.47917585 0.20670902
v 9.79168117 2.47917548 0.20670923
v 9.79168192 2.60025058 -0.11116023
v 7.09286705 2.47917585 0.20670902
v 9.79168192 2.60025058 -0.11116023
v 7.09305331 2.68360451 -0.44093672
v 9.79168192 2.60025058 -0.11116023
v 9.79168117 2.68360451 -0.44093612
v 7.09305331 2.68360451 -0.44093672
v 7.09305331 2.68360451 -0.44093672
v 9.79168117 2.68360451 -0.44093612
v 9.79168117 2.72810999 -0.77815931
v 7.09305331 2.68360451 -0.44093672
v 9.79168117 2.72810999 -0.77815931
v 7.09324777 2.73316540 -1.11826947
v 9.79168117 2.72810999 -0.77815931
v 9.79168117 2.73316540 -1.11826882
v 7.09324777 2.73316540 -1.11826947
v 7.09324777 2.73316540 -1.11826947
v 9.79168117 2.73316540 -1.11826882
v 9.79168341 2.69870274 -1.45666664
v 7.09324777 2.73316540 -1.11826947
v 9.79168341 2.69870274 -1.45666664
v 7.09344000 2.62518711 -1.78877395
v 9.79168341 2.69870274 -1.45666664
v 9.79168192 2.62518730 -1.78877376
v 7.09344000 2.62518711 -1.78877395
v 7.09344000 2.62518711 -1.78877395
v 9.79168192 2.62518730 -1.78877376
v 9.79168192 2.51361318 -2.11010147
v 7.09344000 2.62518711 -1.78877395
v 9.79168192 2.51361318 -2.11010147
v 7.09362179 2.36549005 -2.41630394
v 9.79168192 2.51361318 -2.11010147
v 9.79168266 2.36549024 -2.41630394
v 7.09362179 2.36549005 -2.41630394
v 7.09362179 2.36549005 -2.41630394
v 9.79168266 2.36549024 -2.41630394
v 9.79168192 2.18282044 -2.70323921
v 7.09362179 2.36549005 -2.41630394
v 9.79168192 2.18282044 -2.70323921
v 7.09378049 1.96807515 -2.96702832
v 9.79168192 2.18282044 -2.70323921
v 9.79168192 1.96807478 -2.96702795
v 7.09378049 1.96807515 -2.96702832
v 7.09378049 1.96807515 -2.96702832
v 9.79168192 1.96807478 -2.96702795
v 9.79168341 1.72415767 -3.20410281
v 7.09378049 1.96807515 -2.96702832
v 9.79168341 1.72415767 -3.20410281
v 7.09390715 1.45436665 -3.41125689
v 9.79168341 1.72415767 -3.20410281
v 9.79168117 1.45436637 -3.41125652
v 7.09390715 1.45436665 -3.41125689
v 7.09390715 1.45436665 -3.41125689
v 9.79168117 1.45436637 -3.41125652
v 9.79168117 1.16235046 -3.58568989
v 7.09390715 1.45436665 -3.41125689
v 9.79168117 1.16235046 -3.58568989
v 7.09399953 0.85205901 -3.72504294
v 9.79168117 1.16235046 -3.58568989
v 9.79168117 0.85205864 -3.72504219
v 7.09399953 0.85205901 -3.72504294
v 7.09399953 0.85205901 -3.72504294
v 9.79168117 0.85205864 -3.72504219
v 9.79168117 0.52768718 -3.82742994
v 7.09399953 0.85205901 -3.72504294
v 9.79168117 0.52768718 -3.82742994
v 7.09404796 0.19362239 -3.89146879
v 7.09404796 0.19362239 -3.89146879
v 9.79168117 0.52768718 -3.82742994
v 9.79168117 0.19362246 -3.89146805
v 7.09404796 0.19362239 -3.89146879
v 9.79168117 0.19362246 -3.89146805
v 7.09405541 -0.19713859 -3.91660333
v 7.09405541 -0.19713859 -3.91660333
v 9.79168117 0.19362246 -3.89146805
v 9.79168117 -0.14561776 -3.91629077
v 7.09405541 -0.19713859 -3.91660333
v 9.79168117 -0.14561776 -3.91629077
v 7.09404945 -0.48544626 -3.90156209
v 7.09404945 -0.48544626 -3.90156209
v 9.79168117 -0.14561776 -3.91629077
v 9.79168266 -0.48544616 -3.90156247
v 7.09404945 -0.48544626 -3.90156209
v 9.79168266 -0.48544616 -3.90156247
v 9.79168266 -0.82126688 -3.84748168
v 10.00000164 -0.21851605 1.00816470
v 10.00000015 -0.78071491 0.91878530
v 9.99999940 -0.18879076 -0.99161379
v 10.00000089 1.30307544 0.34042713
v 9.99999866 0.86736493 0.70677828
v 9.99999940 -0.18879076 -0.99161379
v 9.99999940 -0.18879076 -0.99161379
v 9.99999866 0.86736493 0.70677828
v 10.00000089 0.34609078 0.93553402
v 9.99999940 -0.18879076 -0.99161379
v 10.00000089 0.34609078 0.93553402
v 10.00000164 -0.21851605 1.00816470
v 9.99999940 1.79486368 -1.24678947
v 9.99999940 1.78640299 -0.67759291
v 9.99999940 -0.18879076 -0.99161379
v 9.99999940 -0.18879076 -0.99161379
v 9.99999940 1.78640299 -0.67759291
v 10.00000164 1.61792412 -0.13383735
v 9.99999940 -0.18879076 -0.99161379
v 10.00000164 1.61792412 -0.13383735
v 10.00000089 1.30307544 0.34042713
v 10.00000015 0.91737779 -2.65786462
v 10.00000015 1.34200705 -2.27872599
v 9.99999940 -0.18879076 -0.99161379
v 9.99999940 -0.18879076 -0.99161379
v 10.00000015 1.34200705 -2.27872599
v 9.99999866 1.64262038 -1.79531276
v 9.99999940 -0.18879076 -0.99161379
v 9.99999866 1.64262038 -1.79531276
v 9.99999940 1.79486368 -1.24678947
v 10.00000015 -0.72367229 -2.91876271
v 10.00000015 -0.15906548 -2.99139321
v 9.99999940 -0.18879076 -0.99161379
v 9.99999940 -0.18879076 -0.99161379
v 10.00000015 -0.15906548 -2.99139321
v 10.00000089 0.40313303 -2.90201381
v 9.99999940 -0.18879076 -0.99161379
v 10.00000089 0.40313303 -2.90201381
v 10.00000015 0.91737779 -2.65786462
v 10.00000015 -1.99550521 -1.84939131
v 10.00000015 -1.68065727 -2.32365578
v 9.99999940 -0.18879076 -0.99161379
v 9.99999940 -0.18879076 -0.99161379
v 10.00000015 -1.68065727 -2.32365578
v 9.99999940 -1.24494685 -2.69000586
v 9.99999940 -0.18879076 -0.99161379
v 9.99999940 -1.24494685 -2.69000586
v 10.00000015 -0.72367229 -2.91876271
v 10.00000015 -2.02020220 -0.18791470
v 9.99999866 -2.17244551 -0.73643797
v 9.99999940 -0.18879076 -0.99161379
v 9.99999940 -0.18879076 -0.99161379
v 9.99999866 -2.17244551 -0.73643797
v 9.99999940 -2.16398500 -1.30563471
v 9.99999940 -0.18879076 -0.99161379
v 9.99999940 -2.16398500 -1.30563471
v 10.00000015 -1.99550521 -1.84939131
v 10.00000015 -0.78071491 0.91878530
v 10.00000089 -1.29495934 0.67463624
v 9.99999940 -0.18879076 -0.99161379
v 9.99999940 -0.18879076 -0.99161379
v 10.00000089 -1.29495934 0.67463624
v 10.00000089 -1.71958897 0.29549745
v 9.99999940 -0.18879076 -0.99161379
v 10.00000089 -1.71958897 0.29549745
v 10.00000015 -2.02020220 -0.18791470
v 9.89168212 -0.15906570 -2.99139302
v 10.00000015 -0.72367229 -2.91876271
v 9.89168212 -0.72367289 -2.91876253
v 9.89168212 -0.72367289 -2.91876253
v 10.00000015 -0.72367229 -2.91876271
v 9.99999940 -1.24494685 -2.69000586
v 9.89168212 -0.72367289 -2.91876253
v 9.99999940 -1.24494685 -2.69000586
v 9.89168137 -1.24494666 -2.69000567
v 9.89168137 -1.24494666 -2.69000567
v 9.99999940 -1.24494685 -2.69000586
v 10.00000015 -1.68065727 -2.32365578
v 9.89168137 -1.24494666 -2.69000567
v 10.00000015 -1.68065727 -2.32365578
v 9.89168212 -1.68065727 -2.32365560
v 9.89168212 -1.68065727 -2.32365560
v 10.00000015 -1.68065727 -2.32365578
v 10.00000015 -1.99550521 -1.84939131
v 9.89168212 -1.68065727 -2.32365560
v 10.00000015 -1.99550521 -1.84939131
v 9.89168137 -1.99550577 -1.84939113
v 9.89168137 -1.99550577 -1.84939113
v 10.00000015 -1.99550521 -1.84939131
v 9.99999940 -2.16398500 -1.30563471
v 9.89168137 -1.99550577 -1.84939113
v 9.99999940 -2.16398500 -1.30563471
v 9.89168063 -2.16398481 -1.30563444
v 9.89168063 -2.16398481 -1.30563444
v 9.99999940 -2.16398500 -1.30563471
v 9.99999866 -2.17244551 -0.73643797
v 9.89168063 -2.16398481 -1.30563444
v 9.99999866 -2.17244551 -0.73643797
v 9.89168361 -2.17244532 -0.73643900
v 9.89168361 -2.17244532 -0.73643900
v 9.99999866 -2.17244551 -0.73643797
v 10.00000015 -2.02020220 -0.18791470
v 9.89168361 -2.17244532 -0.73643900
v 10.00000015 -2.02020220 -0.18791470
v 9.89168137 -2.02020220 -0.18791448
v 9.89168137 -2.02020220 -0.18791448
v 10.00000015 -2.02020220 -0.18791470
v 10.00000089 -1.71958897 0.29549745
v 9.89168137 -2.02020220 -0.18791448
v 10.00000089 -1.71958897 0.29549745
v 9.89168286 -1.71958879 0.29549769
v 9.89168286 -1.71958879 0.29549769
v 10.00000089 -1.71958897 0.29549745
v 10.00000089 -1.29495934 0.67463624
v 9.89168286 -1.71958879 0.29549769
v 10.00000089 -1.29495934 0.67463624
v 9.89168286 -1.29495915 0.67463615
v 9.89168286 -1.29495915 0.67463615
v 10.00000089 -1.29495934 0.67463624
v 10.00000015 -0.78071491 0.91878530
v 9.89168286 -1.29495915 0.67463615
v 10.00000015 -0.78071491 0.91878530
v 9.89168212 -0.78071477 0.91878558
v 9.89168212 -0.78071477 0.91878558
v 10.00000015 -0.78071491 0.91878530
v 10.00000164 -0.21851605 1.00816470
v 9.89168212 -0.78071477 0.91878558
v 10.00000164 -0.21851605 1.00816470
v 9.89168286 -0.21851591 1.00816460
v 9.89168286 -0.21851591 1.00816460
v 10.00000164 -0.21851605 1.00816470
v 10.00000089 0.34609078 0.93553402
v 9.89168286 -0.21851591 1.00816460
v 10.00000089 0.34609078 0.93553402
v 9.89168286 0.34609092 0.93553429
v 9.89168286 0.34609092 0.93553429
v 10.00000089 0.34609078 0.93553402
v 9.99999866 0.86736493 0.70677828
v 9.89168286 0.34609092 0.93553429
v 9.99999866 0.86736493 0.70677828
v 9.89168361 0.86736511 0.70677744
v 9.89168361 0.86736511 0.70677744
v 9.99999866 0.86736493 0.70677828
v 10.00000089 1.30307544 0.34042713
v 9.89168361 0.86736511 0.70677744
v 10.00000089 1.30307544 0.34042713
v 9.89168286 1.30307563 0.34042737
v 9.89168286 1.30307563 0.34042737
v 10.00000089 1.30307544 0.34042713
v 10.00000164 1.61792412 -0.13383735
v 9.89168286 1.30307563 0.34042737
v 10.00000164 1.61792412 -0.13383735
v 9.89168286 1.61792375 -0.13383712
v 9.89168286 1.61792375 -0.13383712
v 10.00000164 1.61792412 -0.13383735
v 9.99999940 1.78640299 -0.67759291
v 9.89168286 1.61792375 -0.13383712
v 9.99999940 1.78640299 -0.67759291
v 9.89168137 1.78640317 -0.67759268
v 9.89168137 1.78640317 -0.67759268
v 9.99999940 1.78640299 -0.67759291
v 9.99999940 1.79486368 -1.24678947
v 9.89168137 1.78640317 -0.67759268
v 9.99999940 1.79486368 -1.24678947
v 9.89168137 1.79486368 -1.24678919
v 9.89168137 1.79486368 -1.24678919
v 9.99999940 1.79486368 -1.24678947
v 9.99999866 1.64262038 -1.79531276
v 9.89168137 1.79486368 -1.24678919
v 9.99999866 1.64262038 -1.79531276
v 9.89168361 1.64262056 -1.79531369
v 9.89168361 1.64262056 -1.79531369
v 9.99999866 1.64262038 -1.79531276
v 10.00000015 1.34200705 -2.27872599
v 9.89168361 1.64262056 -1.79531369
v 10.00000015 1.34200705 -2.27872599
v 9.89168212 1.34200724 -2.27872580
v 9.89168212 1.34200724 -2.27872580
v 10.00000015 1.34200705 -2.27872599
v 10.00000015 0.91737779 -2.65786462
v 9.89168212 1.34200724 -2.27872580
v 10.00000015 0.91737779 -2.65786462
v 9.89168212 0.91737797 -2.65786443
v 9.89168212 0.91737797 -2.65786443
v 10.00000015 0.91737779 -2.65786462
v 10.00000089 0.40313303 -2.90201381
v 9.89168212 0.91737797 -2.65786443
v 10.00000089 0.40313303 -2.90201381
v 9.89168286 0.40313317 -2.90201362
v 9.89168286 0.40313317 -2.90201362
v 10.00000089 0.40313303 -2.90201381
v 10.00000015 -0.15906548 -2.99139321
v 9.89168286 0.40313317 -2.90201362
v 10.00000015 -0.15906548 -2.99139321
v 9.89168212 -0.15906570 -2.99139302
v 9.89168212 -0.15906570 -2.99139302
v 10.00000015 -0.15906548 -2.99139321
v 10.00000015 -0.72367229 -2.91876271
v 9.89168137 0.09713247 1.81884933
v 9.89168286 -0.21851591 1.00816460
v 9.89168286 0.34609092 0.93553429
v 9.89168212 -1.68065727 -2.32365560
v 9.89168212 -1.97260194 -3.18243913
v 9.89168137 -1.24494666 -2.69000567
v 9.89168137 -1.24494666 -2.69000567
v 9.89168212 -1.97260194 -3.18243913
v 9.89168063 -1.41928773 -3.53469066
v 9.89168137 -1.24494666 -2.69000567
v 9.89168063 -1.41928773 -3.53469066
v 9.89168212 -0.72367289 -2.91876253
v 9.89168212 -0.72367289 -2.91876253
v 9.89168063 -1.41928773 -3.53469066
v 9.89168212 -0.79965359 -3.74984518
v 9.89168212 -0.72367289 -2.91876253
v 9.89168212 -0.79965359 -3.74984518
v 9.89168212 -0.15906570 -2.99139302
v 9.89168212 -0.15906570 -2.99139302
v 9.89168212 -0.79965359 -3.74984518
v 9.89168137 -0.14710423 -3.81630138
v 9.89168212 -0.15906570 -2.99139302
v 9.89168137 -0.14710423 -3.81630138
v 9.89168286 0.40313317 -2.90201362
v 9.89168286 0.40313317 -2.90201362
v 9.89168137 -0.14710423 -3.81630138
v 9.89168212 0.50318213 -3.73047926
v 9.89168286 0.40313317 -2.90201362
v 9.89168212 0.50318213 -3.73047926
v 9.89168212 0.91737797 -2.65786443
v 9.89168137 0.09713247 1.81884933
v 9.89168137 -0.23107789 1.83307435
v 9.89168286 -0.21851591 1.00816460
v 9.89168286 -0.21851591 1.00816460
v 9.89168137 -0.23107789 1.83307435
v 9.89168137 -0.55872053 1.80910043
v 9.89168286 -0.21851591 1.00816460
v 9.89168137 -0.55872053 1.80910043
v 9.89168212 -0.78071477 0.91878558
v 9.89168212 -0.78071477 0.91878558
v 9.89168137 -0.55872053 1.80910043
v 9.89168286 -1.19464556 1.64836384
v 9.89168212 -0.78071477 0.91878558
v 9.89168286 -1.19464556 1.64836384
v 9.89168286 -1.29495915 0.67463615
v 9.89168286 -1.29495915 0.67463615
v 9.89168286 -1.19464556 1.64836384
v 9.89168137 -1.77636165 1.34530645
v 9.89168286 -1.29495915 0.67463615
v 9.89168137 -1.77636165 1.34530645
v 9.89168286 -1.71958879 0.29549769
v 9.89168286 -1.71958879 0.29549769
v 9.89168137 -1.77636165 1.34530645
v 9.89168212 -2.27250811 0.91626430
v 9.89168286 -1.71958879 0.29549769
v 9.89168212 -2.27250811 0.91626430
v 9.89168137 -2.02020220 -0.18791448
v 9.89168137 1.78640317 -0.67759268
v 9.89168137 2.50488855 -0.14126116
v 9.89168286 1.61792375 -0.13383712
v 9.89168286 1.61792375 -0.13383712
v 9.89168137 2.50488855 -0.14126116
v 9.89168063 2.23616697 0.45709205
v 9.89168286 1.61792375 -0.13383712
v 9.89168063 2.23616697 0.45709205
v 9.89168286 1.30307563 0.34042737
v 9.89168286 1.30307563 0.34042737
v 9.89168063 2.23616697 0.45709205
v 9.89168212 1.83669962 0.97734453
v 9.89168286 1.30307563 0.34042737
v 9.89168212 1.83669962 0.97734453
v 9.89168361 0.86736511 0.70677744
v 9.89168361 0.86736511 0.70677744
v 9.89168212 1.83669962 0.97734453
v 9.89168137 1.32802110 1.39145106
v 9.89168361 0.86736511 0.70677744
v 9.89168137 1.32802110 1.39145106
v 9.89168286 0.34609092 0.93553429
v 9.89168286 0.34609092 0.93553429
v 9.89168137 1.32802110 1.39145106
v 9.89168212 0.73755449 1.67708471
v 9.89168286 0.34609092 0.93553429
v 9.89168212 0.73755449 1.67708471
v 9.89168137 0.09713247 1.81884933
v 9.89168212 0.50318213 -3.73047926
v 9.89168212 1.11614745 -3.49700376
v 9.89168212 0.91737797 -2.65786443
v 9.89168212 0.91737797 -2.65786443
v 9.89168212 1.11614745 -3.49700376
v 9.89168361 1.65874735 -3.12846228
v 9.89168212 0.91737797 -2.65786443
v 9.89168361 1.65874735 -3.12846228
v 9.89168212 1.34200724 -2.27872580
v 9.89168212 1.34200724 -2.27872580
v 9.89168361 1.65874735 -3.12846228
v 9.89168286 2.10172962 -2.64472254
v 9.89168212 1.34200724 -2.27872580
v 9.89168286 2.10172962 -2.64472254
v 9.89168361 1.64262056 -1.79531369
v 9.89168361 1.64262056 -1.79531369
v 9.89168286 2.10172962 -2.64472254
v 9.89168212 2.42121313 -2.07186267
v 9.89168361 1.64262056 -1.79531369
v 9.89168212 2.42121313 -2.07186267
v 9.89168137 1.79486368 -1.24678919
v 9.89168137 1.79486368 -1.24678919
v 9.89168212 2.42121313 -2.07186267
v 9.89168063 2.59997454 -1.44076655
v 9.89168137 1.79486368 -1.24678919
v 9.89168063 2.59997454 -1.44076655
v 9.89168137 1.78640317 -0.67759268
v 9.89168137 1.78640317 -0.67759268
v 9.89168063 2.59997454 -1.44076655
v 9.89168063 2.62837689 -0.78545678
v 9.89168137 1.78640317 -0.67759268
v 9.89168063 2.62837689 -0.78545678
v 9.89168137 2.50488855 -0.14126116
v 9.89168212 -2.27250811 0.91626430
v 9.89168137 -2.65633613 0.38436858
v 9.89168137 -2.02020220 -0.18791448
v 9.89168137 -2.02020220 -0.18791448
v 9.89168137 -2.65633613 0.38436858
v 9.89168137 -2.90715434 -0.22170688
v 9.89168137 -2.02020220 -0.18791448
v 9.89168137 -2.90715434 -0.22170688
v 9.89168361 -2.17244532 -0.73643900
v 9.89168361 -2.17244532 -0.73643900
v 9.89168137 -2.90715434 -0.22170688
v 9.89168286 -3.01144123 -0.86928895
v 9.89168361 -2.17244532 -0.73643900
v 9.89168286 -3.01144123 -0.86928895
v 9.89168063 -2.16398481 -1.30563444
v 9.89168063 -2.16398481 -1.30563444
v 9.89168286 -3.01144123 -0.86928895
v 9.89168361 -2.96357442 -1.52346538
v 9.89168063 -2.16398481 -1.30563444
v 9.89168361 -2.96357442 -1.52346538
v 9.89168137 -1.99550577 -1.84939113
v 9.89168137 -1.99550577 -1.84939113
v 9.89168361 -2.96357442 -1.52346538
v 9.89168137 -2.76613515 -2.14896854
v 9.89168137 -1.99550577 -1.84939113
v 9.89168137 -2.76613515 -2.14896854
v 9.89168212 -1.68065727 -2.32365560
v 9.89168212 -1.68065727 -2.32365560
v 9.89168137 -2.76613515 -2.14896854
v 9.89168212 -2.42976565 -2.71207932
v 9.89168212 -1.68065727 -2.32365560
v 9.89168212 -2.42976565 -2.71207932
v 9.89168212 -1.97260194 -3.18243913
v 9.89168137 -0.14710423 -3.81630138
v 9.79168117 -0.14561776 -3.91629077
v 9.79168117 0.19362246 -3.89146805
v 9.89168137 -0.14710423 -3.81630138
v 9.79168117 0.19362246 -3.89146805
v 9.89168212 0.50318213 -3.73047926
v 9.79168117 0.19362246 -3.89146805
v 9.79168117 0.52768718 -3.82742994
v 9.89168212 0.50318213 -3.73047926
v 9.89168212 0.50318213 -3.73047926
v 9.79168117 0.52768718 -3.82742994
v 9.79168117 0.85205864 -3.72504219
v 9.89168212 0.50318213 -3.73047926
v 9.79168117 0.85205864 -3.72504219
v 9.89168212 1.11614745 -3.49700376
v 9.79168117 0.85205864 -3.72504219
v 9.79168117 1.16235046 -3.58568989
v 9.89168212 1.11614745 -3.49700376
v 9.89168212 1.11614745 -3.49700376
v 9.79168117 1.16235046 -3.58568989
v 9.79168117 1.45436637 -3.41125652
v 9.89168212 1.11614745 -3.49700376
v 9.79168117 1.45436637 -3.41125652
v 9.89168361 1.65874735 -3.12846228
v 9.79168117 1.45436637 -3.41125652
v 9.79168341 1.72415767 -3.20410281
v 9.89168361 1.65874735 -3.12846228
v 9.89168361 1.65874735 -3.12846228
v 9.79168341 1.72415767 -3.20410281
v 9.79168192 1.96807478 -2.96702795
v 9.89168361 1.65874735 -3.12846228
v 9.79168192 1.96807478 -2.96702795
v 9.89168286 2.10172962 -2.64472254
v 9.89168286 2.10172962 -2.64472254
v 9.79168192 1.96807478 -2.96702795
v 9.79168192 2.18282044 -2.70323921
v 9.89168286 2.10172962 -2.64472254
v 9.79168192 2.18282044 -2.70323921
v 9.89168212 2.42121313 -2.07186267
v 9.89168212 2.42121313 -2.07186267
v 9.79168192 2.18282044 -2.70323921
v 9.79168266 2.36549024 -2.41630394
v 9.79168266 2.36549024 -2.41630394
v 9.79168192 2.51361318 -2.11010147
v 9.89168212 2.42121313 -2.07186267
v 9.89168212 2.42121313 -2.07186267
v 9.79168192 2.51361318 -2.11010147
v 9.79168192 2.62518730 -1.78877376
v 9.89168212 2.42121313 -2.07186267
v 9.79168192 2.62518730 -1.78877376
v 9.89168063 2.59997454 -1.44076655
v 9.89168063 2.59997454 -1.44076655
v 9.79168192 2.62518730 -1.78877376
v 9.79168341 2.69870274 -1.45666664
v 9.89168063 2.59997454 -1.44076655
v 9.79168341 2.69870274 -1.45666664
v 9.89168063 2.62837689 -0.78545678
v 9.89168063 2.62837689 -0.78545678
v 9.79168341 2.69870274 -1.45666664
v 9.79168117 2.73316540 -1.11826882
v 9.79168117 2.73316540 -1.11826882
v 9.79168117 2.72810999 -0.77815931
v 9.89168063 2.62837689 -0.78545678
v 9.89168063 2.62837689 -0.78545678
v 9.79168117 2.72810999 -0.77815931
v 9.79168117 2.68360451 -0.44093612
v 9.89168063 2.62837689 -0.78545678
v 9.79168117 2.68360451 -0.44093612
v 9.89168137 2.50488855 -0.14126116
v 9.89168137 2.50488855 -0.14126116
v 9.79168117 2.68360451 -0.44093612
v 9.79168192 2.60025058 -0.11116023
v 9.89168137 2.50488855 -0.14126116
v 9.79168192 2.60025058 -0.11116023
v 9.89168063 2.23616697 0.45709205
v 9.79168192 2.60025058 -0.11116023
v 9.79168117 2.47917548 0.20670923
v 9.89168063 2.23616697 0.45709205
v 9.89168063 2.23616697 0.45709205
v 9.79168117 2.47917548 0.20670923
v 9.79168341 2.32201684 0.50837281
v 9.89168063 2.23616697 0.45709205
v 9.79168341 2.32201684 0.50837281
v 9.89168212 1.83669962 0.97734453
v 9.89168212 1.83669962 0.97734453
v 9.79168341 2.32201684 0.50837281
v 9.79168192 2.13089995 0.78975251
v 9.79168192 2.13089995 0.78975251
v 9.79168266 1.90840904 1.04704238
v 9.89168212 1.83669962 0.97734453
v 9.89168212 1.83669962 0.97734453
v 9.79168266 1.90840904 1.04704238
v 9.79168192 1.65755283 1.27676250
v 9.89168212 1.83669962 0.97734453
v 9.79168192 1.65755283 1.27676250
v 9.89168137 1.32802110 1.39145106
v 9.89168137 1.32802110 1.39145106
v 9.79168192 1.65755283 1.27676250
v 9.79168192 1.38172386 1.47580700
v 9.89168137 1.32802110 1.39145106
v 9.79168192 1.38172386 1.47580700
v 9.89168212 0.73755449 1.67708471
v 9.89168212 0.73755449 1.67708471
v 9.79168192 1.38172386 1.47580700
v 9.79168266 1.08465254 1.64148323
v 9.79168266 1.08465254 1.64148323
v 9.79168266 0.77035623 1.77155174
v 9.89168212 0.73755449 1.67708471
v 9.89168212 0.73755449 1.67708471
v 9.79168266 0.77035623 1.77155174
v 9.79168117 0.44308468 1.86425373
v 9.89168212 0.73755449 1.67708471
v 9.79168117 0.44308468 1.86425373
v 9.89168137 0.09713247 1.81884933
v 9.89168137 0.09713247 1.81884933
v 9.79168117 0.44308468 1.86425373
v 9.79168117 0.10726395 1.91833470
v 9.89168137 0.09713247 1.81884933
v 9.79168117 0.10726395 1.91833470
v 9.89168137 -0.23107789 1.83307435
v 9.89168137 -0.23107789 1.83307435
v 9.79168117 0.10726395 1.91833470
v 9.79168266 -0.23256410 1.93306282
v 9.89168137 -0.23107789 1.83307435
v 9.79168266 -0.23256410 1.93306282
v 9.89168137 -0.55872053 1.80910043
v 9.79168266 -0.23256410 1.93306282
v 9.79168266 -0.57180431 1.90824009
v 9.89168137 -0.55872053 1.80910043
v 9.89168137 -0.55872053 1.80910043
v 9.79168266 -0.57180431 1.90824009
v 9.79168266 -0.90586897 1.84420217
v 9.89168137 -0.55872053 1.80910043
v 9.79168266 -0.90586897 1.84420217
v 9.89168286 -1.19464556 1.64836384
v 9.89168286 -1.19464556 1.64836384
v 9.79168266 -0.90586897 1.84420217
v 9.79168341 -1.23024052 1.74181443
v 9.89168286 -1.19464556 1.64836384
v 9.79168341 -1.23024052 1.74181443
v 9.89168137 -1.77636165 1.34530645
v 9.89168137 -1.77636165 1.34530645
v 9.79168341 -1.23024052 1.74181443
v 9.79168266 -1.54053271 1.60246175
v 9.79168266 -1.54053271 1.60246175
v 9.79168266 -1.83254853 1.42802857
v 9.89168137 -1.77636165 1.34530645
v 9.89168137 -1.77636165 1.34530645
v 9.79168266 -1.83254853 1.42802857
v 9.79168117 -2.10233945 1.22087495
v 9.89168137 -1.77636165 1.34530645
v 9.79168117 -2.10233945 1.22087495
v 9.89168212 -2.27250811 0.91626430
v 9.79168117 -2.10233945 1.22087495
v 9.79168192 -2.34625675 0.98379990
v 9.89168212 -2.27250811 0.91626430
v 9.89168212 -2.27250811 0.91626430
v 9.79168192 -2.34625675 0.98379990
v 9.79168192 -2.56100260 0.72001140
v 9.89168212 -2.27250811 0.91626430
v 9.79168192 -2.56100260 0.72001140
v 9.89168137 -2.65633613 0.38436858
v 9.79168192 -2.56100260 0.72001140
v 9.79168117 -2.74367239 0.43307589
v 9.89168137 -2.65633613 0.38436858
v 9.89168137 -2.65633613 0.38436858
v 9.79168117 -2.74367239 0.43307589
v 9.79168266 -2.89179534 0.12687355
v 9.89168137 -2.65633613 0.38436858
v 9.79168266 -2.89179534 0.12687355
v 9.89168137 -2.90715434 -0.22170688
v 9.79168266 -2.89179534 0.12687355
v 9.79168266 -3.00336871 -0.19445416
v 9.89168137 -2.90715434 -0.22170688
v 9.89168137 -2.90715434 -0.22170688
v 9.79168266 -3.00336871 -0.19445416
v 9.79168341 -3.07688452 -0.52656238
v 9.89168137 -2.90715434 -0.22170688
v 9.79168341 -3.07688452 -0.52656238
v 9.89168286 -3.01144123 -0.86928895
v 9.79168341 -3.07688452 -0.52656238
v 9.79168266 -3.11134737 -0.86495895
v 9.89168286 -3.01144123 -0.86928895
v 9.89168286 -3.01144123 -0.86928895
v 9.79168266 -3.11134737 -0.86495895
v 9.79168266 -3.10629234 -1.20506864
v 9.89168286 -3.01144123 -0.86928895
v 9.79168266 -3.10629234 -1.20506864
v 9.89168361 -2.96357442 -1.52346538
v 9.89168361 -2.96357442 -1.52346538
v 9.79168266 -3.10629234 -1.20506864
v 9.79168266 -3.06178648 -1.54229170
v 9.89168361 -2.96357442 -1.52346538
v 9.79168266 -3.06178648 -1.54229170
v 9.89168137 -2.76613515 -2.14896854
v 9.89168137 -2.76613515 -2.14896854
v 9.79168266 -3.06178648 -1.54229170
v 9.79168266 -2.97843255 -1.87206771
v 9.79168266 -2.97843255 -1.87206771
v 9.79168266 -2.85735782 -2.18993723
v 9.89168137 -2.76613515 -2.14896854
v 9.89168137 -2.76613515 -2.14896854
v 9.79168266 -2.85735782 -2.18993723
v 9.79168341 -2.70019900 -2.49160193
v 9.89168137 -2.76613515 -2.14896854
v 9.79168341 -2.70019900 -2.49160193
v 9.89168212 -2.42976565 -2.71207932
v 9.89168212 -2.42976565 -2.71207932
v 9.79168341 -2.70019900 -2.49160193
v 9.79168192 -2.50908211 -2.77298056
v 9.89168212 -2.42976565 -2.71207932
v 9.79168192 -2.50908211 -2.77298056
v 9.89168212 -1.97260194 -3.18243913
v 9.89168212 -1.97260194 -3.18243913
v 9.79168192 -2.50908211 -2.77298056
v 9.79168192 -2.28659082 -3.03027015
v 9.79168192 -2.28659082 -3.03027015
v 9.79168192 -2.03573518 -3.25999036
v 9.89168212 -1.97260194 -3.18243913
v 9.89168212 -1.97260194 -3.18243913
v 9.79168192 -2.03573518 -3.25999036
v 9.79168266 -1.75990574 -3.45903486
v 9.89168212 -1.97260194 -3.18243913
v 9.79168266 -1.75990574 -3.45903486
v 9.89168063 -1.41928773 -3.53469066
v 9.79168266 -1.75990574 -3.45903486
v 9.79168192 -1.46283479 -3.62471119
v 9.89168063 -1.41928773 -3.53469066
v 9.89168063 -1.41928773 -3.53469066
v 9.79168192 -1.46283479 -3.62471119
v 9.79168117 -1.14853811 -3.75477970
v 9.89168063 -1.41928773 -3.53469066
v 9.79168117 -1.14853811 -3.75477970
v 9.89168212 -0.79965359 -3.74984518
v 9.89168212 -0.79965359 -3.74984518
v 9.79168117 -1.14853811 -3.75477970
v 9.79168266 -0.82126688 -3.84748168
v 9.89168212 -0.79965359 -3.74984518
v 9.79168266 -0.82126688 -3.84748168
v 9.89168137 -0.14710423 -3.81630138
v 9.89168137 -0.14710423 -3.81630138
v 9.79168266 -0.82126688 -3.84748168
v 9.79168266 -0.48544616 -3.90156247
v 9.89168137 -0.14710423 -3.81630138
v 9.79168266 -0.48544616 -3.90156247
v 9.79168117 -0.14561776 -3.91629077
f 1 2 3
f 4 5 6
f 7 8 9
f 10 11 12
f 13 14 15
f 16 17 18
f 19 20 21
f 22 23 24
f 25 26 27
f 28 29 30
f 31 32 33
f 34 35 36
f 37 38 39
f 40 41 42
f 43 44 45
f 46 47 48
f 49 50 51
f 52 53 54
f 55 56 57
f 58 59 60
f 61 62 63
f 64 65 66
f 67 68 69
f 70 71 72
f 73 74 75
f 76 77 78
f 79 80 81
f 82 83 84
f 85 86 87
f 88 89 90
f 91 92 93
f 94 95 96
f 97 98 99
f 100 101 102
f 103 104 105
f 106 107 108
f 109 110 111
f 112 113 114
f 115 116 117
f 118 119 120
f 121 122 123
f 124 125 126
f 127 128 129
f 130 131 132
f 133 134 135
f 136 137 138
f 139 140 141
f 142 143 144
f 145 146 147
f 148 149 150
f 151 152 153
f 154 155 156
f 157 158 159
f 160 161 162
f 163 164 165
f 166 167 168
f 169 170 171
f 172 173 174
f 175 176 177
f 178 179 180
f 181 182 183
f 184 185 186
f 187 188 189
f 190 191 192
f 193 194 195
f 196 197 198
f 199 200 201
f 202 203 204
f 205 206 207
f 208 209 210
f 211 212 213
f 214 215 216
f 217 218 219
f 220 221 222
f 223 224 225
f 226 227 228
f 229 230 231
f 232 233 234
f 235 236 237
f 238 239 240
f 241 242 243
f 244 245 246
f 247 248 249
f 250 251 252
f 253 254 255
f 256 257 258
f 259 260 261
f 262 263 264
f 265 266 267
f 268 269 270
f 271 272 273
f 274 275 276
f 277 278 279
f 280 281 282
f 283 284 285
f 286 287 288
f 289 290 291
f 292 293 294
f 295 296 297
f 298 299 300
f 301 302 303
f 304 305 306
f 307 308 309
f 310 311 312
f 313 314 315
f 316 317 318
f 319 320 321
f 322 323 324
f 325 326 327
f 328 329 330
f 331 332 333
f 334 335 336
f 337 338 339
f 340 341 342
f 343 344 345
f 346 347 348
f 349 350 351
f 352 353 354
f 355 356 357
f 358 359 360
f 361 362 363
f 364 365 366
f 367 368 369
f 370 371 372
f 373 374 375
f 376 377 378
f 379 380 381
f 382 383 384
f 385 386 387
f 388 389 390
f 391 392 393
f 394 395 396
f 397 398 399
f 400 401 402
f 403 404 405
f 406 407 408
f 409 410 411
f 412 413 414
f 415 416 417
f 418 419 420
f 421 422 423
f 424 425 426
f 427 428 429
f 430 431 432
f 433 434 435
f 436 437 438
f 439 440 441
f 442 443 444
f 445 446 447
f 448 449 450
f 451 452 453
f 454 455 456
f 457 458 459
f 460 461 462
f 463 464 465
f 466 467 468
f 469 470 471
f 472 473 474
f 475 476 477
f 478 479 480
f 481 482 483
f 484 485 486
f 487 488 489
f 490 491 492
f 493 494 495
f 496 497 498
f 499 500 501
f 502 503 504
f 505 506 507
f 508 509 510
f 511 512 513
f 514 515 516
f 517 518 519
f 520 521 522
f 523 524 525
f 526 527 528
f 529 530 531
f 532 533 534
f 535 536 537
f 538 539 540
f 541 542 543
f 544 545 546
f 547 548 549
f 550 551 552
f 553 554 555
f 556 557 558
f 559 560 561
f 562 563 564
f 565 566 567
f 568 569 570
f 571 572 573
f 574 575 576
f 577 578 579
f 580 581 582
f 583 584 585
f 586 587 588
f 589 590 591
f 592 593 594
f 595 596 597
f 598 599 600
f 601 602 603
f 604 605 606
f 607 608 609
f 610 611 612
f 613 614 615
f 616 617 618
f 619 620 621
f 622 623 624
f 625 626 627
f 628 629 630
f 631 632 633
f 634 635 636
f 637 638 639
f 640 641 642
f 643 644 645
f 646 647 648
f 649 650 651
f 652 653 654
f 655 656 657
f 658 659 660
f 661 662 663
f 664 665 666
f 667 668 669
f 670 671 672
f 673 674 675
f 676 677 678
f 679 680 681
f 682 683 684
f 685 686 687
f 688 689 690
f 691 692 693
f 694 695 696
f 697 698 699
f 700 701 702
f 703 704 705
f 706 707 708
f 709 710 711
f 712 713 714
f 715 716 717
f 718 719 720
f 721 722 723
f 724 725 726
f 727 728 729
f 730 731 732
f 733 734 735
f 736 737 738
f 739 740 741
f 742 743 744
f 745 746 747
f 748 749 750
f 751 752 753
f 754 755 756
f 757 758 759
f 760 761 762
f 763 764 765
f 766 767 768
f 769 770 771
f 772 773 774
f 775 776 777
f 778 779 780
f 781 782 783
f 784 785 786
f 787 788 789
f 790 791 792
f 793 794 795
f 796 797 798
f 799 800 801
f 802 803 804
f 805 806 807
f 808 809 810
f 811 812 813
f 814 815 816
f 817 818 819
f 820 821 822
f 823 824 825
f 826 827 828
f 829 830 831
f 832 833 834
f 835 836 837
f 838 839 840
f 841 842 843
f 844 845 846
f 847 848 849
f 850 851 852
f 853 854 855
f 856 857 858
f 859 860 861
f 862 863 864
f 865 866 867
f 868 869 870
f 871 872 873
f 874 875 876
f 877 878 879
f 880 881 882
f 883 884 885
f 886 887 888
f 889 890 891
f 892 893 894
f 895 896 897
f 898 899 900
f 901 902 903
f 904 905 906
f 907 908 909
f 910 911 912
f 913 914 915
f 916 917 918
f 919 920 921
f 922 923 924
f 925 926 927
f 928 929 930
f 931 932 933
f 934 935 936
f 937 938 939
f 940 941 942
f 943 944 945
f 946 947 948
f 949 950 951
f 952 953 954
f 955 956 957
f 958 959 960
f 961 962 963
f 964 965 966
f 967 968 969
f 970 971 972
f 973 974 975
f 976 977 978
f 979 980 981
f 982 983 984
f 985 986 987
f 988 989 990
f 991 992 993
f 994 995 996
f 997 998 999
f 1000 1001 1002
f 1003 1004 1005
f 1006 1007 1008
f 1009 1010 1011
f 1012 1013 1014
f 1015 1016 1017
f 1018 1019 1020
f 1021 1022 1023
f 1024 1025 1026
f 1027 1028 1029
f 1030 1031 1032
f 1033 1034 1035
f 1036 1037 1038
f 1039 1040 1041
f 1042 1043 1044
f 1045 1046 1047
f 1048 1049 1050
f 1051 1052 1053
f 1054 1055 1056
f 1057 1058 1059
f 1060 1061 1062
f 1063 1064 1065
f 1066 1067 1068
f 1069 1070 1071
f 1072 1073 1074
f 1075 1076 1077
f 1078 1079 1080
f 1081 1082 1083
f 1084 1085 1086
f 1087 1088 1089
f 1090 1091 1092
f 1093 1094 1095
f 1096 1097 1098
f 1099 1100 1101
f 1102 1103 1104
f 1105 1106 1107
f 1108 1109 1110
f 1111 1112 1113
f 1114 1115 1116
f 1117 1118 1119
f 1120 1121 1122
f 1123 1124 1125
f 1126 1127 1128
f 1129 1130 1131
f 1132 1133 1134
f 1135 1136 1137
f 1138 1139 1140
f 1141 1142 1143
f 1144 1145 1146
f 1147 1148 1149
f 1150 1151 1152
f 1153 1154 1155
f 1156 1157 1158
f 1159 1160 1161
f 1162 1163 1164
f 1165 1166 1167
f 1168 1169 1170
f 1171 1172 1173
f 1174 1175 1176
f 1177 1178 1179
f 1180 1181 1182
f 1183 1184 1185
f 1186 1187 1188
f 1189 1190 1191
f 1192 1193 1194
f 1195 1196 1197
f 1198 1199 1200
f 1201 1202 1203
f 1204 1205 1206
f 1207 1208 1209
f 1210 1211 1212
f 1213 1214 1215
f 1216 1217 1218
f 1219 1220 1221
f 1222 1223 1224
f 1225 1226 1227
f 1228 1229 1230
f 1231 1232 1233
f 1234 1235 1236
f 1237 1238 1239
f 1240 1241 1242
f 1243 1244 1245
f 1246 1247 1248
f 1249 1250 1251
f 1252 1253 1254
f 1255 1256 1257
f 1258 1259 1260
f 1261 1262 1263
f 1264 1265 1266
f 1267 1268 1269
f 1270 1271 1272
f 1273 1274 1275
f 1276 1277 1278
f 1279 1280 1281
f 1282 1283 1284
f 1285 1286 1287
f 1288 1289 1290
f 1291 1292 1293
f 1294 1295 1296
f 1297 1298 1299
f 1300 1301 1302
f 1303 1304 1305
f 1306 1307 1308
f 1309 1310 1311
f 1312 1313 1314
f 1315 1316 1317
f 1318 1319 1320
f 1321 1322 1323
f 1324 1325 1326
f 1327 1328 1329
f 1330 1331 1332
f 1333 1334 1335
f 1336 1337 1338
f 1339 1340 1341
f 1342 1343 1344
f 1345 1346 1347
f 1348 1349 1350
f 1351 1352 1353
f 1354 1355 1356
f 1357 1358 1359
f 1360 1361 1362
f 1363 1364 1365
f 1366 1367 1368
f 1369 1370 1371
f 1372 1373 1374
f 1375 1376 1377
f 1378 1379 1380
f 1381 1382 1383
f 1384 1385 1386
f 1387 1388 1389
f 1390 1391 1392
f 1393 1394 1395
f 1396 1397 1398
f 1399 1400 1401
f 1402 1403 1404
f 1405 1406 1407
f 1408 1409 1410
f 1411 1412 1413
f 1414 1415 1416
f 1417 1418 1419
f 1420 1421 1422
f 1423 1424 1425
f 1426 1427 1428
f 1429 1430 1431
f 1432 1433 1434
f 1435 1436 1437
f 1438 1439 1440
f 1441 1442 1443
f 1444 1445 1446
f 1447 1448 1449
f 1450 1451 1452
f 1453 1454 1455
f 1456 1457 1458
f 1459 1460 1461
f 1462 1463 1464
f 1465 1466 1467
f 1468 1469 1470
f 1471 1472 1473
f 1474 1475 1476
f 1477 1478 1479
f 1480 1481 1482
f 1483 1484 1485
f 1486 1487 1488
f 1489 1490 1491
f 1492 1493 1494
f 1495 1496 1497
f 1498 1499 1500
f 1501 1502 1503
f 1504 1505 1506
f 1507 1508 1509
f 1510 1511 1512
f 1513 1514 1515
f 1516 1517 1518
f 1519 1520 1521
f 1522 1523 1524
f 1525 1526 1527
f 1528 1529 1530
f 1531 1532 1533
f 1534 1535 1536
f 1537 1538 1539
f 1540 1541 1542
f 1543 1544 1545
f 1546 1547 1548
f 1549 1550 1551
f 1552 1553 1554
f 1555 1556 1557
f 1558 1559 1560
f 1561 1562 1563
f 1564 1565 1566
f 1567 1568 1569
f 1570 1571 1572
f 1573 1574 1575
f 1576 1577 1578
f 1579 1580 1581
f 1582 1583 1584
f 1585 1586 1587
f 1588 1589 1590
f 1591 1592 1593
f 1594 1595 1596
f 1597 1598 1599
f 1600 1601 1602
f 1603 1604 1605
f 1606 1607 1608
f 1609 1610 1611
f 1612 1613 1614
f 1615 1616 1617
f 1618 1619 1620
f 1621 1622 1623
f 1624 1625 1626
f 1627 1628 1629
f 1630 1631 1632
f 1633 1634 1635
f 1636 1637 1638
f 1639 1640 1641
f 1642 1643 1644
f 1645 1646 1647
f 1648 1649 1650
f 1651 1652 1653
f 1654 1655 1656
f 1657 1658 1659
f 1660 1661 1662
f 1663 1664 1665
f 1666 1667 1668
f 1669 1670 1671
f 1672 1673 1674
f 1675 1676 1677
f 1678 1679 1680
f 1681 1682 1683
f 1684 1685 1686
f 1687 1688 1689
f 1690 1691 1692
f 1693 1694 1695
f 1696 1697 1698
f 1699 1700 1701
f 1702 1703 1704
f 1705 1706 1707
f 1708 1709 1710
f 1711 1712 1713
f 1714 1715 1716
f 1717 1718 1719
f 1720 1721 1722
f 1723 1724 1725
f 1726 1727 1728
f 1729 1730 1731
f 1732 1733 1734
f 1735 1736 1737
f 1738 1739 1740
f 1741 1742 1743
f 1744 1745 1746
f 1747 1748 1749
f 1750 1751 1752
f 1753 1754 1755
f 1756 1757 1758
f 1759 1760 1761
f 1762 1763 1764
f 1765 1766 1767
f 1768 1769 1770
f 1771 1772 1773
f 1774 1775 1776
f 1777 1778 1779
f 1780 1781 1782
f 1783 1784 1785
f 1786 1787 1788
f 1789 1790 1791
f 1792 1793 1794
f 1795 1796 1797
f 1798 1799 1800
f 1801 1802 1803
f 1804 1805 1806
f 1807 1808 1809
f 1810 1811 1812
f 1813 1814 1815
f 1816 1817 1818
f 1819 1820 1821
f 1822 1823 1824
f 1825 1826 1827
f 1828 1829 1830
f 1831 1832 1833
f 1834 1835 1836
f 1837 1838 1839
f 1840 1841 1842
f 1843 1844 1845
f 1846 1847 1848
f 1849 1850 1851
f 1852 1853 1854
f 1855 1856 1857
f 1858 1859 1860
f 1861 1862 1863
f 1864 1865 1866
f 1867 1868 1869
f 1870 1871 1872
f 1873 1874 1875
f 1876 1877 1878
f 1879 1880 1881
f 1882 1883 1884
f 1885 1886 1887
f 1888 1889 1890
f 1891 1892 1893
f 1894 1895 1896
f 1897 1898 1899
f 1900 1901 1902
f 1903 1904 1905
f 1906 1907 1908
f 1909 1910 1911
f 1912 1913 1914
f 1915 1916 1917
f 1918 1919 1920
f 1921 1922 1923
f 1924 1925 1926
f 1927 1928 1929
f 1930 1931 1932
f 1933 1934 1935
f 1936 1937 1938
f 1939 1940 1941
f 1942 1943 1944
f 1945 1946 1947
f 1948 1949 1950
f 1951 1952 1953
f 1954 1955 1956
f 1957 1958 1959
f 1960 1961 1962
f 1963 1964 1965
f 1966 1967 1968
f 1969 1970 1971
f 1972 1973 1974
f 1975 1976 1977
f 1978 1979 1980
f 1981 1982 1983
f 1984 1985 1986
f 1987 1988 1989
f 1990 1991 1992
f 1993 1994 1995
f 1996 1997 1998
f 1999 2000 2001
f 2002 2003 2004
f 2005 2006 2007
f 2008 2009 2010
f 2011 2012 2013
f 2014 2015 2016
f 2017 2018 2019
f 2020 2021 2022
f 2023 2024 2025
f 2026 2027 2028
f 2029 2030 2031
f 2032 2033 2034
f 2035 2036 2037
f 2038 2039 2040
f 2041 2042 2043
f 2044 2045 2046
f 2047 2048 2049
f 2050 2051 2052
f 2053 2054 2055
f 2056 2057 2058
f 2059 2060 2061
f 2062 2063 2064
f 2065 2066 2067
f 2068 2069 2070
f 2071 2072 2073
f 2074 2075 2076
f 2077 2078 2079
f 2080 2081 2082
f 2083 2084 2085
f 2086 2087 2088
f 2089 2090 2091
f 2092 2093 2094
f 2095 2096 2097
f 2098 2099 2100
f 2101 2102 2103
f 2104 2105 2106
f 2107 2108 2109
f 2110 2111 2112
f 2113 2114 2115
f 2116 2117 2118
f 2119 2120 2121
f 2122 2123 2124
f 2125 2126 2127
f 2128 2129 2130
f 2131 2132 2133
f 2134 2135 2136
f 2137 2138 2139
f 2140 2141 2142
f 2143 2144 2145
f 2146 2147 2148
f 2149 2150 2151
f 2152 2153 2154
f 2155 2156 2157
f 2158 2159 2160
f 2161 2162 2163
f 2164 2165 2166
f 2167 2168 2169
f 2170 2171 2172
f 2173 2174 2175
f 2176 2177 2178
f 2179 2180 2181
f 2182 2183 2184
f 2185 2186 2187
f 2188 2189 2190
f 2191 2192 2193
f 2194 2195 2196
f 2197 2198 2199
f 2200 2201 2202
f 2203 2204 2205
f 2206 2207 2208
f 2209 2210 2211
f 2212 2213 2214
f 2215 2216 2217
f 2218 2219 2220
f 2221 2222 2223
f 2224 2225 2226
f 2227 2228 2229
f 2230 2231 2232
f 2233 2234 2235
f 2236 2237 2238
f 2239 2240 2241
f 2242 2243 2244
f 2245 2246 2247
f 2248 2249 2250
f 2251 2252 2253
f 2254 2255 2256
f 2257 2258 2259
f 2260 2261 2262
f 2263 2264 2265
f 2266 2267 2268
f 2269 2270 2271
f 2272 2273 2274
f 2275 2276 2277
f 2278 2279 2280
f 2281 2282 2283
f 2284 2285 2286
f 2287 2288 2289
f 2290 2291 2292
f 2293 2294 2295
f 2296 2297 2298
f 2299 2300 2301
f 2302 2303 2304
f 2305 2306 2307
f 2308 2309 2310
f 2311 2312 2313
f 2314 2315 2316
f 2317 2318 2319
f 2320 2321 2322
f 2323 2324 2325
f 2326 2327 2328
f 2329 2330 2331
f 2332 2333 2334
f 2335 2336 2337
f 2338 2339 2340
f 2341 2342 2343
f 2344 2345 2346
f 2347 2348 2349
f 2350 2351 2352
f 2353 2354 2355
f 2356 2357 2358
f 2359 2360 2361
f 2362 2363 2364
f 2365 2366 2367
f 2368 2369 2370
f 2371 2372 2373
f 2374 2375 2376
f 2377 2378 2379
f 2380 2381 2382
f 2383 2384 2385
f 2386 2387 2388
f 2389 2390 2391
f 2392 2393 2394
f 2395 2396 2397
f 2398 2399 2400
f 2401 2402 2403
f 2404 2405 2406
f 2407 2408 2409
f 2410 2411 2412
f 2413 2414 2415
f 2416 2417 2418
f 2419 2420 2421
f 2422 2423 2424
f 2425 2426 2427
f 2428 2429 2430
f 2431 2432 2433
f 2434 2435 2436
f 2437 2438 2439
f 2440 2441 2442
f 2443 2444 2445
f 2446 2447 2448
f 2449 2450 2451
f 2452 2453 2454
f 2455 2456 2457
f 2458 2459 2460
f 2461 2462 2463
f 2464 2465 2466
f 2467 2468 2469
f 2470 2471 2472
f 2473 2474 2475
f 2476 2477 2478
f 2479 2480 2481
f 2482 2483 2484
f 2485 2486 2487
f 2488 2489 2490
f 2491 2492 2493
f 2494 2495 2496
f 2497 2498 2499
f 2500 2501 2502
f 2503 2504 2505
f 2506 2507 2508
f 2509 2510 2511
f 2512 2513 2514
f 2515 2516 2517
f 2518 2519 2520
f 2521 2522 2523
f 2524 2525 2526
f 2527 2528 2529
f 2530 2531 2532
f 2533 2534 2535
f 2536 2537 2538
f 2539 2540 2541
f 2542 2543 2544
f 2545 2546 2547
f 2548 2549 2550
f 2551 2552 2553
f 2554 2555 2556
f 2557 2558 2559
f 2560 2561 2562
f 2563 2564 2565
f 2566 2567 2568
f 2569 2570 2571
f 2572 2573 2574
f 2575 2576 2577
f 2578 2579 2580
f 2581 2582 2583
f 2584 2585 2586
f 2587 2588 2589
f 2590 2591 2592
f 2593 2594 2595
f 2596 2597 2598
f 2599 2600 2601
f 2602 2603 2604
f 2605 2606 2607
f 2608 2609 2610
f 2611 2612 2613
f 2614 2615 2616
f 2617 2618 2619
f 2620 2621 2622
f 2623 2624 2625
f 2626 2627 2628
f 2629 2630 2631
f 2632 2633 2634
f 2635 2636 2637
f 2638 2639 2640
f 2641 2642 2643
f 2644 2645 2646
f 2647 2648 2649
f 2650 2651 2652
f 2653 2654 2655
f 2656 2657 2658
f 2659 2660 2661
f 2662 2663 2664
f 2665 2666 2667
f 2668 2669 2670
f 2671 2672 2673
f 2674 2675 2676
f 2677 2678 2679
f 2680 2681 2682
f 2683 2684 2685
f 2686 2687 2688
f 2689 2690 2691
f 2692 2693 2694
f 2695 2696 2697
f 2698 2699 2700
f 2701 2702 2703
f 2704 2705 2706
f 2707 2708 2709
f 2710 2711 2712
f 2713 2714 2715
f 2716 2717 2718
f 2719 2720 2721
f 2722 2723 2724
f 2725 2726 2727
f 2728 2729 2730
f 2731 2732 2733
f 2734 2735 2736
f 2737 2738 2739
f 2740 2741 2742
f 2743 2744 2745
f 2746 2747 2748
f 2749 2750 2751
f 2752 2753 2754
f 2755 2756 2757
f 2758 2759 2760
f 2761 2762 2763
f 2764 2765 2766
f 2767 2768 2769
f 2770 2771 2772
f 2773 2774 2775
f 2776 2777 2778
f 2779 2780 2781
f 2782 2783 2784
f 2785 2786 2787
f 2788 2789 2790
f 2791 2792 2793
f 2794 2795 2796
f 2797 2798 2799
f 2800 2801 2802
f 2803 2804 2805
f 2806 2807 2808
f 2809 2810 2811
f 2812 2813 2814
f 2815 2816 2817
f 2818 2819 2820
f 2821 2822 2823
f 2824 2825 2826
f 2827 2828 2829
f 2830 2831 2832
f 2833 2834 2835
f 2836 2837 2838
f 2839 2840 2841
f 2842 2843 2844
f 2845 2846 2847
f 2848 2849 2850
f 2851 2852 2853
f 2854 2855 2856
f 2857 2858 2859
f 2860 2861 2862
f 2863 2864 2865
f 2866 2867 2868
f 2869 2870 2871
f 2872 2873 2874
f 2875 2876 2877
f 2878 2879 2880
f 2881 2882 2883
f 2884 2885 2886
f 2887 2888 2889
f 2890 2891 2892
f 2893 2894 2895
f 2896 2897 2898
f 2899 2900 2901
f 2902 2903 2904
f 2905 2906 2907
f 2908 2909 2910
f 2911 2912 2913
f 2914 2915 2916
f 2917 2918 2919
f 2920 2921 2922
f 2923 2924 2925
f 2926 2927 2928
f 2929 2930 2931
f 2932 2933 2934
f 2935 2936 2937
f 2938 2939 2940
f 2941 2942 2943
f 2944 2945 2946
f 2947 2948 2949
f 2950 2951 2952
f 2953 2954 2955
f 2956 2957 2958
f 2959 2960 2961
f 2962 2963 2964
f 2965 2966 2967
f 2968 2969 2970
f 2971 2972 2973
f 2974 2975 2976
f 2977 2978 2979
f 2980 2981 2982
f 2983 2984 2985
f 2986 2987 2988
f 2989 2990 2991
f 2992 2993 2994
f 2995 2996 2997
f 2998 2999 3000
f 3001 3002 3003
f 3004 3005 3006
f 3007 3008 3009
f 3010 3011 3012
f 3013 3014 3015
f 3016 3017 3018
f 3019 3020 3021
f 3022 3023 3024
f 3025 3026 3027
f 3028 3029 3030
f 3031 3032 3033
f 3034 3035 3036
f 3037 3038 3039
f 3040 3041 3042
f 3043 3044 3045
f 3046 3047 3048
f 3049 3050 3051
f 3052 3053 3054
f 3055 3056 3057
f 3058 3059 3060
f 3061 3062 3063
f 3064 3065 3066
f 3067 3068 3069
f 3070 3071 3072
f 3073 3074 3075
f 3076 3077 3078
f 3079 3080 3081
f 3082 3083 3084
f 3085 3086 3087
f 3088 3089 3090
f 3091 3092 3093
f 3094 3095 3096
f 3097 3098 3099
f 3100 3101 3102
f 3103 3104 3105
f 3106 3107 3108
f 3109 3110 3111
f 3112 3113 3114
f 3115 3116 3117
f 3118 3119 3120
f 3121 3122 3123
f 3124 3125 3126
f 3127 3128 3129
f 3130 3131 3132
f 3133 3134 3135
f 3136 3137 3138
f 3139 3140 3141
f 3142 3143 3144
f 3145 3146 3147
f 3148 3149 3150
f 3151 3152 3153
f 3154 3155 3156
f 3157 3158 3159
f 3160 3161 3162
f 3163 3164 3165
f 3166 3167 3168
f 3169 3170 3171
f 3172 3173 3174
f 3175 3176 3177
f 3178 3179 3180
f 3181 3182 3183
f 3184 3185 3186
f 3187 3188 3189
f 3190 3191 3192
f 3193 3194 3195
f 3196 3197 3198
f 3199 3200 3201
f 3202 3203 3204
f 3205 3206 3207
f 3208 3209 3210
f 3211 3212 3213
f 3214 3215 3216
f 3217 3218 3219
f 3220 3221 3222
f 3223 3224 3225
f 3226 3227 3228
f 3229 3230 3231
f 3232 3233 3234
f 3235 3236 3237
f 3238 3239 3240
f 3241 3242 3243
f 3244 3245 3246
f 3247 3248 3249
f 3250 3251 3252
f 3253 3254 3255
f 3256 3257 3258
f 3259 3260 3261
f 3262 3263 3264
f 3265 3266 3267
f 3268 3269 3270
f 3271 3272 3273
f 3274 3275 3276
f 3277 3278 3279
f 3280 3281 3282
f 3283 3284 3285
f 3286 3287 3288
f 3289 3290 3291
f 3292 3293 3294
f 3295 3296 3297
f 3298 3299 3300
f 3301 3302 3303
f 3304 3305 3306
f 3307 3308 3309
f 3310 3311 3312
f 3313 3314 3315
f 3316 3317 3318
f 3319 3320 3321
f 3322 3323 3324
f 3325 3326 3327
f 3328 3329 3330
f 3331 3332 3333
f 3334 3335 3336
f 3337 3338 3339
f 3340 3341 3342
f 3343 3344 3345
f 3346 3347 3348
f 3349 3350 3351
f 3352 3353 3354
f 3355 3356 3357
f 3358 3359 3360
f 3361 3362 3363
f 3364 3365 3366
f 3367 3368 3369
f 3370 3371 3372
f 3373 3374 3375
f 3376 3377 3378
f 3379 3380 3381
f 3382 3383 3384
f 3385 3386 3387
f 3388 3389 3390
f 3391 3392 3393
f 3394 3395 3396
f 3397 3398 3399
f 3400 3401 3402
f 3403 3404 3405
f 3406 3407 3408
f 3409 3410 3411
f 3412 3413 3414
f 3415 3416 3417
f 3418 3419 3420
f 3421 3422 3423
f 3424 3425 3426
f 3427 3428 3429
f 3430 3431 3432
f 3433 3434 3435
f 3436 3437 3438
f 3439 3440 3441
f 3442 3443 3444
f 3445 3446 3447
f 3448 3449 3450
f 3451 3452 3453
f 3454 3455 3456
f 3457 3458 3459
f 3460 3461 3462
f 3463 3464 3465
f 3466 3467 3468
f 3469 3470 3471
f 3472 3473 3474
f 3475 3476 3477
f 3478 3479 3480
f 3481 3482 3483
f 3484 3485 3486
f 3487 3488 3489
f 3490 3491 3492
f 3493 3494 3495
f 3496 3497 3498
f 3499 3500 3501
f 3502 3503 3504
f 3505 3506 3507
f 3508 3509 3510
f 3511 3512 3513
f 3514 3515 3516
f 3517 3518 3519
f 3520 3521 3522
f 3523 3524 3525
f 3526 3527 3528
f 3529 3530 3531
f 3532 3533 3534
f 3535 3536 3537
f 3538 3539 3540
f 3541 3542 3543
f 3544 3545 3546
f 3547 3548 3549
f 3550 3551 3552
f 3553 3554 3555
f 3556 3557 3558
f 3559 3560 3561
f 3562 3563 3564
f 3565 3566 3567
f 3568 3569 3570
f 3571 3572 3573
f 3574 3575 3576
f 3577 3578 3579
f 3580 3581 3582
f 3583 3584 3585
f 3586 3587 3588
f 3589 3590 3591
f 3592 3593 3594
f 3595 3596 3597
f 3598 3599 3600
f 3601 3602 3603
f 3604 3605 3606
f 3607 3608 3609
f 3610 3611 3612
f 3613 3614 3615
f 3616 3617 3618
f 3619 3620 3621
f 3622 3623 3624
f 3625 3626 3627
f 3628 3629 3630
f 3631 3632 3633
f 3634 3635 3636
f 3637 3638 3639
f 3640 3641 3642
f 3643 3644 3645
f 3646 3647 3648
f 3649 3650 3651
f 3652 3653 3654
f 3655 3656 3657
f 3658 3659 3660
f 3661 3662 3663
f 3664 3665 3666
f 3667 3668 3669
f 3670 3671 3672
f 3673 3674 3675
f 3676 3677 3678
f 3679 3680 3681
f 3682 3683 3684
f 3685 3686 3687
f 3688 3689 3690
f 3691 3692 3693
f 3694 3695 3696
f 3697 3698 3699
f 3700 3701 3702
f 3703 3704 3705
f 3706 3707 3708
f 3709 3710 3711
f 3712 3713 3714
f 3715 3716 3717
f 3718 3719 3720
f 3721 3722 3723
f 3724 3725 3726
f 3727 3728 3729
f 3730 3731 3732
f 3733 3734 3735
f 3736 3737 3738
f 3739 3740 3741
f 3742 3743 3744
f 3745 3746 3747
f 3748 3749 3750
f 3751 3752 3753
f 3754 3755 3756
f 3757 3758 3759
f 3760 3761 3762
f 3763 3764 3765
f 3766 3767 3768
f 3769 3770 3771
f 3772 3773 3774
f 3775 3776 3777
f 3778 3779 3780
f 3781 3782 3783
f 3784 3785 3786
f 3787 3788 3789
f 3790 3791 3792
f 3793 3794 3795
f 3796 3797 3798
f 3799 3800 3801
f 3802 3803 3804
f 3805 3806 3807
f 3808 3809 3810
f 3811 3812 3813
f 3814 3815 3816
f 3817 3818 3819
f 3820 3821 3822
f 3823 3824 3825
f 3826 3827 3828
f 3829 3830 3831
f 3832 3833 3834
f 3835 3836 3837
f 3838 3839 3840
f 3841 3842 3843
f 3844 3845 3846
f 3847 3848 3849
f 3850 3851 3852
f 3853 3854 3855
f 3856 3857 3858
f 3859 3860 3861
f 3862 3863 3864
f 3865 3866 3867
f 3868 3869 3870
f 3871 3872 3873
f 3874 3875 3876
f 3877 3878 3879
f 3880 3881 3882
f 3883 3884 3885
f 3886 3887 3888
f 3889 3890 3891
f 3892 3893 3894
f 3895 3896 3897
f 3898 3899 3900
f 3901 3902 3903
f 3904 3905 3906
f 3907 3908 3909
f 3910 3911 3912
f 3913 3914 3915
f 3916 3917 3918
f 3919 3920 3921
f 3922 3923 3924
f 3925 3926 3927
f 3928 3929 3930
f 3931 3932 3933
f 3934 3935 3936
f 3937 3938 3939
f 3940 3941 3942
f 3943 3944 3945
f 3946 3947 3948
f 3949 3950 3951
f 3952 3953 3954
f 3955 3956 3957
f 3958 3959 3960
f 3961 3962 3963
f 3964 3965 3966
f 3967 3968 3969
f 3970 3971 3972
f 3973 3974 3975
f 3976 3977 3978
f 3979 3980 3981
f 3982 3983 3984
f 3985 3986 3987
f 3988 3989 3990
f 3991 3992 3993
f 3994 3995 3996
f 3997 3998 3999
f 4000 4001 4002
f 4003 4004 4005
f 4006 4007 4008
f 4009 4010 4011
f 4012 4013 4014
f 4015 4016 4017
f 4018 4019 4020
f 4021 4022 4023
f 4024 4025 4026
f 4027 4028 4029
f 4030 4031 4032
f 4033 4034 4035
f 4036 4037 4038
f 4039 4040 4041
f 4042 4043 4044
f 4045 4046 4047
f 4048 4049 4050
f 4051 4052 4053
f 4054 4055 4056
f 4057 4058 4059
f 4060 4061 4062
f 4063 4064 4065
f 4066 4067 4068
f 4069 4070 4071
f 4072 4073 4074
f 4075 4076 4077
f 4078 4079 4080
f 4081 4082 4083
f 4084 4085 4086
f 4087 4088 4089
f 4090 4091 4092
f 4093 4094 4095
f 4096 4097 4098
f 4099 4100 4101
f 4102 4103 4104
f 4105 4106 4107
f 4108 4109 4110
f 4111 4112 4113
f 4114 4115 4116
f 4117 4118 4119
f 4120 4121 4122
f 4123 4124 4125
f 4126 4127 4128
f 4129 4130 4131
f 4132 4133 4134
f 4135 4136 4137
f 4138 4139 4140
f 4141 4142 4143
f 4144 4145 4146
f 4147 4148 4149
f 4150 4151 4152
f 4153 4154 4155
f 4156 4157 4158
f 4159 4160 4161
f 4162 4163 4164
f 4165 4166 4167
f 4168 4169 4170
f 4171 4172 4173
f 4174 4175 4176
f 4177 4178 4179
f 4180 4181 4182
f 4183 4184 4185
f 4186 4187 4188
f 4189 4190 4191
f 4192 4193 4194
f 4195 4196 4197
f 4198 4199 4200
f 4201 4202 4203
f 4204 4205 4206
f 4207 4208 4209
f 4210 4211 4212
f 4213 4214 4215
f 4216 4217 4218
f 4219 4220 4221
f 4222 4223 4224
f 4225 4226 4227
f 4228 4229 4230
f 4231 4232 4233
f 4234 4235 4236
f 4237 4238 4239
f 4240 4241 4242
f 4243 4244 4245
f 4246 4247 4248
f 4249 4250 4251
f 4252 4253 4254
f 4255 4256 4257
f 4258 4259 4260
f 4261 4262 4263
f 4264 4265 4266
f 4267 4268 4269
f 4270 4271 4272
f 4273 4274 4275
f 4276 4277 4278
f 4279 4280 4281
f 4282 4283 4284
f 4285 4286 4287
f 4288 4289 4290
f 4291 4292 4293
f 4294 4295 4296
f 4297 4298 4299
f 4300 4301 4302
f 4303 4304 4305
f 4306 4307 4308
f 4309 4310 4311
f 4312 4313 4314
f 4315 4316 4317
f 4318 4319 4320
f 4321 4322 4323
f 4324 4325 4326
f 4327 4328 4329
f 4330 4331 4332
f 4333 4334 4335
f 4336 4337 4338
f 4339 4340 4341
f 4342 4343 4344
f 4345 4346 4347
f 4348 4349 4350
f 4351 4352 4353
f 4354 4355 4356
f 4357 4358 4359
f 4360 4361 4362
f 4363 4364 4365
f 4366 4367 4368
f 4369 4370 4371
f 4372 4373 4374
f 4375 4376 4377
f 4378 4379 4380
f 4381 4382 4383
f 4384 4385 4386
f 4387 4388 4389
f 4390 4391 4392
f 4393 4394 4395
f 4396 4397 4398
f 4399 4400 4401
f 4402 4403 4404
f 4405 4406 4407
f 4408 4409 4410
f 4411 4412 4413
f 4414 4415 4416
f 4417 4418 4419
f 4420 4421 4422
f 4423 4424 4425
f 4426 4427 4428
f 4429 4430 4431
f 4432 4433 4434
f 4435 4436 4437
f 4438 4439 4440
f 4441 4442 4443
f 4444 4445 4446
f 4447 4448 4449
f 4450 4451 4452
f 4453 4454 4455
f 4456 4457 4458
f 4459 4460 4461
f 4462 4463 4464
f 4465 4466 4467
f 4468 4469 4470
f 4471 4472 4473
f 4474 4475 4476
f 4477 4478 4479
f 4480 4481 4482
f 4483 4484 4485
f 4486 4487 4488
f 4489 4490 4491
f 4492 4493 4494
f 4495 4496 4497
f 4498 4499 4500
f 4501 4502 4503
f 4504 4505 4506
f 4507 4508 4509
f 4510 4511 4512
f 4513 4514 4515
f 4516 4517 4518
f 4519 4520 4521
f 4522 4523 4524
f 4525 4526 4527
f 4528 4529 4530
f 4531 4532 4533
f 4534 4535 4536
f 4537 4538 4539
f 4540 4541 4542
f 4543 4544 4545
f 4546 4547 4548
f 4549 4550 4551
f 4552 4553 4554
f 4555 4556 4557
f 4558 4559 4560
f 4561 4562 4563
f 4564 4565 4566
f 4567 4568 4569
f 4570 4571 4572
f 4573 4574 4575
f 4576 4577 4578
f 4579 4580 4581
f 4582 4583 4584
f 4585 4586 4587
f 4588 4589 4590
f 4591 4592 4593
f 4594 4595 4596
f 4597 4598 4599
f 4600 4601 4602
f 4603 4604 4605
f 4606 4607 4608
f 4609 4610 4611
f 4612 4613 4614
f 4615 4616 4617
f 4618 4619 4620
f 4621 4622 4623
f 4624 4625 4626
f 4627 4628 4629
f 4630 4631 4632
f 4633 4634 4635
f 4636 4637 4638
f 4639 4640 4641
f 4642 4643 4644
f 4645 4646 4647
f 4648 4649 4650
f 4651 4652 4653
f 4654 4655 4656
f 4657 4658 4659
f 4660 4661 4662
f 4663 4664 4665
f 4666 4667 4668
f 4669 4670 4671
f 4672 4673 4674
f 4675 4676 4677
f 4678 4679 4680
f 4681 4682 4683
f 4684 4685 4686
f 4687 4688 4689
f 4690 4691 4692
f 4693 4694 4695
f 4696 4697 4698
f 4699 4700 4701
f 4702 4703 4704
f 4705 4706 4707
f 4708 4709 4710
f 4711 4712 4713
f 4714 4715 4716
f 4717 4718 4719
f 4720 4721 4722
f 4723 4724 4725
f 4726 4727 4728
f 4729 4730 4731
f 4732 4733 4734
f 4735 4736 4737
f 4738 4739 4740
f 4741 4742 4743
f 4744 4745 4746
f 4747 4748 4749
f 4750 4751 4752
f 4753 4754 4755
f 4756 4757 4758
f 4759 4760 4761
f 4762 4763 4764
f 4765 4766 4767
f 4768 4769 4770
f 4771 4772 4773
f 4774 4775 4776
f 4777 4778 4779
f 4780 4781 4782
f 4783 4784 4785
f 4786 4787 4788
f 4789 4790 4791
f 4792 4793 4794
f 4795 4796 4797
f 4798 4799 4800
f 4801 4802 4803
f 4804 4805 4806
f 4807 4808 4809
f 4810 4811 4812
f 4813 4814 4815
f 4816 4817 4818
f 4819 4820 4821
f 4822 4823 4824
f 4825 4826 4827
f 4828 4829 4830
f 4831 4832 4833
f 4834 4835 4836
f 4837 4838 4839
f 4840 4841 4842
f 4843 4844 4845
f 4846 4847 4848
f 4849 4850 4851
f 4852 4853 4854
f 4855 4856 4857
f 4858 4859 4860
f 4861 4862 4863
f 4864 4865 4866
f 4867 4868 4869
f 4870 4871 4872
f 4873 4874 4875
f 4876 4877 4878
f 4879 4880 4881
f 4882 4883 4884
f 4885 4886 4887
f 4888 4889 4890
f 4891 4892 4893
f 4894 4895 4896
f 4897 4898 4899
f 4900 4901 4902
f 4903 4904 4905
f 4906 4907 4908
f 4909 4910 4911
f 4912 4913 4914
f 4915 4916 4917
f 4918 4919 4920
f 4921 4922 4923
f 4924 4925 4926
f 4927 4928 4929
f 4930 4931 4932
f 4933 4934 4935
f 4936 4937 4938
f 4939 4940 4941
f 4942 4943 4944
f 4945 4946 4947
f 4948 4949 4950
f 4951 4952 4953
f 4954 4955 4956
f 4957 4958 4959
f 4960 4961 4962
f 4963 4964 4965
f 4966 4967 4968
f 4969 4970 4971
f 4972 4973 4974
f 4975 4976 4977
f 4978 4979 4980
f 4981 4982 4983
f 4984 4985 4986
f 4987 4988 4989
f 4990 4991 4992
f 4993 4994 4995
f 4996 4997 4998
f 4999 5000 5001
f 5002 5003 5004
f 5005 5006 5007
f 5008 5009 5010
f 5011 5012 5013
f 5014 5015 5016
f 5017 5018 5019
f 5020 5021 5022
f 5023 5024 5025
f 5026 5027 5028
f 5029 5030 5031
f 5032 5033 5034
f 5035 5036 5037
f 5038 5039 5040
f 5041 5042 5043
f 5044 5045 5046
f 5047 5048 5049
f 5050 5051 5052
f 5053 5054 5055
f 5056 5057 5058
f 5059 5060 5061
f 5062 5063 5064
f 5065 5066 5067
f 5068 5069 5070
f 5071 5072 5073
f 5074 5075 5076
f 5077 5078 5079
f 5080 5081 5082
f 5083 5084 5085
f 5086 5087 5088
f 5089 5090 5091
f 5092 5093 5094
f 5095 5096 5097
f 5098 5099 5100
f 5101 5102 5103
f 5104 5105 5106
f 5107 5108 5109
f 5110 5111 5112
f 5113 5114 5115
f 5116 5117 5118
f 5119 5120 5121
f 5122 5123 5124
f 5125 5126 5127
f 5128 5129 5130
f 5131 5132 5133
f 5134 5135 5136
f 5137 5138 5139
f 5140 5141 5142
f 5143 5144 5145
f 5146 5147 5148
f 5149 5150 5151
f 5152 5153 5154
f 5155 5156 5157
f 5158 5159 5160
f 5161 5162 5163
f 5164 5165 5166
f 5167 5168 5169
f 5170 5171 5172
f 5173 5174 5175
f 5176 5177 5178
f 5179 5180 5181
f 5182 5183 5184
f 5185 5186 5187
f 5188 5189 5190
f 5191 5192 5193
f 5194 5195 5196
f 5197 5198 5199
f 5200 5201 5202
f 5203 5204 5205
f 5206 5207 5208
f 5209 5210 5211
f 5212 5213 5214
f 5215 5216 5217
f 5218 5219 5220
f 5221 5222 5223
f 5224 5225 5226
f 5227 5228 5229
f 5230 5231 5232
f 5233 5234 5235
f 5236 5237 5238
f 5239 5240 5241
f 5242 5243 5244
f 5245 5246 5247
f 5248 5249 5250
f 5251 5252 5253
f 5254 5255 5256
f 5257 5258 5259
f 5260 5261 5262
f 5263 5264 5265
f 5266 5267 5268
f 5269 5270 5271
f 5272 5273 5274
f 5275 5276 5277
f 5278 5279 5280
f 5281 5282 5283
f 5284 5285 5286
f 5287 5288 5289
f 5290 5291 5292
f 5293 5294 5295
f 5296 5297 5298
f 5299 5300 5301
f 5302 5303 5304
f 5305 5306 5307
f 5308 5309 5310
f 5311 5312 5313
f 5314 5315 5316
f 5317 5318 5319
f 5320 5321 5322

