# https://github.com/mikedh/trimesh

o right_ankle_pitch_link.STL
v -0.90000024 0.39421786 -0.00000184
v -0.89290328 0.39421800 0.11279846
v -0.89290366 0.54421755 0.11279832
v -0.89290366 0.54421755 0.11279832
v -0.89290328 0.39421800 0.11279846
v -0.83680023 0.39421832 0.33131116
v -0.89290366 0.54421755 0.11279832
v -0.83680023 0.39421832 0.33131116
v -0.83679855 0.54421788 0.33131074
v -0.83679855 0.54421788 0.33131074
v -0.83680023 0.39421832 0.33131116
v -0.72811646 0.39421734 0.52900570
v -0.83679855 0.54421788 0.33131074
v -0.72811646 0.39421734 0.52900570
v -0.72811572 0.54421839 0.52900650
v -0.72811572 0.54421839 0.52900650
v -0.72811646 0.39421734 0.52900570
v -0.57368218 0.39421790 0.69346121
v -0.72811572 0.54421839 0.52900650
v -0.57368218 0.39421790 0.69346121
v -0.57368260 0.54421746 0.69346107
v -0.57368260 0.54421746 0.69346107
v -0.57368218 0.39421790 0.69346121
v -0.38320236 0.39421706 0.81434315
v -0.57368260 0.54421746 0.69346107
v -0.38320236 0.39421706 0.81434315
v -0.38320159 0.54421811 0.81434390
v -0.38320159 0.54421811 0.81434390
v -0.38320236 0.39421706 0.81434315
v -0.16864410 0.39421772 0.88405861
v -0.38320159 0.54421811 0.81434390
v -0.16864410 0.39421772 0.88405861
v -0.16864451 0.54421728 0.88405842
v -0.16864451 0.54421728 0.88405842
v -0.16864410 0.39421772 0.88405861
v 0.05651035 0.39421832 0.89822439
v -0.16864451 0.54421728 0.88405842
v 0.05651035 0.39421832 0.89822439
v 0.05650995 0.54421788 0.89822430
v 0.05650995 0.54421788 0.89822430
v 0.05651035 0.39421832 0.89822439
v 0.27811455 0.39421739 0.85595101
v 0.05650995 0.54421788 0.89822430
v 0.27811455 0.39421739 0.85595101
v 0.27811413 0.54421844 0.85595082
v 0.27811413 0.54421844 0.85595082
v 0.27811455 0.39421739 0.85595101
v 0.48224311 0.39421786 0.75989594
v 0.27811413 0.54421844 0.85595082
v 0.48224311 0.39421786 0.75989594
v 0.48224269 0.54421742 0.75989580
v 0.48224269 0.54421742 0.75989580
v 0.48224311 0.39421786 0.75989594
v 0.65607182 0.39421818 0.61609335
v 0.48224269 0.54421742 0.75989580
v 0.65607182 0.39421818 0.61609335
v 0.65607140 0.54421774 0.61609321
v 0.65607140 0.54421774 0.61609321
v 0.65607182 0.39421818 0.61609335
v 0.78867543 0.39421837 0.43357993
v 0.65607140 0.54421774 0.61609321
v 0.78867543 0.39421837 0.43357993
v 0.78867497 0.54421793 0.43357979
v 0.78867497 0.54421793 0.43357979
v 0.78867543 0.39421837 0.43357993
v 0.87172557 0.39421842 0.22382187
v 0.78867497 0.54421793 0.43357979
v 0.87172557 0.39421842 0.22382187
v 0.87172510 0.54421797 0.22382173
v 0.87172510 0.54421797 0.22382173
v 0.87172557 0.39421842 0.22382187
v 0.89999987 0.39421828 0.00000058
v 0.87172510 0.54421797 0.22382173
v 0.89999987 0.39421828 0.00000058
v 0.90000061 0.54421783 0.00000135
v 0.90000061 0.54421783 0.00000135
v 0.89999987 0.39421828 0.00000058
v 0.87172510 0.39421800 -0.22382017
v 0.90000061 0.54421783 0.00000135
v 0.87172510 0.39421800 -0.22382017
v 0.87172473 0.54421755 -0.22382031
v 0.87172473 0.54421755 -0.22382031
v 0.87172510 0.39421800 -0.22382017
v 0.78867655 0.39421758 -0.43357797
v 0.87172473 0.54421755 -0.22382031
v 0.78867655 0.39421758 -0.43357797
v 0.78867739 0.54421714 -0.43357722
v 0.78867739 0.54421714 -0.43357722
v 0.78867655 0.39421758 -0.43357797
v 0.65607266 0.39421706 -0.61609070
v 0.78867739 0.54421714 -0.43357722
v 0.65607266 0.39421706 -0.61609070
v 0.65607312 0.54421811 -0.61609200
v 0.65607312 0.54421811 -0.61609200
v 0.65607266 0.39421706 -0.61609070
v 0.48224544 0.39421795 -0.75989482
v 0.65607312 0.54421811 -0.61609200
v 0.48224544 0.39421795 -0.75989482
v 0.48224502 0.54421751 -0.75989496
v 0.48224502 0.54421751 -0.75989496
v 0.48224544 0.39421795 -0.75989482
v 0.27811660 0.39421730 -0.85595101
v 0.48224502 0.54421751 -0.75989496
v 0.27811660 0.39421730 -0.85595101
v 0.27811618 0.54421835 -0.85595110
v 0.27811618 0.54421835 -0.85595110
v 0.27811660 0.39421730 -0.85595101
v 0.05651235 0.39421814 -0.89822458
v 0.27811618 0.54421835 -0.85595110
v 0.05651235 0.39421814 -0.89822458
v 0.05651313 0.54421769 -0.89822384
v 0.05651313 0.54421769 -0.89822384
v 0.05651235 0.39421814 -0.89822458
v -0.16864253 0.39421753 -0.88405898
v 0.05651313 0.54421769 -0.89822384
v -0.16864253 0.39421753 -0.88405898
v -0.16864176 0.54421709 -0.88405823
v -0.16864176 0.54421709 -0.88405823
v -0.16864253 0.39421753 -0.88405898
v -0.38319938 0.39421851 -0.81434492
v -0.16864176 0.54421709 -0.88405823
v -0.38319938 0.39421851 -0.81434492
v -0.38319977 0.54421807 -0.81434511
v -0.38319977 0.54421807 -0.81434511
v -0.38319938 0.39421851 -0.81434492
v -0.57368092 0.39421809 -0.69346218
v -0.38319977 0.54421807 -0.81434511
v -0.57368092 0.39421809 -0.69346218
v -0.57368134 0.54421765 -0.69346232
v -0.57368134 0.54421765 -0.69346232
v -0.57368092 0.39421809 -0.69346218
v -0.72811469 0.39421781 -0.52900799
v -0.57368134 0.54421765 -0.69346232
v -0.72811469 0.39421781 -0.52900799
v -0.72811507 0.54421737 -0.52900813
v -0.72811507 0.54421737 -0.52900813
v -0.72811469 0.39421781 -0.52900799
v -0.83679855 0.39421772 -0.33131402
v -0.72811507 0.54421737 -0.52900813
v -0.83679855 0.39421772 -0.33131402
v -0.83679771 0.54421728 -0.33131326
v -0.83679771 0.54421728 -0.33131326
v -0.83679855 0.39421772 -0.33131402
v -0.89290366 0.39421776 -0.11280122
v -0.83679771 0.54421728 -0.33131326
v -0.89290366 0.39421776 -0.11280122
v -0.89290291 0.54421732 -0.11280044
v -0.89290291 0.54421732 -0.11280044
v -0.89290366 0.39421776 -0.11280122
v -0.90000024 0.39421786 -0.00000184
v -0.89290291 0.54421732 -0.11280044
v -0.90000024 0.39421786 -0.00000184
v -0.89290366 0.54421755 0.11279832
v 0.87172519 -0.40578214 -0.22381914
v 0.89999996 -0.40578186 0.00000159
v 0.90000033 -0.55578290 0.00000173
v 0.90000033 -0.55578290 0.00000173
v 0.89290347 -0.55578155 -0.11279857
v 0.87172519 -0.40578214 -0.22381914
v 0.87172519 -0.40578214 -0.22381914
v 0.89290347 -0.55578155 -0.11279857
v 0.87172445 -0.55578169 -0.22381991
v 0.87172519 -0.40578214 -0.22381914
v 0.87172445 -0.55578169 -0.22381991
v 0.78867665 -0.40578255 -0.43357699
v 0.87172445 -0.55578169 -0.22381991
v 0.83679948 -0.55578188 -0.33131009
v 0.78867665 -0.40578255 -0.43357699
v 0.78867665 -0.40578255 -0.43357699
v 0.83679948 -0.55578188 -0.33131009
v 0.78867711 -0.55578211 -0.43357685
v 0.78867665 -0.40578255 -0.43357699
v 0.78867711 -0.55578211 -0.43357685
v 0.65607247 -0.40578158 -0.61609177
v 0.78867711 -0.55578211 -0.43357685
v 0.72811660 -0.55578239 -0.52900584
v 0.65607247 -0.40578158 -0.61609177
v 0.65607247 -0.40578158 -0.61609177
v 0.72811660 -0.55578239 -0.52900584
v 0.65607284 -0.55578263 -0.61609163
v 0.65607247 -0.40578158 -0.61609177
v 0.65607284 -0.55578263 -0.61609163
v 0.48224432 -0.40578218 -0.75989468
v 0.65607284 -0.55578263 -0.61609163
v 0.57368232 -0.55578295 -0.69346130
v 0.48224432 -0.40578218 -0.75989468
v 0.48224432 -0.40578218 -0.75989468
v 0.57368232 -0.55578295 -0.69346130
v 0.48224474 -0.55578174 -0.75989454
v 0.48224432 -0.40578218 -0.75989468
v 0.48224474 -0.55578174 -0.75989454
v 0.27811667 -0.40578283 -0.85594999
v 0.48224474 -0.55578174 -0.75989454
v 0.38320250 -0.55578207 -0.81434324
v 0.27811667 -0.40578283 -0.85594999
v 0.27811667 -0.40578283 -0.85594999
v 0.38320250 -0.55578207 -0.81434324
v 0.27811590 -0.55578239 -0.85595073
v 0.27811667 -0.40578283 -0.85594999
v 0.27811590 -0.55578239 -0.85595073
v 0.05651244 -0.40578200 -0.89822365
v 0.27811590 -0.55578239 -0.85595073
v 0.16864424 -0.55578272 -0.88405870
v 0.05651244 -0.40578200 -0.89822365
v 0.05651244 -0.40578200 -0.89822365
v 0.16864424 -0.55578272 -0.88405870
v 0.05651285 -0.55578155 -0.89822346
v 0.05651244 -0.40578200 -0.89822365
v 0.05651285 -0.55578155 -0.89822346
v -0.16864153 -0.40578260 -0.88405916
v 0.05651285 -0.55578155 -0.89822346
v -0.05651021 -0.55578188 -0.89822449
v -0.16864153 -0.40578260 -0.88405916
v -0.16864153 -0.40578260 -0.88405916
v -0.05651021 -0.55578188 -0.89822449
v -0.16864203 -0.55578216 -0.88405786
v -0.16864153 -0.40578260 -0.88405916
v -0.16864203 -0.55578216 -0.88405786
v -0.38320047 -0.40578162 -0.81434483
v -0.16864203 -0.55578216 -0.88405786
v -0.27811441 -0.55578244 -0.85595110
v -0.38320047 -0.40578162 -0.81434483
v -0.38320047 -0.40578162 -0.81434483
v -0.27811441 -0.55578244 -0.85595110
v -0.38320005 -0.55578267 -0.81434473
v -0.38320047 -0.40578162 -0.81434483
v -0.38320005 -0.55578267 -0.81434473
v -0.57368111 -0.40578204 -0.69346325
v -0.38320005 -0.55578267 -0.81434473
v -0.48224297 -0.55578290 -0.75989608
v -0.57368111 -0.40578204 -0.69346325
v -0.57368111 -0.40578204 -0.69346325
v -0.48224297 -0.55578290 -0.75989608
v -0.57368069 -0.55578160 -0.69346312
v -0.57368111 -0.40578204 -0.69346325
v -0.57368069 -0.55578160 -0.69346312
v -0.72811460 -0.40578232 -0.52900696
v -0.72811460 -0.40578232 -0.52900696
v -0.57368069 -0.55578160 -0.69346312
v -0.65607168 -0.55578174 -0.61609345
v -0.65607168 -0.55578174 -0.61609345
v -0.72811535 -0.55578188 -0.52900775
v -0.72811460 -0.40578232 -0.52900696
v -0.72811460 -0.40578232 -0.52900696
v -0.72811535 -0.55578188 -0.52900775
v -0.78867525 -0.55578193 -0.43358007
v -0.72811460 -0.40578232 -0.52900696
v -0.78867525 -0.55578193 -0.43358007
v -0.83679846 -0.40578241 -0.33131302
v -0.78867525 -0.55578193 -0.43358007
v -0.83679799 -0.55578197 -0.33131288
v -0.83679846 -0.40578241 -0.33131302
v -0.83679846 -0.40578241 -0.33131302
v -0.83679799 -0.55578197 -0.33131288
v -0.87172538 -0.55578197 -0.22382198
v -0.83679846 -0.40578241 -0.33131302
v -0.87172538 -0.55578197 -0.22382198
v -0.89290272 -0.40578237 -0.11280138
v -0.89290272 -0.40578237 -0.11280138
v -0.87172538 -0.55578197 -0.22382198
v -0.89290226 -0.55578193 -0.11280124
v -0.89290272 -0.40578237 -0.11280138
v -0.89290226 -0.55578193 -0.11280124
v -0.90000015 -0.40578227 -0.00000083
v -0.90000015 -0.40578227 -0.00000083
v -0.89290226 -0.55578193 -0.11280124
v -0.89999968 -0.55578183 -0.00000069
v -0.90000015 -0.40578227 -0.00000083
v -0.89999968 -0.55578183 -0.00000069
v -0.89290319 -0.40578214 0.11279947
v -0.89999968 -0.55578183 -0.00000069
v -0.89290394 -0.55578169 0.11279871
v -0.89290319 -0.40578214 0.11279947
v -0.89290319 -0.40578214 0.11279947
v -0.89290394 -0.55578169 0.11279871
v -0.87172491 -0.55578155 0.22382005
v -0.89290319 -0.40578214 0.11279947
v -0.87172491 -0.55578155 0.22382005
v -0.83679929 -0.40578181 0.33131100
v -0.87172491 -0.55578155 0.22382005
v -0.83679883 -0.55578286 0.33131114
v -0.83679929 -0.40578181 0.33131100
v -0.83679929 -0.40578181 0.33131100
v -0.83679883 -0.55578286 0.33131114
v -0.78867646 -0.55578263 0.43357788
v -0.83679929 -0.40578181 0.33131100
v -0.78867646 -0.55578263 0.43357788
v -0.72811549 -0.40578279 0.52900556
v -0.78867646 -0.55578263 0.43357788
v -0.72811507 -0.55578235 0.52900570
v -0.72811549 -0.40578279 0.52900556
v -0.72811549 -0.40578279 0.52900556
v -0.72811507 -0.55578235 0.52900570
v -0.65607340 -0.55578207 0.61609177
v -0.72811549 -0.40578279 0.52900556
v -0.65607340 -0.55578207 0.61609177
v -0.57368330 -0.40578223 0.69346130
v -0.65607340 -0.55578207 0.61609177
v -0.57368288 -0.55578179 0.69346144
v -0.57368330 -0.40578223 0.69346130
v -0.57368330 -0.40578223 0.69346130
v -0.57368288 -0.55578179 0.69346144
v -0.48224530 -0.55578146 0.75989468
v -0.57368330 -0.40578223 0.69346130
v -0.48224530 -0.55578146 0.75989468
v -0.38320227 -0.40578158 0.81434418
v -0.48224530 -0.55578146 0.75989468
v -0.38320187 -0.55578263 0.81434436
v -0.38320227 -0.40578158 0.81434418
v -0.38320227 -0.40578158 0.81434418
v -0.38320187 -0.55578263 0.81434436
v -0.27811646 -0.55578230 0.85595082
v -0.38320227 -0.40578158 0.81434418
v -0.27811646 -0.55578230 0.85595082
v -0.16864428 -0.40578241 0.88405749
v -0.27811646 -0.55578230 0.85595082
v -0.16864479 -0.55578197 0.88405879
v -0.16864428 -0.40578241 0.88405749
v -0.16864428 -0.40578241 0.88405749
v -0.16864479 -0.55578197 0.88405879
v -0.05651221 -0.55578169 0.89822449
v -0.16864428 -0.40578241 0.88405749
v -0.05651221 -0.55578169 0.89822449
v 0.05651017 -0.40578181 0.89822337
v -0.05651221 -0.55578169 0.89822449
v 0.05651058 -0.55578286 0.89822346
v 0.05651017 -0.40578181 0.89822337
v 0.05651017 -0.40578181 0.89822337
v 0.05651058 -0.55578286 0.89822346
v 0.16864267 -0.55578258 0.88405889
v 0.05651017 -0.40578181 0.89822337
v 0.16864267 -0.55578258 0.88405889
v 0.27811346 -0.40578274 0.85595110
v 0.16864267 -0.55578258 0.88405889
v 0.27811385 -0.55578230 0.85595129
v 0.27811346 -0.40578274 0.85595110
v 0.27811346 -0.40578274 0.85595110
v 0.27811385 -0.55578230 0.85595129
v 0.38319952 -0.55578207 0.81434483
v 0.27811346 -0.40578274 0.85595110
v 0.38319952 -0.55578207 0.81434483
v 0.48224293 -0.40578227 0.75989487
v 0.38319952 -0.55578207 0.81434483
v 0.48224335 -0.55578183 0.75989501
v 0.48224293 -0.40578227 0.75989487
v 0.48224293 -0.40578227 0.75989487
v 0.48224335 -0.55578183 0.75989501
v 0.57368106 -0.55578165 0.69346209
v 0.48224293 -0.40578227 0.75989487
v 0.57368106 -0.55578165 0.69346209
v 0.65607075 -0.40578195 0.61609345
v 0.65607075 -0.40578195 0.61609345
v 0.57368106 -0.55578165 0.69346209
v 0.65607112 -0.55578151 0.61609359
v 0.65607075 -0.40578195 0.61609345
v 0.65607112 -0.55578151 0.61609359
v 0.78867525 -0.40578176 0.43357885
v 0.65607112 -0.55578151 0.61609359
v 0.72811483 -0.55578286 0.52900789
v 0.78867525 -0.40578176 0.43357885
v 0.78867525 -0.40578176 0.43357885
v 0.72811483 -0.55578286 0.52900789
v 0.78867562 -0.55578281 0.43357899
v 0.78867525 -0.40578176 0.43357885
v 0.78867562 -0.55578281 0.43357899
v 0.87172445 -0.40578172 0.22382196
v 0.78867562 -0.55578281 0.43357899
v 0.83679864 -0.55578277 0.33131393
v 0.87172445 -0.40578172 0.22382196
v 0.87172445 -0.40578172 0.22382196
v 0.83679864 -0.55578277 0.33131393
v 0.87172482 -0.55578277 0.22382210
v 0.87172445 -0.40578172 0.22382196
v 0.87172482 -0.55578277 0.22382210
v 0.89999996 -0.40578186 0.00000159
v 0.89999996 -0.40578186 0.00000159
v 0.87172482 -0.55578277 0.22382210
v 0.89290384 -0.55578281 0.11280110
v 0.89999996 -0.40578186 0.00000159
v 0.89290384 -0.55578281 0.11280110
v 0.90000033 -0.55578290 0.00000173
v 0.63000089 0.64421725 -1.65578965
v 0.65000122 0.62421844 -1.66407358
v 0.65000141 0.64421729 -1.68407410
v -0.49999892 0.64421790 -2.45579053
v -0.49999836 0.44421749 -2.45579034
v -0.49999785 0.64421808 -2.25579031
v -0.49999836 0.44421749 -2.45579034
v -0.49999892 0.64421790 -2.45579053
v 0.15000178 0.64421818 -2.45578922
v 0.15000087 -0.65578148 -2.45578960
v -0.49999864 -0.65578176 -2.45578997
v -0.49999920 -0.45578284 -2.45579015
v -1.74999870 -0.45578177 -2.45579071
v -1.74999777 0.44421707 -2.45579090
v -0.49999920 -0.45578284 -2.45579015
v -0.49999920 -0.45578284 -2.45579015
v -1.74999777 0.44421707 -2.45579090
v -0.49999836 0.44421749 -2.45579034
v -0.49999920 -0.45578284 -2.45579015
v -0.49999836 0.44421749 -2.45579034
v 0.15000087 -0.65578148 -2.45578960
v 0.15000087 -0.65578148 -2.45578960
v -0.49999836 0.44421749 -2.45579034
v 0.15000178 0.64421818 -2.45578922
v -0.39101471 0.02398095 0.45509120
v -0.33995034 0.02399292 0.36665262
v -0.38208880 0.05171800 0.46260920
v -0.38208880 0.05171800 0.46260920
v -0.33995034 0.02399292 0.36665262
v -0.33124096 0.05171805 0.37453815
v -0.38208880 0.05171800 0.46260920
v -0.33124096 0.05171805 0.37453815
v -0.36764734 0.07554649 0.47416831
v -0.36764734 0.07554649 0.47416831
v -0.33124096 0.05171805 0.37453815
v -0.31708654 0.07554506 0.38659486
v -0.36764734 0.07554649 0.47416831
v -0.31708654 0.07554506 0.38659486
v -0.34841641 0.09381092 0.48847385
v -0.34841641 0.09381092 0.48847385
v -0.31708654 0.07554506 0.38659486
v -0.29813834 0.09381097 0.40139006
v -0.34841641 0.09381092 0.48847385
v -0.29813834 0.09381097 0.40139006
v -0.32545482 0.10528340 0.50406242
v -0.32545482 0.10528340 0.50406242
v -0.29813834 0.09381097 0.40139006
v -0.27347533 0.10587056 0.41858321
v -0.32545482 0.10528340 0.50406242
v -0.27347533 0.10587056 0.41858321
v -0.29934812 0.10921590 0.51999106
v -0.29934812 0.10921590 0.51999106
v -0.27347533 0.10587056 0.41858321
v -0.25000097 0.10921744 0.43301224
v -0.29934812 0.10921590 0.51999106
v -0.25000097 0.10921744 0.43301224
v -0.27350620 0.10519415 0.53403620
v -0.27350620 0.10519415 0.53403620
v -0.25000097 0.10921744 0.43301224
v -0.22374429 0.10528809 0.44714469
v -0.27350620 0.10519415 0.53403620
v -0.22374429 0.10528809 0.44714469
v -0.24882343 0.09381124 0.54597310
v -0.24882343 0.09381124 0.54597310
v -0.22374429 0.10528809 0.44714469
v -0.19854538 0.09381130 0.45888931
v -0.24882343 0.09381124 0.54597310
v -0.19854538 0.09381130 0.45888931
v -0.22679665 0.07552162 0.55548400
v -0.22679665 0.07552162 0.55548400
v -0.19854538 0.09381130 0.45888931
v -0.17623022 0.07551572 0.46791304
v -0.22679665 0.07552162 0.55548400
v -0.17623022 0.07551572 0.46791304
v -0.20958846 0.05171707 0.56220330
v -0.20958846 0.05171707 0.56220330
v -0.17623022 0.07551572 0.46791304
v -0.15874064 0.05171713 0.47413222
v -0.20958846 0.05171707 0.56220330
v -0.15874064 0.05171713 0.47413222
v -0.19862475 0.02402181 0.56616953
v -0.19862475 0.02402181 0.56616953
v -0.15874064 0.05171713 0.47413222
v -0.14756838 0.02403825 0.47772662
v -0.19862475 0.02402181 0.56616953
v -0.14756838 0.02403825 0.47772662
v -0.19484678 -0.00578199 0.56748153
v -0.19484678 -0.00578199 0.56748153
v -0.14756838 0.02403825 0.47772662
v -0.14370463 -0.00578194 0.47890339
v -0.19484678 -0.00578199 0.56748153
v -0.14370463 -0.00578194 0.47890339
v -0.19862906 -0.03559923 0.56616799
v -0.19862906 -0.03559923 0.56616799
v -0.14370463 -0.00578194 0.47890339
v -0.14757031 -0.03560811 0.47772694
v -0.19862906 -0.03559923 0.56616799
v -0.14757031 -0.03560811 0.47772694
v -0.20958933 -0.06328264 0.56220246
v -0.20958933 -0.06328264 0.56220246
v -0.14757031 -0.03560811 0.47772694
v -0.15874032 -0.06328258 0.47413232
v -0.20958933 -0.06328264 0.56220246
v -0.15874032 -0.06328258 0.47413232
v -0.22679621 -0.08708432 0.55548414
v -0.22679621 -0.08708432 0.55548414
v -0.15874032 -0.06328258 0.47413232
v -0.17623423 -0.08708426 0.46791164
v -0.22679621 -0.08708432 0.55548414
v -0.17623423 -0.08708426 0.46791164
v -0.24882290 -0.10537556 0.54597328
v -0.24882290 -0.10537556 0.54597328
v -0.17623423 -0.08708426 0.46791164
v -0.19854482 -0.10537551 0.45888950
v -0.24882290 -0.10537556 0.54597328
v -0.19854482 -0.10537551 0.45888950
v -0.27353282 -0.11676609 0.53402288
v -0.27353282 -0.11676609 0.53402288
v -0.19854482 -0.10537551 0.45888950
v -0.22376408 -0.11685842 0.44713472
v -0.27353282 -0.11676609 0.53402288
v -0.22376408 -0.11685842 0.44713472
v -0.29999998 -0.12078204 0.51961457
v -0.29999998 -0.12078204 0.51961457
v -0.22376408 -0.11685842 0.44713472
v -0.25000034 -0.12078198 0.43301247
v -0.29999998 -0.12078204 0.51961457
v -0.25000034 -0.12078198 0.43301247
v -0.32540434 -0.11686460 0.50409557
v -0.32540434 -0.11686460 0.50409557
v -0.25000034 -0.12078198 0.43301247
v -0.27347472 -0.11743526 0.41858340
v -0.32540434 -0.11686460 0.50409557
v -0.27347472 -0.11743526 0.41858340
v -0.34841704 -0.10537440 0.48847315
v -0.34841704 -0.10537440 0.48847315
v -0.27347472 -0.11743526 0.41858340
v -0.29813899 -0.10537583 0.40138937
v -0.34841704 -0.10537440 0.48847315
v -0.29813899 -0.10537583 0.40138937
v -0.36766105 -0.08709223 0.47415751
v -0.36766105 -0.08709223 0.47415751
v -0.29813899 -0.10537583 0.40138937
v -0.31709790 -0.08709515 0.38658590
v -0.36766105 -0.08709223 0.47415751
v -0.31709790 -0.08709515 0.38658590
v -0.38208941 -0.06328171 0.46261051
v -0.38208941 -0.06328171 0.46261051
v -0.31709790 -0.08709515 0.38658590
v -0.33124066 -0.06328166 0.37453827
v -0.38208941 -0.06328171 0.46261051
v -0.33124066 -0.06328166 0.37453827
v -0.39098836 -0.03566691 0.45511341
v -0.39098836 -0.03566691 0.45511341
v -0.33124066 -0.06328166 0.37453827
v -0.33992988 -0.03565642 0.36667027
v -0.39098836 -0.03566691 0.45511341
v -0.33992988 -0.03565642 0.36667027
v -0.39403089 -0.00578264 0.45248070
v -0.39403089 -0.00578264 0.45248070
v -0.33992988 -0.03565642 0.36667027
v -0.34289085 -0.00578259 0.36390286
v -0.39403089 -0.00578264 0.45248070
v -0.34289085 -0.00578259 0.36390286
v -0.39101471 0.02398095 0.45509120
v -0.39101471 0.02398095 0.45509120
v -0.34289085 -0.00578259 0.36390286
v -0.33995034 0.02399292 0.36665262
v 0.65000122 0.62421844 -1.66407358
v 0.63000089 0.64421725 -1.65578965
v 0.65000108 0.62421849 -1.62153076
v 0.65000108 0.62421849 -1.62153076
v 0.63000089 0.64421725 -1.65578965
v 0.63000144 0.64421729 -1.62153225
v 0.48656962 0.63421833 -1.48217883
v 0.48448490 0.62421816 -1.47233699
v 0.54539423 0.62421835 -1.47856511
v 0.48656962 0.63421833 -1.48217883
v 0.54539423 0.62421835 -1.47856511
v 0.48861159 0.64421850 -1.49203129
v 0.48861159 0.64421850 -1.49203129
v 0.54539423 0.62421835 -1.47856511
v 0.53934269 0.64421715 -1.49762761
v 0.53934269 0.64421715 -1.49762761
v 0.54539423 0.62421835 -1.47856511
v 0.59987120 0.62421844 -1.50961215
v 0.53934269 0.64421715 -1.49762761
v 0.59987120 0.62421844 -1.50961215
v 0.58655450 0.64421725 -1.52453436
v 0.58655450 0.64421725 -1.52453436
v 0.59987120 0.62421844 -1.50961215
v 0.63689565 0.62421849 -1.56021491
v 0.58655450 0.64421725 -1.52453436
v 0.63689565 0.62421849 -1.56021491
v 0.61864341 0.64421729 -1.56839006
v 0.61864341 0.64421729 -1.56839006
v 0.63689565 0.62421849 -1.56021491
v 0.65000108 0.62421849 -1.62153076
v 0.61864341 0.64421729 -1.56839006
v 0.65000108 0.62421849 -1.62153076
v 0.63000144 0.64421729 -1.62153225
v 0.48656962 0.63421833 -1.48217883
v 0.48861159 0.64421850 -1.49203129
v 0.24570774 0.64421780 -1.55065367
v 0.48448490 0.62421816 -1.47233699
v 0.48656962 0.63421833 -1.48217883
v 0.24257866 0.62421747 -1.53089967
v 0.24257866 0.62421747 -1.53089967
v 0.48656962 0.63421833 -1.48217883
v 0.24570774 0.64421780 -1.55065367
v 0.24257866 0.62421747 -1.53089967
v 0.24570774 0.64421780 -1.55065367
v -0.01643845 0.62421826 -1.54991234
v -0.01643845 0.62421826 -1.54991234
v 0.24570774 0.64421780 -1.55065367
v -0.01665048 0.64421706 -1.56991128
v -0.01643845 0.62421826 -1.54991234
v -0.01665048 0.64421706 -1.56991128
v -0.27499394 0.62421756 -1.52541073
v -0.27499394 0.62421756 -1.52541073
v -0.01665048 0.64421706 -1.56991128
v -0.27854240 0.64421785 -1.54509330
v -0.27499394 0.62421756 -1.52541073
v -0.27854240 0.64421785 -1.54509330
v -0.52583027 0.62421844 -1.45808198
v -0.52583027 0.62421844 -1.45808198
v -0.27854240 0.64421785 -1.54509330
v -0.53261495 0.64421725 -1.47689590
v -0.52583027 0.62421844 -1.45808198
v -0.53261495 0.64421725 -1.47689590
v -0.76190201 0.62421788 -1.34981731
v -0.76190201 0.62421788 -1.34981731
v -0.53261495 0.64421725 -1.47689590
v -0.77173226 0.64421818 -1.36723453
v -0.76190201 0.62421788 -1.34981731
v -0.77173226 0.64421818 -1.36723453
v -0.97658308 0.62421742 -1.20365573
v -0.97658308 0.62421742 -1.20365573
v -0.77173226 0.64421818 -1.36723453
v -0.98918406 0.64421771 -1.21918656
v -0.97658308 0.62421742 -1.20365573
v -0.98918406 0.64421771 -1.21918656
v -1.16384653 0.62421709 -1.02370055
v -1.16384653 0.62421709 -1.02370055
v -0.98918406 0.64421771 -1.21918656
v -1.17886402 0.64421738 -1.03690913
v -1.31401978 0.64421706 -0.97579043
v -1.31401904 0.62421826 -0.95579112
v -1.23161282 0.62421844 -0.97355759
v -1.31401978 0.64421706 -0.97579043
v -1.23161282 0.62421844 -0.97355759
v -1.23985270 0.64421725 -0.99178106
v -1.23985270 0.64421725 -0.99178106
v -1.23161282 0.62421844 -0.97355759
v -1.16384653 0.62421709 -1.02370055
v -1.23985270 0.64421725 -0.99178106
v -1.16384653 0.62421709 -1.02370055
v -1.17886402 0.64421738 -1.03690913
v -1.31401904 0.62421826 -0.95579112
v -1.31401978 0.64421706 -0.97579043
v -1.64999887 0.62421733 -0.95579121
v -1.64999887 0.62421733 -0.95579121
v -1.31401978 0.64421706 -0.97579043
v -1.64999962 0.64421766 -0.97579053
v -1.72999911 0.64421734 -1.05579048
v -1.74999963 0.62421844 -1.05579076
v -1.74238738 0.62421849 -1.01752281
v -1.72999911 0.64421734 -1.05579048
v -1.74238738 0.62421849 -1.01752281
v -1.72390956 0.64421738 -1.02517596
v -1.72390956 0.64421738 -1.02517596
v -1.74238738 0.62421849 -1.01752281
v -1.73660219 0.62421705 -1.00579169
v -1.72390956 0.64421738 -1.02517596
v -1.73660219 0.62421705 -1.00579169
v -1.70656797 0.64421748 -0.99922316
v -1.73660219 0.62421705 -1.00579169
v -1.72071029 0.62421709 -0.98508084
v -1.70656797 0.64421748 -0.99922316
v -1.70656797 0.64421748 -0.99922316
v -1.72071029 0.62421709 -0.98508084
v -1.69999916 0.62421719 -0.96918922
v -1.70656797 0.64421748 -0.99922316
v -1.69999916 0.62421719 -0.96918922
v -1.68061331 0.64421757 -0.98188045
v -1.69999916 0.62421719 -0.96918922
v -1.68826785 0.62421723 -0.96340254
v -1.68061331 0.64421757 -0.98188045
v -1.68061331 0.64421757 -0.98188045
v -1.68826785 0.62421723 -0.96340254
v -1.64999887 0.62421733 -0.95579121
v -1.68061331 0.64421757 -0.98188045
v -1.64999887 0.62421733 -0.95579121
v -1.64999962 0.64421766 -0.97579053
v -1.72999874 0.64421818 -1.75579172
v -1.73669960 0.63751722 -1.66270025
v -1.72999911 0.64421734 -1.05579048
v -1.72999911 0.64421734 -1.05579048
v -1.73669960 0.63751722 -1.66270025
v -1.74999852 0.62421793 -1.59579162
v -1.72999911 0.64421734 -1.05579048
v -1.74999852 0.62421793 -1.59579162
v -1.74999963 0.62421844 -1.05579076
v -1.74999908 0.62421733 -2.27579121
v -1.74999852 0.62421765 -1.91579144
v -1.72999799 0.64421771 -2.25579161
v -1.72999799 0.64421771 -2.25579161
v -1.74999852 0.62421765 -1.91579144
v -1.73669979 0.63751703 -1.84888430
v -1.72999799 0.64421771 -2.25579161
v -1.73669979 0.63751703 -1.84888430
v -1.72999874 0.64421818 -1.75579172
v 0.65000020 -0.63578202 -1.66407395
v 0.63000116 -0.65578241 -1.65578909
v 0.65000169 -0.65578236 -1.68407355
v 0.63000116 -0.65578241 -1.65578909
v 0.65000020 -0.63578202 -1.66407395
v 0.63000172 -0.65578236 -1.62153170
v 0.63000172 -0.65578236 -1.62153170
v 0.65000020 -0.63578202 -1.66407395
v 0.65000094 -0.63578198 -1.62153225
v 0.48656985 -0.64578396 -1.48217836
v 0.48861275 -0.65578264 -1.49203185
v 0.53934176 -0.65578250 -1.49762798
v 0.54539442 -0.63578212 -1.47856455
v 0.48448509 -0.63578230 -1.47233643
v 0.48656985 -0.64578396 -1.48217836
v 0.48656985 -0.64578396 -1.48217836
v 0.53934176 -0.65578250 -1.49762798
v 0.54539442 -0.63578212 -1.47856455
v 0.54539442 -0.63578212 -1.47856455
v 0.53934176 -0.65578250 -1.49762798
v 0.58655478 -0.65578241 -1.52453380
v 0.54539442 -0.63578212 -1.47856455
v 0.58655478 -0.65578241 -1.52453380
v 0.59987139 -0.63578202 -1.50961159
v 0.59987139 -0.63578202 -1.50961159
v 0.58655478 -0.65578241 -1.52453380
v 0.61864369 -0.65578236 -1.56838950
v 0.59987139 -0.63578202 -1.50961159
v 0.61864369 -0.65578236 -1.56838950
v 0.63689579 -0.63578198 -1.56021444
v 0.63689579 -0.63578198 -1.56021444
v 0.61864369 -0.65578236 -1.56838950
v 0.63000172 -0.65578236 -1.62153170
v 0.63689579 -0.63578198 -1.56021444
v 0.63000172 -0.65578236 -1.62153170
v 0.65000094 -0.63578198 -1.62153225
v 0.48656985 -0.64578396 -1.48217836
v 0.48448509 -0.63578230 -1.47233643
v 0.24257763 -0.63578151 -1.53090004
v -1.16384635 -0.63578188 -1.02370009
v -1.17886281 -0.65578227 -1.03690978
v -0.97658299 -0.63578156 -1.20365517
v -0.97658299 -0.63578156 -1.20365517
v -1.17886281 -0.65578227 -1.03690978
v -0.98918378 -0.65578194 -1.21918600
v -0.97658299 -0.63578156 -1.20365517
v -0.98918378 -0.65578194 -1.21918600
v -0.76190187 -0.63578258 -1.34981675
v -0.76190187 -0.63578258 -1.34981675
v -0.98918378 -0.65578194 -1.21918600
v -0.77173198 -0.65578297 -1.36723397
v -0.76190187 -0.63578258 -1.34981675
v -0.77173198 -0.65578297 -1.36723397
v -0.52582924 -0.63578202 -1.45808263
v -0.52582924 -0.63578202 -1.45808263
v -0.77173198 -0.65578297 -1.36723397
v -0.53261374 -0.65578241 -1.47689646
v -0.52582924 -0.63578202 -1.45808263
v -0.53261374 -0.65578241 -1.47689646
v -0.27499497 -0.63578291 -1.52541110
v -0.27499497 -0.63578291 -1.52541110
v -0.53261374 -0.65578241 -1.47689646
v -0.27854331 -0.65578180 -1.54509358
v -0.27499497 -0.63578291 -1.52541110
v -0.27854331 -0.65578180 -1.54509358
v -0.01643947 -0.63578221 -1.54991271
v -0.01643947 -0.63578221 -1.54991271
v -0.27854331 -0.65578180 -1.54509358
v -0.01665140 -0.65578260 -1.56991165
v -0.01643947 -0.63578221 -1.54991271
v -0.01665140 -0.65578260 -1.56991165
v 0.24257763 -0.63578151 -1.53090004
v 0.24257763 -0.63578151 -1.53090004
v -0.01665140 -0.65578260 -1.56991165
v 0.24570893 -0.65578185 -1.55065423
v 0.24257763 -0.63578151 -1.53090004
v 0.24570893 -0.65578185 -1.55065423
v 0.48656985 -0.64578396 -1.48217836
v 0.48656985 -0.64578396 -1.48217836
v 0.24570893 -0.65578185 -1.55065423
v 0.48861275 -0.65578264 -1.49203185
v -1.17886281 -0.65578227 -1.03690978
v -1.16384635 -0.63578188 -1.02370009
v -1.23161264 -0.63578202 -0.97355703
v -1.17886281 -0.65578227 -1.03690978
v -1.23161264 -0.63578202 -0.97355703
v -1.23985251 -0.65578241 -0.99178050
v -1.23985251 -0.65578241 -0.99178050
v -1.23161264 -0.63578202 -0.97355703
v -1.31402006 -0.63578221 -0.95579149
v -1.23985251 -0.65578241 -0.99178050
v -1.31402006 -0.63578221 -0.95579149
v -1.31402072 -0.65578260 -0.97579071
v -1.31402072 -0.65578260 -0.97579071
v -1.31402006 -0.63578221 -0.95579149
v -1.64999850 -0.65578199 -0.97579118
v -1.64999850 -0.65578199 -0.97579118
v -1.31402006 -0.63578221 -0.95579149
v -1.64999887 -0.63578165 -0.95579065
v -1.64999850 -0.65578199 -0.97579118
v -1.64999887 -0.63578165 -0.95579065
v -1.69999897 -0.63578179 -0.96918866
v -1.64999850 -0.65578199 -0.97579118
v -1.69999897 -0.63578179 -0.96918866
v -1.68999899 -0.65578213 -0.98650949
v -1.68999899 -0.65578213 -0.98650949
v -1.69999897 -0.63578179 -0.96918866
v -1.72071010 -0.63578188 -0.98508028
v -1.68999899 -0.65578213 -0.98650949
v -1.72071010 -0.63578188 -0.98508028
v -1.71928182 -0.65578222 -1.01579065
v -1.72071010 -0.63578188 -0.98508028
v -1.73660219 -0.63578193 -1.00579122
v -1.71928182 -0.65578222 -1.01579065
v -1.71928182 -0.65578222 -1.01579065
v -1.73660219 -0.63578193 -1.00579122
v -1.74999852 -0.63578202 -1.05579142
v -1.71928182 -0.65578222 -1.01579065
v -1.74999852 -0.63578202 -1.05579142
v -1.73000004 -0.65578232 -1.05579086
v -1.74999852 -0.63578202 -1.05579142
v -1.74999945 -0.63578254 -1.59579199
v -1.73000004 -0.65578232 -1.05579086
v -1.73000004 -0.65578232 -1.05579086
v -1.74999945 -0.63578254 -1.59579199
v -1.73669942 -0.64908182 -1.66269969
v -1.73000004 -0.65578232 -1.05579086
v -1.73669942 -0.64908182 -1.66269969
v -1.72999837 -0.65578297 -1.75579116
v -1.72999837 -0.65578297 -1.75579116
v -1.73669960 -0.64908201 -1.84888374
v -1.72999781 -0.65578194 -2.25579105
v -1.72999781 -0.65578194 -2.25579105
v -1.73669960 -0.64908201 -1.84888374
v -1.74999833 -0.63578282 -1.91579089
v -1.72999781 -0.65578194 -2.25579105
v -1.74999833 -0.63578282 -1.91579089
v -1.74999889 -0.63578165 -2.27579065
v 0.44496055 -0.60578231 -0.32328125
v 0.52308049 -0.60578194 -0.16995886
v 0.47552832 -0.55578272 -0.15450828
v 0.47552832 -0.55578272 -0.15450828
v 0.43973695 -0.55578286 -0.23797315
v 0.44496055 -0.60578231 -0.32328125
v 0.44496055 -0.60578231 -0.32328125
v 0.43973695 -0.55578286 -0.23797315
v 0.40450888 -0.55578155 -0.29389125
v 0.44496055 -0.60578231 -0.32328125
v 0.40450888 -0.55578155 -0.29389125
v 0.32328290 -0.60578273 -0.44495943
v 0.40450888 -0.55578155 -0.29389125
v 0.33864146 -0.55578179 -0.36786185
v 0.32328290 -0.60578273 -0.44495943
v 0.32328290 -0.60578273 -0.44495943
v 0.33864146 -0.55578179 -0.36786185
v 0.29389306 -0.55578193 -0.40450739
v 0.32328290 -0.60578273 -0.44495943
v 0.29389306 -0.55578193 -0.40450739
v 0.16996048 -0.60578175 -0.52308072
v 0.29389306 -0.55578193 -0.40450739
v 0.20084751 -0.55578225 -0.45788689
v 0.16996048 -0.60578175 -0.52308072
v 0.16996048 -0.60578175 -0.52308072
v 0.20084751 -0.55578225 -0.45788689
v 0.15450905 -0.55578239 -0.47552832
v 0.16996048 -0.60578175 -0.52308072
v 0.15450905 -0.55578239 -0.47552832
v 0.00000069 -0.60578221 -0.55000037
v 0.15450905 -0.55578239 -0.47552832
v 0.04128978 -0.55578272 -0.49829311
v 0.00000069 -0.60578221 -0.55000037
v 0.00000069 -0.60578221 -0.55000037
v 0.04128978 -0.55578272 -0.49829311
v 0.00000141 -0.55578281 -0.49999990
v 0.00000069 -0.60578221 -0.55000037
v 0.00000141 -0.55578281 -0.49999990
v -0.16995820 -0.60578268 -0.52308170
v 0.00000141 -0.55578281 -0.49999990
v -0.12274181 -0.55578165 -0.48470004
v -0.16995820 -0.60578268 -0.52308170
v -0.16995820 -0.60578268 -0.52308170
v -0.12274181 -0.55578165 -0.48470004
v -0.15450862 -0.55578174 -0.47552856
v -0.16995820 -0.60578268 -0.52308170
v -0.15450862 -0.55578174 -0.47552856
v -0.32328151 -0.60578152 -0.44496055
v -0.15450862 -0.55578174 -0.47552856
v -0.27347347 -0.55578202 -0.41858335
v -0.32328151 -0.60578152 -0.44496055
v -0.32328151 -0.60578152 -0.44496055
v -0.27347347 -0.55578202 -0.41858335
v -0.29389157 -0.55578207 -0.40450906
v -0.32328151 -0.60578152 -0.44496055
v -0.29389157 -0.55578207 -0.40450906
v -0.44495850 -0.60578175 -0.32328202
v -0.29389157 -0.55578207 -0.40450906
v -0.39456999 -0.55578225 -0.30710604
v -0.44495850 -0.60578175 -0.32328202
v -0.44495850 -0.60578175 -0.32328202
v -0.39456999 -0.55578225 -0.30710604
v -0.40450771 -0.55578225 -0.29389327
v -0.44495850 -0.60578175 -0.32328202
v -0.40450771 -0.55578225 -0.29389327
v -0.52308100 -0.60578180 -0.16996051
v -0.40450771 -0.55578225 -0.29389327
v -0.47290814 -0.55578230 -0.16235033
v -0.52308100 -0.60578180 -0.16996051
v -0.52308100 -0.60578180 -0.16996051
v -0.47290814 -0.55578230 -0.16235033
v -0.47552865 -0.55578230 -0.15450926
v -0.52308100 -0.60578180 -0.16996051
v -0.47552865 -0.55578230 -0.15450926
v -0.55000060 -0.60578175 -0.00000072
v -0.55000060 -0.60578175 -0.00000072
v -0.47552865 -0.55578230 -0.15450926
v -0.49999906 -0.55578225 -0.00000070
v -0.55000060 -0.60578175 -0.00000072
v -0.49999906 -0.55578225 -0.00000070
v -0.52308077 -0.60578152 0.16995908
v -0.49999906 -0.55578225 -0.00000070
v -0.47552888 -0.55578202 0.15450841
v -0.52308077 -0.60578152 0.16995908
v -0.52308077 -0.60578152 0.16995908
v -0.47552888 -0.55578202 0.15450841
v -0.47290837 -0.55578202 0.16234989
v -0.52308077 -0.60578152 0.16995908
v -0.47290837 -0.55578202 0.16234989
v -0.44495990 -0.60578263 0.32328030
v -0.47290837 -0.55578202 0.16234989
v -0.40450823 -0.55578169 0.29389230
v -0.44495990 -0.60578263 0.32328030
v -0.44495990 -0.60578263 0.32328030
v -0.40450823 -0.55578169 0.29389230
v -0.39457069 -0.55578165 0.30710641
v -0.44495990 -0.60578263 0.32328030
v -0.39457069 -0.55578165 0.30710641
v -0.32328228 -0.60578217 0.44495845
v -0.39457069 -0.55578165 0.30710641
v -0.29389362 -0.55578277 0.40450753
v -0.32328228 -0.60578217 0.44495845
v -0.32328228 -0.60578217 0.44495845
v -0.29389362 -0.55578277 0.40450753
v -0.27347470 -0.55578272 0.41858293
v -0.32328228 -0.60578217 0.44495845
v -0.27347470 -0.55578272 0.41858293
v -0.16996076 -0.60578170 0.52308096
v -0.27347470 -0.55578272 0.41858293
v -0.15450959 -0.55578235 0.47552846
v -0.16996076 -0.60578170 0.52308096
v -0.16996076 -0.60578170 0.52308096
v -0.15450959 -0.55578235 0.47552846
v -0.12274325 -0.55578225 0.48469934
v -0.16996076 -0.60578170 0.52308096
v -0.12274325 -0.55578225 0.48469934
v -0.00000097 -0.60578268 0.55000060
v -0.12274325 -0.55578225 0.48469934
v 0.00000014 -0.55578188 0.49999976
v -0.00000097 -0.60578268 0.55000060
v -0.00000097 -0.60578268 0.55000060
v 0.00000014 -0.55578188 0.49999976
v 0.04128928 -0.55578179 0.49829143
v -0.00000097 -0.60578268 0.55000060
v 0.04128928 -0.55578179 0.49829143
v 0.16995883 -0.60578226 0.52308077
v 0.04128928 -0.55578179 0.49829143
v 0.15450807 -0.55578151 0.47552865
v 0.16995883 -0.60578226 0.52308077
v 0.16995883 -0.60578226 0.52308077
v 0.15450807 -0.55578151 0.47552865
v 0.20084674 -0.55578286 0.45788647
v 0.16995883 -0.60578226 0.52308077
v 0.20084674 -0.55578286 0.45788647
v 0.32328214 -0.60578194 0.44495962
v 0.20084674 -0.55578286 0.45788647
v 0.29389195 -0.55578267 0.40450804
v 0.32328214 -0.60578194 0.44495962
v 0.32328214 -0.60578194 0.44495962
v 0.29389195 -0.55578267 0.40450804
v 0.33864044 -0.55578258 0.36786175
v 0.32328214 -0.60578194 0.44495962
v 0.33864044 -0.55578258 0.36786175
v 0.44495822 -0.60578170 0.32328225
v 0.33864044 -0.55578258 0.36786175
v 0.40450809 -0.55578249 0.29389223
v 0.44495822 -0.60578170 0.32328225
v 0.44495822 -0.60578170 0.32328225
v 0.40450809 -0.55578249 0.29389223
v 0.43973676 -0.55578244 0.23797383
v 0.44495822 -0.60578170 0.32328225
v 0.43973676 -0.55578244 0.23797383
v 0.52308072 -0.60578161 0.16996074
v 0.43973676 -0.55578244 0.23797383
v 0.47552809 -0.55578244 0.15450938
v 0.52308072 -0.60578161 0.16996074
v 0.52308072 -0.60578161 0.16996074
v 0.47552809 -0.55578244 0.15450938
v 0.49318084 -0.55578244 0.08229709
v 0.52308072 -0.60578161 0.16996074
v 0.49318084 -0.55578244 0.08229709
v 0.55000032 -0.60578170 0.00000094
v 0.55000032 -0.60578170 0.00000094
v 0.49318084 -0.55578244 0.08229709
v 0.50000059 -0.55578249 0.00000057
v 0.55000032 -0.60578170 0.00000094
v 0.50000059 -0.55578249 0.00000057
v 0.52308049 -0.60578194 -0.16995886
v 0.52308049 -0.60578194 -0.16995886
v 0.50000059 -0.55578249 0.00000057
v 0.49318043 -0.55578258 -0.08229634
v 0.52308049 -0.60578194 -0.16995886
v 0.49318043 -0.55578258 -0.08229634
v 0.47552832 -0.55578272 -0.15450828
v -0.44495845 0.59421770 -0.32328248
v -0.52308096 0.59421766 -0.16996098
v -0.47290879 0.54421844 -0.16234954
v -0.47290879 0.54421844 -0.16234954
v -0.40450837 0.54421849 -0.29389248
v -0.44495845 0.59421770 -0.32328248
v -0.44495845 0.59421770 -0.32328248
v -0.40450837 0.54421849 -0.29389248
v -0.39456971 0.54421849 -0.30710644
v -0.44495845 0.59421770 -0.32328248
v -0.39456971 0.54421849 -0.30710644
v -0.32328123 0.59421794 -0.44495896
v -0.39456971 0.54421849 -0.30710644
v -0.29389223 0.54421718 -0.40450827
v -0.32328123 0.59421794 -0.44495896
v -0.32328123 0.59421794 -0.44495896
v -0.29389223 0.54421718 -0.40450827
v -0.27347319 0.54421723 -0.41858372
v -0.32328123 0.59421794 -0.44495896
v -0.27347319 0.54421723 -0.41858372
v -0.16995911 0.59421826 -0.52308100
v -0.27347319 0.54421723 -0.41858372
v -0.15450834 0.54421751 -0.47552893
v -0.16995911 0.59421826 -0.52308100
v -0.16995911 0.59421826 -0.52308100
v -0.15450834 0.54421751 -0.47552893
v -0.12274153 0.54421760 -0.48470041
v -0.16995911 0.59421826 -0.52308100
v -0.12274153 0.54421760 -0.48470041
v 0.00000070 0.59421724 -0.55000084
v -0.12274153 0.54421760 -0.48470041
v 0.00000077 0.54421793 -0.49999910
v 0.00000070 0.59421724 -0.55000084
v 0.00000070 0.59421724 -0.55000084
v 0.00000077 0.54421793 -0.49999910
v 0.04128914 0.54421802 -0.49829232
v 0.00000070 0.59421724 -0.55000084
v 0.04128914 0.54421802 -0.49829232
v 0.16996049 0.59421770 -0.52308119
v 0.04128914 0.54421802 -0.49829232
v 0.15450933 0.54421835 -0.47552870
v 0.16996049 0.59421770 -0.52308119
v 0.16996049 0.59421770 -0.52308119
v 0.15450933 0.54421835 -0.47552870
v 0.20084779 0.54421849 -0.45788726
v 0.16996049 0.59421770 -0.52308119
v 0.20084779 0.54421849 -0.45788726
v 0.32328200 0.59421821 -0.44495868
v 0.20084779 0.54421849 -0.45788726
v 0.29389334 0.54421732 -0.40450776
v 0.32328200 0.59421821 -0.44495868
v 0.32328200 0.59421821 -0.44495868
v 0.29389334 0.54421732 -0.40450776
v 0.33864083 0.54421746 -0.36786105
v 0.32328200 0.59421821 -0.44495868
v 0.33864083 0.54421746 -0.36786105
v 0.44495962 0.59421714 -0.32328055
v 0.33864083 0.54421746 -0.36786105
v 0.40450916 0.54421769 -0.29389162
v 0.44495962 0.59421714 -0.32328055
v 0.44495962 0.59421714 -0.32328055
v 0.40450916 0.54421769 -0.29389162
v 0.43973722 0.54421788 -0.23797355
v 0.44495962 0.59421714 -0.32328055
v 0.43973722 0.54421788 -0.23797355
v 0.52308170 0.59421752 -0.16995842
v 0.43973722 0.54421788 -0.23797355
v 0.47552860 0.54421802 -0.15450866
v 0.52308170 0.59421752 -0.16995842
v 0.52308170 0.59421752 -0.16995842
v 0.47552860 0.54421802 -0.15450866
v 0.49318071 0.54421816 -0.08229673
v 0.52308170 0.59421752 -0.16995842
v 0.49318071 0.54421816 -0.08229673
v 0.55000032 0.59421775 0.00000046
v 0.55000032 0.59421775 0.00000046
v 0.49318071 0.54421816 -0.08229673
v 0.49999999 0.54421825 0.00000136
v 0.55000032 0.59421775 0.00000046
v 0.49999999 0.54421825 0.00000136
v 0.52308072 0.59421784 0.16996026
v 0.49999999 0.54421825 0.00000136
v 0.49318019 0.54421830 0.08229789
v 0.52308072 0.59421784 0.16996026
v 0.52308072 0.59421784 0.16996026
v 0.49318019 0.54421830 0.08229789
v 0.47552837 0.54421830 0.15450900
v 0.52308072 0.59421784 0.16996026
v 0.47552837 0.54421830 0.15450900
v 0.44495938 0.59421775 0.32328267
v 0.47552837 0.54421830 0.15450900
v 0.43973704 0.54421830 0.23797343
v 0.44495938 0.59421775 0.32328267
v 0.44495938 0.59421775 0.32328267
v 0.43973704 0.54421830 0.23797343
v 0.40450748 0.54421825 0.29389304
v 0.44495938 0.59421775 0.32328267
v 0.40450748 0.54421825 0.29389304
v 0.32328123 0.59421752 0.44496031
v 0.40450748 0.54421825 0.29389304
v 0.33863981 0.54421816 0.36786254
v 0.32328123 0.59421752 0.44496031
v 0.32328123 0.59421752 0.44496031
v 0.33863981 0.54421816 0.36786254
v 0.29389132 0.54421807 0.40450883
v 0.32328123 0.59421752 0.44496031
v 0.29389132 0.54421807 0.40450883
v 0.16995793 0.59421719 0.52308147
v 0.29389132 0.54421807 0.40450883
v 0.20084821 0.54421788 0.45788698
v 0.16995793 0.59421719 0.52308147
v 0.16995793 0.59421719 0.52308147
v 0.20084821 0.54421788 0.45788698
v 0.15450835 0.54421774 0.47552828
v 0.16995793 0.59421719 0.52308147
v 0.15450835 0.54421774 0.47552828
v -0.00000096 0.59421826 0.55000009
v 0.15450835 0.54421774 0.47552828
v 0.04128864 0.54421746 0.49829222
v -0.00000096 0.59421826 0.55000009
v -0.00000096 0.59421826 0.55000009
v 0.04128864 0.54421746 0.49829222
v -0.00000050 0.54421737 0.50000055
v -0.00000096 0.59421826 0.55000009
v -0.00000050 0.54421737 0.50000055
v -0.16995957 0.59421775 0.52308138
v -0.00000050 0.54421737 0.50000055
v -0.12274388 0.54421849 0.48470018
v -0.16995957 0.59421775 0.52308138
v -0.16995957 0.59421775 0.52308138
v -0.12274388 0.54421849 0.48470018
v -0.15450931 0.54421839 0.47552804
v -0.16995957 0.59421775 0.52308138
v -0.15450931 0.54421839 0.47552804
v -0.32328318 0.59421728 0.44495915
v -0.15450931 0.54421839 0.47552804
v -0.27347442 0.54421802 0.41858251
v -0.32328318 0.59421728 0.44495915
v -0.32328318 0.59421728 0.44495915
v -0.27347442 0.54421802 0.41858251
v -0.29389216 0.54421797 0.40450804
v -0.32328318 0.59421728 0.44495915
v -0.29389216 0.54421797 0.40450804
v -0.44495962 0.59421831 0.32328193
v -0.29389216 0.54421797 0.40450804
v -0.39457041 0.54421760 0.30710604
v -0.44495962 0.59421831 0.32328193
v -0.44495962 0.59421831 0.32328193
v -0.39457041 0.54421760 0.30710604
v -0.40450795 0.54421755 0.29389190
v -0.44495962 0.59421831 0.32328193
v -0.40450795 0.54421755 0.29389190
v -0.52308077 0.59421794 0.16995860
v -0.40450795 0.54421755 0.29389190
v -0.47290809 0.54421723 0.16234950
v -0.52308077 0.59421794 0.16995860
v -0.52308077 0.59421794 0.16995860
v -0.47290809 0.54421723 0.16234950
v -0.47552860 0.54421723 0.15450803
v -0.52308077 0.59421794 0.16995860
v -0.47552860 0.54421723 0.15450803
v -0.54999944 0.59421770 -0.00000028
v -0.54999944 0.59421770 -0.00000028
v -0.47552860 0.54421723 0.15450803
v -0.49999971 0.54421849 0.00000009
v -0.54999944 0.59421770 -0.00000028
v -0.49999971 0.54421849 0.00000009
v -0.52308096 0.59421766 -0.16996098
v -0.52308096 0.59421766 -0.16996098
v -0.49999971 0.54421849 0.00000009
v -0.47552837 0.54421844 -0.15450964
v -0.52308096 0.59421766 -0.16996098
v -0.47552837 0.54421844 -0.15450964
v -0.47290879 0.54421844 -0.16234954
v -0.82329484 -0.60578268 -0.21138783
v -0.84999995 -0.60578254 -0.00000032
v -0.89290226 -0.55578193 -0.11280124
v -0.89290226 -0.55578193 -0.11280124
v -0.87172538 -0.55578197 -0.22382198
v -0.82329484 -0.60578268 -0.21138783
v -0.82329484 -0.60578268 -0.21138783
v -0.87172538 -0.55578197 -0.22382198
v -0.83679799 -0.55578197 -0.33131288
v -0.82329484 -0.60578268 -0.21138783
v -0.83679799 -0.55578197 -0.33131288
v -0.74485997 -0.60578263 -0.40949183
v -0.74485997 -0.60578263 -0.40949183
v -0.83679799 -0.55578197 -0.33131288
v -0.78867525 -0.55578193 -0.43358007
v -0.74485997 -0.60578263 -0.40949183
v -0.78867525 -0.55578193 -0.43358007
v -0.61962269 -0.60578245 -0.58186539
v -0.78867525 -0.55578193 -0.43358007
v -0.72811535 -0.55578188 -0.52900775
v -0.61962269 -0.60578245 -0.58186539
v -0.61962269 -0.60578245 -0.58186539
v -0.72811535 -0.55578188 -0.52900775
v -0.65607168 -0.55578174 -0.61609345
v -0.61962269 -0.60578245 -0.58186539
v -0.65607168 -0.55578174 -0.61609345
v -0.45545204 -0.60578212 -0.71767988
v -0.65607168 -0.55578174 -0.61609345
v -0.57368069 -0.55578160 -0.69346312
v -0.45545204 -0.60578212 -0.71767988
v -0.45545204 -0.60578212 -0.71767988
v -0.57368069 -0.55578160 -0.69346312
v -0.48224297 -0.55578290 -0.75989608
v -0.45545204 -0.60578212 -0.71767988
v -0.48224297 -0.55578290 -0.75989608
v -0.26266365 -0.60578170 -0.80839908
v -0.48224297 -0.55578290 -0.75989608
v -0.38320005 -0.55578267 -0.81434473
v -0.26266365 -0.60578170 -0.80839908
v -0.26266365 -0.60578170 -0.80839908
v -0.38320005 -0.55578267 -0.81434473
v -0.27811441 -0.55578244 -0.85595110
v -0.26266365 -0.60578170 -0.80839908
v -0.27811441 -0.55578244 -0.85595110
v -0.05337130 -0.60578268 -0.84832273
v -0.27811441 -0.55578244 -0.85595110
v -0.16864203 -0.55578216 -0.88405786
v -0.05337130 -0.60578268 -0.84832273
v -0.05337130 -0.60578268 -0.84832273
v -0.16864203 -0.55578216 -0.88405786
v -0.05651021 -0.55578188 -0.89822449
v -0.05337130 -0.60578268 -0.84832273
v -0.05651021 -0.55578188 -0.89822449
v 0.15927505 -0.60578207 -0.83494335
v -0.05651021 -0.55578188 -0.89822449
v 0.05651285 -0.55578155 -0.89822346
v 0.15927505 -0.60578207 -0.83494335
v 0.15927505 -0.60578207 -0.83494335
v 0.05651285 -0.55578155 -0.89822346
v 0.16864424 -0.55578272 -0.88405870
v 0.15927505 -0.60578207 -0.83494335
v 0.16864424 -0.55578272 -0.88405870
v 0.36191365 -0.60578296 -0.76910290
v 0.16864424 -0.55578272 -0.88405870
v 0.27811590 -0.55578239 -0.85595073
v 0.36191365 -0.60578296 -0.76910290
v 0.36191365 -0.60578296 -0.76910290
v 0.27811590 -0.55578239 -0.85595073
v 0.38320250 -0.55578207 -0.81434324
v 0.36191365 -0.60578296 -0.76910290
v 0.38320250 -0.55578207 -0.81434324
v 0.54181106 -0.60578235 -0.65493486
v 0.38320250 -0.55578207 -0.81434324
v 0.48224474 -0.55578174 -0.75989454
v 0.54181106 -0.60578235 -0.65493486
v 0.54181106 -0.60578235 -0.65493486
v 0.48224474 -0.55578174 -0.75989454
v 0.57368232 -0.55578295 -0.69346130
v 0.54181106 -0.60578235 -0.65493486
v 0.57368232 -0.55578295 -0.69346130
v 0.68766521 -0.60578180 -0.49961573
v 0.57368232 -0.55578295 -0.69346130
v 0.65607284 -0.55578263 -0.61609163
v 0.68766521 -0.60578180 -0.49961573
v 0.68766521 -0.60578180 -0.49961573
v 0.65607284 -0.55578263 -0.61609163
v 0.72811660 -0.55578239 -0.52900584
v 0.68766521 -0.60578180 -0.49961573
v 0.72811660 -0.55578239 -0.52900584
v 0.79030972 -0.60578287 -0.31290497
v 0.72811660 -0.55578239 -0.52900584
v 0.78867711 -0.55578211 -0.43357685
v 0.79030972 -0.60578287 -0.31290497
v 0.79030972 -0.60578287 -0.31290497
v 0.78867711 -0.55578211 -0.43357685
v 0.83679948 -0.55578188 -0.33131009
v 0.79030972 -0.60578287 -0.31290497
v 0.83679948 -0.55578188 -0.33131009
v 0.84329685 -0.60578249 -0.10653199
v 0.83679948 -0.55578188 -0.33131009
v 0.87172445 -0.55578169 -0.22381991
v 0.84329685 -0.60578249 -0.10653199
v 0.84329685 -0.60578249 -0.10653199
v 0.87172445 -0.55578169 -0.22381991
v 0.89290347 -0.55578155 -0.11279857
v 0.84329685 -0.60578249 -0.10653199
v 0.89290347 -0.55578155 -0.11279857
v 0.84999967 -0.60578240 0.00000054
v 0.84999967 -0.60578240 0.00000054
v 0.89290347 -0.55578155 -0.11279857
v 0.90000033 -0.55578290 0.00000173
v 0.84999967 -0.60578240 0.00000054
v 0.90000033 -0.55578290 0.00000173
v 0.84329750 -0.60578231 0.10653351
v 0.84329750 -0.60578231 0.10653351
v 0.90000033 -0.55578290 0.00000173
v 0.89290384 -0.55578281 0.11280110
v 0.84329750 -0.60578231 0.10653351
v 0.89290384 -0.55578281 0.11280110
v 0.79030963 -0.60578226 0.31290785
v 0.89290384 -0.55578281 0.11280110
v 0.87172482 -0.55578277 0.22382210
v 0.79030963 -0.60578226 0.31290785
v 0.79030963 -0.60578226 0.31290785
v 0.87172482 -0.55578277 0.22382210
v 0.83679864 -0.55578277 0.33131393
v 0.79030963 -0.60578226 0.31290785
v 0.83679864 -0.55578277 0.33131393
v 0.68766405 -0.60578235 0.49961912
v 0.68766405 -0.60578235 0.49961912
v 0.83679864 -0.55578277 0.33131393
v 0.78867562 -0.55578281 0.43357899
v 0.78867562 -0.55578281 0.43357899
v 0.72811483 -0.55578286 0.52900789
v 0.68766405 -0.60578235 0.49961912
v 0.68766405 -0.60578235 0.49961912
v 0.72811483 -0.55578286 0.52900789
v 0.65607112 -0.55578151 0.61609359
v 0.68766405 -0.60578235 0.49961912
v 0.65607112 -0.55578151 0.61609359
v 0.54180929 -0.60578263 0.65493761
v 0.65607112 -0.55578151 0.61609359
v 0.57368106 -0.55578165 0.69346209
v 0.54180929 -0.60578263 0.65493761
v 0.54180929 -0.60578263 0.65493761
v 0.57368106 -0.55578165 0.69346209
v 0.48224335 -0.55578183 0.75989501
v 0.54180929 -0.60578263 0.65493761
v 0.48224335 -0.55578183 0.75989501
v 0.36191065 -0.60578152 0.76910360
v 0.48224335 -0.55578183 0.75989501
v 0.38319952 -0.55578207 0.81434483
v 0.36191065 -0.60578152 0.76910360
v 0.36191065 -0.60578152 0.76910360
v 0.38319952 -0.55578207 0.81434483
v 0.27811385 -0.55578230 0.85595129
v 0.36191065 -0.60578152 0.76910360
v 0.27811385 -0.55578230 0.85595129
v 0.15927268 -0.60578198 0.83494494
v 0.27811385 -0.55578230 0.85595129
v 0.16864267 -0.55578258 0.88405889
v 0.15927268 -0.60578198 0.83494494
v 0.15927268 -0.60578198 0.83494494
v 0.16864267 -0.55578258 0.88405889
v 0.05651058 -0.55578286 0.89822346
v 0.15927268 -0.60578198 0.83494494
v 0.05651058 -0.55578286 0.89822346
v -0.05337319 -0.60578254 0.84832264
v 0.05651058 -0.55578286 0.89822346
v -0.05651221 -0.55578169 0.89822449
v -0.05337319 -0.60578254 0.84832264
v -0.05337319 -0.60578254 0.84832264
v -0.05651221 -0.55578169 0.89822449
v -0.16864479 -0.55578197 0.88405879
v -0.05337319 -0.60578254 0.84832264
v -0.16864479 -0.55578197 0.88405879
v -0.26266619 -0.60578170 0.80839749
v -0.16864479 -0.55578197 0.88405879
v -0.27811646 -0.55578230 0.85595082
v -0.26266619 -0.60578170 0.80839749
v -0.26266619 -0.60578170 0.80839749
v -0.27811646 -0.55578230 0.85595082
v -0.38320187 -0.55578263 0.81434436
v -0.26266619 -0.60578170 0.80839749
v -0.38320187 -0.55578263 0.81434436
v -0.45545371 -0.60578231 0.71767741
v -0.38320187 -0.55578263 0.81434436
v -0.48224530 -0.55578146 0.75989468
v -0.45545371 -0.60578231 0.71767741
v -0.45545371 -0.60578231 0.71767741
v -0.48224530 -0.55578146 0.75989468
v -0.57368288 -0.55578179 0.69346144
v -0.45545371 -0.60578231 0.71767741
v -0.57368288 -0.55578179 0.69346144
v -0.61962432 -0.60578287 0.58186422
v -0.57368288 -0.55578179 0.69346144
v -0.65607340 -0.55578207 0.61609177
v -0.61962432 -0.60578287 0.58186422
v -0.61962432 -0.60578287 0.58186422
v -0.65607340 -0.55578207 0.61609177
v -0.72811507 -0.55578235 0.52900570
v -0.61962432 -0.60578287 0.58186422
v -0.72811507 -0.55578235 0.52900570
v -0.74486192 -0.60578189 0.40948936
v -0.72811507 -0.55578235 0.52900570
v -0.78867646 -0.55578263 0.43357788
v -0.74486192 -0.60578189 0.40948936
v -0.74486192 -0.60578189 0.40948936
v -0.78867646 -0.55578263 0.43357788
v -0.83679883 -0.55578286 0.33131114
v -0.74486192 -0.60578189 0.40948936
v -0.83679883 -0.55578286 0.33131114
v -0.82329605 -0.60578226 0.21138582
v -0.83679883 -0.55578286 0.33131114
v -0.87172491 -0.55578155 0.22382005
v -0.82329605 -0.60578226 0.21138582
v -0.82329605 -0.60578226 0.21138582
v -0.87172491 -0.55578155 0.22382005
v -0.89290394 -0.55578169 0.11279871
v -0.82329605 -0.60578226 0.21138582
v -0.89290394 -0.55578169 0.11279871
v -0.84999995 -0.60578254 -0.00000032
v -0.84999995 -0.60578254 -0.00000032
v -0.89290394 -0.55578169 0.11279871
v -0.89999968 -0.55578183 -0.00000069
v -0.84999995 -0.60578254 -0.00000032
v -0.89999968 -0.55578183 -0.00000069
v -0.89290226 -0.55578193 -0.11280124
v 0.90000061 0.54421783 0.00000135
v 0.82329456 0.59421719 0.21138757
v 0.87172510 0.54421797 0.22382173
v 0.87172510 0.54421797 0.22382173
v 0.82329456 0.59421719 0.21138757
v 0.74485969 0.59421714 0.40949159
v 0.87172510 0.54421797 0.22382173
v 0.74485969 0.59421714 0.40949159
v 0.78867497 0.54421793 0.43357979
v 0.78867497 0.54421793 0.43357979
v 0.74485969 0.59421714 0.40949159
v 0.61962241 0.59421845 0.58186515
v 0.78867497 0.54421793 0.43357979
v 0.61962241 0.59421845 0.58186515
v 0.65607140 0.54421774 0.61609321
v 0.65607140 0.54421774 0.61609321
v 0.61962241 0.59421845 0.58186515
v 0.45545176 0.59421817 0.71767960
v 0.65607140 0.54421774 0.61609321
v 0.45545176 0.59421817 0.71767960
v 0.48224269 0.54421742 0.75989580
v 0.48224269 0.54421742 0.75989580
v 0.45545176 0.59421817 0.71767960
v 0.26266337 0.59421770 0.80839880
v 0.48224269 0.54421742 0.75989580
v 0.26266337 0.59421770 0.80839880
v 0.27811413 0.54421844 0.85595082
v 0.27811413 0.54421844 0.85595082
v 0.26266337 0.59421770 0.80839880
v 0.05337103 0.59421719 0.84832245
v 0.27811413 0.54421844 0.85595082
v 0.05337103 0.59421719 0.84832245
v 0.05650995 0.54421788 0.89822430
v 0.05650995 0.54421788 0.89822430
v 0.05337103 0.59421719 0.84832245
v -0.15927533 0.59421808 0.83494307
v 0.05650995 0.54421788 0.89822430
v -0.15927533 0.59421808 0.83494307
v -0.16864451 0.54421728 0.88405842
v -0.16864451 0.54421728 0.88405842
v -0.15927533 0.59421808 0.83494307
v -0.36191391 0.59421747 0.76910262
v -0.16864451 0.54421728 0.88405842
v -0.36191391 0.59421747 0.76910262
v -0.38320159 0.54421811 0.81434390
v -0.38320159 0.54421811 0.81434390
v -0.36191391 0.59421747 0.76910262
v -0.54181134 0.59421835 0.65493458
v -0.38320159 0.54421811 0.81434390
v -0.54181134 0.59421835 0.65493458
v -0.57368260 0.54421746 0.69346107
v -0.57368260 0.54421746 0.69346107
v -0.54181134 0.59421835 0.65493458
v -0.68766428 0.59421780 0.49961638
v -0.57368260 0.54421746 0.69346107
v -0.68766428 0.59421780 0.49961638
v -0.72811572 0.54421839 0.52900650
v -0.72811572 0.54421839 0.52900650
v -0.68766428 0.59421780 0.49961638
v -0.79031000 0.59421738 0.31290471
v -0.72811572 0.54421839 0.52900650
v -0.79031000 0.59421738 0.31290471
v -0.83679855 0.54421788 0.33131074
v -0.83679855 0.54421788 0.33131074
v -0.79031000 0.59421738 0.31290471
v -0.84329713 0.59421854 0.10653173
v -0.83679855 0.54421788 0.33131074
v -0.84329713 0.59421854 0.10653173
v -0.89290366 0.54421755 0.11279832
v -0.89290366 0.54421755 0.11279832
v -0.84329713 0.59421854 0.10653173
v -0.84329778 0.59421831 -0.10653377
v -0.89290366 0.54421755 0.11279832
v -0.84329778 0.59421831 -0.10653377
v -0.89290291 0.54421732 -0.11280044
v -0.89290291 0.54421732 -0.11280044
v -0.84329778 0.59421831 -0.10653377
v -0.79030963 0.59421826 -0.31290601
v -0.89290291 0.54421732 -0.11280044
v -0.79030963 0.59421826 -0.31290601
v -0.83679771 0.54421728 -0.33131326
v -0.83679771 0.54421728 -0.33131326
v -0.79030963 0.59421826 -0.31290601
v -0.68766316 0.59421835 -0.49961847
v -0.83679771 0.54421728 -0.33131326
v -0.68766316 0.59421835 -0.49961847
v -0.72811507 0.54421737 -0.52900813
v -0.72811507 0.54421737 -0.52900813
v -0.68766316 0.59421835 -0.49961847
v -0.54180957 0.59421714 -0.65493789
v -0.72811507 0.54421737 -0.52900813
v -0.54180957 0.59421714 -0.65493789
v -0.57368134 0.54421765 -0.69346232
v -0.57368134 0.54421765 -0.69346232
v -0.54180957 0.59421714 -0.65493789
v -0.36191093 0.59421752 -0.76910383
v -0.57368134 0.54421765 -0.69346232
v -0.36191093 0.59421752 -0.76910383
v -0.38319977 0.54421807 -0.81434511
v -0.38319977 0.54421807 -0.81434511
v -0.36191093 0.59421752 -0.76910383
v -0.15927295 0.59421803 -0.83494512
v -0.38319977 0.54421807 -0.81434511
v -0.15927295 0.59421803 -0.83494512
v -0.16864176 0.54421709 -0.88405823
v -0.16864176 0.54421709 -0.88405823
v -0.15927295 0.59421803 -0.83494512
v 0.05337292 0.59421710 -0.84832292
v -0.16864176 0.54421709 -0.88405823
v 0.05337292 0.59421710 -0.84832292
v 0.05651313 0.54421769 -0.89822384
v 0.05651313 0.54421769 -0.89822384
v 0.05337292 0.59421710 -0.84832292
v 0.26266593 0.59421770 -0.80839777
v 0.05651313 0.54421769 -0.89822384
v 0.26266593 0.59421770 -0.80839777
v 0.27811618 0.54421835 -0.85595110
v 0.27811618 0.54421835 -0.85595110
v 0.26266593 0.59421770 -0.80839777
v 0.45545343 0.59421831 -0.71767769
v 0.27811618 0.54421835 -0.85595110
v 0.45545343 0.59421831 -0.71767769
v 0.48224502 0.54421751 -0.75989496
v 0.48224502 0.54421751 -0.75989496
v 0.45545343 0.59421831 -0.71767769
v 0.61962404 0.59421738 -0.58186450
v 0.48224502 0.54421751 -0.75989496
v 0.61962404 0.59421738 -0.58186450
v 0.65607312 0.54421811 -0.61609200
v 0.65607312 0.54421811 -0.61609200
v 0.61962404 0.59421738 -0.58186450
v 0.74486164 0.59421789 -0.40948964
v 0.65607312 0.54421811 -0.61609200
v 0.74486164 0.59421789 -0.40948964
v 0.78867739 0.54421714 -0.43357722
v 0.78867739 0.54421714 -0.43357722
v 0.74486164 0.59421789 -0.40948964
v 0.82329577 0.59421826 -0.21138608
v 0.78867739 0.54421714 -0.43357722
v 0.82329577 0.59421826 -0.21138608
v 0.87172473 0.54421755 -0.22382031
v 0.87172473 0.54421755 -0.22382031
v 0.82329577 0.59421826 -0.21138608
v 0.85000088 0.59421705 0.00000098
v 0.87172473 0.54421755 -0.22382031
v 0.85000088 0.59421705 0.00000098
v 0.90000061 0.54421783 0.00000135
v 0.90000061 0.54421783 0.00000135
v 0.85000088 0.59421705 0.00000098
v 0.82329456 0.59421719 0.21138757
v 0.36330903 -0.10537558 0.34352096
v 0.44441684 -0.08708562 0.40310607
v 0.38823211 -0.07077504 0.31508103
v 0.38823211 -0.07077504 0.31508103
v 0.44441684 -0.08708562 0.40310607
v 0.45661475 -0.06328248 0.38923414
v 0.38823211 -0.07077504 0.31508103
v 0.45661475 -0.06328248 0.38923414
v 0.39124615 -0.06328273 0.31133129
v 0.39124615 -0.06328273 0.31133129
v 0.45661475 -0.06328248 0.38923414
v 0.39844979 -0.03557699 0.30205662
v 0.39844979 -0.03557699 0.30205662
v 0.45661475 -0.06328248 0.38923414
v 0.46408912 -0.03559909 0.38029137
v 0.39844979 -0.03557699 0.30205662
v 0.46408912 -0.03559909 0.38029137
v 0.40087141 -0.00578212 0.29883389
v 0.40087141 -0.00578212 0.29883389
v 0.46408912 -0.03559909 0.38029137
v 0.46661687 -0.00578186 0.37718471
v 0.40087141 -0.00578212 0.29883389
v 0.46661687 -0.00578186 0.37718471
v 0.39844965 0.02401424 0.30205657
v 0.39844965 0.02401424 0.30205657
v 0.46661687 -0.00578186 0.37718471
v 0.46409168 0.02402195 0.38028779
v 0.39844965 0.02401424 0.30205657
v 0.46409168 0.02402195 0.38028779
v 0.39124582 0.05171847 0.31133119
v 0.39124582 0.05171847 0.31133119
v 0.46409168 0.02402195 0.38028779
v 0.45661442 0.05171723 0.38923402
v 0.39124582 0.05171847 0.31133119
v 0.45661442 0.05171723 0.38923402
v 0.37939041 0.07556031 0.32567347
v 0.37939041 0.07556031 0.32567347
v 0.45661442 0.05171723 0.38923402
v 0.44441549 0.07552181 0.40310710
v 0.37939041 0.07556031 0.32567347
v 0.44441549 0.07552181 0.40310710
v 0.36330849 0.09381123 0.34352078
v 0.36330849 0.09381123 0.34352078
v 0.44441549 0.07552181 0.40310710
v 0.42794440 0.09380998 0.42055156
v 0.36330849 0.09381123 0.34352078
v 0.42794440 0.09380998 0.42055156
v 0.33863981 0.10690334 0.36786203
v 0.33863981 0.10690334 0.36786203
v 0.42794440 0.09380998 0.42055156
v 0.40828572 0.10519294 0.43966155
v 0.33863981 0.10690334 0.36786203
v 0.40828572 0.10519294 0.43966155
v 0.32139404 0.10921746 0.38302285
v 0.32139404 0.10921746 0.38302285
v 0.40828572 0.10519294 0.43966155
v 0.38624834 0.10921472 0.45914305
v 0.32139404 0.10921746 0.38302285
v 0.38624834 0.10921472 0.45914305
v 0.29797938 0.10528499 0.40150848
v 0.29797938 0.10528499 0.40150848
v 0.38624834 0.10921472 0.45914305
v 0.36235142 0.10528375 0.47822772
v 0.29797938 0.10528499 0.40150848
v 0.36235142 0.10528375 0.47822772
v 0.27521311 0.09381105 0.41744178
v 0.27521311 0.09381105 0.41744178
v 0.36235142 0.10528375 0.47822772
v 0.33984901 0.09381130 0.49447254
v 0.27521311 0.09381105 0.41744178
v 0.33984901 0.09381130 0.49447254
v 0.25483344 0.07554815 0.43018553
v 0.25483344 0.07554815 0.43018553
v 0.33984901 0.09381130 0.49447254
v 0.31983065 0.07554542 0.50765034
v 0.25483344 0.07554815 0.43018553
v 0.31983065 0.07554542 0.50765034
v 0.23866091 0.05171818 0.43936404
v 0.23866091 0.05171818 0.43936404
v 0.31983065 0.07554542 0.50765034
v 0.30402858 0.05171843 0.51726806
v 0.23866091 0.05171818 0.43936404
v 0.30402858 0.05171843 0.51726806
v 0.22827655 0.02401540 0.44484776
v 0.22827655 0.02401540 0.44484776
v 0.30402858 0.05171843 0.51726806
v 0.29391167 0.02397989 0.52308310
v 0.22827655 0.02401540 0.44484776
v 0.29391167 0.02397989 0.52308310
v 0.22468152 -0.00578246 0.44667469
v 0.22468152 -0.00578246 0.44667469
v 0.29391167 0.02397989 0.52308310
v 0.29042610 -0.00578220 0.52502668
v 0.22468152 -0.00578246 0.44667469
v 0.29042610 -0.00578220 0.52502668
v 0.22827671 -0.03558030 0.44484786
v 0.22827671 -0.03558030 0.44484786
v 0.29042610 -0.00578220 0.52502668
v 0.29393951 -0.03566648 0.52306685
v 0.22827671 -0.03558030 0.44484786
v 0.29393951 -0.03566648 0.52306685
v 0.23866030 -0.06328154 0.43936530
v 0.23866030 -0.06328154 0.43936530
v 0.29393951 -0.03566648 0.52306685
v 0.30402890 -0.06328278 0.51726815
v 0.23866030 -0.06328154 0.43936530
v 0.30402890 -0.06328278 0.51726815
v 0.25481705 -0.08709505 0.43019527
v 0.25481705 -0.08709505 0.43019527
v 0.30402890 -0.06328278 0.51726815
v 0.31981426 -0.08709182 0.50766007
v 0.25481705 -0.08709505 0.43019527
v 0.31981426 -0.08709182 0.50766007
v 0.27521364 -0.10537575 0.41744197
v 0.27521364 -0.10537575 0.41744197
v 0.31981426 -0.08709182 0.50766007
v 0.33984955 -0.10537551 0.49447273
v 0.27521364 -0.10537575 0.41744197
v 0.33984955 -0.10537551 0.49447273
v 0.29801559 -0.11686152 0.40147975
v 0.29801559 -0.11686152 0.40147975
v 0.33984955 -0.10537551 0.49447273
v 0.36239936 -0.11686425 0.47819111
v 0.29801559 -0.11686152 0.40147975
v 0.36239936 -0.11686425 0.47819111
v 0.32138957 -0.12078197 0.38302478
v 0.32138957 -0.12078197 0.38302478
v 0.36239936 -0.11686425 0.47819111
v 0.38567125 -0.12078172 0.45962702
v 0.32138957 -0.12078197 0.38302478
v 0.38567125 -0.12078172 0.45962702
v 0.33864044 -0.11846778 0.36786224
v 0.33864044 -0.11846778 0.36786224
v 0.38567125 -0.12078172 0.45962702
v 0.40826243 -0.11676581 0.43968284
v 0.33864044 -0.11846778 0.36786224
v 0.40826243 -0.11676581 0.43968284
v 0.36330903 -0.10537558 0.34352096
v 0.36330903 -0.10537558 0.34352096
v 0.40826243 -0.11676581 0.43968284
v 0.42794496 -0.10537533 0.42055175
v 0.36330903 -0.10537558 0.34352096
v 0.42794496 -0.10537533 0.42055175
v 0.44441684 -0.08708562 0.40310607
v -0.16995911 0.59421826 -0.52308100
v -0.36191093 0.59421752 -0.76910383
v -0.32328123 0.59421794 -0.44495896
v -0.32328123 0.59421794 -0.44495896
v -0.36191093 0.59421752 -0.76910383
v -0.54180957 0.59421714 -0.65493789
v -0.32328123 0.59421794 -0.44495896
v -0.54180957 0.59421714 -0.65493789
v -0.44495845 0.59421770 -0.32328248
v -0.44495845 0.59421770 -0.32328248
v -0.54180957 0.59421714 -0.65493789
v -0.68766316 0.59421835 -0.49961847
v -0.44495845 0.59421770 -0.32328248
v -0.68766316 0.59421835 -0.49961847
v -0.52308096 0.59421766 -0.16996098
v 0.44495962 0.59421714 -0.32328055
v 0.61962404 0.59421738 -0.58186450
v 0.32328200 0.59421821 -0.44495868
v 0.32328200 0.59421821 -0.44495868
v 0.61962404 0.59421738 -0.58186450
v 0.45545343 0.59421831 -0.71767769
v 0.32328200 0.59421821 -0.44495868
v 0.45545343 0.59421831 -0.71767769
v 0.16996049 0.59421770 -0.52308119
v 0.16996049 0.59421770 -0.52308119
v 0.45545343 0.59421831 -0.71767769
v 0.26266593 0.59421770 -0.80839777
v 0.16996049 0.59421770 -0.52308119
v 0.26266593 0.59421770 -0.80839777
v 0.00000070 0.59421724 -0.55000084
v 0.00000070 0.59421724 -0.55000084
v 0.26266593 0.59421770 -0.80839777
v 0.05337292 0.59421710 -0.84832292
v 0.00000070 0.59421724 -0.55000084
v 0.05337292 0.59421710 -0.84832292
v -0.16995911 0.59421826 -0.52308100
v -0.16995911 0.59421826 -0.52308100
v 0.05337292 0.59421710 -0.84832292
v -0.15927295 0.59421803 -0.83494512
v -0.16995911 0.59421826 -0.52308100
v -0.15927295 0.59421803 -0.83494512
v -0.36191093 0.59421752 -0.76910383
v -0.68766316 0.59421835 -0.49961847
v -0.79030963 0.59421826 -0.31290601
v -0.52308096 0.59421766 -0.16996098
v -0.52308096 0.59421766 -0.16996098
v -0.79030963 0.59421826 -0.31290601
v -0.84329778 0.59421831 -0.10653377
v -0.52308096 0.59421766 -0.16996098
v -0.84329778 0.59421831 -0.10653377
v -0.54999944 0.59421770 -0.00000028
v -0.54999944 0.59421770 -0.00000028
v -0.84329778 0.59421831 -0.10653377
v -0.84329713 0.59421854 0.10653173
v -0.54999944 0.59421770 -0.00000028
v -0.84329713 0.59421854 0.10653173
v -0.52308077 0.59421794 0.16995860
v -0.52308077 0.59421794 0.16995860
v -0.84329713 0.59421854 0.10653173
v -0.79031000 0.59421738 0.31290471
v -0.52308077 0.59421794 0.16995860
v -0.79031000 0.59421738 0.31290471
v -0.44495962 0.59421831 0.32328193
v -0.44495962 0.59421831 0.32328193
v -0.79031000 0.59421738 0.31290471
v -0.68766428 0.59421780 0.49961638
v -0.44495962 0.59421831 0.32328193
v -0.68766428 0.59421780 0.49961638
v -0.32328318 0.59421728 0.44495915
v 0.44495938 0.59421775 0.32328267
v 0.74485969 0.59421714 0.40949159
v 0.52308072 0.59421784 0.16996026
v 0.52308072 0.59421784 0.16996026
v 0.74485969 0.59421714 0.40949159
v 0.82329456 0.59421719 0.21138757
v 0.52308072 0.59421784 0.16996026
v 0.82329456 0.59421719 0.21138757
v 0.55000032 0.59421775 0.00000046
v 0.55000032 0.59421775 0.00000046
v 0.82329456 0.59421719 0.21138757
v 0.85000088 0.59421705 0.00000098
v 0.55000032 0.59421775 0.00000046
v 0.85000088 0.59421705 0.00000098
v 0.52308170 0.59421752 -0.16995842
v 0.52308170 0.59421752 -0.16995842
v 0.85000088 0.59421705 0.00000098
v 0.82329577 0.59421826 -0.21138608
v 0.52308170 0.59421752 -0.16995842
v 0.82329577 0.59421826 -0.21138608
v 0.44495962 0.59421714 -0.32328055
v 0.44495962 0.59421714 -0.32328055
v 0.82329577 0.59421826 -0.21138608
v 0.74486164 0.59421789 -0.40948964
v 0.44495962 0.59421714 -0.32328055
v 0.74486164 0.59421789 -0.40948964
v 0.61962404 0.59421738 -0.58186450
v -0.68766428 0.59421780 0.49961638
v -0.54181134 0.59421835 0.65493458
v -0.32328318 0.59421728 0.44495915
v -0.32328318 0.59421728 0.44495915
v -0.54181134 0.59421835 0.65493458
v -0.36191391 0.59421747 0.76910262
v -0.32328318 0.59421728 0.44495915
v -0.36191391 0.59421747 0.76910262
v -0.16995957 0.59421775 0.52308138
v -0.16995957 0.59421775 0.52308138
v -0.36191391 0.59421747 0.76910262
v -0.15927533 0.59421808 0.83494307
v -0.16995957 0.59421775 0.52308138
v -0.15927533 0.59421808 0.83494307
v -0.00000096 0.59421826 0.55000009
v -0.00000096 0.59421826 0.55000009
v -0.15927533 0.59421808 0.83494307
v 0.05337103 0.59421719 0.84832245
v -0.00000096 0.59421826 0.55000009
v 0.05337103 0.59421719 0.84832245
v 0.16995793 0.59421719 0.52308147
v 0.16995793 0.59421719 0.52308147
v 0.05337103 0.59421719 0.84832245
v 0.26266337 0.59421770 0.80839880
v 0.16995793 0.59421719 0.52308147
v 0.26266337 0.59421770 0.80839880
v 0.32328123 0.59421752 0.44496031
v 0.32328123 0.59421752 0.44496031
v 0.26266337 0.59421770 0.80839880
v 0.45545176 0.59421817 0.71767960
v 0.32328123 0.59421752 0.44496031
v 0.45545176 0.59421817 0.71767960
v 0.44495938 0.59421775 0.32328267
v 0.44495938 0.59421775 0.32328267
v 0.45545176 0.59421817 0.71767960
v 0.61962241 0.59421845 0.58186515
v 0.44495938 0.59421775 0.32328267
v 0.61962241 0.59421845 0.58186515
v 0.74485969 0.59421714 0.40949159
v 0.55000032 -0.60578170 0.00000094
v 0.84329750 -0.60578231 0.10653351
v 0.52308072 -0.60578161 0.16996074
v 0.52308072 -0.60578161 0.16996074
v 0.84329750 -0.60578231 0.10653351
v 0.79030963 -0.60578226 0.31290785
v 0.52308072 -0.60578161 0.16996074
v 0.79030963 -0.60578226 0.31290785
v 0.44495822 -0.60578170 0.32328225
v 0.44495822 -0.60578170 0.32328225
v 0.79030963 -0.60578226 0.31290785
v 0.68766405 -0.60578235 0.49961912
v 0.44495822 -0.60578170 0.32328225
v 0.68766405 -0.60578235 0.49961912
v 0.32328214 -0.60578194 0.44495962
v 0.52308049 -0.60578194 -0.16995886
v 0.84329685 -0.60578249 -0.10653199
v 0.55000032 -0.60578170 0.00000094
v 0.55000032 -0.60578170 0.00000094
v 0.84329685 -0.60578249 -0.10653199
v 0.84999967 -0.60578240 0.00000054
v 0.55000032 -0.60578170 0.00000094
v 0.84999967 -0.60578240 0.00000054
v 0.84329750 -0.60578231 0.10653351
v 0.00000069 -0.60578221 -0.55000037
v 0.15927505 -0.60578207 -0.83494335
v 0.16996048 -0.60578175 -0.52308072
v 0.16996048 -0.60578175 -0.52308072
v 0.15927505 -0.60578207 -0.83494335
v 0.36191365 -0.60578296 -0.76910290
v 0.16996048 -0.60578175 -0.52308072
v 0.36191365 -0.60578296 -0.76910290
v 0.32328290 -0.60578273 -0.44495943
v 0.32328290 -0.60578273 -0.44495943
v 0.36191365 -0.60578296 -0.76910290
v 0.54181106 -0.60578235 -0.65493486
v 0.32328290 -0.60578273 -0.44495943
v 0.54181106 -0.60578235 -0.65493486
v 0.44496055 -0.60578231 -0.32328125
v 0.44496055 -0.60578231 -0.32328125
v 0.54181106 -0.60578235 -0.65493486
v 0.68766521 -0.60578180 -0.49961573
v 0.44496055 -0.60578231 -0.32328125
v 0.68766521 -0.60578180 -0.49961573
v 0.52308049 -0.60578194 -0.16995886
v 0.52308049 -0.60578194 -0.16995886
v 0.68766521 -0.60578180 -0.49961573
v 0.79030972 -0.60578287 -0.31290497
v 0.52308049 -0.60578194 -0.16995886
v 0.79030972 -0.60578287 -0.31290497
v 0.84329685 -0.60578249 -0.10653199
v -0.44495850 -0.60578175 -0.32328202
v -0.61962269 -0.60578245 -0.58186539
v -0.32328151 -0.60578152 -0.44496055
v -0.32328151 -0.60578152 -0.44496055
v -0.61962269 -0.60578245 -0.58186539
v -0.45545204 -0.60578212 -0.71767988
v -0.32328151 -0.60578152 -0.44496055
v -0.45545204 -0.60578212 -0.71767988
v -0.16995820 -0.60578268 -0.52308170
v -0.16995820 -0.60578268 -0.52308170
v -0.45545204 -0.60578212 -0.71767988
v -0.26266365 -0.60578170 -0.80839908
v -0.16995820 -0.60578268 -0.52308170
v -0.26266365 -0.60578170 -0.80839908
v 0.00000069 -0.60578221 -0.55000037
v 0.00000069 -0.60578221 -0.55000037
v -0.26266365 -0.60578170 -0.80839908
v -0.05337130 -0.60578268 -0.84832273
v 0.00000069 -0.60578221 -0.55000037
v -0.05337130 -0.60578268 -0.84832273
v 0.15927505 -0.60578207 -0.83494335
v -0.44495990 -0.60578263 0.32328030
v -0.74486192 -0.60578189 0.40948936
v -0.52308077 -0.60578152 0.16995908
v -0.52308077 -0.60578152 0.16995908
v -0.74486192 -0.60578189 0.40948936
v -0.82329605 -0.60578226 0.21138582
v -0.52308077 -0.60578152 0.16995908
v -0.82329605 -0.60578226 0.21138582
v -0.55000060 -0.60578175 -0.00000072
v -0.55000060 -0.60578175 -0.00000072
v -0.82329605 -0.60578226 0.21138582
v -0.84999995 -0.60578254 -0.00000032
v -0.55000060 -0.60578175 -0.00000072
v -0.84999995 -0.60578254 -0.00000032
v -0.52308100 -0.60578180 -0.16996051
v -0.52308100 -0.60578180 -0.16996051
v -0.84999995 -0.60578254 -0.00000032
v -0.82329484 -0.60578268 -0.21138783
v -0.52308100 -0.60578180 -0.16996051
v -0.82329484 -0.60578268 -0.21138783
v -0.44495850 -0.60578175 -0.32328202
v -0.44495850 -0.60578175 -0.32328202
v -0.82329484 -0.60578268 -0.21138783
v -0.74485997 -0.60578263 -0.40949183
v -0.44495850 -0.60578175 -0.32328202
v -0.74485997 -0.60578263 -0.40949183
v -0.61962269 -0.60578245 -0.58186539
v 0.68766405 -0.60578235 0.49961912
v 0.54180929 -0.60578263 0.65493761
v 0.32328214 -0.60578194 0.44495962
v 0.32328214 -0.60578194 0.44495962
v 0.54180929 -0.60578263 0.65493761
v 0.36191065 -0.60578152 0.76910360
v 0.32328214 -0.60578194 0.44495962
v 0.36191065 -0.60578152 0.76910360
v 0.16995883 -0.60578226 0.52308077
v 0.16995883 -0.60578226 0.52308077
v 0.36191065 -0.60578152 0.76910360
v 0.15927268 -0.60578198 0.83494494
v 0.16995883 -0.60578226 0.52308077
v 0.15927268 -0.60578198 0.83494494
v -0.00000097 -0.60578268 0.55000060
v -0.00000097 -0.60578268 0.55000060
v 0.15927268 -0.60578198 0.83494494
v -0.05337319 -0.60578254 0.84832264
v -0.00000097 -0.60578268 0.55000060
v -0.05337319 -0.60578254 0.84832264
v -0.16996076 -0.60578170 0.52308096
v -0.16996076 -0.60578170 0.52308096
v -0.05337319 -0.60578254 0.84832264
v -0.26266619 -0.60578170 0.80839749
v -0.16996076 -0.60578170 0.52308096
v -0.26266619 -0.60578170 0.80839749
v -0.32328228 -0.60578217 0.44495845
v -0.32328228 -0.60578217 0.44495845
v -0.26266619 -0.60578170 0.80839749
v -0.45545371 -0.60578231 0.71767741
v -0.32328228 -0.60578217 0.44495845
v -0.45545371 -0.60578231 0.71767741
v -0.44495990 -0.60578263 0.32328030
v -0.44495990 -0.60578263 0.32328030
v -0.45545371 -0.60578231 0.71767741
v -0.61962432 -0.60578287 0.58186422
v -0.44495990 -0.60578263 0.32328030
v -0.61962432 -0.60578287 0.58186422
v -0.74486192 -0.60578189 0.40948936
v -1.23161282 0.62421844 -0.97355759
v -1.31401904 0.62421826 -0.95579112
v -1.31401960 0.39421734 -0.95579177
v -1.31401960 0.39421734 -0.95579177
v -1.23207727 0.39421753 -0.97334823
v -1.23161282 0.62421844 -0.97355759
v -1.23161282 0.62421844 -0.97355759
v -1.23207727 0.39421753 -0.97334823
v -1.16384588 0.39421767 -1.02370037
v -1.23161282 0.62421844 -0.97355759
v -1.16384588 0.39421767 -1.02370037
v -1.16384653 0.62421709 -1.02370055
v -1.16384635 -0.63578188 -1.02370009
v -1.16384607 -0.40578246 -1.02370149
v -1.23161329 -0.40578260 -0.97355722
v -1.16384635 -0.63578188 -1.02370009
v -1.23161329 -0.40578260 -0.97355722
v -1.23161264 -0.63578202 -0.97355703
v -1.23161264 -0.63578202 -0.97355703
v -1.23161329 -0.40578260 -0.97355722
v -1.31401960 -0.40578279 -0.95579075
v -1.23161264 -0.63578202 -0.97355703
v -1.31401960 -0.40578279 -0.95579075
v -1.31402006 -0.63578221 -0.95579149
v -1.74999908 -0.40578260 -1.05579160
v -1.74999852 -0.63578202 -1.05579142
v -1.73660219 -0.63578193 -1.00579122
v -1.74999908 -0.40578260 -1.05579160
v -1.73660219 -0.63578193 -1.00579122
v -1.74238794 -0.40578255 -1.01752253
v -1.74238794 -0.40578255 -1.01752253
v -1.73660219 -0.63578193 -1.00579122
v -1.72071010 -0.63578188 -0.98508028
v -1.74238794 -0.40578255 -1.01752253
v -1.72071010 -0.63578188 -0.98508028
v -1.72071084 -0.40578246 -0.98508047
v -1.72071084 -0.40578246 -0.98508047
v -1.72071010 -0.63578188 -0.98508028
v -1.69999897 -0.63578179 -0.96918866
v -1.72071084 -0.40578246 -0.98508047
v -1.69999897 -0.63578179 -0.96918866
v -1.68826729 -0.40578232 -0.96340347
v -1.68826729 -0.40578232 -0.96340347
v -1.69999897 -0.63578179 -0.96918866
v -1.64999887 -0.63578165 -0.95579065
v -1.68826729 -0.40578232 -0.96340347
v -1.64999887 -0.63578165 -0.95579065
v -1.64999943 -0.40578223 -0.95579084
v -1.74999963 0.62421844 -1.05579076
v -1.74999889 0.39421753 -1.05579058
v -1.74238738 0.62421849 -1.01752281
v -1.74238738 0.62421849 -1.01752281
v -1.74999889 0.39421753 -1.05579058
v -1.73660163 0.39421762 -1.00579150
v -1.74238738 0.62421849 -1.01752281
v -1.73660163 0.39421762 -1.00579150
v -1.73660219 0.62421705 -1.00579169
v -1.73660219 0.62421705 -1.00579169
v -1.73660163 0.39421762 -1.00579150
v -1.72071029 0.62421709 -0.98508084
v -1.72071029 0.62421709 -0.98508084
v -1.73660163 0.39421762 -1.00579150
v -1.69999935 0.39421776 -0.96918782
v -1.72071029 0.62421709 -0.98508084
v -1.69999935 0.39421776 -0.96918782
v -1.69999916 0.62421719 -0.96918922
v -1.69999916 0.62421719 -0.96918922
v -1.69999935 0.39421776 -0.96918782
v -1.68826785 0.62421723 -0.96340254
v -1.68826785 0.62421723 -0.96340254
v -1.69999935 0.39421776 -0.96918782
v -1.64999943 0.39421790 -0.95579186
v -1.68826785 0.62421723 -0.96340254
v -1.64999943 0.39421790 -0.95579186
v -1.64999887 0.62421733 -0.95579121
v -0.49999878 -0.65578157 -2.25579068
v -0.49999920 -0.45578284 -2.45579015
v -0.49999864 -0.65578176 -2.45578997
v -1.31401904 0.62421826 -0.95579112
v -1.64999887 0.62421733 -0.95579121
v -1.31401960 0.39421734 -0.95579177
v -1.31401960 0.39421734 -0.95579177
v -1.64999887 0.62421733 -0.95579121
v -1.64999943 0.39421790 -0.95579186
v -1.72999799 0.64421771 -2.25579161
v -0.49999785 0.64421808 -2.25579031
v -1.74999908 0.62421733 -2.27579121
v -1.74999908 0.62421733 -2.27579121
v -0.49999785 0.64421808 -2.25579031
v -0.49999836 0.44421749 -2.45579034
v -1.74999908 0.62421733 -2.27579121
v -0.49999836 0.44421749 -2.45579034
v -1.74999777 0.44421707 -2.45579090
v -0.49999878 -0.65578157 -2.25579068
v -1.72999781 -0.65578194 -2.25579105
v -0.49999920 -0.45578284 -2.45579015
v -0.49999920 -0.45578284 -2.45579015
v -1.72999781 -0.65578194 -2.25579105
v -1.74999889 -0.63578165 -2.27579065
v -0.49999920 -0.45578284 -2.45579015
v -1.74999889 -0.63578165 -2.27579065
v -1.74999870 -0.45578177 -2.45579071
v -2.44999863 -0.00578229 -1.15579199
v -2.44999845 -0.09520714 -1.16249332
v -1.84999853 -0.09520700 -1.16249323
v -1.84999853 -0.09520700 -1.16249323
v -2.44999845 -0.09520714 -1.16249332
v -2.44999938 -0.26611309 -1.21521084
v -1.84999853 -0.09520700 -1.16249323
v -2.44999938 -0.26611309 -1.21521084
v -1.84999947 -0.26611295 -1.21521065
v -1.84999947 -0.26611295 -1.21521065
v -2.44999938 -0.26611309 -1.21521084
v -2.44999956 -0.41388650 -1.31596066
v -1.84999947 -0.26611295 -1.21521065
v -2.44999956 -0.41388650 -1.31596066
v -1.84999965 -0.41388636 -1.31596057
v -1.84999965 -0.41388636 -1.31596057
v -2.44999956 -0.41388650 -1.31596066
v -2.44999882 -0.52539799 -1.45579176
v -1.84999965 -0.41388636 -1.31596057
v -2.44999882 -0.52539799 -1.45579176
v -1.84999891 -0.52539785 -1.45579167
v -1.84999891 -0.52539785 -1.45579167
v -2.44999882 -0.52539799 -1.45579176
v -2.44999882 -0.59073824 -1.62228011
v -1.84999891 -0.52539785 -1.45579167
v -2.44999882 -0.59073824 -1.62228011
v -1.84999965 -0.59073959 -1.62227880
v -1.84999965 -0.59073959 -1.62227880
v -2.44999882 -0.59073824 -1.62228011
v -2.44999882 -0.60410476 -1.80063043
v -1.84999965 -0.59073959 -1.62227880
v -2.44999882 -0.60410476 -1.80063043
v -1.84999891 -0.60410462 -1.80063024
v -1.84999891 -0.60410462 -1.80063024
v -2.44999882 -0.60410476 -1.80063043
v -2.44999938 -0.56430688 -1.97499618
v -1.84999891 -0.60410462 -1.80063024
v -2.44999938 -0.56430688 -1.97499618
v -1.84999947 -0.56430674 -1.97499618
v -1.84999947 -0.56430674 -1.97499618
v -2.44999938 -0.56430688 -1.97499618
v -2.44999807 -0.47488068 -2.12988555
v -1.84999947 -0.56430674 -1.97499618
v -2.44999807 -0.47488068 -2.12988555
v -1.84999816 -0.47488054 -2.12988555
v -1.84999816 -0.47488054 -2.12988555
v -2.44999807 -0.47488068 -2.12988555
v -2.44999882 -0.34377442 -2.25153491
v -1.84999816 -0.47488054 -2.12988555
v -2.44999882 -0.34377442 -2.25153491
v -1.84999891 -0.34377428 -2.25153472
v -1.84999891 -0.34377428 -2.25153472
v -2.44999882 -0.34377442 -2.25153491
v -2.44999863 -0.18263484 -2.32913531
v -1.84999891 -0.34377428 -2.25153472
v -2.44999863 -0.18263484 -2.32913531
v -1.84999872 -0.18263470 -2.32913513
v -1.84999872 -0.18263470 -2.32913513
v -2.44999863 -0.18263484 -2.32913531
v -2.44999845 -0.00578192 -2.35579181
v -1.84999872 -0.18263470 -2.32913513
v -2.44999845 -0.00578192 -2.35579181
v -1.84999853 -0.00578178 -2.35579163
v -1.84999853 -0.00578178 -2.35579163
v -2.44999845 -0.00578192 -2.35579181
v -2.44999751 0.17107105 -2.32913587
v -1.84999853 -0.00578178 -2.35579163
v -2.44999751 0.17107105 -2.32913587
v -1.84999853 0.17107119 -2.32913457
v -1.84999853 0.17107119 -2.32913457
v -2.44999751 0.17107105 -2.32913587
v -2.44999845 0.33220930 -2.25153584
v -1.84999853 0.17107119 -2.32913457
v -2.44999845 0.33220930 -2.25153584
v -1.84999853 0.33220944 -2.25153565
v -1.84999853 0.33220944 -2.25153565
v -2.44999845 0.33220930 -2.25153584
v -2.44999938 0.46331729 -2.12988555
v -1.84999853 0.33220944 -2.25153565
v -2.44999938 0.46331729 -2.12988555
v -1.84999947 0.46331594 -2.12988555
v -1.84999947 0.46331594 -2.12988555
v -2.44999938 0.46331729 -2.12988555
v -2.44999919 0.55274228 -1.97499674
v -1.84999947 0.46331594 -2.12988555
v -2.44999919 0.55274228 -1.97499674
v -1.84999909 0.55274242 -1.97499655
v -1.84999909 0.55274242 -1.97499655
v -2.44999919 0.55274228 -1.97499674
v -2.44999882 0.59254044 -1.80063080
v -1.84999909 0.55274242 -1.97499655
v -2.44999882 0.59254044 -1.80063080
v -1.84999984 0.59254058 -1.80062950
v -1.84999984 0.59254058 -1.80062950
v -2.44999882 0.59254044 -1.80063080
v -2.44999956 0.57917428 -1.62227936
v -1.84999984 0.59254058 -1.80062950
v -2.44999956 0.57917428 -1.62227936
v -1.84999965 0.57917442 -1.62227936
v -1.84999965 0.57917442 -1.62227936
v -2.44999956 0.57917428 -1.62227936
v -2.44999845 0.51383283 -1.45579204
v -1.84999965 0.57917442 -1.62227936
v -2.44999845 0.51383283 -1.45579204
v -1.84999853 0.51383297 -1.45579195
v -1.84999853 0.51383297 -1.45579195
v -2.44999845 0.51383283 -1.45579204
v -2.44999845 0.40232162 -1.31596075
v -1.84999853 0.51383297 -1.45579195
v -2.44999845 0.40232162 -1.31596075
v -1.84999853 0.40232176 -1.31596066
v -1.84999853 0.40232176 -1.31596066
v -2.44999845 0.40232162 -1.31596075
v -2.44999956 0.25454839 -1.21521037
v -1.84999853 0.40232176 -1.31596066
v -2.44999956 0.25454839 -1.21521037
v -1.84999965 0.25454853 -1.21521028
v -1.84999965 0.25454853 -1.21521028
v -2.44999956 0.25454839 -1.21521037
v -2.44999900 0.08364256 -1.16249351
v -1.84999965 0.25454853 -1.21521028
v -2.44999900 0.08364256 -1.16249351
v -1.84999909 0.08364270 -1.16249342
v -1.84999909 0.08364270 -1.16249342
v -2.44999900 0.08364256 -1.16249351
v -2.44999863 -0.00578229 -1.15579199
v -1.84999909 0.08364270 -1.16249342
v -2.44999863 -0.00578229 -1.15579199
v -1.84999853 -0.09520700 -1.16249323
v -1.84999835 -0.59704264 -1.48577159
v -1.84999909 -0.64916559 -1.66328792
v -1.74999945 -0.63578254 -1.59579199
v -1.84999909 -0.64916573 -1.84829608
v -1.72999837 -0.65578297 -1.75579116
v -1.84999909 -0.64916559 -1.66328792
v -1.84999909 -0.64916559 -1.66328792
v -1.72999837 -0.65578297 -1.75579116
v -1.73669942 -0.64908182 -1.66269969
v -1.84999909 -0.64916559 -1.66328792
v -1.73669942 -0.64908182 -1.66269969
v -1.74999945 -0.63578254 -1.59579199
v -1.74999889 -0.59704287 -2.02581193
v -1.74999833 -0.63578282 -1.91579089
v -1.84999909 -0.64916573 -1.84829608
v -1.84999909 -0.64916573 -1.84829608
v -1.74999833 -0.63578282 -1.91579089
v -1.73669960 -0.64908201 -1.84888374
v -1.84999909 -0.64916573 -1.84829608
v -1.73669960 -0.64908201 -1.84888374
v -1.72999837 -0.65578297 -1.75579116
v -1.84999909 -0.64916573 -1.84829608
v -1.84999891 -0.59704315 -2.02581156
v -1.74999889 -0.59704287 -2.02581193
v -1.74999889 -0.59704287 -2.02581193
v -1.84999891 -0.59704315 -2.02581156
v -1.84999909 -0.49701924 -2.18145177
v -1.74999889 -0.59704287 -2.02581193
v -1.84999909 -0.49701924 -2.18145177
v -1.74999777 -0.49701896 -2.18145121
v -1.74999777 -0.49701896 -2.18145121
v -1.84999909 -0.49701924 -2.18145177
v -1.84999816 -0.35719879 -2.30260622
v -1.74999777 -0.49701896 -2.18145121
v -1.84999816 -0.35719879 -2.30260622
v -1.74999814 -0.35719853 -2.30260659
v -1.74999814 -0.35719853 -2.30260659
v -1.84999816 -0.35719879 -2.30260622
v -1.84999760 -0.18890813 -2.37946194
v -1.74999814 -0.35719853 -2.30260659
v -1.84999760 -0.18890813 -2.37946194
v -1.74999852 -0.18890785 -2.37946138
v -1.74999852 -0.18890785 -2.37946138
v -1.84999760 -0.18890813 -2.37946194
v -1.84999816 -0.00578182 -2.40579136
v -1.74999852 -0.18890785 -2.37946138
v -1.84999816 -0.00578182 -2.40579136
v -1.74999814 -0.00578155 -2.40579173
v -1.74999814 -0.00578155 -2.40579173
v -1.84999816 -0.00578182 -2.40579136
v -1.84999872 0.17734453 -2.37946231
v -1.74999814 -0.00578155 -2.40579173
v -1.84999872 0.17734453 -2.37946231
v -1.74999852 0.17734332 -2.37946287
v -1.74999852 0.17734332 -2.37946287
v -1.84999872 0.17734453 -2.37946231
v -1.84999891 0.34563385 -2.30260585
v -1.74999852 0.17734332 -2.37946287
v -1.84999891 0.34563385 -2.30260585
v -1.74999889 0.34563411 -2.30260640
v -1.74999889 0.34563411 -2.30260640
v -1.84999891 0.34563385 -2.30260585
v -1.84999928 0.48545455 -2.18145084
v -1.74999889 0.34563411 -2.30260640
v -1.84999928 0.48545455 -2.18145084
v -1.74999926 0.48545483 -2.18145140
v -1.74999926 0.48545483 -2.18145140
v -1.84999928 0.48545455 -2.18145084
v -1.84999891 0.58547873 -2.02581193
v -1.74999926 0.48545483 -2.18145140
v -1.84999891 0.58547873 -2.02581193
v -1.74999852 0.58547901 -2.02581044
v -1.74999852 0.58547901 -2.02581044
v -1.84999891 0.58547873 -2.02581193
v -1.74999852 0.62421765 -1.91579144
v -1.74999852 0.62421765 -1.91579144
v -1.84999891 0.58547873 -2.02581193
v -1.84999928 0.63760169 -1.84829663
v -1.74999852 0.62421765 -1.91579144
v -1.84999928 0.63760169 -1.84829663
v -1.73669979 0.63751703 -1.84888430
v -1.74999908 0.58547803 -1.48577141
v -1.74999852 0.62421793 -1.59579162
v -1.84999909 0.63760183 -1.66328624
v -1.84999909 0.63760183 -1.66328624
v -1.74999852 0.62421793 -1.59579162
v -1.73669960 0.63751722 -1.66270025
v -1.84999909 0.63760183 -1.66328624
v -1.73669960 0.63751722 -1.66270025
v -1.84999928 0.63760169 -1.84829663
v -1.84999928 0.63760169 -1.84829663
v -1.73669960 0.63751722 -1.66270025
v -1.72999874 0.64421818 -1.75579172
v -1.84999928 0.63760169 -1.84829663
v -1.72999874 0.64421818 -1.75579172
v -1.73669979 0.63751703 -1.84888430
v -1.74999945 -0.63578254 -1.59579199
v -1.74999908 -0.59704236 -1.48577094
v -1.84999835 -0.59704264 -1.48577159
v -1.84999835 -0.59704264 -1.48577159
v -1.74999908 -0.59704236 -1.48577094
v -1.74999870 -0.49701966 -1.33013213
v -1.84999835 -0.59704264 -1.48577159
v -1.74999870 -0.49701966 -1.33013213
v -1.84999891 -0.49701994 -1.33013157
v -1.84999891 -0.49701994 -1.33013157
v -1.74999870 -0.49701966 -1.33013213
v -1.74999908 -0.35719899 -1.20897703
v -1.84999891 -0.49701994 -1.33013157
v -1.74999908 -0.35719899 -1.20897703
v -1.84999928 -0.35719925 -1.20897647
v -1.84999928 -0.35719925 -1.20897647
v -1.74999908 -0.35719899 -1.20897703
v -1.74999945 -0.18890818 -1.13212056
v -1.84999928 -0.35719925 -1.20897647
v -1.74999945 -0.18890818 -1.13212056
v -1.84999872 -0.18890845 -1.13212122
v -1.84999872 -0.18890845 -1.13212122
v -1.74999945 -0.18890818 -1.13212056
v -1.74999982 -0.00578183 -1.10579161
v -1.84999872 -0.18890845 -1.13212122
v -1.74999982 -0.00578183 -1.10579161
v -1.84999909 -0.00578210 -1.10579226
v -1.84999909 -0.00578210 -1.10579226
v -1.74999982 -0.00578183 -1.10579161
v -1.74999833 0.17734448 -1.13212112
v -1.84999909 -0.00578210 -1.10579226
v -1.74999833 0.17734448 -1.13212112
v -1.84999965 0.17734421 -1.13212159
v -1.84999965 0.17734421 -1.13212159
v -1.74999833 0.17734448 -1.13212112
v -1.74999982 0.34563364 -1.20897675
v -1.84999965 0.17734421 -1.13212159
v -1.74999982 0.34563364 -1.20897675
v -1.84999909 0.34563488 -1.20897740
v -1.84999909 0.34563488 -1.20897740
v -1.74999982 0.34563364 -1.20897675
v -1.74999908 0.48545562 -1.33013120
v -1.84999909 0.34563488 -1.20897740
v -1.74999908 0.48545562 -1.33013120
v -1.84999947 0.48545534 -1.33013278
v -1.84999947 0.48545534 -1.33013278
v -1.74999908 0.48545562 -1.33013120
v -1.74999908 0.58547803 -1.48577141
v -1.84999947 0.48545534 -1.33013278
v -1.74999908 0.58547803 -1.48577141
v -1.84999835 0.58547924 -1.48577206
v -1.84999835 0.58547924 -1.48577206
v -1.74999908 0.58547803 -1.48577141
v -1.84999909 0.63760183 -1.66328624
v -1.84999928 -0.35719925 -1.20897647
v -1.84999872 -0.18890845 -1.13212122
v -1.84999853 -0.09520700 -1.16249323
v -1.84999853 -0.09520700 -1.16249323
v -1.84999872 -0.18890845 -1.13212122
v -1.84999909 -0.00578210 -1.10579226
v -1.84999853 -0.09520700 -1.16249323
v -1.84999909 -0.00578210 -1.10579226
v -1.84999909 0.08364270 -1.16249342
v -1.84999909 0.08364270 -1.16249342
v -1.84999909 -0.00578210 -1.10579226
v -1.84999965 0.17734421 -1.13212159
v -1.84999909 0.08364270 -1.16249342
v -1.84999965 0.17734421 -1.13212159
v -1.84999965 0.25454853 -1.21521028
v -1.84999965 0.25454853 -1.21521028
v -1.84999965 0.17734421 -1.13212159
v -1.84999909 0.34563488 -1.20897740
v -1.84999965 0.25454853 -1.21521028
v -1.84999909 0.34563488 -1.20897740
v -1.84999853 0.40232176 -1.31596066
v -1.84999853 0.40232176 -1.31596066
v -1.84999909 0.34563488 -1.20897740
v -1.84999947 0.48545534 -1.33013278
v -1.84999853 0.40232176 -1.31596066
v -1.84999947 0.48545534 -1.33013278
v -1.84999853 0.51383297 -1.45579195
v -1.84999853 0.51383297 -1.45579195
v -1.84999947 0.48545534 -1.33013278
v -1.84999835 0.58547924 -1.48577206
v -1.84999853 0.51383297 -1.45579195
v -1.84999835 0.58547924 -1.48577206
v -1.84999965 0.57917442 -1.62227936
v -1.84999965 0.57917442 -1.62227936
v -1.84999835 0.58547924 -1.48577206
v -1.84999909 0.63760183 -1.66328624
v -1.84999965 0.57917442 -1.62227936
v -1.84999909 0.63760183 -1.66328624
v -1.84999984 0.59254058 -1.80062950
v -1.84999984 0.59254058 -1.80062950
v -1.84999909 0.63760183 -1.66328624
v -1.84999928 0.63760169 -1.84829663
v -1.84999984 0.59254058 -1.80062950
v -1.84999928 0.63760169 -1.84829663
v -1.84999909 0.55274242 -1.97499655
v -1.84999909 0.55274242 -1.97499655
v -1.84999928 0.63760169 -1.84829663
v -1.84999891 0.58547873 -2.02581193
v -1.84999909 0.55274242 -1.97499655
v -1.84999891 0.58547873 -2.02581193
v -1.84999947 0.46331594 -2.12988555
v -1.84999947 0.46331594 -2.12988555
v -1.84999891 0.58547873 -2.02581193
v -1.84999928 0.48545455 -2.18145084
v -1.84999947 0.46331594 -2.12988555
v -1.84999928 0.48545455 -2.18145084
v -1.84999853 0.33220944 -2.25153565
v -1.84999853 0.33220944 -2.25153565
v -1.84999928 0.48545455 -2.18145084
v -1.84999891 0.34563385 -2.30260585
v -1.84999853 0.33220944 -2.25153565
v -1.84999891 0.34563385 -2.30260585
v -1.84999853 0.17107119 -2.32913457
v -1.84999853 0.17107119 -2.32913457
v -1.84999891 0.34563385 -2.30260585
v -1.84999872 0.17734453 -2.37946231
v -1.84999853 0.17107119 -2.32913457
v -1.84999872 0.17734453 -2.37946231
v -1.84999853 -0.00578178 -2.35579163
v -1.84999853 -0.00578178 -2.35579163
v -1.84999872 0.17734453 -2.37946231
v -1.84999816 -0.00578182 -2.40579136
v -1.84999853 -0.00578178 -2.35579163
v -1.84999816 -0.00578182 -2.40579136
v -1.84999872 -0.18263470 -2.32913513
v -1.84999872 -0.18263470 -2.32913513
v -1.84999816 -0.00578182 -2.40579136
v -1.84999760 -0.18890813 -2.37946194
v -1.84999872 -0.18263470 -2.32913513
v -1.84999760 -0.18890813 -2.37946194
v -1.84999891 -0.34377428 -2.25153472
v -1.84999891 -0.34377428 -2.25153472
v -1.84999760 -0.18890813 -2.37946194
v -1.84999816 -0.35719879 -2.30260622
v -1.84999891 -0.34377428 -2.25153472
v -1.84999816 -0.35719879 -2.30260622
v -1.84999816 -0.47488054 -2.12988555
v -1.84999816 -0.47488054 -2.12988555
v -1.84999816 -0.35719879 -2.30260622
v -1.84999909 -0.49701924 -2.18145177
v -1.84999816 -0.47488054 -2.12988555
v -1.84999909 -0.49701924 -2.18145177
v -1.84999947 -0.56430674 -1.97499618
v -1.84999947 -0.56430674 -1.97499618
v -1.84999909 -0.49701924 -2.18145177
v -1.84999891 -0.59704315 -2.02581156
v -1.84999947 -0.56430674 -1.97499618
v -1.84999891 -0.59704315 -2.02581156
v -1.84999891 -0.60410462 -1.80063024
v -1.84999891 -0.60410462 -1.80063024
v -1.84999891 -0.59704315 -2.02581156
v -1.84999909 -0.64916573 -1.84829608
v -1.84999891 -0.60410462 -1.80063024
v -1.84999909 -0.64916573 -1.84829608
v -1.84999965 -0.59073959 -1.62227880
v -1.84999965 -0.59073959 -1.62227880
v -1.84999909 -0.64916573 -1.84829608
v -1.84999909 -0.64916559 -1.66328792
v -1.84999965 -0.59073959 -1.62227880
v -1.84999909 -0.64916559 -1.66328792
v -1.84999891 -0.52539785 -1.45579167
v -1.84999891 -0.52539785 -1.45579167
v -1.84999909 -0.64916559 -1.66328792
v -1.84999835 -0.59704264 -1.48577159
v -1.84999891 -0.52539785 -1.45579167
v -1.84999835 -0.59704264 -1.48577159
v -1.84999965 -0.41388636 -1.31596057
v -1.84999965 -0.41388636 -1.31596057
v -1.84999835 -0.59704264 -1.48577159
v -1.84999891 -0.49701994 -1.33013157
v -1.84999965 -0.41388636 -1.31596057
v -1.84999891 -0.49701994 -1.33013157
v -1.84999947 -0.26611295 -1.21521065
v -1.84999947 -0.26611295 -1.21521065
v -1.84999891 -0.49701994 -1.33013157
v -1.84999928 -0.35719925 -1.20897647
v -1.84999947 -0.26611295 -1.21521065
v -1.84999928 -0.35719925 -1.20897647
v -1.84999853 -0.09520700 -1.16249323
v 0.15000178 0.64421818 -2.45578922
v -0.49999892 0.64421790 -2.45579053
v -0.49999785 0.64421808 -2.25579031
v 0.24570774 0.64421780 -1.55065367
v -0.49999785 0.64421808 -2.25579031
v -0.01665048 0.64421706 -1.56991128
v -0.01665048 0.64421706 -1.56991128
v -0.49999785 0.64421808 -2.25579031
v -0.27854240 0.64421785 -1.54509330
v 0.24570774 0.64421780 -1.55065367
v 0.63000144 0.64421729 -1.62153225
v -0.49999785 0.64421808 -2.25579031
v -0.49999785 0.64421808 -2.25579031
v 0.63000144 0.64421729 -1.62153225
v 0.63000089 0.64421725 -1.65578965
v -0.49999785 0.64421808 -2.25579031
v 0.63000089 0.64421725 -1.65578965
v 0.15000178 0.64421818 -2.45578922
v 0.15000178 0.64421818 -2.45578922
v 0.63000089 0.64421725 -1.65578965
v 0.65000141 0.64421729 -1.68407410
v 0.15000178 0.64421818 -2.45578922
v 0.65000141 0.64421729 -1.68407410
v 0.37252204 0.64421734 -2.43071821
v 1.12359552 0.64421706 -1.68407429
v 1.05097005 0.64421818 -1.88967362
v 0.65000141 0.64421729 -1.68407410
v 0.65000141 0.64421729 -1.68407410
v 1.05097005 0.64421818 -1.88967362
v 0.93183275 0.64421766 -2.07927953
v 0.93183275 0.64421766 -2.07927953
v 0.77349120 0.64421711 -2.23762058
v 0.65000141 0.64421729 -1.68407410
v 0.65000141 0.64421729 -1.68407410
v 0.77349120 0.64421711 -2.23762058
v 0.58388598 0.64421794 -2.35675946
v 0.65000141 0.64421729 -1.68407410
v 0.58388598 0.64421794 -2.35675946
v 0.37252204 0.64421734 -2.43071821
v -1.72999911 0.64421734 -1.05579048
v -1.17886402 0.64421738 -1.03690913
v -1.72999874 0.64421818 -1.75579172
v -1.72999874 0.64421818 -1.75579172
v -1.17886402 0.64421738 -1.03690913
v -0.98918406 0.64421771 -1.21918656
v -1.72999874 0.64421818 -1.75579172
v -0.98918406 0.64421771 -1.21918656
v -1.72999799 0.64421771 -2.25579161
v -1.72999799 0.64421771 -2.25579161
v -0.98918406 0.64421771 -1.21918656
v -0.77173226 0.64421818 -1.36723453
v -1.72999799 0.64421771 -2.25579161
v -0.77173226 0.64421818 -1.36723453
v -0.49999785 0.64421808 -2.25579031
v -0.49999785 0.64421808 -2.25579031
v -0.77173226 0.64421818 -1.36723453
v -0.53261495 0.64421725 -1.47689590
v -0.49999785 0.64421808 -2.25579031
v -0.53261495 0.64421725 -1.47689590
v -0.27854240 0.64421785 -1.54509330
v 0.58655450 0.64421725 -1.52453436
v 0.61864341 0.64421729 -1.56839006
v 0.53934269 0.64421715 -1.49762761
v 0.53934269 0.64421715 -1.49762761
v 0.61864341 0.64421729 -1.56839006
v 0.63000144 0.64421729 -1.62153225
v 0.53934269 0.64421715 -1.49762761
v 0.63000144 0.64421729 -1.62153225
v 0.48861159 0.64421850 -1.49203129
v 0.48861159 0.64421850 -1.49203129
v 0.63000144 0.64421729 -1.62153225
v 0.24570774 0.64421780 -1.55065367
v -1.70656797 0.64421748 -0.99922316
v -1.68061331 0.64421757 -0.98188045
v -1.72390956 0.64421738 -1.02517596
v -1.72390956 0.64421738 -1.02517596
v -1.68061331 0.64421757 -0.98188045
v -1.64999962 0.64421766 -0.97579053
v -1.72390956 0.64421738 -1.02517596
v -1.64999962 0.64421766 -0.97579053
v -1.72999911 0.64421734 -1.05579048
v -1.72999911 0.64421734 -1.05579048
v -1.64999962 0.64421766 -0.97579053
v -1.17886402 0.64421738 -1.03690913
v -1.17886402 0.64421738 -1.03690913
v -1.64999962 0.64421766 -0.97579053
v -1.31401978 0.64421706 -0.97579043
v -1.17886402 0.64421738 -1.03690913
v -1.31401978 0.64421706 -0.97579043
v -1.23985270 0.64421725 -0.99178106
v -1.74999852 0.58547901 -2.02581044
v -1.74999852 0.62421765 -1.91579144
v -1.74999908 0.62421733 -2.27579121
v -1.74999814 -0.35719853 -2.30260659
v -1.74999870 -0.45578177 -2.45579071
v -1.74999777 -0.49701896 -2.18145121
v -1.74999777 -0.49701896 -2.18145121
v -1.74999870 -0.45578177 -2.45579071
v -1.74999889 -0.63578165 -2.27579065
v -1.74999777 -0.49701896 -2.18145121
v -1.74999889 -0.63578165 -2.27579065
v -1.74999889 -0.59704287 -2.02581193
v -1.74999889 -0.59704287 -2.02581193
v -1.74999889 -0.63578165 -2.27579065
v -1.74999833 -0.63578282 -1.91579089
v -1.74999814 -0.35719853 -2.30260659
v -1.74999852 -0.18890785 -2.37946138
v -1.74999870 -0.45578177 -2.45579071
v -1.74999870 -0.45578177 -2.45579071
v -1.74999852 -0.18890785 -2.37946138
v -1.74999814 -0.00578155 -2.40579173
v -1.74999870 -0.45578177 -2.45579071
v -1.74999814 -0.00578155 -2.40579173
v -1.74999777 0.44421707 -2.45579090
v -1.74999814 -0.00578155 -2.40579173
v -1.74999852 0.17734332 -2.37946287
v -1.74999777 0.44421707 -2.45579090
v -1.74999777 0.44421707 -2.45579090
v -1.74999852 0.17734332 -2.37946287
v -1.74999889 0.34563411 -2.30260640
v -1.74999777 0.44421707 -2.45579090
v -1.74999889 0.34563411 -2.30260640
v -1.74999908 0.62421733 -2.27579121
v -1.74999908 0.62421733 -2.27579121
v -1.74999889 0.34563411 -2.30260640
v -1.74999926 0.48545483 -2.18145140
v -1.74999908 0.62421733 -2.27579121
v -1.74999926 0.48545483 -2.18145140
v -1.74999852 0.58547901 -2.02581044
v -1.74999908 -0.59704236 -1.48577094
v -1.74999945 -0.63578254 -1.59579199
v -1.74999852 -0.63578202 -1.05579142
v -1.74999908 -0.40578260 -1.05579160
v -1.74999945 -0.40578186 -0.24618784
v -1.74999982 -0.00578183 -1.10579161
v -1.74999982 -0.00578183 -1.10579161
v -1.74999945 -0.40578186 -0.24618784
v -1.75000057 0.39421828 -0.24618767
v -1.74999982 -0.00578183 -1.10579161
v -1.75000057 0.39421828 -0.24618767
v -1.74999833 0.17734448 -1.13212112
v -1.74999833 0.17734448 -1.13212112
v -1.75000057 0.39421828 -0.24618767
v -1.74999889 0.39421753 -1.05579058
v -1.74999982 -0.00578183 -1.10579161
v -1.74999945 -0.18890818 -1.13212056
v -1.74999908 -0.40578260 -1.05579160
v -1.74999908 -0.40578260 -1.05579160
v -1.74999945 -0.18890818 -1.13212056
v -1.74999908 -0.35719899 -1.20897703
v -1.74999908 -0.40578260 -1.05579160
v -1.74999908 -0.35719899 -1.20897703
v -1.74999852 -0.63578202 -1.05579142
v -1.74999852 -0.63578202 -1.05579142
v -1.74999908 -0.35719899 -1.20897703
v -1.74999870 -0.49701966 -1.33013213
v -1.74999852 -0.63578202 -1.05579142
v -1.74999870 -0.49701966 -1.33013213
v -1.74999908 -0.59704236 -1.48577094
v -1.74999852 0.62421793 -1.59579162
v -1.74999908 0.58547803 -1.48577141
v -1.74999963 0.62421844 -1.05579076
v -1.74999963 0.62421844 -1.05579076
v -1.74999908 0.58547803 -1.48577141
v -1.74999908 0.48545562 -1.33013120
v -1.74999963 0.62421844 -1.05579076
v -1.74999908 0.48545562 -1.33013120
v -1.74999889 0.39421753 -1.05579058
v -1.74999889 0.39421753 -1.05579058
v -1.74999908 0.48545562 -1.33013120
v -1.74999982 0.34563364 -1.20897675
v -1.74999889 0.39421753 -1.05579058
v -1.74999982 0.34563364 -1.20897675
v -1.74999833 0.17734448 -1.13212112
v -1.31402006 -0.63578221 -0.95579149
v -1.31401960 -0.40578279 -0.95579075
v -1.64999887 -0.63578165 -0.95579065
v -1.64999887 -0.63578165 -0.95579065
v -1.31401960 -0.40578279 -0.95579075
v -1.64999943 -0.40578223 -0.95579084
v 1.05096940 -0.65578148 -1.88967194
v 1.12359580 -0.65578260 -1.68407373
v 0.65000169 -0.65578236 -1.68407355
v -0.49999878 -0.65578157 -2.25579068
v 0.24570893 -0.65578185 -1.55065423
v -0.01665140 -0.65578260 -1.56991165
v -0.01665140 -0.65578260 -1.56991165
v -0.27854331 -0.65578180 -1.54509358
v -0.49999878 -0.65578157 -2.25579068
v -0.49999878 -0.65578157 -2.25579068
v -0.27854331 -0.65578180 -1.54509358
v -0.53261374 -0.65578241 -1.47689646
v -0.49999878 -0.65578157 -2.25579068
v -0.53261374 -0.65578241 -1.47689646
v -1.72999781 -0.65578194 -2.25579105
v 0.63000116 -0.65578241 -1.65578909
v 0.15000087 -0.65578148 -2.45578960
v 0.65000169 -0.65578236 -1.68407355
v 0.65000169 -0.65578236 -1.68407355
v 0.15000087 -0.65578148 -2.45578960
v 0.37252321 -0.65578232 -2.43071876
v 0.65000169 -0.65578236 -1.68407355
v 0.37252321 -0.65578232 -2.43071876
v 0.58388533 -0.65578171 -2.35675778
v -0.49999864 -0.65578176 -2.45578997
v 0.15000087 -0.65578148 -2.45578960
v -0.49999878 -0.65578157 -2.25579068
v -0.49999878 -0.65578157 -2.25579068
v 0.15000087 -0.65578148 -2.45578960
v 0.63000116 -0.65578241 -1.65578909
v -0.49999878 -0.65578157 -2.25579068
v 0.63000116 -0.65578241 -1.65578909
v 0.24570893 -0.65578185 -1.55065423
v 0.24570893 -0.65578185 -1.55065423
v 0.63000116 -0.65578241 -1.65578909
v 0.63000172 -0.65578236 -1.62153170
v 0.24570893 -0.65578185 -1.55065423
v 0.63000172 -0.65578236 -1.62153170
v 0.48861275 -0.65578264 -1.49203185
v -0.53261374 -0.65578241 -1.47689646
v -0.77173198 -0.65578297 -1.36723397
v -1.72999781 -0.65578194 -2.25579105
v -1.72999781 -0.65578194 -2.25579105
v -0.77173198 -0.65578297 -1.36723397
v -0.98918378 -0.65578194 -1.21918600
v -1.72999781 -0.65578194 -2.25579105
v -0.98918378 -0.65578194 -1.21918600
v -1.72999837 -0.65578297 -1.75579116
v -1.72999837 -0.65578297 -1.75579116
v -0.98918378 -0.65578194 -1.21918600
v -1.17886281 -0.65578227 -1.03690978
v 0.58388533 -0.65578171 -2.35675778
v 0.77349120 -0.65578255 -2.23762207
v 0.65000169 -0.65578236 -1.68407355
v 0.65000169 -0.65578236 -1.68407355
v 0.77349120 -0.65578255 -2.23762207
v 0.93183396 -0.65578199 -2.07928028
v 0.65000169 -0.65578236 -1.68407355
v 0.93183396 -0.65578199 -2.07928028
v 1.05096940 -0.65578148 -1.88967194
v 0.61864369 -0.65578236 -1.56838950
v 0.58655478 -0.65578241 -1.52453380
v 0.63000172 -0.65578236 -1.62153170
v 0.63000172 -0.65578236 -1.62153170
v 0.58655478 -0.65578241 -1.52453380
v 0.53934176 -0.65578250 -1.49762798
v 0.63000172 -0.65578236 -1.62153170
v 0.53934176 -0.65578250 -1.49762798
v 0.48861275 -0.65578264 -1.49203185
v -1.68999899 -0.65578213 -0.98650949
v -1.71928182 -0.65578222 -1.01579065
v -1.64999850 -0.65578199 -0.97579118
v -1.64999850 -0.65578199 -0.97579118
v -1.71928182 -0.65578222 -1.01579065
v -1.73000004 -0.65578232 -1.05579086
v -1.64999850 -0.65578199 -0.97579118
v -1.73000004 -0.65578232 -1.05579086
v -1.31402072 -0.65578260 -0.97579071
v -1.31402072 -0.65578260 -0.97579071
v -1.73000004 -0.65578232 -1.05579086
v -1.72999837 -0.65578297 -1.75579116
v -1.31402072 -0.65578260 -0.97579071
v -1.72999837 -0.65578297 -1.75579116
v -1.23985251 -0.65578241 -0.99178050
v -1.23985251 -0.65578241 -0.99178050
v -1.72999837 -0.65578297 -1.75579116
v -1.17886281 -0.65578227 -1.03690978
v 0.65000094 -0.63578198 -1.62153225
v 0.65000150 -0.40578255 -1.62153151
v 0.63704993 -0.40578255 -1.56055838
v 0.65000094 -0.63578198 -1.62153225
v 0.63704993 -0.40578255 -1.56055838
v 0.63689579 -0.63578198 -1.56021444
v 0.63689579 -0.63578198 -1.56021444
v 0.63704993 -0.40578255 -1.56055838
v 0.60043116 -0.40578111 -1.51011460
v 0.63689579 -0.63578198 -1.56021444
v 0.60043116 -0.40578111 -1.51011460
v 0.59987139 -0.63578202 -1.50961159
v 0.59987139 -0.63578202 -1.50961159
v 0.60043116 -0.40578111 -1.51011460
v 0.54647019 -0.40578120 -1.47891138
v 0.59987139 -0.63578202 -1.50961159
v 0.54647019 -0.40578120 -1.47891138
v 0.54539442 -0.63578212 -1.47856455
v 0.54539442 -0.63578212 -1.47856455
v 0.54647019 -0.40578120 -1.47891138
v 0.48448443 -0.40578288 -1.47233661
v 0.54539442 -0.63578212 -1.47856455
v 0.48448443 -0.40578288 -1.47233661
v 0.48448509 -0.63578230 -1.47233643
v 0.48448509 -0.63578230 -1.47233643
v 0.48448443 -0.40578288 -1.47233661
v 0.23338399 -0.40578214 -1.53232850
v 0.48448509 -0.63578230 -1.47233643
v 0.23338399 -0.40578214 -1.53232850
v 0.24257763 -0.63578151 -1.53090004
v 0.24257763 -0.63578151 -1.53090004
v 0.23338399 -0.40578214 -1.53232850
v -0.02419198 -0.40578283 -1.54981175
v 0.24257763 -0.63578151 -1.53090004
v -0.02419198 -0.40578283 -1.54981175
v -0.01643947 -0.63578221 -1.54991271
v -0.01643947 -0.63578221 -1.54991271
v -0.02419198 -0.40578283 -1.54981175
v -0.28109620 -0.40578200 -1.52429817
v -0.01643947 -0.63578221 -1.54991271
v -0.28109620 -0.40578200 -1.52429817
v -0.27499497 -0.63578291 -1.52541110
v -0.27499497 -0.63578291 -1.52541110
v -0.28109620 -0.40578200 -1.52429817
v -0.53020343 -0.40578265 -1.45649649
v -0.27499497 -0.63578291 -1.52541110
v -0.53020343 -0.40578265 -1.45649649
v -0.52582924 -0.63578202 -1.45808263
v -0.52582924 -0.63578202 -1.45808263
v -0.53020343 -0.40578265 -1.45649649
v -0.76460103 -0.40578167 -1.34828929
v -0.52582924 -0.63578202 -1.45808263
v -0.76460103 -0.40578167 -1.34828929
v -0.76190187 -0.63578258 -1.34981675
v -0.76190187 -0.63578258 -1.34981675
v -0.76460103 -0.40578167 -1.34828929
v -0.97778654 -0.40578214 -1.20267756
v -0.76190187 -0.63578258 -1.34981675
v -0.97778654 -0.40578214 -1.20267756
v -0.97658299 -0.63578156 -1.20365517
v -0.97658299 -0.63578156 -1.20365517
v -0.97778654 -0.40578214 -1.20267756
v -1.16384607 -0.40578246 -1.02370149
v -0.97658299 -0.63578156 -1.20365517
v -1.16384607 -0.40578246 -1.02370149
v -1.16384635 -0.63578188 -1.02370009
v -1.16384653 0.62421709 -1.02370055
v -1.16384588 0.39421767 -1.02370037
v -0.97778663 0.39421800 -1.20267859
v -1.16384653 0.62421709 -1.02370055
v -0.97778663 0.39421800 -1.20267859
v -0.97658308 0.62421742 -1.20365573
v -0.97658308 0.62421742 -1.20365573
v -0.97778663 0.39421800 -1.20267859
v -0.76460112 0.39421846 -1.34829031
v -0.97658308 0.62421742 -1.20365573
v -0.76460112 0.39421846 -1.34829031
v -0.76190201 0.62421788 -1.34981731
v -0.76190201 0.62421788 -1.34981731
v -0.76460112 0.39421846 -1.34829031
v -0.53020352 0.39421748 -1.45649752
v -0.76190201 0.62421788 -1.34981731
v -0.53020352 0.39421748 -1.45649752
v -0.52583027 0.62421844 -1.45808198
v -0.52583027 0.62421844 -1.45808198
v -0.53020352 0.39421748 -1.45649752
v -0.28109718 0.39421814 -1.52429808
v -0.52583027 0.62421844 -1.45808198
v -0.28109718 0.39421814 -1.52429808
v -0.27499394 0.62421756 -1.52541073
v -0.27499394 0.62421756 -1.52541073
v -0.28109718 0.39421814 -1.52429808
v -0.02419180 0.39421730 -1.54981064
v -0.27499394 0.62421756 -1.52541073
v -0.02419180 0.39421730 -1.54981064
v -0.01643845 0.62421826 -1.54991234
v -0.01643845 0.62421826 -1.54991234
v -0.02419180 0.39421730 -1.54981064
v 0.23338390 0.39421800 -1.53232953
v -0.01643845 0.62421826 -1.54991234
v 0.23338390 0.39421800 -1.53232953
v 0.24257866 0.62421747 -1.53089967
v 0.24257866 0.62421747 -1.53089967
v 0.23338390 0.39421800 -1.53232953
v 0.48448555 0.39421725 -1.47233671
v 0.24257866 0.62421747 -1.53089967
v 0.48448555 0.39421725 -1.47233671
v 0.48448490 0.62421816 -1.47233699
v 0.65000053 0.39421758 -1.62153151
v 0.65000108 0.62421849 -1.62153076
v 0.63689565 0.62421849 -1.56021491
v 0.65000053 0.39421758 -1.62153151
v 0.63689565 0.62421849 -1.56021491
v 0.63704895 0.39421758 -1.56055819
v 0.63704895 0.39421758 -1.56055819
v 0.63689565 0.62421849 -1.56021491
v 0.59987120 0.62421844 -1.50961215
v 0.63704895 0.39421758 -1.56055819
v 0.59987120 0.62421844 -1.50961215
v 0.60043228 0.39421753 -1.51011469
v 0.60043228 0.39421753 -1.51011469
v 0.59987120 0.62421844 -1.50961215
v 0.54539423 0.62421835 -1.47856511
v 0.60043228 0.39421753 -1.51011469
v 0.54539423 0.62421835 -1.47856511
v 0.54647126 0.39421744 -1.47891147
v 0.54647126 0.39421744 -1.47891147
v 0.54539423 0.62421835 -1.47856511
v 0.48448490 0.62421816 -1.47233699
v 0.54647126 0.39421744 -1.47891147
v 0.48448490 0.62421816 -1.47233699
v 0.48448555 0.39421725 -1.47233671
v 1.15000037 -0.40578237 0.28899778
v 1.12492722 -0.40578223 0.51151831
v 0.78867525 -0.40578176 0.43357885
v 0.78867525 -0.40578176 0.43357885
v 1.12492722 -0.40578223 0.51151831
v 1.05096856 -0.40578227 0.72288224
v 0.78867525 -0.40578176 0.43357885
v 1.05096856 -0.40578227 0.72288224
v 0.65607075 -0.40578195 0.61609345
v 0.65607075 -0.40578195 0.61609345
v 1.05096856 -0.40578227 0.72288224
v 0.93183080 -0.40578241 0.91248835
v 0.65607075 -0.40578195 0.61609345
v 0.93183080 -0.40578241 0.91248835
v 0.48224293 -0.40578227 0.75989487
v -1.74999908 -0.40578260 -1.05579160
v -1.74238794 -0.40578255 -1.01752253
v -1.74999945 -0.40578186 -0.24618784
v -1.74999945 -0.40578186 -0.24618784
v -1.74238794 -0.40578255 -1.01752253
v -1.72071084 -0.40578246 -0.98508047
v -1.74999945 -0.40578186 -0.24618784
v -1.72071084 -0.40578246 -0.98508047
v -1.68826729 -0.40578232 -0.96340347
v 0.54647019 -0.40578269 -1.47891138
v 0.60043116 -0.40578260 -1.51011460
v 0.65000039 -0.40578200 -1.03698885
v 0.65000039 -0.40578200 -1.03698885
v 0.60043116 -0.40578260 -1.51011460
v 0.63704993 -0.40578255 -1.56055838
v 0.65000039 -0.40578200 -1.03698885
v 0.63704993 -0.40578255 -1.56055838
v 0.65000150 -0.40578255 -1.62153151
v 0.78867525 -0.40578176 0.43357885
v 0.87172445 -0.40578172 0.22382196
v 1.15000037 -0.40578237 0.28899778
v 1.15000037 -0.40578237 0.28899778
v 0.87172445 -0.40578172 0.22382196
v 0.89999996 -0.40578186 0.00000159
v 1.15000037 -0.40578237 0.28899778
v 0.89999996 -0.40578186 0.00000159
v 1.15000037 -0.40578176 -0.65560718
v 1.15000037 -0.40578176 -0.65560718
v 0.89999996 -0.40578186 0.00000159
v 0.87172519 -0.40578214 -0.22381914
v 1.15000037 -0.40578176 -0.65560718
v 0.87172519 -0.40578214 -0.22381914
v 1.15000019 -0.40578214 -1.03698829
v 1.15000019 -0.40578214 -1.03698829
v 0.87172519 -0.40578214 -0.22381914
v 0.65000039 -0.40578200 -1.03698885
v 0.65000039 -0.40578200 -1.03698885
v 0.87172519 -0.40578214 -0.22381914
v 0.78867665 -0.40578255 -0.43357699
v 0.65000039 -0.40578200 -1.03698885
v 0.78867665 -0.40578255 -0.43357699
v 0.54647019 -0.40578269 -1.47891138
v 0.54647019 -0.40578269 -1.47891138
v 0.78867665 -0.40578255 -0.43357699
v 0.65607247 -0.40578158 -0.61609177
v 0.54647019 -0.40578269 -1.47891138
v 0.65607247 -0.40578158 -0.61609177
v 0.48448443 -0.40578288 -1.47233661
v -1.64999943 -0.40578223 -0.95579084
v -1.31401960 -0.40578279 -0.95579075
v -0.83679846 -0.40578241 -0.33131302
v -0.50192522 -0.40578162 1.12104807
v -1.30470032 -0.40578283 0.58586374
v -0.72811549 -0.40578279 0.52900556
v 0.27811346 -0.40578274 0.85595110
v 0.14999850 -0.40578269 1.28899738
v 0.05651017 -0.40578181 0.89822337
v 0.05651017 -0.40578181 0.89822337
v 0.14999850 -0.40578269 1.28899738
v 0.05277392 -0.40578293 1.28899738
v 0.05651017 -0.40578181 0.89822337
v 0.05277392 -0.40578293 1.28899738
v -0.16864428 -0.40578241 0.88405749
v 0.65607247 -0.40578158 -0.61609177
v 0.48224432 -0.40578218 -0.75989468
v 0.48448443 -0.40578288 -1.47233661
v 0.48448443 -0.40578288 -1.47233661
v 0.48224432 -0.40578218 -0.75989468
v 0.27811667 -0.40578283 -0.85594999
v 0.48448443 -0.40578288 -1.47233661
v 0.27811667 -0.40578283 -0.85594999
v 0.23338399 -0.40578214 -1.53232850
v 0.23338399 -0.40578214 -1.53232850
v 0.27811667 -0.40578283 -0.85594999
v 0.05651244 -0.40578200 -0.89822365
v -0.83679846 -0.40578241 -0.33131302
v -1.31401960 -0.40578279 -0.95579075
v -0.72811460 -0.40578232 -0.52900696
v -0.72811549 -0.40578279 0.52900556
v -1.30470032 -0.40578283 0.58586374
v -0.83679929 -0.40578181 0.33131100
v -0.83679929 -0.40578181 0.33131100
v -1.30470032 -0.40578283 0.58586374
v -1.45651549 -0.40578186 0.46151048
v -0.83679929 -0.40578181 0.33131100
v -1.45651549 -0.40578186 0.46151048
v -0.89290319 -0.40578214 0.11279947
v -0.38320047 -0.40578162 -0.81434483
v -0.53020343 -0.40578265 -1.45649649
v -0.16864153 -0.40578260 -0.88405916
v -0.16864153 -0.40578260 -0.88405916
v -0.53020343 -0.40578265 -1.45649649
v -0.28109620 -0.40578200 -1.52429817
v -0.16864153 -0.40578260 -0.88405916
v -0.28109620 -0.40578200 -1.52429817
v 0.05651244 -0.40578200 -0.89822365
v 0.05651244 -0.40578200 -0.89822365
v -0.28109620 -0.40578200 -1.52429817
v -0.02419198 -0.40578283 -1.54981175
v 0.05651244 -0.40578200 -0.89822365
v -0.02419198 -0.40578283 -1.54981175
v 0.23338399 -0.40578214 -1.53232850
v -1.31401960 -0.40578279 -0.95579075
v -1.23161329 -0.40578260 -0.97355722
v -0.72811460 -0.40578232 -0.52900696
v -0.72811460 -0.40578232 -0.52900696
v -1.23161329 -0.40578260 -0.97355722
v -1.16384607 -0.40578246 -1.02370149
v -0.72811460 -0.40578232 -0.52900696
v -1.16384607 -0.40578246 -1.02370149
v -0.57368111 -0.40578204 -0.69346325
v -0.57368111 -0.40578204 -0.69346325
v -1.16384607 -0.40578246 -1.02370149
v -0.97778654 -0.40578214 -1.20267756
v -0.57368111 -0.40578204 -0.69346325
v -0.97778654 -0.40578214 -1.20267756
v -0.38320047 -0.40578162 -0.81434483
v -0.38320047 -0.40578162 -0.81434483
v -0.97778654 -0.40578214 -1.20267756
v -0.76460103 -0.40578167 -1.34828929
v -0.38320047 -0.40578162 -0.81434483
v -0.76460103 -0.40578167 -1.34828929
v -0.53020343 -0.40578265 -1.45649649
v -0.72811549 -0.40578279 0.52900556
v -0.57368330 -0.40578223 0.69346130
v -0.50192522 -0.40578162 1.12104807
v -0.50192522 -0.40578162 1.12104807
v -0.57368330 -0.40578223 0.69346130
v -0.38320227 -0.40578158 0.81434418
v -0.50192522 -0.40578162 1.12104807
v -0.38320227 -0.40578158 0.81434418
v -0.32926432 -0.40578255 1.21314367
v -0.32926432 -0.40578255 1.21314367
v -0.38320227 -0.40578158 0.81434418
v -0.16864428 -0.40578241 0.88405749
v -0.32926432 -0.40578255 1.21314367
v -0.16864428 -0.40578241 0.88405749
v -0.14197392 -0.40578200 1.26985097
v -0.14197392 -0.40578200 1.26985097
v -0.16864428 -0.40578241 0.88405749
v 0.05277392 -0.40578293 1.28899738
v 0.93183080 -0.40578241 0.91248835
v 0.77348868 -0.40578269 1.07082902
v 0.48224293 -0.40578227 0.75989487
v 0.48224293 -0.40578227 0.75989487
v 0.77348868 -0.40578269 1.07082902
v 0.58388268 -0.40578158 1.18996631
v 0.48224293 -0.40578227 0.75989487
v 0.58388268 -0.40578158 1.18996631
v 0.27811346 -0.40578274 0.85595110
v 0.27811346 -0.40578274 0.85595110
v 0.58388268 -0.40578158 1.18996631
v 0.37252002 -0.40578209 1.26392636
v 0.27811346 -0.40578274 0.85595110
v 0.37252002 -0.40578209 1.26392636
v 0.14999850 -0.40578269 1.28899738
v -1.45651549 -0.40578186 0.46151048
v -1.58112105 -0.40578232 0.30990413
v -0.89290319 -0.40578214 0.11279947
v -0.89290319 -0.40578214 0.11279947
v -1.58112105 -0.40578232 0.30990413
v -1.67371947 -0.40578274 0.13688335
v -0.89290319 -0.40578214 0.11279947
v -1.67371947 -0.40578274 0.13688335
v -0.90000015 -0.40578227 -0.00000083
v -0.90000015 -0.40578227 -0.00000083
v -1.67371947 -0.40578274 0.13688335
v -1.73074398 -0.40578158 -0.05089235
v -0.90000015 -0.40578227 -0.00000083
v -1.73074398 -0.40578158 -0.05089235
v -0.89290272 -0.40578237 -0.11280138
v -0.89290272 -0.40578237 -0.11280138
v -1.73074398 -0.40578158 -0.05089235
v -1.74999945 -0.40578186 -0.24618784
v -0.89290272 -0.40578237 -0.11280138
v -1.74999945 -0.40578186 -0.24618784
v -0.83679846 -0.40578241 -0.33131302
v -0.83679846 -0.40578241 -0.33131302
v -1.74999945 -0.40578186 -0.24618784
v -1.68826729 -0.40578232 -0.96340347
v -0.83679846 -0.40578241 -0.33131302
v -1.68826729 -0.40578232 -0.96340347
v -1.64999943 -0.40578223 -0.95579084
v 1.13617023 0.39421739 -1.62153132
v 0.65000053 0.39421758 -1.62153151
v 1.15000177 0.39421762 -1.45578925
v 1.15000177 0.39421762 -1.45578925
v 0.65000053 0.39421758 -1.62153151
v 0.63704895 0.39421758 -1.56055819
v 1.15000177 0.39421762 -1.45578925
v 0.63704895 0.39421758 -1.56055819
v 1.14999935 0.39421776 0.28899794
v -1.64999943 0.39421790 -0.95579186
v -1.69999935 0.39421776 -0.96918782
v -1.75000057 0.39421828 -0.24618767
v -1.75000057 0.39421828 -0.24618767
v -1.69999935 0.39421776 -0.96918782
v -1.73660163 0.39421762 -1.00579150
v -1.75000057 0.39421828 -0.24618767
v -1.73660163 0.39421762 -1.00579150
v -1.74999889 0.39421753 -1.05579058
v 0.54647126 0.39421744 -1.47891147
v 0.65607266 0.39421706 -0.61609070
v 0.78867655 0.39421758 -0.43357797
v 0.63704895 0.39421758 -1.56055819
v 0.60043228 0.39421753 -1.51011469
v 1.14999935 0.39421776 0.28899794
v 1.14999935 0.39421776 0.28899794
v 0.60043228 0.39421753 -1.51011469
v 0.54647126 0.39421744 -1.47891147
v 1.14999935 0.39421776 0.28899794
v 0.54647126 0.39421744 -1.47891147
v 0.87172510 0.39421800 -0.22382017
v 0.87172510 0.39421800 -0.22382017
v 0.54647126 0.39421744 -1.47891147
v 0.78867655 0.39421758 -0.43357797
v -1.16384588 0.39421767 -1.02370037
v -0.72811469 0.39421781 -0.52900799
v -0.97778663 0.39421800 -1.20267859
v -0.97778663 0.39421800 -1.20267859
v -0.72811469 0.39421781 -0.52900799
v -0.57368092 0.39421809 -0.69346218
v -0.97778663 0.39421800 -1.20267859
v -0.57368092 0.39421809 -0.69346218
v -0.76460112 0.39421846 -1.34829031
v -0.76460112 0.39421846 -1.34829031
v -0.57368092 0.39421809 -0.69346218
v -0.38319938 0.39421851 -0.81434492
v -0.76460112 0.39421846 -1.34829031
v -0.38319938 0.39421851 -0.81434492
v -0.53020352 0.39421748 -1.45649752
v -0.53020352 0.39421748 -1.45649752
v -0.38319938 0.39421851 -0.81434492
v -0.16864253 0.39421753 -0.88405898
v 0.65607266 0.39421706 -0.61609070
v 0.54647126 0.39421744 -1.47891147
v 0.48224544 0.39421795 -0.75989482
v 0.48224544 0.39421795 -0.75989482
v 0.54647126 0.39421744 -1.47891147
v 0.48448555 0.39421725 -1.47233671
v 0.48224544 0.39421795 -0.75989482
v 0.48448555 0.39421725 -1.47233671
v 0.27811660 0.39421730 -0.85595101
v 0.27811660 0.39421730 -0.85595101
v 0.48448555 0.39421725 -1.47233671
v 0.23338390 0.39421800 -1.53232953
v 0.27811660 0.39421730 -0.85595101
v 0.23338390 0.39421800 -1.53232953
v 0.05651235 0.39421814 -0.89822458
v 0.05651235 0.39421814 -0.89822458
v 0.23338390 0.39421800 -1.53232953
v -0.02419180 0.39421730 -1.54981064
v 0.05651235 0.39421814 -0.89822458
v -0.02419180 0.39421730 -1.54981064
v -0.16864253 0.39421753 -0.88405898
v -0.16864253 0.39421753 -0.88405898
v -0.02419180 0.39421730 -1.54981064
v -0.28109718 0.39421814 -1.52429808
v -0.16864253 0.39421753 -0.88405898
v -0.28109718 0.39421814 -1.52429808
v -0.53020352 0.39421748 -1.45649752
v 0.87172510 0.39421800 -0.22382017
v 0.89999987 0.39421828 0.00000058
v 1.14999935 0.39421776 0.28899794
v 1.14999935 0.39421776 0.28899794
v 0.89999987 0.39421828 0.00000058
v 0.87172557 0.39421842 0.22382187
v 1.14999935 0.39421776 0.28899794
v 0.87172557 0.39421842 0.22382187
v 1.12492740 0.39421790 0.51151938
v 1.12492740 0.39421790 0.51151938
v 0.87172557 0.39421842 0.22382187
v 0.78867543 0.39421837 0.43357993
v 1.12492740 0.39421790 0.51151938
v 0.78867543 0.39421837 0.43357993
v 1.05096847 0.39421786 0.72288122
v 1.05096847 0.39421786 0.72288122
v 0.78867543 0.39421837 0.43357993
v 0.65607182 0.39421818 0.61609335
v 0.05651035 0.39421832 0.89822439
v -0.16864410 0.39421772 0.88405861
v -0.14197283 0.39421814 1.26985088
v 0.27811455 0.39421739 0.85595101
v 0.58388286 0.39421706 1.18996743
v 0.48224311 0.39421786 0.75989594
v 0.48224311 0.39421786 0.75989594
v 0.58388286 0.39421706 1.18996743
v 0.77348882 0.39421744 1.07083013
v 0.48224311 0.39421786 0.75989594
v 0.77348882 0.39421744 1.07083013
v 0.65607182 0.39421818 0.61609335
v 0.65607182 0.39421818 0.61609335
v 0.77348882 0.39421744 1.07083013
v 0.93183070 0.39421772 0.91248732
v 0.65607182 0.39421818 0.61609335
v 0.93183070 0.39421772 0.91248732
v 1.05096847 0.39421786 0.72288122
v -0.14197283 0.39421814 1.26985088
v -0.16864410 0.39421772 0.88405861
v -0.32926442 0.39421758 1.21314265
v -0.32926442 0.39421758 1.21314265
v -0.16864410 0.39421772 0.88405861
v -0.38320236 0.39421706 0.81434315
v -0.32926442 0.39421758 1.21314265
v -0.38320236 0.39421706 0.81434315
v -0.50192531 0.39421851 1.12104705
v -0.50192531 0.39421851 1.12104705
v -0.38320236 0.39421706 0.81434315
v -0.57368218 0.39421790 0.69346121
v -0.50192531 0.39421851 1.12104705
v -0.57368218 0.39421790 0.69346121
v -1.30470041 0.39421730 0.58586276
v -0.57368218 0.39421790 0.69346121
v -0.72811646 0.39421734 0.52900570
v -1.30470041 0.39421730 0.58586276
v -1.30470041 0.39421730 0.58586276
v -0.72811646 0.39421734 0.52900570
v -0.83680023 0.39421832 0.33131116
v -1.30470041 0.39421730 0.58586276
v -0.83680023 0.39421832 0.33131116
v -1.45651530 0.39421828 0.46151155
v -1.45651530 0.39421828 0.46151155
v -0.83680023 0.39421832 0.33131116
v -0.89290328 0.39421800 0.11279846
v -1.16384588 0.39421767 -1.02370037
v -1.23207727 0.39421753 -0.97334823
v -0.72811469 0.39421781 -0.52900799
v -0.72811469 0.39421781 -0.52900799
v -1.23207727 0.39421753 -0.97334823
v -1.31401960 0.39421734 -0.95579177
v -0.72811469 0.39421781 -0.52900799
v -1.31401960 0.39421734 -0.95579177
v -0.83679855 0.39421772 -0.33131402
v -0.83679855 0.39421772 -0.33131402
v -1.31401960 0.39421734 -0.95579177
v -1.64999943 0.39421790 -0.95579186
v -0.83679855 0.39421772 -0.33131402
v -1.64999943 0.39421790 -0.95579186
v -0.89290366 0.39421776 -0.11280122
v -0.89290366 0.39421776 -0.11280122
v -1.64999943 0.39421790 -0.95579186
v -1.75000057 0.39421828 -0.24618767
v -0.89290366 0.39421776 -0.11280122
v -1.75000057 0.39421828 -0.24618767
v -0.90000024 0.39421786 -0.00000184
v -0.14197283 0.39421814 1.26985088
v 0.05277501 0.39421720 1.28899729
v 0.05651035 0.39421832 0.89822439
v 0.05651035 0.39421832 0.89822439
v 0.05277501 0.39421720 1.28899729
v 0.14999959 0.39421744 1.28899729
v 0.05651035 0.39421832 0.89822439
v 0.14999959 0.39421744 1.28899729
v 0.27811455 0.39421739 0.85595101
v 0.27811455 0.39421739 0.85595101
v 0.14999959 0.39421744 1.28899729
v 0.37251995 0.39421804 1.26392534
v 0.27811455 0.39421739 0.85595101
v 0.37251995 0.39421804 1.26392534
v 0.58388286 0.39421706 1.18996743
v -1.75000057 0.39421828 -0.24618767
v -1.73074491 0.39421706 -0.05089219
v -0.90000024 0.39421786 -0.00000184
v -0.90000024 0.39421786 -0.00000184
v -1.73074491 0.39421706 -0.05089219
v -1.67371966 0.39421739 0.13688233
v -0.90000024 0.39421786 -0.00000184
v -1.67371966 0.39421739 0.13688233
v -0.89290328 0.39421800 0.11279846
v -0.89290328 0.39421800 0.11279846
v -1.67371966 0.39421739 0.13688233
v -1.58112086 0.39421781 0.30990522
v -0.89290328 0.39421800 0.11279846
v -1.58112086 0.39421781 0.30990522
v -1.45651530 0.39421828 0.46151155
v 0.39124615 -0.06328273 0.31133129
v 0.39844979 -0.03557699 0.30205662
v 0.43973676 -0.55578244 0.23797383
v 0.40087141 -0.00578212 0.29883389
v 0.39844965 0.02401424 0.30205657
v 0.43973704 0.54421830 0.23797343
v 0.43973704 0.54421830 0.23797343
v 0.39844965 0.02401424 0.30205657
v 0.39124582 0.05171847 0.31133119
v 0.39124582 0.05171847 0.31133119
v 0.37939041 0.07556031 0.32567347
v 0.43973704 0.54421830 0.23797343
v 0.43973704 0.54421830 0.23797343
v 0.37939041 0.07556031 0.32567347
v 0.36330849 0.09381123 0.34352078
v 0.43973704 0.54421830 0.23797343
v 0.36330849 0.09381123 0.34352078
v 0.40450748 0.54421825 0.29389304
v 0.40450748 0.54421825 0.29389304
v 0.36330849 0.09381123 0.34352078
v 0.33863981 0.10690334 0.36786203
v 0.40450748 0.54421825 0.29389304
v 0.33863981 0.10690334 0.36786203
v 0.33863981 0.54421816 0.36786254
v 0.27521311 0.09381105 0.41744178
v 0.25483344 0.07554815 0.43018553
v 0.20084821 0.54421788 0.45788698
v 0.20084821 0.54421788 0.45788698
v 0.25483344 0.07554815 0.43018553
v 0.23866091 0.05171818 0.43936404
v 0.20084821 0.54421788 0.45788698
v 0.23866091 0.05171818 0.43936404
v 0.22827655 0.02401540 0.44484776
v 0.33863981 0.54421816 0.36786254
v 0.33863981 0.10690334 0.36786203
v 0.29389132 0.54421807 0.40450883
v 0.29389132 0.54421807 0.40450883
v 0.33863981 0.10690334 0.36786203
v 0.32139404 0.10921746 0.38302285
v 0.29389132 0.54421807 0.40450883
v 0.32139404 0.10921746 0.38302285
v 0.20084821 0.54421788 0.45788698
v 0.20084821 0.54421788 0.45788698
v 0.32139404 0.10921746 0.38302285
v 0.29797938 0.10528499 0.40150848
v 0.20084821 0.54421788 0.45788698
v 0.29797938 0.10528499 0.40150848
v 0.27521311 0.09381105 0.41744178
v 0.22468152 -0.00578246 0.44667469
v 0.22827671 -0.03558030 0.44484786
v 0.20084674 -0.55578286 0.45788647
v 0.20084674 -0.55578286 0.45788647
v 0.22827671 -0.03558030 0.44484786
v 0.23866030 -0.06328154 0.43936530
v 0.20084674 -0.55578286 0.45788647
v 0.23866030 -0.06328154 0.43936530
v 0.25481705 -0.08709505 0.43019527
v 0.25481705 -0.08709505 0.43019527
v 0.27521364 -0.10537575 0.41744197
v 0.20084674 -0.55578286 0.45788647
v 0.20084674 -0.55578286 0.45788647
v 0.27521364 -0.10537575 0.41744197
v 0.29801559 -0.11686152 0.40147975
v 0.20084674 -0.55578286 0.45788647
v 0.29801559 -0.11686152 0.40147975
v 0.29389195 -0.55578267 0.40450804
v 0.29389195 -0.55578267 0.40450804
v 0.29801559 -0.11686152 0.40147975
v 0.32138957 -0.12078197 0.38302478
v 0.29389195 -0.55578267 0.40450804
v 0.32138957 -0.12078197 0.38302478
v 0.33864044 -0.55578258 0.36786175
v 0.33864044 -0.55578258 0.36786175
v 0.32138957 -0.12078197 0.38302478
v 0.33864044 -0.11846778 0.36786224
v 0.33864044 -0.55578258 0.36786175
v 0.33864044 -0.11846778 0.36786224
v 0.40450809 -0.55578249 0.29389223
v 0.40450809 -0.55578249 0.29389223
v 0.33864044 -0.11846778 0.36786224
v 0.36330903 -0.10537558 0.34352096
v 0.40450809 -0.55578249 0.29389223
v 0.36330903 -0.10537558 0.34352096
v 0.43973676 -0.55578244 0.23797383
v 0.43973676 -0.55578244 0.23797383
v 0.36330903 -0.10537558 0.34352096
v 0.38823211 -0.07077504 0.31508103
v 0.43973676 -0.55578244 0.23797383
v 0.38823211 -0.07077504 0.31508103
v 0.39124615 -0.06328273 0.31133129
v -0.33124096 0.05171805 0.37453815
v -0.33995034 0.02399292 0.36665262
v -0.39457041 0.54421760 0.30710604
v -0.34289085 -0.00578259 0.36390286
v -0.33992988 -0.03565642 0.36667027
v -0.39457069 -0.55578165 0.30710641
v -0.39457069 -0.55578165 0.30710641
v -0.33992988 -0.03565642 0.36667027
v -0.33124066 -0.06328166 0.37453827
v -0.15874032 -0.06328258 0.47413232
v -0.14757031 -0.03560811 0.47772694
v -0.12274325 -0.55578225 0.48469934
v -0.15874032 -0.06328258 0.47413232
v -0.12274325 -0.55578225 0.48469934
v -0.17623423 -0.08708426 0.46791164
v -0.33124066 -0.06328166 0.37453827
v -0.31709790 -0.08709515 0.38658590
v -0.39457069 -0.55578165 0.30710641
v -0.39457069 -0.55578165 0.30710641
v -0.31709790 -0.08709515 0.38658590
v -0.29813899 -0.10537583 0.40138937
v -0.39457069 -0.55578165 0.30710641
v -0.29813899 -0.10537583 0.40138937
v -0.29389362 -0.55578277 0.40450753
v -0.29389362 -0.55578277 0.40450753
v -0.29813899 -0.10537583 0.40138937
v -0.27347472 -0.11743526 0.41858340
v -0.29389362 -0.55578277 0.40450753
v -0.27347472 -0.11743526 0.41858340
v -0.27347470 -0.55578272 0.41858293
v -0.27347470 -0.55578272 0.41858293
v -0.27347472 -0.11743526 0.41858340
v -0.25000034 -0.12078198 0.43301247
v -0.27347470 -0.55578272 0.41858293
v -0.25000034 -0.12078198 0.43301247
v -0.15450959 -0.55578235 0.47552846
v -0.15450959 -0.55578235 0.47552846
v -0.25000034 -0.12078198 0.43301247
v -0.22376408 -0.11685842 0.44713472
v -0.15450959 -0.55578235 0.47552846
v -0.22376408 -0.11685842 0.44713472
v -0.12274325 -0.55578225 0.48469934
v -0.12274325 -0.55578225 0.48469934
v -0.22376408 -0.11685842 0.44713472
v -0.19854482 -0.10537551 0.45888950
v -0.12274325 -0.55578225 0.48469934
v -0.19854482 -0.10537551 0.45888950
v -0.17623423 -0.08708426 0.46791164
v -0.14370463 -0.00578194 0.47890339
v -0.14756838 0.02403825 0.47772662
v -0.12274388 0.54421849 0.48470018
v -0.12274388 0.54421849 0.48470018
v -0.14756838 0.02403825 0.47772662
v -0.15874064 0.05171713 0.47413222
v -0.12274388 0.54421849 0.48470018
v -0.15874064 0.05171713 0.47413222
v -0.17623022 0.07551572 0.46791304
v -0.17623022 0.07551572 0.46791304
v -0.19854538 0.09381130 0.45888931
v -0.12274388 0.54421849 0.48470018
v -0.12274388 0.54421849 0.48470018
v -0.19854538 0.09381130 0.45888931
v -0.22374429 0.10528809 0.44714469
v -0.12274388 0.54421849 0.48470018
v -0.22374429 0.10528809 0.44714469
v -0.15450931 0.54421839 0.47552804
v -0.15450931 0.54421839 0.47552804
v -0.22374429 0.10528809 0.44714469
v -0.25000097 0.10921744 0.43301224
v -0.15450931 0.54421839 0.47552804
v -0.25000097 0.10921744 0.43301224
v -0.27347442 0.54421802 0.41858251
v -0.27347442 0.54421802 0.41858251
v -0.25000097 0.10921744 0.43301224
v -0.27347533 0.10587056 0.41858321
v -0.27347442 0.54421802 0.41858251
v -0.27347533 0.10587056 0.41858321
v -0.29389216 0.54421797 0.40450804
v -0.29389216 0.54421797 0.40450804
v -0.27347533 0.10587056 0.41858321
v -0.29813834 0.09381097 0.40139006
v -0.29389216 0.54421797 0.40450804
v -0.29813834 0.09381097 0.40139006
v -0.39457041 0.54421760 0.30710604
v -0.39457041 0.54421760 0.30710604
v -0.29813834 0.09381097 0.40139006
v -0.31708654 0.07554506 0.38659486
v -0.39457041 0.54421760 0.30710604
v -0.31708654 0.07554506 0.38659486
v -0.33124096 0.05171805 0.37453815
v 0.22827655 0.02401540 0.44484776
v 0.22468152 -0.00578246 0.44667469
v 0.20084821 0.54421788 0.45788698
v 0.20084821 0.54421788 0.45788698
v 0.22468152 -0.00578246 0.44667469
v 0.20084674 -0.55578286 0.45788647
v 0.20084821 0.54421788 0.45788698
v 0.20084674 -0.55578286 0.45788647
v 0.15450835 0.54421774 0.47552828
v 0.15450835 0.54421774 0.47552828
v 0.20084674 -0.55578286 0.45788647
v 0.15450807 -0.55578151 0.47552865
v 0.15450835 0.54421774 0.47552828
v 0.15450807 -0.55578151 0.47552865
v 0.04128864 0.54421746 0.49829222
v 0.04128864 0.54421746 0.49829222
v 0.15450807 -0.55578151 0.47552865
v 0.04128928 -0.55578179 0.49829143
v 0.04128864 0.54421746 0.49829222
v 0.04128928 -0.55578179 0.49829143
v -0.00000050 0.54421737 0.50000055
v -0.00000050 0.54421737 0.50000055
v 0.04128928 -0.55578179 0.49829143
v 0.00000014 -0.55578188 0.49999976
v -0.00000050 0.54421737 0.50000055
v 0.00000014 -0.55578188 0.49999976
v -0.12274388 0.54421849 0.48470018
v -0.12274388 0.54421849 0.48470018
v 0.00000014 -0.55578188 0.49999976
v -0.12274325 -0.55578225 0.48469934
v -0.12274388 0.54421849 0.48470018
v -0.12274325 -0.55578225 0.48469934
v -0.14370463 -0.00578194 0.47890339
v -0.14370463 -0.00578194 0.47890339
v -0.12274325 -0.55578225 0.48469934
v -0.14757031 -0.03560811 0.47772694
v -0.33995034 0.02399292 0.36665262
v -0.34289085 -0.00578259 0.36390286
v -0.39457041 0.54421760 0.30710604
v -0.39457041 0.54421760 0.30710604
v -0.34289085 -0.00578259 0.36390286
v -0.39457069 -0.55578165 0.30710641
v -0.39457041 0.54421760 0.30710604
v -0.39457069 -0.55578165 0.30710641
v -0.40450795 0.54421755 0.29389190
v -0.40450795 0.54421755 0.29389190
v -0.39457069 -0.55578165 0.30710641
v -0.40450823 -0.55578169 0.29389230
v -0.40450795 0.54421755 0.29389190
v -0.40450823 -0.55578169 0.29389230
v -0.47290809 0.54421723 0.16234950
v -0.47290809 0.54421723 0.16234950
v -0.40450823 -0.55578169 0.29389230
v -0.47290837 -0.55578202 0.16234989
v -0.47290809 0.54421723 0.16234950
v -0.47290837 -0.55578202 0.16234989
v -0.47552860 0.54421723 0.15450803
v -0.47552860 0.54421723 0.15450803
v -0.47290837 -0.55578202 0.16234989
v -0.47552888 -0.55578202 0.15450841
v -0.47552860 0.54421723 0.15450803
v -0.47552888 -0.55578202 0.15450841
v -0.49999971 0.54421849 0.00000009
v -0.49999971 0.54421849 0.00000009
v -0.47552888 -0.55578202 0.15450841
v -0.49999999 -0.55578225 0.00000047
v -0.49999971 0.54421849 0.00000009
v -0.49999999 -0.55578225 0.00000047
v -0.47552837 0.54421844 -0.15450964
v -0.47552837 0.54421844 -0.15450964
v -0.49999999 -0.55578225 0.00000047
v -0.47552865 -0.55578230 -0.15450926
v -0.47552837 0.54421844 -0.15450964
v -0.47552865 -0.55578230 -0.15450926
v -0.47290879 0.54421844 -0.16234954
v -0.47290879 0.54421844 -0.16234954
v -0.47552865 -0.55578230 -0.15450926
v -0.47290814 -0.55578230 -0.16235033
v -0.47290879 0.54421844 -0.16234954
v -0.47290814 -0.55578230 -0.16235033
v -0.40450837 0.54421849 -0.29389248
v -0.40450837 0.54421849 -0.29389248
v -0.47290814 -0.55578230 -0.16235033
v -0.40450771 -0.55578225 -0.29389327
v -0.40450837 0.54421849 -0.29389248
v -0.40450771 -0.55578225 -0.29389327
v -0.39456971 0.54421849 -0.30710644
v -0.39456971 0.54421849 -0.30710644
v -0.40450771 -0.55578225 -0.29389327
v -0.39456999 -0.55578225 -0.30710604
v -0.39456971 0.54421849 -0.30710644
v -0.39456999 -0.55578225 -0.30710604
v -0.29389223 0.54421718 -0.40450827
v -0.29389223 0.54421718 -0.40450827
v -0.39456999 -0.55578225 -0.30710604
v -0.29389157 -0.55578207 -0.40450906
v -0.29389223 0.54421718 -0.40450827
v -0.29389157 -0.55578207 -0.40450906
v -0.27347319 0.54421723 -0.41858372
v -0.27347319 0.54421723 -0.41858372
v -0.29389157 -0.55578207 -0.40450906
v -0.27347347 -0.55578202 -0.41858335
v -0.27347319 0.54421723 -0.41858372
v -0.27347347 -0.55578202 -0.41858335
v -0.15450834 0.54421751 -0.47552893
v -0.15450834 0.54421751 -0.47552893
v -0.27347347 -0.55578202 -0.41858335
v -0.15450862 -0.55578174 -0.47552856
v -0.15450834 0.54421751 -0.47552893
v -0.15450862 -0.55578174 -0.47552856
v -0.12274153 0.54421760 -0.48470041
v -0.12274153 0.54421760 -0.48470041
v -0.15450862 -0.55578174 -0.47552856
v -0.12274181 -0.55578165 -0.48470004
v -0.12274153 0.54421760 -0.48470041
v -0.12274181 -0.55578165 -0.48470004
v 0.00000077 0.54421793 -0.49999910
v 0.00000077 0.54421793 -0.49999910
v -0.12274181 -0.55578165 -0.48470004
v 0.00000141 -0.55578281 -0.49999990
v 0.00000077 0.54421793 -0.49999910
v 0.00000141 -0.55578281 -0.49999990
v 0.04128914 0.54421802 -0.49829232
v 0.04128914 0.54421802 -0.49829232
v 0.00000141 -0.55578281 -0.49999990
v 0.04128978 -0.55578272 -0.49829311
v 0.04128914 0.54421802 -0.49829232
v 0.04128978 -0.55578272 -0.49829311
v 0.15450933 0.54421835 -0.47552870
v 0.15450933 0.54421835 -0.47552870
v 0.04128978 -0.55578272 -0.49829311
v 0.15450905 -0.55578239 -0.47552832
v 0.15450933 0.54421835 -0.47552870
v 0.15450905 -0.55578239 -0.47552832
v 0.20084779 0.54421849 -0.45788726
v 0.20084779 0.54421849 -0.45788726
v 0.15450905 -0.55578239 -0.47552832
v 0.20084751 -0.55578225 -0.45788689
v 0.20084779 0.54421849 -0.45788726
v 0.20084751 -0.55578225 -0.45788689
v 0.29389334 0.54421732 -0.40450776
v 0.29389334 0.54421732 -0.40450776
v 0.20084751 -0.55578225 -0.45788689
v 0.29389306 -0.55578193 -0.40450739
v 0.29389334 0.54421732 -0.40450776
v 0.29389306 -0.55578193 -0.40450739
v 0.33864083 0.54421746 -0.36786105
v 0.33864083 0.54421746 -0.36786105
v 0.29389306 -0.55578193 -0.40450739
v 0.33864146 -0.55578179 -0.36786185
v 0.33864083 0.54421746 -0.36786105
v 0.33864146 -0.55578179 -0.36786185
v 0.40450916 0.54421769 -0.29389162
v 0.40450916 0.54421769 -0.29389162
v 0.33864146 -0.55578179 -0.36786185
v 0.40450888 -0.55578155 -0.29389125
v 0.40450916 0.54421769 -0.29389162
v 0.40450888 -0.55578155 -0.29389125
v 0.43973722 0.54421788 -0.23797355
v 0.43973722 0.54421788 -0.23797355
v 0.40450888 -0.55578155 -0.29389125
v 0.43973695 -0.55578286 -0.23797315
v 0.43973722 0.54421788 -0.23797355
v 0.43973695 -0.55578286 -0.23797315
v 0.47552860 0.54421802 -0.15450866
v 0.47552860 0.54421802 -0.15450866
v 0.43973695 -0.55578286 -0.23797315
v 0.47552832 -0.55578272 -0.15450828
v 0.47552860 0.54421802 -0.15450866
v 0.47552832 -0.55578272 -0.15450828
v 0.49318071 0.54421816 -0.08229673
v 0.49318071 0.54421816 -0.08229673
v 0.47552832 -0.55578272 -0.15450828
v 0.49318043 -0.55578258 -0.08229634
v 0.49318071 0.54421816 -0.08229673
v 0.49318043 -0.55578258 -0.08229634
v 0.49999999 0.54421825 0.00000136
v 0.49999999 0.54421825 0.00000136
v 0.49318043 -0.55578258 -0.08229634
v 0.50000059 -0.55578249 0.00000057
v 0.49999999 0.54421825 0.00000136
v 0.50000059 -0.55578249 0.00000057
v 0.49318019 0.54421830 0.08229789
v 0.49318019 0.54421830 0.08229789
v 0.50000059 -0.55578249 0.00000057
v 0.49318084 -0.55578244 0.08229709
v 0.49318019 0.54421830 0.08229789
v 0.49318084 -0.55578244 0.08229709
v 0.47552837 0.54421830 0.15450900
v 0.47552837 0.54421830 0.15450900
v 0.49318084 -0.55578244 0.08229709
v 0.47552809 -0.55578244 0.15450938
v 0.47552837 0.54421830 0.15450900
v 0.47552809 -0.55578244 0.15450938
v 0.43973704 0.54421830 0.23797343
v 0.43973704 0.54421830 0.23797343
v 0.47552809 -0.55578244 0.15450938
v 0.43973676 -0.55578244 0.23797383
v 0.43973704 0.54421830 0.23797343
v 0.43973676 -0.55578244 0.23797383
v 0.40087141 -0.00578212 0.29883389
v 0.40087141 -0.00578212 0.29883389
v 0.43973676 -0.55578244 0.23797383
v 0.39844979 -0.03557699 0.30205662
v 0.05277392 -0.40578293 1.28899738
v 0.14999850 -0.40578269 1.28899738
v 0.05277501 0.39421720 1.28899729
v 0.05277501 0.39421720 1.28899729
v 0.14999850 -0.40578269 1.28899738
v 0.14999959 0.39421744 1.28899729
v 0.29042610 -0.00578220 0.52502668
v 0.29391167 0.02397989 0.52308310
v 0.36317871 -0.01348595 0.47759973
v 0.36317871 -0.01348595 0.47759973
v 0.29391167 0.02397989 0.52308310
v 0.30402858 0.05171843 0.51726806
v 0.36317871 -0.01348595 0.47759973
v 0.30402858 0.05171843 0.51726806
v 0.31983065 0.07554542 0.50765034
v 0.36239936 -0.11686425 0.47819111
v 0.33984955 -0.10537551 0.49447273
v 0.36317871 -0.01348595 0.47759973
v 0.36317871 -0.01348595 0.47759973
v 0.33984955 -0.10537551 0.49447273
v 0.31981426 -0.08709182 0.50766007
v 0.31981426 -0.08709182 0.50766007
v 0.30402890 -0.06328278 0.51726815
v 0.36317871 -0.01348595 0.47759973
v 0.36317871 -0.01348595 0.47759973
v 0.30402890 -0.06328278 0.51726815
v 0.29393951 -0.03566648 0.52306685
v 0.36317871 -0.01348595 0.47759973
v 0.29393951 -0.03566648 0.52306685
v 0.29042610 -0.00578220 0.52502668
v 0.31983065 0.07554542 0.50765034
v 0.33984901 0.09381130 0.49447254
v 0.36317871 -0.01348595 0.47759973
v 0.36317871 -0.01348595 0.47759973
v 0.33984901 0.09381130 0.49447254
v 0.36235142 0.10528375 0.47822772
v 0.36317871 -0.01348595 0.47759973
v 0.36235142 0.10528375 0.47822772
v 0.38624834 0.10921472 0.45914305
v 0.45661475 -0.06328248 0.38923414
v 0.44441684 -0.08708562 0.40310607
v 0.39710449 -0.00779513 0.44978699
v 0.44441684 -0.08708562 0.40310607
v 0.42794496 -0.10537533 0.42055175
v 0.39710449 -0.00779513 0.44978699
v 0.39710449 -0.00779513 0.44978699
v 0.42794496 -0.10537533 0.42055175
v 0.40826243 -0.11676581 0.43968284
v 0.39710449 -0.00779513 0.44978699
v 0.40826243 -0.11676581 0.43968284
v 0.38567125 -0.12078172 0.45962702
v 0.36239936 -0.11686425 0.47819111
v 0.36317871 -0.01348595 0.47759973
v 0.38567125 -0.12078172 0.45962702
v 0.38567125 -0.12078172 0.45962702
v 0.36317871 -0.01348595 0.47759973
v 0.38624834 0.10921472 0.45914305
v 0.38567125 -0.12078172 0.45962702
v 0.38624834 0.10921472 0.45914305
v 0.39710449 -0.00779513 0.44978699
v 0.39710449 -0.00779513 0.44978699
v 0.38624834 0.10921472 0.45914305
v 0.40828572 0.10519294 0.43966155
v 0.39710449 -0.00779513 0.44978699
v 0.40828572 0.10519294 0.43966155
v 0.42794440 0.09380998 0.42055156
v 0.42794440 0.09380998 0.42055156
v 0.44441549 0.07552181 0.40310710
v 0.39710449 -0.00779513 0.44978699
v 0.39710449 -0.00779513 0.44978699
v 0.44441549 0.07552181 0.40310710
v 0.45661442 0.05171723 0.38923402
v 0.39710449 -0.00779513 0.44978699
v 0.45661442 0.05171723 0.38923402
v 0.46409168 0.02402195 0.38028779
v 0.46409168 0.02402195 0.38028779
v 0.46661687 -0.00578186 0.37718471
v 0.39710449 -0.00779513 0.44978699
v 0.39710449 -0.00779513 0.44978699
v 0.46661687 -0.00578186 0.37718471
v 0.46408912 -0.03559909 0.38029137
v 0.39710449 -0.00779513 0.44978699
v 0.46408912 -0.03559909 0.38029137
v 0.45661475 -0.06328248 0.38923414
v -0.39403089 -0.00578264 0.45248070
v -0.39101471 0.02398095 0.45509120
v -0.32458187 -0.01348631 0.50462461
v -0.32458187 -0.01348631 0.50462461
v -0.39101471 0.02398095 0.45509120
v -0.38208880 0.05171800 0.46260920
v -0.32458187 -0.01348631 0.50462461
v -0.38208880 0.05171800 0.46260920
v -0.36764734 0.07554649 0.47416831
v -0.32540434 -0.11686460 0.50409557
v -0.34841704 -0.10537440 0.48847315
v -0.32458187 -0.01348631 0.50462461
v -0.32458187 -0.01348631 0.50462461
v -0.34841704 -0.10537440 0.48847315
v -0.36766105 -0.08709223 0.47415751
v -0.36766105 -0.08709223 0.47415751
v -0.38208941 -0.06328171 0.46261051
v -0.32458187 -0.01348631 0.50462461
v -0.32458187 -0.01348631 0.50462461
v -0.38208941 -0.06328171 0.46261051
v -0.39098836 -0.03566691 0.45511341
v -0.32458187 -0.01348631 0.50462461
v -0.39098836 -0.03566691 0.45511341
v -0.39403089 -0.00578264 0.45248070
v -0.36764734 0.07554649 0.47416831
v -0.34841641 0.09381092 0.48847385
v -0.32458187 -0.01348631 0.50462461
v -0.32458187 -0.01348631 0.50462461
v -0.34841641 0.09381092 0.48847385
v -0.32545482 0.10528340 0.50406242
v -0.32458187 -0.01348631 0.50462461
v -0.32545482 0.10528340 0.50406242
v -0.29934812 0.10921590 0.51999106
v -0.20958933 -0.06328264 0.56220246
v -0.22679621 -0.08708432 0.55548414
v -0.28684337 -0.00779394 0.52699200
v -0.22679621 -0.08708432 0.55548414
v -0.24882290 -0.10537556 0.54597328
v -0.28684337 -0.00779394 0.52699200
v -0.28684337 -0.00779394 0.52699200
v -0.24882290 -0.10537556 0.54597328
v -0.27353282 -0.11676609 0.53402288
v -0.28684337 -0.00779394 0.52699200
v -0.27353282 -0.11676609 0.53402288
v -0.29999998 -0.12078204 0.51961457
v -0.32540434 -0.11686460 0.50409557
v -0.32458187 -0.01348631 0.50462461
v -0.29999998 -0.12078204 0.51961457
v -0.29999998 -0.12078204 0.51961457
v -0.32458187 -0.01348631 0.50462461
v -0.29934812 0.10921590 0.51999106
v -0.29999998 -0.12078204 0.51961457
v -0.29934812 0.10921590 0.51999106
v -0.28684337 -0.00779394 0.52699200
v -0.28684337 -0.00779394 0.52699200
v -0.29934812 0.10921590 0.51999106
v -0.27350620 0.10519415 0.53403620
v -0.28684337 -0.00779394 0.52699200
v -0.27350620 0.10519415 0.53403620
v -0.24882343 0.09381124 0.54597310
v -0.24882343 0.09381124 0.54597310
v -0.22679665 0.07552162 0.55548400
v -0.28684337 -0.00779394 0.52699200
v -0.28684337 -0.00779394 0.52699200
v -0.22679665 0.07552162 0.55548400
v -0.20958846 0.05171707 0.56220330
v -0.28684337 -0.00779394 0.52699200
v -0.20958846 0.05171707 0.56220330
v -0.19862475 0.02402181 0.56616953
v -0.19862475 0.02402181 0.56616953
v -0.19484678 -0.00578199 0.56748153
v -0.28684337 -0.00779394 0.52699200
v -0.28684337 -0.00779394 0.52699200
v -0.19484678 -0.00578199 0.56748153
v -0.19862906 -0.03559923 0.56616799
v -0.28684337 -0.00779394 0.52699200
v -0.19862906 -0.03559923 0.56616799
v -0.20958933 -0.06328264 0.56220246
v -0.50192531 0.39421851 1.12104705
v -1.30470041 0.39421730 0.58586276
v -0.50192522 -0.40578162 1.12104807
v -0.50192522 -0.40578162 1.12104807
v -1.30470041 0.39421730 0.58586276
v -1.30470032 -0.40578283 0.58586374
v -2.44999863 0.18967554 -1.91166382
v -2.44999845 0.33220930 -2.25153584
v -2.44999845 0.10268845 -1.98103487
v -2.44999845 0.10268845 -1.98103487
v -2.44999845 0.33220930 -2.25153584
v -2.44999751 0.17107105 -2.32913587
v -2.44999845 0.10268845 -1.98103487
v -2.44999751 0.17107105 -2.32913587
v -2.44999938 -0.00578159 -2.00579166
v -2.44999882 -0.11425266 -1.53054893
v -2.44999845 -0.20123974 -1.59991998
v -2.44999956 -0.41388650 -1.31596066
v -2.44999751 0.17107105 -2.32913587
v -2.44999845 -0.00578192 -2.35579181
v -2.44999938 -0.00578159 -2.00579166
v -2.44999938 -0.00578159 -2.00579166
v -2.44999845 -0.00578192 -2.35579181
v -2.44999863 -0.18263484 -2.32913531
v -2.44999938 -0.00578159 -2.00579166
v -2.44999863 -0.18263484 -2.32913531
v -2.44999863 -0.11425308 -1.98103357
v -2.44999863 -0.11425308 -1.98103357
v -2.44999863 -0.18263484 -2.32913531
v -2.44999882 -0.34377442 -2.25153491
v -2.44999863 -0.11425308 -1.98103357
v -2.44999882 -0.34377442 -2.25153491
v -2.44999882 -0.20124004 -1.91166438
v -2.44999882 -0.20124004 -1.91166438
v -2.44999882 -0.34377442 -2.25153491
v -2.44999807 -0.47488068 -2.12988555
v -2.44999882 -0.20124004 -1.91166438
v -2.44999807 -0.47488068 -2.12988555
v -2.44999919 -0.24951375 -1.81142185
v -2.44999807 0.23794954 -1.70016196
v -2.44999882 0.59254044 -1.80063080
v -2.44999826 0.23794943 -1.81142259
v -2.44999826 0.23794943 -1.81142259
v -2.44999882 0.59254044 -1.80063080
v -2.44999919 0.55274228 -1.97499674
v -2.44999826 0.23794943 -1.81142259
v -2.44999919 0.55274228 -1.97499674
v -2.44999863 0.18967554 -1.91166382
v -2.44999863 0.18967554 -1.91166382
v -2.44999919 0.55274228 -1.97499674
v -2.44999938 0.46331729 -2.12988555
v -2.44999863 0.18967554 -1.91166382
v -2.44999938 0.46331729 -2.12988555
v -2.44999845 0.33220930 -2.25153584
v -2.44999956 -0.41388650 -1.31596066
v -2.44999938 -0.26611309 -1.21521084
v -2.44999882 -0.11425266 -1.53054893
v -2.44999882 -0.11425266 -1.53054893
v -2.44999938 -0.26611309 -1.21521084
v -2.44999845 -0.09520714 -1.16249332
v -2.44999882 -0.11425266 -1.53054893
v -2.44999845 -0.09520714 -1.16249332
v -2.44999994 -0.00578261 -1.50579186
v -2.44999807 -0.47488068 -2.12988555
v -2.44999938 -0.56430688 -1.97499618
v -2.44999919 -0.24951375 -1.81142185
v -2.44999919 -0.24951375 -1.81142185
v -2.44999938 -0.56430688 -1.97499618
v -2.44999882 -0.60410476 -1.80063043
v -2.44999919 -0.24951375 -1.81142185
v -2.44999882 -0.60410476 -1.80063043
v -2.44999882 -0.24951363 -1.70016121
v -2.44999882 -0.24951363 -1.70016121
v -2.44999882 -0.60410476 -1.80063043
v -2.44999882 -0.59073824 -1.62228011
v -2.44999882 -0.24951363 -1.70016121
v -2.44999882 -0.59073824 -1.62228011
v -2.44999845 -0.20123974 -1.59991998
v -2.44999845 -0.20123974 -1.59991998
v -2.44999882 -0.59073824 -1.62228011
v -2.44999882 -0.52539799 -1.45579176
v -2.44999845 -0.20123974 -1.59991998
v -2.44999882 -0.52539799 -1.45579176
v -2.44999956 -0.41388650 -1.31596066
v -2.44999826 0.18967583 -1.59991942
v -2.44999845 0.51383283 -1.45579204
v -2.44999807 0.23794954 -1.70016196
v -2.44999807 0.23794954 -1.70016196
v -2.44999845 0.51383283 -1.45579204
v -2.44999956 0.57917428 -1.62227936
v -2.44999807 0.23794954 -1.70016196
v -2.44999956 0.57917428 -1.62227936
v -2.44999882 0.59254044 -1.80063080
v -2.44999845 -0.09520714 -1.16249332
v -2.44999863 -0.00578229 -1.15579199
v -2.44999994 -0.00578261 -1.50579186
v -2.44999994 -0.00578261 -1.50579186
v -2.44999863 -0.00578229 -1.15579199
v -2.44999900 0.08364256 -1.16249351
v -2.44999994 -0.00578261 -1.50579186
v -2.44999900 0.08364256 -1.16249351
v -2.44999845 0.10268887 -1.53055023
v -2.44999845 0.10268887 -1.53055023
v -2.44999900 0.08364256 -1.16249351
v -2.44999956 0.25454839 -1.21521037
v -2.44999845 0.10268887 -1.53055023
v -2.44999956 0.25454839 -1.21521037
v -2.44999826 0.18967583 -1.59991942
v -2.44999826 0.18967583 -1.59991942
v -2.44999956 0.25454839 -1.21521037
v -2.44999845 0.40232162 -1.31596075
v -2.44999826 0.18967583 -1.59991942
v -2.44999845 0.40232162 -1.31596075
v -2.44999845 0.51383283 -1.45579204
v -1.89978369 -0.00578284 -1.75579190
v -2.04999931 -0.00578152 -1.50579186
v -2.04999875 0.10268848 -1.53054912
v -1.89978369 -0.00578284 -1.75579190
v -2.04999950 0.23794915 -1.70016158
v -2.04999857 0.23794903 -1.81142148
v -2.04999968 0.18967543 -1.59991924
v -2.04999950 0.23794915 -1.70016158
v -1.89978369 -0.00578284 -1.75579190
v -2.04999875 0.10268848 -1.53054912
v -2.04999968 0.18967543 -1.59991924
v -1.89978369 -0.00578284 -1.75579190
v -1.89978369 -0.00578284 -1.75579190
v -2.04999857 0.10268806 -1.98103376
v -2.04999857 -0.00578199 -2.00579166
v -2.04999931 0.18967513 -1.91166475
v -2.04999857 0.10268806 -1.98103376
v -1.89978369 -0.00578284 -1.75579190
v -2.04999857 0.23794903 -1.81142148
v -2.04999931 0.18967513 -1.91166475
v -1.89978369 -0.00578284 -1.75579190
v -1.89978369 -0.00578284 -1.75579190
v -2.04999819 -0.20124044 -1.91166438
v -2.04999838 -0.24951415 -1.81142185
v -2.04999913 -0.11425348 -1.98103450
v -2.04999819 -0.20124044 -1.91166438
v -1.89978369 -0.00578284 -1.75579190
v -2.04999857 -0.00578199 -2.00579166
v -2.04999913 -0.11425348 -1.98103450
v -1.89978369 -0.00578284 -1.75579190
v -1.89978369 -0.00578284 -1.75579190
v -2.04999875 -0.20124014 -1.59991886
v -2.04999931 -0.11425306 -1.53054986
v -2.04999931 -0.24951403 -1.70016214
v -2.04999875 -0.20124014 -1.59991886
v -1.89978369 -0.00578284 -1.75579190
v -2.04999838 -0.24951415 -1.81142185
v -2.04999931 -0.24951403 -1.70016214
v -1.89978369 -0.00578284 -1.75579190
v -2.04999931 -0.11425306 -1.53054986
v -2.04999931 -0.00578152 -1.50579186
v -1.89978369 -0.00578284 -1.75579190
v -2.44999938 -0.00578159 -2.00579166
v -2.04999857 -0.00578199 -2.00579166
v -2.44999845 0.10268845 -1.98103487
v -2.44999845 0.10268845 -1.98103487
v -2.04999857 -0.00578199 -2.00579166
v -2.04999857 0.10268806 -1.98103376
v -2.44999845 0.10268845 -1.98103487
v -2.04999857 0.10268806 -1.98103376
v -2.44999863 0.18967554 -1.91166382
v -2.44999863 0.18967554 -1.91166382
v -2.04999857 0.10268806 -1.98103376
v -2.04999931 0.18967513 -1.91166475
v -2.44999863 0.18967554 -1.91166382
v -2.04999931 0.18967513 -1.91166475
v -2.44999826 0.23794943 -1.81142259
v -2.44999826 0.23794943 -1.81142259
v -2.04999931 0.18967513 -1.91166475
v -2.04999857 0.23794903 -1.81142148
v -2.44999826 0.23794943 -1.81142259
v -2.04999857 0.23794903 -1.81142148
v -2.44999807 0.23794954 -1.70016196
v -2.44999807 0.23794954 -1.70016196
v -2.04999857 0.23794903 -1.81142148
v -2.04999950 0.23794915 -1.70016158
v -2.44999807 0.23794954 -1.70016196
v -2.04999950 0.23794915 -1.70016158
v -2.44999826 0.18967583 -1.59991942
v -2.44999826 0.18967583 -1.59991942
v -2.04999950 0.23794915 -1.70016158
v -2.04999968 0.18967543 -1.59991924
v -2.44999826 0.18967583 -1.59991942
v -2.04999968 0.18967543 -1.59991924
v -2.44999845 0.10268887 -1.53055023
v -2.44999845 0.10268887 -1.53055023
v -2.04999968 0.18967543 -1.59991924
v -2.04999875 0.10268848 -1.53054912
v -2.44999845 0.10268887 -1.53055023
v -2.04999875 0.10268848 -1.53054912
v -2.44999994 -0.00578261 -1.50579186
v -2.44999994 -0.00578261 -1.50579186
v -2.04999875 0.10268848 -1.53054912
v -2.04999931 -0.00578152 -1.50579186
v -2.44999994 -0.00578261 -1.50579186
v -2.04999931 -0.00578152 -1.50579186
v -2.44999882 -0.11425266 -1.53054893
v -2.44999882 -0.11425266 -1.53054893
v -2.04999931 -0.00578152 -1.50579186
v -2.04999931 -0.11425306 -1.53054986
v -2.44999882 -0.11425266 -1.53054893
v -2.04999931 -0.11425306 -1.53054986
v -2.44999845 -0.20123974 -1.59991998
v -2.44999845 -0.20123974 -1.59991998
v -2.04999931 -0.11425306 -1.53054986
v -2.04999875 -0.20124014 -1.59991886
v -2.44999845 -0.20123974 -1.59991998
v -2.04999875 -0.20124014 -1.59991886
v -2.44999882 -0.24951363 -1.70016121
v -2.44999882 -0.24951363 -1.70016121
v -2.04999875 -0.20124014 -1.59991886
v -2.04999931 -0.24951403 -1.70016214
v -2.44999882 -0.24951363 -1.70016121
v -2.04999931 -0.24951403 -1.70016214
v -2.44999919 -0.24951375 -1.81142185
v -2.44999919 -0.24951375 -1.81142185
v -2.04999931 -0.24951403 -1.70016214
v -2.04999838 -0.24951415 -1.81142185
v -2.44999919 -0.24951375 -1.81142185
v -2.04999838 -0.24951415 -1.81142185
v -2.44999882 -0.20124004 -1.91166438
v -2.44999882 -0.20124004 -1.91166438
v -2.04999838 -0.24951415 -1.81142185
v -2.04999819 -0.20124044 -1.91166438
v -2.44999882 -0.20124004 -1.91166438
v -2.04999819 -0.20124044 -1.91166438
v -2.44999863 -0.11425308 -1.98103357
v -2.44999863 -0.11425308 -1.98103357
v -2.04999819 -0.20124044 -1.91166438
v -2.04999913 -0.11425348 -1.98103450
v -2.44999863 -0.11425308 -1.98103357
v -2.04999913 -0.11425348 -1.98103450
v -2.44999938 -0.00578159 -2.00579166
v -2.44999938 -0.00578159 -2.00579166
v -2.04999913 -0.11425348 -1.98103450
v -2.04999857 -0.00578199 -2.00579166
v 1.15000019 -0.40578214 -1.03698829
v 0.65000039 -0.40578200 -1.03698885
v 1.15000065 -0.40578251 -1.45578915
v 1.15000065 -0.40578251 -1.45578915
v 0.65000039 -0.40578200 -1.03698885
v 0.65000150 -0.40578255 -1.62153151
v 1.15000065 -0.40578251 -1.45578915
v 0.65000150 -0.40578255 -1.62153151
v 1.13617033 -0.40578125 -1.62153039
v 0.65000053 0.39421758 -1.62153151
v 1.13617023 0.39421739 -1.62153132
v 0.65000108 0.62421849 -1.62153076
v 0.65000108 0.62421849 -1.62153076
v 1.13617023 0.39421739 -1.62153132
v 1.13616958 0.62421830 -1.62153151
v 0.65000108 0.62421849 -1.62153076
v 1.13616958 0.62421830 -1.62153151
v 0.65000122 0.62421844 -1.66407358
v 0.65000122 0.62421844 -1.66407358
v 1.13616958 0.62421830 -1.62153151
v 1.12806940 0.62421826 -1.66407321
v 0.65000122 0.62421844 -1.66407358
v 1.12806940 0.62421826 -1.66407321
v 0.65000141 0.64421729 -1.68407410
v 0.65000141 0.64421729 -1.68407410
v 1.12806940 0.62421826 -1.66407321
v 1.12359552 0.64421706 -1.68407429
v 0.65000169 -0.65578236 -1.68407355
v 1.12359580 -0.65578260 -1.68407373
v 0.65000020 -0.63578202 -1.66407395
v 0.65000020 -0.63578202 -1.66407395
v 1.12359580 -0.65578260 -1.68407373
v 1.12806959 -0.63578221 -1.66407265
v 0.65000020 -0.63578202 -1.66407395
v 1.12806959 -0.63578221 -1.66407265
v 0.65000094 -0.63578198 -1.62153225
v 0.65000094 -0.63578198 -1.62153225
v 1.12806959 -0.63578221 -1.66407265
v 1.13616977 -0.63578216 -1.62153095
v 0.65000094 -0.63578198 -1.62153225
v 1.13616977 -0.63578216 -1.62153095
v 0.65000150 -0.40578255 -1.62153151
v 0.65000150 -0.40578255 -1.62153151
v 1.13616977 -0.63578216 -1.62153095
v 1.13617033 -0.40578125 -1.62153039
v 1.15000177 0.39421762 -1.45578925
v 1.14999935 0.39421776 0.28899794
v 1.15000037 -0.40578237 0.28899778
v 1.15000037 -0.40578237 0.28899778
v 1.15000037 -0.40578176 -0.65560718
v 1.15000177 0.39421762 -1.45578925
v 1.15000177 0.39421762 -1.45578925
v 1.15000037 -0.40578176 -0.65560718
v 1.15000019 -0.40578214 -1.03698829
v 1.15000177 0.39421762 -1.45578925
v 1.15000019 -0.40578214 -1.03698829
v 1.15000065 -0.40578251 -1.45578915
v 0.05277392 -0.40578293 1.28899738
v 0.05277501 0.39421720 1.28899729
v -0.14197283 0.39421814 1.26985088
v 0.05277392 -0.40578293 1.28899738
v -0.14197283 0.39421814 1.26985088
v -0.14197392 -0.40578200 1.26985097
v -0.14197392 -0.40578200 1.26985097
v -0.14197283 0.39421814 1.26985088
v -0.32926442 0.39421758 1.21314265
v -0.14197392 -0.40578200 1.26985097
v -0.32926442 0.39421758 1.21314265
v -0.32926432 -0.40578255 1.21314367
v -0.32926432 -0.40578255 1.21314367
v -0.32926442 0.39421758 1.21314265
v -0.50192531 0.39421851 1.12104705
v -0.32926432 -0.40578255 1.21314367
v -0.50192531 0.39421851 1.12104705
v -0.50192522 -0.40578162 1.12104807
v -1.75000057 0.39421828 -0.24618767
v -1.74999945 -0.40578186 -0.24618784
v -1.73074398 -0.40578158 -0.05089235
v -1.75000057 0.39421828 -0.24618767
v -1.73074398 -0.40578158 -0.05089235
v -1.73074491 0.39421706 -0.05089219
v -1.73074491 0.39421706 -0.05089219
v -1.73074398 -0.40578158 -0.05089235
v -1.67371947 -0.40578274 0.13688335
v -1.73074491 0.39421706 -0.05089219
v -1.67371947 -0.40578274 0.13688335
v -1.67371966 0.39421739 0.13688233
v -1.67371966 0.39421739 0.13688233
v -1.67371947 -0.40578274 0.13688335
v -1.58112105 -0.40578232 0.30990413
v -1.67371966 0.39421739 0.13688233
v -1.58112105 -0.40578232 0.30990413
v -1.58112086 0.39421781 0.30990522
v -1.58112086 0.39421781 0.30990522
v -1.58112105 -0.40578232 0.30990413
v -1.45651549 -0.40578186 0.46151048
v -1.58112086 0.39421781 0.30990522
v -1.45651549 -0.40578186 0.46151048
v -1.45651530 0.39421828 0.46151155
v -1.45651530 0.39421828 0.46151155
v -1.45651549 -0.40578186 0.46151048
v -1.30470032 -0.40578283 0.58586374
v -1.45651530 0.39421828 0.46151155
v -1.30470032 -0.40578283 0.58586374
v -1.30470041 0.39421730 0.58586276
v 1.15000177 0.39421762 -1.45578925
v 1.15000065 -0.40578251 -1.45578915
v 1.13617023 0.39421739 -1.62153132
v 1.13617023 0.39421739 -1.62153132
v 1.15000065 -0.40578251 -1.45578915
v 1.13617033 -0.40578125 -1.62153039
v 1.13617033 -0.40578125 -1.62153039
v 1.13616977 -0.63578216 -1.62153095
v 1.12806959 -0.63578221 -1.66407265
v 1.13616958 0.62421830 -1.62153151
v 1.13617023 0.39421739 -1.62153132
v 1.12806940 0.62421826 -1.66407321
v 1.12806940 0.62421826 -1.66407321
v 1.13617023 0.39421739 -1.62153132
v 1.13617033 -0.40578125 -1.62153039
v 1.12806940 0.62421826 -1.66407321
v 1.13617033 -0.40578125 -1.62153039
v 1.12359552 0.64421706 -1.68407429
v 1.12359552 0.64421706 -1.68407429
v 1.13617033 -0.40578125 -1.62153039
v 1.12806959 -0.63578221 -1.66407265
v 1.12806959 -0.63578221 -1.66407265
v 1.12359580 -0.65578260 -1.68407373
v 1.12359552 0.64421706 -1.68407429
v 1.12359552 0.64421706 -1.68407429
v 1.12359580 -0.65578260 -1.68407373
v 1.05096940 -0.65578148 -1.88967194
v 1.12359552 0.64421706 -1.68407429
v 1.05096940 -0.65578148 -1.88967194
v 1.05097005 0.64421818 -1.88967362
v 1.05097005 0.64421818 -1.88967362
v 1.05096940 -0.65578148 -1.88967194
v 0.93183396 -0.65578199 -2.07928028
v 1.05097005 0.64421818 -1.88967362
v 0.93183396 -0.65578199 -2.07928028
v 0.93183275 0.64421766 -2.07927953
v 0.93183275 0.64421766 -2.07927953
v 0.93183396 -0.65578199 -2.07928028
v 0.77349120 -0.65578255 -2.23762207
v 0.93183275 0.64421766 -2.07927953
v 0.77349120 -0.65578255 -2.23762207
v 0.77349120 0.64421711 -2.23762058
v 0.77349120 0.64421711 -2.23762058
v 0.77349120 -0.65578255 -2.23762207
v 0.58388533 -0.65578171 -2.35675778
v 0.77349120 0.64421711 -2.23762058
v 0.58388533 -0.65578171 -2.35675778
v 0.58388598 0.64421794 -2.35675946
v 0.58388598 0.64421794 -2.35675946
v 0.58388533 -0.65578171 -2.35675778
v 0.37252321 -0.65578232 -2.43071876
v 0.58388598 0.64421794 -2.35675946
v 0.37252321 -0.65578232 -2.43071876
v 0.37252204 0.64421734 -2.43071821
v 0.37252204 0.64421734 -2.43071821
v 0.37252321 -0.65578232 -2.43071876
v 0.15000087 -0.65578148 -2.45578960
v 0.37252204 0.64421734 -2.43071821
v 0.15000087 -0.65578148 -2.45578960
v 0.15000178 0.64421818 -2.45578922
v 1.15000037 -0.40578237 0.28899778
v 1.14999935 0.39421776 0.28899794
v 1.12492740 0.39421790 0.51151938
v 1.15000037 -0.40578237 0.28899778
v 1.12492740 0.39421790 0.51151938
v 1.12492722 -0.40578223 0.51151831
v 1.12492722 -0.40578223 0.51151831
v 1.12492740 0.39421790 0.51151938
v 1.05096847 0.39421786 0.72288122
v 1.12492722 -0.40578223 0.51151831
v 1.05096847 0.39421786 0.72288122
v 1.05096856 -0.40578227 0.72288224
v 1.05096856 -0.40578227 0.72288224
v 1.05096847 0.39421786 0.72288122
v 0.93183070 0.39421772 0.91248732
v 1.05096856 -0.40578227 0.72288224
v 0.93183070 0.39421772 0.91248732
v 0.93183080 -0.40578241 0.91248835
v 0.93183080 -0.40578241 0.91248835
v 0.93183070 0.39421772 0.91248732
v 0.77348882 0.39421744 1.07083013
v 0.93183080 -0.40578241 0.91248835
v 0.77348882 0.39421744 1.07083013
v 0.77348868 -0.40578269 1.07082902
v 0.77348868 -0.40578269 1.07082902
v 0.77348882 0.39421744 1.07083013
v 0.58388286 0.39421706 1.18996743
v 0.77348868 -0.40578269 1.07082902
v 0.58388286 0.39421706 1.18996743
v 0.58388268 -0.40578158 1.18996631
v 0.58388268 -0.40578158 1.18996631
v 0.58388286 0.39421706 1.18996743
v 0.37251995 0.39421804 1.26392534
v 0.58388268 -0.40578158 1.18996631
v 0.37251995 0.39421804 1.26392534
v 0.37252002 -0.40578209 1.26392636
v 0.37252002 -0.40578209 1.26392636
v 0.37251995 0.39421804 1.26392534
v 0.14999959 0.39421744 1.28899729
v 0.37252002 -0.40578209 1.26392636
v 0.14999959 0.39421744 1.28899729
v 0.14999850 -0.40578269 1.28899738
f 1 2 3
f 4 5 6
f 7 8 9
f 10 11 12
f 13 14 15
f 16 17 18
f 19 20 21
f 22 23 24
f 25 26 27
f 28 29 30
f 31 32 33
f 34 35 36
f 37 38 39
f 40 41 42
f 43 44 45
f 46 47 48
f 49 50 51
f 52 53 54
f 55 56 57
f 58 59 60
f 61 62 63
f 64 65 66
f 67 68 69
f 70 71 72
f 73 74 75
f 76 77 78
f 79 80 81
f 82 83 84
f 85 86 87
f 88 89 90
f 91 92 93
f 94 95 96
f 97 98 99
f 100 101 102
f 103 104 105
f 106 107 108
f 109 110 111
f 112 113 114
f 115 116 117
f 118 119 120
f 121 122 123
f 124 125 126
f 127 128 129
f 130 131 132
f 133 134 135
f 136 137 138
f 139 140 141
f 142 143 144
f 145 146 147
f 148 149 150
f 151 152 153
f 154 155 156
f 157 158 159
f 160 161 162
f 163 164 165
f 166 167 168
f 169 170 171
f 172 173 174
f 175 176 177
f 178 179 180
f 181 182 183
f 184 185 186
f 187 188 189
f 190 191 192
f 193 194 195
f 196 197 198
f 199 200 201
f 202 203 204
f 205 206 207
f 208 209 210
f 211 212 213
f 214 215 216
f 217 218 219
f 220 221 222
f 223 224 225
f 226 227 228
f 229 230 231
f 232 233 234
f 235 236 237
f 238 239 240
f 241 242 243
f 244 245 246
f 247 248 249
f 250 251 252
f 253 254 255
f 256 257 258
f 259 260 261
f 262 263 264
f 265 266 267
f 268 269 270
f 271 272 273
f 274 275 276
f 277 278 279
f 280 281 282
f 283 284 285
f 286 287 288
f 289 290 291
f 292 293 294
f 295 296 297
f 298 299 300
f 301 302 303
f 304 305 306
f 307 308 309
f 310 311 312
f 313 314 315
f 316 317 318
f 319 320 321
f 322 323 324
f 325 326 327
f 328 329 330
f 331 332 333
f 334 335 336
f 337 338 339
f 340 341 342
f 343 344 345
f 346 347 348
f 349 350 351
f 352 353 354
f 355 356 357
f 358 359 360
f 361 362 363
f 364 365 366
f 367 368 369
f 370 371 372
f 373 374 375
f 376 377 378
f 379 380 381
f 382 383 384
f 385 386 387
f 388 389 390
f 391 392 393
f 394 395 396
f 397 398 399
f 400 401 402
f 403 404 405
f 406 407 408
f 409 410 411
f 412 413 414
f 415 416 417
f 418 419 420
f 421 422 423
f 424 425 426
f 427 428 429
f 430 431 432
f 433 434 435
f 436 437 438
f 439 440 441
f 442 443 444
f 445 446 447
f 448 449 450
f 451 452 453
f 454 455 456
f 457 458 459
f 460 461 462
f 463 464 465
f 466 467 468
f 469 470 471
f 472 473 474
f 475 476 477
f 478 479 480
f 481 482 483
f 484 485 486
f 487 488 489
f 490 491 492
f 493 494 495
f 496 497 498
f 499 500 501
f 502 503 504
f 505 506 507
f 508 509 510
f 511 512 513
f 514 515 516
f 517 518 519
f 520 521 522
f 523 524 525
f 526 527 528
f 529 530 531
f 532 533 534
f 535 536 537
f 538 539 540
f 541 542 543
f 544 545 546
f 547 548 549
f 550 551 552
f 553 554 555
f 556 557 558
f 559 560 561
f 562 563 564
f 565 566 567
f 568 569 570
f 571 572 573
f 574 575 576
f 577 578 579
f 580 581 582
f 583 584 585
f 586 587 588
f 589 590 591
f 592 593 594
f 595 596 597
f 598 599 600
f 601 602 603
f 604 605 606
f 607 608 609
f 610 611 612
f 613 614 615
f 616 617 618
f 619 620 621
f 622 623 624
f 625 626 627
f 628 629 630
f 631 632 633
f 634 635 636
f 637 638 639
f 640 641 642
f 643 644 645
f 646 647 648
f 649 650 651
f 652 653 654
f 655 656 657
f 658 659 660
f 661 662 663
f 664 665 666
f 667 668 669
f 670 671 672
f 673 674 675
f 676 677 678
f 679 680 681
f 682 683 684
f 685 686 687
f 688 689 690
f 691 692 693
f 694 695 696
f 697 698 699
f 700 701 702
f 703 704 705
f 706 707 708
f 709 710 711
f 712 713 714
f 715 716 717
f 718 719 720
f 721 722 723
f 724 725 726
f 727 728 729
f 730 731 732
f 733 734 735
f 736 737 738
f 739 740 741
f 742 743 744
f 745 746 747
f 748 749 750
f 751 752 753
f 754 755 756
f 757 758 759
f 760 761 762
f 763 764 765
f 766 767 768
f 769 770 771
f 772 773 774
f 775 776 777
f 778 779 780
f 781 782 783
f 784 785 786
f 787 788 789
f 790 791 792
f 793 794 795
f 796 797 798
f 799 800 801
f 802 803 804
f 805 806 807
f 808 809 810
f 811 812 813
f 814 815 816
f 817 818 819
f 820 821 822
f 823 824 825
f 826 827 828
f 829 830 831
f 832 833 834
f 835 836 837
f 838 839 840
f 841 842 843
f 844 845 846
f 847 848 849
f 850 851 852
f 853 854 855
f 856 857 858
f 859 860 861
f 862 863 864
f 865 866 867
f 868 869 870
f 871 872 873
f 874 875 876
f 877 878 879
f 880 881 882
f 883 884 885
f 886 887 888
f 889 890 891
f 892 893 894
f 895 896 897
f 898 899 900
f 901 902 903
f 904 905 906
f 907 908 909
f 910 911 912
f 913 914 915
f 916 917 918
f 919 920 921
f 922 923 924
f 925 926 927
f 928 929 930
f 931 932 933
f 934 935 936
f 937 938 939
f 940 941 942
f 943 944 945
f 946 947 948
f 949 950 951
f 952 953 954
f 955 956 957
f 958 959 960
f 961 962 963
f 964 965 966
f 967 968 969
f 970 971 972
f 973 974 975
f 976 977 978
f 979 980 981
f 982 983 984
f 985 986 987
f 988 989 990
f 991 992 993
f 994 995 996
f 997 998 999
f 1000 1001 1002
f 1003 1004 1005
f 1006 1007 1008
f 1009 1010 1011
f 1012 1013 1014
f 1015 1016 1017
f 1018 1019 1020
f 1021 1022 1023
f 1024 1025 1026
f 1027 1028 1029
f 1030 1031 1032
f 1033 1034 1035
f 1036 1037 1038
f 1039 1040 1041
f 1042 1043 1044
f 1045 1046 1047
f 1048 1049 1050
f 1051 1052 1053
f 1054 1055 1056
f 1057 1058 1059
f 1060 1061 1062
f 1063 1064 1065
f 1066 1067 1068
f 1069 1070 1071
f 1072 1073 1074
f 1075 1076 1077
f 1078 1079 1080
f 1081 1082 1083
f 1084 1085 1086
f 1087 1088 1089
f 1090 1091 1092
f 1093 1094 1095
f 1096 1097 1098
f 1099 1100 1101
f 1102 1103 1104
f 1105 1106 1107
f 1108 1109 1110
f 1111 1112 1113
f 1114 1115 1116
f 1117 1118 1119
f 1120 1121 1122
f 1123 1124 1125
f 1126 1127 1128
f 1129 1130 1131
f 1132 1133 1134
f 1135 1136 1137
f 1138 1139 1140
f 1141 1142 1143
f 1144 1145 1146
f 1147 1148 1149
f 1150 1151 1152
f 1153 1154 1155
f 1156 1157 1158
f 1159 1160 1161
f 1162 1163 1164
f 1165 1166 1167
f 1168 1169 1170
f 1171 1172 1173
f 1174 1175 1176
f 1177 1178 1179
f 1180 1181 1182
f 1183 1184 1185
f 1186 1187 1188
f 1189 1190 1191
f 1192 1193 1194
f 1195 1196 1197
f 1198 1199 1200
f 1201 1202 1203
f 1204 1205 1206
f 1207 1208 1209
f 1210 1211 1212
f 1213 1214 1215
f 1216 1217 1218
f 1219 1220 1221
f 1222 1223 1224
f 1225 1226 1227
f 1228 1229 1230
f 1231 1232 1233
f 1234 1235 1236
f 1237 1238 1239
f 1240 1241 1242
f 1243 1244 1245
f 1246 1247 1248
f 1249 1250 1251
f 1252 1253 1254
f 1255 1256 1257
f 1258 1259 1260
f 1261 1262 1263
f 1264 1265 1266
f 1267 1268 1269
f 1270 1271 1272
f 1273 1274 1275
f 1276 1277 1278
f 1279 1280 1281
f 1282 1283 1284
f 1285 1286 1287
f 1288 1289 1290
f 1291 1292 1293
f 1294 1295 1296
f 1297 1298 1299
f 1300 1301 1302
f 1303 1304 1305
f 1306 1307 1308
f 1309 1310 1311
f 1312 1313 1314
f 1315 1316 1317
f 1318 1319 1320
f 1321 1322 1323
f 1324 1325 1326
f 1327 1328 1329
f 1330 1331 1332
f 1333 1334 1335
f 1336 1337 1338
f 1339 1340 1341
f 1342 1343 1344
f 1345 1346 1347
f 1348 1349 1350
f 1351 1352 1353
f 1354 1355 1356
f 1357 1358 1359
f 1360 1361 1362
f 1363 1364 1365
f 1366 1367 1368
f 1369 1370 1371
f 1372 1373 1374
f 1375 1376 1377
f 1378 1379 1380
f 1381 1382 1383
f 1384 1385 1386
f 1387 1388 1389
f 1390 1391 1392
f 1393 1394 1395
f 1396 1397 1398
f 1399 1400 1401
f 1402 1403 1404
f 1405 1406 1407
f 1408 1409 1410
f 1411 1412 1413
f 1414 1415 1416
f 1417 1418 1419
f 1420 1421 1422
f 1423 1424 1425
f 1426 1427 1428
f 1429 1430 1431
f 1432 1433 1434
f 1435 1436 1437
f 1438 1439 1440
f 1441 1442 1443
f 1444 1445 1446
f 1447 1448 1449
f 1450 1451 1452
f 1453 1454 1455
f 1456 1457 1458
f 1459 1460 1461
f 1462 1463 1464
f 1465 1466 1467
f 1468 1469 1470
f 1471 1472 1473
f 1474 1475 1476
f 1477 1478 1479
f 1480 1481 1482
f 1483 1484 1485
f 1486 1487 1488
f 1489 1490 1491
f 1492 1493 1494
f 1495 1496 1497
f 1498 1499 1500
f 1501 1502 1503
f 1504 1505 1506
f 1507 1508 1509
f 1510 1511 1512
f 1513 1514 1515
f 1516 1517 1518
f 1519 1520 1521
f 1522 1523 1524
f 1525 1526 1527
f 1528 1529 1530
f 1531 1532 1533
f 1534 1535 1536
f 1537 1538 1539
f 1540 1541 1542
f 1543 1544 1545
f 1546 1547 1548
f 1549 1550 1551
f 1552 1553 1554
f 1555 1556 1557
f 1558 1559 1560
f 1561 1562 1563
f 1564 1565 1566
f 1567 1568 1569
f 1570 1571 1572
f 1573 1574 1575
f 1576 1577 1578
f 1579 1580 1581
f 1582 1583 1584
f 1585 1586 1587
f 1588 1589 1590
f 1591 1592 1593
f 1594 1595 1596
f 1597 1598 1599
f 1600 1601 1602
f 1603 1604 1605
f 1606 1607 1608
f 1609 1610 1611
f 1612 1613 1614
f 1615 1616 1617
f 1618 1619 1620
f 1621 1622 1623
f 1624 1625 1626
f 1627 1628 1629
f 1630 1631 1632
f 1633 1634 1635
f 1636 1637 1638
f 1639 1640 1641
f 1642 1643 1644
f 1645 1646 1647
f 1648 1649 1650
f 1651 1652 1653
f 1654 1655 1656
f 1657 1658 1659
f 1660 1661 1662
f 1663 1664 1665
f 1666 1667 1668
f 1669 1670 1671
f 1672 1673 1674
f 1675 1676 1677
f 1678 1679 1680
f 1681 1682 1683
f 1684 1685 1686
f 1687 1688 1689
f 1690 1691 1692
f 1693 1694 1695
f 1696 1697 1698
f 1699 1700 1701
f 1702 1703 1704
f 1705 1706 1707
f 1708 1709 1710
f 1711 1712 1713
f 1714 1715 1716
f 1717 1718 1719
f 1720 1721 1722
f 1723 1724 1725
f 1726 1727 1728
f 1729 1730 1731
f 1732 1733 1734
f 1735 1736 1737
f 1738 1739 1740
f 1741 1742 1743
f 1744 1745 1746
f 1747 1748 1749
f 1750 1751 1752
f 1753 1754 1755
f 1756 1757 1758
f 1759 1760 1761
f 1762 1763 1764
f 1765 1766 1767
f 1768 1769 1770
f 1771 1772 1773
f 1774 1775 1776
f 1777 1778 1779
f 1780 1781 1782
f 1783 1784 1785
f 1786 1787 1788
f 1789 1790 1791
f 1792 1793 1794
f 1795 1796 1797
f 1798 1799 1800
f 1801 1802 1803
f 1804 1805 1806
f 1807 1808 1809
f 1810 1811 1812
f 1813 1814 1815
f 1816 1817 1818
f 1819 1820 1821
f 1822 1823 1824
f 1825 1826 1827
f 1828 1829 1830
f 1831 1832 1833
f 1834 1835 1836
f 1837 1838 1839
f 1840 1841 1842
f 1843 1844 1845
f 1846 1847 1848
f 1849 1850 1851
f 1852 1853 1854
f 1855 1856 1857
f 1858 1859 1860
f 1861 1862 1863
f 1864 1865 1866
f 1867 1868 1869
f 1870 1871 1872
f 1873 1874 1875
f 1876 1877 1878
f 1879 1880 1881
f 1882 1883 1884
f 1885 1886 1887
f 1888 1889 1890
f 1891 1892 1893
f 1894 1895 1896
f 1897 1898 1899
f 1900 1901 1902
f 1903 1904 1905
f 1906 1907 1908
f 1909 1910 1911
f 1912 1913 1914
f 1915 1916 1917
f 1918 1919 1920
f 1921 1922 1923
f 1924 1925 1926
f 1927 1928 1929
f 1930 1931 1932
f 1933 1934 1935
f 1936 1937 1938
f 1939 1940 1941
f 1942 1943 1944
f 1945 1946 1947
f 1948 1949 1950
f 1951 1952 1953
f 1954 1955 1956
f 1957 1958 1959
f 1960 1961 1962
f 1963 1964 1965
f 1966 1967 1968
f 1969 1970 1971
f 1972 1973 1974
f 1975 1976 1977
f 1978 1979 1980
f 1981 1982 1983
f 1984 1985 1986
f 1987 1988 1989
f 1990 1991 1992
f 1993 1994 1995
f 1996 1997 1998
f 1999 2000 2001
f 2002 2003 2004
f 2005 2006 2007
f 2008 2009 2010
f 2011 2012 2013
f 2014 2015 2016
f 2017 2018 2019
f 2020 2021 2022
f 2023 2024 2025
f 2026 2027 2028
f 2029 2030 2031
f 2032 2033 2034
f 2035 2036 2037
f 2038 2039 2040
f 2041 2042 2043
f 2044 2045 2046
f 2047 2048 2049
f 2050 2051 2052
f 2053 2054 2055
f 2056 2057 2058
f 2059 2060 2061
f 2062 2063 2064
f 2065 2066 2067
f 2068 2069 2070
f 2071 2072 2073
f 2074 2075 2076
f 2077 2078 2079
f 2080 2081 2082
f 2083 2084 2085
f 2086 2087 2088
f 2089 2090 2091
f 2092 2093 2094
f 2095 2096 2097
f 2098 2099 2100
f 2101 2102 2103
f 2104 2105 2106
f 2107 2108 2109
f 2110 2111 2112
f 2113 2114 2115
f 2116 2117 2118
f 2119 2120 2121
f 2122 2123 2124
f 2125 2126 2127
f 2128 2129 2130
f 2131 2132 2133
f 2134 2135 2136
f 2137 2138 2139
f 2140 2141 2142
f 2143 2144 2145
f 2146 2147 2148
f 2149 2150 2151
f 2152 2153 2154
f 2155 2156 2157
f 2158 2159 2160
f 2161 2162 2163
f 2164 2165 2166
f 2167 2168 2169
f 2170 2171 2172
f 2173 2174 2175
f 2176 2177 2178
f 2179 2180 2181
f 2182 2183 2184
f 2185 2186 2187
f 2188 2189 2190
f 2191 2192 2193
f 2194 2195 2196
f 2197 2198 2199
f 2200 2201 2202
f 2203 2204 2205
f 2206 2207 2208
f 2209 2210 2211
f 2212 2213 2214
f 2215 2216 2217
f 2218 2219 2220
f 2221 2222 2223
f 2224 2225 2226
f 2227 2228 2229
f 2230 2231 2232
f 2233 2234 2235
f 2236 2237 2238
f 2239 2240 2241
f 2242 2243 2244
f 2245 2246 2247
f 2248 2249 2250
f 2251 2252 2253
f 2254 2255 2256
f 2257 2258 2259
f 2260 2261 2262
f 2263 2264 2265
f 2266 2267 2268
f 2269 2270 2271
f 2272 2273 2274
f 2275 2276 2277
f 2278 2279 2280
f 2281 2282 2283
f 2284 2285 2286
f 2287 2288 2289
f 2290 2291 2292
f 2293 2294 2295
f 2296 2297 2298
f 2299 2300 2301
f 2302 2303 2304
f 2305 2306 2307
f 2308 2309 2310
f 2311 2312 2313
f 2314 2315 2316
f 2317 2318 2319
f 2320 2321 2322
f 2323 2324 2325
f 2326 2327 2328
f 2329 2330 2331
f 2332 2333 2334
f 2335 2336 2337
f 2338 2339 2340
f 2341 2342 2343
f 2344 2345 2346
f 2347 2348 2349
f 2350 2351 2352
f 2353 2354 2355
f 2356 2357 2358
f 2359 2360 2361
f 2362 2363 2364
f 2365 2366 2367
f 2368 2369 2370
f 2371 2372 2373
f 2374 2375 2376
f 2377 2378 2379
f 2380 2381 2382
f 2383 2384 2385
f 2386 2387 2388
f 2389 2390 2391
f 2392 2393 2394
f 2395 2396 2397
f 2398 2399 2400
f 2401 2402 2403
f 2404 2405 2406
f 2407 2408 2409
f 2410 2411 2412
f 2413 2414 2415
f 2416 2417 2418
f 2419 2420 2421
f 2422 2423 2424
f 2425 2426 2427
f 2428 2429 2430
f 2431 2432 2433
f 2434 2435 2436
f 2437 2438 2439
f 2440 2441 2442
f 2443 2444 2445
f 2446 2447 2448
f 2449 2450 2451
f 2452 2453 2454
f 2455 2456 2457
f 2458 2459 2460
f 2461 2462 2463
f 2464 2465 2466
f 2467 2468 2469
f 2470 2471 2472
f 2473 2474 2475
f 2476 2477 2478
f 2479 2480 2481
f 2482 2483 2484
f 2485 2486 2487
f 2488 2489 2490
f 2491 2492 2493
f 2494 2495 2496
f 2497 2498 2499
f 2500 2501 2502
f 2503 2504 2505
f 2506 2507 2508
f 2509 2510 2511
f 2512 2513 2514
f 2515 2516 2517
f 2518 2519 2520
f 2521 2522 2523
f 2524 2525 2526
f 2527 2528 2529
f 2530 2531 2532
f 2533 2534 2535
f 2536 2537 2538
f 2539 2540 2541
f 2542 2543 2544
f 2545 2546 2547
f 2548 2549 2550
f 2551 2552 2553
f 2554 2555 2556
f 2557 2558 2559
f 2560 2561 2562
f 2563 2564 2565
f 2566 2567 2568
f 2569 2570 2571
f 2572 2573 2574
f 2575 2576 2577
f 2578 2579 2580
f 2581 2582 2583
f 2584 2585 2586
f 2587 2588 2589
f 2590 2591 2592
f 2593 2594 2595
f 2596 2597 2598
f 2599 2600 2601
f 2602 2603 2604
f 2605 2606 2607
f 2608 2609 2610
f 2611 2612 2613
f 2614 2615 2616
f 2617 2618 2619
f 2620 2621 2622
f 2623 2624 2625
f 2626 2627 2628
f 2629 2630 2631
f 2632 2633 2634
f 2635 2636 2637
f 2638 2639 2640
f 2641 2642 2643
f 2644 2645 2646
f 2647 2648 2649
f 2650 2651 2652
f 2653 2654 2655
f 2656 2657 2658
f 2659 2660 2661
f 2662 2663 2664
f 2665 2666 2667
f 2668 2669 2670
f 2671 2672 2673
f 2674 2675 2676
f 2677 2678 2679
f 2680 2681 2682
f 2683 2684 2685
f 2686 2687 2688
f 2689 2690 2691
f 2692 2693 2694
f 2695 2696 2697
f 2698 2699 2700
f 2701 2702 2703
f 2704 2705 2706
f 2707 2708 2709
f 2710 2711 2712
f 2713 2714 2715
f 2716 2717 2718
f 2719 2720 2721
f 2722 2723 2724
f 2725 2726 2727
f 2728 2729 2730
f 2731 2732 2733
f 2734 2735 2736
f 2737 2738 2739
f 2740 2741 2742
f 2743 2744 2745
f 2746 2747 2748
f 2749 2750 2751
f 2752 2753 2754
f 2755 2756 2757
f 2758 2759 2760
f 2761 2762 2763
f 2764 2765 2766
f 2767 2768 2769
f 2770 2771 2772
f 2773 2774 2775
f 2776 2777 2778
f 2779 2780 2781
f 2782 2783 2784
f 2785 2786 2787
f 2788 2789 2790
f 2791 2792 2793
f 2794 2795 2796
f 2797 2798 2799
f 2800 2801 2802
f 2803 2804 2805
f 2806 2807 2808
f 2809 2810 2811
f 2812 2813 2814
f 2815 2816 2817
f 2818 2819 2820
f 2821 2822 2823
f 2824 2825 2826
f 2827 2828 2829
f 2830 2831 2832
f 2833 2834 2835
f 2836 2837 2838
f 2839 2840 2841
f 2842 2843 2844
f 2845 2846 2847
f 2848 2849 2850
f 2851 2852 2853
f 2854 2855 2856
f 2857 2858 2859
f 2860 2861 2862
f 2863 2864 2865
f 2866 2867 2868
f 2869 2870 2871
f 2872 2873 2874
f 2875 2876 2877
f 2878 2879 2880
f 2881 2882 2883
f 2884 2885 2886
f 2887 2888 2889
f 2890 2891 2892
f 2893 2894 2895
f 2896 2897 2898
f 2899 2900 2901
f 2902 2903 2904
f 2905 2906 2907
f 2908 2909 2910
f 2911 2912 2913
f 2914 2915 2916
f 2917 2918 2919
f 2920 2921 2922
f 2923 2924 2925
f 2926 2927 2928
f 2929 2930 2931
f 2932 2933 2934
f 2935 2936 2937
f 2938 2939 2940
f 2941 2942 2943
f 2944 2945 2946
f 2947 2948 2949
f 2950 2951 2952
f 2953 2954 2955
f 2956 2957 2958
f 2959 2960 2961
f 2962 2963 2964
f 2965 2966 2967
f 2968 2969 2970
f 2971 2972 2973
f 2974 2975 2976
f 2977 2978 2979
f 2980 2981 2982
f 2983 2984 2985
f 2986 2987 2988
f 2989 2990 2991
f 2992 2993 2994
f 2995 2996 2997
f 2998 2999 3000
f 3001 3002 3003
f 3004 3005 3006
f 3007 3008 3009
f 3010 3011 3012
f 3013 3014 3015
f 3016 3017 3018
f 3019 3020 3021
f 3022 3023 3024
f 3025 3026 3027
f 3028 3029 3030
f 3031 3032 3033
f 3034 3035 3036
f 3037 3038 3039
f 3040 3041 3042
f 3043 3044 3045
f 3046 3047 3048
f 3049 3050 3051
f 3052 3053 3054
f 3055 3056 3057
f 3058 3059 3060
f 3061 3062 3063
f 3064 3065 3066
f 3067 3068 3069
f 3070 3071 3072
f 3073 3074 3075
f 3076 3077 3078
f 3079 3080 3081
f 3082 3083 3084
f 3085 3086 3087
f 3088 3089 3090
f 3091 3092 3093
f 3094 3095 3096
f 3097 3098 3099
f 3100 3101 3102
f 3103 3104 3105
f 3106 3107 3108
f 3109 3110 3111
f 3112 3113 3114
f 3115 3116 3117
f 3118 3119 3120
f 3121 3122 3123
f 3124 3125 3126
f 3127 3128 3129
f 3130 3131 3132
f 3133 3134 3135
f 3136 3137 3138
f 3139 3140 3141
f 3142 3143 3144
f 3145 3146 3147
f 3148 3149 3150
f 3151 3152 3153
f 3154 3155 3156
f 3157 3158 3159
f 3160 3161 3162
f 3163 3164 3165
f 3166 3167 3168
f 3169 3170 3171
f 3172 3173 3174
f 3175 3176 3177
f 3178 3179 3180
f 3181 3182 3183
f 3184 3185 3186
f 3187 3188 3189
f 3190 3191 3192
f 3193 3194 3195
f 3196 3197 3198
f 3199 3200 3201
f 3202 3203 3204
f 3205 3206 3207
f 3208 3209 3210
f 3211 3212 3213
f 3214 3215 3216
f 3217 3218 3219
f 3220 3221 3222
f 3223 3224 3225
f 3226 3227 3228
f 3229 3230 3231
f 3232 3233 3234
f 3235 3236 3237
f 3238 3239 3240
f 3241 3242 3243
f 3244 3245 3246
f 3247 3248 3249
f 3250 3251 3252
f 3253 3254 3255
f 3256 3257 3258
f 3259 3260 3261
f 3262 3263 3264
f 3265 3266 3267
f 3268 3269 3270
f 3271 3272 3273
f 3274 3275 3276
f 3277 3278 3279
f 3280 3281 3282
f 3283 3284 3285
f 3286 3287 3288
f 3289 3290 3291
f 3292 3293 3294
f 3295 3296 3297
f 3298 3299 3300
f 3301 3302 3303
f 3304 3305 3306
f 3307 3308 3309
f 3310 3311 3312
f 3313 3314 3315
f 3316 3317 3318
f 3319 3320 3321
f 3322 3323 3324
f 3325 3326 3327
f 3328 3329 3330
f 3331 3332 3333
f 3334 3335 3336
f 3337 3338 3339
f 3340 3341 3342
f 3343 3344 3345
f 3346 3347 3348
f 3349 3350 3351
f 3352 3353 3354
f 3355 3356 3357
f 3358 3359 3360
f 3361 3362 3363
f 3364 3365 3366
f 3367 3368 3369
f 3370 3371 3372
f 3373 3374 3375
f 3376 3377 3378
f 3379 3380 3381
f 3382 3383 3384
f 3385 3386 3387
f 3388 3389 3390
f 3391 3392 3393
f 3394 3395 3396
f 3397 3398 3399
f 3400 3401 3402
f 3403 3404 3405
f 3406 3407 3408
f 3409 3410 3411
f 3412 3413 3414
f 3415 3416 3417
f 3418 3419 3420
f 3421 3422 3423
f 3424 3425 3426
f 3427 3428 3429
f 3430 3431 3432
f 3433 3434 3435
f 3436 3437 3438
f 3439 3440 3441
f 3442 3443 3444
f 3445 3446 3447
f 3448 3449 3450
f 3451 3452 3453
f 3454 3455 3456
f 3457 3458 3459
f 3460 3461 3462
f 3463 3464 3465
f 3466 3467 3468
f 3469 3470 3471
f 3472 3473 3474
f 3475 3476 3477
f 3478 3479 3480
f 3481 3482 3483
f 3484 3485 3486
f 3487 3488 3489
f 3490 3491 3492
f 3493 3494 3495
f 3496 3497 3498
f 3499 3500 3501
f 3502 3503 3504
f 3505 3506 3507
f 3508 3509 3510
f 3511 3512 3513
f 3514 3515 3516
f 3517 3518 3519
f 3520 3521 3522
f 3523 3524 3525
f 3526 3527 3528
f 3529 3530 3531
f 3532 3533 3534
f 3535 3536 3537
f 3538 3539 3540
f 3541 3542 3543
f 3544 3545 3546
f 3547 3548 3549
f 3550 3551 3552
f 3553 3554 3555
f 3556 3557 3558
f 3559 3560 3561
f 3562 3563 3564
f 3565 3566 3567
f 3568 3569 3570
f 3571 3572 3573
f 3574 3575 3576
f 3577 3578 3579
f 3580 3581 3582
f 3583 3584 3585
f 3586 3587 3588
f 3589 3590 3591
f 3592 3593 3594
f 3595 3596 3597
f 3598 3599 3600
f 3601 3602 3603
f 3604 3605 3606
f 3607 3608 3609
f 3610 3611 3612
f 3613 3614 3615
f 3616 3617 3618
f 3619 3620 3621
f 3622 3623 3624
f 3625 3626 3627
f 3628 3629 3630
f 3631 3632 3633
f 3634 3635 3636
f 3637 3638 3639
f 3640 3641 3642
f 3643 3644 3645
f 3646 3647 3648
f 3649 3650 3651
f 3652 3653 3654
f 3655 3656 3657
f 3658 3659 3660
f 3661 3662 3663
f 3664 3665 3666
f 3667 3668 3669
f 3670 3671 3672
f 3673 3674 3675
f 3676 3677 3678
f 3679 3680 3681
f 3682 3683 3684
f 3685 3686 3687
f 3688 3689 3690
f 3691 3692 3693
f 3694 3695 3696
f 3697 3698 3699
f 3700 3701 3702
f 3703 3704 3705
f 3706 3707 3708
f 3709 3710 3711
f 3712 3713 3714
f 3715 3716 3717
f 3718 3719 3720
f 3721 3722 3723
f 3724 3725 3726
f 3727 3728 3729
f 3730 3731 3732
f 3733 3734 3735
f 3736 3737 3738
f 3739 3740 3741
f 3742 3743 3744
f 3745 3746 3747
f 3748 3749 3750
f 3751 3752 3753
f 3754 3755 3756
f 3757 3758 3759
f 3760 3761 3762
f 3763 3764 3765
f 3766 3767 3768
f 3769 3770 3771
f 3772 3773 3774
f 3775 3776 3777
f 3778 3779 3780
f 3781 3782 3783
f 3784 3785 3786
f 3787 3788 3789
f 3790 3791 3792
f 3793 3794 3795
f 3796 3797 3798
f 3799 3800 3801
f 3802 3803 3804
f 3805 3806 3807
f 3808 3809 3810
f 3811 3812 3813
f 3814 3815 3816
f 3817 3818 3819
f 3820 3821 3822
f 3823 3824 3825
f 3826 3827 3828
f 3829 3830 3831
f 3832 3833 3834
f 3835 3836 3837
f 3838 3839 3840
f 3841 3842 3843
f 3844 3845 3846
f 3847 3848 3849
f 3850 3851 3852
f 3853 3854 3855
f 3856 3857 3858
f 3859 3860 3861
f 3862 3863 3864
f 3865 3866 3867
f 3868 3869 3870
f 3871 3872 3873
f 3874 3875 3876
f 3877 3878 3879
f 3880 3881 3882
f 3883 3884 3885
f 3886 3887 3888
f 3889 3890 3891
f 3892 3893 3894
f 3895 3896 3897
f 3898 3899 3900
f 3901 3902 3903
f 3904 3905 3906
f 3907 3908 3909
f 3910 3911 3912
f 3913 3914 3915
f 3916 3917 3918
f 3919 3920 3921
f 3922 3923 3924
f 3925 3926 3927
f 3928 3929 3930
f 3931 3932 3933
f 3934 3935 3936
f 3937 3938 3939
f 3940 3941 3942
f 3943 3944 3945
f 3946 3947 3948
f 3949 3950 3951
f 3952 3953 3954
f 3955 3956 3957
f 3958 3959 3960
f 3961 3962 3963
f 3964 3965 3966
f 3967 3968 3969
f 3970 3971 3972
f 3973 3974 3975
f 3976 3977 3978
f 3979 3980 3981
f 3982 3983 3984
f 3985 3986 3987
f 3988 3989 3990
f 3991 3992 3993
f 3994 3995 3996
f 3997 3998 3999
f 4000 4001 4002
f 4003 4004 4005
f 4006 4007 4008
f 4009 4010 4011
f 4012 4013 4014
f 4015 4016 4017
f 4018 4019 4020
f 4021 4022 4023
f 4024 4025 4026
f 4027 4028 4029
f 4030 4031 4032
f 4033 4034 4035
f 4036 4037 4038
f 4039 4040 4041
f 4042 4043 4044
f 4045 4046 4047
f 4048 4049 4050
f 4051 4052 4053
f 4054 4055 4056
f 4057 4058 4059
f 4060 4061 4062
f 4063 4064 4065
f 4066 4067 4068
f 4069 4070 4071
f 4072 4073 4074
f 4075 4076 4077
f 4078 4079 4080
f 4081 4082 4083
f 4084 4085 4086
f 4087 4088 4089
f 4090 4091 4092
f 4093 4094 4095
f 4096 4097 4098
f 4099 4100 4101
f 4102 4103 4104
f 4105 4106 4107
f 4108 4109 4110
f 4111 4112 4113
f 4114 4115 4116
f 4117 4118 4119
f 4120 4121 4122
f 4123 4124 4125
f 4126 4127 4128
f 4129 4130 4131
f 4132 4133 4134
f 4135 4136 4137
f 4138 4139 4140
f 4141 4142 4143
f 4144 4145 4146
f 4147 4148 4149
f 4150 4151 4152
f 4153 4154 4155
f 4156 4157 4158
f 4159 4160 4161
f 4162 4163 4164
f 4165 4166 4167
f 4168 4169 4170
f 4171 4172 4173
f 4174 4175 4176
f 4177 4178 4179
f 4180 4181 4182
f 4183 4184 4185
f 4186 4187 4188
f 4189 4190 4191
f 4192 4193 4194
f 4195 4196 4197
f 4198 4199 4200
f 4201 4202 4203
f 4204 4205 4206
f 4207 4208 4209
f 4210 4211 4212
f 4213 4214 4215
f 4216 4217 4218
f 4219 4220 4221
f 4222 4223 4224
f 4225 4226 4227
f 4228 4229 4230
f 4231 4232 4233
f 4234 4235 4236
f 4237 4238 4239
f 4240 4241 4242
f 4243 4244 4245
f 4246 4247 4248
f 4249 4250 4251
f 4252 4253 4254
f 4255 4256 4257
f 4258 4259 4260
f 4261 4262 4263
f 4264 4265 4266

