# https://github.com/mikedh/trimesh

o right_wrist_pitch_link.STL
v 2.54553799 -2.22560298 1.71736609
v 2.67492216 -1.86808985 2.08314750
v 2.59419158 -1.84151102 2.09371634
v 3.22608911 -2.08810922 2.05116235
v 2.91440524 -2.36750431 1.68187339
v 3.39553803 -2.16438212 2.05000006
v 3.39553803 -2.16438212 2.05000006
v 2.91440524 -2.36750431 1.68187339
v 3.16719934 -2.47809086 1.67227872
v 3.39553803 -2.16438212 2.05000006
v 3.16719934 -2.47809086 1.67227872
v 3.55613492 -2.23858487 2.05000062
v 3.55613492 -2.23858487 2.05000062
v 3.16719934 -2.47809086 1.67227872
v 3.39553915 -2.58297976 1.67000275
v 3.22608911 -2.08810922 2.05116235
v 3.13747711 -2.04932075 2.05289479
v 2.91440524 -2.36750431 1.68187339
v 2.91440524 -2.36750431 1.68187339
v 3.13747711 -2.04932075 2.05289479
v 3.06201354 -2.01710034 2.05514655
v 2.91440524 -2.36750431 1.68187339
v 3.06201354 -2.01710034 2.05514655
v 2.86107156 -2.34526824 1.68519448
v 2.86107156 -2.34526824 1.68519448
v 3.06201354 -2.01710034 2.05514655
v 2.90252082 -1.95201524 2.06284784
v 2.86107156 -2.34526824 1.68519448
v 2.90252082 -1.95201524 2.06284784
v 2.71823611 -2.28826609 1.69691276
v 2.71823611 -2.28826609 1.69691276
v 2.90252082 -1.95201524 2.06284784
v 2.54553799 -2.22560298 1.71736609
v 2.54553799 -2.22560298 1.71736609
v 2.90252082 -1.95201524 2.06284784
v 2.74690054 -1.89330131 2.07532197
v 2.54553799 -2.22560298 1.71736609
v 2.74690054 -1.89330131 2.07532197
v 2.67492216 -1.86808985 2.08314750
v 2.44326051 -1.79706290 2.11917497
v 2.30086800 -2.15232559 1.76088382
v 2.59419158 -1.84151102 2.09371634
v 2.59419158 -1.84151102 2.09371634
v 2.30086800 -2.15232559 1.76088382
v 2.38940716 -2.17647068 1.74297653
v 2.59419158 -1.84151102 2.09371634
v 2.38940716 -2.17647068 1.74297653
v 2.54553799 -2.22560298 1.71736609
v 2.07050312 -1.71865448 2.21757051
v 1.81478932 -2.07042973 1.90424658
v 2.08948348 -1.72155909 2.21134629
v 2.08948348 -1.72155909 2.21134629
v 1.81478932 -2.07042973 1.90424658
v 1.96366310 -2.08690278 1.85238328
v 2.08948348 -1.72155909 2.21134629
v 1.96366310 -2.08690278 1.85238328
v 2.23945621 -1.74857862 2.16660928
v 2.23945621 -1.74857862 2.16660928
v 1.96366310 -2.08690278 1.85238328
v 2.01849379 -2.09473744 1.83499195
v 2.23945621 -1.74857862 2.16660928
v 2.01849379 -2.09473744 1.83499195
v 2.30558645 -1.76282264 2.14951616
v 2.30558645 -1.76282264 2.14951616
v 2.01849379 -2.09473744 1.83499195
v 2.11234801 -2.11060196 1.80747285
v 2.30558645 -1.76282264 2.14951616
v 2.11234801 -2.11060196 1.80747285
v 2.38788463 -1.78255681 2.13052910
v 2.38788463 -1.78255681 2.13052910
v 2.11234801 -2.11060196 1.80747285
v 2.21181046 -2.13094577 1.78145673
v 2.38788463 -1.78255681 2.13052910
v 2.21181046 -2.13094577 1.78145673
v 2.44326051 -1.79706290 2.11917497
v 2.44326051 -1.79706290 2.11917497
v 2.21181046 -2.13094577 1.78145673
v 2.26047263 -2.14226004 1.76989660
v 2.44326051 -1.79706290 2.11917497
v 2.26047263 -2.14226004 1.76989660
v 2.30086800 -2.15232559 1.76088382
v 1.77279264 -1.68618746 2.32905112
v 1.66455992 -2.05981582 1.96239743
v 1.92966200 -1.70041341 2.26732716
v 1.92966200 -1.70041341 2.26732716
v 1.66455992 -2.05981582 1.96239743
v 1.81478932 -2.07042973 1.90424658
v 1.92966200 -1.70041341 2.26732716
v 1.81478932 -2.07042973 1.90424658
v 2.02525984 -1.71217527 2.23288629
v 2.02525984 -1.71217527 2.23288629
v 1.81478932 -2.07042973 1.90424658
v 2.07050312 -1.71865448 2.21757051
v 1.20446309 -1.67000350 2.58297920
v 1.04386695 -2.05000192 2.23858543
v 1.36450566 -1.67085920 2.50880439
v 1.36450566 -1.67085920 2.50880439
v 1.04386695 -2.05000192 2.23858543
v 1.20446198 -2.05000006 2.16408223
v 1.36450566 -1.67085920 2.50880439
v 1.20446198 -2.05000006 2.16408223
v 1.52174067 -1.67395566 2.43736915
v 1.52174067 -1.67395566 2.43736915
v 1.20446198 -2.05000006 2.16408223
v 1.47541910 -2.05272734 2.04205178
v 1.52174067 -1.67395566 2.43736915
v 1.47541910 -2.05272734 2.04205178
v 1.74972713 -1.68457329 2.33858395
v 1.74972713 -1.68457329 2.33858395
v 1.47541910 -2.05272734 2.04205178
v 1.51199941 -2.05367077 2.02617999
v 1.74972713 -1.68457329 2.33858395
v 1.51199941 -2.05367077 2.02617999
v 1.77279264 -1.68618746 2.32905112
v 1.77279264 -1.68618746 2.32905112
v 1.51199941 -2.05367077 2.02617999
v 1.61229260 -2.05726046 1.98377073
v 1.77279264 -1.68618746 2.32905112
v 1.61229260 -2.05726046 1.98377073
v 1.66455992 -2.05981582 1.96239743
v 3.55613716 -2.23858468 -2.24999804
v 3.39553580 -2.58297641 -1.87000129
v 3.39553803 -2.16479618 -2.25000009
v 3.39553803 -2.16479618 -2.25000009
v 3.39553580 -2.58297641 -1.87000129
v 3.17831486 -2.48373933 -1.87015180
v 3.39553803 -2.16479618 -2.25000009
v 3.17831486 -2.48373933 -1.87015180
v 3.18605639 -2.07241215 -2.25014240
v 3.18605639 -2.07241215 -2.25014240
v 3.17831486 -2.48373933 -1.87015180
v 2.97021866 -2.39337813 -1.87099483
v 3.18605639 -2.07241215 -2.25014240
v 2.97021866 -2.39337813 -1.87099483
v 2.98404004 -1.98852345 -2.25103833
v 2.98404004 -1.98852345 -2.25103833
v 2.97021866 -2.39337813 -1.87099483
v 2.77057681 -2.31248904 -1.87339950
v 2.98404004 -1.98852345 -2.25103833
v 2.77057681 -2.31248904 -1.87339950
v 2.86746677 -1.94303542 -2.25225780
v 2.86746677 -1.94303542 -2.25225780
v 2.77057681 -2.31248904 -1.87339950
v 2.78885122 -1.91378575 -2.25352198
v 2.77057681 -2.31248904 -1.87339950
v 2.62092911 -2.25669444 -1.87705532
v 2.78885122 -1.91378575 -2.25352198
v 2.78885122 -1.91378575 -2.25352198
v 2.62092911 -2.25669444 -1.87705532
v 2.57852841 -2.24178545 -1.87848601
v 2.78885122 -1.91378575 -2.25352198
v 2.57852841 -2.24178545 -1.87848601
v 2.59994511 -1.84884965 -2.25866251
v 2.59994511 -1.84884965 -2.25866251
v 2.57852841 -2.24178545 -1.87848601
v 2.38407478 -2.17941869 -1.88802611
v 2.59994511 -1.84884965 -2.25866251
v 2.38407478 -2.17941869 -1.88802611
v 2.51083877 -1.82115342 -2.26248745
v 2.51083877 -1.82115342 -2.26248745
v 2.38407478 -2.17941869 -1.88802611
v 2.31060572 -2.15874705 -1.89324487
v 2.51083877 -1.82115342 -2.26248745
v 2.31060572 -2.15874705 -1.89324487
v 2.41708793 -1.79432854 -2.26781256
v 2.41708793 -1.79432854 -2.26781256
v 2.31060572 -2.15874705 -1.89324487
v 2.23217607 -2.13863235 -1.90005004
v 2.41708793 -1.79432854 -2.26781256
v 2.23217607 -2.13863235 -1.90005004
v 2.38548312 -1.78585760 -2.26996001
v 2.38548312 -1.78585760 -2.26996001
v 2.23217607 -2.13863235 -1.90005004
v 2.31011566 -1.76688116 -2.27590539
v 2.31011566 -1.76688116 -2.27590539
v 2.23217607 -2.13863235 -1.90005004
v 2.08145287 -2.10605767 -1.91731583
v 2.31011566 -1.76688116 -2.27590539
v 2.08145287 -2.10605767 -1.91731583
v 2.23353785 -1.74941551 -2.28329711
v 1.93427429 -1.69917420 -2.32914425
v 1.74073949 -2.06248444 -1.98186282
v 1.80133805 -1.68587212 -2.36014538
v 1.80133805 -1.68587212 -2.36014538
v 1.74073949 -2.06248444 -1.98186282
v 1.63683537 -2.05642357 -2.00975109
v 1.80133805 -1.68587212 -2.36014538
v 1.63683537 -2.05642357 -2.00975109
v 1.74019877 -1.68140531 -2.37684716
v 2.23353785 -1.74941551 -2.28329711
v 2.08145287 -2.10605767 -1.91731583
v 2.08331496 -1.72060542 -2.30254438
v 2.08331496 -1.72060542 -2.30254438
v 2.08145287 -2.10605767 -1.91731583
v 1.93120576 -2.08186395 -1.94097292
v 2.08331496 -1.72060542 -2.30254438
v 1.93120576 -2.08186395 -1.94097292
v 2.01914497 -1.71050262 -2.31300164
v 2.01914497 -1.71050262 -2.31300164
v 1.93120576 -2.08186395 -1.94097292
v 1.85597762 -2.07278468 -1.95558369
v 2.01914497 -1.71050262 -2.31300164
v 1.85597762 -2.07278468 -1.95558369
v 1.93427429 -1.69917420 -2.32914425
v 1.93427429 -1.69917420 -2.32914425
v 1.85597762 -2.07278468 -1.95558369
v 1.80417448 -2.06764489 -1.96679663
v 1.93427429 -1.69917420 -2.32914425
v 1.80417448 -2.06764489 -1.96679663
v 1.74073949 -2.06248444 -1.98186282
v 1.20446086 -2.05000006 -2.16651466
v 1.26260556 -1.67001802 -2.55626943
v 1.45709924 -1.67113189 -2.47368366
v 1.74019877 -1.68140531 -2.37684716
v 1.63683537 -2.05642357 -2.00975109
v 1.63437556 -1.67579111 -2.40939967
v 1.63437556 -1.67579111 -2.40939967
v 1.63683537 -2.05642357 -2.00975109
v 1.46142803 -2.05134209 -2.06580311
v 1.63437556 -1.67579111 -2.40939967
v 1.46142803 -2.05134209 -2.06580311
v 1.52833126 -1.67242009 -2.44646184
v 1.52833126 -1.67242009 -2.44646184
v 1.46142803 -2.05134209 -2.06580311
v 1.36695430 -2.05036271 -2.10044291
v 1.52833126 -1.67242009 -2.44646184
v 1.36695430 -2.05036271 -2.10044291
v 1.45709924 -1.67113189 -2.47368366
v 1.45709924 -1.67113189 -2.47368366
v 1.36695430 -2.05036271 -2.10044291
v 1.27395503 -2.05003619 -2.13732310
v 1.45709924 -1.67113189 -2.47368366
v 1.27395503 -2.05003619 -2.13732310
v 1.20446086 -2.05000006 -2.16651466
v 1.20446086 -2.05000006 -2.16651466
v 1.06672458 -2.05000006 -2.22798157
v 1.26260556 -1.67001802 -2.55626943
v 1.26260556 -1.67001802 -2.55626943
v 1.06672458 -2.05000006 -2.22798157
v 1.04387179 -2.04999950 -2.23857816
v 1.26260556 -1.67001802 -2.55626943
v 1.04387179 -2.04999950 -2.23857816
v 1.20446272 -1.67000275 -2.58297585
v 3.39553915 2.58297790 -1.87000036
v 3.35703343 2.35833395 -2.06002463
v 3.22297998 2.50887722 -1.87017210
v 3.22297998 2.50887722 -1.87017210
v 3.35703343 2.35833395 -2.06002463
v 3.22227851 2.30564363 -2.06027832
v 3.22297998 2.50887722 -1.87017210
v 3.22227851 2.30564363 -2.06027832
v 3.04652005 2.44548209 -1.87138095
v 3.04652005 2.44548209 -1.87138095
v 3.22227851 2.30564363 -2.06027832
v 2.93946844 2.21628863 -2.06328612
v 3.04652005 2.44548209 -1.87138095
v 2.93946844 2.21628863 -2.06328612
v 2.86594201 2.39240769 -1.87471341
v 2.86594201 2.39240769 -1.87471341
v 2.93946844 2.21628863 -2.06328612
v 2.68089287 2.34920178 -1.88131314
v 2.68089287 2.34920178 -1.88131314
v 2.93946844 2.21628863 -2.06328612
v 2.63977982 2.14901809 -2.07373016
v 2.68089287 2.34920178 -1.88131314
v 2.63977982 2.14901809 -2.07373016
v 2.58332714 2.33053658 -1.88644174
v 2.33495012 2.10413877 -2.09666770
v 2.39187256 2.30119117 -1.90052968
v 2.63977982 2.14901809 -2.07373016
v 2.63977982 2.14901809 -2.07373016
v 2.39187256 2.30119117 -1.90052968
v 2.49099955 2.31524687 -1.89252757
v 2.63977982 2.14901809 -2.07373016
v 2.49099955 2.31524687 -1.89252757
v 2.58332714 2.33053658 -1.88644174
v 2.01807115 2.07696054 -2.13889554
v 2.01493409 2.26627700 -1.94737930
v 2.33495012 2.10413877 -2.09666770
v 2.33495012 2.10413877 -2.09666770
v 2.01493409 2.26627700 -1.94737930
v 2.19049919 2.27926746 -1.92205552
v 2.33495012 2.10413877 -2.09666770
v 2.19049919 2.27926746 -1.92205552
v 2.39187256 2.30119117 -1.90052968
v 1.62521116 2.25230455 -2.02967525
v 1.73396543 2.25457344 -2.00270694
v 1.70622114 2.06427835 -2.20437367
v 1.70622114 2.06427835 -2.20437367
v 1.73396543 2.25457344 -2.00270694
v 1.79657936 2.25638133 -1.98866669
v 1.70622114 2.06427835 -2.20437367
v 1.79657936 2.25638133 -1.98866669
v 2.01807115 2.07696054 -2.13889554
v 2.01807115 2.07696054 -2.13889554
v 1.79657936 2.25638133 -1.98866669
v 1.98862236 2.26474907 -1.95175465
v 2.01807115 2.07696054 -2.13889554
v 1.98862236 2.26474907 -1.95175465
v 2.01493409 2.26627700 -1.94737930
v 1.33539699 2.25007050 -2.11915616
v 1.42027698 2.25031413 -2.09014788
v 1.41617619 2.06044409 -2.29187142
v 1.41617619 2.06044409 -2.29187142
v 1.42027698 2.25031413 -2.09014788
v 1.45871453 2.25051269 -2.07779668
v 1.41617619 2.06044409 -2.29187142
v 1.45871453 2.25051269 -2.07779668
v 1.70622114 2.06427835 -2.20437367
v 1.70622114 2.06427835 -2.20437367
v 1.45871453 2.25051269 -2.07779668
v 1.60629600 2.25200914 -2.03471575
v 1.70622114 2.06427835 -2.20437367
v 1.60629600 2.25200914 -2.03471575
v 1.62521116 2.25230455 -2.02967525
v 1.33539699 2.25007050 -2.11915616
v 1.41617619 2.06044409 -2.29187142
v 1.23888738 2.25000121 -2.15516388
v 1.23888738 2.25000121 -2.15516388
v 1.41617619 2.06044409 -2.29187142
v 1.15461126 2.06000321 -2.39677690
v 1.23888738 2.25000121 -2.15516388
v 1.15461126 2.06000321 -2.39677690
v 1.20446198 2.25000009 -2.16883011
v 1.20446198 2.25000009 -2.16883011
v 1.15461126 2.06000321 -2.39677690
v 1.12416409 2.06000023 -2.41077878
v 1.20446198 2.25000009 -2.16883011
v 1.12416409 2.06000023 -2.41077878
v 1.04387440 2.24999823 -2.23857742
v 1.55342333 1.87138095 -2.44553834
v 1.49697661 1.87081937 -2.46451627
v 1.45571455 1.96768064 -2.37635523
v 1.45571455 1.96768064 -2.37635523
v 1.49697661 1.87081937 -2.46451627
v 1.37696005 1.87017154 -2.50891186
v 1.45571455 1.96768064 -2.37635523
v 1.37696005 1.87017154 -2.50891186
v 1.19392723 1.96704604 -2.48101894
v 1.19392723 1.96704604 -2.48101894
v 1.37696005 1.87017154 -2.50891186
v 1.20446086 1.87000036 -2.58297771
v 1.19392723 1.96704604 -2.48101894
v 1.20446086 1.87000036 -2.58297771
v 1.16344914 1.96704231 -2.49502733
v 1.55342333 1.87138095 -2.44553834
v 1.45571455 1.96768064 -2.37635523
v 1.73405316 1.87471192 -2.39248350
v 1.73405316 1.87471192 -2.39248350
v 1.45571455 1.96768064 -2.37635523
v 1.74586810 1.97228827 -2.28981525
v 1.73405316 1.87471192 -2.39248350
v 1.74586810 1.97228827 -2.28981525
v 1.78724080 1.87623426 -2.37897094
v 2.20663417 1.90039519 -2.30148565
v 2.10931376 1.89254805 -2.31530480
v 2.05808394 1.98641308 -2.22593695
v 2.05808394 1.98641308 -2.22593695
v 2.10931376 1.89254805 -2.31530480
v 2.01651547 1.88643057 -2.33067125
v 2.05808394 1.98641308 -2.22593695
v 2.01651547 1.88643057 -2.33067125
v 1.74586810 1.97228827 -2.28981525
v 1.74586810 1.97228827 -2.28981525
v 2.01651547 1.88643057 -2.33067125
v 1.91924684 1.88131798 -2.34927423
v 1.74586810 1.97228827 -2.28981525
v 1.91924684 1.88131798 -2.34927423
v 1.78724080 1.87623426 -2.37897094
v 2.20663417 1.90039519 -2.30148565
v 2.05808394 1.98641308 -2.22593695
v 2.30090450 1.90952010 -2.29014773
v 2.30090450 1.90952010 -2.29014773
v 2.05808394 1.98641308 -2.22593695
v 2.37520710 2.01554410 -2.18571573
v 2.30090450 1.90952010 -2.29014773
v 2.37520710 2.01554410 -2.18571573
v 2.40802057 1.92186888 -2.27947608
v 2.40802057 1.92186888 -2.27947608
v 2.37520710 2.01554410 -2.18571573
v 2.60989480 1.95150375 -2.26488262
v 2.60989480 1.95150375 -2.26488262
v 2.37520710 2.01554410 -2.18571573
v 2.67970394 2.06231829 -2.16458850
v 2.60989480 1.95150375 -2.26488262
v 2.67970394 2.06231829 -2.16458850
v 2.72136535 1.97179522 -2.25943271
v 2.97908653 2.13103238 -2.15543564
v 2.86579151 2.00264975 -2.25460194
v 2.67970394 2.06231829 -2.16458850
v 2.67970394 2.06231829 -2.16458850
v 2.86579151 2.00264975 -2.25460194
v 2.80265100 1.98850036 -2.25643404
v 2.67970394 2.06231829 -2.16458850
v 2.80265100 1.98850036 -2.25643404
v 2.72136535 1.97179522 -2.25943271
v 3.36040780 2.15488933 -2.25000139
v 3.30301747 2.13309359 -2.25002542
v 3.26179303 2.22122595 -2.15310156
v 3.26179303 2.22122595 -2.15310156
v 3.30301747 2.13309359 -2.25002542
v 3.17898877 2.08990760 -2.25032084
v 3.26179303 2.22122595 -2.15310156
v 3.17898877 2.08990760 -2.25032084
v 2.97908653 2.13103238 -2.15543564
v 2.97908653 2.13103238 -2.15543564
v 3.17898877 2.08990760 -2.25032084
v 2.99294852 2.03451160 -2.25203335
v 2.97908653 2.13103238 -2.15543564
v 2.99294852 2.03451160 -2.25203335
v 2.86579151 2.00264975 -2.25460194
v 3.51511911 2.32652966 -2.15295739
v 3.55612561 2.23857742 -2.24999823
v 3.26179303 2.22122595 -2.15310156
v 3.26179303 2.22122595 -2.15310156
v 3.55612561 2.23857742 -2.24999823
v 3.39553803 2.16883048 -2.25000009
v 3.26179303 2.22122595 -2.15310156
v 3.39553803 2.16883048 -2.25000009
v 3.36040780 2.15488933 -2.25000139
v 1.16344914 1.96704231 -2.49502733
v 1.12416409 2.06000023 -2.41077878
v 1.19392723 1.96704604 -2.48101894
v 1.19392723 1.96704604 -2.48101894
v 1.12416409 2.06000023 -2.41077878
v 1.15461126 2.06000321 -2.39677690
v 1.19392723 1.96704604 -2.48101894
v 1.15461126 2.06000321 -2.39677690
v 1.45571455 1.96768064 -2.37635523
v 1.45571455 1.96768064 -2.37635523
v 1.15461126 2.06000321 -2.39677690
v 1.41617619 2.06044409 -2.29187142
v 1.45571455 1.96768064 -2.37635523
v 1.41617619 2.06044409 -2.29187142
v 1.74586810 1.97228827 -2.28981525
v 1.74586810 1.97228827 -2.28981525
v 1.41617619 2.06044409 -2.29187142
v 1.70622114 2.06427835 -2.20437367
v 1.74586810 1.97228827 -2.28981525
v 1.70622114 2.06427835 -2.20437367
v 2.05808394 1.98641308 -2.22593695
v 2.05808394 1.98641308 -2.22593695
v 1.70622114 2.06427835 -2.20437367
v 2.01807115 2.07696054 -2.13889554
v 2.05808394 1.98641308 -2.22593695
v 2.01807115 2.07696054 -2.13889554
v 2.37520710 2.01554410 -2.18571573
v 2.37520710 2.01554410 -2.18571573
v 2.01807115 2.07696054 -2.13889554
v 2.33495012 2.10413877 -2.09666770
v 2.37520710 2.01554410 -2.18571573
v 2.33495012 2.10413877 -2.09666770
v 2.67970394 2.06231829 -2.16458850
v 2.67970394 2.06231829 -2.16458850
v 2.33495012 2.10413877 -2.09666770
v 2.63977982 2.14901809 -2.07373016
v 2.67970394 2.06231829 -2.16458850
v 2.63977982 2.14901809 -2.07373016
v 2.97908653 2.13103238 -2.15543564
v 2.97908653 2.13103238 -2.15543564
v 2.63977982 2.14901809 -2.07373016
v 2.93946844 2.21628863 -2.06328612
v 2.97908653 2.13103238 -2.15543564
v 2.93946844 2.21628863 -2.06328612
v 3.26179303 2.22122595 -2.15310156
v 3.26179303 2.22122595 -2.15310156
v 2.93946844 2.21628863 -2.06328612
v 3.22227851 2.30564363 -2.06027832
v 3.26179303 2.22122595 -2.15310156
v 3.22227851 2.30564363 -2.06027832
v 3.51511911 2.32652966 -2.15295739
v 3.51511911 2.32652966 -2.15295739
v 3.22227851 2.30564363 -2.06027832
v 3.35703343 2.35833395 -2.06002463
v 3.51511911 2.32652966 -2.15295739
v 3.35703343 2.35833395 -2.06002463
v 3.47583368 2.41077803 -2.05999985
v 3.47583368 2.41077803 -2.05999985
v 3.35703343 2.35833395 -2.06002463
v 3.39553915 2.58297790 -1.87000036
v 1.04386285 2.24999804 2.23858468
v 1.20446421 1.87000129 2.58297641
v 1.20446198 2.25000009 2.16476563
v 1.20446198 2.25000009 2.16476563
v 1.20446421 1.87000129 2.58297641
v 1.42272003 1.87011007 2.48317141
v 1.20446198 2.25000009 2.16476563
v 1.42272003 1.87011007 2.48317141
v 1.41261220 2.25010216 2.07282100
v 1.41261220 2.25010216 2.07282100
v 1.42272003 1.87011007 2.48317141
v 1.63138844 1.87082700 2.39233840
v 1.41261220 2.25010216 2.07282100
v 1.63138844 1.87082700 2.39233840
v 1.46005414 2.25019436 2.05255821
v 1.46005414 2.25019436 2.05255821
v 1.63138844 1.87082700 2.39233840
v 1.74286310 1.87179632 2.34621391
v 1.46005414 2.25019436 2.05255821
v 1.74286310 1.87179632 2.34621391
v 1.61320250 2.25086678 1.98925119
v 1.61320250 2.25086678 1.98925119
v 1.74286310 1.87179632 2.34621391
v 1.73184257 2.25199498 1.94276907
v 1.73184257 2.25199498 1.94276907
v 1.74286310 1.87179632 2.34621391
v 1.83125082 1.87304486 2.31110174
v 1.73184257 2.25199498 1.94276907
v 1.83125082 1.87304486 2.31110174
v 1.80687532 2.25311015 1.91471539
v 1.83125082 1.87304486 2.31110174
v 1.97918788 1.87647548 2.25576367
v 1.80687532 2.25311015 1.91471539
v 1.80687532 2.25311015 1.91471539
v 1.97918788 1.87647548 2.25576367
v 2.02330705 1.87790599 2.24021040
v 1.80687532 2.25311015 1.91471539
v 2.02330705 1.87790599 2.24021040
v 1.99418385 2.25788057 1.84987206
v 1.99418385 2.25788057 1.84987206
v 2.02330705 1.87790599 2.24021040
v 2.20517460 1.88643672 2.18151808
v 1.99418385 2.25788057 1.84987206
v 2.20517460 1.88643672 2.18151808
v 2.00814065 2.25838143 1.84536297
v 2.00814065 2.25838143 1.84536297
v 2.20517460 1.88643672 2.18151808
v 2.08785497 2.26172656 1.82056632
v 2.08785497 2.26172656 1.82056632
v 2.20517460 1.88643672 2.18151808
v 2.24959124 1.88931711 2.16865819
v 2.08785497 2.26172656 1.82056632
v 2.24959124 1.88931711 2.16865819
v 2.17538942 2.26651169 1.79533288
v 2.17538942 2.26651169 1.79533288
v 2.24959124 1.88931711 2.16865819
v 2.29660086 1.89278256 2.15573777
v 2.17538942 2.26651169 1.79533288
v 2.29660086 1.89278256 2.15573777
v 2.22481135 2.26981919 1.78207643
v 2.22481135 2.26981919 1.78207643
v 2.29660086 1.89278256 2.15573777
v 2.35630516 1.89786386 2.14039553
v 2.22481135 2.26981919 1.78207643
v 2.35630516 1.89786386 2.14039553
v 2.35371795 2.28093509 1.75107699
v 2.35371795 2.28093509 1.75107699
v 2.35630516 1.89786386 2.14039553
v 2.50623804 1.91446431 2.10745521
v 2.35371795 2.28093509 1.75107699
v 2.50623804 1.91446431 2.10745521
v 2.37567127 2.28323918 1.74632706
v 2.37567127 2.28323918 1.74632706
v 2.50623804 1.91446431 2.10745521
v 2.65568197 1.93740223 2.08289176
v 2.37567127 2.28323918 1.74632706
v 2.65568197 1.93740223 2.08289176
v 2.52491087 2.30268668 1.71820130
v 3.34834829 2.56123021 1.67000666
v 3.15070041 2.47656591 1.67091265
v 3.39553766 2.16642674 2.05000006
v 2.52491087 2.30268668 1.71820130
v 2.65568197 1.93740223 2.08289176
v 2.57969182 2.31168773 1.70969423
v 2.57969182 2.31168773 1.70969423
v 2.65568197 1.93740223 2.08289176
v 2.74290126 1.95419025 2.07228307
v 2.57969182 2.31168773 1.70969423
v 2.74290126 1.95419025 2.07228307
v 2.67312471 2.32962966 1.69743970
v 2.67312471 2.32962966 1.69743970
v 2.74290126 1.95419025 2.07228307
v 2.78986860 1.96434539 2.06764657
v 2.67312471 2.32962966 1.69743970
v 2.78986860 1.96434539 2.06764657
v 2.80413367 2.36070771 1.68478619
v 2.80413367 2.36070771 1.68478619
v 2.78986860 1.96434539 2.06764657
v 2.95697805 2.00711526 2.05643196
v 2.80413367 2.36070771 1.68478619
v 2.95697805 2.00711526 2.05643196
v 2.97172461 2.41087154 1.67518202
v 2.97172461 2.41087154 1.67518202
v 2.95697805 2.00711526 2.05643196
v 3.13245356 2.06314698 2.05135215
v 2.97172461 2.41087154 1.67518202
v 3.13245356 2.06314698 2.05135215
v 3.06900442 2.44513303 1.67226605
v 3.06900442 2.44513303 1.67226605
v 3.13245356 2.06314698 2.05135215
v 3.23036276 2.09909156 2.05035042
v 3.06900442 2.44513303 1.67226605
v 3.23036276 2.09909156 2.05035042
v 3.15070041 2.47656591 1.67091265
v 3.15070041 2.47656591 1.67091265
v 3.23036276 2.09909156 2.05035042
v 3.32055613 2.13489551 2.05003899
v 3.15070041 2.47656591 1.67091265
v 3.32055613 2.13489551 2.05003899
v 3.39553766 2.16642674 2.05000006
v 3.39553766 2.16642674 2.05000006
v 3.53271849 2.22772155 2.05000006
v 3.34834829 2.56123021 1.67000666
v 3.34834829 2.56123021 1.67000666
v 3.53271849 2.22772155 2.05000006
v 3.55612822 2.23857872 2.04999968
v 3.34834829 2.56123021 1.67000666
v 3.55612822 2.23857872 2.04999968
v 3.39553729 2.58297604 1.67000312
v 3.39553729 2.58297604 1.67000312
v 3.55612822 2.23857872 2.04999968
v 3.55923213 2.65316833 1.66999400
v 3.55923213 2.65316833 1.66999400
v 3.55612822 2.23857872 2.04999968
v 3.74126881 2.31592022 2.05000006
v 3.98020744 2.39096954 2.05000006
v 3.72578613 2.71260943 1.67000592
v 3.74126881 2.31592022 2.05000006
v 3.74126881 2.31592022 2.05000006
v 3.72578613 2.71260943 1.67000592
v 3.61633748 2.67486610 1.66999940
v 3.74126881 2.31592022 2.05000006
v 3.61633748 2.67486610 1.66999940
v 3.55923213 2.65316833 1.66999400
v 4.18034345 2.81893387 1.66998263
v 4.09214199 2.80438587 1.66997593
v 4.22717072 2.44168844 2.05000006
v 4.22717072 2.44168844 2.05000006
v 4.09214199 2.80438587 1.66997593
v 4.06665578 2.79965065 1.66997630
v 4.22717072 2.44168844 2.05000006
v 4.06665578 2.79965065 1.66997630
v 3.98020744 2.39096954 2.05000006
v 3.98020744 2.39096954 2.05000006
v 4.06665578 2.79965065 1.66997630
v 3.89498882 2.76142340 1.66999511
v 3.98020744 2.39096954 2.05000006
v 3.89498882 2.76142340 1.66999511
v 3.72578613 2.71260943 1.67000592
v 4.49611321 2.84810588 1.67000443
v 4.47309986 2.84717344 1.67000555
v 4.47894670 2.46699974 2.05000006
v 4.47894670 2.46699974 2.05000006
v 4.47309986 2.84717344 1.67000555
v 4.31841202 2.83605512 1.66999996
v 4.47894670 2.46699974 2.05000006
v 4.31841202 2.83605512 1.66999996
v 4.22717072 2.44168844 2.05000006
v 4.22717072 2.44168844 2.05000006
v 4.31841202 2.83605512 1.66999996
v 4.24062461 2.82725114 1.66999046
v 4.22717072 2.44168844 2.05000006
v 4.24062461 2.82725114 1.66999046
v 4.18034345 2.81893387 1.66998263
v 4.49611321 2.84810588 1.67000443
v 4.47894670 2.46699974 2.05000006
v 4.67295386 2.84906607 1.66998580
v 4.67295386 2.84906607 1.66998580
v 4.47894670 2.46699974 2.05000006
v 4.73210625 2.46646218 2.05000006
v 4.67295386 2.84906607 1.66998580
v 4.73210625 2.46646218 2.05000006
v 4.75314856 2.84588225 1.66997835
v 4.75314856 2.84588225 1.66997835
v 4.73210625 2.46646218 2.05000006
v 4.84877601 2.83912141 1.66998040
v 4.84877601 2.83912141 1.66998040
v 4.73210625 2.46646218 2.05000006
v 4.98308577 2.44008861 2.05000006
v 4.84877601 2.83912141 1.66998040
v 4.98308577 2.44008861 2.05000006
v 5.02341911 2.81837117 1.67000052
v 5.02341911 2.81837117 1.67000052
v 4.98308577 2.44008861 2.05000006
v 5.19671738 2.78683119 1.67000424
v 5.19671738 2.78683119 1.67000424
v 4.98308577 2.44008861 2.05000006
v 5.22875190 2.38861851 2.05000006
v 5.19671738 2.78683119 1.67000424
v 5.22875190 2.38861851 2.05000006
v 5.23496903 2.77836546 1.67000126
v 5.46576567 2.31328961 2.05000006
v 5.44470660 2.72194240 1.66997537
v 5.22875190 2.38861851 2.05000006
v 5.22875190 2.38861851 2.05000006
v 5.44470660 2.72194240 1.66997537
v 5.27303368 2.76939087 1.66999716
v 5.22875190 2.38861851 2.05000006
v 5.27303368 2.76939087 1.66999716
v 5.23496903 2.77836546 1.67000126
v 5.61189614 2.66431347 1.66998655
v 5.60209639 2.66801491 1.66998506
v 5.46576567 2.31328961 2.05000006
v 5.46576567 2.31328961 2.05000006
v 5.60209639 2.66801491 1.66998506
v 5.58798984 2.67327055 1.66998282
v 5.46576567 2.31328961 2.05000006
v 5.58798984 2.67327055 1.66998282
v 5.44470660 2.72194240 1.66997537
v 5.61189614 2.66431347 1.66998655
v 5.46576567 2.31328961 2.05000006
v 5.77451549 2.59673130 1.67000722
v 5.77451549 2.59673130 1.67000722
v 5.46576567 2.31328961 2.05000006
v 5.69147430 2.21573263 2.05000006
v 5.77451549 2.59673130 1.67000722
v 5.69147430 2.21573263 2.05000006
v 5.85105754 2.56073326 1.67000704
v 5.90615459 2.09639072 2.05000006
v 5.95109239 2.50939224 1.66999474
v 5.69147430 2.21573263 2.05000006
v 5.69147430 2.21573263 2.05000006
v 5.95109239 2.50939224 1.66999474
v 5.93244545 2.51934286 1.66999791
v 5.69147430 2.21573263 2.05000006
v 5.93244545 2.51934286 1.66999791
v 5.85105754 2.56073326 1.67000704
v 6.29806742 2.28890069 1.66999362
v 6.27564341 2.30536722 1.66998878
v 6.08513132 1.97362341 2.05000006
v 6.08513132 1.97362341 2.05000006
v 6.27564341 2.30536722 1.66998878
v 6.15177751 2.39049904 1.66996755
v 6.08513132 1.97362341 2.05000006
v 6.15177751 2.39049904 1.66996755
v 5.90615459 2.09639072 2.05000006
v 5.90615459 2.09639072 2.05000006
v 6.15177751 2.39049904 1.66996755
v 6.08553439 2.43221857 1.66997015
v 5.90615459 2.09639072 2.05000006
v 6.08553439 2.43221857 1.66997015
v 5.95109239 2.50939224 1.66999474
v 6.29806742 2.28890069 1.66999362
v 6.08513132 1.97362341 2.05000006
v 6.43675700 2.17917971 1.67000815
v 6.43675700 2.17917971 1.67000815
v 6.08513132 1.97362341 2.05000006
v 6.27729371 1.81315392 2.05000006
v 6.43675700 2.17917971 1.67000815
v 6.27729371 1.81315392 2.05000006
v 6.54376298 2.08429489 1.66999530
v 6.80687129 1.80339105 1.66999344
v 6.74559176 1.87588260 1.66998040
v 6.45336211 1.63275860 2.05000006
v 6.45336211 1.63275860 2.05000006
v 6.74559176 1.87588260 1.66998040
v 6.69125021 1.93627775 1.66997332
v 6.45336211 1.63275860 2.05000006
v 6.69125021 1.93627775 1.66997332
v 6.27729371 1.81315392 2.05000006
v 6.27729371 1.81315392 2.05000006
v 6.69125021 1.93627775 1.66997332
v 6.56783879 2.06157919 1.66999046
v 6.27729371 1.81315392 2.05000006
v 6.56783879 2.06157919 1.66999046
v 6.54376298 2.08429489 1.66999530
v 6.61064833 1.43459272 2.05000006
v 6.92388937 1.64985955 1.67000610
v 6.85557052 1.74209680 1.67000219
v 6.61064833 1.43459272 2.05000006
v 6.85557052 1.74209680 1.67000219
v 6.45336211 1.63275860 2.05000006
v 6.45336211 1.63275860 2.05000006
v 6.85557052 1.74209680 1.67000219
v 6.82847053 1.77663136 1.66999772
v 6.45336211 1.63275860 2.05000006
v 6.82847053 1.77663136 1.66999772
v 6.80687129 1.80339105 1.66999344
v 6.92388937 1.64985955 1.67000610
v 6.61064833 1.43459272 2.05000006
v 6.95998445 1.59780290 1.67000294
v 6.95998445 1.59780290 1.67000294
v 6.61064833 1.43459272 2.05000006
v 6.74700364 1.22117968 2.05000006
v 6.95998445 1.59780290 1.67000294
v 6.74700364 1.22117968 2.05000006
v 7.04674423 1.46148661 1.66998450
v 7.04674423 1.46148661 1.66998450
v 6.74700364 1.22117968 2.05000006
v 7.05453753 1.44835990 1.66998282
v 7.05453753 1.44835990 1.66998282
v 6.74700364 1.22117968 2.05000006
v 6.76364973 1.19143678 2.05000006
v 7.05453753 1.44835990 1.66998282
v 6.76364973 1.19143678 2.05000006
v 7.13930354 1.29399989 1.66998301
v 7.13930354 1.29399989 1.66998301
v 6.76364973 1.19143678 2.05000006
v 6.87385872 0.96453708 2.05000006
v 7.13930354 1.29399989 1.66998301
v 6.87385872 0.96453708 2.05000006
v 7.21428245 1.13491192 1.67000256
v 7.34733716 0.75804987 1.66997835
v 7.30506480 0.89728627 1.66999456
v 6.95995539 0.72901612 2.05000006
v 6.95995539 0.72901612 2.05000006
v 7.30506480 0.89728627 1.66999456
v 7.27939978 0.97124521 1.67000256
v 6.95995539 0.72901612 2.05000006
v 7.27939978 0.97124521 1.67000256
v 6.87385872 0.96453708 2.05000006
v 6.87385872 0.96453708 2.05000006
v 7.27939978 0.97124521 1.67000256
v 7.22074881 1.11989938 1.67000368
v 6.87385872 0.96453708 2.05000006
v 7.22074881 1.11989938 1.67000368
v 7.21428245 1.13491192 1.67000256
v 7.34733716 0.75804987 1.66997835
v 6.95995539 0.72901612 2.05000006
v 7.35577866 0.72676111 1.66997705
v 7.35577866 0.72676111 1.66997705
v 6.95995539 0.72901612 2.05000006
v 7.02126026 0.48821080 2.05000006
v 7.35577866 0.72676111 1.66997705
v 7.02126026 0.48821080 2.05000006
v 7.39144087 0.57476549 1.66998953
v 7.05777928 0.24517865 2.05000006
v 7.42443800 0.38085096 1.67000573
v 7.02126026 0.48821080 2.05000006
v 7.02126026 0.48821080 2.05000006
v 7.42443800 0.38085096 1.67000573
v 7.39552677 0.55455174 1.66999213
v 7.02126026 0.48821080 2.05000006
v 7.39552677 0.55455174 1.66999213
v 7.39144087 0.57476549 1.66998953
v 7.45000020 0.00000000 1.66999996
v 7.44984522 0.02966998 1.66999437
v 7.06999972 -0.00000067 2.05000006
v 7.06999972 -0.00000067 2.05000006
v 7.44984522 0.02966998 1.66999437
v 7.44255707 0.20583577 1.66999660
v 7.06999972 -0.00000067 2.05000006
v 7.44255707 0.20583577 1.66999660
v 7.05777928 0.24517865 2.05000006
v 7.05777928 0.24517865 2.05000006
v 7.44255707 0.20583577 1.66999660
v 7.43504092 0.29161859 1.67000331
v 7.05777928 0.24517865 2.05000006
v 7.43504092 0.29161859 1.67000331
v 7.42443800 0.38085096 1.67000573
v 4.15332317 -2.81477887 1.66997965
v 4.20936979 -2.82310266 1.66998636
v 4.25256826 -2.44542733 2.05000006
v 7.31423795 -0.86914441 1.66999083
v 7.32000321 -0.85092904 1.66998841
v 6.95995539 -0.72901566 2.05000006
v 7.45000020 0.00000000 1.66999996
v 7.06999972 -0.00000067 2.05000006
v 7.44443461 -0.17802241 1.66999437
v 7.44443461 -0.17802241 1.66999437
v 7.06999972 -0.00000067 2.05000006
v 7.05778077 -0.24517584 2.05000006
v 7.44443461 -0.17802241 1.66999437
v 7.05778077 -0.24517584 2.05000006
v 7.43504092 -0.29161863 1.67000331
v 7.02126101 -0.48821024 2.05000006
v 7.41344020 -0.45503043 1.67000256
v 7.05778077 -0.24517584 2.05000006
v 7.05778077 -0.24517584 2.05000006
v 7.41344020 -0.45503043 1.67000256
v 7.42791742 -0.35409245 1.67000573
v 7.05778077 -0.24517584 2.05000006
v 7.42791742 -0.35409245 1.67000573
v 7.43504092 -0.29161863 1.67000331
v 7.32000321 -0.85092904 1.66998841
v 7.33017996 -0.81768986 1.66998412
v 6.95995539 -0.72901566 2.05000006
v 6.95995539 -0.72901566 2.05000006
v 7.33017996 -0.81768986 1.66998412
v 7.36274570 -0.69981054 1.66997723
v 6.95995539 -0.72901566 2.05000006
v 7.36274570 -0.69981054 1.66997723
v 7.02126101 -0.48821024 2.05000006
v 7.02126101 -0.48821024 2.05000006
v 7.36274570 -0.69981054 1.66997723
v 7.40064979 -0.52807191 1.66999549
v 7.02126101 -0.48821024 2.05000006
v 7.40064979 -0.52807191 1.66999549
v 7.41344020 -0.45503043 1.67000256
v 7.31423795 -0.86914441 1.66999083
v 6.95995539 -0.72901566 2.05000006
v 7.28934258 -0.94336439 1.66999996
v 7.28934258 -0.94336439 1.66999996
v 6.95995539 -0.72901566 2.05000006
v 6.87386170 -0.96452897 2.05000006
v 7.28934258 -0.94336439 1.66999996
v 6.87386170 -0.96452897 2.05000006
v 7.22516477 -1.10950936 1.67000443
v 7.06797987 -1.42533323 1.66998021
v 7.09656402 -1.37465177 1.66997742
v 6.76365048 -1.19143380 2.05000006
v 6.76365048 -1.19143380 2.05000006
v 7.09656402 -1.37465177 1.66997742
v 7.15129897 -1.27018690 1.66998599
v 6.76365048 -1.19143380 2.05000006
v 7.15129897 -1.27018690 1.66998599
v 6.87386170 -0.96452897 2.05000006
v 6.87386170 -0.96452897 2.05000006
v 7.15129897 -1.27018690 1.66998599
v 7.20038190 -1.16641121 1.66999958
v 6.87386170 -0.96452897 2.05000006
v 7.20038190 -1.16641121 1.66999958
v 7.22516477 -1.10950936 1.67000443
v 7.06797987 -1.42533323 1.66998021
v 6.76365048 -1.19143380 2.05000006
v 7.02625737 -1.49525022 1.66998934
v 7.02625737 -1.49525022 1.66998934
v 6.76365048 -1.19143380 2.05000006
v 6.63031936 -1.40662072 2.05000006
v 7.02625737 -1.49525022 1.66998934
v 6.63031936 -1.40662072 2.05000006
v 6.97536618 -1.57484431 1.67000052
v 6.47573844 -1.60699487 2.05000006
v 6.77104965 -1.84635911 1.66998561
v 6.81077614 -1.79860145 1.66999418
v 6.81077614 -1.79860145 1.66999418
v 6.82548359 -1.78037193 1.66999716
v 6.47573844 -1.60699487 2.05000006
v 6.47573844 -1.60699487 2.05000006
v 6.82548359 -1.78037193 1.66999716
v 6.87354207 -1.71857625 1.67000443
v 6.47573844 -1.60699487 2.05000006
v 6.87354207 -1.71857625 1.67000443
v 6.63031936 -1.40662072 2.05000006
v 6.63031936 -1.40662072 2.05000006
v 6.87354207 -1.71857625 1.67000443
v 6.94610402 -1.61811430 1.67000461
v 6.63031936 -1.40662072 2.05000006
v 6.94610402 -1.61811430 1.67000461
v 6.97536618 -1.57484431 1.67000052
v 6.77104965 -1.84635911 1.66998561
v 6.47573844 -1.60699487 2.05000006
v 6.70992807 -1.91590786 1.66997481
v 6.70992807 -1.91590786 1.66997481
v 6.47573844 -1.60699487 2.05000006
v 6.30206764 -1.78992301 2.05000006
v 6.70992807 -1.91590786 1.66997481
v 6.30206764 -1.78992301 2.05000006
v 6.58704117 -2.04307791 1.66998636
v 6.11189641 -1.95319206 2.05000006
v 6.45706505 -2.16189958 1.67000722
v 6.30206764 -1.78992301 2.05000006
v 6.30206764 -1.78992301 2.05000006
v 6.45706505 -2.16189958 1.67000722
v 6.55761063 -2.07129419 1.66999251
v 6.30206764 -1.78992301 2.05000006
v 6.55761063 -2.07129419 1.66999251
v 6.58704117 -2.04307791 1.66998636
v 6.27107620 -2.30868012 1.66998785
v 6.32018298 -2.27232687 1.66999772
v 6.11189641 -1.95319206 2.05000006
v 6.11189641 -1.95319206 2.05000006
v 6.32018298 -2.27232687 1.66999772
v 6.35107383 -2.24860869 1.67000275
v 6.11189641 -1.95319206 2.05000006
v 6.35107383 -2.24860869 1.67000275
v 6.45706505 -2.16189958 1.67000722
v 6.27107620 -2.30868012 1.66998785
v 6.11189641 -1.95319206 2.05000006
v 6.17652349 -2.37425212 1.66996997
v 6.17652349 -2.37425212 1.66996997
v 6.11189641 -1.95319206 2.05000006
v 5.92713244 -2.08317339 2.05000006
v 6.17652349 -2.37425212 1.66996997
v 5.92713244 -2.08317339 2.05000006
v 6.11071736 -2.41665747 1.66996755
v 6.11071736 -2.41665747 1.66996755
v 5.92713244 -2.08317339 2.05000006
v 5.95681295 -2.50630379 1.66999362
v 5.95681295 -2.50630379 1.66999362
v 5.92713244 -2.08317339 2.05000006
v 5.71366549 -2.20466480 2.05000006
v 5.95681295 -2.50630379 1.66999362
v 5.71366549 -2.20466480 2.05000006
v 5.87717667 -2.54780669 1.67000499
v 5.87717667 -2.54780669 1.67000499
v 5.71366549 -2.20466480 2.05000006
v 5.79875931 -2.58562881 1.67000797
v 5.79875931 -2.58562881 1.67000797
v 5.71366549 -2.20466480 2.05000006
v 5.48922792 -2.30436996 2.05000006
v 5.79875931 -2.58562881 1.67000797
v 5.48922792 -2.30436996 2.05000006
v 5.63677922 -2.65472941 1.66999064
v 5.30176200 -2.76225097 1.66999362
v 5.34390435 -2.75120102 1.66998766
v 5.25325611 -2.38203648 2.05000006
v 5.25325611 -2.38203648 2.05000006
v 5.34390435 -2.75120102 1.66998766
v 5.47106154 -2.71362327 1.66997407
v 5.25325611 -2.38203648 2.05000006
v 5.47106154 -2.71362327 1.66997407
v 5.48922792 -2.30436996 2.05000006
v 5.48922792 -2.30436996 2.05000006
v 5.47106154 -2.71362327 1.66997407
v 5.61792254 -2.66201682 1.66998748
v 5.48922792 -2.30436996 2.05000006
v 5.61792254 -2.66201682 1.66998748
v 5.63677922 -2.65472941 1.66999064
v 5.00832722 -2.43598968 2.05000006
v 5.05072735 -2.81413309 1.67000294
v 5.22562936 -2.78048348 1.67000219
v 5.00832722 -2.43598968 2.05000006
v 5.22562936 -2.78048348 1.67000219
v 5.25325611 -2.38203648 2.05000006
v 5.25325611 -2.38203648 2.05000006
v 5.22562936 -2.78048348 1.67000219
v 5.26243672 -2.77194474 1.66999847
v 5.25325611 -2.38203648 2.05000006
v 5.26243672 -2.77194474 1.66999847
v 5.30176200 -2.76225097 1.66999362
v 5.05072735 -2.81413309 1.67000294
v 5.00832722 -2.43598968 2.05000006
v 4.89565954 -2.83462256 1.66998524
v 4.89565954 -2.83462256 1.66998524
v 5.00832722 -2.43598968 2.05000006
v 4.75774407 -2.46495605 2.05000006
v 4.89565954 -2.83462256 1.66998524
v 4.75774407 -2.46495605 2.05000006
v 4.87532616 -2.83666980 1.66998301
v 4.50465456 -2.46812869 2.05000006
v 4.69960459 -2.84825899 1.66998263
v 4.75774407 -2.46495605 2.05000006
v 4.75774407 -2.46495605 2.05000006
v 4.69960459 -2.84825899 1.66998263
v 4.78210077 -2.84417644 1.66997742
v 4.75774407 -2.46495605 2.05000006
v 4.78210077 -2.84417644 1.66997742
v 4.87532616 -2.83666980 1.66998301
v 4.20936979 -2.82310266 1.66998636
v 4.27000634 -2.83083096 1.66999437
v 4.25256826 -2.44542733 2.05000006
v 4.25256826 -2.44542733 2.05000006
v 4.27000634 -2.83083096 1.66999437
v 4.34788242 -2.83882674 1.67000256
v 4.25256826 -2.44542733 2.05000006
v 4.34788242 -2.83882674 1.67000256
v 4.50465456 -2.46812869 2.05000006
v 4.50465456 -2.46812869 2.05000006
v 4.34788242 -2.83882674 1.67000256
v 4.52373438 -2.84897946 1.67000256
v 4.50465456 -2.46812869 2.05000006
v 4.52373438 -2.84897946 1.67000256
v 4.69960459 -2.84825899 1.66998263
v 4.15332317 -2.81477887 1.66997965
v 4.25256826 -2.44542733 2.05000006
v 4.09402549 -2.80472636 1.66997593
v 4.09402549 -2.80472636 1.66997593
v 4.25256826 -2.44542733 2.05000006
v 4.00496982 -2.39725299 2.05000006
v 4.09402549 -2.80472636 1.66997593
v 4.00496982 -2.39725299 2.05000006
v 3.92115265 -2.76797153 1.66999176
v 3.92115265 -2.76797153 1.66999176
v 4.00496982 -2.39725299 2.05000006
v 3.79041843 -2.73259543 1.67000480
v 3.79041843 -2.73259543 1.67000480
v 4.00496982 -2.39725299 2.05000006
v 3.76506746 -2.32460406 2.05000006
v 3.79041843 -2.73259543 1.67000480
v 3.76506746 -2.32460406 2.05000006
v 3.75150777 -2.72076484 1.67000610
v 3.39553915 -2.58297976 1.67000275
v 3.42249237 -2.59537585 1.66999418
v 3.55613492 -2.23858487 2.05000062
v 3.55613492 -2.23858487 2.05000062
v 3.42249237 -2.59537585 1.66999418
v 3.58523279 -2.66322121 1.66999642
v 3.55613492 -2.23858487 2.05000062
v 3.58523279 -2.66322121 1.66999642
v 3.76506746 -2.32460406 2.05000006
v 3.76506746 -2.32460406 2.05000006
v 3.58523279 -2.66322121 1.66999642
v 3.64443846 -2.68503297 1.67000182
v 3.76506746 -2.32460406 2.05000006
v 3.64443846 -2.68503297 1.67000182
v 3.75150777 -2.72076484 1.67000610
v 7.05453679 -1.44836092 -1.86998285
v 6.74700290 -1.22117968 -2.25000009
v 6.76364973 -1.19143678 -2.25000009
v 3.39553580 -2.58297641 -1.87000129
v 3.55613716 -2.23858468 -2.24999804
v 3.55923101 -2.65316796 -1.86999403
v 3.55923101 -2.65316796 -1.86999403
v 3.55613716 -2.23858468 -2.24999804
v 3.74126881 -2.31592022 -2.25000009
v 3.55923101 -2.65316796 -1.86999403
v 3.74126881 -2.31592022 -2.25000009
v 3.61633748 -2.67486610 -1.86999943
v 3.61633748 -2.67486610 -1.86999943
v 3.74126881 -2.31592022 -2.25000009
v 3.72578502 -2.71260906 -1.87000595
v 3.72578502 -2.71260906 -1.87000595
v 3.74126881 -2.31592022 -2.25000009
v 3.98020744 -2.39096954 -2.25000009
v 3.72578502 -2.71260906 -1.87000595
v 3.98020744 -2.39096954 -2.25000009
v 3.79041843 -2.73259543 -1.87000483
v 4.24062349 -2.82725114 -1.86999049
v 4.15332317 -2.81477887 -1.86997969
v 4.22717072 -2.44168844 -2.25000009
v 4.22717072 -2.44168844 -2.25000009
v 4.15332317 -2.81477887 -1.86997969
v 4.06665467 -2.79965047 -1.86997633
v 4.22717072 -2.44168844 -2.25000009
v 4.06665467 -2.79965047 -1.86997633
v 3.98020744 -2.39096954 -2.25000009
v 3.98020744 -2.39096954 -2.25000009
v 4.06665467 -2.79965047 -1.86997633
v 3.89498770 -2.76142322 -1.86999515
v 3.98020744 -2.39096954 -2.25000009
v 3.89498770 -2.76142322 -1.86999515
v 3.79041843 -2.73259543 -1.87000483
v 4.24062349 -2.82725114 -1.86999049
v 4.22717072 -2.44168844 -2.25000009
v 4.31841090 -2.83605494 -1.86999999
v 4.31841090 -2.83605494 -1.86999999
v 4.22717072 -2.44168844 -2.25000009
v 4.47894670 -2.46699974 -2.25000009
v 4.31841090 -2.83605494 -1.86999999
v 4.47894670 -2.46699974 -2.25000009
v 4.49611209 -2.84810588 -1.87000446
v 4.84877490 -2.83912160 -1.86998043
v 4.75314856 -2.84588225 -1.86997820
v 4.73210625 -2.46646218 -2.25000009
v 4.73210625 -2.46646218 -2.25000009
v 4.75314856 -2.84588225 -1.86997820
v 4.67295237 -2.84906607 -1.86998565
v 4.73210625 -2.46646218 -2.25000009
v 4.67295237 -2.84906607 -1.86998565
v 4.47894670 -2.46699974 -2.25000009
v 4.47894670 -2.46699974 -2.25000009
v 4.67295237 -2.84906607 -1.86998565
v 4.52384241 -2.84898225 -1.87000260
v 4.47894670 -2.46699974 -2.25000009
v 4.52384241 -2.84898225 -1.87000260
v 4.49611209 -2.84810588 -1.87000446
v 4.84877490 -2.83912160 -1.86998043
v 4.73210625 -2.46646218 -2.25000009
v 4.89565954 -2.83462256 -1.86998527
v 4.89565954 -2.83462256 -1.86998527
v 4.73210625 -2.46646218 -2.25000009
v 4.98308577 -2.44008861 -2.25000009
v 4.89565954 -2.83462256 -1.86998527
v 4.98308577 -2.44008861 -2.25000009
v 5.02341799 -2.81837136 -1.87000055
v 5.02341799 -2.81837136 -1.87000055
v 4.98308577 -2.44008861 -2.25000009
v 5.19671626 -2.78683156 -1.87000427
v 5.19671626 -2.78683156 -1.87000427
v 4.98308577 -2.44008861 -2.25000009
v 5.22875190 -2.38861851 -2.25000009
v 5.19671626 -2.78683156 -1.87000427
v 5.22875190 -2.38861851 -2.25000009
v 5.27303256 -2.76939105 -1.86999720
v 5.27303256 -2.76939105 -1.86999720
v 5.22875190 -2.38861851 -2.25000009
v 5.44470549 -2.72194277 -1.86997540
v 5.44470549 -2.72194277 -1.86997540
v 5.22875190 -2.38861851 -2.25000009
v 5.46576567 -2.31328961 -2.25000009
v 5.44470549 -2.72194277 -1.86997540
v 5.46576567 -2.31328961 -2.25000009
v 5.58798984 -2.67327055 -1.86998285
v 5.93244433 -2.51934342 -1.86999775
v 5.85105754 -2.56073326 -1.87000688
v 5.69147430 -2.21573263 -2.25000009
v 5.69147430 -2.21573263 -2.25000009
v 5.85105754 -2.56073326 -1.87000688
v 5.77451438 -2.59673167 -1.87000707
v 5.69147430 -2.21573263 -2.25000009
v 5.77451438 -2.59673167 -1.87000707
v 5.46576567 -2.31328961 -2.25000009
v 5.46576567 -2.31328961 -2.25000009
v 5.77451438 -2.59673167 -1.87000707
v 5.61189502 -2.66431384 -1.86998658
v 5.46576567 -2.31328961 -2.25000009
v 5.61189502 -2.66431384 -1.86998658
v 5.58798984 -2.67327055 -1.86998285
v 5.93244433 -2.51934342 -1.86999775
v 5.69147430 -2.21573263 -2.25000009
v 5.95605671 -2.50671301 -1.86999384
v 5.95605671 -2.50671301 -1.86999384
v 5.69147430 -2.21573263 -2.25000009
v 5.90615459 -2.09639072 -2.25000009
v 5.95605671 -2.50671301 -1.86999384
v 5.90615459 -2.09639072 -2.25000009
v 6.08553328 -2.43221913 -1.86997019
v 6.08553328 -2.43221913 -1.86997019
v 5.90615459 -2.09639072 -2.25000009
v 6.15177676 -2.39049979 -1.86996739
v 6.15177676 -2.39049979 -1.86996739
v 5.90615459 -2.09639072 -2.25000009
v 6.08513132 -1.97362341 -2.25000009
v 6.15177676 -2.39049979 -1.86996739
v 6.08513132 -1.97362341 -2.25000009
v 6.27107620 -2.30868012 -1.86998788
v 6.56783804 -2.06158012 -1.86999030
v 6.54376298 -2.08429489 -1.86999533
v 6.27729371 -1.81315411 -2.25000009
v 6.27729371 -1.81315411 -2.25000009
v 6.54376298 -2.08429489 -1.86999533
v 6.43675625 -2.17918046 -1.87000819
v 6.27729371 -1.81315411 -2.25000009
v 6.43675625 -2.17918046 -1.87000819
v 6.08513132 -1.97362341 -2.25000009
v 6.08513132 -1.97362341 -2.25000009
v 6.43675625 -2.17918046 -1.87000819
v 6.29806668 -2.28890143 -1.86999347
v 6.08513132 -1.97362341 -2.25000009
v 6.29806668 -2.28890143 -1.86999347
v 6.27107620 -2.30868012 -1.86998788
v 6.56783804 -2.06158012 -1.86999030
v 6.27729371 -1.81315411 -2.25000009
v 6.69124946 -1.93627868 -1.86997335
v 6.69124946 -1.93627868 -1.86997335
v 6.27729371 -1.81315411 -2.25000009
v 6.45336211 -1.63275879 -2.25000009
v 6.69124946 -1.93627868 -1.86997335
v 6.45336211 -1.63275879 -2.25000009
v 6.74559176 -1.87588278 -1.86998043
v 6.61064833 -1.43459272 -2.25000009
v 6.85556978 -1.74209774 -1.87000223
v 6.45336211 -1.63275879 -2.25000009
v 6.45336211 -1.63275879 -2.25000009
v 6.85556978 -1.74209774 -1.87000223
v 6.80687055 -1.80339199 -1.86999347
v 6.45336211 -1.63275879 -2.25000009
v 6.80687055 -1.80339199 -1.86999347
v 6.74559176 -1.87588278 -1.86998043
v 7.05453679 -1.44836092 -1.86998285
v 7.02625737 -1.49525022 -1.86998937
v 6.74700290 -1.22117968 -2.25000009
v 6.74700290 -1.22117968 -2.25000009
v 7.02625737 -1.49525022 -1.86998937
v 6.95998371 -1.59780383 -1.87000297
v 6.74700290 -1.22117968 -2.25000009
v 6.95998371 -1.59780383 -1.87000297
v 6.61064833 -1.43459272 -2.25000009
v 6.61064833 -1.43459272 -2.25000009
v 6.95998371 -1.59780383 -1.87000297
v 6.92388937 -1.64985973 -1.87000614
v 6.61064833 -1.43459272 -2.25000009
v 6.92388937 -1.64985973 -1.87000614
v 6.85556978 -1.74209774 -1.87000223
v 6.87385872 -0.96453708 -2.25000009
v 7.20038190 -1.16641121 -1.86999943
v 6.76364973 -1.19143678 -2.25000009
v 6.76364973 -1.19143678 -2.25000009
v 7.20038190 -1.16641121 -1.86999943
v 7.13930354 -1.29400101 -1.86998304
v 6.76364973 -1.19143678 -2.25000009
v 7.13930354 -1.29400101 -1.86998304
v 7.05453679 -1.44836092 -1.86998285
v 7.33017996 -0.81768986 -1.86998416
v 7.30506480 -0.89728739 -1.86999459
v 6.95995539 -0.72901612 -2.25000009
v 6.95995539 -0.72901612 -2.25000009
v 7.30506480 -0.89728739 -1.86999459
v 7.27939904 -0.97124632 -1.87000260
v 6.95995539 -0.72901612 -2.25000009
v 7.27939904 -0.97124632 -1.87000260
v 6.87385872 -0.96453708 -2.25000009
v 6.87385872 -0.96453708 -2.25000009
v 7.27939904 -0.97124632 -1.87000260
v 7.21428245 -1.13491295 -1.87000260
v 6.87385872 -0.96453708 -2.25000009
v 7.21428245 -1.13491295 -1.87000260
v 7.20038190 -1.16641121 -1.86999943
v 7.33017996 -0.81768986 -1.86998416
v 6.95995539 -0.72901612 -2.25000009
v 7.35577866 -0.72676223 -1.86997708
v 7.35577866 -0.72676223 -1.86997708
v 6.95995539 -0.72901612 -2.25000009
v 7.02126026 -0.48821075 -2.25000009
v 7.35577866 -0.72676223 -1.86997708
v 7.02126026 -0.48821075 -2.25000009
v 7.39552677 -0.55455291 -1.86999217
v 7.39552677 -0.55455291 -1.86999217
v 7.02126026 -0.48821075 -2.25000009
v 7.41344020 -0.45503043 -1.87000260
v 7.41344020 -0.45503043 -1.87000260
v 7.02126026 -0.48821075 -2.25000009
v 7.05777928 -0.24517865 -2.25000009
v 7.41344020 -0.45503043 -1.87000260
v 7.05777928 -0.24517865 -2.25000009
v 7.42443800 -0.38085212 -1.87000576
v 7.06999972 0.00000067 -2.25000009
v 7.45000020 0.00000000 -1.86999999
v 7.44984522 -0.02967117 -1.86999440
v 7.44984522 -0.02967117 -1.86999440
v 7.44874328 -0.08461463 -1.86999030
v 7.06999972 0.00000067 -2.25000009
v 7.06999972 0.00000067 -2.25000009
v 7.44874328 -0.08461463 -1.86999030
v 7.44255707 -0.20583696 -1.86999664
v 7.06999972 0.00000067 -2.25000009
v 7.44255707 -0.20583696 -1.86999664
v 7.05777928 -0.24517865 -2.25000009
v 7.05777928 -0.24517865 -2.25000009
v 7.44255707 -0.20583696 -1.86999664
v 7.43504092 -0.29161859 -1.87000334
v 7.05777928 -0.24517865 -2.25000009
v 7.43504092 -0.29161859 -1.87000334
v 7.42443800 -0.38085212 -1.87000576
v 7.45000020 0.00000000 -1.86999999
v 7.06999972 0.00000067 -2.25000009
v 7.44443461 0.17802241 -1.86999422
v 7.44443461 0.17802241 -1.86999422
v 7.06999972 0.00000067 -2.25000009
v 7.05778077 0.24517584 -2.25000009
v 7.44443461 0.17802241 -1.86999422
v 7.05778077 0.24517584 -2.25000009
v 7.43504092 0.29161863 -1.87000334
v 7.02126101 0.48821024 -2.25000009
v 7.42421746 0.38248508 -1.87000576
v 7.05778077 0.24517584 -2.25000009
v 7.05778077 0.24517584 -2.25000009
v 7.42421746 0.38248508 -1.87000576
v 7.42791742 0.35409245 -1.87000576
v 7.05778077 0.24517584 -2.25000009
v 7.42791742 0.35409245 -1.87000576
v 7.43504092 0.29161863 -1.87000334
v 7.32000321 0.85092904 -1.86998844
v 7.34733716 0.75804987 -1.86997838
v 6.95995539 0.72901566 -2.25000009
v 6.95995539 0.72901566 -2.25000009
v 7.34733716 0.75804987 -1.86997838
v 7.36274570 0.69981054 -1.86997727
v 6.95995539 0.72901566 -2.25000009
v 7.36274570 0.69981054 -1.86997727
v 7.02126101 0.48821024 -2.25000009
v 7.02126101 0.48821024 -2.25000009
v 7.36274570 0.69981054 -1.86997727
v 7.40064979 0.52807191 -1.86999533
v 7.02126101 0.48821024 -2.25000009
v 7.40064979 0.52807191 -1.86999533
v 7.42421746 0.38248508 -1.87000576
v 6.87386170 0.96452897 -2.25000009
v 7.28934258 0.94336439 -1.86999999
v 6.95995539 0.72901566 -2.25000009
v 6.95995539 0.72901566 -2.25000009
v 7.28934258 0.94336439 -1.86999999
v 7.31423795 0.86914441 -1.86999086
v 6.95995539 0.72901566 -2.25000009
v 7.31423795 0.86914441 -1.86999086
v 7.32000321 0.85092904 -1.86998844
v 7.04674423 1.46148661 -1.86998453
v 7.06797987 1.42533323 -1.86998025
v 6.74699917 1.22118574 -2.25000009
v 6.74699917 1.22118574 -2.25000009
v 7.06797987 1.42533323 -1.86998025
v 7.15129897 1.27018690 -1.86998602
v 6.74699917 1.22118574 -2.25000009
v 7.15129897 1.27018690 -1.86998602
v 6.76365048 1.19143380 -2.25000009
v 6.76365048 1.19143380 -2.25000009
v 7.15129897 1.27018690 -1.86998602
v 7.22074881 1.11989938 -1.87000372
v 6.76365048 1.19143380 -2.25000009
v 7.22074881 1.11989938 -1.87000372
v 6.87386170 0.96452897 -2.25000009
v 6.87386170 0.96452897 -2.25000009
v 7.22074881 1.11989938 -1.87000372
v 7.22516477 1.10950936 -1.87000427
v 6.87386170 0.96452897 -2.25000009
v 7.22516477 1.10950936 -1.87000427
v 7.28934258 0.94336439 -1.86999999
v 7.04674423 1.46148661 -1.86998453
v 6.74699917 1.22118574 -2.25000009
v 6.97536618 1.57484431 -1.87000055
v 6.97536618 1.57484431 -1.87000055
v 6.74699917 1.22118574 -2.25000009
v 6.61064237 1.43460250 -2.25000009
v 6.97536618 1.57484431 -1.87000055
v 6.61064237 1.43460250 -2.25000009
v 6.92388266 1.64986979 -1.87000614
v 6.45335689 1.63276345 -2.25000009
v 6.82548359 1.78037193 -1.86999720
v 6.61064237 1.43460250 -2.25000009
v 6.61064237 1.43460250 -2.25000009
v 6.82548359 1.78037193 -1.86999720
v 6.87354207 1.71857625 -1.87000446
v 6.61064237 1.43460250 -2.25000009
v 6.87354207 1.71857625 -1.87000446
v 6.92388266 1.64986979 -1.87000614
v 6.56987727 2.05963161 -1.86998993
v 6.58704117 2.04307791 -1.86998621
v 6.27728552 1.81316063 -2.25000009
v 6.27728552 1.81316063 -2.25000009
v 6.58704117 2.04307791 -1.86998621
v 6.70992807 1.91590786 -1.86997484
v 6.27728552 1.81316063 -2.25000009
v 6.70992807 1.91590786 -1.86997484
v 6.45335689 1.63276345 -2.25000009
v 6.45335689 1.63276345 -2.25000009
v 6.70992807 1.91590786 -1.86997484
v 6.74558580 1.87588930 -1.86998043
v 6.45335689 1.63276345 -2.25000009
v 6.74558580 1.87588930 -1.86998043
v 6.82548359 1.78037193 -1.86999720
v 6.56987727 2.05963161 -1.86998993
v 6.27728552 1.81316063 -2.25000009
v 6.45706505 2.16189958 -1.87000725
v 6.45706505 2.16189958 -1.87000725
v 6.27728552 1.81316063 -2.25000009
v 6.08512722 1.97362565 -2.25000009
v 6.45706505 2.16189958 -1.87000725
v 6.08512722 1.97362565 -2.25000009
v 6.32018298 2.27232687 -1.86999775
v 5.90615980 2.09638756 -2.25000009
v 6.17652349 2.37425212 -1.86996982
v 6.08512722 1.97362565 -2.25000009
v 6.08512722 1.97362565 -2.25000009
v 6.17652349 2.37425212 -1.86996982
v 6.27564341 2.30536722 -1.86998881
v 6.08512722 1.97362565 -2.25000009
v 6.27564341 2.30536722 -1.86998881
v 6.32018298 2.27232687 -1.86999775
v 5.69146983 2.21573561 -2.25000009
v 5.95681295 2.50630379 -1.86999366
v 5.90615980 2.09638756 -2.25000009
v 5.90615980 2.09638756 -2.25000009
v 5.95681295 2.50630379 -1.86999366
v 6.11071736 2.41665747 -1.86996758
v 5.90615980 2.09638756 -2.25000009
v 6.11071736 2.41665747 -1.86996758
v 6.17652349 2.37425212 -1.86996982
v 5.60209639 2.66801491 -1.86998509
v 5.63677922 2.65472941 -1.86999068
v 5.46576157 2.31329147 -2.25000009
v 5.46576157 2.31329147 -2.25000009
v 5.63677922 2.65472941 -1.86999068
v 5.79875931 2.58562881 -1.87000800
v 5.46576157 2.31329147 -2.25000009
v 5.79875931 2.58562881 -1.87000800
v 5.69146983 2.21573561 -2.25000009
v 5.69146983 2.21573561 -2.25000009
v 5.79875931 2.58562881 -1.87000800
v 5.85105047 2.56073680 -1.87000688
v 5.69146983 2.21573561 -2.25000009
v 5.85105047 2.56073680 -1.87000688
v 5.95681295 2.50630379 -1.86999366
v 5.60209639 2.66801491 -1.86998509
v 5.46576157 2.31329147 -2.25000009
v 5.47106154 2.71362327 -1.86997391
v 5.47106154 2.71362327 -1.86997391
v 5.46576157 2.31329147 -2.25000009
v 5.22875302 2.38861777 -2.25000009
v 5.47106154 2.71362327 -1.86997391
v 5.22875302 2.38861777 -2.25000009
v 5.30176200 2.76225097 -1.86999347
v 4.98309396 2.44008712 -2.25000009
v 5.22562936 2.78048348 -1.87000223
v 5.22875302 2.38861777 -2.25000009
v 5.22875302 2.38861777 -2.25000009
v 5.22562936 2.78048348 -1.87000223
v 5.23496903 2.77836546 -1.87000129
v 5.22875302 2.38861777 -2.25000009
v 5.23496903 2.77836546 -1.87000129
v 5.30176200 2.76225097 -1.86999347
v 4.75314930 2.84588225 -1.86997820
v 4.85635363 2.83844732 -1.86998118
v 4.73211072 2.46646162 -2.25000009
v 4.73211072 2.46646162 -2.25000009
v 4.85635363 2.83844732 -1.86998118
v 4.87532616 2.83666980 -1.86998304
v 4.73211072 2.46646162 -2.25000009
v 4.87532616 2.83666980 -1.86998304
v 4.98309396 2.44008712 -2.25000009
v 4.98309396 2.44008712 -2.25000009
v 4.87532616 2.83666980 -1.86998304
v 5.05072735 2.81413309 -1.87000278
v 4.98309396 2.44008712 -2.25000009
v 5.05072735 2.81413309 -1.87000278
v 5.22562936 2.78048348 -1.87000223
v 4.75314930 2.84588225 -1.86997820
v 4.73211072 2.46646162 -2.25000009
v 4.69960459 2.84825899 -1.86998267
v 4.69960459 2.84825899 -1.86998267
v 4.73211072 2.46646162 -2.25000009
v 4.47894894 2.46699993 -2.25000009
v 4.69960459 2.84825899 -1.86998267
v 4.47894894 2.46699993 -2.25000009
v 4.52373438 2.84897946 -1.87000260
v 4.18034568 2.81893425 -1.86998267
v 4.27000634 2.83083096 -1.86999440
v 4.22717147 2.44168825 -2.25000009
v 4.22717147 2.44168825 -2.25000009
v 4.27000634 2.83083096 -1.86999440
v 4.34788242 2.83882674 -1.87000260
v 4.22717147 2.44168825 -2.25000009
v 4.34788242 2.83882674 -1.87000260
v 4.47894894 2.46699993 -2.25000009
v 4.47894894 2.46699993 -2.25000009
v 4.34788242 2.83882674 -1.87000260
v 4.47309986 2.84717344 -1.87000558
v 4.47894894 2.46699993 -2.25000009
v 4.47309986 2.84717344 -1.87000558
v 4.52373438 2.84897946 -1.87000260
v 4.18034568 2.81893425 -1.86998267
v 4.22717147 2.44168825 -2.25000009
v 4.09402549 2.80472636 -1.86997596
v 4.09402549 2.80472636 -1.86997596
v 4.22717147 2.44168825 -2.25000009
v 3.98020633 2.39096917 -2.25000009
v 4.09402549 2.80472636 -1.86997596
v 3.98020633 2.39096917 -2.25000009
v 3.92115265 2.76797153 -1.86999179
v 3.92115265 2.76797153 -1.86999179
v 3.98020633 2.39096917 -2.25000009
v 3.75150777 2.72076484 -1.87000595
v 3.75150777 2.72076484 -1.87000595
v 3.98020633 2.39096917 -2.25000009
v 3.74127291 2.31592171 -2.25000009
v 3.75150777 2.72076484 -1.87000595
v 3.74127291 2.31592171 -2.25000009
v 3.61634046 2.67486703 -1.86999943
v 3.47583368 2.41077803 -2.05999985
v 3.39553915 2.58297790 -1.87000036
v 3.42249237 2.59537585 -1.86999422
v 3.42249237 2.59537585 -1.86999422
v 3.58523279 2.66322121 -1.86999645
v 3.47583368 2.41077803 -2.05999985
v 3.47583368 2.41077803 -2.05999985
v 3.58523279 2.66322121 -1.86999645
v 3.61634046 2.67486703 -1.86999943
v 3.47583368 2.41077803 -2.05999985
v 3.61634046 2.67486703 -1.86999943
v 3.51511911 2.32652966 -2.15295739
v 3.51511911 2.32652966 -2.15295739
v 3.61634046 2.67486703 -1.86999943
v 3.74127291 2.31592171 -2.25000009
v 3.51511911 2.32652966 -2.15295739
v 3.74127291 2.31592171 -2.25000009
v 3.55612561 2.23857742 -2.24999823
v -2.45453678 1.86998285 1.44836092
v -2.14699842 2.25000009 1.22118685
v -2.16365121 2.25000009 1.19143305
v 1.20446421 1.87000129 2.58297641
v 1.04386285 2.24999804 2.23858468
v 1.04076900 1.86999403 2.65316796
v 1.04076900 1.86999403 2.65316796
v 1.04386285 2.24999804 2.23858468
v 0.85873380 2.25000009 2.31591929
v 1.04076900 1.86999403 2.65316796
v 0.85873380 2.25000009 2.31591929
v 0.98365955 1.86999943 2.67486703
v 0.98365955 1.86999943 2.67486703
v 0.85873380 2.25000009 2.31591929
v 0.87421499 1.87000595 2.71260906
v 0.87421499 1.87000595 2.71260906
v 0.85873380 2.25000009 2.31591929
v 0.61979629 2.25000009 2.39096861
v 0.87421499 1.87000595 2.71260906
v 0.61979629 2.25000009 2.39096861
v 0.80958158 1.87000483 2.73259543
v 0.35937652 1.86999049 2.82725114
v 0.44667684 1.86997969 2.81477887
v 0.37282892 2.25000009 2.44168863
v 0.37282892 2.25000009 2.44168863
v 0.44667684 1.86997969 2.81477887
v 0.53334534 1.86997633 2.79965047
v 0.37282892 2.25000009 2.44168863
v 0.53334534 1.86997633 2.79965047
v 0.61979629 2.25000009 2.39096861
v 0.61979629 2.25000009 2.39096861
v 0.53334534 1.86997633 2.79965047
v 0.70501231 1.86999515 2.76142322
v 0.61979629 2.25000009 2.39096861
v 0.70501231 1.86999515 2.76142322
v 0.80958158 1.87000483 2.73259543
v 0.35937652 1.86999049 2.82725114
v 0.37282892 2.25000009 2.44168863
v 0.28158911 1.86999999 2.83605494
v 0.28158911 1.86999999 2.83605494
v 0.37282892 2.25000009 2.44168863
v 0.12105404 2.25000009 2.46699974
v 0.28158911 1.86999999 2.83605494
v 0.12105404 2.25000009 2.46699974
v 0.10388790 1.87000446 2.84810588
v -0.24877489 1.86998043 2.83912160
v -0.15314707 1.86997820 2.84588225
v -0.13211035 2.25000009 2.46646181
v -0.13211035 2.25000009 2.46646181
v -0.15314707 1.86997820 2.84588225
v -0.07295237 1.86998565 2.84906607
v -0.13211035 2.25000009 2.46646181
v -0.07295237 1.86998565 2.84906607
v 0.12105404 2.25000009 2.46699974
v 0.12105404 2.25000009 2.46699974
v -0.07295237 1.86998565 2.84906607
v 0.07615759 1.87000260 2.84898225
v 0.12105404 2.25000009 2.46699974
v 0.07615759 1.87000260 2.84898225
v 0.10388790 1.87000446 2.84810588
v -0.24877489 1.86998043 2.83912160
v -0.13211035 2.25000009 2.46646181
v -0.29565953 1.86998527 2.83462256
v -0.29565953 1.86998527 2.83462256
v -0.13211035 2.25000009 2.46646181
v -0.38309060 2.25000009 2.44008768
v -0.29565953 1.86998527 2.83462256
v -0.38309060 2.25000009 2.44008768
v -0.42341799 1.87000055 2.81837136
v -0.42341799 1.87000055 2.81837136
v -0.38309060 2.25000009 2.44008768
v -0.59671625 1.87000427 2.78683156
v -0.59671625 1.87000427 2.78683156
v -0.38309060 2.25000009 2.44008768
v -0.62875152 2.25000009 2.38861814
v -0.59671625 1.87000427 2.78683156
v -0.62875152 2.25000009 2.38861814
v -0.67303255 1.86999720 2.76939105
v -0.67303255 1.86999720 2.76939105
v -0.62875152 2.25000009 2.38861814
v -0.84470548 1.86997540 2.72194277
v -0.84470548 1.86997540 2.72194277
v -0.62875152 2.25000009 2.38861814
v -0.86576380 2.25000009 2.31329054
v -0.84470548 1.86997540 2.72194277
v -0.86576380 2.25000009 2.31329054
v -0.98798722 1.86998285 2.67327167
v -1.33244433 1.86999775 2.51934342
v -1.25105008 1.87000688 2.56073680
v -1.09147057 2.25000009 2.21573543
v -1.09147057 2.25000009 2.21573543
v -1.25105008 1.87000688 2.56073680
v -1.17451437 1.87000707 2.59673167
v -1.09147057 2.25000009 2.21573543
v -1.17451437 1.87000707 2.59673167
v -0.86576380 2.25000009 2.31329054
v -0.86576380 2.25000009 2.31329054
v -1.17451437 1.87000707 2.59673167
v -1.01189502 1.86998658 2.66431384
v -0.86576380 2.25000009 2.31329054
v -1.01189502 1.86998658 2.66431384
v -0.98798722 1.86998285 2.67327167
v -1.33244433 1.86999775 2.51934342
v -1.09147057 2.25000009 2.21573543
v -1.35605671 1.86999384 2.50671301
v -1.35605671 1.86999384 2.50671301
v -1.09147057 2.25000009 2.21573543
v -1.30615793 2.25000009 2.09638830
v -1.35605671 1.86999384 2.50671301
v -1.30615793 2.25000009 2.09638830
v -1.48553327 1.86997019 2.43221931
v -1.48553327 1.86997019 2.43221931
v -1.30615793 2.25000009 2.09638830
v -1.55177675 1.86996739 2.39049979
v -1.55177675 1.86996739 2.39049979
v -1.30615793 2.25000009 2.09638830
v -1.48512535 2.25000009 1.97362714
v -1.55177675 1.86996739 2.39049979
v -1.48512535 2.25000009 1.97362714
v -1.67107619 1.86998788 2.30868012
v -1.96783803 1.86999030 2.06158012
v -1.94375850 1.86999533 2.08429918
v -1.67728402 2.25000009 1.81316193
v -1.67728402 2.25000009 1.81316193
v -1.94375850 1.86999533 2.08429918
v -1.83675624 1.87000819 2.17918046
v -1.67728402 2.25000009 1.81316193
v -1.83675624 1.87000819 2.17918046
v -1.48512535 2.25000009 1.97362714
v -1.48512535 2.25000009 1.97362714
v -1.83675624 1.87000819 2.17918046
v -1.69806667 1.86999347 2.28890143
v -1.48512535 2.25000009 1.97362714
v -1.69806667 1.86999347 2.28890143
v -1.67107619 1.86998788 2.30868012
v -1.96783803 1.86999030 2.06158012
v -1.67728402 2.25000009 1.81316193
v -2.09124945 1.86997335 1.93627868
v -2.09124945 1.86997335 1.93627868
v -1.67728402 2.25000009 1.81316193
v -1.85335614 2.25000009 1.63276494
v -2.09124945 1.86997335 1.93627868
v -1.85335614 2.25000009 1.63276494
v -2.14558430 1.86998043 1.87589135
v -2.01064087 2.25000009 1.43460371
v -2.25556977 1.87000223 1.74209774
v -1.85335614 2.25000009 1.63276494
v -1.85335614 2.25000009 1.63276494
v -2.25556977 1.87000223 1.74209774
v -2.20687054 1.86999347 1.80339199
v -1.85335614 2.25000009 1.63276494
v -2.20687054 1.86999347 1.80339199
v -2.14558430 1.86998043 1.87589135
v -2.45453678 1.86998285 1.44836092
v -2.42625810 1.86998937 1.49525022
v -2.14699842 2.25000009 1.22118685
v -2.14699842 2.25000009 1.22118685
v -2.42625810 1.86998937 1.49525022
v -2.35998370 1.87000297 1.59780383
v -2.14699842 2.25000009 1.22118685
v -2.35998370 1.87000297 1.59780383
v -2.01064087 2.25000009 1.43460371
v -2.01064087 2.25000009 1.43460371
v -2.35998370 1.87000297 1.59780383
v -2.32388116 1.87000614 1.64987184
v -2.01064087 2.25000009 1.43460371
v -2.32388116 1.87000614 1.64987184
v -2.25556977 1.87000223 1.74209774
v -2.27386169 2.25000009 0.96452851
v -2.60038190 1.86999943 1.16641121
v -2.16365121 2.25000009 1.19143305
v -2.16365121 2.25000009 1.19143305
v -2.60038190 1.86999943 1.16641121
v -2.53930353 1.86998304 1.29400101
v -2.16365121 2.25000009 1.19143305
v -2.53930353 1.86998304 1.29400101
v -2.45453678 1.86998285 1.44836092
v -2.73017995 1.86998416 0.81768995
v -2.70506479 1.86999459 0.89728739
v -2.35995539 2.25000009 0.72901524
v -2.35995539 2.25000009 0.72901524
v -2.70506479 1.86999459 0.89728739
v -2.67939903 1.87000260 0.97124632
v -2.35995539 2.25000009 0.72901524
v -2.67939903 1.87000260 0.97124632
v -2.27386169 2.25000009 0.96452851
v -2.27386169 2.25000009 0.96452851
v -2.67939903 1.87000260 0.97124632
v -2.61428244 1.87000260 1.13491304
v -2.27386169 2.25000009 0.96452851
v -2.61428244 1.87000260 1.13491304
v -2.60038190 1.86999943 1.16641121
v -2.73017995 1.86998416 0.81768995
v -2.35995539 2.25000009 0.72901524
v -2.75577866 1.86997708 0.72676227
v -2.75577866 1.86997708 0.72676227
v -2.35995539 2.25000009 0.72901524
v -2.42126100 2.25000009 0.48820991
v -2.75577866 1.86997708 0.72676227
v -2.42126100 2.25000009 0.48820991
v -2.79552676 1.86999217 0.55455295
v -2.79552676 1.86999217 0.55455295
v -2.42126100 2.25000009 0.48820991
v -2.81344019 1.87000260 0.45503043
v -2.81344019 1.87000260 0.45503043
v -2.42126100 2.25000009 0.48820991
v -2.45778076 2.25000009 0.24517570
v -2.81344019 1.87000260 0.45503043
v -2.45778076 2.25000009 0.24517570
v -2.82443799 1.87000576 0.38085217
v -2.85000019 1.86999999 0.00000000
v -2.84984522 1.86999440 0.02967121
v -2.46999972 2.25000009 0.00000067
v -2.46999972 2.25000009 0.00000067
v -2.84984522 1.86999440 0.02967121
v -2.84255706 1.86999664 0.20583698
v -2.46999972 2.25000009 0.00000067
v -2.84255706 1.86999664 0.20583698
v -2.45778076 2.25000009 0.24517570
v -2.45778076 2.25000009 0.24517570
v -2.84255706 1.86999664 0.20583698
v -2.83504091 1.87000334 0.29161845
v -2.45778076 2.25000009 0.24517570
v -2.83504091 1.87000334 0.29161845
v -2.82443799 1.87000576 0.38085217
v -0.09960459 1.86998267 -2.84825899
v -0.15314893 1.86997820 -2.84588225
v -0.13210663 2.25000009 -2.46646218
v -2.85000019 1.86999999 0.00000000
v -2.46999972 2.25000009 0.00000067
v -2.84443460 1.86999422 -0.17802241
v -2.84443460 1.86999422 -0.17802241
v -2.46999972 2.25000009 0.00000067
v -2.45778002 2.25000009 -0.24517879
v -2.84443460 1.86999422 -0.17802241
v -2.45778002 2.25000009 -0.24517879
v -2.83504091 1.87000334 -0.29161877
v -2.42126025 2.25000009 -0.48821103
v -2.82421745 1.87000576 -0.38248508
v -2.45778002 2.25000009 -0.24517879
v -2.45778002 2.25000009 -0.24517879
v -2.82421745 1.87000576 -0.38248508
v -2.82791741 1.87000576 -0.35409245
v -2.45778002 2.25000009 -0.24517879
v -2.82791741 1.87000576 -0.35409245
v -2.83504091 1.87000334 -0.29161877
v -2.72000246 1.86998844 -0.85093211
v -2.74733715 1.86997838 -0.75804987
v -2.35995539 2.25000009 -0.72901649
v -2.35995539 2.25000009 -0.72901649
v -2.74733715 1.86997838 -0.75804987
v -2.76274569 1.86997727 -0.69981054
v -2.35995539 2.25000009 -0.72901649
v -2.76274569 1.86997727 -0.69981054
v -2.42126025 2.25000009 -0.48821103
v -2.42126025 2.25000009 -0.48821103
v -2.76274569 1.86997727 -0.69981054
v -2.80064978 1.86999533 -0.52807191
v -2.42126025 2.25000009 -0.48821103
v -2.80064978 1.86999533 -0.52807191
v -2.82421745 1.87000576 -0.38248508
v -2.27385871 2.25000009 -0.96453754
v -2.68934257 1.86999999 -0.94336439
v -2.35995539 2.25000009 -0.72901649
v -2.35995539 2.25000009 -0.72901649
v -2.68934257 1.86999999 -0.94336439
v -2.71423794 1.86999086 -0.86914441
v -2.35995539 2.25000009 -0.72901649
v -2.71423794 1.86999086 -0.86914441
v -2.72000246 1.86998844 -0.85093211
v -2.44674422 1.86998453 -1.46148661
v -2.46797986 1.86998025 -1.42533323
v -2.14700438 2.25000009 -1.22117847
v -2.14700438 2.25000009 -1.22117847
v -2.46797986 1.86998025 -1.42533323
v -2.55129896 1.86998602 -1.27018690
v -2.14700438 2.25000009 -1.22117847
v -2.55129896 1.86998602 -1.27018690
v -2.16364972 2.25000009 -1.19143743
v -2.16364972 2.25000009 -1.19143743
v -2.55129896 1.86998602 -1.27018690
v -2.62074880 1.87000372 -1.11989938
v -2.16364972 2.25000009 -1.19143743
v -2.62074880 1.87000372 -1.11989938
v -2.27385871 2.25000009 -0.96453754
v -2.27385871 2.25000009 -0.96453754
v -2.62074880 1.87000372 -1.11989938
v -2.62516476 1.87000427 -1.10950936
v -2.27385871 2.25000009 -0.96453754
v -2.62516476 1.87000427 -1.10950936
v -2.68934257 1.86999999 -0.94336439
v -2.44674422 1.86998453 -1.46148661
v -2.14700438 2.25000009 -1.22117847
v -2.37536617 1.87000055 -1.57484431
v -2.37536617 1.87000055 -1.57484431
v -2.14700438 2.25000009 -1.22117847
v -2.01064907 2.25000009 -1.43459151
v -2.37536617 1.87000055 -1.57484431
v -2.01064907 2.25000009 -1.43459151
v -2.32389085 1.87000614 -1.64985787
v -1.85336284 2.25000009 -1.63275730
v -2.22548358 1.86999720 -1.78037193
v -2.01064907 2.25000009 -1.43459151
v -2.01064907 2.25000009 -1.43459151
v -2.22548358 1.86999720 -1.78037193
v -2.27354281 1.87000446 -1.71857625
v -2.01064907 2.25000009 -1.43459151
v -2.27354281 1.87000446 -1.71857625
v -2.32389085 1.87000614 -1.64985787
v -1.96987726 1.86998993 -2.05963161
v -1.98704116 1.86998621 -2.04307791
v -1.67729519 2.25000009 -1.81315262
v -1.67729519 2.25000009 -1.81315262
v -1.98704116 1.86998621 -2.04307791
v -2.10992806 1.86997484 -1.91590786
v -1.67729519 2.25000009 -1.81315262
v -2.10992806 1.86997484 -1.91590786
v -1.85336284 2.25000009 -1.63275730
v -1.85336284 2.25000009 -1.63275730
v -2.10992806 1.86997484 -1.91590786
v -2.14559324 1.86998043 -1.87588092
v -1.85336284 2.25000009 -1.63275730
v -2.14559324 1.86998043 -1.87588092
v -2.22548358 1.86999720 -1.78037193
v -1.67564340 1.86998881 -2.30536722
v -1.72018297 1.86999775 -2.27232687
v -1.48513280 2.25000009 -1.97362229
v -1.48513280 2.25000009 -1.97362229
v -1.72018297 1.86999775 -2.27232687
v -1.85706504 1.87000725 -2.16189958
v -1.48513280 2.25000009 -1.97362229
v -1.85706504 1.87000725 -2.16189958
v -1.67729519 2.25000009 -1.81315262
v -1.67729519 2.25000009 -1.81315262
v -1.85706504 1.87000725 -2.16189958
v -1.94376446 1.86999533 -2.08429359
v -1.67729519 2.25000009 -1.81315262
v -1.94376446 1.86999533 -2.08429359
v -1.96987726 1.86998993 -2.05963161
v -1.67564340 1.86998881 -2.30536722
v -1.48513280 2.25000009 -1.97362229
v -1.57652348 1.86996982 -2.37425212
v -1.57652348 1.86996982 -2.37425212
v -1.48513280 2.25000009 -1.97362229
v -1.30615495 2.25000009 -2.09639035
v -1.57652348 1.86996982 -2.37425212
v -1.30615495 2.25000009 -2.09639035
v -1.51071735 1.86996758 -2.41665747
v -1.51071735 1.86996758 -2.41665747
v -1.30615495 2.25000009 -2.09639035
v -1.35681294 1.86999366 -2.50630379
v -1.35681294 1.86999366 -2.50630379
v -1.30615495 2.25000009 -2.09639035
v -1.09147504 2.25000009 -2.21573245
v -1.35681294 1.86999366 -2.50630379
v -1.09147504 2.25000009 -2.21573245
v -1.25105754 1.87000688 -2.56073326
v -1.25105754 1.87000688 -2.56073326
v -1.09147504 2.25000009 -2.21573245
v -1.19875930 1.87000800 -2.58562881
v -1.19875930 1.87000800 -2.58562881
v -1.09147504 2.25000009 -2.21573245
v -0.86576566 2.25000009 -2.31328961
v -1.19875930 1.87000800 -2.58562881
v -0.86576566 2.25000009 -2.31328961
v -1.03677921 1.86999068 -2.65472941
v -0.62875040 2.25000009 -2.38861889
v -0.87106153 1.86997391 -2.71362327
v -0.86576566 2.25000009 -2.31328961
v -0.86576566 2.25000009 -2.31328961
v -0.87106153 1.86997391 -2.71362327
v -1.00209638 1.86998509 -2.66801491
v -0.86576566 2.25000009 -2.31328961
v -1.00209638 1.86998509 -2.66801491
v -1.03677921 1.86999068 -2.65472941
v -0.63496903 1.87000129 -2.77836546
v -0.62875040 2.25000009 -2.38861889
v -0.62562935 1.87000223 -2.78048348
v -0.62562935 1.87000223 -2.78048348
v -0.62875040 2.25000009 -2.38861889
v -0.38308464 2.25000009 -2.44008880
v -0.63496903 1.87000129 -2.77836546
v -0.70176199 1.86999347 -2.76225097
v -0.62875040 2.25000009 -2.38861889
v -0.62875040 2.25000009 -2.38861889
v -0.70176199 1.86999347 -2.76225097
v -0.71592778 1.86999161 -2.75861323
v -0.62875040 2.25000009 -2.38861889
v -0.71592778 1.86999161 -2.75861323
v -0.87106153 1.86997391 -2.71362327
v -0.15314893 1.86997820 -2.84588225
v -0.25635362 1.86998118 -2.83844732
v -0.13210663 2.25000009 -2.46646218
v -0.13210663 2.25000009 -2.46646218
v -0.25635362 1.86998118 -2.83844732
v -0.27532615 1.86998304 -2.83666980
v -0.13210663 2.25000009 -2.46646218
v -0.27532615 1.86998304 -2.83666980
v -0.38308464 2.25000009 -2.44008880
v -0.38308464 2.25000009 -2.44008880
v -0.27532615 1.86998304 -2.83666980
v -0.45072734 1.87000278 -2.81413309
v -0.38308464 2.25000009 -2.44008880
v -0.45072734 1.87000278 -2.81413309
v -0.62562935 1.87000223 -2.78048348
v -0.09960459 1.86998267 -2.84825899
v -0.13210663 2.25000009 -2.46646218
v 0.07626562 1.87000260 -2.84897946
v 0.07626562 1.87000260 -2.84897946
v -0.13210663 2.25000009 -2.46646218
v 0.12105292 2.25000009 -2.46699974
v 0.07626562 1.87000260 -2.84897946
v 0.12105292 2.25000009 -2.46699974
v 0.13315863 1.87000576 -2.84688752
v 0.13315863 1.87000576 -2.84688752
v 0.12105292 2.25000009 -2.46699974
v 0.25211759 1.87000260 -2.83882674
v 0.25211759 1.87000260 -2.83882674
v 0.12105292 2.25000009 -2.46699974
v 0.37282929 2.25000009 -2.44168844
v 0.25211759 1.87000260 -2.83882674
v 0.37282929 2.25000009 -2.44168844
v 0.32999367 1.86999440 -2.83083096
v 0.61979219 2.25000009 -2.39096973
v 0.50597452 1.86997596 -2.80472636
v 0.37282929 2.25000009 -2.44168844
v 0.37282929 2.25000009 -2.44168844
v 0.50597452 1.86997596 -2.80472636
v 0.41965693 1.86998267 -2.81893387
v 0.37282929 2.25000009 -2.44168844
v 0.41965693 1.86998267 -2.81893387
v 0.32999367 1.86999440 -2.83083096
v 0.85873120 2.25000009 -2.31592022
v 0.84849223 1.87000595 -2.72076484
v 0.61979219 2.25000009 -2.39096973
v 0.61979219 2.25000009 -2.39096973
v 0.84849223 1.87000595 -2.72076484
v 0.67884736 1.86999179 -2.76797153
v 0.61979219 2.25000009 -2.39096973
v 0.67884736 1.86999179 -2.76797153
v 0.50597452 1.86997596 -2.80472636
v 1.04387440 2.24999823 -2.23857742
v 0.98366365 1.86999943 -2.67486554
v 0.85873120 2.25000009 -2.31592022
v 0.85873120 2.25000009 -2.31592022
v 0.98366365 1.86999943 -2.67486554
v 0.87962709 1.87000595 -2.71085892
v 0.85873120 2.25000009 -2.31592022
v 0.87962709 1.87000595 -2.71085892
v 0.84849223 1.87000595 -2.72076484
v 1.16344914 1.96704231 -2.49502733
v 1.20446086 1.87000036 -2.58297771
v 1.17750764 1.86999422 -2.59537585
v 1.04387440 2.24999823 -2.23857742
v 1.12416409 2.06000023 -2.41077878
v 0.98366365 1.86999943 -2.67486554
v 0.98366365 1.86999943 -2.67486554
v 1.12416409 2.06000023 -2.41077878
v 1.16344914 1.96704231 -2.49502733
v 0.98366365 1.86999943 -2.67486554
v 1.16344914 1.96704231 -2.49502733
v 1.01476721 1.86999645 -2.66322121
v 1.01476721 1.86999645 -2.66322121
v 1.16344914 1.96704231 -2.49502733
v 1.17750764 1.86999422 -2.59537585
v -2.85000019 -1.67001393 0.00000000
v -2.47001387 -2.05000006 -0.00000067
v -2.84443460 -1.67001747 0.17802246
v -2.84443460 -1.67001747 0.17802246
v -2.47001387 -2.05000006 -0.00000067
v -2.45734565 -2.05000006 0.24962984
v -2.41951235 -2.05000006 0.49687461
v -2.82791741 -1.67000871 0.35409250
v -2.45734565 -2.05000006 0.24962984
v -2.45734565 -2.05000006 0.24962984
v -2.82791741 -1.67000871 0.35409250
v -2.83540748 -1.67001057 0.28803379
v -2.45734565 -2.05000006 0.24962984
v -2.83540748 -1.67001057 0.28803379
v -2.84443460 -1.67001747 0.17802246
v -2.71423794 -1.67001951 0.86914450
v -2.73017995 -1.67002585 0.81768995
v -2.35669129 -2.05000006 0.73953830
v -2.35669129 -2.05000006 0.73953830
v -2.73017995 -1.67002585 0.81768995
v -2.76274569 -1.67003293 0.69981059
v -2.35669129 -2.05000006 0.73953830
v -2.76274569 -1.67003293 0.69981059
v -2.41951235 -2.05000006 0.49687461
v -2.41951235 -2.05000006 0.49687461
v -2.76274569 -1.67003293 0.69981059
v -2.80064978 -1.67001765 0.52807201
v -2.41951235 -2.05000006 0.49687461
v -2.80064978 -1.67001765 0.52807201
v -2.82791741 -1.67000871 0.35409250
v -2.71423794 -1.67001951 0.86914450
v -2.35669129 -2.05000006 0.73953830
v -2.68934257 -1.67001095 0.94336504
v -2.68934257 -1.67001095 0.94336504
v -2.35669129 -2.05000006 0.73953830
v -2.26977505 -2.05000006 0.97414143
v -2.68934257 -1.67001095 0.94336504
v -2.26977505 -2.05000006 0.97414143
v -2.62516402 -1.67000722 1.10951001
v -2.46797986 -1.67002995 1.42533388
v -2.49176063 -1.67003293 1.38333971
v -2.15953849 -2.05000006 1.19889630
v -2.15953849 -2.05000006 1.19889630
v -2.49176063 -1.67003293 1.38333971
v -2.55129822 -1.67002510 1.27018765
v -2.15953849 -2.05000006 1.19889630
v -2.55129822 -1.67002510 1.27018765
v -2.26977505 -2.05000006 0.97414143
v -2.26977505 -2.05000006 0.97414143
v -2.55129822 -1.67002510 1.27018765
v -2.60038190 -1.67001206 1.16641121
v -2.26977505 -2.05000006 0.97414143
v -2.60038190 -1.67001206 1.16641121
v -2.62516402 -1.67000722 1.10951001
v -2.46797986 -1.67002995 1.42533388
v -2.15953849 -2.05000006 1.19889630
v -2.42625810 -1.67002100 1.49525022
v -2.42625810 -1.67002100 1.49525022
v -2.15953849 -2.05000006 1.19889630
v -2.02712901 -2.05000006 1.41123235
v -2.42625810 -1.67002100 1.49525022
v -2.02712901 -2.05000006 1.41123235
v -2.37536617 -1.67000983 1.57484487
v -2.21077614 -1.67001337 1.79860145
v -2.22548209 -1.67001095 1.78037304
v -1.87393390 -2.05000006 1.60911474
v -1.87393390 -2.05000006 1.60911474
v -2.22548209 -1.67001095 1.78037304
v -2.27354206 -1.67000499 1.71857700
v -1.87393390 -2.05000006 1.60911474
v -2.27354206 -1.67000499 1.71857700
v -2.02712901 -2.05000006 1.41123235
v -2.02712901 -2.05000006 1.41123235
v -2.27354206 -1.67000499 1.71857700
v -2.33900510 -1.67000499 1.62835978
v -2.02712901 -2.05000006 1.41123235
v -2.33900510 -1.67000499 1.62835978
v -2.37536617 -1.67000983 1.57484487
v -1.95761062 -1.67001560 2.07129419
v -1.98704042 -1.67002063 2.04307903
v -1.70118846 -2.05000006 1.79077219
v -1.70118846 -2.05000006 1.79077219
v -1.98704042 -1.67002063 2.04307903
v -2.10992731 -1.67002995 1.91590898
v -1.70118846 -2.05000006 1.79077219
v -2.10992731 -1.67002995 1.91590898
v -1.87393390 -2.05000006 1.60911474
v -1.87393390 -2.05000006 1.60911474
v -2.10992731 -1.67002995 1.91590898
v -2.16223039 -1.67002250 1.85667984
v -1.87393390 -2.05000006 1.60911474
v -2.16223039 -1.67002250 1.85667984
v -2.21077614 -1.67001337 1.79860145
v -1.95761062 -1.67001560 2.07129419
v -1.70118846 -2.05000006 1.79077219
v -1.85706355 -1.67000294 2.16190051
v -1.85706355 -1.67000294 2.16190051
v -1.70118846 -2.05000006 1.79077219
v -1.51130110 -2.05000006 1.95366405
v -1.85706355 -1.67000294 2.16190051
v -1.51130110 -2.05000006 1.95366405
v -1.72018223 -1.67000834 2.27232799
v -1.30616501 -2.05000006 2.09639315
v -1.57652199 -1.67002790 2.37425324
v -1.51130110 -2.05000006 1.95366405
v -1.51130110 -2.05000006 1.95366405
v -1.57652199 -1.67002790 2.37425324
v -1.67107619 -1.67001523 2.30868012
v -1.51130110 -2.05000006 1.95366405
v -1.67107619 -1.67001523 2.30868012
v -1.72018223 -1.67000834 2.27232799
v -1.08736828 -2.05000006 2.21775714
v -1.35681145 -1.67001039 2.50630453
v -1.30616501 -2.05000006 2.09639315
v -1.30616501 -2.05000006 2.09639315
v -1.35681145 -1.67001039 2.50630453
v -1.51071586 -1.67002939 2.41665822
v -1.30616501 -2.05000006 2.09639315
v -1.51071586 -1.67002939 2.41665822
v -1.57652199 -1.67002790 2.37425324
v -1.01792254 -1.67001709 2.66201682
v -1.03677772 -1.67001467 2.65472997
v -0.85729174 -2.05000006 2.31645014
v -0.85729174 -2.05000006 2.31645014
v -1.03677772 -1.67001467 2.65472997
v -1.19875781 -1.67000014 2.58562937
v -0.85729174 -2.05000006 2.31645014
v -1.19875781 -1.67000014 2.58562937
v -1.08736828 -2.05000006 2.21775714
v -1.08736828 -2.05000006 2.21775714
v -1.19875781 -1.67000014 2.58562937
v -1.25465915 -1.67000089 2.55897064
v -1.08736828 -2.05000006 2.21775714
v -1.25465915 -1.67000089 2.55897064
v -1.35681145 -1.67001039 2.50630453
v -1.01792254 -1.67001709 2.66201682
v -0.85729174 -2.05000006 2.31645014
v -0.87106004 -1.67002790 2.71362383
v -0.87106004 -1.67002790 2.71362383
v -0.85729174 -2.05000006 2.31645014
v -0.61815903 -2.05000006 2.39138454
v -0.87106004 -1.67002790 2.71362383
v -0.61815903 -2.05000006 2.39138454
v -0.70176050 -1.67000964 2.76225135
v -0.37312731 -2.05000006 2.44163536
v -0.62562786 -1.67000182 2.78048366
v -0.61815903 -2.05000006 2.39138454
v -0.61815903 -2.05000006 2.39138454
v -0.62562786 -1.67000182 2.78048366
v -0.66243671 -1.67000517 2.77194474
v -0.61815903 -2.05000006 2.39138454
v -0.66243671 -1.67000517 2.77194474
v -0.70176050 -1.67000964 2.76225135
v -0.14268869 -1.67002436 2.84642577
v -0.27532466 -1.67002100 2.83666998
v -0.12367183 -2.05000006 2.46690102
v -0.12367183 -2.05000006 2.46690102
v -0.27532466 -1.67002100 2.83666998
v -0.29565953 -1.67001877 2.83462256
v -0.12367183 -2.05000006 2.46690102
v -0.29565953 -1.67001877 2.83462256
v -0.37312731 -2.05000006 2.44163536
v -0.37312731 -2.05000006 2.44163536
v -0.29565953 -1.67001877 2.83462256
v -0.45072585 -1.67000182 2.81413328
v -0.37312731 -2.05000006 2.44163536
v -0.45072585 -1.67000182 2.81413328
v -0.62562786 -1.67000182 2.78048366
v 0.25211908 -1.66999940 2.83882655
v 0.14591886 -1.66999698 2.84626205
v 0.12645981 -2.05000006 2.46672966
v 0.12645981 -2.05000006 2.46672966
v 0.14591886 -1.66999698 2.84626205
v 0.07626711 -1.67000070 2.84897927
v 0.12645981 -2.05000006 2.46672966
v 0.07626711 -1.67000070 2.84897927
v -0.12367183 -2.05000006 2.46690102
v -0.12367183 -2.05000006 2.46690102
v 0.07626711 -1.67000070 2.84897927
v -0.09960310 -1.67002045 2.84825899
v -0.12367183 -2.05000006 2.46690102
v -0.09960310 -1.67002045 2.84825899
v -0.14268869 -1.67002436 2.84642577
v 0.25211908 -1.66999940 2.83882655
v 0.12645981 -2.05000006 2.46672966
v 0.32999516 -1.67000629 2.83083078
v 0.32999516 -1.67000629 2.83083078
v 0.12645981 -2.05000006 2.46672966
v 0.37557483 -2.05000006 2.44126916
v 0.32999516 -1.67000629 2.83083078
v 0.37557483 -2.05000006 2.44126916
v 0.44667684 -1.67001914 2.81477887
v 0.44667684 -1.67001914 2.81477887
v 0.37557483 -2.05000006 2.44126916
v 0.50597638 -1.67002250 2.80472599
v 0.50597638 -1.67002250 2.80472599
v 0.37557483 -2.05000006 2.44126916
v 0.62099807 -2.05000006 2.39065718
v 0.50597638 -1.67002250 2.80472599
v 0.62099807 -2.05000006 2.39065718
v 0.67884922 -1.67000908 2.76797116
v 1.01476908 -1.67000256 2.66322047
v 0.99189058 -1.67000107 2.67182589
v 0.85963346 -2.05000006 2.31558569
v 0.85963346 -2.05000006 2.31558569
v 0.99189058 -1.67000107 2.67182589
v 0.84849410 -1.66999660 2.72076428
v 0.85963346 -2.05000006 2.31558569
v 0.84849410 -1.66999660 2.72076428
v 0.62099807 -2.05000006 2.39065718
v 0.62099807 -2.05000006 2.39065718
v 0.84849410 -1.66999660 2.72076428
v 0.80958158 -1.66999772 2.73259543
v 0.62099807 -2.05000006 2.39065718
v 0.80958158 -1.66999772 2.73259543
v 0.67884922 -1.67000908 2.76797116
v 1.01476908 -1.67000256 2.66322047
v 0.85963346 -2.05000006 2.31558569
v 1.17751025 -1.67000405 2.59537455
v 1.17751025 -1.67000405 2.59537455
v 0.85963346 -2.05000006 2.31558569
v 1.04386695 -2.05000192 2.23858543
v 1.17751025 -1.67000405 2.59537455
v 1.04386695 -2.05000192 2.23858543
v 1.20446309 -1.67000350 2.58297920
v 1.20446272 -1.67000275 -2.58297585
v 1.04387179 -2.04999950 -2.23857816
v 1.04076788 -1.67000424 -2.65316833
v 1.04076788 -1.67000424 -2.65316833
v 1.04387179 -2.04999950 -2.23857816
v 0.85963532 -2.05000006 -2.31558494
v 0.62099732 -2.05000006 -2.39065718
v 0.87421387 -1.66999642 -2.71260943
v 0.85963532 -2.05000006 -2.31558494
v 0.85963532 -2.05000006 -2.31558494
v 0.87421387 -1.66999642 -2.71260943
v 0.99188723 -1.67000107 -2.67182700
v 0.85963532 -2.05000006 -2.31558494
v 0.99188723 -1.67000107 -2.67182700
v 1.04076788 -1.67000424 -2.65316833
v 0.43334849 -1.67001765 -2.81686150
v 0.50785802 -1.67002212 -2.80438587
v 0.37557259 -2.05000006 -2.44126935
v 0.37557259 -2.05000006 -2.44126935
v 0.50785802 -1.67002212 -2.80438587
v 0.53334422 -1.67002175 -2.79965065
v 0.37557259 -2.05000006 -2.44126935
v 0.53334422 -1.67002175 -2.79965065
v 0.62099732 -2.05000006 -2.39065718
v 0.62099732 -2.05000006 -2.39065718
v 0.53334422 -1.67002175 -2.79965065
v 0.70501119 -1.67000610 -2.76142340
v 0.62099732 -2.05000006 -2.39065718
v 0.70501119 -1.67000610 -2.76142340
v 0.87421387 -1.66999642 -2.71260943
v 0.10388567 -1.66999884 -2.84810606
v 0.12690014 -1.66999772 -2.84717344
v 0.12645907 -2.05000006 -2.46672984
v 0.12645907 -2.05000006 -2.46672984
v 0.12690014 -1.66999772 -2.84717344
v 0.28158724 -1.67000163 -2.83605512
v 0.12645907 -2.05000006 -2.46672984
v 0.28158724 -1.67000163 -2.83605512
v 0.37557259 -2.05000006 -2.44126935
v 0.37557259 -2.05000006 -2.44126935
v 0.28158724 -1.67000163 -2.83605512
v 0.35937503 -1.67000946 -2.82725114
v 0.37557259 -2.05000006 -2.44126935
v 0.35937503 -1.67000946 -2.82725114
v 0.43334849 -1.67001765 -2.81686150
v 0.10388567 -1.66999884 -2.84810606
v 0.12645907 -2.05000006 -2.46672984
v -0.07295461 -1.67001728 -2.84906607
v -0.07295461 -1.67001728 -2.84906607
v 0.12645907 -2.05000006 -2.46672984
v -0.12367220 -2.05000006 -2.46690102
v -0.07295461 -1.67001728 -2.84906607
v -0.12367220 -2.05000006 -2.46690102
v -0.14269837 -1.67002399 -2.84642540
v -0.14269837 -1.67002399 -2.84642540
v -0.12367220 -2.05000006 -2.46690102
v -0.24877712 -1.67002287 -2.83912141
v -0.24877712 -1.67002287 -2.83912141
v -0.12367220 -2.05000006 -2.46690102
v -0.37312694 -2.05000006 -2.44163517
v -0.24877712 -1.67002287 -2.83912141
v -0.37312694 -2.05000006 -2.44163517
v -0.42342022 -1.67000405 -2.81837098
v -0.42342022 -1.67000405 -2.81837098
v -0.37312694 -2.05000006 -2.44163517
v -0.59671849 -1.66999996 -2.78683100
v -0.59671849 -1.66999996 -2.78683100
v -0.37312694 -2.05000006 -2.44163517
v -0.61816797 -2.05000006 -2.39138193
v -0.59671849 -1.66999996 -2.78683100
v -0.61816797 -2.05000006 -2.39138193
v -0.63496903 -1.67000256 -2.77836546
v -0.85729845 -2.05000006 -2.31644772
v -0.84470846 -1.67002603 -2.72194184
v -0.61816797 -2.05000006 -2.39138193
v -0.61816797 -2.05000006 -2.39138193
v -0.84470846 -1.67002603 -2.72194184
v -0.67303553 -1.67000629 -2.76939031
v -0.61816797 -2.05000006 -2.39138193
v -0.67303553 -1.67000629 -2.76939031
v -0.63496903 -1.67000256 -2.77836546
v -1.01189800 -1.67001765 -2.66431272
v -1.00209638 -1.67001896 -2.66801491
v -0.85729845 -2.05000006 -2.31644772
v -0.85729845 -2.05000006 -2.31644772
v -1.00209638 -1.67001896 -2.66801491
v -0.98918453 -1.67002045 -2.67282873
v -0.85729845 -2.05000006 -2.31644772
v -0.98918453 -1.67002045 -2.67282873
v -0.84470846 -1.67002603 -2.72194184
v -1.01189800 -1.67001765 -2.66431272
v -0.85729845 -2.05000006 -2.31644772
v -1.17451735 -1.67000107 -2.59673037
v -1.17451735 -1.67000107 -2.59673037
v -0.85729845 -2.05000006 -2.31644772
v -1.08736716 -2.05000006 -2.21775863
v -1.17451735 -1.67000107 -2.59673037
v -1.08736716 -2.05000006 -2.21775863
v -1.25466175 -1.67000089 -2.55896933
v -1.30616166 -2.05000006 -2.09639501
v -1.35109238 -1.67000946 -2.50939224
v -1.08736716 -2.05000006 -2.21775863
v -1.08736716 -2.05000006 -2.21775863
v -1.35109238 -1.67000946 -2.50939224
v -1.33244731 -1.67000722 -2.51934193
v -1.08736716 -2.05000006 -2.21775863
v -1.33244731 -1.67000722 -2.51934193
v -1.25466175 -1.67000089 -2.55896933
v -1.69806890 -1.67001132 -2.28889957
v -1.67564340 -1.67001449 -2.30536722
v -1.51130483 -2.05000006 -1.95366032
v -1.51130483 -2.05000006 -1.95366032
v -1.67564340 -1.67001449 -2.30536722
v -1.55177936 -1.67002957 -2.39049811
v -1.51130483 -2.05000006 -1.95366032
v -1.55177936 -1.67002957 -2.39049811
v -1.30616166 -2.05000006 -2.09639501
v -1.30616166 -2.05000006 -2.09639501
v -1.55177936 -1.67002957 -2.39049811
v -1.48553662 -1.67002752 -2.43221745
v -1.30616166 -2.05000006 -2.09639501
v -1.48553662 -1.67002752 -2.43221745
v -1.35109238 -1.67000946 -2.50939224
v -1.70118771 -2.05000006 -1.79077219
v -1.83675848 -1.67000201 -2.17917841
v -1.51130483 -2.05000006 -1.95366032
v -1.51130483 -2.05000006 -1.95366032
v -1.83675848 -1.67000201 -2.17917841
v -1.74381845 -1.67000573 -2.25423947
v -1.51130483 -2.05000006 -1.95366032
v -1.74381845 -1.67000573 -2.25423947
v -1.69806890 -1.67001132 -2.28889957
v -1.87392943 -2.05000006 -1.60912108
v -2.09125169 -1.67003125 -1.93627626
v -1.70118771 -2.05000006 -1.79077219
v -1.70118771 -2.05000006 -1.79077219
v -2.09125169 -1.67003125 -1.93627626
v -1.96784027 -1.67001728 -2.06157789
v -1.70118771 -2.05000006 -1.79077219
v -1.96784027 -1.67001728 -2.06157789
v -1.83675848 -1.67000201 -2.17917841
v -2.22847052 -1.67001039 -1.77663136
v -1.87392943 -2.05000006 -1.60912108
v -2.25557201 -1.67000666 -1.74209531
v -2.25557201 -1.67000666 -1.74209531
v -1.87392943 -2.05000006 -1.60912108
v -2.02712528 -2.05000006 -1.41123841
v -2.22847052 -1.67001039 -1.77663136
v -2.20687278 -1.67001411 -1.80338938
v -1.87392943 -2.05000006 -1.60912108
v -1.87392943 -2.05000006 -1.60912108
v -2.20687278 -1.67001411 -1.80338938
v -2.16223411 -1.67002231 -1.85667519
v -1.87392943 -2.05000006 -1.60912108
v -2.16223411 -1.67002231 -1.85667519
v -2.09125169 -1.67003125 -1.93627626
v -2.49176286 -1.67003255 -1.38333607
v -2.45453827 -1.67002715 -1.44835822
v -2.15953775 -2.05000006 -1.19889928
v -2.15953775 -2.05000006 -1.19889928
v -2.45453827 -1.67002715 -1.44835822
v -2.44674422 -1.67002548 -1.46148661
v -2.15953775 -2.05000006 -1.19889928
v -2.44674422 -1.67002548 -1.46148661
v -2.02712528 -2.05000006 -1.41123841
v -2.02712528 -2.05000006 -1.41123841
v -2.44674422 -1.67002548 -1.46148661
v -2.35998519 -1.67000741 -1.59780122
v -2.02712528 -2.05000006 -1.41123841
v -2.35998519 -1.67000741 -1.59780122
v -2.25557201 -1.67000666 -1.74209531
v -2.49176286 -1.67003255 -1.38333607
v -2.15953775 -2.05000006 -1.19889928
v -2.53930502 -1.67002771 -1.29399812
v -2.53930502 -1.67002771 -1.29399812
v -2.15953775 -2.05000006 -1.19889928
v -2.26977952 -2.05000006 -0.97413007
v -2.53930502 -1.67002771 -1.29399812
v -2.26977952 -2.05000006 -0.97413007
v -2.61428393 -1.67000908 -1.13491006
v -2.74733715 -1.67003125 -0.75804987
v -2.70506553 -1.67001579 -0.89728441
v -2.35669650 -2.05000006 -0.73952107
v -2.35669650 -2.05000006 -0.73952107
v -2.70506553 -1.67001579 -0.89728441
v -2.67940052 -1.67000853 -0.97124325
v -2.35669650 -2.05000006 -0.73952107
v -2.67940052 -1.67000853 -0.97124325
v -2.26977952 -2.05000006 -0.97413007
v -2.26977952 -2.05000006 -0.97413007
v -2.67940052 -1.67000853 -0.97124325
v -2.62074880 -1.67000797 -1.11989938
v -2.26977952 -2.05000006 -0.97413007
v -2.62074880 -1.67000797 -1.11989938
v -2.61428393 -1.67000908 -1.13491006
v -2.74733715 -1.67003125 -0.75804987
v -2.35669650 -2.05000006 -0.73952107
v -2.75577940 -1.67003274 -0.72675915
v -2.75577940 -1.67003274 -0.72675915
v -2.35669650 -2.05000006 -0.73952107
v -2.41951458 -2.05000006 -0.49686595
v -2.75577940 -1.67003274 -0.72675915
v -2.41951458 -2.05000006 -0.49686595
v -2.79174037 -1.67002250 -0.57331198
v -2.45734714 -2.05000006 -0.24962029
v -2.82443874 -1.67000871 -0.38084881
v -2.41951458 -2.05000006 -0.49686595
v -2.41951458 -2.05000006 -0.49686595
v -2.82443874 -1.67000871 -0.38084881
v -2.79552750 -1.67002045 -0.55454974
v -2.41951458 -2.05000006 -0.49686595
v -2.79552750 -1.67002045 -0.55454974
v -2.79174037 -1.67002250 -0.57331198
v -2.85000019 -1.67001393 0.00000000
v -2.84984522 -1.67001802 -0.02966682
v -2.47001387 -2.05000006 -0.00000067
v -2.47001387 -2.05000006 -0.00000067
v -2.84984522 -1.67001802 -0.02966682
v -2.84255706 -1.67001560 -0.20583333
v -2.47001387 -2.05000006 -0.00000067
v -2.84255706 -1.67001560 -0.20583333
v -2.45734714 -2.05000006 -0.24962029
v -2.45734714 -2.05000006 -0.24962029
v -2.84255706 -1.67001560 -0.20583333
v -2.83540897 -1.67001057 -0.28802122
v -2.45734714 -2.05000006 -0.24962029
v -2.83540897 -1.67001057 -0.28802122
v -2.82443874 -1.67000871 -0.38084881
v 1.42272003 1.87011007 2.48317141
v 1.20446421 1.87000129 2.58297641
v 1.20446309 -1.67000350 2.58297920
v 1.20446309 -1.67000350 2.58297920
v 1.36450566 -1.67085920 2.50880439
v 1.42272003 1.87011007 2.48317141
v 1.42272003 1.87011007 2.48317141
v 1.36450566 -1.67085920 2.50880439
v 1.52174067 -1.67395566 2.43736915
v 1.42272003 1.87011007 2.48317141
v 1.52174067 -1.67395566 2.43736915
v 1.63138844 1.87082700 2.39233840
v 1.63138844 1.87082700 2.39233840
v 1.52174067 -1.67395566 2.43736915
v 1.74972713 -1.68457329 2.33858395
v 2.02330705 1.87790599 2.24021040
v 1.97918788 1.87647548 2.25576367
v 1.77279264 -1.68618746 2.32905112
v 1.77279264 -1.68618746 2.32905112
v 1.97918788 1.87647548 2.25576367
v 1.83125082 1.87304486 2.31110174
v 1.77279264 -1.68618746 2.32905112
v 1.83125082 1.87304486 2.31110174
v 1.74972713 -1.68457329 2.33858395
v 1.74972713 -1.68457329 2.33858395
v 1.83125082 1.87304486 2.31110174
v 1.74286310 1.87179632 2.34621391
v 1.74972713 -1.68457329 2.33858395
v 1.74286310 1.87179632 2.34621391
v 1.63138844 1.87082700 2.39233840
v 2.20517460 1.88643672 2.18151808
v 2.08948348 -1.72155909 2.21134629
v 2.24959124 1.88931711 2.16865819
v 2.24959124 1.88931711 2.16865819
v 2.08948348 -1.72155909 2.21134629
v 2.29660086 1.89278256 2.15573777
v 1.77279264 -1.68618746 2.32905112
v 1.92966200 -1.70041341 2.26732716
v 2.02330705 1.87790599 2.24021040
v 2.02330705 1.87790599 2.24021040
v 1.92966200 -1.70041341 2.26732716
v 2.02525984 -1.71217527 2.23288629
v 2.02330705 1.87790599 2.24021040
v 2.02525984 -1.71217527 2.23288629
v 2.20517460 1.88643672 2.18151808
v 2.20517460 1.88643672 2.18151808
v 2.02525984 -1.71217527 2.23288629
v 2.07050312 -1.71865448 2.21757051
v 2.20517460 1.88643672 2.18151808
v 2.07050312 -1.71865448 2.21757051
v 2.08948348 -1.72155909 2.21134629
v 2.08948348 -1.72155909 2.21134629
v 2.23945621 -1.74857862 2.16660928
v 2.29660086 1.89278256 2.15573777
v 2.29660086 1.89278256 2.15573777
v 2.23945621 -1.74857862 2.16660928
v 2.30558645 -1.76282264 2.14951616
v 2.29660086 1.89278256 2.15573777
v 2.30558645 -1.76282264 2.14951616
v 2.35630516 1.89786386 2.14039553
v 2.30558645 -1.76282264 2.14951616
v 2.38788463 -1.78255681 2.13052910
v 2.35630516 1.89786386 2.14039553
v 2.35630516 1.89786386 2.14039553
v 2.38788463 -1.78255681 2.13052910
v 2.44326051 -1.79706290 2.11917497
v 2.35630516 1.89786386 2.14039553
v 2.44326051 -1.79706290 2.11917497
v 2.50623804 1.91446431 2.10745521
v 2.50623804 1.91446431 2.10745521
v 2.44326051 -1.79706290 2.11917497
v 2.59419158 -1.84151102 2.09371634
v 2.50623804 1.91446431 2.10745521
v 2.59419158 -1.84151102 2.09371634
v 2.65568197 1.93740223 2.08289176
v 2.65568197 1.93740223 2.08289176
v 2.59419158 -1.84151102 2.09371634
v 2.67492216 -1.86808985 2.08314750
v 2.65568197 1.93740223 2.08289176
v 2.67492216 -1.86808985 2.08314750
v 2.74690054 -1.89330131 2.07532197
v 3.13245356 2.06314698 2.05135215
v 2.95697805 2.00711526 2.05643196
v 2.90252082 -1.95201524 2.06284784
v 2.90252082 -1.95201524 2.06284784
v 2.95697805 2.00711526 2.05643196
v 2.78986860 1.96434539 2.06764657
v 2.90252082 -1.95201524 2.06284784
v 2.78986860 1.96434539 2.06764657
v 2.74690054 -1.89330131 2.07532197
v 2.74690054 -1.89330131 2.07532197
v 2.78986860 1.96434539 2.06764657
v 2.74290126 1.95419025 2.07228307
v 2.74690054 -1.89330131 2.07532197
v 2.74290126 1.95419025 2.07228307
v 2.65568197 1.93740223 2.08289176
v 3.23036276 2.09909156 2.05035042
v 3.39553803 -2.16438212 2.05000006
v 3.32055613 2.13489551 2.05003899
v 3.32055613 2.13489551 2.05003899
v 3.39553803 -2.16438212 2.05000006
v 3.39553766 2.16642674 2.05000006
v 2.90252082 -1.95201524 2.06284784
v 3.06201354 -2.01710034 2.05514655
v 3.13245356 2.06314698 2.05135215
v 3.13245356 2.06314698 2.05135215
v 3.06201354 -2.01710034 2.05514655
v 3.13747711 -2.04932075 2.05289479
v 3.13245356 2.06314698 2.05135215
v 3.13747711 -2.04932075 2.05289479
v 3.23036276 2.09909156 2.05035042
v 3.23036276 2.09909156 2.05035042
v 3.13747711 -2.04932075 2.05289479
v 3.22608911 -2.08810922 2.05116235
v 3.23036276 2.09909156 2.05035042
v 3.22608911 -2.08810922 2.05116235
v 3.39553803 -2.16438212 2.05000006
v 1.26260556 -1.67001802 -2.55626943
v 1.20446272 -1.67000275 -2.58297585
v 1.20446086 1.87000036 -2.58297771
v 2.80265100 1.98850036 -2.25643404
v 2.86579151 2.00264975 -2.25460194
v 2.78885122 -1.91378575 -2.25352198
v 3.39553803 2.16883048 -2.25000009
v 3.39553803 -2.16479618 -2.25000009
v 3.36040780 2.15488933 -2.25000139
v 3.36040780 2.15488933 -2.25000139
v 3.39553803 -2.16479618 -2.25000009
v 3.30301747 2.13309359 -2.25002542
v 3.30301747 2.13309359 -2.25002542
v 3.39553803 -2.16479618 -2.25000009
v 3.17898877 2.08990760 -2.25032084
v 3.17898877 2.08990760 -2.25032084
v 3.39553803 -2.16479618 -2.25000009
v 3.18605639 -2.07241215 -2.25014240
v 3.17898877 2.08990760 -2.25032084
v 3.18605639 -2.07241215 -2.25014240
v 2.99294852 2.03451160 -2.25203335
v 2.99294852 2.03451160 -2.25203335
v 3.18605639 -2.07241215 -2.25014240
v 2.98404004 -1.98852345 -2.25103833
v 2.99294852 2.03451160 -2.25203335
v 2.98404004 -1.98852345 -2.25103833
v 2.86579151 2.00264975 -2.25460194
v 2.86579151 2.00264975 -2.25460194
v 2.98404004 -1.98852345 -2.25103833
v 2.86746677 -1.94303542 -2.25225780
v 2.86579151 2.00264975 -2.25460194
v 2.86746677 -1.94303542 -2.25225780
v 2.78885122 -1.91378575 -2.25352198
v 2.51083877 -1.82115342 -2.26248745
v 2.40802057 1.92186888 -2.27947608
v 2.59994511 -1.84884965 -2.25866251
v 2.59994511 -1.84884965 -2.25866251
v 2.40802057 1.92186888 -2.27947608
v 2.60989480 1.95150375 -2.26488262
v 2.59994511 -1.84884965 -2.25866251
v 2.60989480 1.95150375 -2.26488262
v 2.78885122 -1.91378575 -2.25352198
v 2.78885122 -1.91378575 -2.25352198
v 2.60989480 1.95150375 -2.26488262
v 2.72136535 1.97179522 -2.25943271
v 2.78885122 -1.91378575 -2.25352198
v 2.72136535 1.97179522 -2.25943271
v 2.80265100 1.98850036 -2.25643404
v 2.51083877 -1.82115342 -2.26248745
v 2.41708793 -1.79432854 -2.26781256
v 2.40802057 1.92186888 -2.27947608
v 2.40802057 1.92186888 -2.27947608
v 2.41708793 -1.79432854 -2.26781256
v 2.38548312 -1.78585760 -2.26996001
v 2.40802057 1.92186888 -2.27947608
v 2.38548312 -1.78585760 -2.26996001
v 2.30090450 1.90952010 -2.29014773
v 2.38548312 -1.78585760 -2.26996001
v 2.31011566 -1.76688116 -2.27590539
v 2.30090450 1.90952010 -2.29014773
v 2.30090450 1.90952010 -2.29014773
v 2.31011566 -1.76688116 -2.27590539
v 2.23353785 -1.74941551 -2.28329711
v 2.30090450 1.90952010 -2.29014773
v 2.23353785 -1.74941551 -2.28329711
v 2.08331496 -1.72060542 -2.30254438
v 2.01651547 1.88643057 -2.33067125
v 2.10931376 1.89254805 -2.31530480
v 2.08331496 -1.72060542 -2.30254438
v 2.08331496 -1.72060542 -2.30254438
v 2.10931376 1.89254805 -2.31530480
v 2.20663417 1.90039519 -2.30148565
v 2.08331496 -1.72060542 -2.30254438
v 2.20663417 1.90039519 -2.30148565
v 2.30090450 1.90952010 -2.29014773
v 2.08331496 -1.72060542 -2.30254438
v 2.01914497 -1.71050262 -2.31300164
v 2.01651547 1.88643057 -2.33067125
v 2.01651547 1.88643057 -2.33067125
v 2.01914497 -1.71050262 -2.31300164
v 1.93427429 -1.69917420 -2.32914425
v 2.01651547 1.88643057 -2.33067125
v 1.93427429 -1.69917420 -2.32914425
v 1.91924684 1.88131798 -2.34927423
v 1.91924684 1.88131798 -2.34927423
v 1.93427429 -1.69917420 -2.32914425
v 1.80133805 -1.68587212 -2.36014538
v 1.91924684 1.88131798 -2.34927423
v 1.80133805 -1.68587212 -2.36014538
v 1.78724080 1.87623426 -2.37897094
v 1.78724080 1.87623426 -2.37897094
v 1.80133805 -1.68587212 -2.36014538
v 1.73405316 1.87471192 -2.39248350
v 1.26260556 -1.67001802 -2.55626943
v 1.20446086 1.87000036 -2.58297771
v 1.45709924 -1.67113189 -2.47368366
v 1.80133805 -1.68587212 -2.36014538
v 1.74019877 -1.68140531 -2.37684716
v 1.73405316 1.87471192 -2.39248350
v 1.73405316 1.87471192 -2.39248350
v 1.74019877 -1.68140531 -2.37684716
v 1.63437556 -1.67579111 -2.40939967
v 1.73405316 1.87471192 -2.39248350
v 1.63437556 -1.67579111 -2.40939967
v 1.55342333 1.87138095 -2.44553834
v 1.55342333 1.87138095 -2.44553834
v 1.63437556 -1.67579111 -2.40939967
v 1.52833126 -1.67242009 -2.44646184
v 1.55342333 1.87138095 -2.44553834
v 1.52833126 -1.67242009 -2.44646184
v 1.49697661 1.87081937 -2.46451627
v 1.49697661 1.87081937 -2.46451627
v 1.52833126 -1.67242009 -2.44646184
v 1.45709924 -1.67113189 -2.47368366
v 1.49697661 1.87081937 -2.46451627
v 1.45709924 -1.67113189 -2.47368366
v 1.37696005 1.87017154 -2.50891186
v 1.37696005 1.87017154 -2.50891186
v 1.45709924 -1.67113189 -2.47368366
v 1.20446086 1.87000036 -2.58297771
v 3.39553803 -2.16479618 -2.25000009
v 3.39553803 2.16883048 -2.25000009
v 3.55613716 -2.23858468 -2.24999804
v 3.55613716 -2.23858468 -2.24999804
v 3.39553803 2.16883048 -2.25000009
v 3.55612561 2.23857742 -2.24999823
v 3.55613716 -2.23858468 -2.24999804
v 3.55612561 2.23857742 -2.24999823
v 3.74126881 -2.31592022 -2.25000009
v 5.22875190 -2.38861851 -2.25000009
v 3.55612561 2.23857742 -2.24999823
v 5.46576567 -2.31328961 -2.25000009
v 5.46576567 -2.31328961 -2.25000009
v 3.55612561 2.23857742 -2.24999823
v 3.74127291 2.31592171 -2.25000009
v 6.08513132 -1.97362341 -2.25000009
v 5.90615459 -2.09639072 -2.25000009
v 6.76365048 1.19143380 -2.25000009
v 5.46576157 2.31329147 -2.25000009
v 5.69146983 2.21573561 -2.25000009
v 5.46576567 -2.31328961 -2.25000009
v 7.05777928 -0.24517865 -2.25000009
v 6.76365048 1.19143380 -2.25000009
v 7.06999972 0.00000067 -2.25000009
v 7.06999972 0.00000067 -2.25000009
v 6.76365048 1.19143380 -2.25000009
v 7.05778077 0.24517584 -2.25000009
v 5.90615459 -2.09639072 -2.25000009
v 5.69147430 -2.21573263 -2.25000009
v 6.76365048 1.19143380 -2.25000009
v 6.76365048 1.19143380 -2.25000009
v 5.69147430 -2.21573263 -2.25000009
v 5.46576567 -2.31328961 -2.25000009
v 6.76365048 1.19143380 -2.25000009
v 5.46576567 -2.31328961 -2.25000009
v 6.74699917 1.22118574 -2.25000009
v 5.46576157 2.31329147 -2.25000009
v 5.46576567 -2.31328961 -2.25000009
v 5.22875302 2.38861777 -2.25000009
v 5.69146983 2.21573561 -2.25000009
v 5.90615980 2.09638756 -2.25000009
v 5.46576567 -2.31328961 -2.25000009
v 5.46576567 -2.31328961 -2.25000009
v 5.90615980 2.09638756 -2.25000009
v 6.08512722 1.97362565 -2.25000009
v 5.46576567 -2.31328961 -2.25000009
v 6.08512722 1.97362565 -2.25000009
v 6.27728552 1.81316063 -2.25000009
v 6.87386170 0.96452897 -2.25000009
v 6.95995539 0.72901566 -2.25000009
v 6.76365048 1.19143380 -2.25000009
v 6.76365048 1.19143380 -2.25000009
v 6.95995539 0.72901566 -2.25000009
v 7.02126101 0.48821024 -2.25000009
v 6.76365048 1.19143380 -2.25000009
v 7.02126101 0.48821024 -2.25000009
v 7.05778077 0.24517584 -2.25000009
v 7.05777928 -0.24517865 -2.25000009
v 7.02126026 -0.48821075 -2.25000009
v 6.76365048 1.19143380 -2.25000009
v 6.76365048 1.19143380 -2.25000009
v 7.02126026 -0.48821075 -2.25000009
v 6.95995539 -0.72901612 -2.25000009
v 6.76365048 1.19143380 -2.25000009
v 6.95995539 -0.72901612 -2.25000009
v 6.87385872 -0.96453708 -2.25000009
v 5.22875190 -2.38861851 -2.25000009
v 4.98308577 -2.44008861 -2.25000009
v 3.55612561 2.23857742 -2.24999823
v 3.55612561 2.23857742 -2.24999823
v 4.98308577 -2.44008861 -2.25000009
v 4.73210625 -2.46646218 -2.25000009
v 3.55612561 2.23857742 -2.24999823
v 4.73210625 -2.46646218 -2.25000009
v 4.47894670 -2.46699974 -2.25000009
v 4.47894670 -2.46699974 -2.25000009
v 4.22717072 -2.44168844 -2.25000009
v 3.55612561 2.23857742 -2.24999823
v 3.55612561 2.23857742 -2.24999823
v 4.22717072 -2.44168844 -2.25000009
v 3.98020744 -2.39096954 -2.25000009
v 3.55612561 2.23857742 -2.24999823
v 3.98020744 -2.39096954 -2.25000009
v 3.74126881 -2.31592022 -2.25000009
v 6.87385872 -0.96453708 -2.25000009
v 6.76364973 -1.19143678 -2.25000009
v 6.76365048 1.19143380 -2.25000009
v 6.76365048 1.19143380 -2.25000009
v 6.76364973 -1.19143678 -2.25000009
v 6.74700290 -1.22117968 -2.25000009
v 6.76365048 1.19143380 -2.25000009
v 6.74700290 -1.22117968 -2.25000009
v 6.61064833 -1.43459272 -2.25000009
v 6.27728552 1.81316063 -2.25000009
v 6.45335689 1.63276345 -2.25000009
v 5.46576567 -2.31328961 -2.25000009
v 5.46576567 -2.31328961 -2.25000009
v 6.45335689 1.63276345 -2.25000009
v 6.61064237 1.43460250 -2.25000009
v 5.46576567 -2.31328961 -2.25000009
v 6.61064237 1.43460250 -2.25000009
v 6.74699917 1.22118574 -2.25000009
v 6.61064833 -1.43459272 -2.25000009
v 6.45336211 -1.63275879 -2.25000009
v 6.76365048 1.19143380 -2.25000009
v 6.76365048 1.19143380 -2.25000009
v 6.45336211 -1.63275879 -2.25000009
v 6.27729371 -1.81315411 -2.25000009
v 6.76365048 1.19143380 -2.25000009
v 6.27729371 -1.81315411 -2.25000009
v 6.08513132 -1.97362341 -2.25000009
v 3.74127291 2.31592171 -2.25000009
v 3.98020633 2.39096917 -2.25000009
v 5.46576567 -2.31328961 -2.25000009
v 5.46576567 -2.31328961 -2.25000009
v 3.98020633 2.39096917 -2.25000009
v 4.22717147 2.44168825 -2.25000009
v 5.46576567 -2.31328961 -2.25000009
v 4.22717147 2.44168825 -2.25000009
v 4.47894894 2.46699993 -2.25000009
v 4.47894894 2.46699993 -2.25000009
v 4.73211072 2.46646162 -2.25000009
v 5.46576567 -2.31328961 -2.25000009
v 5.46576567 -2.31328961 -2.25000009
v 4.73211072 2.46646162 -2.25000009
v 4.98309396 2.44008712 -2.25000009
v 5.46576567 -2.31328961 -2.25000009
v 4.98309396 2.44008712 -2.25000009
v 5.22875302 2.38861777 -2.25000009
v 3.74126881 2.31592022 2.05000006
v 3.55612822 2.23857872 2.04999968
v 5.48922792 -2.30436996 2.05000006
v 5.48922792 -2.30436996 2.05000006
v 3.55612822 2.23857872 2.04999968
v 3.53271849 2.22772155 2.05000006
v 5.48922792 -2.30436996 2.05000006
v 3.53271849 2.22772155 2.05000006
v 5.25325611 -2.38203648 2.05000006
v 3.39553766 2.16642674 2.05000006
v 3.39553803 -2.16438212 2.05000006
v 3.53271849 2.22772155 2.05000006
v 3.53271849 2.22772155 2.05000006
v 3.39553803 -2.16438212 2.05000006
v 3.55613492 -2.23858487 2.05000062
v 3.53271849 2.22772155 2.05000006
v 3.55613492 -2.23858487 2.05000062
v 3.76506746 -2.32460406 2.05000006
v 6.08513132 1.97362341 2.05000006
v 5.90615459 2.09639072 2.05000006
v 5.48922792 -2.30436996 2.05000006
v 7.02126101 -0.48821024 2.05000006
v 7.05778077 -0.24517584 2.05000006
v 6.11189641 -1.95319206 2.05000006
v 6.11189641 -1.95319206 2.05000006
v 7.05778077 -0.24517584 2.05000006
v 7.06999972 -0.00000067 2.05000006
v 7.06999972 -0.00000067 2.05000006
v 7.05777928 0.24517865 2.05000006
v 6.11189641 -1.95319206 2.05000006
v 6.11189641 -1.95319206 2.05000006
v 7.05777928 0.24517865 2.05000006
v 7.02126026 0.48821080 2.05000006
v 6.11189641 -1.95319206 2.05000006
v 7.02126026 0.48821080 2.05000006
v 6.95995539 0.72901612 2.05000006
v 3.76506746 -2.32460406 2.05000006
v 4.00496982 -2.39725299 2.05000006
v 3.53271849 2.22772155 2.05000006
v 3.53271849 2.22772155 2.05000006
v 4.00496982 -2.39725299 2.05000006
v 4.25256826 -2.44542733 2.05000006
v 3.53271849 2.22772155 2.05000006
v 4.25256826 -2.44542733 2.05000006
v 4.50465456 -2.46812869 2.05000006
v 4.50465456 -2.46812869 2.05000006
v 4.75774407 -2.46495605 2.05000006
v 3.53271849 2.22772155 2.05000006
v 3.53271849 2.22772155 2.05000006
v 4.75774407 -2.46495605 2.05000006
v 5.00832722 -2.43598968 2.05000006
v 3.53271849 2.22772155 2.05000006
v 5.00832722 -2.43598968 2.05000006
v 5.25325611 -2.38203648 2.05000006
v 5.71366549 -2.20466480 2.05000006
v 5.92713244 -2.08317339 2.05000006
v 6.76364973 1.19143678 2.05000006
v 6.76364973 1.19143678 2.05000006
v 5.92713244 -2.08317339 2.05000006
v 6.11189641 -1.95319206 2.05000006
v 6.76364973 1.19143678 2.05000006
v 6.11189641 -1.95319206 2.05000006
v 6.87385872 0.96453708 2.05000006
v 6.87385872 0.96453708 2.05000006
v 6.11189641 -1.95319206 2.05000006
v 6.95995539 0.72901612 2.05000006
v 5.71366549 -2.20466480 2.05000006
v 6.76364973 1.19143678 2.05000006
v 5.48922792 -2.30436996 2.05000006
v 5.48922792 -2.30436996 2.05000006
v 6.76364973 1.19143678 2.05000006
v 6.74700364 1.22117968 2.05000006
v 5.48922792 -2.30436996 2.05000006
v 6.74700364 1.22117968 2.05000006
v 6.61064833 1.43459272 2.05000006
v 5.90615459 2.09639072 2.05000006
v 5.69147430 2.21573263 2.05000006
v 5.48922792 -2.30436996 2.05000006
v 5.48922792 -2.30436996 2.05000006
v 5.69147430 2.21573263 2.05000006
v 5.46576567 2.31328961 2.05000006
v 5.48922792 -2.30436996 2.05000006
v 5.46576567 2.31328961 2.05000006
v 5.22875190 2.38861851 2.05000006
v 6.61064833 1.43459272 2.05000006
v 6.45336211 1.63275860 2.05000006
v 5.48922792 -2.30436996 2.05000006
v 5.48922792 -2.30436996 2.05000006
v 6.45336211 1.63275860 2.05000006
v 6.27729371 1.81315392 2.05000006
v 5.48922792 -2.30436996 2.05000006
v 6.27729371 1.81315392 2.05000006
v 6.08513132 1.97362341 2.05000006
v 6.30206764 -1.78992301 2.05000006
v 6.87386170 -0.96452897 2.05000006
v 6.11189641 -1.95319206 2.05000006
v 6.11189641 -1.95319206 2.05000006
v 6.87386170 -0.96452897 2.05000006
v 6.95995539 -0.72901566 2.05000006
v 6.11189641 -1.95319206 2.05000006
v 6.95995539 -0.72901566 2.05000006
v 7.02126101 -0.48821024 2.05000006
v 6.30206764 -1.78992301 2.05000006
v 6.47573844 -1.60699487 2.05000006
v 6.87386170 -0.96452897 2.05000006
v 6.87386170 -0.96452897 2.05000006
v 6.47573844 -1.60699487 2.05000006
v 6.63031936 -1.40662072 2.05000006
v 6.87386170 -0.96452897 2.05000006
v 6.63031936 -1.40662072 2.05000006
v 6.76365048 -1.19143380 2.05000006
v 5.22875190 2.38861851 2.05000006
v 4.98308577 2.44008861 2.05000006
v 5.48922792 -2.30436996 2.05000006
v 5.48922792 -2.30436996 2.05000006
v 4.98308577 2.44008861 2.05000006
v 4.73210625 2.46646218 2.05000006
v 5.48922792 -2.30436996 2.05000006
v 4.73210625 2.46646218 2.05000006
v 4.47894670 2.46699974 2.05000006
v 4.47894670 2.46699974 2.05000006
v 4.22717072 2.44168844 2.05000006
v 5.48922792 -2.30436996 2.05000006
v 5.48922792 -2.30436996 2.05000006
v 4.22717072 2.44168844 2.05000006
v 3.98020744 2.39096954 2.05000006
v 5.48922792 -2.30436996 2.05000006
v 3.98020744 2.39096954 2.05000006
v 3.74126881 2.31592022 2.05000006
v -2.85000019 -1.67001393 0.00000000
v -2.85000019 1.86999999 0.00000000
v -2.84984522 -1.67001802 -0.02966682
v -2.84984522 -1.67001802 -0.02966682
v -2.85000019 1.86999999 0.00000000
v -2.84443460 1.86999422 -0.17802241
v -2.84984522 -1.67001802 -0.02966682
v -2.84443460 1.86999422 -0.17802241
v -2.84255706 -1.67001560 -0.20583333
v -2.84255706 -1.67001560 -0.20583333
v -2.84443460 1.86999422 -0.17802241
v -2.83540897 -1.67001057 -0.28802122
v -2.84443460 1.86999422 -0.17802241
v -2.83504091 1.87000334 -0.29161877
v -2.83540897 -1.67001057 -0.28802122
v -2.83540897 -1.67001057 -0.28802122
v -2.83504091 1.87000334 -0.29161877
v -2.82791741 1.87000576 -0.35409245
v -2.83540897 -1.67001057 -0.28802122
v -2.82791741 1.87000576 -0.35409245
v -2.82443874 -1.67000871 -0.38084881
v -2.82443874 -1.67000871 -0.38084881
v -2.82791741 1.87000576 -0.35409245
v -2.82421745 1.87000576 -0.38248508
v -2.82443874 -1.67000871 -0.38084881
v -2.82421745 1.87000576 -0.38248508
v -2.79552750 -1.67002045 -0.55454974
v -2.79552750 -1.67002045 -0.55454974
v -2.82421745 1.87000576 -0.38248508
v -2.80064978 1.86999533 -0.52807191
v -2.79552750 -1.67002045 -0.55454974
v -2.80064978 1.86999533 -0.52807191
v -2.79174037 -1.67002250 -0.57331198
v -2.79174037 -1.67002250 -0.57331198
v -2.80064978 1.86999533 -0.52807191
v -2.76274569 1.86997727 -0.69981054
v -2.79174037 -1.67002250 -0.57331198
v -2.76274569 1.86997727 -0.69981054
v -2.75577940 -1.67003274 -0.72675915
v -2.75577940 -1.67003274 -0.72675915
v -2.76274569 1.86997727 -0.69981054
v -2.74733715 -1.67003125 -0.75804987
v -2.74733715 -1.67003125 -0.75804987
v -2.76274569 1.86997727 -0.69981054
v -2.74733715 1.86997838 -0.75804987
v -2.74733715 -1.67003125 -0.75804987
v -2.74733715 1.86997838 -0.75804987
v -2.70506553 -1.67001579 -0.89728441
v -2.74733715 1.86997838 -0.75804987
v -2.72000246 1.86998844 -0.85093211
v -2.70506553 -1.67001579 -0.89728441
v -2.70506553 -1.67001579 -0.89728441
v -2.72000246 1.86998844 -0.85093211
v -2.71423794 1.86999086 -0.86914441
v -2.70506553 -1.67001579 -0.89728441
v -2.71423794 1.86999086 -0.86914441
v -2.67940052 -1.67000853 -0.97124325
v -2.71423794 1.86999086 -0.86914441
v -2.68934257 1.86999999 -0.94336439
v -2.67940052 -1.67000853 -0.97124325
v -2.67940052 -1.67000853 -0.97124325
v -2.68934257 1.86999999 -0.94336439
v -2.62516476 1.87000427 -1.10950936
v -2.67940052 -1.67000853 -0.97124325
v -2.62516476 1.87000427 -1.10950936
v -2.62074880 -1.67000797 -1.11989938
v -2.62074880 -1.67000797 -1.11989938
v -2.62516476 1.87000427 -1.10950936
v -2.62074880 1.87000372 -1.11989938
v -2.62074880 -1.67000797 -1.11989938
v -2.62074880 1.87000372 -1.11989938
v -2.61428393 -1.67000908 -1.13491006
v -2.61428393 -1.67000908 -1.13491006
v -2.62074880 1.87000372 -1.11989938
v -2.53930502 -1.67002771 -1.29399812
v -2.53930502 -1.67002771 -1.29399812
v -2.62074880 1.87000372 -1.11989938
v -2.55129896 1.86998602 -1.27018690
v -2.53930502 -1.67002771 -1.29399812
v -2.55129896 1.86998602 -1.27018690
v -2.49176286 -1.67003255 -1.38333607
v -2.49176286 -1.67003255 -1.38333607
v -2.55129896 1.86998602 -1.27018690
v -2.46797986 1.86998025 -1.42533323
v -2.49176286 -1.67003255 -1.38333607
v -2.46797986 1.86998025 -1.42533323
v -2.45453827 -1.67002715 -1.44835822
v -2.22548358 1.86999720 -1.78037193
v -2.22847052 -1.67001039 -1.77663136
v -2.27354281 1.87000446 -1.71857625
v -2.27354281 1.87000446 -1.71857625
v -2.22847052 -1.67001039 -1.77663136
v -2.25557201 -1.67000666 -1.74209531
v -2.27354281 1.87000446 -1.71857625
v -2.25557201 -1.67000666 -1.74209531
v -2.32389085 1.87000614 -1.64985787
v -2.32389085 1.87000614 -1.64985787
v -2.25557201 -1.67000666 -1.74209531
v -2.35998519 -1.67000741 -1.59780122
v -2.45453827 -1.67002715 -1.44835822
v -2.46797986 1.86998025 -1.42533323
v -2.44674422 -1.67002548 -1.46148661
v -2.44674422 -1.67002548 -1.46148661
v -2.46797986 1.86998025 -1.42533323
v -2.44674422 1.86998453 -1.46148661
v -2.44674422 -1.67002548 -1.46148661
v -2.44674422 1.86998453 -1.46148661
v -2.35998519 -1.67000741 -1.59780122
v -2.35998519 -1.67000741 -1.59780122
v -2.44674422 1.86998453 -1.46148661
v -2.37536617 1.87000055 -1.57484431
v -2.35998519 -1.67000741 -1.59780122
v -2.37536617 1.87000055 -1.57484431
v -2.32389085 1.87000614 -1.64985787
v -1.98704116 1.86998621 -2.04307791
v -1.96784027 -1.67001728 -2.06157789
v -2.10992806 1.86997484 -1.91590786
v -2.10992806 1.86997484 -1.91590786
v -1.96784027 -1.67001728 -2.06157789
v -2.09125169 -1.67003125 -1.93627626
v -2.10992806 1.86997484 -1.91590786
v -2.09125169 -1.67003125 -1.93627626
v -2.14559324 1.86998043 -1.87588092
v -2.14559324 1.86998043 -1.87588092
v -2.09125169 -1.67003125 -1.93627626
v -2.16223411 -1.67002231 -1.85667519
v -2.14559324 1.86998043 -1.87588092
v -2.16223411 -1.67002231 -1.85667519
v -2.22548358 1.86999720 -1.78037193
v -2.22548358 1.86999720 -1.78037193
v -2.16223411 -1.67002231 -1.85667519
v -2.20687278 -1.67001411 -1.80338938
v -2.22548358 1.86999720 -1.78037193
v -2.20687278 -1.67001411 -1.80338938
v -2.22847052 -1.67001039 -1.77663136
v -1.67564340 1.86998881 -2.30536722
v -1.69806890 -1.67001132 -2.28889957
v -1.72018297 1.86999775 -2.27232687
v -1.72018297 1.86999775 -2.27232687
v -1.69806890 -1.67001132 -2.28889957
v -1.74381845 -1.67000573 -2.25423947
v -1.72018297 1.86999775 -2.27232687
v -1.74381845 -1.67000573 -2.25423947
v -1.85706504 1.87000725 -2.16189958
v -1.85706504 1.87000725 -2.16189958
v -1.74381845 -1.67000573 -2.25423947
v -1.83675848 -1.67000201 -2.17917841
v -1.85706504 1.87000725 -2.16189958
v -1.83675848 -1.67000201 -2.17917841
v -1.94376446 1.86999533 -2.08429359
v -1.94376446 1.86999533 -2.08429359
v -1.83675848 -1.67000201 -2.17917841
v -1.96784027 -1.67001728 -2.06157789
v -1.94376446 1.86999533 -2.08429359
v -1.96784027 -1.67001728 -2.06157789
v -1.96987726 1.86998993 -2.05963161
v -1.96987726 1.86998993 -2.05963161
v -1.96784027 -1.67001728 -2.06157789
v -1.98704116 1.86998621 -2.04307791
v -1.35681294 1.86999366 -2.50630379
v -1.35109238 -1.67000946 -2.50939224
v -1.51071735 1.86996758 -2.41665747
v -1.51071735 1.86996758 -2.41665747
v -1.35109238 -1.67000946 -2.50939224
v -1.48553662 -1.67002752 -2.43221745
v -1.51071735 1.86996758 -2.41665747
v -1.48553662 -1.67002752 -2.43221745
v -1.57652348 1.86996982 -2.37425212
v -1.57652348 1.86996982 -2.37425212
v -1.48553662 -1.67002752 -2.43221745
v -1.55177936 -1.67002957 -2.39049811
v -1.57652348 1.86996982 -2.37425212
v -1.55177936 -1.67002957 -2.39049811
v -1.67564340 1.86998881 -2.30536722
v -1.67564340 1.86998881 -2.30536722
v -1.55177936 -1.67002957 -2.39049811
v -1.67564340 -1.67001449 -2.30536722
v -1.67564340 1.86998881 -2.30536722
v -1.67564340 -1.67001449 -2.30536722
v -1.69806890 -1.67001132 -2.28889957
v -0.67303553 -1.67000629 -2.76939031
v -0.84470846 -1.67002603 -2.72194184
v -0.87106153 1.86997391 -2.71362327
v -0.87106153 1.86997391 -2.71362327
v -0.84470846 -1.67002603 -2.72194184
v -0.98918453 -1.67002045 -2.67282873
v -0.87106153 1.86997391 -2.71362327
v -0.98918453 -1.67002045 -2.67282873
v -1.00209638 1.86998509 -2.66801491
v -1.00209638 1.86998509 -2.66801491
v -0.98918453 -1.67002045 -2.67282873
v -1.00209638 -1.67001896 -2.66801491
v -1.00209638 1.86998509 -2.66801491
v -1.00209638 -1.67001896 -2.66801491
v -1.03677921 1.86999068 -2.65472941
v -1.03677921 1.86999068 -2.65472941
v -1.00209638 -1.67001896 -2.66801491
v -1.01189800 -1.67001765 -2.66431272
v -1.03677921 1.86999068 -2.65472941
v -1.01189800 -1.67001765 -2.66431272
v -1.19875930 1.87000800 -2.58562881
v -1.19875930 1.87000800 -2.58562881
v -1.01189800 -1.67001765 -2.66431272
v -1.17451735 -1.67000107 -2.59673037
v -1.19875930 1.87000800 -2.58562881
v -1.17451735 -1.67000107 -2.59673037
v -1.25105754 1.87000688 -2.56073326
v -1.25105754 1.87000688 -2.56073326
v -1.17451735 -1.67000107 -2.59673037
v -1.25466175 -1.67000089 -2.55896933
v -1.25105754 1.87000688 -2.56073326
v -1.25466175 -1.67000089 -2.55896933
v -1.35681294 1.86999366 -2.50630379
v -1.35681294 1.86999366 -2.50630379
v -1.25466175 -1.67000089 -2.55896933
v -1.33244731 -1.67000722 -2.51934193
v -1.35681294 1.86999366 -2.50630379
v -1.33244731 -1.67000722 -2.51934193
v -1.35109238 -1.67000946 -2.50939224
v -0.87106153 1.86997391 -2.71362327
v -0.71592778 1.86999161 -2.75861323
v -0.67303553 -1.67000629 -2.76939031
v -0.67303553 -1.67000629 -2.76939031
v -0.71592778 1.86999161 -2.75861323
v -0.70176199 1.86999347 -2.76225097
v -0.67303553 -1.67000629 -2.76939031
v -0.70176199 1.86999347 -2.76225097
v -0.63496903 -1.67000256 -2.77836546
v -0.63496903 -1.67000256 -2.77836546
v -0.70176199 1.86999347 -2.76225097
v -0.63496903 1.87000129 -2.77836546
v -0.63496903 -1.67000256 -2.77836546
v -0.63496903 1.87000129 -2.77836546
v -0.59671849 -1.66999996 -2.78683100
v -0.59671849 -1.66999996 -2.78683100
v -0.63496903 1.87000129 -2.77836546
v -0.62562935 1.87000223 -2.78048348
v -0.59671849 -1.66999996 -2.78683100
v -0.62562935 1.87000223 -2.78048348
v -0.42342022 -1.67000405 -2.81837098
v -0.42342022 -1.67000405 -2.81837098
v -0.62562935 1.87000223 -2.78048348
v -0.45072734 1.87000278 -2.81413309
v -0.42342022 -1.67000405 -2.81837098
v -0.45072734 1.87000278 -2.81413309
v -0.24877712 -1.67002287 -2.83912141
v -0.45072734 1.87000278 -2.81413309
v -0.27532615 1.86998304 -2.83666980
v -0.24877712 -1.67002287 -2.83912141
v -0.24877712 -1.67002287 -2.83912141
v -0.27532615 1.86998304 -2.83666980
v -0.25635362 1.86998118 -2.83844732
v -0.24877712 -1.67002287 -2.83912141
v -0.25635362 1.86998118 -2.83844732
v -0.14269837 -1.67002399 -2.84642540
v -0.14269837 -1.67002399 -2.84642540
v -0.25635362 1.86998118 -2.83844732
v -0.15314893 1.86997820 -2.84588225
v -0.14269837 -1.67002399 -2.84642540
v -0.15314893 1.86997820 -2.84588225
v -0.07295461 -1.67001728 -2.84906607
v -0.07295461 -1.67001728 -2.84906607
v -0.15314893 1.86997820 -2.84588225
v -0.09960459 1.86998267 -2.84825899
v -0.07295461 -1.67001728 -2.84906607
v -0.09960459 1.86998267 -2.84825899
v 0.10388567 -1.66999884 -2.84810606
v 0.10388567 -1.66999884 -2.84810606
v -0.09960459 1.86998267 -2.84825899
v 0.07626562 1.87000260 -2.84897946
v 0.10388567 -1.66999884 -2.84810606
v 0.07626562 1.87000260 -2.84897946
v 0.12690014 -1.66999772 -2.84717344
v 0.12690014 -1.66999772 -2.84717344
v 0.07626562 1.87000260 -2.84897946
v 0.13315863 1.87000576 -2.84688752
v 0.12690014 -1.66999772 -2.84717344
v 0.13315863 1.87000576 -2.84688752
v 0.28158724 -1.67000163 -2.83605512
v 0.28158724 -1.67000163 -2.83605512
v 0.13315863 1.87000576 -2.84688752
v 0.25211759 1.87000260 -2.83882674
v 0.28158724 -1.67000163 -2.83605512
v 0.25211759 1.87000260 -2.83882674
v 0.35937503 -1.67000946 -2.82725114
v 0.35937503 -1.67000946 -2.82725114
v 0.25211759 1.87000260 -2.83882674
v 0.32999367 1.86999440 -2.83083096
v 0.35937503 -1.67000946 -2.82725114
v 0.32999367 1.86999440 -2.83083096
v 0.43334849 -1.67001765 -2.81686150
v 0.43334849 -1.67001765 -2.81686150
v 0.32999367 1.86999440 -2.83083096
v 0.41965693 1.86998267 -2.81893387
v 0.43334849 -1.67001765 -2.81686150
v 0.41965693 1.86998267 -2.81893387
v 0.50785802 -1.67002212 -2.80438587
v 0.50785802 -1.67002212 -2.80438587
v 0.41965693 1.86998267 -2.81893387
v 0.50597452 1.86997596 -2.80472636
v 0.50785802 -1.67002212 -2.80438587
v 0.50597452 1.86997596 -2.80472636
v 0.53334422 -1.67002175 -2.79965065
v 0.53334422 -1.67002175 -2.79965065
v 0.50597452 1.86997596 -2.80472636
v 0.67884736 1.86999179 -2.76797153
v 0.53334422 -1.67002175 -2.79965065
v 0.67884736 1.86999179 -2.76797153
v 0.70501119 -1.67000610 -2.76142340
v 0.70501119 -1.67000610 -2.76142340
v 0.67884736 1.86999179 -2.76797153
v 0.84849223 1.87000595 -2.72076484
v 0.70501119 -1.67000610 -2.76142340
v 0.84849223 1.87000595 -2.72076484
v 0.87421387 -1.66999642 -2.71260943
v 0.84849223 1.87000595 -2.72076484
v 0.87962709 1.87000595 -2.71085892
v 0.87421387 -1.66999642 -2.71260943
v 0.87421387 -1.66999642 -2.71260943
v 0.87962709 1.87000595 -2.71085892
v 0.98366365 1.86999943 -2.67486554
v 0.87421387 -1.66999642 -2.71260943
v 0.98366365 1.86999943 -2.67486554
v 0.99188723 -1.67000107 -2.67182700
v 0.99188723 -1.67000107 -2.67182700
v 0.98366365 1.86999943 -2.67486554
v 1.01476721 1.86999645 -2.66322121
v 0.99188723 -1.67000107 -2.67182700
v 1.01476721 1.86999645 -2.66322121
v 1.04076788 -1.67000424 -2.65316833
v 1.04076788 -1.67000424 -2.65316833
v 1.01476721 1.86999645 -2.66322121
v 1.17750764 1.86999422 -2.59537585
v 1.04076788 -1.67000424 -2.65316833
v 1.17750764 1.86999422 -2.59537585
v 1.20446272 -1.67000275 -2.58297585
v 1.20446272 -1.67000275 -2.58297585
v 1.17750764 1.86999422 -2.59537585
v 1.20446086 1.87000036 -2.58297771
v -2.22548209 -1.67001095 1.78037304
v -2.21077614 -1.67001337 1.79860145
v -2.20687054 1.86999347 1.80339199
v 1.20446309 -1.67000350 2.58297920
v 1.20446421 1.87000129 2.58297641
v 1.17751025 -1.67000405 2.59537455
v 1.17751025 -1.67000405 2.59537455
v 1.20446421 1.87000129 2.58297641
v 1.04076900 1.86999403 2.65316796
v 1.17751025 -1.67000405 2.59537455
v 1.04076900 1.86999403 2.65316796
v 1.01476908 -1.67000256 2.66322047
v 1.01476908 -1.67000256 2.66322047
v 1.04076900 1.86999403 2.65316796
v 0.99189058 -1.67000107 2.67182589
v 0.99189058 -1.67000107 2.67182589
v 1.04076900 1.86999403 2.65316796
v 0.98365955 1.86999943 2.67486703
v 0.99189058 -1.67000107 2.67182589
v 0.98365955 1.86999943 2.67486703
v 0.84849410 -1.66999660 2.72076428
v 0.84849410 -1.66999660 2.72076428
v 0.98365955 1.86999943 2.67486703
v 0.87421499 1.87000595 2.71260906
v 0.84849410 -1.66999660 2.72076428
v 0.87421499 1.87000595 2.71260906
v 0.80958158 -1.66999772 2.73259543
v 0.80958158 -1.66999772 2.73259543
v 0.87421499 1.87000595 2.71260906
v 0.80958158 1.87000483 2.73259543
v 0.80958158 -1.66999772 2.73259543
v 0.80958158 1.87000483 2.73259543
v 0.67884922 -1.67000908 2.76797116
v 0.67884922 -1.67000908 2.76797116
v 0.80958158 1.87000483 2.73259543
v 0.70501231 1.86999515 2.76142322
v 0.67884922 -1.67000908 2.76797116
v 0.70501231 1.86999515 2.76142322
v 0.50597638 -1.67002250 2.80472599
v 0.50597638 -1.67002250 2.80472599
v 0.70501231 1.86999515 2.76142322
v 0.53334534 1.86997633 2.79965047
v 0.50597638 -1.67002250 2.80472599
v 0.53334534 1.86997633 2.79965047
v 0.44667684 -1.67001914 2.81477887
v 0.44667684 -1.67001914 2.81477887
v 0.53334534 1.86997633 2.79965047
v 0.44667684 1.86997969 2.81477887
v 0.44667684 -1.67001914 2.81477887
v 0.44667684 1.86997969 2.81477887
v 0.32999516 -1.67000629 2.83083078
v 0.32999516 -1.67000629 2.83083078
v 0.44667684 1.86997969 2.81477887
v 0.35937652 1.86999049 2.82725114
v 0.32999516 -1.67000629 2.83083078
v 0.35937652 1.86999049 2.82725114
v 0.25211908 -1.66999940 2.83882655
v 0.25211908 -1.66999940 2.83882655
v 0.35937652 1.86999049 2.82725114
v 0.28158911 1.86999999 2.83605494
v 0.25211908 -1.66999940 2.83882655
v 0.28158911 1.86999999 2.83605494
v 0.14591886 -1.66999698 2.84626205
v 0.14591886 -1.66999698 2.84626205
v 0.28158911 1.86999999 2.83605494
v 0.10388790 1.87000446 2.84810588
v 0.14591886 -1.66999698 2.84626205
v 0.10388790 1.87000446 2.84810588
v 0.07626711 -1.67000070 2.84897927
v 0.07626711 -1.67000070 2.84897927
v 0.10388790 1.87000446 2.84810588
v 0.07615759 1.87000260 2.84898225
v 0.07626711 -1.67000070 2.84897927
v 0.07615759 1.87000260 2.84898225
v -0.09960310 -1.67002045 2.84825899
v -0.09960310 -1.67002045 2.84825899
v 0.07615759 1.87000260 2.84898225
v -0.07295237 1.86998565 2.84906607
v -0.09960310 -1.67002045 2.84825899
v -0.07295237 1.86998565 2.84906607
v -0.14268869 -1.67002436 2.84642577
v -0.14268869 -1.67002436 2.84642577
v -0.07295237 1.86998565 2.84906607
v -0.15314707 1.86997820 2.84588225
v -0.14268869 -1.67002436 2.84642577
v -0.15314707 1.86997820 2.84588225
v -0.27532466 -1.67002100 2.83666998
v -0.27532466 -1.67002100 2.83666998
v -0.15314707 1.86997820 2.84588225
v -0.24877489 1.86998043 2.83912160
v -0.27532466 -1.67002100 2.83666998
v -0.24877489 1.86998043 2.83912160
v -0.29565953 -1.67001877 2.83462256
v -0.29565953 -1.67001877 2.83462256
v -0.24877489 1.86998043 2.83912160
v -0.29565953 1.86998527 2.83462256
v -0.29565953 -1.67001877 2.83462256
v -0.29565953 1.86998527 2.83462256
v -0.45072585 -1.67000182 2.81413328
v -0.45072585 -1.67000182 2.81413328
v -0.29565953 1.86998527 2.83462256
v -0.42341799 1.87000055 2.81837136
v -0.45072585 -1.67000182 2.81413328
v -0.42341799 1.87000055 2.81837136
v -0.62562786 -1.67000182 2.78048366
v -0.62562786 -1.67000182 2.78048366
v -0.42341799 1.87000055 2.81837136
v -0.59671625 1.87000427 2.78683156
v -0.62562786 -1.67000182 2.78048366
v -0.59671625 1.87000427 2.78683156
v -0.66243671 -1.67000517 2.77194474
v -0.66243671 -1.67000517 2.77194474
v -0.59671625 1.87000427 2.78683156
v -0.67303255 1.86999720 2.76939105
v -0.66243671 -1.67000517 2.77194474
v -0.67303255 1.86999720 2.76939105
v -0.70176050 -1.67000964 2.76225135
v -0.70176050 -1.67000964 2.76225135
v -0.67303255 1.86999720 2.76939105
v -0.84470548 1.86997540 2.72194277
v -0.70176050 -1.67000964 2.76225135
v -0.84470548 1.86997540 2.72194277
v -0.87106004 -1.67002790 2.71362383
v -0.87106004 -1.67002790 2.71362383
v -0.84470548 1.86997540 2.72194277
v -1.01792254 -1.67001709 2.66201682
v -1.01792254 -1.67001709 2.66201682
v -0.84470548 1.86997540 2.72194277
v -0.98798722 1.86998285 2.67327167
v -1.01792254 -1.67001709 2.66201682
v -0.98798722 1.86998285 2.67327167
v -1.01189502 1.86998658 2.66431384
v -1.25465915 -1.67000089 2.55897064
v -1.19875781 -1.67000014 2.58562937
v -1.17451437 1.87000707 2.59673167
v -1.17451437 1.87000707 2.59673167
v -1.19875781 -1.67000014 2.58562937
v -1.01189502 1.86998658 2.66431384
v -1.01189502 1.86998658 2.66431384
v -1.19875781 -1.67000014 2.58562937
v -1.03677772 -1.67001467 2.65472997
v -1.01189502 1.86998658 2.66431384
v -1.03677772 -1.67001467 2.65472997
v -1.01792254 -1.67001709 2.66201682
v -1.17451437 1.87000707 2.59673167
v -1.25105008 1.87000688 2.56073680
v -1.25465915 -1.67000089 2.55897064
v -1.25465915 -1.67000089 2.55897064
v -1.25105008 1.87000688 2.56073680
v -1.33244433 1.86999775 2.51934342
v -1.25465915 -1.67000089 2.55897064
v -1.33244433 1.86999775 2.51934342
v -1.35681145 -1.67001039 2.50630453
v -1.35681145 -1.67001039 2.50630453
v -1.33244433 1.86999775 2.51934342
v -1.35605671 1.86999384 2.50671301
v -1.35681145 -1.67001039 2.50630453
v -1.35605671 1.86999384 2.50671301
v -1.51071586 -1.67002939 2.41665822
v -1.51071586 -1.67002939 2.41665822
v -1.35605671 1.86999384 2.50671301
v -1.48553327 1.86997019 2.43221931
v -1.51071586 -1.67002939 2.41665822
v -1.48553327 1.86997019 2.43221931
v -1.57652199 -1.67002790 2.37425324
v -1.57652199 -1.67002790 2.37425324
v -1.48553327 1.86997019 2.43221931
v -1.55177675 1.86996739 2.39049979
v -1.57652199 -1.67002790 2.37425324
v -1.55177675 1.86996739 2.39049979
v -1.67107619 -1.67001523 2.30868012
v -1.67107619 -1.67001523 2.30868012
v -1.55177675 1.86996739 2.39049979
v -1.67107619 1.86998788 2.30868012
v -1.67107619 -1.67001523 2.30868012
v -1.67107619 1.86998788 2.30868012
v -1.72018223 -1.67000834 2.27232799
v -1.72018223 -1.67000834 2.27232799
v -1.67107619 1.86998788 2.30868012
v -1.69806667 1.86999347 2.28890143
v -1.72018223 -1.67000834 2.27232799
v -1.69806667 1.86999347 2.28890143
v -1.85706355 -1.67000294 2.16190051
v -1.69806667 1.86999347 2.28890143
v -1.83675624 1.87000819 2.17918046
v -1.85706355 -1.67000294 2.16190051
v -1.85706355 -1.67000294 2.16190051
v -1.83675624 1.87000819 2.17918046
v -1.94375850 1.86999533 2.08429918
v -1.85706355 -1.67000294 2.16190051
v -1.94375850 1.86999533 2.08429918
v -1.95761062 -1.67001560 2.07129419
v -1.95761062 -1.67001560 2.07129419
v -1.94375850 1.86999533 2.08429918
v -1.96783803 1.86999030 2.06158012
v -1.95761062 -1.67001560 2.07129419
v -1.96783803 1.86999030 2.06158012
v -1.98704042 -1.67002063 2.04307903
v -1.98704042 -1.67002063 2.04307903
v -1.96783803 1.86999030 2.06158012
v -2.09124945 1.86997335 1.93627868
v -2.20687054 1.86999347 1.80339199
v -2.21077614 -1.67001337 1.79860145
v -2.14558430 1.86998043 1.87589135
v -2.14558430 1.86998043 1.87589135
v -2.21077614 -1.67001337 1.79860145
v -2.16223039 -1.67002250 1.85667984
v -2.14558430 1.86998043 1.87589135
v -2.16223039 -1.67002250 1.85667984
v -2.09124945 1.86997335 1.93627868
v -2.09124945 1.86997335 1.93627868
v -2.16223039 -1.67002250 1.85667984
v -2.10992731 -1.67002995 1.91590898
v -2.09124945 1.86997335 1.93627868
v -2.10992731 -1.67002995 1.91590898
v -1.98704042 -1.67002063 2.04307903
v -2.22548209 -1.67001095 1.78037304
v -2.20687054 1.86999347 1.80339199
v -2.27354206 -1.67000499 1.71857700
v -2.27354206 -1.67000499 1.71857700
v -2.20687054 1.86999347 1.80339199
v -2.25556977 1.87000223 1.74209774
v -2.27354206 -1.67000499 1.71857700
v -2.25556977 1.87000223 1.74209774
v -2.33900510 -1.67000499 1.62835978
v -2.33900510 -1.67000499 1.62835978
v -2.25556977 1.87000223 1.74209774
v -2.32388116 1.87000614 1.64987184
v -2.33900510 -1.67000499 1.62835978
v -2.32388116 1.87000614 1.64987184
v -2.37536617 -1.67000983 1.57484487
v -2.37536617 -1.67000983 1.57484487
v -2.32388116 1.87000614 1.64987184
v -2.35998370 1.87000297 1.59780383
v -2.37536617 -1.67000983 1.57484487
v -2.35998370 1.87000297 1.59780383
v -2.42625810 -1.67002100 1.49525022
v -2.42625810 -1.67002100 1.49525022
v -2.35998370 1.87000297 1.59780383
v -2.42625810 1.86998937 1.49525022
v -2.42625810 -1.67002100 1.49525022
v -2.42625810 1.86998937 1.49525022
v -2.46797986 -1.67002995 1.42533388
v -2.46797986 -1.67002995 1.42533388
v -2.42625810 1.86998937 1.49525022
v -2.45453678 1.86998285 1.44836092
v -2.46797986 -1.67002995 1.42533388
v -2.45453678 1.86998285 1.44836092
v -2.49176063 -1.67003293 1.38333971
v -2.49176063 -1.67003293 1.38333971
v -2.45453678 1.86998285 1.44836092
v -2.53930353 1.86998304 1.29400101
v -2.49176063 -1.67003293 1.38333971
v -2.53930353 1.86998304 1.29400101
v -2.55129822 -1.67002510 1.27018765
v -2.55129822 -1.67002510 1.27018765
v -2.53930353 1.86998304 1.29400101
v -2.60038190 -1.67001206 1.16641121
v -2.60038190 -1.67001206 1.16641121
v -2.53930353 1.86998304 1.29400101
v -2.60038190 1.86999943 1.16641121
v -2.60038190 -1.67001206 1.16641121
v -2.60038190 1.86999943 1.16641121
v -2.62516402 -1.67000722 1.10951001
v -2.62516402 -1.67000722 1.10951001
v -2.60038190 1.86999943 1.16641121
v -2.61428244 1.87000260 1.13491304
v -2.62516402 -1.67000722 1.10951001
v -2.61428244 1.87000260 1.13491304
v -2.68934257 -1.67001095 0.94336504
v -2.68934257 -1.67001095 0.94336504
v -2.61428244 1.87000260 1.13491304
v -2.67939903 1.87000260 0.97124632
v -2.68934257 -1.67001095 0.94336504
v -2.67939903 1.87000260 0.97124632
v -2.71423794 -1.67001951 0.86914450
v -2.71423794 -1.67001951 0.86914450
v -2.67939903 1.87000260 0.97124632
v -2.70506479 1.86999459 0.89728739
v -2.71423794 -1.67001951 0.86914450
v -2.70506479 1.86999459 0.89728739
v -2.73017995 -1.67002585 0.81768995
v -2.73017995 -1.67002585 0.81768995
v -2.70506479 1.86999459 0.89728739
v -2.73017995 1.86998416 0.81768995
v -2.73017995 -1.67002585 0.81768995
v -2.73017995 1.86998416 0.81768995
v -2.76274569 -1.67003293 0.69981059
v -2.76274569 -1.67003293 0.69981059
v -2.73017995 1.86998416 0.81768995
v -2.75577866 1.86997708 0.72676227
v -2.76274569 -1.67003293 0.69981059
v -2.75577866 1.86997708 0.72676227
v -2.80064978 -1.67001765 0.52807201
v -2.75577866 1.86997708 0.72676227
v -2.79552676 1.86999217 0.55455295
v -2.80064978 -1.67001765 0.52807201
v -2.80064978 -1.67001765 0.52807201
v -2.79552676 1.86999217 0.55455295
v -2.81344019 1.87000260 0.45503043
v -2.80064978 -1.67001765 0.52807201
v -2.81344019 1.87000260 0.45503043
v -2.82791741 -1.67000871 0.35409250
v -2.82791741 -1.67000871 0.35409250
v -2.81344019 1.87000260 0.45503043
v -2.82443799 1.87000576 0.38085217
v -2.82791741 -1.67000871 0.35409250
v -2.82443799 1.87000576 0.38085217
v -2.83540748 -1.67001057 0.28803379
v -2.83540748 -1.67001057 0.28803379
v -2.82443799 1.87000576 0.38085217
v -2.83504091 1.87000334 0.29161845
v -2.83540748 -1.67001057 0.28803379
v -2.83504091 1.87000334 0.29161845
v -2.84443460 -1.67001747 0.17802246
v -2.84443460 -1.67001747 0.17802246
v -2.83504091 1.87000334 0.29161845
v -2.84255706 1.86999664 0.20583698
v -2.84443460 -1.67001747 0.17802246
v -2.84255706 1.86999664 0.20583698
v -2.85000019 -1.67001393 0.00000000
v -2.85000019 -1.67001393 0.00000000
v -2.84255706 1.86999664 0.20583698
v -2.84984522 1.86999440 0.02967121
v -2.85000019 -1.67001393 0.00000000
v -2.84984522 1.86999440 0.02967121
v -2.85000019 1.86999999 0.00000000
v 1.23888738 2.25000121 -2.15516388
v 1.20446198 2.25000009 -2.16883011
v 1.20446198 2.25000009 2.16476563
v 3.06900442 2.44513303 1.67226605
v 3.15070041 2.47656591 1.67091265
v 3.04652005 2.44548209 -1.87138095
v 3.04652005 2.44548209 -1.87138095
v 3.15070041 2.47656591 1.67091265
v 3.22297998 2.50887722 -1.87017210
v 3.22297998 2.50887722 -1.87017210
v 3.15070041 2.47656591 1.67091265
v 3.39553915 2.58297790 -1.87000036
v 3.39553915 2.58297790 -1.87000036
v 3.15070041 2.47656591 1.67091265
v 3.34834829 2.56123021 1.67000666
v 3.39553915 2.58297790 -1.87000036
v 3.34834829 2.56123021 1.67000666
v 3.39553729 2.58297604 1.67000312
v 3.06900442 2.44513303 1.67226605
v 3.04652005 2.44548209 -1.87138095
v 2.97172461 2.41087154 1.67518202
v 2.97172461 2.41087154 1.67518202
v 3.04652005 2.44548209 -1.87138095
v 2.86594201 2.39240769 -1.87471341
v 2.97172461 2.41087154 1.67518202
v 2.86594201 2.39240769 -1.87471341
v 2.80413367 2.36070771 1.68478619
v 2.80413367 2.36070771 1.68478619
v 2.86594201 2.39240769 -1.87471341
v 2.68089287 2.34920178 -1.88131314
v 2.80413367 2.36070771 1.68478619
v 2.68089287 2.34920178 -1.88131314
v 2.67312471 2.32962966 1.69743970
v 2.67312471 2.32962966 1.69743970
v 2.68089287 2.34920178 -1.88131314
v 2.58332714 2.33053658 -1.88644174
v 2.67312471 2.32962966 1.69743970
v 2.58332714 2.33053658 -1.88644174
v 2.57969182 2.31168773 1.70969423
v 2.39187256 2.30119117 -1.90052968
v 2.37567127 2.28323918 1.74632706
v 2.52491087 2.30268668 1.71820130
v 2.57969182 2.31168773 1.70969423
v 2.58332714 2.33053658 -1.88644174
v 2.52491087 2.30268668 1.71820130
v 2.52491087 2.30268668 1.71820130
v 2.58332714 2.33053658 -1.88644174
v 2.49099955 2.31524687 -1.89252757
v 2.52491087 2.30268668 1.71820130
v 2.49099955 2.31524687 -1.89252757
v 2.39187256 2.30119117 -1.90052968
v 2.37567127 2.28323918 1.74632706
v 2.39187256 2.30119117 -1.90052968
v 2.35371795 2.28093509 1.75107699
v 2.35371795 2.28093509 1.75107699
v 2.39187256 2.30119117 -1.90052968
v 2.19049919 2.27926746 -1.92205552
v 2.35371795 2.28093509 1.75107699
v 2.19049919 2.27926746 -1.92205552
v 2.22481135 2.26981919 1.78207643
v 2.22481135 2.26981919 1.78207643
v 2.19049919 2.27926746 -1.92205552
v 2.17538942 2.26651169 1.79533288
v 2.17538942 2.26651169 1.79533288
v 2.19049919 2.27926746 -1.92205552
v 2.01493409 2.26627700 -1.94737930
v 2.17538942 2.26651169 1.79533288
v 2.01493409 2.26627700 -1.94737930
v 2.08785497 2.26172656 1.82056632
v 1.73184257 2.25199498 1.94276907
v 1.80687532 2.25311015 1.91471539
v 1.98862236 2.26474907 -1.95175465
v 1.98862236 2.26474907 -1.95175465
v 1.80687532 2.25311015 1.91471539
v 1.99418385 2.25788057 1.84987206
v 1.98862236 2.26474907 -1.95175465
v 1.99418385 2.25788057 1.84987206
v 2.01493409 2.26627700 -1.94737930
v 2.01493409 2.26627700 -1.94737930
v 1.99418385 2.25788057 1.84987206
v 2.00814065 2.25838143 1.84536297
v 2.01493409 2.26627700 -1.94737930
v 2.00814065 2.25838143 1.84536297
v 2.08785497 2.26172656 1.82056632
v 1.98862236 2.26474907 -1.95175465
v 1.79657936 2.25638133 -1.98866669
v 1.73184257 2.25199498 1.94276907
v 1.73184257 2.25199498 1.94276907
v 1.79657936 2.25638133 -1.98866669
v 1.73396543 2.25457344 -2.00270694
v 1.73184257 2.25199498 1.94276907
v 1.73396543 2.25457344 -2.00270694
v 1.61320250 2.25086678 1.98925119
v 1.73396543 2.25457344 -2.00270694
v 1.62521116 2.25230455 -2.02967525
v 1.61320250 2.25086678 1.98925119
v 1.61320250 2.25086678 1.98925119
v 1.62521116 2.25230455 -2.02967525
v 1.60629600 2.25200914 -2.03471575
v 1.61320250 2.25086678 1.98925119
v 1.60629600 2.25200914 -2.03471575
v 1.46005414 2.25019436 2.05255821
v 1.46005414 2.25019436 2.05255821
v 1.60629600 2.25200914 -2.03471575
v 1.45871453 2.25051269 -2.07779668
v 1.46005414 2.25019436 2.05255821
v 1.45871453 2.25051269 -2.07779668
v 1.41261220 2.25010216 2.07282100
v 1.41261220 2.25010216 2.07282100
v 1.45871453 2.25051269 -2.07779668
v 1.42027698 2.25031413 -2.09014788
v 1.41261220 2.25010216 2.07282100
v 1.42027698 2.25031413 -2.09014788
v 1.20446198 2.25000009 2.16476563
v 1.20446198 2.25000009 2.16476563
v 1.42027698 2.25031413 -2.09014788
v 1.33539699 2.25007050 -2.11915616
v 1.20446198 2.25000009 2.16476563
v 1.33539699 2.25007050 -2.11915616
v 1.23888738 2.25000121 -2.15516388
v 1.51199941 -2.05367077 2.02617999
v 1.47541910 -2.05272734 2.04205178
v 1.63683537 -2.05642357 -2.00975109
v 3.39553580 -2.58297641 -1.87000129
v 3.39553915 -2.58297976 1.67000275
v 3.16719934 -2.47809086 1.67227872
v 2.26047263 -2.14226004 1.76989660
v 2.23217607 -2.13863235 -1.90005004
v 2.30086800 -2.15232559 1.76088382
v 2.30086800 -2.15232559 1.76088382
v 2.23217607 -2.13863235 -1.90005004
v 2.31060572 -2.15874705 -1.89324487
v 2.30086800 -2.15232559 1.76088382
v 2.31060572 -2.15874705 -1.89324487
v 2.38940716 -2.17647068 1.74297653
v 2.38940716 -2.17647068 1.74297653
v 2.31060572 -2.15874705 -1.89324487
v 2.38407478 -2.17941869 -1.88802611
v 2.38940716 -2.17647068 1.74297653
v 2.38407478 -2.17941869 -1.88802611
v 2.54553799 -2.22560298 1.71736609
v 2.54553799 -2.22560298 1.71736609
v 2.38407478 -2.17941869 -1.88802611
v 2.57852841 -2.24178545 -1.87848601
v 2.54553799 -2.22560298 1.71736609
v 2.57852841 -2.24178545 -1.87848601
v 2.71823611 -2.28826609 1.69691276
v 2.71823611 -2.28826609 1.69691276
v 2.57852841 -2.24178545 -1.87848601
v 2.62092911 -2.25669444 -1.87705532
v 2.71823611 -2.28826609 1.69691276
v 2.62092911 -2.25669444 -1.87705532
v 2.86107156 -2.34526824 1.68519448
v 2.86107156 -2.34526824 1.68519448
v 2.62092911 -2.25669444 -1.87705532
v 2.77057681 -2.31248904 -1.87339950
v 2.86107156 -2.34526824 1.68519448
v 2.77057681 -2.31248904 -1.87339950
v 2.91440524 -2.36750431 1.68187339
v 2.91440524 -2.36750431 1.68187339
v 2.77057681 -2.31248904 -1.87339950
v 2.97021866 -2.39337813 -1.87099483
v 2.91440524 -2.36750431 1.68187339
v 2.97021866 -2.39337813 -1.87099483
v 3.16719934 -2.47809086 1.67227872
v 3.16719934 -2.47809086 1.67227872
v 2.97021866 -2.39337813 -1.87099483
v 3.17831486 -2.48373933 -1.87015180
v 3.16719934 -2.47809086 1.67227872
v 3.17831486 -2.48373933 -1.87015180
v 3.39553580 -2.58297641 -1.87000129
v 2.26047263 -2.14226004 1.76989660
v 2.21181046 -2.13094577 1.78145673
v 2.23217607 -2.13863235 -1.90005004
v 2.23217607 -2.13863235 -1.90005004
v 2.21181046 -2.13094577 1.78145673
v 2.11234801 -2.11060196 1.80747285
v 2.23217607 -2.13863235 -1.90005004
v 2.11234801 -2.11060196 1.80747285
v 2.08145287 -2.10605767 -1.91731583
v 2.08145287 -2.10605767 -1.91731583
v 2.11234801 -2.11060196 1.80747285
v 2.01849379 -2.09473744 1.83499195
v 2.08145287 -2.10605767 -1.91731583
v 2.01849379 -2.09473744 1.83499195
v 1.93120576 -2.08186395 -1.94097292
v 2.01849379 -2.09473744 1.83499195
v 1.96366310 -2.08690278 1.85238328
v 1.93120576 -2.08186395 -1.94097292
v 1.93120576 -2.08186395 -1.94097292
v 1.96366310 -2.08690278 1.85238328
v 1.81478932 -2.07042973 1.90424658
v 1.93120576 -2.08186395 -1.94097292
v 1.81478932 -2.07042973 1.90424658
v 1.85597762 -2.07278468 -1.95558369
v 1.85597762 -2.07278468 -1.95558369
v 1.81478932 -2.07042973 1.90424658
v 1.66455992 -2.05981582 1.96239743
v 1.85597762 -2.07278468 -1.95558369
v 1.66455992 -2.05981582 1.96239743
v 1.80417448 -2.06764489 -1.96679663
v 1.80417448 -2.06764489 -1.96679663
v 1.66455992 -2.05981582 1.96239743
v 1.74073949 -2.06248444 -1.98186282
v 1.74073949 -2.06248444 -1.98186282
v 1.66455992 -2.05981582 1.96239743
v 1.63683537 -2.05642357 -2.00975109
v 1.63683537 -2.05642357 -2.00975109
v 1.66455992 -2.05981582 1.96239743
v 1.61229260 -2.05726046 1.98377073
v 1.63683537 -2.05642357 -2.00975109
v 1.61229260 -2.05726046 1.98377073
v 1.51199941 -2.05367077 2.02617999
v 1.20446086 -2.05000006 -2.16651466
v 1.27395503 -2.05003619 -2.13732310
v 1.20446198 -2.05000006 2.16408223
v 1.20446198 -2.05000006 2.16408223
v 1.27395503 -2.05003619 -2.13732310
v 1.36695430 -2.05036271 -2.10044291
v 1.20446198 -2.05000006 2.16408223
v 1.36695430 -2.05036271 -2.10044291
v 1.47541910 -2.05272734 2.04205178
v 1.47541910 -2.05272734 2.04205178
v 1.36695430 -2.05036271 -2.10044291
v 1.46142803 -2.05134209 -2.06580311
v 1.47541910 -2.05272734 2.04205178
v 1.46142803 -2.05134209 -2.06580311
v 1.63683537 -2.05642357 -2.00975109
v 6.54376298 2.08429489 1.66999530
v 6.56783879 2.06157919 1.66999046
v 6.56987727 2.05963161 -1.86998993
v 7.44984522 0.02966998 1.66999437
v 7.45000020 0.00000000 1.66999996
v 7.45000020 0.00000000 -1.86999999
v 7.44984522 0.02966998 1.66999437
v 7.45000020 0.00000000 -1.86999999
v 7.44255707 0.20583577 1.66999660
v 7.44255707 0.20583577 1.66999660
v 7.45000020 0.00000000 -1.86999999
v 7.44443461 0.17802241 -1.86999422
v 7.44255707 0.20583577 1.66999660
v 7.44443461 0.17802241 -1.86999422
v 7.43504092 0.29161859 1.67000331
v 7.43504092 0.29161859 1.67000331
v 7.44443461 0.17802241 -1.86999422
v 7.43504092 0.29161863 -1.87000334
v 7.43504092 0.29161859 1.67000331
v 7.43504092 0.29161863 -1.87000334
v 7.42443800 0.38085096 1.67000573
v 7.43504092 0.29161863 -1.87000334
v 7.42791742 0.35409245 -1.87000576
v 7.42443800 0.38085096 1.67000573
v 7.42443800 0.38085096 1.67000573
v 7.42791742 0.35409245 -1.87000576
v 7.42421746 0.38248508 -1.87000576
v 7.42443800 0.38085096 1.67000573
v 7.42421746 0.38248508 -1.87000576
v 7.39552677 0.55455174 1.66999213
v 7.39552677 0.55455174 1.66999213
v 7.42421746 0.38248508 -1.87000576
v 7.40064979 0.52807191 -1.86999533
v 7.39552677 0.55455174 1.66999213
v 7.40064979 0.52807191 -1.86999533
v 7.39144087 0.57476549 1.66998953
v 7.39144087 0.57476549 1.66998953
v 7.40064979 0.52807191 -1.86999533
v 7.35577866 0.72676111 1.66997705
v 7.35577866 0.72676111 1.66997705
v 7.40064979 0.52807191 -1.86999533
v 7.36274570 0.69981054 -1.86997727
v 7.35577866 0.72676111 1.66997705
v 7.36274570 0.69981054 -1.86997727
v 7.34733716 0.75804987 1.66997835
v 7.34733716 0.75804987 1.66997835
v 7.36274570 0.69981054 -1.86997727
v 7.34733716 0.75804987 -1.86997838
v 7.34733716 0.75804987 1.66997835
v 7.34733716 0.75804987 -1.86997838
v 7.30506480 0.89728627 1.66999456
v 7.34733716 0.75804987 -1.86997838
v 7.32000321 0.85092904 -1.86998844
v 7.30506480 0.89728627 1.66999456
v 7.30506480 0.89728627 1.66999456
v 7.32000321 0.85092904 -1.86998844
v 7.31423795 0.86914441 -1.86999086
v 7.30506480 0.89728627 1.66999456
v 7.31423795 0.86914441 -1.86999086
v 7.27939978 0.97124521 1.67000256
v 7.27939978 0.97124521 1.67000256
v 7.31423795 0.86914441 -1.86999086
v 7.28934258 0.94336439 -1.86999999
v 7.27939978 0.97124521 1.67000256
v 7.28934258 0.94336439 -1.86999999
v 7.22074881 1.11989938 1.67000368
v 7.28934258 0.94336439 -1.86999999
v 7.22516477 1.10950936 -1.87000427
v 7.22074881 1.11989938 1.67000368
v 7.22074881 1.11989938 1.67000368
v 7.22516477 1.10950936 -1.87000427
v 7.22074881 1.11989938 -1.87000372
v 7.22074881 1.11989938 1.67000368
v 7.22074881 1.11989938 -1.87000372
v 7.21428245 1.13491192 1.67000256
v 7.21428245 1.13491192 1.67000256
v 7.22074881 1.11989938 -1.87000372
v 7.15129897 1.27018690 -1.86998602
v 6.56987727 2.05963161 -1.86998993
v 6.56783879 2.06157919 1.66999046
v 6.58704117 2.04307791 -1.86998621
v 6.58704117 2.04307791 -1.86998621
v 6.56783879 2.06157919 1.66999046
v 6.70992807 1.91590786 -1.86997484
v 6.70992807 1.91590786 -1.86997484
v 6.56783879 2.06157919 1.66999046
v 6.69125021 1.93627775 1.66997332
v 6.70992807 1.91590786 -1.86997484
v 6.69125021 1.93627775 1.66997332
v 6.74558580 1.87588930 -1.86998043
v 6.69125021 1.93627775 1.66997332
v 6.74559176 1.87588260 1.66998040
v 6.74558580 1.87588930 -1.86998043
v 6.74558580 1.87588930 -1.86998043
v 6.74559176 1.87588260 1.66998040
v 6.80687129 1.80339105 1.66999344
v 6.74558580 1.87588930 -1.86998043
v 6.80687129 1.80339105 1.66999344
v 6.82548359 1.78037193 -1.86999720
v 6.82548359 1.78037193 -1.86999720
v 6.80687129 1.80339105 1.66999344
v 6.82847053 1.77663136 1.66999772
v 6.82548359 1.78037193 -1.86999720
v 6.82847053 1.77663136 1.66999772
v 6.87354207 1.71857625 -1.87000446
v 6.87354207 1.71857625 -1.87000446
v 6.82847053 1.77663136 1.66999772
v 6.85557052 1.74209680 1.67000219
v 6.87354207 1.71857625 -1.87000446
v 6.85557052 1.74209680 1.67000219
v 6.92388266 1.64986979 -1.87000614
v 6.92388266 1.64986979 -1.87000614
v 6.85557052 1.74209680 1.67000219
v 6.92388937 1.64985955 1.67000610
v 6.92388266 1.64986979 -1.87000614
v 6.92388937 1.64985955 1.67000610
v 6.97536618 1.57484431 -1.87000055
v 6.97536618 1.57484431 -1.87000055
v 6.92388937 1.64985955 1.67000610
v 6.95998445 1.59780290 1.67000294
v 6.97536618 1.57484431 -1.87000055
v 6.95998445 1.59780290 1.67000294
v 7.04674423 1.46148661 -1.86998453
v 7.04674423 1.46148661 -1.86998453
v 6.95998445 1.59780290 1.67000294
v 7.04674423 1.46148661 1.66998450
v 7.04674423 1.46148661 -1.86998453
v 7.04674423 1.46148661 1.66998450
v 7.06797987 1.42533323 -1.86998025
v 7.06797987 1.42533323 -1.86998025
v 7.04674423 1.46148661 1.66998450
v 7.05453753 1.44835990 1.66998282
v 7.06797987 1.42533323 -1.86998025
v 7.05453753 1.44835990 1.66998282
v 7.15129897 1.27018690 -1.86998602
v 7.15129897 1.27018690 -1.86998602
v 7.05453753 1.44835990 1.66998282
v 7.13930354 1.29399989 1.66998301
v 7.15129897 1.27018690 -1.86998602
v 7.13930354 1.29399989 1.66998301
v 7.21428245 1.13491192 1.67000256
v 6.54376298 2.08429489 1.66999530
v 6.56987727 2.05963161 -1.86998993
v 6.43675700 2.17917971 1.67000815
v 6.43675700 2.17917971 1.67000815
v 6.56987727 2.05963161 -1.86998993
v 6.45706505 2.16189958 -1.87000725
v 6.43675700 2.17917971 1.67000815
v 6.45706505 2.16189958 -1.87000725
v 6.29806742 2.28890069 1.66999362
v 6.29806742 2.28890069 1.66999362
v 6.45706505 2.16189958 -1.87000725
v 6.32018298 2.27232687 -1.86999775
v 6.29806742 2.28890069 1.66999362
v 6.32018298 2.27232687 -1.86999775
v 6.27564341 2.30536722 1.66998878
v 6.27564341 2.30536722 1.66998878
v 6.32018298 2.27232687 -1.86999775
v 6.27564341 2.30536722 -1.86998881
v 6.27564341 2.30536722 1.66998878
v 6.27564341 2.30536722 -1.86998881
v 6.15177751 2.39049904 1.66996755
v 6.15177751 2.39049904 1.66996755
v 6.27564341 2.30536722 -1.86998881
v 6.17652349 2.37425212 -1.86996982
v 6.15177751 2.39049904 1.66996755
v 6.17652349 2.37425212 -1.86996982
v 6.08553439 2.43221857 1.66997015
v 6.08553439 2.43221857 1.66997015
v 6.17652349 2.37425212 -1.86996982
v 6.11071736 2.41665747 -1.86996758
v 6.08553439 2.43221857 1.66997015
v 6.11071736 2.41665747 -1.86996758
v 5.95109239 2.50939224 1.66999474
v 5.95109239 2.50939224 1.66999474
v 6.11071736 2.41665747 -1.86996758
v 5.95681295 2.50630379 -1.86999366
v 5.95109239 2.50939224 1.66999474
v 5.95681295 2.50630379 -1.86999366
v 5.93244545 2.51934286 1.66999791
v 5.93244545 2.51934286 1.66999791
v 5.95681295 2.50630379 -1.86999366
v 5.85105754 2.56073326 1.67000704
v 5.85105754 2.56073326 1.67000704
v 5.95681295 2.50630379 -1.86999366
v 5.85105047 2.56073680 -1.87000688
v 5.85105754 2.56073326 1.67000704
v 5.85105047 2.56073680 -1.87000688
v 5.77451549 2.59673130 1.67000722
v 5.77451549 2.59673130 1.67000722
v 5.85105047 2.56073680 -1.87000688
v 5.79875931 2.58562881 -1.87000800
v 5.77451549 2.59673130 1.67000722
v 5.79875931 2.58562881 -1.87000800
v 5.61189614 2.66431347 1.66998655
v 5.79875931 2.58562881 -1.87000800
v 5.63677922 2.65472941 -1.86999068
v 5.61189614 2.66431347 1.66998655
v 5.61189614 2.66431347 1.66998655
v 5.63677922 2.65472941 -1.86999068
v 5.60209639 2.66801491 -1.86998509
v 5.61189614 2.66431347 1.66998655
v 5.60209639 2.66801491 -1.86998509
v 5.60209639 2.66801491 1.66998506
v 5.60209639 2.66801491 1.66998506
v 5.60209639 2.66801491 -1.86998509
v 5.58798984 2.67327055 1.66998282
v 5.58798984 2.67327055 1.66998282
v 5.60209639 2.66801491 -1.86998509
v 5.44470660 2.72194240 1.66997537
v 5.44470660 2.72194240 1.66997537
v 5.60209639 2.66801491 -1.86998509
v 5.47106154 2.71362327 -1.86997391
v 5.44470660 2.72194240 1.66997537
v 5.47106154 2.71362327 -1.86997391
v 5.27303368 2.76939087 1.66999716
v 5.27303368 2.76939087 1.66999716
v 5.47106154 2.71362327 -1.86997391
v 5.30176200 2.76225097 -1.86999347
v 5.27303368 2.76939087 1.66999716
v 5.30176200 2.76225097 -1.86999347
v 5.23496903 2.77836546 1.67000126
v 5.30176200 2.76225097 -1.86999347
v 5.23496903 2.77836546 -1.87000129
v 5.23496903 2.77836546 1.67000126
v 5.23496903 2.77836546 1.67000126
v 5.23496903 2.77836546 -1.87000129
v 5.22562936 2.78048348 -1.87000223
v 5.23496903 2.77836546 1.67000126
v 5.22562936 2.78048348 -1.87000223
v 5.19671738 2.78683119 1.67000424
v 5.19671738 2.78683119 1.67000424
v 5.22562936 2.78048348 -1.87000223
v 5.05072735 2.81413309 -1.87000278
v 5.19671738 2.78683119 1.67000424
v 5.05072735 2.81413309 -1.87000278
v 5.02341911 2.81837117 1.67000052
v 5.02341911 2.81837117 1.67000052
v 5.05072735 2.81413309 -1.87000278
v 4.84877601 2.83912141 1.66998040
v 5.05072735 2.81413309 -1.87000278
v 4.87532616 2.83666980 -1.86998304
v 4.84877601 2.83912141 1.66998040
v 4.84877601 2.83912141 1.66998040
v 4.87532616 2.83666980 -1.86998304
v 4.85635363 2.83844732 -1.86998118
v 4.84877601 2.83912141 1.66998040
v 4.85635363 2.83844732 -1.86998118
v 4.75314856 2.84588225 1.66997835
v 4.75314856 2.84588225 1.66997835
v 4.85635363 2.83844732 -1.86998118
v 4.75314930 2.84588225 -1.86997820
v 4.75314856 2.84588225 1.66997835
v 4.75314930 2.84588225 -1.86997820
v 4.67295386 2.84906607 1.66998580
v 4.67295386 2.84906607 1.66998580
v 4.75314930 2.84588225 -1.86997820
v 4.69960459 2.84825899 -1.86998267
v 4.67295386 2.84906607 1.66998580
v 4.69960459 2.84825899 -1.86998267
v 4.49611321 2.84810588 1.67000443
v 4.49611321 2.84810588 1.67000443
v 4.69960459 2.84825899 -1.86998267
v 4.52373438 2.84897946 -1.87000260
v 4.49611321 2.84810588 1.67000443
v 4.52373438 2.84897946 -1.87000260
v 4.47309986 2.84717344 1.67000555
v 4.47309986 2.84717344 1.67000555
v 4.52373438 2.84897946 -1.87000260
v 4.47309986 2.84717344 -1.87000558
v 4.47309986 2.84717344 1.67000555
v 4.47309986 2.84717344 -1.87000558
v 4.31841202 2.83605512 1.66999996
v 4.31841202 2.83605512 1.66999996
v 4.47309986 2.84717344 -1.87000558
v 4.34788242 2.83882674 -1.87000260
v 4.31841202 2.83605512 1.66999996
v 4.34788242 2.83882674 -1.87000260
v 4.24062461 2.82725114 1.66999046
v 4.24062461 2.82725114 1.66999046
v 4.34788242 2.83882674 -1.87000260
v 4.27000634 2.83083096 -1.86999440
v 4.24062461 2.82725114 1.66999046
v 4.27000634 2.83083096 -1.86999440
v 4.18034345 2.81893387 1.66998263
v 4.18034345 2.81893387 1.66998263
v 4.27000634 2.83083096 -1.86999440
v 4.18034568 2.81893425 -1.86998267
v 4.18034345 2.81893387 1.66998263
v 4.18034568 2.81893425 -1.86998267
v 4.09214199 2.80438587 1.66997593
v 4.09214199 2.80438587 1.66997593
v 4.18034568 2.81893425 -1.86998267
v 4.09402549 2.80472636 -1.86997596
v 4.09214199 2.80438587 1.66997593
v 4.09402549 2.80472636 -1.86997596
v 4.06665578 2.79965065 1.66997630
v 4.06665578 2.79965065 1.66997630
v 4.09402549 2.80472636 -1.86997596
v 3.89498882 2.76142340 1.66999511
v 3.89498882 2.76142340 1.66999511
v 4.09402549 2.80472636 -1.86997596
v 3.92115265 2.76797153 -1.86999179
v 3.89498882 2.76142340 1.66999511
v 3.92115265 2.76797153 -1.86999179
v 3.72578613 2.71260943 1.67000592
v 3.72578613 2.71260943 1.67000592
v 3.92115265 2.76797153 -1.86999179
v 3.75150777 2.72076484 -1.87000595
v 3.72578613 2.71260943 1.67000592
v 3.75150777 2.72076484 -1.87000595
v 3.61633748 2.67486610 1.66999940
v 3.61633748 2.67486610 1.66999940
v 3.75150777 2.72076484 -1.87000595
v 3.61634046 2.67486703 -1.86999943
v 3.61633748 2.67486610 1.66999940
v 3.61634046 2.67486703 -1.86999943
v 3.55923213 2.65316833 1.66999400
v 3.55923213 2.65316833 1.66999400
v 3.61634046 2.67486703 -1.86999943
v 3.58523279 2.66322121 -1.86999645
v 3.55923213 2.65316833 1.66999400
v 3.58523279 2.66322121 -1.86999645
v 3.39553729 2.58297604 1.67000312
v 3.39553729 2.58297604 1.67000312
v 3.58523279 2.66322121 -1.86999645
v 3.42249237 2.59537585 -1.86999422
v 3.39553729 2.58297604 1.67000312
v 3.42249237 2.59537585 -1.86999422
v 3.39553915 2.58297790 -1.87000036
v 4.24062349 -2.82725114 -1.86999049
v 4.31841090 -2.83605494 -1.86999999
v 4.34788242 -2.83882674 1.67000256
v 4.34788242 -2.83882674 1.67000256
v 4.31841090 -2.83605494 -1.86999999
v 4.52373438 -2.84897946 1.67000256
v 4.34788242 -2.83882674 1.67000256
v 4.27000634 -2.83083096 1.66999437
v 4.24062349 -2.82725114 -1.86999049
v 4.24062349 -2.82725114 -1.86999049
v 4.27000634 -2.83083096 1.66999437
v 4.20936979 -2.82310266 1.66998636
v 4.24062349 -2.82725114 -1.86999049
v 4.20936979 -2.82310266 1.66998636
v 4.15332317 -2.81477887 -1.86997969
v 4.15332317 -2.81477887 -1.86997969
v 4.20936979 -2.82310266 1.66998636
v 4.15332317 -2.81477887 1.66997965
v 4.15332317 -2.81477887 -1.86997969
v 4.15332317 -2.81477887 1.66997965
v 4.06665467 -2.79965047 -1.86997633
v 4.06665467 -2.79965047 -1.86997633
v 4.15332317 -2.81477887 1.66997965
v 4.09402549 -2.80472636 1.66997593
v 4.06665467 -2.79965047 -1.86997633
v 4.09402549 -2.80472636 1.66997593
v 3.89498770 -2.76142322 -1.86999515
v 3.89498770 -2.76142322 -1.86999515
v 4.09402549 -2.80472636 1.66997593
v 3.92115265 -2.76797153 1.66999176
v 3.89498770 -2.76142322 -1.86999515
v 3.92115265 -2.76797153 1.66999176
v 3.79041843 -2.73259543 -1.87000483
v 3.79041843 -2.73259543 -1.87000483
v 3.92115265 -2.76797153 1.66999176
v 3.79041843 -2.73259543 1.67000480
v 3.79041843 -2.73259543 -1.87000483
v 3.79041843 -2.73259543 1.67000480
v 3.72578502 -2.71260906 -1.87000595
v 3.72578502 -2.71260906 -1.87000595
v 3.79041843 -2.73259543 1.67000480
v 3.75150777 -2.72076484 1.67000610
v 3.72578502 -2.71260906 -1.87000595
v 3.75150777 -2.72076484 1.67000610
v 3.61633748 -2.67486610 -1.86999943
v 3.61633748 -2.67486610 -1.86999943
v 3.75150777 -2.72076484 1.67000610
v 3.64443846 -2.68503297 1.67000182
v 3.61633748 -2.67486610 -1.86999943
v 3.64443846 -2.68503297 1.67000182
v 3.55923101 -2.65316796 -1.86999403
v 3.55923101 -2.65316796 -1.86999403
v 3.64443846 -2.68503297 1.67000182
v 3.58523279 -2.66322121 1.66999642
v 3.55923101 -2.65316796 -1.86999403
v 3.58523279 -2.66322121 1.66999642
v 3.39553580 -2.58297641 -1.87000129
v 3.39553580 -2.58297641 -1.87000129
v 3.58523279 -2.66322121 1.66999642
v 3.42249237 -2.59537585 1.66999418
v 3.39553580 -2.58297641 -1.87000129
v 3.42249237 -2.59537585 1.66999418
v 3.39553915 -2.58297976 1.67000275
v 5.34390435 -2.75120102 1.66998766
v 5.27303256 -2.76939105 -1.86999720
v 5.47106154 -2.71362327 1.66997407
v 5.47106154 -2.71362327 1.66997407
v 5.27303256 -2.76939105 -1.86999720
v 5.44470549 -2.72194277 -1.86997540
v 5.47106154 -2.71362327 1.66997407
v 5.44470549 -2.72194277 -1.86997540
v 5.61792254 -2.66201682 1.66998748
v 5.61792254 -2.66201682 1.66998748
v 5.44470549 -2.72194277 -1.86997540
v 5.58798984 -2.67327055 -1.86998285
v 5.61792254 -2.66201682 1.66998748
v 5.58798984 -2.67327055 -1.86998285
v 5.61189502 -2.66431384 -1.86998658
v 4.31841090 -2.83605494 -1.86999999
v 4.49611209 -2.84810588 -1.87000446
v 4.52373438 -2.84897946 1.67000256
v 4.52373438 -2.84897946 1.67000256
v 4.49611209 -2.84810588 -1.87000446
v 4.52384241 -2.84898225 -1.87000260
v 4.52373438 -2.84897946 1.67000256
v 4.52384241 -2.84898225 -1.87000260
v 4.69960459 -2.84825899 1.66998263
v 4.69960459 -2.84825899 1.66998263
v 4.52384241 -2.84898225 -1.87000260
v 4.67295237 -2.84906607 -1.86998565
v 4.69960459 -2.84825899 1.66998263
v 4.67295237 -2.84906607 -1.86998565
v 4.78210077 -2.84417644 1.66997742
v 4.78210077 -2.84417644 1.66997742
v 4.67295237 -2.84906607 -1.86998565
v 4.75314856 -2.84588225 -1.86997820
v 4.78210077 -2.84417644 1.66997742
v 4.75314856 -2.84588225 -1.86997820
v 4.87532616 -2.83666980 1.66998301
v 4.87532616 -2.83666980 1.66998301
v 4.75314856 -2.84588225 -1.86997820
v 4.84877490 -2.83912160 -1.86998043
v 4.87532616 -2.83666980 1.66998301
v 4.84877490 -2.83912160 -1.86998043
v 4.89565954 -2.83462256 1.66998524
v 4.89565954 -2.83462256 1.66998524
v 4.84877490 -2.83912160 -1.86998043
v 4.89565954 -2.83462256 -1.86998527
v 4.89565954 -2.83462256 1.66998524
v 4.89565954 -2.83462256 -1.86998527
v 5.05072735 -2.81413309 1.67000294
v 5.05072735 -2.81413309 1.67000294
v 4.89565954 -2.83462256 -1.86998527
v 5.02341799 -2.81837136 -1.87000055
v 5.05072735 -2.81413309 1.67000294
v 5.02341799 -2.81837136 -1.87000055
v 5.22562936 -2.78048348 1.67000219
v 5.22562936 -2.78048348 1.67000219
v 5.02341799 -2.81837136 -1.87000055
v 5.19671626 -2.78683156 -1.87000427
v 5.22562936 -2.78048348 1.67000219
v 5.19671626 -2.78683156 -1.87000427
v 5.26243672 -2.77194474 1.66999847
v 5.26243672 -2.77194474 1.66999847
v 5.19671626 -2.78683156 -1.87000427
v 5.27303256 -2.76939105 -1.86999720
v 5.26243672 -2.77194474 1.66999847
v 5.27303256 -2.76939105 -1.86999720
v 5.30176200 -2.76225097 1.66999362
v 5.30176200 -2.76225097 1.66999362
v 5.27303256 -2.76939105 -1.86999720
v 5.34390435 -2.75120102 1.66998766
v 5.95681295 -2.50630379 1.66999362
v 5.87717667 -2.54780669 1.67000499
v 5.85105754 -2.56073326 -1.87000688
v 5.85105754 -2.56073326 -1.87000688
v 5.87717667 -2.54780669 1.67000499
v 5.77451438 -2.59673167 -1.87000707
v 5.77451438 -2.59673167 -1.87000707
v 5.87717667 -2.54780669 1.67000499
v 5.79875931 -2.58562881 1.67000797
v 5.77451438 -2.59673167 -1.87000707
v 5.79875931 -2.58562881 1.67000797
v 5.61189502 -2.66431384 -1.86998658
v 5.61189502 -2.66431384 -1.86998658
v 5.79875931 -2.58562881 1.67000797
v 5.63677922 -2.65472941 1.66999064
v 5.61189502 -2.66431384 -1.86998658
v 5.63677922 -2.65472941 1.66999064
v 5.61792254 -2.66201682 1.66998748
v 6.54376298 -2.08429489 -1.86999533
v 6.56783804 -2.06158012 -1.86999030
v 6.55761063 -2.07129419 1.66999251
v 6.54376298 -2.08429489 -1.86999533
v 6.55761063 -2.07129419 1.66999251
v 6.43675625 -2.17918046 -1.87000819
v 6.43675625 -2.17918046 -1.87000819
v 6.55761063 -2.07129419 1.66999251
v 6.45706505 -2.16189958 1.67000722
v 6.43675625 -2.17918046 -1.87000819
v 6.45706505 -2.16189958 1.67000722
v 6.29806668 -2.28890143 -1.86999347
v 5.85105754 -2.56073326 -1.87000688
v 5.93244433 -2.51934342 -1.86999775
v 5.95681295 -2.50630379 1.66999362
v 5.95681295 -2.50630379 1.66999362
v 5.93244433 -2.51934342 -1.86999775
v 5.95605671 -2.50671301 -1.86999384
v 5.95681295 -2.50630379 1.66999362
v 5.95605671 -2.50671301 -1.86999384
v 6.11071736 -2.41665747 1.66996755
v 6.11071736 -2.41665747 1.66996755
v 5.95605671 -2.50671301 -1.86999384
v 6.08553328 -2.43221913 -1.86997019
v 6.11071736 -2.41665747 1.66996755
v 6.08553328 -2.43221913 -1.86997019
v 6.17652349 -2.37425212 1.66996997
v 6.17652349 -2.37425212 1.66996997
v 6.08553328 -2.43221913 -1.86997019
v 6.15177676 -2.39049979 -1.86996739
v 6.17652349 -2.37425212 1.66996997
v 6.15177676 -2.39049979 -1.86996739
v 6.27107620 -2.30868012 1.66998785
v 6.27107620 -2.30868012 1.66998785
v 6.15177676 -2.39049979 -1.86996739
v 6.27107620 -2.30868012 -1.86998788
v 6.27107620 -2.30868012 1.66998785
v 6.27107620 -2.30868012 -1.86998788
v 6.32018298 -2.27232687 1.66999772
v 6.32018298 -2.27232687 1.66999772
v 6.27107620 -2.30868012 -1.86998788
v 6.29806668 -2.28890143 -1.86999347
v 6.32018298 -2.27232687 1.66999772
v 6.29806668 -2.28890143 -1.86999347
v 6.35107383 -2.24860869 1.67000275
v 6.35107383 -2.24860869 1.67000275
v 6.29806668 -2.28890143 -1.86999347
v 6.45706505 -2.16189958 1.67000722
v 6.87354207 -1.71857625 1.67000443
v 6.82548359 -1.78037193 1.66999716
v 6.80687055 -1.80339199 -1.86999347
v 6.80687055 -1.80339199 -1.86999347
v 6.82548359 -1.78037193 1.66999716
v 6.81077614 -1.79860145 1.66999418
v 6.80687055 -1.80339199 -1.86999347
v 6.81077614 -1.79860145 1.66999418
v 6.74559176 -1.87588278 -1.86998043
v 6.74559176 -1.87588278 -1.86998043
v 6.81077614 -1.79860145 1.66999418
v 6.77104965 -1.84635911 1.66998561
v 6.74559176 -1.87588278 -1.86998043
v 6.77104965 -1.84635911 1.66998561
v 6.69124946 -1.93627868 -1.86997335
v 6.69124946 -1.93627868 -1.86997335
v 6.77104965 -1.84635911 1.66998561
v 6.70992807 -1.91590786 1.66997481
v 6.69124946 -1.93627868 -1.86997335
v 6.70992807 -1.91590786 1.66997481
v 6.56783804 -2.06158012 -1.86999030
v 6.56783804 -2.06158012 -1.86999030
v 6.70992807 -1.91590786 1.66997481
v 6.58704117 -2.04307791 1.66998636
v 6.56783804 -2.06158012 -1.86999030
v 6.58704117 -2.04307791 1.66998636
v 6.55761063 -2.07129419 1.66999251
v 6.80687055 -1.80339199 -1.86999347
v 6.85556978 -1.74209774 -1.87000223
v 6.87354207 -1.71857625 1.67000443
v 6.87354207 -1.71857625 1.67000443
v 6.85556978 -1.74209774 -1.87000223
v 6.92388937 -1.64985973 -1.87000614
v 6.87354207 -1.71857625 1.67000443
v 6.92388937 -1.64985973 -1.87000614
v 6.94610402 -1.61811430 1.67000461
v 6.94610402 -1.61811430 1.67000461
v 6.92388937 -1.64985973 -1.87000614
v 6.95998371 -1.59780383 -1.87000297
v 6.94610402 -1.61811430 1.67000461
v 6.95998371 -1.59780383 -1.87000297
v 6.97536618 -1.57484431 1.67000052
v 6.97536618 -1.57484431 1.67000052
v 6.95998371 -1.59780383 -1.87000297
v 7.02625737 -1.49525022 1.66998934
v 7.02625737 -1.49525022 1.66998934
v 6.95998371 -1.59780383 -1.87000297
v 7.02625737 -1.49525022 -1.86998937
v 7.02625737 -1.49525022 1.66998934
v 7.02625737 -1.49525022 -1.86998937
v 7.06797987 -1.42533323 1.66998021
v 7.06797987 -1.42533323 1.66998021
v 7.02625737 -1.49525022 -1.86998937
v 7.05453679 -1.44836092 -1.86998285
v 7.06797987 -1.42533323 1.66998021
v 7.05453679 -1.44836092 -1.86998285
v 7.09656402 -1.37465177 1.66997742
v 7.09656402 -1.37465177 1.66997742
v 7.05453679 -1.44836092 -1.86998285
v 7.15129897 -1.27018690 1.66998599
v 7.15129897 -1.27018690 1.66998599
v 7.05453679 -1.44836092 -1.86998285
v 7.13930354 -1.29400101 -1.86998304
v 7.15129897 -1.27018690 1.66998599
v 7.13930354 -1.29400101 -1.86998304
v 7.20038190 -1.16641121 1.66999958
v 7.20038190 -1.16641121 1.66999958
v 7.13930354 -1.29400101 -1.86998304
v 7.20038190 -1.16641121 -1.86999943
v 7.20038190 -1.16641121 1.66999958
v 7.20038190 -1.16641121 -1.86999943
v 7.22516477 -1.10950936 1.67000443
v 7.22516477 -1.10950936 1.67000443
v 7.20038190 -1.16641121 -1.86999943
v 7.21428245 -1.13491295 -1.87000260
v 7.22516477 -1.10950936 1.67000443
v 7.21428245 -1.13491295 -1.87000260
v 7.28934258 -0.94336439 1.66999996
v 7.28934258 -0.94336439 1.66999996
v 7.21428245 -1.13491295 -1.87000260
v 7.27939904 -0.97124632 -1.87000260
v 7.28934258 -0.94336439 1.66999996
v 7.27939904 -0.97124632 -1.87000260
v 7.31423795 -0.86914441 1.66999083
v 7.31423795 -0.86914441 1.66999083
v 7.27939904 -0.97124632 -1.87000260
v 7.30506480 -0.89728739 -1.86999459
v 7.31423795 -0.86914441 1.66999083
v 7.30506480 -0.89728739 -1.86999459
v 7.32000321 -0.85092904 1.66998841
v 7.32000321 -0.85092904 1.66998841
v 7.30506480 -0.89728739 -1.86999459
v 7.33017996 -0.81768986 -1.86998416
v 7.32000321 -0.85092904 1.66998841
v 7.33017996 -0.81768986 -1.86998416
v 7.33017996 -0.81768986 1.66998412
v 7.33017996 -0.81768986 1.66998412
v 7.33017996 -0.81768986 -1.86998416
v 7.36274570 -0.69981054 1.66997723
v 7.36274570 -0.69981054 1.66997723
v 7.33017996 -0.81768986 -1.86998416
v 7.35577866 -0.72676223 -1.86997708
v 7.36274570 -0.69981054 1.66997723
v 7.35577866 -0.72676223 -1.86997708
v 7.40064979 -0.52807191 1.66999549
v 7.40064979 -0.52807191 1.66999549
v 7.35577866 -0.72676223 -1.86997708
v 7.39552677 -0.55455291 -1.86999217
v 7.40064979 -0.52807191 1.66999549
v 7.39552677 -0.55455291 -1.86999217
v 7.41344020 -0.45503043 1.67000256
v 7.41344020 -0.45503043 1.67000256
v 7.39552677 -0.55455291 -1.86999217
v 7.41344020 -0.45503043 -1.87000260
v 7.41344020 -0.45503043 1.67000256
v 7.41344020 -0.45503043 -1.87000260
v 7.42791742 -0.35409245 1.67000573
v 7.42791742 -0.35409245 1.67000573
v 7.41344020 -0.45503043 -1.87000260
v 7.42443800 -0.38085212 -1.87000576
v 7.42791742 -0.35409245 1.67000573
v 7.42443800 -0.38085212 -1.87000576
v 7.43504092 -0.29161863 1.67000331
v 7.43504092 -0.29161863 1.67000331
v 7.42443800 -0.38085212 -1.87000576
v 7.43504092 -0.29161859 -1.87000334
v 7.43504092 -0.29161863 1.67000331
v 7.43504092 -0.29161859 -1.87000334
v 7.44443461 -0.17802241 1.66999437
v 7.43504092 -0.29161859 -1.87000334
v 7.44255707 -0.20583696 -1.86999664
v 7.44443461 -0.17802241 1.66999437
v 7.44443461 -0.17802241 1.66999437
v 7.44255707 -0.20583696 -1.86999664
v 7.44874328 -0.08461463 -1.86999030
v 7.44443461 -0.17802241 1.66999437
v 7.44874328 -0.08461463 -1.86999030
v 7.45000020 0.00000000 1.66999996
v 7.45000020 0.00000000 1.66999996
v 7.44874328 -0.08461463 -1.86999030
v 7.44984522 -0.02967117 -1.86999440
v 7.45000020 0.00000000 1.66999996
v 7.44984522 -0.02967117 -1.86999440
v 7.45000020 0.00000000 -1.86999999
v 1.20446198 2.25000009 2.16476563
v 1.20446198 2.25000009 -2.16883011
v 1.04386285 2.24999804 2.23858468
v 1.04386285 2.24999804 2.23858468
v 1.20446198 2.25000009 -2.16883011
v 1.04387440 2.24999823 -2.23857742
v 1.04386285 2.24999804 2.23858468
v 1.04387440 2.24999823 -2.23857742
v 0.85873380 2.25000009 2.31591929
v -1.48512535 2.25000009 1.97362714
v -1.30615793 2.25000009 2.09638830
v 1.04387440 2.24999823 -2.23857742
v -2.16364972 2.25000009 -1.19143743
v 1.04387440 2.24999823 -2.23857742
v -2.14700438 2.25000009 -1.22117847
v -2.14700438 2.25000009 -1.22117847
v 1.04387440 2.24999823 -2.23857742
v 0.85873120 2.25000009 -2.31592022
v -1.30615793 2.25000009 2.09638830
v -1.09147057 2.25000009 2.21573543
v 1.04387440 2.24999823 -2.23857742
v 1.04387440 2.24999823 -2.23857742
v -1.09147057 2.25000009 2.21573543
v -0.86576380 2.25000009 2.31329054
v 1.04387440 2.24999823 -2.23857742
v -0.86576380 2.25000009 2.31329054
v -0.62875152 2.25000009 2.38861814
v -2.42126025 2.25000009 -0.48821103
v -2.45778002 2.25000009 -0.24517879
v 1.04387440 2.24999823 -2.23857742
v 1.04387440 2.24999823 -2.23857742
v -2.45778002 2.25000009 -0.24517879
v -2.46999972 2.25000009 0.00000067
v -0.86576566 2.25000009 -2.31328961
v -1.09147504 2.25000009 -2.21573245
v 0.85873120 2.25000009 -2.31592022
v -2.16364972 2.25000009 -1.19143743
v -2.27385871 2.25000009 -0.96453754
v 1.04387440 2.24999823 -2.23857742
v 1.04387440 2.24999823 -2.23857742
v -2.27385871 2.25000009 -0.96453754
v -2.35995539 2.25000009 -0.72901649
v 1.04387440 2.24999823 -2.23857742
v -2.35995539 2.25000009 -0.72901649
v -2.42126025 2.25000009 -0.48821103
v -2.46999972 2.25000009 0.00000067
v -2.45778076 2.25000009 0.24517570
v 1.04387440 2.24999823 -2.23857742
v 1.04387440 2.24999823 -2.23857742
v -2.45778076 2.25000009 0.24517570
v -2.42126100 2.25000009 0.48820991
v 1.04387440 2.24999823 -2.23857742
v -2.42126100 2.25000009 0.48820991
v -2.35995539 2.25000009 0.72901524
v 1.04387440 2.24999823 -2.23857742
v -2.14699842 2.25000009 1.22118685
v -2.01064087 2.25000009 1.43460371
v -0.62875152 2.25000009 2.38861814
v -0.38309060 2.25000009 2.44008768
v 1.04387440 2.24999823 -2.23857742
v 1.04387440 2.24999823 -2.23857742
v -0.38309060 2.25000009 2.44008768
v -0.13211035 2.25000009 2.46646181
v 1.04387440 2.24999823 -2.23857742
v -0.13211035 2.25000009 2.46646181
v 0.12105404 2.25000009 2.46699974
v 0.12105404 2.25000009 2.46699974
v 0.37282892 2.25000009 2.44168863
v 1.04387440 2.24999823 -2.23857742
v 1.04387440 2.24999823 -2.23857742
v 0.37282892 2.25000009 2.44168863
v 0.61979629 2.25000009 2.39096861
v 1.04387440 2.24999823 -2.23857742
v 0.61979629 2.25000009 2.39096861
v 0.85873380 2.25000009 2.31591929
v -1.09147504 2.25000009 -2.21573245
v -1.30615495 2.25000009 -2.09639035
v 0.85873120 2.25000009 -2.31592022
v 0.85873120 2.25000009 -2.31592022
v -1.30615495 2.25000009 -2.09639035
v -1.48513280 2.25000009 -1.97362229
v 0.85873120 2.25000009 -2.31592022
v -1.48513280 2.25000009 -1.97362229
v -1.67729519 2.25000009 -1.81315262
v -2.35995539 2.25000009 0.72901524
v -2.27386169 2.25000009 0.96452851
v 1.04387440 2.24999823 -2.23857742
v 1.04387440 2.24999823 -2.23857742
v -2.27386169 2.25000009 0.96452851
v -2.16365121 2.25000009 1.19143305
v 1.04387440 2.24999823 -2.23857742
v -2.16365121 2.25000009 1.19143305
v -2.14699842 2.25000009 1.22118685
v -2.01064087 2.25000009 1.43460371
v -1.85335614 2.25000009 1.63276494
v 1.04387440 2.24999823 -2.23857742
v 1.04387440 2.24999823 -2.23857742
v -1.85335614 2.25000009 1.63276494
v -1.67728402 2.25000009 1.81316193
v 1.04387440 2.24999823 -2.23857742
v -1.67728402 2.25000009 1.81316193
v -1.48512535 2.25000009 1.97362714
v -1.67729519 2.25000009 -1.81315262
v -1.85336284 2.25000009 -1.63275730
v 0.85873120 2.25000009 -2.31592022
v 0.85873120 2.25000009 -2.31592022
v -1.85336284 2.25000009 -1.63275730
v -2.01064907 2.25000009 -1.43459151
v 0.85873120 2.25000009 -2.31592022
v -2.01064907 2.25000009 -1.43459151
v -2.14700438 2.25000009 -1.22117847
v 0.12105292 2.25000009 -2.46699974
v -0.13210663 2.25000009 -2.46646218
v -0.38308464 2.25000009 -2.44008880
v -0.86576566 2.25000009 -2.31328961
v 0.85873120 2.25000009 -2.31592022
v -0.62875040 2.25000009 -2.38861889
v -0.62875040 2.25000009 -2.38861889
v 0.85873120 2.25000009 -2.31592022
v 0.61979219 2.25000009 -2.39096973
v -0.62875040 2.25000009 -2.38861889
v 0.61979219 2.25000009 -2.39096973
v -0.38308464 2.25000009 -2.44008880
v -0.38308464 2.25000009 -2.44008880
v 0.61979219 2.25000009 -2.39096973
v 0.37282929 2.25000009 -2.44168844
v -0.38308464 2.25000009 -2.44008880
v 0.37282929 2.25000009 -2.44168844
v 0.12105292 2.25000009 -2.46699974
v 1.20446086 -2.05000006 -2.16651466
v 1.20446198 -2.05000006 2.16408223
v 1.06672458 -2.05000006 -2.22798157
v 1.06672458 -2.05000006 -2.22798157
v 1.20446198 -2.05000006 2.16408223
v 1.04386695 -2.05000192 2.23858543
v 1.06672458 -2.05000006 -2.22798157
v 1.04386695 -2.05000192 2.23858543
v 0.85963346 -2.05000006 2.31558569
v -2.45734714 -2.05000006 -0.24962029
v 0.85963532 -2.05000006 -2.31558494
v -2.47001387 -2.05000006 -0.00000067
v -2.47001387 -2.05000006 -0.00000067
v 0.85963532 -2.05000006 -2.31558494
v -2.45734565 -2.05000006 0.24962984
v 0.85963346 -2.05000006 2.31558569
v 0.62099807 -2.05000006 2.39065718
v 1.06672458 -2.05000006 -2.22798157
v 1.06672458 -2.05000006 -2.22798157
v 0.62099807 -2.05000006 2.39065718
v 0.37557483 -2.05000006 2.44126916
v 1.06672458 -2.05000006 -2.22798157
v 0.37557483 -2.05000006 2.44126916
v 0.12645981 -2.05000006 2.46672966
v 0.12645981 -2.05000006 2.46672966
v -0.12367183 -2.05000006 2.46690102
v 1.06672458 -2.05000006 -2.22798157
v 1.06672458 -2.05000006 -2.22798157
v -0.12367183 -2.05000006 2.46690102
v -0.37312731 -2.05000006 2.44163536
v 1.06672458 -2.05000006 -2.22798157
v -0.37312731 -2.05000006 2.44163536
v -0.61815903 -2.05000006 2.39138454
v -1.51130110 -2.05000006 1.95366405
v 0.85963532 -2.05000006 -2.31558494
v -1.30616501 -2.05000006 2.09639315
v -1.30616501 -2.05000006 2.09639315
v 0.85963532 -2.05000006 -2.31558494
v -1.08736828 -2.05000006 2.21775714
v 0.85963532 -2.05000006 -2.31558494
v 1.04387179 -2.04999950 -2.23857816
v -1.08736828 -2.05000006 2.21775714
v -1.08736828 -2.05000006 2.21775714
v 1.04387179 -2.04999950 -2.23857816
v 1.06672458 -2.05000006 -2.22798157
v -1.08736828 -2.05000006 2.21775714
v 1.06672458 -2.05000006 -2.22798157
v -0.85729174 -2.05000006 2.31645014
v -0.85729174 -2.05000006 2.31645014
v 1.06672458 -2.05000006 -2.22798157
v -0.61815903 -2.05000006 2.39138454
v -2.45734714 -2.05000006 -0.24962029
v -2.41951458 -2.05000006 -0.49686595
v 0.85963532 -2.05000006 -2.31558494
v 0.85963532 -2.05000006 -2.31558494
v -2.41951458 -2.05000006 -0.49686595
v -2.35669650 -2.05000006 -0.73952107
v 0.85963532 -2.05000006 -2.31558494
v -2.35669650 -2.05000006 -0.73952107
v -2.26977952 -2.05000006 -0.97413007
v -2.26977952 -2.05000006 -0.97413007
v -2.15953775 -2.05000006 -1.19889928
v 0.85963532 -2.05000006 -2.31558494
v 0.85963532 -2.05000006 -2.31558494
v -2.15953775 -2.05000006 -1.19889928
v -2.02712528 -2.05000006 -1.41123841
v 0.85963532 -2.05000006 -2.31558494
v -2.02712528 -2.05000006 -1.41123841
v -1.87392943 -2.05000006 -1.60912108
v -1.51130483 -2.05000006 -1.95366032
v 0.12645907 -2.05000006 -2.46672984
v 0.37557259 -2.05000006 -2.44126935
v -2.26977505 -2.05000006 0.97414143
v 0.85963532 -2.05000006 -2.31558494
v -2.15953849 -2.05000006 1.19889630
v -2.15953849 -2.05000006 1.19889630
v 0.85963532 -2.05000006 -2.31558494
v -2.02712901 -2.05000006 1.41123235
v -2.26977505 -2.05000006 0.97414143
v -2.35669129 -2.05000006 0.73953830
v 0.85963532 -2.05000006 -2.31558494
v 0.85963532 -2.05000006 -2.31558494
v -2.35669129 -2.05000006 0.73953830
v -2.41951235 -2.05000006 0.49687461
v 0.85963532 -2.05000006 -2.31558494
v -2.41951235 -2.05000006 0.49687461
v -2.45734565 -2.05000006 0.24962984
v 0.37557259 -2.05000006 -2.44126935
v 0.62099732 -2.05000006 -2.39065718
v -1.51130483 -2.05000006 -1.95366032
v -1.51130483 -2.05000006 -1.95366032
v 0.62099732 -2.05000006 -2.39065718
v 0.85963532 -2.05000006 -2.31558494
v -1.51130483 -2.05000006 -1.95366032
v 0.85963532 -2.05000006 -2.31558494
v -1.70118771 -2.05000006 -1.79077219
v -1.70118771 -2.05000006 -1.79077219
v 0.85963532 -2.05000006 -2.31558494
v -1.87392943 -2.05000006 -1.60912108
v -0.37312694 -2.05000006 -2.44163517
v -1.08736716 -2.05000006 -2.21775863
v -0.61816797 -2.05000006 -2.39138193
v -0.61816797 -2.05000006 -2.39138193
v -1.08736716 -2.05000006 -2.21775863
v -0.85729845 -2.05000006 -2.31644772
v -1.51130483 -2.05000006 -1.95366032
v -1.30616166 -2.05000006 -2.09639501
v 0.12645907 -2.05000006 -2.46672984
v 0.12645907 -2.05000006 -2.46672984
v -1.30616166 -2.05000006 -2.09639501
v -1.08736716 -2.05000006 -2.21775863
v 0.12645907 -2.05000006 -2.46672984
v -1.08736716 -2.05000006 -2.21775863
v -0.12367220 -2.05000006 -2.46690102
v -0.12367220 -2.05000006 -2.46690102
v -1.08736716 -2.05000006 -2.21775863
v -0.37312694 -2.05000006 -2.44163517
v -1.51130110 -2.05000006 1.95366405
v -1.70118846 -2.05000006 1.79077219
v 0.85963532 -2.05000006 -2.31558494
v 0.85963532 -2.05000006 -2.31558494
v -1.70118846 -2.05000006 1.79077219
v -1.87393390 -2.05000006 1.60911474
v 0.85963532 -2.05000006 -2.31558494
v -1.87393390 -2.05000006 1.60911474
v -2.02712901 -2.05000006 1.41123235
f 1 2 3
f 4 5 6
f 7 8 9
f 10 11 12
f 13 14 15
f 16 17 18
f 19 20 21
f 22 23 24
f 25 26 27
f 28 29 30
f 31 32 33
f 34 35 36
f 37 38 39
f 40 41 42
f 43 44 45
f 46 47 48
f 49 50 51
f 52 53 54
f 55 56 57
f 58 59 60
f 61 62 63
f 64 65 66
f 67 68 69
f 70 71 72
f 73 74 75
f 76 77 78
f 79 80 81
f 82 83 84
f 85 86 87
f 88 89 90
f 91 92 93
f 94 95 96
f 97 98 99
f 100 101 102
f 103 104 105
f 106 107 108
f 109 110 111
f 112 113 114
f 115 116 117
f 118 119 120
f 121 122 123
f 124 125 126
f 127 128 129
f 130 131 132
f 133 134 135
f 136 137 138
f 139 140 141
f 142 143 144
f 145 146 147
f 148 149 150
f 151 152 153
f 154 155 156
f 157 158 159
f 160 161 162
f 163 164 165
f 166 167 168
f 169 170 171
f 172 173 174
f 175 176 177
f 178 179 180
f 181 182 183
f 184 185 186
f 187 188 189
f 190 191 192
f 193 194 195
f 196 197 198
f 199 200 201
f 202 203 204
f 205 206 207
f 208 209 210
f 211 212 213
f 214 215 216
f 217 218 219
f 220 221 222
f 223 224 225
f 226 227 228
f 229 230 231
f 232 233 234
f 235 236 237
f 238 239 240
f 241 242 243
f 244 245 246
f 247 248 249
f 250 251 252
f 253 254 255
f 256 257 258
f 259 260 261
f 262 263 264
f 265 266 267
f 268 269 270
f 271 272 273
f 274 275 276
f 277 278 279
f 280 281 282
f 283 284 285
f 286 287 288
f 289 290 291
f 292 293 294
f 295 296 297
f 298 299 300
f 301 302 303
f 304 305 306
f 307 308 309
f 310 311 312
f 313 314 315
f 316 317 318
f 319 320 321
f 322 323 324
f 325 326 327
f 328 329 330
f 331 332 333
f 334 335 336
f 337 338 339
f 340 341 342
f 343 344 345
f 346 347 348
f 349 350 351
f 352 353 354
f 355 356 357
f 358 359 360
f 361 362 363
f 364 365 366
f 367 368 369
f 370 371 372
f 373 374 375
f 376 377 378
f 379 380 381
f 382 383 384
f 385 386 387
f 388 389 390
f 391 392 393
f 394 395 396
f 397 398 399
f 400 401 402
f 403 404 405
f 406 407 408
f 409 410 411
f 412 413 414
f 415 416 417
f 418 419 420
f 421 422 423
f 424 425 426
f 427 428 429
f 430 431 432
f 433 434 435
f 436 437 438
f 439 440 441
f 442 443 444
f 445 446 447
f 448 449 450
f 451 452 453
f 454 455 456
f 457 458 459
f 460 461 462
f 463 464 465
f 466 467 468
f 469 470 471
f 472 473 474
f 475 476 477
f 478 479 480
f 481 482 483
f 484 485 486
f 487 488 489
f 490 491 492
f 493 494 495
f 496 497 498
f 499 500 501
f 502 503 504
f 505 506 507
f 508 509 510
f 511 512 513
f 514 515 516
f 517 518 519
f 520 521 522
f 523 524 525
f 526 527 528
f 529 530 531
f 532 533 534
f 535 536 537
f 538 539 540
f 541 542 543
f 544 545 546
f 547 548 549
f 550 551 552
f 553 554 555
f 556 557 558
f 559 560 561
f 562 563 564
f 565 566 567
f 568 569 570
f 571 572 573
f 574 575 576
f 577 578 579
f 580 581 582
f 583 584 585
f 586 587 588
f 589 590 591
f 592 593 594
f 595 596 597
f 598 599 600
f 601 602 603
f 604 605 606
f 607 608 609
f 610 611 612
f 613 614 615
f 616 617 618
f 619 620 621
f 622 623 624
f 625 626 627
f 628 629 630
f 631 632 633
f 634 635 636
f 637 638 639
f 640 641 642
f 643 644 645
f 646 647 648
f 649 650 651
f 652 653 654
f 655 656 657
f 658 659 660
f 661 662 663
f 664 665 666
f 667 668 669
f 670 671 672
f 673 674 675
f 676 677 678
f 679 680 681
f 682 683 684
f 685 686 687
f 688 689 690
f 691 692 693
f 694 695 696
f 697 698 699
f 700 701 702
f 703 704 705
f 706 707 708
f 709 710 711
f 712 713 714
f 715 716 717
f 718 719 720
f 721 722 723
f 724 725 726
f 727 728 729
f 730 731 732
f 733 734 735
f 736 737 738
f 739 740 741
f 742 743 744
f 745 746 747
f 748 749 750
f 751 752 753
f 754 755 756
f 757 758 759
f 760 761 762
f 763 764 765
f 766 767 768
f 769 770 771
f 772 773 774
f 775 776 777
f 778 779 780
f 781 782 783
f 784 785 786
f 787 788 789
f 790 791 792
f 793 794 795
f 796 797 798
f 799 800 801
f 802 803 804
f 805 806 807
f 808 809 810
f 811 812 813
f 814 815 816
f 817 818 819
f 820 821 822
f 823 824 825
f 826 827 828
f 829 830 831
f 832 833 834
f 835 836 837
f 838 839 840
f 841 842 843
f 844 845 846
f 847 848 849
f 850 851 852
f 853 854 855
f 856 857 858
f 859 860 861
f 862 863 864
f 865 866 867
f 868 869 870
f 871 872 873
f 874 875 876
f 877 878 879
f 880 881 882
f 883 884 885
f 886 887 888
f 889 890 891
f 892 893 894
f 895 896 897
f 898 899 900
f 901 902 903
f 904 905 906
f 907 908 909
f 910 911 912
f 913 914 915
f 916 917 918
f 919 920 921
f 922 923 924
f 925 926 927
f 928 929 930
f 931 932 933
f 934 935 936
f 937 938 939
f 940 941 942
f 943 944 945
f 946 947 948
f 949 950 951
f 952 953 954
f 955 956 957
f 958 959 960
f 961 962 963
f 964 965 966
f 967 968 969
f 970 971 972
f 973 974 975
f 976 977 978
f 979 980 981
f 982 983 984
f 985 986 987
f 988 989 990
f 991 992 993
f 994 995 996
f 997 998 999
f 1000 1001 1002
f 1003 1004 1005
f 1006 1007 1008
f 1009 1010 1011
f 1012 1013 1014
f 1015 1016 1017
f 1018 1019 1020
f 1021 1022 1023
f 1024 1025 1026
f 1027 1028 1029
f 1030 1031 1032
f 1033 1034 1035
f 1036 1037 1038
f 1039 1040 1041
f 1042 1043 1044
f 1045 1046 1047
f 1048 1049 1050
f 1051 1052 1053
f 1054 1055 1056
f 1057 1058 1059
f 1060 1061 1062
f 1063 1064 1065
f 1066 1067 1068
f 1069 1070 1071
f 1072 1073 1074
f 1075 1076 1077
f 1078 1079 1080
f 1081 1082 1083
f 1084 1085 1086
f 1087 1088 1089
f 1090 1091 1092
f 1093 1094 1095
f 1096 1097 1098
f 1099 1100 1101
f 1102 1103 1104
f 1105 1106 1107
f 1108 1109 1110
f 1111 1112 1113
f 1114 1115 1116
f 1117 1118 1119
f 1120 1121 1122
f 1123 1124 1125
f 1126 1127 1128
f 1129 1130 1131
f 1132 1133 1134
f 1135 1136 1137
f 1138 1139 1140
f 1141 1142 1143
f 1144 1145 1146
f 1147 1148 1149
f 1150 1151 1152
f 1153 1154 1155
f 1156 1157 1158
f 1159 1160 1161
f 1162 1163 1164
f 1165 1166 1167
f 1168 1169 1170
f 1171 1172 1173
f 1174 1175 1176
f 1177 1178 1179
f 1180 1181 1182
f 1183 1184 1185
f 1186 1187 1188
f 1189 1190 1191
f 1192 1193 1194
f 1195 1196 1197
f 1198 1199 1200
f 1201 1202 1203
f 1204 1205 1206
f 1207 1208 1209
f 1210 1211 1212
f 1213 1214 1215
f 1216 1217 1218
f 1219 1220 1221
f 1222 1223 1224
f 1225 1226 1227
f 1228 1229 1230
f 1231 1232 1233
f 1234 1235 1236
f 1237 1238 1239
f 1240 1241 1242
f 1243 1244 1245
f 1246 1247 1248
f 1249 1250 1251
f 1252 1253 1254
f 1255 1256 1257
f 1258 1259 1260
f 1261 1262 1263
f 1264 1265 1266
f 1267 1268 1269
f 1270 1271 1272
f 1273 1274 1275
f 1276 1277 1278
f 1279 1280 1281
f 1282 1283 1284
f 1285 1286 1287
f 1288 1289 1290
f 1291 1292 1293
f 1294 1295 1296
f 1297 1298 1299
f 1300 1301 1302
f 1303 1304 1305
f 1306 1307 1308
f 1309 1310 1311
f 1312 1313 1314
f 1315 1316 1317
f 1318 1319 1320
f 1321 1322 1323
f 1324 1325 1326
f 1327 1328 1329
f 1330 1331 1332
f 1333 1334 1335
f 1336 1337 1338
f 1339 1340 1341
f 1342 1343 1344
f 1345 1346 1347
f 1348 1349 1350
f 1351 1352 1353
f 1354 1355 1356
f 1357 1358 1359
f 1360 1361 1362
f 1363 1364 1365
f 1366 1367 1368
f 1369 1370 1371
f 1372 1373 1374
f 1375 1376 1377
f 1378 1379 1380
f 1381 1382 1383
f 1384 1385 1386
f 1387 1388 1389
f 1390 1391 1392
f 1393 1394 1395
f 1396 1397 1398
f 1399 1400 1401
f 1402 1403 1404
f 1405 1406 1407
f 1408 1409 1410
f 1411 1412 1413
f 1414 1415 1416
f 1417 1418 1419
f 1420 1421 1422
f 1423 1424 1425
f 1426 1427 1428
f 1429 1430 1431
f 1432 1433 1434
f 1435 1436 1437
f 1438 1439 1440
f 1441 1442 1443
f 1444 1445 1446
f 1447 1448 1449
f 1450 1451 1452
f 1453 1454 1455
f 1456 1457 1458
f 1459 1460 1461
f 1462 1463 1464
f 1465 1466 1467
f 1468 1469 1470
f 1471 1472 1473
f 1474 1475 1476
f 1477 1478 1479
f 1480 1481 1482
f 1483 1484 1485
f 1486 1487 1488
f 1489 1490 1491
f 1492 1493 1494
f 1495 1496 1497
f 1498 1499 1500
f 1501 1502 1503
f 1504 1505 1506
f 1507 1508 1509
f 1510 1511 1512
f 1513 1514 1515
f 1516 1517 1518
f 1519 1520 1521
f 1522 1523 1524
f 1525 1526 1527
f 1528 1529 1530
f 1531 1532 1533
f 1534 1535 1536
f 1537 1538 1539
f 1540 1541 1542
f 1543 1544 1545
f 1546 1547 1548
f 1549 1550 1551
f 1552 1553 1554
f 1555 1556 1557
f 1558 1559 1560
f 1561 1562 1563
f 1564 1565 1566
f 1567 1568 1569
f 1570 1571 1572
f 1573 1574 1575
f 1576 1577 1578
f 1579 1580 1581
f 1582 1583 1584
f 1585 1586 1587
f 1588 1589 1590
f 1591 1592 1593
f 1594 1595 1596
f 1597 1598 1599
f 1600 1601 1602
f 1603 1604 1605
f 1606 1607 1608
f 1609 1610 1611
f 1612 1613 1614
f 1615 1616 1617
f 1618 1619 1620
f 1621 1622 1623
f 1624 1625 1626
f 1627 1628 1629
f 1630 1631 1632
f 1633 1634 1635
f 1636 1637 1638
f 1639 1640 1641
f 1642 1643 1644
f 1645 1646 1647
f 1648 1649 1650
f 1651 1652 1653
f 1654 1655 1656
f 1657 1658 1659
f 1660 1661 1662
f 1663 1664 1665
f 1666 1667 1668
f 1669 1670 1671
f 1672 1673 1674
f 1675 1676 1677
f 1678 1679 1680
f 1681 1682 1683
f 1684 1685 1686
f 1687 1688 1689
f 1690 1691 1692
f 1693 1694 1695
f 1696 1697 1698
f 1699 1700 1701
f 1702 1703 1704
f 1705 1706 1707
f 1708 1709 1710
f 1711 1712 1713
f 1714 1715 1716
f 1717 1718 1719
f 1720 1721 1722
f 1723 1724 1725
f 1726 1727 1728
f 1729 1730 1731
f 1732 1733 1734
f 1735 1736 1737
f 1738 1739 1740
f 1741 1742 1743
f 1744 1745 1746
f 1747 1748 1749
f 1750 1751 1752
f 1753 1754 1755
f 1756 1757 1758
f 1759 1760 1761
f 1762 1763 1764
f 1765 1766 1767
f 1768 1769 1770
f 1771 1772 1773
f 1774 1775 1776
f 1777 1778 1779
f 1780 1781 1782
f 1783 1784 1785
f 1786 1787 1788
f 1789 1790 1791
f 1792 1793 1794
f 1795 1796 1797
f 1798 1799 1800
f 1801 1802 1803
f 1804 1805 1806
f 1807 1808 1809
f 1810 1811 1812
f 1813 1814 1815
f 1816 1817 1818
f 1819 1820 1821
f 1822 1823 1824
f 1825 1826 1827
f 1828 1829 1830
f 1831 1832 1833
f 1834 1835 1836
f 1837 1838 1839
f 1840 1841 1842
f 1843 1844 1845
f 1846 1847 1848
f 1849 1850 1851
f 1852 1853 1854
f 1855 1856 1857
f 1858 1859 1860
f 1861 1862 1863
f 1864 1865 1866
f 1867 1868 1869
f 1870 1871 1872
f 1873 1874 1875
f 1876 1877 1878
f 1879 1880 1881
f 1882 1883 1884
f 1885 1886 1887
f 1888 1889 1890
f 1891 1892 1893
f 1894 1895 1896
f 1897 1898 1899
f 1900 1901 1902
f 1903 1904 1905
f 1906 1907 1908
f 1909 1910 1911
f 1912 1913 1914
f 1915 1916 1917
f 1918 1919 1920
f 1921 1922 1923
f 1924 1925 1926
f 1927 1928 1929
f 1930 1931 1932
f 1933 1934 1935
f 1936 1937 1938
f 1939 1940 1941
f 1942 1943 1944
f 1945 1946 1947
f 1948 1949 1950
f 1951 1952 1953
f 1954 1955 1956
f 1957 1958 1959
f 1960 1961 1962
f 1963 1964 1965
f 1966 1967 1968
f 1969 1970 1971
f 1972 1973 1974
f 1975 1976 1977
f 1978 1979 1980
f 1981 1982 1983
f 1984 1985 1986
f 1987 1988 1989
f 1990 1991 1992
f 1993 1994 1995
f 1996 1997 1998
f 1999 2000 2001
f 2002 2003 2004
f 2005 2006 2007
f 2008 2009 2010
f 2011 2012 2013
f 2014 2015 2016
f 2017 2018 2019
f 2020 2021 2022
f 2023 2024 2025
f 2026 2027 2028
f 2029 2030 2031
f 2032 2033 2034
f 2035 2036 2037
f 2038 2039 2040
f 2041 2042 2043
f 2044 2045 2046
f 2047 2048 2049
f 2050 2051 2052
f 2053 2054 2055
f 2056 2057 2058
f 2059 2060 2061
f 2062 2063 2064
f 2065 2066 2067
f 2068 2069 2070
f 2071 2072 2073
f 2074 2075 2076
f 2077 2078 2079
f 2080 2081 2082
f 2083 2084 2085
f 2086 2087 2088
f 2089 2090 2091
f 2092 2093 2094
f 2095 2096 2097
f 2098 2099 2100
f 2101 2102 2103
f 2104 2105 2106
f 2107 2108 2109
f 2110 2111 2112
f 2113 2114 2115
f 2116 2117 2118
f 2119 2120 2121
f 2122 2123 2124
f 2125 2126 2127
f 2128 2129 2130
f 2131 2132 2133
f 2134 2135 2136
f 2137 2138 2139
f 2140 2141 2142
f 2143 2144 2145
f 2146 2147 2148
f 2149 2150 2151
f 2152 2153 2154
f 2155 2156 2157
f 2158 2159 2160
f 2161 2162 2163
f 2164 2165 2166
f 2167 2168 2169
f 2170 2171 2172
f 2173 2174 2175
f 2176 2177 2178
f 2179 2180 2181
f 2182 2183 2184
f 2185 2186 2187
f 2188 2189 2190
f 2191 2192 2193
f 2194 2195 2196
f 2197 2198 2199
f 2200 2201 2202
f 2203 2204 2205
f 2206 2207 2208
f 2209 2210 2211
f 2212 2213 2214
f 2215 2216 2217
f 2218 2219 2220
f 2221 2222 2223
f 2224 2225 2226
f 2227 2228 2229
f 2230 2231 2232
f 2233 2234 2235
f 2236 2237 2238
f 2239 2240 2241
f 2242 2243 2244
f 2245 2246 2247
f 2248 2249 2250
f 2251 2252 2253
f 2254 2255 2256
f 2257 2258 2259
f 2260 2261 2262
f 2263 2264 2265
f 2266 2267 2268
f 2269 2270 2271
f 2272 2273 2274
f 2275 2276 2277
f 2278 2279 2280
f 2281 2282 2283
f 2284 2285 2286
f 2287 2288 2289
f 2290 2291 2292
f 2293 2294 2295
f 2296 2297 2298
f 2299 2300 2301
f 2302 2303 2304
f 2305 2306 2307
f 2308 2309 2310
f 2311 2312 2313
f 2314 2315 2316
f 2317 2318 2319
f 2320 2321 2322
f 2323 2324 2325
f 2326 2327 2328
f 2329 2330 2331
f 2332 2333 2334
f 2335 2336 2337
f 2338 2339 2340
f 2341 2342 2343
f 2344 2345 2346
f 2347 2348 2349
f 2350 2351 2352
f 2353 2354 2355
f 2356 2357 2358
f 2359 2360 2361
f 2362 2363 2364
f 2365 2366 2367
f 2368 2369 2370
f 2371 2372 2373
f 2374 2375 2376
f 2377 2378 2379
f 2380 2381 2382
f 2383 2384 2385
f 2386 2387 2388
f 2389 2390 2391
f 2392 2393 2394
f 2395 2396 2397
f 2398 2399 2400
f 2401 2402 2403
f 2404 2405 2406
f 2407 2408 2409
f 2410 2411 2412
f 2413 2414 2415
f 2416 2417 2418
f 2419 2420 2421
f 2422 2423 2424
f 2425 2426 2427
f 2428 2429 2430
f 2431 2432 2433
f 2434 2435 2436
f 2437 2438 2439
f 2440 2441 2442
f 2443 2444 2445
f 2446 2447 2448
f 2449 2450 2451
f 2452 2453 2454
f 2455 2456 2457
f 2458 2459 2460
f 2461 2462 2463
f 2464 2465 2466
f 2467 2468 2469
f 2470 2471 2472
f 2473 2474 2475
f 2476 2477 2478
f 2479 2480 2481
f 2482 2483 2484
f 2485 2486 2487
f 2488 2489 2490
f 2491 2492 2493
f 2494 2495 2496
f 2497 2498 2499
f 2500 2501 2502
f 2503 2504 2505
f 2506 2507 2508
f 2509 2510 2511
f 2512 2513 2514
f 2515 2516 2517
f 2518 2519 2520
f 2521 2522 2523
f 2524 2525 2526
f 2527 2528 2529
f 2530 2531 2532
f 2533 2534 2535
f 2536 2537 2538
f 2539 2540 2541
f 2542 2543 2544
f 2545 2546 2547
f 2548 2549 2550
f 2551 2552 2553
f 2554 2555 2556
f 2557 2558 2559
f 2560 2561 2562
f 2563 2564 2565
f 2566 2567 2568
f 2569 2570 2571
f 2572 2573 2574
f 2575 2576 2577
f 2578 2579 2580
f 2581 2582 2583
f 2584 2585 2586
f 2587 2588 2589
f 2590 2591 2592
f 2593 2594 2595
f 2596 2597 2598
f 2599 2600 2601
f 2602 2603 2604
f 2605 2606 2607
f 2608 2609 2610
f 2611 2612 2613
f 2614 2615 2616
f 2617 2618 2619
f 2620 2621 2622
f 2623 2624 2625
f 2626 2627 2628
f 2629 2630 2631
f 2632 2633 2634
f 2635 2636 2637
f 2638 2639 2640
f 2641 2642 2643
f 2644 2645 2646
f 2647 2648 2649
f 2650 2651 2652
f 2653 2654 2655
f 2656 2657 2658
f 2659 2660 2661
f 2662 2663 2664
f 2665 2666 2667
f 2668 2669 2670
f 2671 2672 2673
f 2674 2675 2676
f 2677 2678 2679
f 2680 2681 2682
f 2683 2684 2685
f 2686 2687 2688
f 2689 2690 2691
f 2692 2693 2694
f 2695 2696 2697
f 2698 2699 2700
f 2701 2702 2703
f 2704 2705 2706
f 2707 2708 2709
f 2710 2711 2712
f 2713 2714 2715
f 2716 2717 2718
f 2719 2720 2721
f 2722 2723 2724
f 2725 2726 2727
f 2728 2729 2730
f 2731 2732 2733
f 2734 2735 2736
f 2737 2738 2739
f 2740 2741 2742
f 2743 2744 2745
f 2746 2747 2748
f 2749 2750 2751
f 2752 2753 2754
f 2755 2756 2757
f 2758 2759 2760
f 2761 2762 2763
f 2764 2765 2766
f 2767 2768 2769
f 2770 2771 2772
f 2773 2774 2775
f 2776 2777 2778
f 2779 2780 2781
f 2782 2783 2784
f 2785 2786 2787
f 2788 2789 2790
f 2791 2792 2793
f 2794 2795 2796
f 2797 2798 2799
f 2800 2801 2802
f 2803 2804 2805
f 2806 2807 2808
f 2809 2810 2811
f 2812 2813 2814
f 2815 2816 2817
f 2818 2819 2820
f 2821 2822 2823
f 2824 2825 2826
f 2827 2828 2829
f 2830 2831 2832
f 2833 2834 2835
f 2836 2837 2838
f 2839 2840 2841
f 2842 2843 2844
f 2845 2846 2847
f 2848 2849 2850
f 2851 2852 2853
f 2854 2855 2856
f 2857 2858 2859
f 2860 2861 2862
f 2863 2864 2865
f 2866 2867 2868
f 2869 2870 2871
f 2872 2873 2874
f 2875 2876 2877
f 2878 2879 2880
f 2881 2882 2883
f 2884 2885 2886
f 2887 2888 2889
f 2890 2891 2892
f 2893 2894 2895
f 2896 2897 2898
f 2899 2900 2901
f 2902 2903 2904
f 2905 2906 2907
f 2908 2909 2910
f 2911 2912 2913
f 2914 2915 2916
f 2917 2918 2919
f 2920 2921 2922
f 2923 2924 2925
f 2926 2927 2928
f 2929 2930 2931
f 2932 2933 2934
f 2935 2936 2937
f 2938 2939 2940
f 2941 2942 2943
f 2944 2945 2946
f 2947 2948 2949
f 2950 2951 2952
f 2953 2954 2955
f 2956 2957 2958
f 2959 2960 2961
f 2962 2963 2964
f 2965 2966 2967
f 2968 2969 2970
f 2971 2972 2973
f 2974 2975 2976
f 2977 2978 2979
f 2980 2981 2982
f 2983 2984 2985
f 2986 2987 2988
f 2989 2990 2991
f 2992 2993 2994
f 2995 2996 2997
f 2998 2999 3000
f 3001 3002 3003
f 3004 3005 3006
f 3007 3008 3009
f 3010 3011 3012
f 3013 3014 3015
f 3016 3017 3018
f 3019 3020 3021
f 3022 3023 3024
f 3025 3026 3027
f 3028 3029 3030
f 3031 3032 3033
f 3034 3035 3036
f 3037 3038 3039
f 3040 3041 3042
f 3043 3044 3045
f 3046 3047 3048
f 3049 3050 3051
f 3052 3053 3054
f 3055 3056 3057
f 3058 3059 3060
f 3061 3062 3063
f 3064 3065 3066
f 3067 3068 3069
f 3070 3071 3072
f 3073 3074 3075
f 3076 3077 3078
f 3079 3080 3081
f 3082 3083 3084
f 3085 3086 3087
f 3088 3089 3090
f 3091 3092 3093
f 3094 3095 3096
f 3097 3098 3099
f 3100 3101 3102
f 3103 3104 3105
f 3106 3107 3108
f 3109 3110 3111
f 3112 3113 3114
f 3115 3116 3117
f 3118 3119 3120
f 3121 3122 3123
f 3124 3125 3126
f 3127 3128 3129
f 3130 3131 3132
f 3133 3134 3135
f 3136 3137 3138
f 3139 3140 3141
f 3142 3143 3144
f 3145 3146 3147
f 3148 3149 3150
f 3151 3152 3153
f 3154 3155 3156
f 3157 3158 3159
f 3160 3161 3162
f 3163 3164 3165
f 3166 3167 3168
f 3169 3170 3171
f 3172 3173 3174
f 3175 3176 3177
f 3178 3179 3180
f 3181 3182 3183
f 3184 3185 3186
f 3187 3188 3189
f 3190 3191 3192
f 3193 3194 3195
f 3196 3197 3198
f 3199 3200 3201
f 3202 3203 3204
f 3205 3206 3207
f 3208 3209 3210
f 3211 3212 3213
f 3214 3215 3216
f 3217 3218 3219
f 3220 3221 3222
f 3223 3224 3225
f 3226 3227 3228
f 3229 3230 3231
f 3232 3233 3234
f 3235 3236 3237
f 3238 3239 3240
f 3241 3242 3243
f 3244 3245 3246
f 3247 3248 3249
f 3250 3251 3252
f 3253 3254 3255
f 3256 3257 3258
f 3259 3260 3261
f 3262 3263 3264
f 3265 3266 3267
f 3268 3269 3270
f 3271 3272 3273
f 3274 3275 3276
f 3277 3278 3279
f 3280 3281 3282
f 3283 3284 3285
f 3286 3287 3288
f 3289 3290 3291
f 3292 3293 3294
f 3295 3296 3297
f 3298 3299 3300
f 3301 3302 3303
f 3304 3305 3306
f 3307 3308 3309
f 3310 3311 3312
f 3313 3314 3315
f 3316 3317 3318
f 3319 3320 3321
f 3322 3323 3324
f 3325 3326 3327
f 3328 3329 3330
f 3331 3332 3333
f 3334 3335 3336
f 3337 3338 3339
f 3340 3341 3342
f 3343 3344 3345
f 3346 3347 3348
f 3349 3350 3351
f 3352 3353 3354
f 3355 3356 3357
f 3358 3359 3360
f 3361 3362 3363
f 3364 3365 3366
f 3367 3368 3369
f 3370 3371 3372
f 3373 3374 3375
f 3376 3377 3378
f 3379 3380 3381
f 3382 3383 3384
f 3385 3386 3387
f 3388 3389 3390
f 3391 3392 3393
f 3394 3395 3396
f 3397 3398 3399
f 3400 3401 3402
f 3403 3404 3405
f 3406 3407 3408
f 3409 3410 3411
f 3412 3413 3414
f 3415 3416 3417
f 3418 3419 3420
f 3421 3422 3423
f 3424 3425 3426
f 3427 3428 3429
f 3430 3431 3432
f 3433 3434 3435
f 3436 3437 3438
f 3439 3440 3441
f 3442 3443 3444
f 3445 3446 3447
f 3448 3449 3450
f 3451 3452 3453
f 3454 3455 3456
f 3457 3458 3459
f 3460 3461 3462
f 3463 3464 3465
f 3466 3467 3468
f 3469 3470 3471
f 3472 3473 3474
f 3475 3476 3477
f 3478 3479 3480
f 3481 3482 3483
f 3484 3485 3486
f 3487 3488 3489
f 3490 3491 3492
f 3493 3494 3495
f 3496 3497 3498
f 3499 3500 3501
f 3502 3503 3504
f 3505 3506 3507
f 3508 3509 3510
f 3511 3512 3513
f 3514 3515 3516
f 3517 3518 3519
f 3520 3521 3522
f 3523 3524 3525
f 3526 3527 3528
f 3529 3530 3531
f 3532 3533 3534
f 3535 3536 3537
f 3538 3539 3540
f 3541 3542 3543
f 3544 3545 3546
f 3547 3548 3549
f 3550 3551 3552
f 3553 3554 3555
f 3556 3557 3558
f 3559 3560 3561
f 3562 3563 3564
f 3565 3566 3567
f 3568 3569 3570
f 3571 3572 3573
f 3574 3575 3576
f 3577 3578 3579
f 3580 3581 3582
f 3583 3584 3585
f 3586 3587 3588
f 3589 3590 3591
f 3592 3593 3594
f 3595 3596 3597
f 3598 3599 3600
f 3601 3602 3603
f 3604 3605 3606
f 3607 3608 3609
f 3610 3611 3612
f 3613 3614 3615
f 3616 3617 3618
f 3619 3620 3621
f 3622 3623 3624
f 3625 3626 3627
f 3628 3629 3630
f 3631 3632 3633
f 3634 3635 3636
f 3637 3638 3639
f 3640 3641 3642
f 3643 3644 3645
f 3646 3647 3648
f 3649 3650 3651
f 3652 3653 3654
f 3655 3656 3657
f 3658 3659 3660
f 3661 3662 3663
f 3664 3665 3666
f 3667 3668 3669
f 3670 3671 3672
f 3673 3674 3675
f 3676 3677 3678
f 3679 3680 3681
f 3682 3683 3684
f 3685 3686 3687
f 3688 3689 3690
f 3691 3692 3693
f 3694 3695 3696
f 3697 3698 3699
f 3700 3701 3702
f 3703 3704 3705
f 3706 3707 3708
f 3709 3710 3711
f 3712 3713 3714
f 3715 3716 3717
f 3718 3719 3720
f 3721 3722 3723
f 3724 3725 3726
f 3727 3728 3729
f 3730 3731 3732
f 3733 3734 3735
f 3736 3737 3738
f 3739 3740 3741
f 3742 3743 3744
f 3745 3746 3747
f 3748 3749 3750
f 3751 3752 3753
f 3754 3755 3756
f 3757 3758 3759
f 3760 3761 3762
f 3763 3764 3765
f 3766 3767 3768
f 3769 3770 3771
f 3772 3773 3774
f 3775 3776 3777
f 3778 3779 3780
f 3781 3782 3783
f 3784 3785 3786
f 3787 3788 3789
f 3790 3791 3792
f 3793 3794 3795
f 3796 3797 3798
f 3799 3800 3801
f 3802 3803 3804
f 3805 3806 3807
f 3808 3809 3810
f 3811 3812 3813
f 3814 3815 3816
f 3817 3818 3819
f 3820 3821 3822
f 3823 3824 3825
f 3826 3827 3828
f 3829 3830 3831
f 3832 3833 3834
f 3835 3836 3837
f 3838 3839 3840
f 3841 3842 3843
f 3844 3845 3846
f 3847 3848 3849
f 3850 3851 3852
f 3853 3854 3855
f 3856 3857 3858
f 3859 3860 3861
f 3862 3863 3864
f 3865 3866 3867
f 3868 3869 3870
f 3871 3872 3873
f 3874 3875 3876
f 3877 3878 3879
f 3880 3881 3882
f 3883 3884 3885
f 3886 3887 3888
f 3889 3890 3891
f 3892 3893 3894
f 3895 3896 3897
f 3898 3899 3900
f 3901 3902 3903
f 3904 3905 3906
f 3907 3908 3909
f 3910 3911 3912
f 3913 3914 3915
f 3916 3917 3918
f 3919 3920 3921
f 3922 3923 3924
f 3925 3926 3927
f 3928 3929 3930
f 3931 3932 3933
f 3934 3935 3936
f 3937 3938 3939
f 3940 3941 3942
f 3943 3944 3945
f 3946 3947 3948
f 3949 3950 3951
f 3952 3953 3954
f 3955 3956 3957
f 3958 3959 3960
f 3961 3962 3963
f 3964 3965 3966
f 3967 3968 3969
f 3970 3971 3972
f 3973 3974 3975
f 3976 3977 3978
f 3979 3980 3981
f 3982 3983 3984
f 3985 3986 3987
f 3988 3989 3990
f 3991 3992 3993
f 3994 3995 3996
f 3997 3998 3999
f 4000 4001 4002
f 4003 4004 4005
f 4006 4007 4008
f 4009 4010 4011
f 4012 4013 4014
f 4015 4016 4017
f 4018 4019 4020
f 4021 4022 4023
f 4024 4025 4026
f 4027 4028 4029
f 4030 4031 4032
f 4033 4034 4035
f 4036 4037 4038
f 4039 4040 4041
f 4042 4043 4044
f 4045 4046 4047
f 4048 4049 4050
f 4051 4052 4053
f 4054 4055 4056
f 4057 4058 4059
f 4060 4061 4062
f 4063 4064 4065
f 4066 4067 4068
f 4069 4070 4071
f 4072 4073 4074
f 4075 4076 4077
f 4078 4079 4080
f 4081 4082 4083
f 4084 4085 4086
f 4087 4088 4089
f 4090 4091 4092
f 4093 4094 4095
f 4096 4097 4098
f 4099 4100 4101
f 4102 4103 4104
f 4105 4106 4107
f 4108 4109 4110
f 4111 4112 4113
f 4114 4115 4116
f 4117 4118 4119
f 4120 4121 4122
f 4123 4124 4125
f 4126 4127 4128
f 4129 4130 4131
f 4132 4133 4134
f 4135 4136 4137
f 4138 4139 4140
f 4141 4142 4143
f 4144 4145 4146
f 4147 4148 4149
f 4150 4151 4152
f 4153 4154 4155
f 4156 4157 4158
f 4159 4160 4161
f 4162 4163 4164
f 4165 4166 4167
f 4168 4169 4170
f 4171 4172 4173
f 4174 4175 4176
f 4177 4178 4179
f 4180 4181 4182
f 4183 4184 4185
f 4186 4187 4188
f 4189 4190 4191
f 4192 4193 4194
f 4195 4196 4197
f 4198 4199 4200
f 4201 4202 4203
f 4204 4205 4206
f 4207 4208 4209
f 4210 4211 4212
f 4213 4214 4215
f 4216 4217 4218
f 4219 4220 4221
f 4222 4223 4224
f 4225 4226 4227
f 4228 4229 4230
f 4231 4232 4233
f 4234 4235 4236
f 4237 4238 4239
f 4240 4241 4242
f 4243 4244 4245
f 4246 4247 4248
f 4249 4250 4251
f 4252 4253 4254
f 4255 4256 4257
f 4258 4259 4260
f 4261 4262 4263
f 4264 4265 4266
f 4267 4268 4269
f 4270 4271 4272
f 4273 4274 4275
f 4276 4277 4278
f 4279 4280 4281
f 4282 4283 4284
f 4285 4286 4287
f 4288 4289 4290
f 4291 4292 4293
f 4294 4295 4296
f 4297 4298 4299
f 4300 4301 4302
f 4303 4304 4305
f 4306 4307 4308
f 4309 4310 4311
f 4312 4313 4314
f 4315 4316 4317
f 4318 4319 4320
f 4321 4322 4323
f 4324 4325 4326
f 4327 4328 4329
f 4330 4331 4332
f 4333 4334 4335
f 4336 4337 4338
f 4339 4340 4341
f 4342 4343 4344
f 4345 4346 4347
f 4348 4349 4350
f 4351 4352 4353
f 4354 4355 4356
f 4357 4358 4359
f 4360 4361 4362
f 4363 4364 4365
f 4366 4367 4368
f 4369 4370 4371
f 4372 4373 4374
f 4375 4376 4377
f 4378 4379 4380
f 4381 4382 4383
f 4384 4385 4386
f 4387 4388 4389
f 4390 4391 4392
f 4393 4394 4395
f 4396 4397 4398
f 4399 4400 4401
f 4402 4403 4404
f 4405 4406 4407
f 4408 4409 4410
f 4411 4412 4413
f 4414 4415 4416
f 4417 4418 4419
f 4420 4421 4422
f 4423 4424 4425
f 4426 4427 4428
f 4429 4430 4431
f 4432 4433 4434
f 4435 4436 4437
f 4438 4439 4440
f 4441 4442 4443
f 4444 4445 4446
f 4447 4448 4449
f 4450 4451 4452
f 4453 4454 4455
f 4456 4457 4458
f 4459 4460 4461
f 4462 4463 4464
f 4465 4466 4467
f 4468 4469 4470
f 4471 4472 4473
f 4474 4475 4476
f 4477 4478 4479
f 4480 4481 4482
f 4483 4484 4485
f 4486 4487 4488
f 4489 4490 4491
f 4492 4493 4494
f 4495 4496 4497
f 4498 4499 4500
f 4501 4502 4503
f 4504 4505 4506
f 4507 4508 4509
f 4510 4511 4512
f 4513 4514 4515
f 4516 4517 4518
f 4519 4520 4521
f 4522 4523 4524
f 4525 4526 4527
f 4528 4529 4530
f 4531 4532 4533
f 4534 4535 4536
f 4537 4538 4539
f 4540 4541 4542
f 4543 4544 4545
f 4546 4547 4548
f 4549 4550 4551
f 4552 4553 4554
f 4555 4556 4557
f 4558 4559 4560
f 4561 4562 4563
f 4564 4565 4566
f 4567 4568 4569
f 4570 4571 4572
f 4573 4574 4575
f 4576 4577 4578
f 4579 4580 4581
f 4582 4583 4584
f 4585 4586 4587
f 4588 4589 4590
f 4591 4592 4593
f 4594 4595 4596
f 4597 4598 4599
f 4600 4601 4602
f 4603 4604 4605
f 4606 4607 4608
f 4609 4610 4611
f 4612 4613 4614
f 4615 4616 4617
f 4618 4619 4620
f 4621 4622 4623
f 4624 4625 4626
f 4627 4628 4629
f 4630 4631 4632
f 4633 4634 4635
f 4636 4637 4638
f 4639 4640 4641
f 4642 4643 4644
f 4645 4646 4647
f 4648 4649 4650
f 4651 4652 4653
f 4654 4655 4656
f 4657 4658 4659
f 4660 4661 4662
f 4663 4664 4665
f 4666 4667 4668
f 4669 4670 4671
f 4672 4673 4674
f 4675 4676 4677
f 4678 4679 4680
f 4681 4682 4683
f 4684 4685 4686
f 4687 4688 4689
f 4690 4691 4692
f 4693 4694 4695
f 4696 4697 4698
f 4699 4700 4701
f 4702 4703 4704
f 4705 4706 4707
f 4708 4709 4710
f 4711 4712 4713
f 4714 4715 4716
f 4717 4718 4719
f 4720 4721 4722
f 4723 4724 4725
f 4726 4727 4728
f 4729 4730 4731
f 4732 4733 4734
f 4735 4736 4737
f 4738 4739 4740
f 4741 4742 4743
f 4744 4745 4746
f 4747 4748 4749
f 4750 4751 4752
f 4753 4754 4755
f 4756 4757 4758
f 4759 4760 4761
f 4762 4763 4764
f 4765 4766 4767
f 4768 4769 4770

