# https://github.com/mikedh/trimesh

o waist_roll_link_rev_1_0.STL
v 1.00009516 -0.49980949 -0.00002405
v 1.60009339 -0.47944435 0.14083387
v 1.00009339 -0.47955862 0.14084261
v 1.00009339 -0.47955862 0.14084261
v 1.60009339 -0.47944435 0.14083387
v 1.60008408 -0.42032711 0.27028911
v 1.00009339 -0.47955862 0.14084261
v 1.60008408 -0.42032711 0.27028911
v 1.00008398 -0.42044139 0.27029787
v 1.00008398 -0.42044139 0.27029787
v 1.60008408 -0.42032711 0.27028911
v 1.60006788 -0.32713274 0.37784528
v 1.00008398 -0.42044139 0.27029787
v 1.60006788 -0.32713274 0.37784528
v 1.00006778 -0.32724703 0.37785401
v 1.00006778 -0.32724703 0.37785401
v 1.60006788 -0.32713274 0.37784528
v 1.60004627 -0.20741133 0.45478875
v 1.00006778 -0.32724703 0.37785401
v 1.60004627 -0.20741133 0.45478875
v 1.00004617 -0.20752561 0.45479750
v 1.00004617 -0.20752561 0.45479750
v 1.60004627 -0.20741133 0.45478875
v 1.60002075 -0.07086201 0.49488605
v 1.00004617 -0.20752561 0.45479750
v 1.60002075 -0.07086201 0.49488605
v 1.00002075 -0.07097631 0.49489480
v 1.00002075 -0.07097631 0.49489480
v 1.60002075 -0.07086201 0.49488605
v 1.59999374 0.07145283 0.49488875
v 1.00002075 -0.07097631 0.49489480
v 1.59999374 0.07145283 0.49488875
v 0.99999364 0.07133854 0.49489751
v 0.99999364 0.07133854 0.49489751
v 1.59999374 0.07145283 0.49488875
v 1.59996711 0.20800366 0.45479662
v 0.99999364 0.07133854 0.49489751
v 1.59996711 0.20800366 0.45479662
v 0.99996701 0.20788936 0.45480537
v 0.99996701 0.20788936 0.45480537
v 1.59996711 0.20800366 0.45479662
v 1.59994308 0.32772799 0.37785766
v 0.99996701 0.20788936 0.45480537
v 1.59994308 0.32772799 0.37785766
v 0.99994307 0.32761369 0.37786642
v 0.99994307 0.32761369 0.37786642
v 1.59994308 0.32772799 0.37785766
v 1.59992389 0.42092642 0.27030506
v 0.99994307 0.32761369 0.37786642
v 1.59992389 0.42092642 0.27030506
v 0.99992380 0.42081214 0.27031379
v 0.99992380 0.42081214 0.27031379
v 1.59992389 0.42092642 0.27030506
v 1.59991067 0.48004859 0.14085204
v 0.99992380 0.42081214 0.27031379
v 1.59991067 0.48004859 0.14085204
v 0.99991057 0.47993427 0.14086078
v 0.99991057 0.47993427 0.14086078
v 1.59991067 0.48004859 0.14085204
v 1.59990471 0.50030476 -0.00001385
v 0.99991057 0.47993427 0.14086078
v 1.59990471 0.50030476 -0.00001385
v 0.99990470 0.50019044 -0.00000511
v 0.99990470 0.50019044 -0.00000511
v 1.59990471 0.50030476 -0.00001385
v 1.59990657 0.48005390 -0.14088050
v 0.99990470 0.50019044 -0.00000511
v 1.59990657 0.48005390 -0.14088050
v 0.99990647 0.47993963 -0.14087176
v 0.99990647 0.47993963 -0.14087176
v 1.59990657 0.48005390 -0.14088050
v 1.59991588 0.42093666 -0.27033580
v 0.99990647 0.47993963 -0.14087176
v 1.59991588 0.42093666 -0.27033580
v 0.99991588 0.42082234 -0.27032704
v 0.99991588 0.42082234 -0.27032704
v 1.59991588 0.42093666 -0.27033580
v 1.59993209 0.32774229 -0.37789189
v 0.99991588 0.42082234 -0.27032704
v 1.59993209 0.32774229 -0.37789189
v 0.99993208 0.32762799 -0.37788316
v 0.99993208 0.32762799 -0.37788316
v 1.59993209 0.32774229 -0.37789189
v 1.59995388 0.20802089 -0.45483536
v 0.99993208 0.32762799 -0.37788316
v 1.59995388 0.20802089 -0.45483536
v 0.99995378 0.20790659 -0.45482665
v 0.99995378 0.20790659 -0.45482665
v 1.59995388 0.20802089 -0.45483536
v 1.59997921 0.07147157 -0.49493271
v 0.99995378 0.20790659 -0.45482665
v 1.59997921 0.07147157 -0.49493271
v 0.99997921 0.07135728 -0.49492395
v 0.99997921 0.07135728 -0.49492395
v 1.59997921 0.07147157 -0.49493271
v 1.60000641 -0.07084327 -0.49493541
v 0.99997921 0.07135728 -0.49492395
v 1.60000641 -0.07084327 -0.49493541
v 1.00000631 -0.07095756 -0.49492666
v 1.00000631 -0.07095756 -0.49492666
v 1.60000641 -0.07084327 -0.49493541
v 1.60003304 -0.20739411 -0.45484323
v 1.00000631 -0.07095756 -0.49492666
v 1.60003304 -0.20739411 -0.45484323
v 1.00003285 -0.20750840 -0.45483452
v 1.00003285 -0.20750840 -0.45483452
v 1.60003304 -0.20739411 -0.45484323
v 1.60005689 -0.32711842 -0.37790430
v 1.00003285 -0.20750840 -0.45483452
v 1.60005689 -0.32711842 -0.37790430
v 1.00005679 -0.32723271 -0.37789557
v 1.00005679 -0.32723271 -0.37789557
v 1.60005689 -0.32711842 -0.37790430
v 1.60007626 -0.42031687 -0.27035172
v 1.00005679 -0.32723271 -0.37789557
v 1.60007626 -0.42031687 -0.27035172
v 1.00007616 -0.42043114 -0.27034297
v 1.00007616 -0.42043114 -0.27034297
v 1.60007626 -0.42031687 -0.27035172
v 1.60008930 -0.47943899 -0.14089867
v 1.00007616 -0.42043114 -0.27034297
v 1.60008930 -0.47943899 -0.14089867
v 1.00008929 -0.47955331 -0.14088993
v 1.00008929 -0.47955331 -0.14088993
v 1.60008930 -0.47943899 -0.14089867
v 1.60009526 -0.49969521 -0.00003280
v 1.00008929 -0.47955331 -0.14088993
v 1.60009526 -0.49969521 -0.00003280
v 1.00009516 -0.49980949 -0.00002405
v 1.00009516 -0.49980949 -0.00002405
v 1.60009526 -0.49969521 -0.00003280
v 1.60009339 -0.47944435 0.14083387
v -1.00009525 0.49980949 0.00002405
v -1.60008930 0.47943899 0.14089869
v -1.00008929 0.47955331 0.14088994
v -1.00008929 0.47955331 0.14088994
v -1.60008930 0.47943899 0.14089869
v -1.60007607 0.42031687 0.27035170
v -1.00008929 0.47955331 0.14088994
v -1.60007607 0.42031687 0.27035170
v -1.00007616 0.42043114 0.27034294
v -1.00007616 0.42043114 0.27034294
v -1.60007607 0.42031687 0.27035170
v -1.60005689 0.32711842 0.37790432
v -1.00007616 0.42043114 0.27034294
v -1.60005689 0.32711842 0.37790432
v -1.00005688 0.32723271 0.37789557
v -1.00005688 0.32723271 0.37789557
v -1.60005689 0.32711842 0.37790432
v -1.60003286 0.20739411 0.45484328
v -1.00005688 0.32723271 0.37789557
v -1.60003286 0.20739411 0.45484328
v -1.00003295 0.20750840 0.45483452
v -1.00003295 0.20750840 0.45483452
v -1.60003286 0.20739411 0.45484328
v -1.60000622 0.07084327 0.49493541
v -1.00003295 0.20750840 0.45483452
v -1.60000622 0.07084327 0.49493541
v -1.00000631 0.07095756 0.49492666
v -1.00000631 0.07095756 0.49492666
v -1.60000622 0.07084327 0.49493541
v -1.59997921 -0.07147157 0.49493271
v -1.00000631 0.07095756 0.49492666
v -1.59997921 -0.07147157 0.49493271
v -0.99997921 -0.07135728 0.49492395
v -0.99997921 -0.07135728 0.49492395
v -1.59997921 -0.07147157 0.49493271
v -1.59995370 -0.20802089 0.45483541
v -0.99997921 -0.07135728 0.49492395
v -1.59995370 -0.20802089 0.45483541
v -0.99995378 -0.20790659 0.45482665
v -0.99995378 -0.20790659 0.45482665
v -1.59995370 -0.20802089 0.45483541
v -1.59993209 -0.32774229 0.37789191
v -0.99995378 -0.20790659 0.45482665
v -1.59993209 -0.32774229 0.37789191
v -0.99993208 -0.32762799 0.37788316
v -0.99993208 -0.32762799 0.37788316
v -1.59993209 -0.32774229 0.37789191
v -1.59991588 -0.42093666 0.27033577
v -0.99993208 -0.32762799 0.37788316
v -1.59991588 -0.42093666 0.27033577
v -0.99991588 -0.42082234 0.27032702
v -0.99991588 -0.42082234 0.27032702
v -1.59991588 -0.42093666 0.27033577
v -1.59990657 -0.48005390 0.14088051
v -0.99991588 -0.42082234 0.27032702
v -1.59990657 -0.48005390 0.14088051
v -0.99990657 -0.47993963 0.14087176
v -0.99990657 -0.47993963 0.14087176
v -1.59990657 -0.48005390 0.14088051
v -1.59990471 -0.50030476 0.00001385
v -0.99990657 -0.47993963 0.14087176
v -1.59990471 -0.50030476 0.00001385
v -0.99990470 -0.50019044 0.00000510
v -0.99990470 -0.50019044 0.00000510
v -1.59990471 -0.50030476 0.00001385
v -1.59991067 -0.48004859 -0.14085203
v -0.99990470 -0.50019044 0.00000510
v -1.59991067 -0.48004859 -0.14085203
v -0.99991066 -0.47993427 -0.14086078
v -0.99991066 -0.47993427 -0.14086078
v -1.59991067 -0.48004859 -0.14085203
v -1.59992371 -0.42092642 -0.27030508
v -0.99991066 -0.47993427 -0.14086078
v -1.59992371 -0.42092642 -0.27030508
v -0.99992380 -0.42081214 -0.27031382
v -0.99992380 -0.42081214 -0.27031382
v -1.59992371 -0.42092642 -0.27030508
v -1.59994308 -0.32772799 -0.37785766
v -0.99992380 -0.42081214 -0.27031382
v -1.59994308 -0.32772799 -0.37785766
v -0.99994307 -0.32761369 -0.37786639
v -0.99994307 -0.32761369 -0.37786639
v -1.59994308 -0.32772799 -0.37785766
v -1.59996711 -0.20800366 -0.45479662
v -0.99994307 -0.32761369 -0.37786639
v -1.59996711 -0.20800366 -0.45479662
v -0.99996701 -0.20788936 -0.45480537
v -0.99996701 -0.20788936 -0.45480537
v -1.59996711 -0.20800366 -0.45479662
v -1.59999356 -0.07145283 -0.49488875
v -0.99996701 -0.20788936 -0.45480537
v -1.59999356 -0.07145283 -0.49488875
v -0.99999364 -0.07133854 -0.49489751
v -0.99999364 -0.07133854 -0.49489751
v -1.59999356 -0.07145283 -0.49488875
v -1.60002075 0.07086201 -0.49488605
v -0.99999364 -0.07133854 -0.49489751
v -1.60002075 0.07086201 -0.49488605
v -1.00002075 0.07097631 -0.49489480
v -1.00002075 0.07097631 -0.49489480
v -1.60002075 0.07086201 -0.49488605
v -1.60004608 0.20741133 -0.45478875
v -1.00002075 0.07097631 -0.49489480
v -1.60004608 0.20741133 -0.45478875
v -1.00004617 0.20752561 -0.45479750
v -1.00004617 0.20752561 -0.45479750
v -1.60004608 0.20741133 -0.45478875
v -1.60006788 0.32713274 -0.37784525
v -1.00004617 0.20752561 -0.45479750
v -1.60006788 0.32713274 -0.37784525
v -1.00006787 0.32724703 -0.37785401
v -1.00006787 0.32724703 -0.37785401
v -1.60006788 0.32713274 -0.37784525
v -1.60008408 0.42032711 -0.27028914
v -1.00006787 0.32724703 -0.37785401
v -1.60008408 0.42032711 -0.27028914
v -1.00008408 0.42044139 -0.27029789
v -1.00008408 0.42044139 -0.27029789
v -1.60008408 0.42032711 -0.27028914
v -1.60009339 0.47944435 -0.14083385
v -1.00008408 0.42044139 -0.27029789
v -1.60009339 0.47944435 -0.14083385
v -1.00009339 0.47955862 -0.14084260
v -1.00009339 0.47955862 -0.14084260
v -1.60009339 0.47944435 -0.14083385
v -1.60009526 0.49969521 0.00003279
v -1.00009339 0.47955862 -0.14084260
v -1.60009526 0.49969521 0.00003279
v -1.00009525 0.49980949 0.00002405
v -1.00009525 0.49980949 0.00002405
v -1.60009526 0.49969521 0.00003279
v -1.60008930 0.47943899 0.14089869
v -0.69979983 -1.00014582 0.66331620
v -0.42406740 -1.00008883 0.42425129
v -0.29980191 -1.00006694 0.51960070
v 0.60019055 -0.99988570 -0.00002769
v 0.57974369 -0.99988664 -0.15531882
v 0.97644106 -0.99981045 -0.18509075
v -0.59980950 -1.00011425 -0.00001020
v -0.57936274 -1.00011332 0.15528093
v -0.97606014 -1.00018941 0.18505288
v -0.29980191 -1.00006694 0.51960070
v -0.15509251 -1.00004049 0.57953880
v -0.69979983 -1.00014582 0.66331620
v -0.69979983 -1.00014582 0.66331620
v -0.15509251 -1.00004049 0.57953880
v 0.00019921 -1.00001134 0.59998105
v -0.69979983 -1.00014582 0.66331620
v 0.00019921 -1.00001134 0.59998105
v 0.70020026 -0.99987919 0.66329581
v 0.70020026 -0.99987919 0.66329581
v 0.00019921 -1.00001134 0.59998105
v 0.15549033 -0.99998135 0.57953428
v -0.51942039 -1.00010466 0.29998864
v -0.94563058 -1.00018745 0.38611926
v -0.57936274 -1.00011332 0.15528093
v -0.57936274 -1.00011332 0.15528093
v -0.94563058 -1.00018745 0.38611926
v -0.96357195 -1.00018913 0.29611881
v -0.57936274 -1.00011332 0.15528093
v -0.96357195 -1.00018913 0.29611881
v -0.97606014 -1.00018941 0.18505288
v -0.76585193 -1.00015821 0.64990451
v -0.80323527 -1.00016491 0.62942882
v -0.51942039 -1.00010466 0.29998864
v -0.80323527 -1.00016491 0.62942882
v -0.82265744 -1.00016836 0.61444249
v -0.51942039 -1.00010466 0.29998864
v -0.51942039 -1.00010466 0.29998864
v -0.82265744 -1.00016836 0.61444249
v -0.85782697 -1.00017432 0.57795360
v -0.51942039 -1.00010466 0.29998864
v -0.85782697 -1.00017432 0.57795360
v -0.88486895 -1.00017879 0.53921216
v 0.86887600 -0.99984519 0.56397845
v 0.83644697 -0.99985208 0.60207658
v 0.51981006 -0.99990666 0.29997348
v -0.97245555 -1.00018093 -0.22574875
v -0.96049812 -1.00017702 -0.31511239
v -0.57936725 -1.00010745 -0.15530193
v -0.57936725 -1.00010745 -0.15530193
v -0.96049812 -1.00017702 -0.31511239
v -0.51942915 -1.00009330 -0.30001136
v -0.97606014 -1.00018941 0.18505288
v -0.98237619 -1.00018783 0.03938872
v -0.59980950 -1.00011425 -0.00001020
v -0.59980950 -1.00011425 -0.00001020
v -0.98237619 -1.00018783 0.03938872
v -0.98039135 -1.00018466 -0.11137415
v -0.59980950 -1.00011425 -0.00001020
v -0.98039135 -1.00018466 -0.11137415
v -0.57936725 -1.00010745 -0.15530193
v -0.57936725 -1.00010745 -0.15530193
v -0.98039135 -1.00018466 -0.11137415
v -0.97951768 -1.00018410 -0.13038615
v -0.57936725 -1.00010745 -0.15530193
v -0.97951768 -1.00018410 -0.13038615
v -0.97245555 -1.00018093 -0.22574875
v -0.88486895 -1.00017879 0.53921216
v -0.91495179 -1.00018336 0.47961837
v -0.51942039 -1.00010466 0.29998864
v -0.51942039 -1.00010466 0.29998864
v -0.91495179 -1.00018336 0.47961837
v -0.93917856 -1.00018671 0.41010939
v -0.51942039 -1.00010466 0.29998864
v -0.93917856 -1.00018671 0.41010939
v -0.94563058 -1.00018745 0.38611926
v 0.57974826 -0.99989250 0.15526403
v 0.97283646 -0.99981893 0.22571087
v 0.96087903 -0.99982293 0.31507451
v 0.57974826 -0.99989250 0.15526403
v 0.96087903 -0.99982293 0.31507451
v 0.51981006 -0.99990666 0.29997348
v 0.51981006 -0.99990666 0.29997348
v 0.96087903 -0.99982293 0.31507451
v 0.94283698 -0.99982796 0.39832536
v 0.51981006 -0.99990666 0.29997348
v 0.94283698 -0.99982796 0.39832536
v 0.93767177 -0.99982927 0.41659428
v 0.97644106 -0.99981045 -0.18509075
v 0.98275719 -0.99981204 -0.03942658
v 0.60019055 -0.99988570 -0.00002769
v 0.60019055 -0.99988570 -0.00002769
v 0.98275719 -0.99981204 -0.03942658
v 0.98077226 -0.99981530 0.11133627
v 0.60019055 -0.99988570 -0.00002769
v 0.98077226 -0.99981530 0.11133627
v 0.57974826 -0.99989250 0.15526403
v 0.57974826 -0.99989250 0.15526403
v 0.98077226 -0.99981530 0.11133627
v 0.97989859 -0.99981576 0.13034827
v 0.57974826 -0.99989250 0.15526403
v 0.97989859 -0.99981576 0.13034827
v 0.97283646 -0.99981893 0.22571087
v 0.91533270 -0.99981651 -0.47965623
v 0.93955966 -0.99981325 -0.41014729
v 0.51980130 -0.99989530 -0.30002652
v 0.51980130 -0.99989530 -0.30002652
v 0.93955966 -0.99981325 -0.41014729
v 0.94601139 -0.99981250 -0.38615717
v 0.51980130 -0.99989530 -0.30002652
v 0.94601139 -0.99981250 -0.38615717
v 0.57974369 -0.99988664 -0.15531882
v 0.57974369 -0.99988664 -0.15531882
v 0.94601139 -0.99981250 -0.38615717
v 0.96395286 -0.99981073 -0.29615669
v 0.57974369 -0.99988664 -0.15531882
v 0.96395286 -0.99981073 -0.29615669
v 0.97644106 -0.99981045 -0.18509075
v 0.42444835 -0.99991113 -0.42428919
v 0.30018294 -0.99993302 -0.51963860
v 0.70018088 -0.99985404 -0.66335411
v -0.96049812 -1.00017702 -0.31511239
v -0.94245598 -1.00017199 -0.39836322
v -0.51942915 -1.00009330 -0.30001136
v -0.51942915 -1.00009330 -0.30001136
v -0.94245598 -1.00017199 -0.39836322
v -0.93729086 -1.00017069 -0.41663214
v -0.51942915 -1.00009330 -0.30001136
v -0.93729086 -1.00017069 -0.41663214
v -0.91470703 -1.00016510 -0.48024408
v 0.93767177 -0.99982927 0.41659428
v 0.91508795 -0.99983476 0.48020622
v 0.51981006 -0.99990666 0.29997348
v 0.51981006 -0.99990666 0.29997348
v 0.91508795 -0.99983476 0.48020622
v 0.89643020 -0.99983905 0.51953499
v 0.51981006 -0.99990666 0.29997348
v 0.89643020 -0.99983905 0.51953499
v 0.86887600 -0.99984519 0.56397845
v -0.91470703 -1.00016510 -0.48024408
v -0.89604929 -1.00016082 -0.51957290
v -0.51942915 -1.00009330 -0.30001136
v -0.51942915 -1.00009330 -0.30001136
v -0.89604929 -1.00016082 -0.51957290
v -0.86849518 -1.00015476 -0.56401631
v -0.51942915 -1.00009330 -0.30001136
v -0.86849518 -1.00015476 -0.56401631
v -0.83606597 -1.00014787 -0.60211448
v -0.42406740 -1.00008883 0.42425129
v -0.69979983 -1.00014582 0.66331620
v -0.51942039 -1.00010466 0.29998864
v -0.51942039 -1.00010466 0.29998864
v -0.69979983 -1.00014582 0.66331620
v -0.73850239 -1.00015318 0.65877070
v -0.51942039 -1.00010466 0.29998864
v -0.73850239 -1.00015318 0.65877070
v -0.76585193 -1.00015821 0.64990451
v 0.80361608 -0.99983504 -0.62946663
v 0.82303835 -0.99983159 -0.61448035
v 0.51980130 -0.99989530 -0.30002652
v 0.30018294 -0.99993302 -0.51963860
v 0.15547344 -0.99995937 -0.57957666
v 0.70018088 -0.99985404 -0.66335411
v 0.70018088 -0.99985404 -0.66335411
v 0.15547344 -0.99995937 -0.57957666
v 0.00018172 -0.99998862 -0.60001891
v 0.70018088 -0.99985404 -0.66335411
v 0.00018172 -0.99998862 -0.60001891
v -0.69981916 -1.00012077 -0.66333371
v -0.69981916 -1.00012077 -0.66333371
v 0.00018172 -0.99998862 -0.60001891
v -0.15510941 -1.00001860 -0.57957214
v 0.83644697 -0.99985208 0.60207658
v 0.82930159 -0.99985357 0.60887984
v 0.51981006 -0.99990666 0.29997348
v 0.51981006 -0.99990666 0.29997348
v 0.82930159 -0.99985357 0.60887984
v 0.79487450 -0.99986065 0.63514006
v 0.51981006 -0.99990666 0.29997348
v 0.79487450 -0.99986065 0.63514006
v 0.77330917 -0.99986494 0.64678867
v 0.80361608 -0.99983504 -0.62946663
v 0.51980130 -0.99989530 -0.30002652
v 0.76623289 -0.99984175 -0.64994246
v 0.82303835 -0.99983159 -0.61448035
v 0.85820779 -0.99982554 -0.57799146
v 0.51980130 -0.99989530 -0.30002652
v 0.51980130 -0.99989530 -0.30002652
v 0.85820779 -0.99982554 -0.57799146
v 0.88524986 -0.99982116 -0.53925007
v 0.51980130 -0.99989530 -0.30002652
v 0.88524986 -0.99982116 -0.53925007
v 0.91533270 -0.99981651 -0.47965623
v 0.15549033 -0.99998135 0.57953428
v 0.30019809 -0.99995267 0.51959194
v 0.70020026 -0.99987919 0.66329581
v 0.70020026 -0.99987919 0.66329581
v 0.30019809 -0.99995267 0.51959194
v 0.42446074 -0.99992715 0.42423895
v 0.70020026 -0.99987919 0.66329581
v 0.42446074 -0.99992715 0.42423895
v 0.70717530 -0.99987788 0.66314898
v 0.70717530 -0.99987788 0.66314898
v 0.42446074 -0.99992715 0.42423895
v 0.51981006 -0.99990666 0.29997348
v 0.70717530 -0.99987788 0.66314898
v 0.51981006 -0.99990666 0.29997348
v 0.73621124 -0.99987229 0.65936297
v 0.73621124 -0.99987229 0.65936297
v 0.51981006 -0.99990666 0.29997348
v 0.77330917 -0.99986494 0.64678867
v -0.83606597 -1.00014787 -0.60211448
v -0.82892068 -1.00014638 -0.60891770
v -0.51942915 -1.00009330 -0.30001136
v -0.51942915 -1.00009330 -0.30001136
v -0.82892068 -1.00014638 -0.60891770
v -0.79449350 -1.00013930 -0.63517797
v -0.51942915 -1.00009330 -0.30001136
v -0.79449350 -1.00013930 -0.63517797
v -0.77292831 -1.00013502 -0.64682653
v -0.15510941 -1.00001860 -0.57957214
v -0.29981707 -1.00004729 -0.51962985
v -0.69981916 -1.00012077 -0.66333371
v -0.69981916 -1.00012077 -0.66333371
v -0.29981707 -1.00004729 -0.51962985
v -0.42407974 -1.00007271 -0.42427680
v -0.69981916 -1.00012077 -0.66333371
v -0.42407974 -1.00007271 -0.42427680
v -0.70679439 -1.00012207 -0.66318694
v -0.70679439 -1.00012207 -0.66318694
v -0.42407974 -1.00007271 -0.42427680
v -0.51942915 -1.00009330 -0.30001136
v -0.70679439 -1.00012207 -0.66318694
v -0.51942915 -1.00009330 -0.30001136
v -0.73583028 -1.00012766 -0.65940083
v -0.73583028 -1.00012766 -0.65940083
v -0.51942915 -1.00009330 -0.30001136
v -0.77292831 -1.00013502 -0.64682653
v 0.42444835 -0.99991113 -0.42428919
v 0.70018088 -0.99985404 -0.66335411
v 0.51980130 -0.99989530 -0.30002652
v 0.51980130 -0.99989530 -0.30002652
v 0.70018088 -0.99985404 -0.66335411
v 0.73888339 -0.99984678 -0.65880860
v 0.51980130 -0.99989530 -0.30002652
v 0.73888339 -0.99984678 -0.65880860
v 0.76623289 -0.99984175 -0.64994246
v -0.86885970 0.99982377 0.56404164
v -0.83642937 0.99982927 0.60213883
v -0.51980135 0.99989530 0.30002652
v -0.97989487 0.99981083 0.13041472
v -0.57974369 0.99988664 0.15531882
v -0.98076910 0.99981111 0.11140275
v -0.98076910 0.99981111 0.11140275
v -0.57974369 0.99988664 0.15531882
v -0.60019046 0.99988570 0.00002769
v -0.97989487 0.99981083 0.13041472
v -0.97282995 0.99981045 0.22577711
v -0.57974369 0.99988664 0.15531882
v -0.57974369 0.99988664 0.15531882
v -0.97282995 0.99981045 0.22577711
v -0.96086990 0.99981101 0.31514040
v -0.57974369 0.99988664 0.15531882
v -0.96086990 0.99981101 0.31514040
v -0.51980135 0.99989530 0.30002652
v -0.51980135 0.99989530 0.30002652
v -0.96086990 0.99981101 0.31514040
v -0.94282534 0.99981287 0.39839069
v -0.51980135 0.99989530 0.30002652
v -0.94282534 0.99981287 0.39839069
v -0.93765967 0.99981353 0.41665947
v -0.57974826 0.99989250 -0.15526403
v -0.97644655 0.99981753 -0.18502440
v -0.60019046 0.99988570 0.00002769
v -0.60019046 0.99988570 0.00002769
v -0.97644655 0.99981753 -0.18502440
v -0.98275831 0.99981353 -0.03936005
v -0.60019046 0.99988570 0.00002769
v -0.98275831 0.99981353 -0.03936005
v -0.98076910 0.99981111 0.11140275
v -0.91534667 0.99983476 -0.47959168
v -0.93957148 0.99982880 -0.41008200
v -0.51981010 0.99990666 -0.29997348
v -0.51981010 0.99990666 -0.29997348
v -0.93957148 0.99982880 -0.41008200
v -0.94602276 0.99982712 -0.38609169
v -0.51981010 0.99990666 -0.29997348
v -0.94602276 0.99982712 -0.38609169
v -0.57974826 0.99989250 -0.15526403
v -0.57974826 0.99989250 -0.15526403
v -0.94602276 0.99982712 -0.38609169
v -0.96396152 0.99982200 -0.29609071
v -0.57974826 0.99989250 -0.15526403
v -0.96396152 0.99982200 -0.29609071
v -0.97644655 0.99981753 -0.18502440
v -0.93765967 0.99981353 0.41665947
v -0.91507398 0.99981660 0.48027076
v -0.51980135 0.99989530 0.30002652
v -0.51980135 0.99989530 0.30002652
v -0.91507398 0.99981660 0.48027076
v -0.89641511 0.99981939 0.51959902
v -0.51980135 0.99989530 0.30002652
v -0.89641511 0.99981939 0.51959902
v -0.86885970 0.99982377 0.56404164
v -0.70020016 0.99987919 -0.66329581
v -0.42446074 0.99992715 -0.42423890
v -0.30019803 0.99995267 -0.51959194
v 0.97951386 1.00018904 -0.13037683
v 0.57936274 1.00011332 -0.15528094
v 0.98038809 1.00018885 -0.11136486
v 0.98038809 1.00018885 -0.11136486
v 0.57936274 1.00011332 -0.15528094
v 0.59980960 1.00011425 0.00001019
v 0.42407978 1.00007271 0.42427680
v 0.29981711 1.00004729 0.51962980
v 0.69981925 1.00012077 0.66333371
v -0.30019803 0.99995267 -0.51959194
v -0.15549038 0.99998135 -0.57953428
v -0.70020016 0.99987919 -0.66329581
v -0.70020016 0.99987919 -0.66329581
v -0.15549038 0.99998135 -0.57953428
v -0.00019926 1.00001134 -0.59998101
v -0.70020016 0.99987919 -0.66329581
v -0.00019926 1.00001134 -0.59998101
v 0.69979993 1.00014582 -0.66331620
v 0.69979993 1.00014582 -0.66331620
v -0.00019926 1.00001134 -0.59998101
v 0.15509246 1.00004049 -0.57953880
v -0.83642937 0.99982927 0.60213883
v -0.82928389 0.99983048 0.60894191
v -0.51980135 0.99989530 0.30002652
v -0.51980135 0.99989530 0.30002652
v -0.82928389 0.99983048 0.60894191
v -0.79485597 0.99983653 0.63520111
v -0.51980135 0.99989530 0.30002652
v -0.79485597 0.99983653 0.63520111
v -0.77329041 0.99984044 0.64684912
v -0.76625184 0.99986633 -0.64988220
v -0.77816402 0.99986400 -0.64445990
v -0.51981010 0.99990666 -0.29997348
v -0.51981010 0.99990666 -0.29997348
v -0.77816402 0.99986400 -0.64445990
v -0.80363452 0.99985888 -0.62940535
v -0.51981010 0.99990666 -0.29997348
v -0.80363452 0.99985888 -0.62940535
v -0.82305633 0.99985488 -0.61441851
v 0.97951386 1.00018904 -0.13037683
v 0.97244894 1.00018950 -0.22573923
v 0.57936274 1.00011332 -0.15528094
v 0.57936274 1.00011332 -0.15528094
v 0.97244894 1.00018950 -0.22573923
v 0.96048890 1.00018894 -0.31510252
v 0.57936274 1.00011332 -0.15528094
v 0.96048890 1.00018894 -0.31510252
v 0.51942035 1.00010466 -0.29998864
v 0.57936725 1.00010745 0.15530192
v 0.97606545 1.00018242 0.18506229
v 0.59980960 1.00011425 0.00001019
v 0.59980960 1.00011425 0.00001019
v 0.97606545 1.00018242 0.18506229
v 0.98237731 1.00018634 0.03939795
v 0.59980960 1.00011425 0.00001019
v 0.98237731 1.00018634 0.03939795
v 0.98038809 1.00018885 -0.11136486
v 0.91496566 1.00016519 0.47962954
v 0.93919057 1.00017115 0.41011991
v 0.51942910 1.00009330 0.30001136
v 0.51942910 1.00009330 0.30001136
v 0.93919057 1.00017115 0.41011991
v 0.94564175 1.00017283 0.38612958
v 0.51942910 1.00009330 0.30001136
v 0.94564175 1.00017283 0.38612958
v 0.57936725 1.00010745 0.15530192
v 0.57936725 1.00010745 0.15530192
v 0.94564175 1.00017283 0.38612958
v 0.96358052 1.00017795 0.29612861
v 0.57936725 1.00010745 0.15530192
v 0.96358052 1.00017795 0.29612861
v 0.97606545 1.00018242 0.18506229
v 0.29981711 1.00004729 0.51962980
v 0.15510937 1.00001860 0.57957219
v 0.69981925 1.00012077 0.66333371
v 0.69981925 1.00012077 0.66333371
v 0.15510937 1.00001860 0.57957219
v -0.00018176 0.99998862 0.60001896
v 0.69981925 1.00012077 0.66333371
v -0.00018176 0.99998862 0.60001896
v -0.70018079 0.99985404 0.66335411
v -0.70018079 0.99985404 0.66335411
v -0.00018176 0.99998862 0.60001896
v -0.15547348 0.99995937 0.57957671
v -0.15547348 0.99995937 0.57957671
v -0.30018289 0.99993302 0.51963856
v -0.70018079 0.99985404 0.66335411
v -0.70018079 0.99985404 0.66335411
v -0.30018289 0.99993302 0.51963856
v -0.42444835 0.99991113 0.42428919
v -0.70018079 0.99985404 0.66335411
v -0.42444835 0.99991113 0.42428919
v -0.70715602 0.99985274 0.66320747
v -0.70715602 0.99985274 0.66320747
v -0.42444835 0.99991113 0.42428919
v -0.51980135 0.99989530 0.30002652
v -0.70715602 0.99985274 0.66320747
v -0.51980135 0.99989530 0.30002652
v -0.73619201 0.99984724 0.65942234
v -0.73619201 0.99984724 0.65942234
v -0.51980135 0.99989530 0.30002652
v -0.77329041 0.99984044 0.64684912
v -0.42446074 0.99992715 -0.42423890
v -0.70020016 0.99987919 -0.66329581
v -0.51981010 0.99990666 -0.29997348
v -0.51981010 0.99990666 -0.29997348
v -0.70020016 0.99987919 -0.66329581
v -0.73890258 0.99987173 -0.65874918
v -0.51981010 0.99990666 -0.29997348
v -0.73890258 0.99987173 -0.65874918
v -0.76625184 0.99986633 -0.64988220
v -0.82305633 0.99985488 -0.61441851
v -0.85822474 0.99984743 -0.57792859
v -0.51981010 0.99990666 -0.29997348
v -0.51981010 0.99990666 -0.29997348
v -0.85822474 0.99984743 -0.57792859
v -0.88526569 0.99984156 -0.53918636
v -0.51981010 0.99990666 -0.29997348
v -0.88526569 0.99984156 -0.53918636
v -0.91534667 0.99983476 -0.47959168
v 0.96048890 1.00018894 -0.31510252
v 0.94244443 1.00018708 -0.39835279
v 0.51942035 1.00010466 -0.29998864
v 0.51942035 1.00010466 -0.29998864
v 0.94244443 1.00018708 -0.39835279
v 0.93727866 1.00018643 -0.41662161
v 0.51942035 1.00010466 -0.29998864
v 0.93727866 1.00018643 -0.41662161
v 0.91469297 1.00018336 -0.48023290
v 0.76587088 1.00013353 0.64992006
v 0.77778297 1.00013595 0.64449781
v 0.51942910 1.00009330 0.30001136
v 0.51942910 1.00009330 0.30001136
v 0.77778297 1.00013595 0.64449781
v 0.80325352 1.00014107 0.62944326
v 0.51942910 1.00009330 0.30001136
v 0.80325352 1.00014107 0.62944326
v 0.82267523 1.00014508 0.61445637
v 0.91469297 1.00018336 -0.48023290
v 0.89603411 1.00018056 -0.51956116
v 0.51942035 1.00010466 -0.29998864
v 0.51942035 1.00010466 -0.29998864
v 0.89603411 1.00018056 -0.51956116
v 0.86847860 1.00017609 -0.56400374
v 0.51942035 1.00010466 -0.29998864
v 0.86847860 1.00017609 -0.56400374
v 0.83604846 1.00017069 -0.60210098
v 0.42407978 1.00007271 0.42427680
v 0.69981925 1.00012077 0.66333371
v 0.51942910 1.00009330 0.30001136
v 0.51942910 1.00009330 0.30001136
v 0.69981925 1.00012077 0.66333371
v 0.73852162 1.00012822 0.65878704
v 0.51942910 1.00009330 0.30001136
v 0.73852162 1.00012822 0.65878704
v 0.76587088 1.00013353 0.64992006
v 0.82267523 1.00014508 0.61445637
v 0.85784374 1.00015244 0.57796650
v 0.51942910 1.00009330 0.30001136
v 0.51942910 1.00009330 0.30001136
v 0.85784374 1.00015244 0.57796650
v 0.88488469 1.00015830 0.53922422
v 0.51942910 1.00009330 0.30001136
v 0.88488469 1.00015830 0.53922422
v 0.91496566 1.00016519 0.47962954
v 0.83604846 1.00017069 -0.60210098
v 0.82890289 1.00016939 -0.60890401
v 0.51942035 1.00010466 -0.29998864
v 0.51942035 1.00010466 -0.29998864
v 0.82890289 1.00016939 -0.60890401
v 0.79447506 1.00016333 -0.63516325
v 0.51942035 1.00010466 -0.29998864
v 0.79447506 1.00016333 -0.63516325
v 0.77290935 1.00015951 -0.64681116
v 0.15509246 1.00004049 -0.57953880
v 0.29980196 1.00006694 -0.51960070
v 0.69979993 1.00014582 -0.66331620
v 0.69979993 1.00014582 -0.66331620
v 0.29980196 1.00006694 -0.51960070
v 0.42406740 1.00008883 -0.42425129
v 0.69979993 1.00014582 -0.66331620
v 0.42406740 1.00008883 -0.42425129
v 0.70677497 1.00014722 -0.66316966
v 0.70677497 1.00014722 -0.66316966
v 0.42406740 1.00008883 -0.42425129
v 0.51942035 1.00010466 -0.29998864
v 0.70677497 1.00014722 -0.66316966
v 0.51942035 1.00010466 -0.29998864
v 0.73581105 1.00015262 -0.65938444
v 0.73581105 1.00015262 -0.65938444
v 0.51942035 1.00010466 -0.29998864
v 0.77290935 1.00015951 -0.64681116
v 0.99983113 0.86821727 -0.23777401
v 0.99982824 0.89216251 -0.11995594
v 0.99990647 0.47993963 -0.14087176
v 0.99990647 0.47993963 -0.14087176
v 0.99982824 0.89216251 -0.11995594
v 0.99990470 0.50019044 -0.00000511
v 0.99983113 0.86821727 -0.23777401
v 0.99990647 0.47993963 -0.14087176
v 0.99983700 0.82878210 -0.35134922
v 0.99983700 0.82878210 -0.35134922
v 0.99990647 0.47993963 -0.14087176
v 0.99991588 0.42082234 -0.27032704
v 0.99983700 0.82878210 -0.35134922
v 0.99991588 0.42082234 -0.27032704
v 0.99984575 0.77456059 -0.45865490
v 0.99984575 0.77456059 -0.45865490
v 0.99991588 0.42082234 -0.27032704
v 0.99985730 0.70652049 -0.55777612
v 0.99985730 0.70652049 -0.55777612
v 0.99991588 0.42082234 -0.27032704
v 0.99993208 0.32762799 -0.37788316
v 0.99985730 0.70652049 -0.55777612
v 0.99993208 0.32762799 -0.37788316
v 0.99987136 0.62587592 -0.64694406
v 0.99987136 0.62587592 -0.64694406
v 0.99993208 0.32762799 -0.37788316
v 0.99988766 0.53406595 -0.72456752
v 0.99988766 0.53406595 -0.72456752
v 0.99993208 0.32762799 -0.37788316
v 0.99995378 0.20790659 -0.45482665
v 0.99988766 0.53406595 -0.72456752
v 0.99995378 0.20790659 -0.45482665
v 0.99990601 0.43272902 -0.78926133
v 0.99997921 0.07135728 -0.49492395
v 0.99994745 0.20884520 -0.87549342
v 0.99995378 0.20790659 -0.45482665
v 0.99995378 0.20790659 -0.45482665
v 0.99994745 0.20884520 -0.87549342
v 0.99992603 0.32367338 -0.83987098
v 0.99995378 0.20790659 -0.45482665
v 0.99992603 0.32367338 -0.83987098
v 0.99990601 0.43272902 -0.78926133
v 1.00000631 -0.07095756 -0.49492666
v 0.99999253 -0.02986596 -0.89951251
v 0.99997921 0.07135728 -0.49492395
v 0.99997921 0.07135728 -0.49492395
v 0.99999253 -0.02986596 -0.89951251
v 0.99996971 0.09029357 -0.89549292
v 0.99997921 0.07135728 -0.49492395
v 0.99996971 0.09029357 -0.89549292
v 0.99994745 0.20884520 -0.87549342
v 1.00008110 -0.48406925 -0.75862682
v 1.00003285 -0.20750840 -0.45483452
v 1.00005679 -0.32723271 -0.37789557
v 1.00013558 -0.74980007 -0.49752253
v 1.00007616 -0.42043114 -0.27034297
v 1.00014703 -0.80306875 -0.40593892
v 1.00014703 -0.80306875 -0.40593892
v 1.00007616 -0.42043114 -0.27034297
v 1.00008929 -0.47955331 -0.14088993
v 1.00014703 -0.80306875 -0.40593892
v 1.00008929 -0.47955331 -0.14088993
v 1.00015756 -0.85000601 -0.29525305
v 1.00008110 -0.48406925 -0.75862682
v 1.00006023 -0.37863532 -0.81640361
v 1.00003285 -0.20750840 -0.45483452
v 1.00003285 -0.20750840 -0.45483452
v 1.00006023 -0.37863532 -0.81640361
v 1.00003816 -0.26644124 -0.85961185
v 1.00003285 -0.20750840 -0.45483452
v 1.00003816 -0.26644124 -0.85961185
v 1.00000631 -0.07095756 -0.49492666
v 1.00000631 -0.07095756 -0.49492666
v 1.00003816 -0.26644124 -0.85961185
v 1.00001553 -0.14948911 -0.88748056
v 1.00000631 -0.07095756 -0.49492666
v 1.00001553 -0.14948911 -0.88748056
v 0.99999253 -0.02986596 -0.89951251
v 1.00013558 -0.74980007 -0.49752253
v 1.00013381 -0.74179727 -0.50938101
v 1.00007616 -0.42043114 -0.27034297
v 1.00007616 -0.42043114 -0.27034297
v 1.00013381 -0.74179727 -0.50938101
v 1.00011826 -0.66728499 -0.60373349
v 1.00007616 -0.42043114 -0.27034297
v 1.00011826 -0.66728499 -0.60373349
v 1.00005679 -0.32723271 -0.37789557
v 1.00005679 -0.32723271 -0.37789557
v 1.00011826 -0.66728499 -0.60373349
v 1.00010056 -0.58086156 -0.68731252
v 1.00005679 -0.32723271 -0.37789557
v 1.00010056 -0.58086156 -0.68731252
v 1.00008110 -0.48406925 -0.75862682
v 1.00009516 -0.49980949 -0.00002405
v 1.00017013 -0.89779850 -0.06014495
v 1.00008929 -0.47955331 -0.14088993
v 1.00008929 -0.47955331 -0.14088993
v 1.00017013 -0.89779850 -0.06014495
v 1.00016529 -0.88177165 -0.17929868
v 1.00008929 -0.47955331 -0.14088993
v 1.00016529 -0.88177165 -0.17929868
v 1.00015756 -0.85000601 -0.29525305
v 0.99995052 0.32364158 0.83985412
v 0.99997297 0.20881204 0.87547218
v 0.99996701 0.20788936 0.45480537
v 0.99996701 0.20788936 0.45480537
v 0.99997297 0.20881204 0.87547218
v 0.99999364 0.07133854 0.49489751
v 1.00009339 -0.47955862 0.14084261
v 1.00017060 -0.88177845 0.17923610
v 1.00009516 -0.49980949 -0.00002405
v 1.00009516 -0.49980949 -0.00002405
v 1.00017060 -0.88177845 0.17923610
v 1.00017190 -0.89780083 0.06008179
v 1.00009516 -0.49980949 -0.00002405
v 1.00017190 -0.89780083 0.06008179
v 1.00017013 -0.89779850 -0.06014495
v 1.00008398 -0.42044139 0.27029787
v 1.00015886 -0.80308411 0.40587932
v 1.00009339 -0.47955862 0.14084261
v 1.00009339 -0.47955862 0.14084261
v 1.00015886 -0.80308411 0.40587932
v 1.00016622 -0.85001728 0.29519170
v 1.00009339 -0.47955862 0.14084261
v 1.00016622 -0.85001728 0.29519170
v 1.00017060 -0.88177845 0.17923610
v 1.00006331 -0.26647381 0.85957265
v 1.00004617 -0.20752561 0.45479750
v 1.00002075 -0.07097631 0.49489480
v 0.99997297 0.20881204 0.87547218
v 0.99999588 0.09025965 0.89546712
v 0.99999364 0.07133854 0.49489751
v 0.99999364 0.07133854 0.49489751
v 0.99999588 0.09025965 0.89546712
v 1.00001879 -0.02990003 0.89948224
v 0.99999364 0.07133854 0.49489751
v 1.00001879 -0.02990003 0.89948224
v 1.00002075 -0.07097631 0.49489480
v 1.00002075 -0.07097631 0.49489480
v 1.00001879 -0.02990003 0.89948224
v 1.00004142 -0.14952273 0.88744583
v 1.00002075 -0.07097631 0.49489480
v 1.00004142 -0.14952273 0.88744583
v 1.00006331 -0.26647381 0.85957265
v 0.99992380 0.42081214 0.27031379
v 0.99991057 0.47993427 0.14086078
v 0.99984724 0.82876878 0.35135148
v 0.99982824 0.89216251 -0.11995594
v 0.99982852 0.90019042 0.00000247
v 0.99990470 0.50019044 -0.00000511
v 0.99990470 0.50019044 -0.00000511
v 0.99982852 0.90019042 0.00000247
v 0.99983178 0.89215795 0.11996058
v 0.99990470 0.50019044 -0.00000511
v 0.99983178 0.89215795 0.11996058
v 0.99991057 0.47993427 0.14086078
v 0.99991057 0.47993427 0.14086078
v 0.99983178 0.89215795 0.11996058
v 0.99983802 0.86820824 0.23777771
v 0.99991057 0.47993427 0.14086078
v 0.99983802 0.86820824 0.23777771
v 0.99984724 0.82876878 0.35135148
v 1.00006778 -0.32724703 0.37785401
v 1.00013586 -0.66730785 0.60367901
v 1.00008398 -0.42044139 0.27029787
v 1.00008398 -0.42044139 0.27029787
v 1.00013586 -0.66730785 0.60367901
v 1.00014871 -0.74181654 0.50932374
v 1.00008398 -0.42044139 0.27029787
v 1.00014871 -0.74181654 0.50932374
v 1.00015886 -0.80308411 0.40587932
v 1.00006331 -0.26647381 0.85957265
v 1.00008398 -0.37866624 0.81636002
v 1.00004617 -0.20752561 0.45479750
v 1.00004617 -0.20752561 0.45479750
v 1.00008398 -0.37866624 0.81636002
v 1.00010326 -0.48409798 0.75857928
v 1.00004617 -0.20752561 0.45479750
v 1.00010326 -0.48409798 0.75857928
v 1.00006778 -0.32724703 0.37785401
v 1.00006778 -0.32724703 0.37785401
v 1.00010326 -0.48409798 0.75857928
v 1.00012068 -0.58088759 0.68726139
v 1.00006778 -0.32724703 0.37785401
v 1.00012068 -0.58088759 0.68726139
v 1.00013586 -0.66730785 0.60367901
v 0.99995052 0.32364158 0.83985412
v 0.99996701 0.20788936 0.45480537
v 0.99992901 0.43269908 0.78924857
v 0.99992901 0.43269908 0.78924857
v 0.99996701 0.20788936 0.45480537
v 0.99994307 0.32761369 0.37786642
v 0.99992901 0.43269908 0.78924857
v 0.99994307 0.32761369 0.37786642
v 0.99990880 0.53403853 0.72455858
v 0.99984724 0.82876878 0.35135148
v 0.99985916 0.77454322 0.45865509
v 0.99992380 0.42081214 0.27031379
v 0.99992380 0.42081214 0.27031379
v 0.99985916 0.77454322 0.45865509
v 0.99987350 0.70649940 0.55777370
v 0.99992380 0.42081214 0.27031379
v 0.99987350 0.70649940 0.55777370
v 0.99994307 0.32761369 0.37786642
v 0.99994307 0.32761369 0.37786642
v 0.99987350 0.70649940 0.55777370
v 0.99989017 0.62585138 0.64693857
v 0.99994307 0.32761369 0.37786642
v 0.99989017 0.62585138 0.64693857
v 0.99990880 0.53403853 0.72455858
v -0.99984109 -0.80346512 0.40590847
v -0.99991588 -0.42082234 0.27032702
v -0.99990657 -0.47993963 0.14087176
v -0.99990470 -0.50019044 0.00000510
v -0.99982936 -0.88215945 0.17926525
v -0.99990657 -0.47993963 0.14087176
v -0.99990657 -0.47993963 0.14087176
v -0.99982936 -0.88215945 0.17926525
v -0.99983374 -0.85039819 0.29522085
v -0.99990657 -0.47993963 0.14087176
v -0.99983374 -0.85039819 0.29522085
v -0.99984109 -0.80346512 0.40590847
v -0.99998442 -0.14987009 -0.88745141
v -0.99996170 -0.26682222 -0.85958270
v -0.99999364 -0.07133854 -0.49489751
v -0.99999364 -0.07133854 -0.49489751
v -0.99996170 -0.26682222 -0.85958270
v -0.99996701 -0.20788936 -0.45480537
v -0.99998442 -0.14987009 -0.88745141
v -0.99999364 -0.07133854 -0.49489751
v -1.00000734 -0.03024693 -0.89948336
v -1.00000734 -0.03024693 -0.89948336
v -0.99999364 -0.07133854 -0.49489751
v -1.00002075 0.07097631 -0.49489480
v -1.00000734 -0.03024693 -0.89948336
v -1.00002075 0.07097631 -0.49489480
v -1.00003015 0.08991259 -0.89546377
v -0.99997921 -0.07135728 0.49492395
v -0.99995378 -0.20790659 0.45482665
v -0.99993665 -0.26685477 0.85960180
v -0.99993208 -0.32762799 0.37788316
v -0.99989669 -0.48447894 0.75860843
v -0.99995378 -0.20790659 0.45482665
v -0.99995378 -0.20790659 0.45482665
v -0.99989669 -0.48447894 0.75860843
v -0.99991588 -0.37904722 0.81638917
v -0.99995378 -0.20790659 0.45482665
v -0.99991588 -0.37904722 0.81638917
v -0.99993665 -0.26685477 0.85960180
v -0.99984109 -0.80346512 0.40590847
v -0.99985125 -0.74219755 0.50935289
v -0.99991588 -0.42082234 0.27032702
v -0.99991588 -0.42082234 0.27032702
v -0.99985125 -0.74219755 0.50935289
v -0.99986400 -0.66768881 0.60370816
v -0.99991588 -0.42082234 0.27032702
v -0.99986400 -0.66768881 0.60370816
v -0.99993208 -0.32762799 0.37788316
v -0.99993208 -0.32762799 0.37788316
v -0.99986400 -0.66768881 0.60370816
v -0.99987928 -0.58126855 0.68729054
v -0.99993208 -0.32762799 0.37788316
v -0.99987928 -0.58126855 0.68729054
v -0.99989669 -0.48447894 0.75860843
v -0.99984230 -0.85038701 -0.29522390
v -0.99983457 -0.88215265 -0.17926953
v -0.99991066 -0.47993427 -0.14086078
v -0.99991066 -0.47993427 -0.14086078
v -0.99983457 -0.88215265 -0.17926953
v -0.99982983 -0.89817951 -0.06011579
v -0.99991066 -0.47993427 -0.14086078
v -0.99982983 -0.89817951 -0.06011579
v -0.99990470 -0.50019044 0.00000510
v -0.99990470 -0.50019044 0.00000510
v -0.99982983 -0.89817951 -0.06011579
v -0.99982806 -0.89818174 0.06011095
v -0.99990470 -0.50019044 0.00000510
v -0.99982806 -0.89818174 0.06011095
v -0.99982936 -0.88215945 0.17926525
v -0.99984230 -0.85038701 -0.29522390
v -0.99991066 -0.47993427 -0.14086078
v -0.99985292 -0.80344975 -0.40590977
v -0.99985292 -0.80344975 -0.40590977
v -0.99991066 -0.47993427 -0.14086078
v -0.99992380 -0.42081214 -0.27031382
v -0.99985292 -0.80344975 -0.40590977
v -0.99992380 -0.42081214 -0.27031382
v -0.99986438 -0.75018103 -0.49749338
v -0.99996170 -0.26682222 -0.85958270
v -0.99993972 -0.37901630 -0.81637446
v -0.99996701 -0.20788936 -0.45480537
v -0.99996701 -0.20788936 -0.45480537
v -0.99993972 -0.37901630 -0.81637446
v -0.99991877 -0.48445021 -0.75859767
v -0.99996701 -0.20788936 -0.45480537
v -0.99991877 -0.48445021 -0.75859767
v -0.99994307 -0.32761369 -0.37786639
v -1.00009525 0.49980949 0.00002405
v -1.00017143 0.89980941 0.00003162
v -1.00017162 0.89178151 -0.11992679
v -0.99991877 -0.48445021 -0.75859767
v -0.99989930 -0.58124252 -0.68728337
v -0.99994307 -0.32761369 -0.37786639
v -0.99994307 -0.32761369 -0.37786639
v -0.99989930 -0.58124252 -0.68728337
v -0.99988161 -0.66766595 -0.60370434
v -0.99994307 -0.32761369 -0.37786639
v -0.99988161 -0.66766595 -0.60370434
v -0.99992380 -0.42081214 -0.27031382
v -0.99992380 -0.42081214 -0.27031382
v -0.99988161 -0.66766595 -0.60370434
v -0.99986605 -0.74217822 -0.50935186
v -0.99992380 -0.42081214 -0.27031382
v -0.99986605 -0.74217822 -0.50935186
v -0.99986438 -0.75018103 -0.49749338
v -1.00003015 0.08991259 -0.89546377
v -1.00002075 0.07097631 -0.49489480
v -1.00005250 0.20846424 -0.87546427
v -1.00005250 0.20846424 -0.87546427
v -1.00002075 0.07097631 -0.49489480
v -1.00004617 0.20752561 -0.45479750
v -1.00005250 0.20846424 -0.87546427
v -1.00004617 0.20752561 -0.45479750
v -1.00007383 0.32329243 -0.83984183
v -1.00009525 0.49980949 0.00002405
v -1.00017162 0.89178151 -0.11992679
v -1.00009339 0.47955862 -0.14084260
v -1.00006787 0.32724703 -0.37785401
v -1.00008408 0.42044139 -0.27029789
v -1.00014266 0.70613953 -0.55774697
v -1.00017162 0.89178151 -0.11992679
v -1.00016883 0.86783627 -0.23774486
v -1.00009339 0.47955862 -0.14084260
v -1.00009339 0.47955862 -0.14084260
v -1.00016883 0.86783627 -0.23774486
v -1.00016296 0.82840109 -0.35132007
v -1.00009339 0.47955862 -0.14084260
v -1.00016296 0.82840109 -0.35132007
v -1.00008408 0.42044139 -0.27029789
v -1.00008408 0.42044139 -0.27029789
v -1.00016296 0.82840109 -0.35132007
v -1.00015420 0.77417963 -0.45862575
v -1.00008408 0.42044139 -0.27029789
v -1.00015420 0.77417963 -0.45862575
v -1.00014266 0.70613953 -0.55774697
v -1.00017143 0.89980941 0.00003162
v -1.00009525 0.49980949 0.00002405
v -1.00016817 0.89177694 0.11998973
v -1.00016817 0.89177694 0.11998973
v -1.00009525 0.49980949 0.00002405
v -1.00008929 0.47955331 0.14088994
v -1.00016817 0.89177694 0.11998973
v -1.00008929 0.47955331 0.14088994
v -1.00016184 0.86782724 0.23780689
v -1.00016184 0.86782724 0.23780689
v -1.00008929 0.47955331 0.14088994
v -1.00015271 0.82838777 0.35138063
v -1.00015271 0.82838777 0.35138063
v -1.00008929 0.47955331 0.14088994
v -1.00007616 0.42043114 0.27034294
v -1.00015271 0.82838777 0.35138063
v -1.00007616 0.42043114 0.27034294
v -1.00014079 0.77416222 0.45868424
v -1.00014266 0.70613953 -0.55774697
v -1.00012859 0.62549491 -0.64691491
v -1.00006787 0.32724703 -0.37785401
v -1.00006787 0.32724703 -0.37785401
v -1.00012859 0.62549491 -0.64691491
v -1.00011220 0.53368500 -0.72453837
v -1.00006787 0.32724703 -0.37785401
v -1.00011220 0.53368500 -0.72453837
v -1.00004617 0.20752561 -0.45479750
v -1.00004617 0.20752561 -0.45479750
v -1.00011220 0.53368500 -0.72453837
v -1.00009385 0.43234802 -0.78923218
v -1.00004617 0.20752561 -0.45479750
v -1.00009385 0.43234802 -0.78923218
v -1.00007383 0.32329243 -0.83984183
v -1.00014079 0.77416222 0.45868424
v -1.00007616 0.42043114 0.27034294
v -1.00012636 0.70611839 0.55780285
v -1.00012636 0.70611839 0.55780285
v -1.00007616 0.42043114 0.27034294
v -1.00005688 0.32723271 0.37789557
v -1.00012636 0.70611839 0.55780285
v -1.00005688 0.32723271 0.37789557
v -1.00010969 0.62547042 0.64696772
v -1.00003295 0.20750840 0.45483452
v -1.00000631 0.07095756 0.49492666
v -1.00002699 0.20843106 0.87550133
v -0.99993665 -0.26685477 0.85960180
v -0.99995853 -0.14990370 0.88747498
v -0.99997921 -0.07135728 0.49492395
v -0.99997921 -0.07135728 0.49492395
v -0.99995853 -0.14990370 0.88747498
v -0.99998116 -0.03028100 0.89951139
v -0.99997921 -0.07135728 0.49492395
v -0.99998116 -0.03028100 0.89951139
v -1.00000631 0.07095756 0.49492666
v -1.00000631 0.07095756 0.49492666
v -0.99998116 -0.03028100 0.89951139
v -1.00000408 0.08987868 0.89549627
v -1.00000631 0.07095756 0.49492666
v -1.00000408 0.08987868 0.89549627
v -1.00002699 0.20843106 0.87550133
v -1.00002699 0.20843106 0.87550133
v -1.00004934 0.32326060 0.83988328
v -1.00003295 0.20750840 0.45483452
v -1.00003295 0.20750840 0.45483452
v -1.00004934 0.32326060 0.83988328
v -1.00007085 0.43231812 0.78927772
v -1.00003295 0.20750840 0.45483452
v -1.00007085 0.43231812 0.78927772
v -1.00005688 0.32723271 0.37789557
v -1.00005688 0.32723271 0.37789557
v -1.00007085 0.43231812 0.78927772
v -1.00009115 0.53365752 0.72458773
v -1.00005688 0.32723271 0.37789557
v -1.00009115 0.53365752 0.72458773
v -1.00010969 0.62547042 0.64696772
v 0.59980960 1.00011425 0.00001019
v 0.60019055 -0.99988570 -0.00002769
v 0.57936725 1.00010745 0.15530192
v 0.57936725 1.00010745 0.15530192
v 0.60019055 -0.99988570 -0.00002769
v 0.57974826 -0.99989250 0.15526403
v 0.57936725 1.00010745 0.15530192
v 0.57974826 -0.99989250 0.15526403
v 0.51942910 1.00009330 0.30001136
v 0.51942910 1.00009330 0.30001136
v 0.57974826 -0.99989250 0.15526403
v 0.51981006 -0.99990666 0.29997348
v 0.51942910 1.00009330 0.30001136
v 0.51981006 -0.99990666 0.29997348
v 0.42407978 1.00007271 0.42427680
v 0.42407978 1.00007271 0.42427680
v 0.51981006 -0.99990666 0.29997348
v 0.42446074 -0.99992715 0.42423895
v 0.42407978 1.00007271 0.42427680
v 0.42446074 -0.99992715 0.42423895
v 0.29981711 1.00004729 0.51962980
v 0.29981711 1.00004729 0.51962980
v 0.42446074 -0.99992715 0.42423895
v 0.30019809 -0.99995267 0.51959194
v 0.29981711 1.00004729 0.51962980
v 0.30019809 -0.99995267 0.51959194
v 0.15510937 1.00001860 0.57957219
v 0.15510937 1.00001860 0.57957219
v 0.30019809 -0.99995267 0.51959194
v 0.15549033 -0.99998135 0.57953428
v 0.15510937 1.00001860 0.57957219
v 0.15549033 -0.99998135 0.57953428
v -0.00018176 0.99998862 0.60001896
v -0.00018176 0.99998862 0.60001896
v 0.15549033 -0.99998135 0.57953428
v 0.00019921 -1.00001134 0.59998105
v -0.00018176 0.99998862 0.60001896
v 0.00019921 -1.00001134 0.59998105
v -0.15547348 0.99995937 0.57957671
v -0.15547348 0.99995937 0.57957671
v 0.00019921 -1.00001134 0.59998105
v -0.15509251 -1.00004049 0.57953880
v -0.15547348 0.99995937 0.57957671
v -0.15509251 -1.00004049 0.57953880
v -0.30018289 0.99993302 0.51963856
v -0.30018289 0.99993302 0.51963856
v -0.15509251 -1.00004049 0.57953880
v -0.29980191 -1.00006694 0.51960070
v -0.30018289 0.99993302 0.51963856
v -0.29980191 -1.00006694 0.51960070
v -0.42444835 0.99991113 0.42428919
v -0.42444835 0.99991113 0.42428919
v -0.29980191 -1.00006694 0.51960070
v -0.42406740 -1.00008883 0.42425129
v -0.42444835 0.99991113 0.42428919
v -0.42406740 -1.00008883 0.42425129
v -0.51980135 0.99989530 0.30002652
v -0.51980135 0.99989530 0.30002652
v -0.42406740 -1.00008883 0.42425129
v -0.51942039 -1.00010466 0.29998864
v -0.51980135 0.99989530 0.30002652
v -0.51942039 -1.00010466 0.29998864
v -0.57974369 0.99988664 0.15531882
v -0.57974369 0.99988664 0.15531882
v -0.51942039 -1.00010466 0.29998864
v -0.57936274 -1.00011332 0.15528093
v -0.57974369 0.99988664 0.15531882
v -0.57936274 -1.00011332 0.15528093
v -0.60019046 0.99988570 0.00002769
v -0.60019046 0.99988570 0.00002769
v -0.57936274 -1.00011332 0.15528093
v -0.59980950 -1.00011425 -0.00001020
v -0.60019046 0.99988570 0.00002769
v -0.59980950 -1.00011425 -0.00001020
v -0.57974826 0.99989250 -0.15526403
v -0.57974826 0.99989250 -0.15526403
v -0.59980950 -1.00011425 -0.00001020
v -0.57936725 -1.00010745 -0.15530193
v -0.57974826 0.99989250 -0.15526403
v -0.57936725 -1.00010745 -0.15530193
v -0.51981010 0.99990666 -0.29997348
v -0.51981010 0.99990666 -0.29997348
v -0.57936725 -1.00010745 -0.15530193
v -0.51942915 -1.00009330 -0.30001136
v -0.51981010 0.99990666 -0.29997348
v -0.51942915 -1.00009330 -0.30001136
v -0.42446074 0.99992715 -0.42423890
v -0.42446074 0.99992715 -0.42423890
v -0.51942915 -1.00009330 -0.30001136
v -0.42407974 -1.00007271 -0.42427680
v -0.42446074 0.99992715 -0.42423890
v -0.42407974 -1.00007271 -0.42427680
v -0.30019803 0.99995267 -0.51959194
v -0.30019803 0.99995267 -0.51959194
v -0.42407974 -1.00007271 -0.42427680
v -0.29981707 -1.00004729 -0.51962985
v -0.30019803 0.99995267 -0.51959194
v -0.29981707 -1.00004729 -0.51962985
v -0.15549038 0.99998135 -0.57953428
v -0.15549038 0.99998135 -0.57953428
v -0.29981707 -1.00004729 -0.51962985
v -0.15510941 -1.00001860 -0.57957214
v -0.15549038 0.99998135 -0.57953428
v -0.15510941 -1.00001860 -0.57957214
v -0.00019926 1.00001134 -0.59998101
v -0.00019926 1.00001134 -0.59998101
v -0.15510941 -1.00001860 -0.57957214
v 0.00018172 -0.99998862 -0.60001891
v -0.00019926 1.00001134 -0.59998101
v 0.00018172 -0.99998862 -0.60001891
v 0.15509246 1.00004049 -0.57953880
v 0.15509246 1.00004049 -0.57953880
v 0.00018172 -0.99998862 -0.60001891
v 0.15547344 -0.99995937 -0.57957666
v 0.15509246 1.00004049 -0.57953880
v 0.15547344 -0.99995937 -0.57957666
v 0.29980196 1.00006694 -0.51960070
v 0.29980196 1.00006694 -0.51960070
v 0.15547344 -0.99995937 -0.57957666
v 0.30018294 -0.99993302 -0.51963860
v 0.29980196 1.00006694 -0.51960070
v 0.30018294 -0.99993302 -0.51963860
v 0.42406740 1.00008883 -0.42425129
v 0.42406740 1.00008883 -0.42425129
v 0.30018294 -0.99993302 -0.51963860
v 0.42444835 -0.99991113 -0.42428919
v 0.42406740 1.00008883 -0.42425129
v 0.42444835 -0.99991113 -0.42428919
v 0.51942035 1.00010466 -0.29998864
v 0.51942035 1.00010466 -0.29998864
v 0.42444835 -0.99991113 -0.42428919
v 0.51980130 -0.99989530 -0.30002652
v 0.51942035 1.00010466 -0.29998864
v 0.51980130 -0.99989530 -0.30002652
v 0.57936274 1.00011332 -0.15528094
v 0.57936274 1.00011332 -0.15528094
v 0.51980130 -0.99989530 -0.30002652
v 0.57974369 -0.99988664 -0.15531882
v 0.57936274 1.00011332 -0.15528094
v 0.57974369 -0.99988664 -0.15531882
v 0.59980960 1.00011425 0.00001019
v 0.59980960 1.00011425 0.00001019
v 0.57974369 -0.99988664 -0.15531882
v 0.60019055 -0.99988570 -0.00002769
v -0.70020016 0.99987919 -0.66329581
v 0.69979993 1.00014582 -0.66331620
v -0.70019020 0.94163995 -0.74367183
v -0.70019020 0.94163995 -0.74367183
v 0.69979993 1.00014582 -0.66331620
v 0.69980985 0.94190668 -0.74369223
v -0.70019020 0.94163995 -0.74367183
v 0.69980985 0.94190668 -0.74369223
v -0.70017702 0.86571025 -0.83084172
v -0.70017702 0.86571025 -0.83084172
v 0.69980985 0.94190668 -0.74369223
v 0.69982302 0.86597698 -0.83086211
v -0.70017702 0.86571025 -0.83084172
v 0.69982302 0.86597698 -0.83086211
v -0.70017148 0.83411392 -0.86256238
v -0.70017148 0.83411392 -0.86256238
v 0.69982302 0.86597698 -0.83086211
v 0.69982861 0.83438056 -0.86258277
v -0.70017148 0.83411392 -0.86256238
v 0.69982861 0.83438056 -0.86258277
v -0.70014969 0.71170065 -0.96606035
v -0.70014969 0.71170065 -0.96606035
v 0.69982861 0.83438056 -0.86258277
v 0.69985040 0.71196733 -0.96608074
v -0.70014969 0.71170065 -0.96606035
v 0.69985040 0.71196733 -0.96608074
v -0.70014824 0.70383851 -0.97180437
v -0.70014824 0.70383851 -0.97180437
v 0.69985040 0.71196733 -0.96608074
v 0.69985180 0.70410515 -0.97182477
v -0.70014824 0.70383851 -0.97180437
v 0.69985180 0.70410515 -0.97182477
v -0.70012519 0.57658469 -1.05231879
v -0.70012519 0.57658469 -1.05231879
v 0.69985180 0.70410515 -0.97182477
v 0.69987490 0.57685138 -1.05233919
v -0.70012519 0.57658469 -1.05231879
v 0.69987490 0.57685138 -1.05233919
v -0.70011471 0.51944312 -1.08167380
v -0.70011471 0.51944312 -1.08167380
v 0.69987490 0.57685138 -1.05233919
v 0.69988533 0.51970980 -1.08169420
v -0.70011471 0.51944312 -1.08167380
v 0.69988533 0.51970980 -1.08169420
v -0.70009846 0.43117721 -1.11979833
v -0.70009846 0.43117721 -1.11979833
v 0.69988533 0.51970980 -1.08169420
v 0.69990158 0.43144389 -1.11981872
v -0.70009846 0.43117721 -1.11979833
v 0.69990158 0.43144389 -1.11981872
v -0.70007751 0.31842387 -1.15693463
v -0.70007751 0.31842387 -1.15693463
v 0.69990158 0.43144389 -1.11981872
v 0.69992254 0.31869055 -1.15695503
v -0.70007751 0.31842387 -1.15693463
v 0.69992254 0.31869055 -1.15695503
v -0.70007001 0.27807294 -1.16729485
v -0.70007001 0.27807294 -1.16729485
v 0.69992254 0.31869055 -1.15695503
v 0.69993008 0.27833963 -1.16731534
v -0.70007001 0.27807294 -1.16729485
v 0.69993008 0.27833963 -1.16731534
v -0.70004025 0.12000409 -1.19396094
v -0.70004025 0.12000409 -1.19396094
v 0.69993008 0.27833963 -1.16731534
v 0.69995979 0.12027078 -1.19398134
v -0.70004025 0.12000409 -1.19396094
v 0.69995979 0.12027078 -1.19398134
v -0.70003783 0.10721233 -1.19517883
v -0.70003783 0.10721233 -1.19517883
v 0.69995979 0.12027078 -1.19398134
v 0.69996221 0.10747901 -1.19519923
v -0.70003783 0.10721233 -1.19517883
v 0.69996221 0.10747901 -1.19519923
v -0.70000985 -0.04020860 -1.19932042
v -0.70000985 -0.04020860 -1.19932042
v 0.69996221 0.10747901 -1.19519923
v 0.69999024 -0.03994192 -1.19934082
v -0.70000985 -0.04020860 -1.19932042
v 0.69999024 -0.03994192 -1.19934082
v -0.69999695 -0.10743374 -1.19518293
v -0.69999695 -0.10743374 -1.19518293
v 0.69999024 -0.03994192 -1.19934082
v 0.70000309 -0.10716707 -1.19520333
v -0.69999695 -0.10743374 -1.19518293
v 0.70000309 -0.10716707 -1.19520333
v -0.69997921 -0.19970615 -1.18327793
v -0.69997921 -0.19970615 -1.18327793
v 0.70000309 -0.10716707 -1.19520333
v 0.70002084 -0.19943947 -1.18329832
v -0.69997921 -0.19970615 -1.18327793
v 0.70002084 -0.19943947 -1.18329832
v -0.69995616 -0.31864673 -1.15694674
v -0.69995616 -0.31864673 -1.15694674
v 0.70002084 -0.19943947 -1.18329832
v 0.70004389 -0.31838005 -1.15696713
v -0.69995616 -0.31864673 -1.15694674
v 0.70004389 -0.31838005 -1.15696713
v -0.69994899 -0.35564231 -1.14611946
v -0.69994899 -0.35564231 -1.14611946
v 0.70004389 -0.31838005 -1.15696713
v 0.70005110 -0.35537563 -1.14613986
v -0.69994899 -0.35564231 -1.14611946
v 0.70005110 -0.35537563 -1.14613986
v -0.69991965 -0.50523444 -1.08850850
v -0.69991965 -0.50523444 -1.08850850
v 0.70005110 -0.35537563 -1.14613986
v 0.70008044 -0.50496776 -1.08852889
v -0.69991965 -0.50523444 -1.08850850
v 0.70008044 -0.50496776 -1.08852889
v -0.69991681 -0.51966882 -1.08169354
v -0.69991681 -0.51966882 -1.08169354
v 0.70008044 -0.50496776 -1.08852889
v 0.70008328 -0.51940214 -1.08171394
v -0.69991681 -0.51966882 -1.08169354
v 0.70008328 -0.51940214 -1.08171394
v -0.69989176 -0.64581302 -1.01147275
v -0.69989176 -0.64581302 -1.01147275
v 0.70008328 -0.51940214 -1.08171394
v 0.70010833 -0.64554634 -1.01149315
v -0.69989176 -0.64581302 -1.01147275
v 0.70010833 -0.64554634 -1.01149315
v -0.69988007 -0.70406836 -0.97183101
v -0.69988007 -0.70406836 -0.97183101
v 0.70010833 -0.64554634 -1.01149315
v 0.70012002 -0.70380168 -0.97185140
v -0.69988007 -0.70406836 -0.97183101
v 0.70012002 -0.70380168 -0.97185140
v -0.69986577 -0.77486937 -0.91638714
v -0.69986577 -0.77486937 -0.91638714
v 0.70012002 -0.70380168 -0.97185140
v 0.70013432 -0.77460273 -0.91640754
v -0.69986577 -0.77486937 -0.91638714
v 0.70013432 -0.77460273 -0.91640754
v -0.69984719 -0.86594550 -0.83087450
v -0.69984719 -0.86594550 -0.83087450
v 0.70013432 -0.77460273 -0.91640754
v 0.70015290 -0.86567877 -0.83089489
v -0.69984719 -0.86594550 -0.83087450
v 0.70015290 -0.86567877 -0.83089489
v -0.69984221 -0.89010065 -0.80494834
v -0.69984221 -0.89010065 -0.80494834
v 0.70015290 -0.86567877 -0.83089489
v 0.70015788 -0.88983392 -0.80496874
v -0.69984221 -0.89010065 -0.80494834
v 0.70015788 -0.88983392 -0.80496874
v -0.69982144 -0.98945033 -0.67914501
v -0.69982144 -0.98945033 -0.67914501
v 0.70015788 -0.88983392 -0.80496874
v 0.70017865 -0.98918369 -0.67916545
v -0.69982144 -0.98945033 -0.67914501
v 0.70017865 -0.98918369 -0.67916545
v -0.69981916 -1.00012077 -0.66333371
v -0.69981916 -1.00012077 -0.66333371
v 0.70017865 -0.98918369 -0.67916545
v 0.70018088 -0.99985404 -0.66335411
v -0.69979983 -1.00014582 0.66331620
v 0.70020026 -0.99987919 0.66329581
v -0.69980165 -0.98947613 0.67912797
v -0.69980165 -0.98947613 0.67912797
v 0.70020026 -0.99987919 0.66329581
v 0.70019844 -0.98920939 0.67910757
v -0.69980165 -0.98947613 0.67912797
v 0.70019844 -0.98920939 0.67910757
v -0.69981874 -0.89013111 0.80493502
v -0.69981874 -0.89013111 0.80493502
v 0.70019844 -0.98920939 0.67910757
v 0.70018135 -0.88986447 0.80491463
v -0.69981874 -0.89013111 0.80493502
v 0.70018135 -0.88986447 0.80491463
v -0.69982293 -0.86597698 0.83086211
v -0.69982293 -0.86597698 0.83086211
v 0.70018135 -0.88986447 0.80491463
v 0.70017711 -0.86571025 0.83084172
v -0.69982293 -0.86597698 0.83086211
v 0.70017711 -0.86571025 0.83084172
v -0.69983904 -0.77490411 0.91637811
v -0.69983904 -0.77490411 0.91637811
v 0.70017711 -0.86571025 0.83084172
v 0.70016100 -0.77463742 0.91635771
v -0.69983904 -0.77490411 0.91637811
v 0.70016100 -0.77463742 0.91635771
v -0.69985171 -0.70410515 0.97182477
v -0.69985171 -0.70410515 0.97182477
v 0.70016100 -0.77463742 0.91635771
v 0.70014833 -0.70383851 0.97180437
v -0.69985171 -0.70410515 0.97182477
v 0.70014833 -0.70383851 0.97180437
v -0.69986223 -0.64585134 1.01146866
v -0.69986223 -0.64585134 1.01146866
v 0.70014833 -0.70383851 0.97180437
v 0.70013781 -0.64558466 1.01144826
v -0.69986223 -0.64585134 1.01146866
v 0.70013781 -0.64558466 1.01144826
v -0.69988524 -0.51970980 1.08169420
v -0.69988524 -0.51970980 1.08169420
v 0.70013781 -0.64558466 1.01144826
v 0.70011481 -0.51944312 1.08167380
v -0.69988524 -0.51970980 1.08169420
v 0.70011481 -0.51944312 1.08167380
v -0.69988789 -0.50527565 1.08850971
v -0.69988789 -0.50527565 1.08850971
v 0.70011481 -0.51944312 1.08167380
v 0.70011215 -0.50500897 1.08848931
v -0.69988789 -0.50527565 1.08850971
v 0.70011215 -0.50500897 1.08848931
v -0.69991555 -0.35568574 1.14612645
v -0.69991555 -0.35568574 1.14612645
v 0.70011215 -0.50500897 1.08848931
v 0.70008449 -0.35541905 1.14610605
v -0.69991555 -0.35568574 1.14612645
v 0.70008449 -0.35541905 1.14610605
v -0.69992244 -0.31869055 1.15695503
v -0.69992244 -0.31869055 1.15695503
v 0.70008449 -0.35541905 1.14610605
v 0.70007765 -0.31842387 1.15693463
v -0.69992244 -0.31869055 1.15695503
v 0.70007765 -0.31842387 1.15693463
v -0.69994470 -0.19975097 1.18329069
v -0.69994470 -0.19975097 1.18329069
v 0.70007765 -0.31842387 1.15693463
v 0.70005534 -0.19948429 1.18327029
v -0.69994470 -0.19975097 1.18329069
v 0.70005534 -0.19948429 1.18327029
v -0.69996212 -0.10747901 1.19519923
v -0.69996212 -0.10747901 1.19519923
v 0.70005534 -0.19948429 1.18327029
v 0.70003797 -0.10721233 1.19517883
v -0.69996212 -0.10747901 1.19519923
v 0.70003797 -0.10721233 1.19517883
v -0.69997488 -0.04025403 1.19933933
v -0.69997488 -0.04025403 1.19933933
v 0.70003797 -0.10721233 1.19517883
v 0.70002521 -0.03998734 1.19931893
v -0.69997488 -0.04025403 1.19933933
v 0.70002521 -0.03998734 1.19931893
v -0.70000300 0.10716707 1.19520333
v -0.70000300 0.10716707 1.19520333
v 0.70002521 -0.03998734 1.19931893
v 0.69999704 0.10743374 1.19518293
v -0.70000300 0.10716707 1.19520333
v 0.69999704 0.10743374 1.19518293
v -0.70000547 0.11995886 1.19398581
v -0.70000547 0.11995886 1.19398581
v 0.69999704 0.10743374 1.19518293
v 0.69999462 0.12022555 1.19396541
v -0.70000547 0.11995886 1.19398581
v 0.69999462 0.12022555 1.19396541
v -0.70003597 0.27802873 1.16732586
v -0.70003597 0.27802873 1.16732586
v 0.69999462 0.12022555 1.19396541
v 0.69996412 0.27829541 1.16730537
v -0.70003597 0.27802873 1.16732586
v 0.69996412 0.27829541 1.16730537
v -0.70004379 0.31838005 1.15696713
v -0.70004379 0.31838005 1.15696713
v 0.69996412 0.27829541 1.16730537
v 0.69995625 0.31864673 1.15694674
v -0.70004379 0.31838005 1.15696713
v 0.69995625 0.31864673 1.15694674
v -0.70006582 0.43113478 1.11983512
v -0.70006582 0.43113478 1.11983512
v 0.69995625 0.31864673 1.15694674
v 0.69993427 0.43140147 1.11981472
v -0.70006582 0.43113478 1.11983512
v 0.69993427 0.43140147 1.11981472
v -0.70008319 0.51940214 1.08171394
v -0.70008319 0.51940214 1.08171394
v 0.69993427 0.43140147 1.11981472
v 0.69991690 0.51966882 1.08169354
v -0.70008319 0.51940214 1.08171394
v 0.69991690 0.51966882 1.08169354
v -0.70009450 0.57654483 1.05236107
v -0.70009450 0.57654483 1.05236107
v 0.69991690 0.51966882 1.08169354
v 0.69990559 0.57681152 1.05234068
v -0.70009450 0.57654483 1.05236107
v 0.69990559 0.57681152 1.05234068
v -0.70011993 0.70380168 0.97185150
v -0.70011993 0.70380168 0.97185150
v 0.69990559 0.57681152 1.05234068
v 0.69988016 0.70406836 0.97183110
v -0.70011993 0.70380168 0.97185150
v 0.69988016 0.70406836 0.97183110
v -0.70012151 0.71166405 0.96610775
v -0.70012151 0.71166405 0.96610775
v 0.69988016 0.70406836 0.97183110
v 0.69987858 0.71193073 0.96608736
v -0.70012151 0.71166405 0.96610775
v 0.69987858 0.71193073 0.96608736
v -0.70014633 0.83408123 0.86261444
v -0.70014633 0.83408123 0.86261444
v 0.69987858 0.71193073 0.96608736
v 0.69985376 0.83434787 0.86259404
v -0.70014633 0.83408123 0.86261444
v 0.69985376 0.83434787 0.86259404
v -0.70015281 0.86567877 0.83089489
v -0.70015281 0.86567877 0.83089489
v 0.69985376 0.83434787 0.86259404
v 0.69984728 0.86594550 0.83087450
v -0.70015281 0.86567877 0.83089489
v 0.69984728 0.86594550 0.83087450
v -0.70016854 0.94161183 0.74372790
v -0.70016854 0.94161183 0.74372790
v 0.69984728 0.86594550 0.83087450
v 0.69983155 0.94187846 0.74370750
v -0.70016854 0.94161183 0.74372790
v 0.69983155 0.94187846 0.74370750
v -0.70018079 0.99985404 0.66335411
v -0.70018079 0.99985404 0.66335411
v 0.69983155 0.94187846 0.74370750
v 0.69981925 1.00012077 0.66333371
v -0.73619201 0.99984724 0.65942234
v -0.77329041 0.99984044 0.64684912
v -0.77781281 0.93357470 0.73739365
v -0.89641511 0.99981939 0.51959902
v -0.91507398 0.99981660 0.48027076
v -0.91230599 0.95669562 0.56679239
v -0.73890258 0.99987173 -0.65874918
v -0.70020016 0.99987919 -0.66329581
v -0.70019020 0.94163995 -0.74367183
v -0.91470703 -1.00016510 -0.48024408
v -0.91195023 -0.99276295 -0.50158831
v -0.89604929 -1.00016082 -0.51957290
v -0.88486895 -1.00017879 0.53921216
v -0.91193561 -0.99278195 0.50157728
v -0.91495179 -1.00018336 0.47961837
v -0.77744904 -0.98106302 0.67334399
v -0.76585193 -1.00015821 0.64990451
v -0.73850239 -1.00015318 0.65877070
v -0.80323527 -1.00016491 0.62942882
v -0.84980829 -0.95636798 0.65638404
v -0.82265744 -1.00016836 0.61444249
v -0.82265744 -1.00016836 0.61444249
v -0.84980829 -0.95636798 0.65638404
v -0.85782697 -1.00017432 0.57795360
v -0.91193561 -0.99278195 0.50157728
v -0.88486895 -1.00017879 0.53921216
v -0.91194818 -0.91707353 0.62940381
v -0.93917856 -1.00018671 0.41010939
v -0.95962221 -0.93733650 0.47355685
v -0.94563058 -1.00018745 0.38611926
v -0.94563058 -1.00018745 0.38611926
v -0.95962221 -0.93733650 0.47355685
v -0.95961364 -0.99209184 0.34442130
v -0.96357195 -1.00018913 0.29611881
v -0.98959710 -0.92374627 0.32068903
v -0.98959235 -0.95824758 0.19472960
v -0.96357195 -1.00018913 0.29611881
v -0.98959235 -0.95824758 0.19472960
v -0.97606014 -1.00018941 0.18505288
v -0.97606014 -1.00018941 0.18505288
v -0.98959235 -0.95824758 0.19472960
v -0.98959096 -0.97565232 0.06529549
v -0.97606014 -1.00018941 0.18505288
v -0.98959096 -0.97565232 0.06529549
v -0.98237619 -1.00018783 0.03938872
v -0.98237619 -1.00018783 0.03938872
v -0.98959096 -0.97565232 0.06529549
v -0.98959291 -0.97564980 -0.06530357
v -0.98237619 -1.00018783 0.03938872
v -0.98959291 -0.97564980 -0.06530357
v -0.98039135 -1.00018466 -0.11137415
v -0.98039135 -1.00018466 -0.11137415
v -0.98959291 -0.97564980 -0.06530357
v -0.97951768 -1.00018410 -0.13038615
v -0.97951768 -1.00018410 -0.13038615
v -0.98959291 -0.97564980 -0.06530357
v -0.98959804 -0.95824022 -0.19473704
v -0.97951768 -1.00018410 -0.13038615
v -0.98959804 -0.95824022 -0.19473704
v -0.97245555 -1.00018093 -0.22574875
v -0.91195023 -0.99276295 -0.50158831
v -0.91470703 -1.00016510 -0.48024408
v -0.95963599 -0.93731862 -0.47356440
v -0.91470703 -1.00016510 -0.48024408
v -0.93729086 -1.00017069 -0.41663214
v -0.95963599 -0.93731862 -0.47356440
v -0.95963599 -0.93731862 -0.47356440
v -0.93729086 -1.00017069 -0.41663214
v -0.94245598 -1.00017199 -0.39836322
v -0.95963599 -0.93731862 -0.47356440
v -0.94245598 -1.00017199 -0.39836322
v -0.95962370 -0.99207880 -0.34443089
v -0.95962370 -0.99207880 -0.34443089
v -0.94245598 -1.00017199 -0.39836322
v -0.96049812 -1.00017702 -0.31511239
v -0.79449350 -1.00013930 -0.63517797
v -0.82892068 -1.00014638 -0.60891770
v -0.84982738 -0.95634311 -0.65639550
v -0.84982738 -0.95634311 -0.65639550
v -0.82892068 -1.00014638 -0.60891770
v -0.83606597 -1.00014787 -0.60211448
v -0.84982738 -0.95634311 -0.65639550
v -0.83606597 -1.00014787 -0.60211448
v -0.86849518 -1.00015476 -0.56401631
v -0.69982144 -0.98945033 -0.67914501
v -0.69981916 -1.00012077 -0.66333371
v -0.70679439 -1.00012207 -0.66318694
v -0.79449350 -1.00013930 -0.63517797
v -0.77746864 -0.98103750 -0.67335856
v -0.77292831 -1.00013502 -0.64682653
v -0.77292831 -1.00013502 -0.64682653
v -0.77746864 -0.98103750 -0.67335856
v -0.73583028 -1.00012766 -0.65940083
v -0.73890258 0.99987173 -0.65874918
v -0.77783433 0.93360264 -0.73733563
v -0.76625184 0.99986633 -0.64988220
v -0.76625184 0.99986633 -0.64988220
v -0.77783433 0.93360264 -0.73733563
v -0.77816402 0.99986400 -0.64445990
v -0.80363452 0.99985888 -0.62940535
v -0.85018389 0.91006793 -0.71876100
v -0.82305633 0.99985488 -0.61441851
v -0.82305633 0.99985488 -0.61441851
v -0.85018389 0.91006793 -0.71876100
v -0.85019870 0.99774953 -0.59102601
v -0.91534667 0.99983476 -0.47959168
v -0.88526569 0.99984156 -0.53918636
v -0.91232257 0.95671704 -0.56672953
v -0.91232257 0.95671704 -0.56672953
v -0.88526569 0.99984156 -0.53918636
v -0.85822474 0.99984743 -0.57792859
v -0.91534667 0.99983476 -0.47959168
v -0.95998747 0.90324897 -0.53506638
v -0.95999772 0.96650729 -0.40987642
v -0.96396152 0.99982200 -0.29609071
v -0.94602276 0.99982712 -0.38609169
v -0.95999772 0.96650729 -0.40987642
v -0.95999772 0.96650729 -0.40987642
v -0.94602276 0.99982712 -0.38609169
v -0.93957148 0.99982880 -0.41008200
v -0.95999772 0.96650729 -0.40987642
v -0.93957148 0.99982880 -0.41008200
v -0.91534667 0.99983476 -0.47959168
v -0.98995473 0.89988811 -0.38163094
v -0.98996107 0.94272550 -0.25825722
v -0.96396152 0.99982200 -0.29609071
v -0.96396152 0.99982200 -0.29609071
v -0.98996107 0.94272550 -0.25825722
v -0.98996423 0.96873660 -0.13027461
v -0.96396152 0.99982200 -0.29609071
v -0.98996423 0.96873660 -0.13027461
v -0.97644655 0.99981753 -0.18502440
v -0.97644655 0.99981753 -0.18502440
v -0.98996423 0.96873660 -0.13027461
v -0.98996395 0.97745713 0.00003294
v -0.97644655 0.99981753 -0.18502440
v -0.98996395 0.97745713 0.00003294
v -0.98275831 0.99981353 -0.03936005
v -0.98275831 0.99981353 -0.03936005
v -0.98996395 0.97745713 0.00003294
v -0.98076910 0.99981111 0.11140275
v -0.98076910 0.99981111 0.11140275
v -0.98996395 0.97745713 0.00003294
v -0.98996041 0.96873166 0.13034020
v -0.98076910 0.99981111 0.11140275
v -0.98996041 0.96873166 0.13034020
v -0.97989487 0.99981083 0.13041472
v -0.96086990 0.99981101 0.31514040
v -0.95998580 0.96649174 0.40994105
v -0.94282534 0.99981287 0.39839069
v -0.94282534 0.99981287 0.39839069
v -0.95998580 0.96649174 0.40994105
v -0.93765967 0.99981353 0.41665947
v -0.89641511 0.99981939 0.51959902
v -0.91230599 0.95669562 0.56679239
v -0.86885970 0.99982377 0.56404164
v -0.77329041 0.99984044 0.64684912
v -0.79485597 0.99983653 0.63520111
v -0.85016284 0.91004074 0.71882028
v -0.79485597 0.99983653 0.63520111
v -0.82928389 0.99983048 0.60894191
v -0.85016284 0.91004074 0.71882028
v -0.85016284 0.91004074 0.71882028
v -0.82928389 0.99983048 0.60894191
v -0.83642937 0.99982927 0.60213883
v -0.85016284 0.91004074 0.71882028
v -0.83642937 0.99982927 0.60213883
v -0.85018147 0.99772718 0.59108855
v -0.85018147 0.99772718 0.59108855
v -0.83642937 0.99982927 0.60213883
v -0.86885970 0.99982377 0.56404164
v -0.73619201 0.99984724 0.65942234
v -0.77781281 0.93357470 0.73739365
v -0.70715602 0.99985274 0.66320747
v -0.73890258 0.99987173 -0.65874918
v -0.70019020 0.94163995 -0.74367183
v -0.77783433 0.93360264 -0.73733563
v -0.77783433 0.93360264 -0.73733563
v -0.70019020 0.94163995 -0.74367183
v -0.70017702 0.86571025 -0.83084172
v -0.77783433 0.93360264 -0.73733563
v -0.70017702 0.86571025 -0.83084172
v -0.77781570 0.82699247 -0.85521350
v -0.70017702 0.86571025 -0.83084172
v -0.70017148 0.83411392 -0.86256238
v -0.77781570 0.82699247 -0.85521350
v -0.77781570 0.82699247 -0.85521350
v -0.70017148 0.83411392 -0.86256238
v -0.70014969 0.71170065 -0.96606035
v -0.77781570 0.82699247 -0.85521350
v -0.70014969 0.71170065 -0.96606035
v -0.77779409 0.70562204 -0.95782969
v -0.77779409 0.70562204 -0.95782969
v -0.70014969 0.71170065 -0.96606035
v -0.70014824 0.70383851 -0.97180437
v -0.77779409 0.70562204 -0.95782969
v -0.70014824 0.70383851 -0.97180437
v -0.77776983 0.57165711 -1.04335342
v -0.70014824 0.70383851 -0.97180437
v -0.70012519 0.57658469 -1.05231879
v -0.77776983 0.57165711 -1.04335342
v -0.77776983 0.57165711 -1.04335342
v -0.70012519 0.57658469 -1.05231879
v -0.70011471 0.51944312 -1.08167380
v -0.77776983 0.57165711 -1.04335342
v -0.70011471 0.51944312 -1.08167380
v -0.77774334 0.42748824 -1.11025814
v -0.70011471 0.51944312 -1.08167380
v -0.70009846 0.43117721 -1.11979833
v -0.77774334 0.42748824 -1.11025814
v -0.77774334 0.42748824 -1.11025814
v -0.70009846 0.43117721 -1.11979833
v -0.70007751 0.31842387 -1.15693463
v -0.77774334 0.42748824 -1.11025814
v -0.70007751 0.31842387 -1.15693463
v -0.77771512 0.27568825 -1.15735009
v -0.70007751 0.31842387 -1.15693463
v -0.70007001 0.27807294 -1.16729485
v -0.77771512 0.27568825 -1.15735009
v -0.77771512 0.27568825 -1.15735009
v -0.70007001 0.27807294 -1.16729485
v -0.70004025 0.12000409 -1.19396094
v -0.77771512 0.27568825 -1.15735009
v -0.70004025 0.12000409 -1.19396094
v -0.77768564 0.11896591 -1.18378894
v -0.77768564 0.11896591 -1.18378894
v -0.70004025 0.12000409 -1.19396094
v -0.70003783 0.10721233 -1.19517883
v -0.77768564 0.11896591 -1.18378894
v -0.70003783 0.10721233 -1.19517883
v -0.77765547 -0.03988201 -1.18910279
v -0.70003783 0.10721233 -1.19517883
v -0.70000985 -0.04020860 -1.19932042
v -0.77765547 -0.03988201 -1.18910279
v -0.77765547 -0.03988201 -1.18910279
v -0.70000985 -0.04020860 -1.19932042
v -0.69999695 -0.10743374 -1.19518293
v -0.77765547 -0.03988201 -1.18910279
v -0.69999695 -0.10743374 -1.19518293
v -0.77762511 -0.19802088 -1.17319683
v -0.69999695 -0.10743374 -1.19518293
v -0.69997921 -0.19970615 -1.18327793
v -0.77762511 -0.19802088 -1.17319683
v -0.77762511 -0.19802088 -1.17319683
v -0.69997921 -0.19970615 -1.18327793
v -0.69995616 -0.31864673 -1.15694674
v -0.77762511 -0.19802088 -1.17319683
v -0.69995616 -0.31864673 -1.15694674
v -0.77759512 -0.35262872 -1.13635510
v -0.69995616 -0.31864673 -1.15694674
v -0.69994899 -0.35564231 -1.14611946
v -0.77759512 -0.35262872 -1.13635510
v -0.77759512 -0.35262872 -1.13635510
v -0.69994899 -0.35564231 -1.14611946
v -0.69991965 -0.50523444 -1.08850850
v -0.77759512 -0.35262872 -1.13635510
v -0.69991965 -0.50523444 -1.08850850
v -0.77756601 -0.50094649 -1.07923476
v -0.77756601 -0.50094649 -1.07923476
v -0.69991965 -0.50523444 -1.08850850
v -0.69991681 -0.51966882 -1.08169354
v -0.77756601 -0.50094649 -1.07923476
v -0.69991681 -0.51966882 -1.08169354
v -0.77753835 -0.64032753 -1.00285523
v -0.69991681 -0.51966882 -1.08169354
v -0.69989176 -0.64581302 -1.01147275
v -0.77753835 -0.64032753 -1.00285523
v -0.77753835 -0.64032753 -1.00285523
v -0.69989176 -0.64581302 -1.01147275
v -0.69988007 -0.70406836 -0.97183101
v -0.77753835 -0.64032753 -1.00285523
v -0.69988007 -0.70406836 -0.97183101
v -0.77751260 -0.76828455 -0.90857958
v -0.69988007 -0.70406836 -0.97183101
v -0.69986577 -0.77486937 -0.91638714
v -0.77751260 -0.76828455 -0.90857958
v -0.77751260 -0.76828455 -0.90857958
v -0.69986577 -0.77486937 -0.91638714
v -0.69984719 -0.86594550 -0.83087450
v -0.77751260 -0.76828455 -0.90857958
v -0.69984719 -0.86594550 -0.83087450
v -0.77748923 -0.88253412 -0.79809008
v -0.69984719 -0.86594550 -0.83087450
v -0.69984221 -0.89010065 -0.80494834
v -0.77748923 -0.88253412 -0.79809008
v -0.77748923 -0.88253412 -0.79809008
v -0.69984221 -0.89010065 -0.80494834
v -0.69982144 -0.98945033 -0.67914501
v -0.77748923 -0.88253412 -0.79809008
v -0.69982144 -0.98945033 -0.67914501
v -0.77746864 -0.98103750 -0.67335856
v -0.77746864 -0.98103750 -0.67335856
v -0.69982144 -0.98945033 -0.67914501
v -0.70679439 -1.00012207 -0.66318694
v -0.77746864 -0.98103750 -0.67335856
v -0.70679439 -1.00012207 -0.66318694
v -0.73583028 -1.00012766 -0.65940083
v -0.69985171 -0.70410515 0.97182477
v -0.77750911 -0.64036553 1.00285364
v -0.69983904 -0.77490411 0.91637811
v -0.69983904 -0.77490411 0.91637811
v -0.77750911 -0.64036553 1.00285364
v -0.77748611 -0.76831896 0.90857316
v -0.69983904 -0.77490411 0.91637811
v -0.77748611 -0.76831896 0.90857316
v -0.69982293 -0.86597698 0.83086211
v -0.69982293 -0.86597698 0.83086211
v -0.77748611 -0.76831896 0.90857316
v -0.77746599 -0.88256439 0.79807937
v -0.69982293 -0.86597698 0.83086211
v -0.77746599 -0.88256439 0.79807937
v -0.69981874 -0.89013111 0.80493502
v -0.69981874 -0.89013111 0.80493502
v -0.77746599 -0.88256439 0.79807937
v -0.77744904 -0.98106302 0.67334399
v -0.69981874 -0.89013111 0.80493502
v -0.77744904 -0.98106302 0.67334399
v -0.69980165 -0.98947613 0.67912797
v -0.69980165 -0.98947613 0.67912797
v -0.77744904 -0.98106302 0.67334399
v -0.73850239 -1.00015318 0.65877070
v -0.69980165 -0.98947613 0.67912797
v -0.73850239 -1.00015318 0.65877070
v -0.69979983 -1.00014582 0.66331620
v -0.69985171 -0.70410515 0.97182477
v -0.69986223 -0.64585134 1.01146866
v -0.77750911 -0.64036553 1.00285364
v -0.77750911 -0.64036553 1.00285364
v -0.69986223 -0.64585134 1.01146866
v -0.69988524 -0.51970980 1.08169420
v -0.77750911 -0.64036553 1.00285364
v -0.69988524 -0.51970980 1.08169420
v -0.77753458 -0.50098738 1.07923839
v -0.69988524 -0.51970980 1.08169420
v -0.69988789 -0.50527565 1.08850971
v -0.77753458 -0.50098738 1.07923839
v -0.77753458 -0.50098738 1.07923839
v -0.69988789 -0.50527565 1.08850971
v -0.69991555 -0.35568574 1.14612645
v -0.77753458 -0.50098738 1.07923839
v -0.69991555 -0.35568574 1.14612645
v -0.77756196 -0.35267174 1.13636432
v -0.77756196 -0.35267174 1.13636432
v -0.69991555 -0.35568574 1.14612645
v -0.69992244 -0.31869055 1.15695503
v -0.77756196 -0.35267174 1.13636432
v -0.69992244 -0.31869055 1.15695503
v -0.77759088 -0.19806530 1.17321201
v -0.77759088 -0.19806530 1.17321201
v -0.69992244 -0.31869055 1.15695503
v -0.69994470 -0.19975097 1.18329069
v -0.77759088 -0.19806530 1.17321201
v -0.69994470 -0.19975097 1.18329069
v -0.77762078 -0.03992705 1.18912393
v -0.77762078 -0.03992705 1.18912393
v -0.69994470 -0.19975097 1.18329069
v -0.69996212 -0.10747901 1.19519923
v -0.69996212 -0.10747901 1.19519923
v -0.69997488 -0.04025403 1.19933933
v -0.77762078 -0.03992705 1.18912393
v -0.77762078 -0.03992705 1.18912393
v -0.69997488 -0.04025403 1.19933933
v -0.70000300 0.10716707 1.19520333
v -0.77762078 -0.03992705 1.18912393
v -0.70000300 0.10716707 1.19520333
v -0.77765114 0.11892108 1.18381605
v -0.70000300 0.10716707 1.19520333
v -0.70000547 0.11995886 1.19398581
v -0.77765114 0.11892108 1.18381605
v -0.77765114 0.11892108 1.18381605
v -0.70000547 0.11995886 1.19398581
v -0.70003597 0.27802873 1.16732586
v -0.77765114 0.11892108 1.18381605
v -0.70003597 0.27802873 1.16732586
v -0.77768136 0.27564440 1.15738316
v -0.77768136 0.27564440 1.15738316
v -0.70003597 0.27802873 1.16732586
v -0.70004379 0.31838005 1.15696713
v -0.77768136 0.27564440 1.15738316
v -0.70004379 0.31838005 1.15696713
v -0.77771097 0.42744619 1.11029698
v -0.77771097 0.42744619 1.11029698
v -0.70004379 0.31838005 1.15696713
v -0.70006582 0.43113478 1.11983512
v -0.77771097 0.42744619 1.11029698
v -0.70006582 0.43113478 1.11983512
v -0.77773938 0.57161758 1.04339765
v -0.77773938 0.57161758 1.04339765
v -0.70006582 0.43113478 1.11983512
v -0.70008319 0.51940214 1.08171394
v -0.70008319 0.51940214 1.08171394
v -0.70009450 0.57654483 1.05236107
v -0.77773938 0.57161758 1.04339765
v -0.77773938 0.57161758 1.04339765
v -0.70009450 0.57654483 1.05236107
v -0.70011993 0.70380168 0.97185150
v -0.77773938 0.57161758 1.04339765
v -0.70011993 0.70380168 0.97185150
v -0.77776616 0.70558577 0.95787914
v -0.70018079 0.99985404 0.66335411
v -0.70715602 0.99985274 0.66320747
v -0.70016854 0.94161183 0.74372790
v -0.70016854 0.94161183 0.74372790
v -0.70715602 0.99985274 0.66320747
v -0.77781281 0.93357470 0.73739365
v -0.70016854 0.94161183 0.74372790
v -0.77781281 0.93357470 0.73739365
v -0.70015281 0.86567877 0.83089489
v -0.70015281 0.86567877 0.83089489
v -0.77781281 0.93357470 0.73739365
v -0.77779079 0.82696006 0.85526742
v -0.70015281 0.86567877 0.83089489
v -0.77779079 0.82696006 0.85526742
v -0.70014633 0.83408123 0.86261444
v -0.70014633 0.83408123 0.86261444
v -0.77779079 0.82696006 0.85526742
v -0.77776616 0.70558577 0.95787914
v -0.70014633 0.83408123 0.86261444
v -0.77776616 0.70558577 0.95787914
v -0.70012151 0.71166405 0.96610775
v -0.70012151 0.71166405 0.96610775
v -0.77776616 0.70558577 0.95787914
v -0.70011993 0.70380168 0.97185150
v -0.79449350 -1.00013930 -0.63517797
v -0.84982738 -0.95634311 -0.65639550
v -0.77746864 -0.98103750 -0.67335856
v -0.77746864 -0.98103750 -0.67335856
v -0.84982738 -0.95634311 -0.65639550
v -0.84984750 -0.86032087 -0.77798511
v -0.77746864 -0.98103750 -0.67335856
v -0.84984750 -0.86032087 -0.77798511
v -0.77748923 -0.88253412 -0.79809008
v -0.77748923 -0.88253412 -0.79809008
v -0.84984750 -0.86032087 -0.77798511
v -0.84987022 -0.74894927 -0.88569149
v -0.77748923 -0.88253412 -0.79809008
v -0.84987022 -0.74894927 -0.88569149
v -0.77751260 -0.76828455 -0.90857958
v -0.77751260 -0.76828455 -0.90857958
v -0.84987022 -0.74894927 -0.88569149
v -0.84989537 -0.62421537 -0.97759226
v -0.77751260 -0.76828455 -0.90857958
v -0.84989537 -0.62421537 -0.97759226
v -0.77753835 -0.64032753 -1.00285523
v -0.77753835 -0.64032753 -1.00285523
v -0.84989537 -0.62421537 -0.97759226
v -0.84992228 -0.48834532 -1.05204787
v -0.77753835 -0.64032753 -1.00285523
v -0.84992228 -0.48834532 -1.05204787
v -0.77756601 -0.50094649 -1.07923476
v -0.77756601 -0.50094649 -1.07923476
v -0.84992228 -0.48834532 -1.05204787
v -0.84995069 -0.34376362 -1.10772923
v -0.77756601 -0.50094649 -1.07923476
v -0.84995069 -0.34376362 -1.10772923
v -0.77759512 -0.35262872 -1.13635510
v -0.77759512 -0.35262872 -1.13635510
v -0.84995069 -0.34376362 -1.10772923
v -0.84997993 -0.19305029 -1.14364307
v -0.77759512 -0.35262872 -1.13635510
v -0.84997993 -0.19305029 -1.14364307
v -0.77762511 -0.19802088 -1.17319683
v -0.77762511 -0.19802088 -1.17319683
v -0.84997993 -0.19305029 -1.14364307
v -0.85000955 -0.03889491 -1.15914829
v -0.77762511 -0.19802088 -1.17319683
v -0.85000955 -0.03889491 -1.15914829
v -0.77765547 -0.03988201 -1.18910279
v -0.77765547 -0.03988201 -1.18910279
v -0.85000955 -0.03889491 -1.15914829
v -0.85003888 0.11595169 -1.15396827
v -0.77765547 -0.03988201 -1.18910279
v -0.85003888 0.11595169 -1.15396827
v -0.77768564 0.11896591 -1.18378894
v -0.77768564 0.11896591 -1.18378894
v -0.85003888 0.11595169 -1.15396827
v -0.85006766 0.26872621 -1.12819541
v -0.77768564 0.11896591 -1.18378894
v -0.85006766 0.26872621 -1.12819541
v -0.77771512 0.27568825 -1.15735009
v -0.77771512 0.27568825 -1.15735009
v -0.85006766 0.26872621 -1.12819541
v -0.85009513 0.41670245 -1.08228968
v -0.77771512 0.27568825 -1.15735009
v -0.85009513 0.41670245 -1.08228968
v -0.77774334 0.42748824 -1.11025814
v -0.77774334 0.42748824 -1.11025814
v -0.85009513 0.41670245 -1.08228968
v -0.85012102 0.55723973 -1.01707028
v -0.77774334 0.42748824 -1.11025814
v -0.85012102 0.55723973 -1.01707028
v -0.77776983 0.57165711 -1.04335342
v -0.77776983 0.57165711 -1.04335342
v -0.85012102 0.55723973 -1.01707028
v -0.85014468 0.68783010 -0.93370099
v -0.77776983 0.57165711 -1.04335342
v -0.85014468 0.68783010 -0.93370099
v -0.77779409 0.70562204 -0.95782969
v -0.77779409 0.70562204 -0.95782969
v -0.85014468 0.68783010 -0.93370099
v -0.85016573 0.80614332 -0.83366949
v -0.77779409 0.70562204 -0.95782969
v -0.85016573 0.80614332 -0.83366949
v -0.77781570 0.82699247 -0.85521350
v -0.77781570 0.82699247 -0.85521350
v -0.85016573 0.80614332 -0.83366949
v -0.85018389 0.91006793 -0.71876100
v -0.77781570 0.82699247 -0.85521350
v -0.85018389 0.91006793 -0.71876100
v -0.77783433 0.93360264 -0.73733563
v -0.77783433 0.93360264 -0.73733563
v -0.85018389 0.91006793 -0.71876100
v -0.80363452 0.99985888 -0.62940535
v -0.77783433 0.93360264 -0.73733563
v -0.80363452 0.99985888 -0.62940535
v -0.77816402 0.99986400 -0.64445990
v -0.77329041 0.99984044 0.64684912
v -0.85016284 0.91004074 0.71882028
v -0.77781281 0.93357470 0.73739365
v -0.77781281 0.93357470 0.73739365
v -0.85016284 0.91004074 0.71882028
v -0.85014142 0.80611175 0.83372490
v -0.77781281 0.93357470 0.73739365
v -0.85014142 0.80611175 0.83372490
v -0.77779079 0.82696006 0.85526742
v -0.77779079 0.82696006 0.85526742
v -0.85014142 0.80611175 0.83372490
v -0.85011739 0.68779476 0.93375174
v -0.77779079 0.82696006 0.85526742
v -0.85011739 0.68779476 0.93375174
v -0.77776616 0.70558577 0.95787914
v -0.77776616 0.70558577 0.95787914
v -0.85011739 0.68779476 0.93375174
v -0.85009132 0.55720122 1.01711610
v -0.77776616 0.70558577 0.95787914
v -0.85009132 0.55720122 1.01711610
v -0.77773938 0.57161758 1.04339765
v -0.77773938 0.57161758 1.04339765
v -0.85009132 0.55720122 1.01711610
v -0.85006356 0.41666147 1.08233020
v -0.77773938 0.57161758 1.04339765
v -0.85006356 0.41666147 1.08233020
v -0.77771097 0.42744619 1.11029698
v -0.77771097 0.42744619 1.11029698
v -0.85006356 0.41666147 1.08233020
v -0.85003478 0.26868349 1.12823034
v -0.77771097 0.42744619 1.11029698
v -0.85003478 0.26868349 1.12823034
v -0.77768136 0.27564440 1.15738316
v -0.77768136 0.27564440 1.15738316
v -0.85003478 0.26868349 1.12823034
v -0.85000526 0.11590797 1.15399742
v -0.77768136 0.27564440 1.15738316
v -0.85000526 0.11590797 1.15399742
v -0.77765114 0.11892108 1.18381605
v -0.77765114 0.11892108 1.18381605
v -0.85000526 0.11590797 1.15399742
v -0.84997574 -0.03893881 1.15917167
v -0.77765114 0.11892108 1.18381605
v -0.84997574 -0.03893881 1.15917167
v -0.77762078 -0.03992705 1.18912393
v -0.77762078 -0.03992705 1.18912393
v -0.84997574 -0.03893881 1.15917167
v -0.84994659 -0.19309362 1.14366049
v -0.77762078 -0.03992705 1.18912393
v -0.84994659 -0.19309362 1.14366049
v -0.77759088 -0.19806530 1.17321201
v -0.77759088 -0.19806530 1.17321201
v -0.84994659 -0.19309362 1.14366049
v -0.84991837 -0.34380557 1.10774105
v -0.77759088 -0.19806530 1.17321201
v -0.84991837 -0.34380557 1.10774105
v -0.77756196 -0.35267174 1.13636432
v -0.77756196 -0.35267174 1.13636432
v -0.84991837 -0.34380557 1.10774105
v -0.84989164 -0.48838519 1.05205411
v -0.77756196 -0.35267174 1.13636432
v -0.84989164 -0.48838519 1.05205411
v -0.77753458 -0.50098738 1.07923839
v -0.77753458 -0.50098738 1.07923839
v -0.84989164 -0.48838519 1.05205411
v -0.84986687 -0.62425239 0.97759347
v -0.77753458 -0.50098738 1.07923839
v -0.84986687 -0.62425239 0.97759347
v -0.77750911 -0.64036553 1.00285364
v -0.77750911 -0.64036553 1.00285364
v -0.84986687 -0.62425239 0.97759347
v -0.84984442 -0.74898279 0.88568786
v -0.77750911 -0.64036553 1.00285364
v -0.84984442 -0.74898279 0.88568786
v -0.77748611 -0.76831896 0.90857316
v -0.77748611 -0.76831896 0.90857316
v -0.84984442 -0.74898279 0.88568786
v -0.84982477 -0.86035039 0.77797733
v -0.77748611 -0.76831896 0.90857316
v -0.84982477 -0.86035039 0.77797733
v -0.77746599 -0.88256439 0.79807937
v -0.77746599 -0.88256439 0.79807937
v -0.84982477 -0.86035039 0.77797733
v -0.84980829 -0.95636798 0.65638404
v -0.77746599 -0.88256439 0.79807937
v -0.84980829 -0.95636798 0.65638404
v -0.77744904 -0.98106302 0.67334399
v -0.77744904 -0.98106302 0.67334399
v -0.84980829 -0.95636798 0.65638404
v -0.80323527 -1.00016491 0.62942882
v -0.77744904 -0.98106302 0.67334399
v -0.80323527 -1.00016491 0.62942882
v -0.76585193 -1.00015821 0.64990451
v -0.86849518 -1.00015476 -0.56401631
v -0.91196653 -0.91704968 -0.62941192
v -0.84982738 -0.95634311 -0.65639550
v -0.84982738 -0.95634311 -0.65639550
v -0.91196653 -0.91704968 -0.62941192
v -0.91198580 -0.82497466 -0.74600349
v -0.84982738 -0.95634311 -0.65639550
v -0.91198580 -0.82497466 -0.74600349
v -0.84984750 -0.86032087 -0.77798511
v -0.84984750 -0.86032087 -0.77798511
v -0.91198580 -0.82497466 -0.74600349
v -0.91200760 -0.71818107 -0.84928237
v -0.84984750 -0.86032087 -0.77798511
v -0.91200760 -0.71818107 -0.84928237
v -0.84987022 -0.74894927 -0.88569149
v -0.84987022 -0.74894927 -0.88569149
v -0.91200760 -0.71818107 -0.84928237
v -0.91203172 -0.59857462 -0.93740551
v -0.84987022 -0.74894927 -0.88569149
v -0.91203172 -0.59857462 -0.93740551
v -0.84989537 -0.62421537 -0.97759226
v -0.84989537 -0.62421537 -0.97759226
v -0.91203172 -0.59857462 -0.93740551
v -0.91205752 -0.46828967 -1.00880042
v -0.84989537 -0.62421537 -0.97759226
v -0.91205752 -0.46828967 -1.00880042
v -0.84992228 -0.48834532 -1.05204787
v -0.84992228 -0.48834532 -1.05204787
v -0.91205752 -0.46828967 -1.00880042
v -0.91208471 -0.32965119 -1.06219305
v -0.84992228 -0.48834532 -1.05204787
v -0.91208471 -0.32965119 -1.06219305
v -0.84995069 -0.34376362 -1.10772923
v -0.84995069 -0.34376362 -1.10772923
v -0.91208471 -0.32965119 -1.06219305
v -0.91211274 -0.18513318 -1.09663047
v -0.84995069 -0.34376362 -1.10772923
v -0.91211274 -0.18513318 -1.09663047
v -0.84997993 -0.19305029 -1.14364307
v -0.84997993 -0.19305029 -1.14364307
v -0.91211274 -0.18513318 -1.09663047
v -0.91214115 -0.03731456 -1.11149838
v -0.84997993 -0.19305029 -1.14364307
v -0.91214115 -0.03731456 -1.11149838
v -0.85000955 -0.03889491 -1.15914829
v -0.85000955 -0.03889491 -1.15914829
v -0.91214115 -0.03731456 -1.11149838
v -0.91216937 0.11116683 -1.10653127
v -0.85000955 -0.03889491 -1.15914829
v -0.91216937 0.11116683 -1.10653127
v -0.85003888 0.11595169 -1.15396827
v -0.85003888 0.11595169 -1.15396827
v -0.91216937 0.11116683 -1.10653127
v -0.91219693 0.25766133 -1.08181788
v -0.85003888 0.11595169 -1.15396827
v -0.91219693 0.25766133 -1.08181788
v -0.85006766 0.26872621 -1.12819541
v -0.85006766 0.26872621 -1.12819541
v -0.91219693 0.25766133 -1.08181788
v -0.91222329 0.39955480 -1.03779910
v -0.85006766 0.26872621 -1.12819541
v -0.91222329 0.39955480 -1.03779910
v -0.85009513 0.41670245 -1.08228968
v -0.85009513 0.41670245 -1.08228968
v -0.91222329 0.39955480 -1.03779910
v -0.91224806 0.53431508 -0.97526070
v -0.85009513 0.41670245 -1.08228968
v -0.91224806 0.53431508 -0.97526070
v -0.85012102 0.55723973 -1.01707028
v -0.85012102 0.55723973 -1.01707028
v -0.91224806 0.53431508 -0.97526070
v -0.91227069 0.65953741 -0.89531848
v -0.85012102 0.55723973 -1.01707028
v -0.91227069 0.65953741 -0.89531848
v -0.85014468 0.68783010 -0.93370099
v -0.85014468 0.68783010 -0.93370099
v -0.91227069 0.65953741 -0.89531848
v -0.91229090 0.77298717 -0.79939896
v -0.85014468 0.68783010 -0.93370099
v -0.91229090 0.77298717 -0.79939896
v -0.85016573 0.80614332 -0.83366949
v -0.85016573 0.80614332 -0.83366949
v -0.91229090 0.77298717 -0.79939896
v -0.91230832 0.87263975 -0.68921382
v -0.85016573 0.80614332 -0.83366949
v -0.91230832 0.87263975 -0.68921382
v -0.85018389 0.91006793 -0.71876100
v -0.85018389 0.91006793 -0.71876100
v -0.91230832 0.87263975 -0.68921382
v -0.91232257 0.95671704 -0.56672953
v -0.85018389 0.91006793 -0.71876100
v -0.91232257 0.95671704 -0.56672953
v -0.85019870 0.99774953 -0.59102601
v -0.85019870 0.99774953 -0.59102601
v -0.91232257 0.95671704 -0.56672953
v -0.85822474 0.99984743 -0.57792859
v -0.85019870 0.99774953 -0.59102601
v -0.85822474 0.99984743 -0.57792859
v -0.82305633 0.99985488 -0.61441851
v -0.86885970 0.99982377 0.56404164
v -0.91230599 0.95669562 0.56679239
v -0.85018147 0.99772718 0.59108855
v -0.85018147 0.99772718 0.59108855
v -0.91230599 0.95669562 0.56679239
v -0.91228820 0.87261368 0.68927356
v -0.85018147 0.99772718 0.59108855
v -0.91228820 0.87261368 0.68927356
v -0.85016284 0.91004074 0.71882028
v -0.85016284 0.91004074 0.71882028
v -0.91228820 0.87261368 0.68927356
v -0.91226762 0.77295685 0.79945475
v -0.85016284 0.91004074 0.71882028
v -0.91226762 0.77295685 0.79945475
v -0.85014142 0.80611175 0.83372490
v -0.85014142 0.80611175 0.83372490
v -0.91226762 0.77295685 0.79945475
v -0.91224462 0.65950346 0.89536998
v -0.85014142 0.80611175 0.83372490
v -0.91224462 0.65950346 0.89536998
v -0.85011739 0.68779476 0.93375174
v -0.85011739 0.68779476 0.93375174
v -0.91224462 0.65950346 0.89536998
v -0.91221957 0.53427815 0.97530754
v -0.85011739 0.68779476 0.93375174
v -0.91221957 0.53427815 0.97530754
v -0.85009132 0.55720122 1.01711610
v -0.85009132 0.55720122 1.01711610
v -0.91221957 0.53427815 0.97530754
v -0.91219302 0.39951550 1.03784092
v -0.85009132 0.55720122 1.01711610
v -0.91219302 0.39951550 1.03784092
v -0.85006356 0.41666147 1.08233020
v -0.85006356 0.41666147 1.08233020
v -0.91219302 0.39951550 1.03784092
v -0.91216536 0.25762036 1.08185429
v -0.85006356 0.41666147 1.08233020
v -0.91216536 0.25762036 1.08185429
v -0.85003478 0.26868349 1.12823034
v -0.85003478 0.26868349 1.12823034
v -0.91216536 0.25762036 1.08185429
v -0.91213705 0.11112492 1.10656209
v -0.85003478 0.26868349 1.12823034
v -0.91213705 0.11112492 1.10656209
v -0.85000526 0.11590797 1.15399742
v -0.85000526 0.11590797 1.15399742
v -0.91213705 0.11112492 1.10656209
v -0.91210874 -0.03735667 1.11152362
v -0.85000526 0.11590797 1.15399742
v -0.91210874 -0.03735667 1.11152362
v -0.84997574 -0.03893881 1.15917167
v -0.84997574 -0.03893881 1.15917167
v -0.91210874 -0.03735667 1.11152362
v -0.91208080 -0.18517472 1.09665012
v -0.84997574 -0.03893881 1.15917167
v -0.91208080 -0.18517472 1.09665012
v -0.84994659 -0.19309362 1.14366049
v -0.84994659 -0.19309362 1.14366049
v -0.91208080 -0.18517472 1.09665012
v -0.91205379 -0.32969143 1.06220711
v -0.84994659 -0.19309362 1.14366049
v -0.91205379 -0.32969143 1.06220711
v -0.84991837 -0.34380557 1.10774105
v -0.84991837 -0.34380557 1.10774105
v -0.91205379 -0.32969143 1.06220711
v -0.91202818 -0.46832785 1.00880936
v -0.84991837 -0.34380557 1.10774105
v -0.91202818 -0.46832785 1.00880936
v -0.84989164 -0.48838519 1.05205411
v -0.84989164 -0.48838519 1.05205411
v -0.91202818 -0.46832785 1.00880936
v -0.91200434 -0.59861010 0.93740951
v -0.84989164 -0.48838519 1.05205411
v -0.91200434 -0.59861010 0.93740951
v -0.84986687 -0.62425239 0.97759347
v -0.84986687 -0.62425239 0.97759347
v -0.91200434 -0.59861010 0.93740951
v -0.91198282 -0.71821320 0.84928181
v -0.84986687 -0.62425239 0.97759347
v -0.91198282 -0.71821320 0.84928181
v -0.84984442 -0.74898279 0.88568786
v -0.84984442 -0.74898279 0.88568786
v -0.91198282 -0.71821320 0.84928181
v -0.91196401 -0.82500288 0.74599888
v -0.84984442 -0.74898279 0.88568786
v -0.91196401 -0.82500288 0.74599888
v -0.84982477 -0.86035039 0.77797733
v -0.84982477 -0.86035039 0.77797733
v -0.91196401 -0.82500288 0.74599888
v -0.91194818 -0.91707353 0.62940381
v -0.84982477 -0.86035039 0.77797733
v -0.91194818 -0.91707353 0.62940381
v -0.84980829 -0.95636798 0.65638404
v -0.84980829 -0.95636798 0.65638404
v -0.91194818 -0.91707353 0.62940381
v -0.88486895 -1.00017879 0.53921216
v -0.84980829 -0.95636798 0.65638404
v -0.88486895 -1.00017879 0.53921216
v -0.85782697 -1.00017432 0.57795360
v -0.91534667 0.99983476 -0.47959168
v -0.91232257 0.95671704 -0.56672953
v -0.95998747 0.90324897 -0.53506638
v -0.95998747 0.90324897 -0.53506638
v -0.91232257 0.95671704 -0.56672953
v -0.91230832 0.87263975 -0.68921382
v -0.95998747 0.90324897 -0.53506638
v -0.91230832 0.87263975 -0.68921382
v -0.95997406 0.82386881 -0.65070777
v -0.95997406 0.82386881 -0.65070777
v -0.91230832 0.87263975 -0.68921382
v -0.91229090 0.77298717 -0.79939896
v -0.95997406 0.82386881 -0.65070777
v -0.91229090 0.77298717 -0.79939896
v -0.95995767 0.72978348 -0.75473711
v -0.95995767 0.72978348 -0.75473711
v -0.91229090 0.77298717 -0.79939896
v -0.91227069 0.65953741 -0.89531848
v -0.95995767 0.72978348 -0.75473711
v -0.91227069 0.65953741 -0.89531848
v -0.95993858 0.62267189 -0.84529780
v -0.95993858 0.62267189 -0.84529780
v -0.91227069 0.65953741 -0.89531848
v -0.91224806 0.53431508 -0.97526070
v -0.95993858 0.62267189 -0.84529780
v -0.91224806 0.53431508 -0.97526070
v -0.95991716 0.50444542 -0.92077395
v -0.95991716 0.50444542 -0.92077395
v -0.91224806 0.53431508 -0.97526070
v -0.91222329 0.39955480 -1.03779910
v -0.95991716 0.50444542 -0.92077395
v -0.91222329 0.39955480 -1.03779910
v -0.95989378 0.37721389 -0.97981859
v -0.95989378 0.37721389 -0.97981859
v -0.91222329 0.39955480 -1.03779910
v -0.91219693 0.25766133 -1.08181788
v -0.95989378 0.37721389 -0.97981859
v -0.91219693 0.25766133 -1.08181788
v -0.95986882 0.24324767 -1.02137802
v -0.95986882 0.24324767 -1.02137802
v -0.91219693 0.25766133 -1.08181788
v -0.91216937 0.11116683 -1.10653127
v -0.95986882 0.24324767 -1.02137802
v -0.91216937 0.11116683 -1.10653127
v -0.95984284 0.10493742 -1.04471073
v -0.95984284 0.10493742 -1.04471073
v -0.91216937 0.11116683 -1.10653127
v -0.91214115 -0.03731456 -1.11149838
v -0.95984284 0.10493742 -1.04471073
v -0.91214115 -0.03731456 -1.11149838
v -0.95981620 -0.03524868 -1.04940031
v -0.95981620 -0.03524868 -1.04940031
v -0.91214115 -0.03731456 -1.11149838
v -0.91211274 -0.18513318 -1.09663047
v -0.95981620 -0.03524868 -1.04940031
v -0.91211274 -0.18513318 -1.09663047
v -0.95978947 -0.17480904 -1.03536313
v -0.95978947 -0.17480904 -1.03536313
v -0.91211274 -0.18513318 -1.09663047
v -0.91208471 -0.32965119 -1.06219305
v -0.95978947 -0.17480904 -1.03536313
v -0.91208471 -0.32965119 -1.06219305
v -0.95976293 -0.31125320 -1.00284955
v -0.95976293 -0.31125320 -1.00284955
v -0.91208471 -0.32965119 -1.06219305
v -0.91205752 -0.46828967 -1.00880042
v -0.95976293 -0.31125320 -1.00284955
v -0.91205752 -0.46828967 -1.00880042
v -0.95973732 -0.44214628 -0.95243985
v -0.95973732 -0.44214628 -0.95243985
v -0.91205752 -0.46828967 -1.00880042
v -0.91203172 -0.59857462 -0.93740551
v -0.95973732 -0.44214628 -0.95243985
v -0.91203172 -0.59857462 -0.93740551
v -0.95971292 -0.56515252 -0.88503361
v -0.95971292 -0.56515252 -0.88503361
v -0.91203172 -0.59857462 -0.93740551
v -0.91200760 -0.71818107 -0.84928237
v -0.95971292 -0.56515252 -0.88503361
v -0.91200760 -0.71818107 -0.84928237
v -0.95969019 -0.67807687 -0.80183363
v -0.95969019 -0.67807687 -0.80183363
v -0.91200760 -0.71818107 -0.84928237
v -0.91198580 -0.82497466 -0.74600349
v -0.95969019 -0.67807687 -0.80183363
v -0.91198580 -0.82497466 -0.74600349
v -0.95966952 -0.77890418 -0.70432466
v -0.95966952 -0.77890418 -0.70432466
v -0.91198580 -0.82497466 -0.74600349
v -0.91196653 -0.91704968 -0.62941192
v -0.95966952 -0.77890418 -0.70432466
v -0.91196653 -0.91704968 -0.62941192
v -0.95965136 -0.86583523 -0.59424690
v -0.93765967 0.99981353 0.41665947
v -0.95998580 0.96649174 0.40994105
v -0.91507398 0.99981660 0.48027076
v -0.91507398 0.99981660 0.48027076
v -0.95998580 0.96649174 0.40994105
v -0.95997192 0.90322867 0.53512859
v -0.91507398 0.99981660 0.48027076
v -0.95997192 0.90322867 0.53512859
v -0.91230599 0.95669562 0.56679239
v -0.91230599 0.95669562 0.56679239
v -0.95997192 0.90322867 0.53512859
v -0.95995506 0.82384413 0.65076700
v -0.91230599 0.95669562 0.56679239
v -0.95995506 0.82384413 0.65076700
v -0.91228820 0.87261368 0.68927356
v -0.91228820 0.87261368 0.68927356
v -0.95995506 0.82384413 0.65076700
v -0.95993569 0.72975489 0.75479266
v -0.91228820 0.87261368 0.68927356
v -0.95993569 0.72975489 0.75479266
v -0.91226762 0.77295685 0.79945475
v -0.91226762 0.77295685 0.79945475
v -0.95993569 0.72975489 0.75479266
v -0.95991390 0.62263990 0.84534930
v -0.91226762 0.77295685 0.79945475
v -0.95991390 0.62263990 0.84534930
v -0.91224462 0.65950346 0.89536998
v -0.91224462 0.65950346 0.89536998
v -0.95991390 0.62263990 0.84534930
v -0.95989034 0.50441055 0.92082098
v -0.91224462 0.65950346 0.89536998
v -0.95989034 0.50441055 0.92082098
v -0.91221957 0.53427815 0.97530754
v -0.91221957 0.53427815 0.97530754
v -0.95989034 0.50441055 0.92082098
v -0.95986519 0.37717677 0.97986078
v -0.91221957 0.53427815 0.97530754
v -0.95986519 0.37717677 0.97986078
v -0.91219302 0.39951550 1.03784092
v -0.91219302 0.39951550 1.03784092
v -0.95986519 0.37717677 0.97986078
v -0.95983911 0.24320898 1.02141518
v -0.91219302 0.39951550 1.03784092
v -0.95983911 0.24320898 1.02141518
v -0.91216536 0.25762036 1.08185429
v -0.91216536 0.25762036 1.08185429
v -0.95983911 0.24320898 1.02141518
v -0.95981238 0.10489785 1.04474267
v -0.91216536 0.25762036 1.08185429
v -0.95981238 0.10489785 1.04474267
v -0.91213705 0.11112492 1.10656209
v -0.91213705 0.11112492 1.10656209
v -0.95981238 0.10489785 1.04474267
v -0.95978566 -0.03528843 1.04942694
v -0.91213705 0.11112492 1.10656209
v -0.95978566 -0.03528843 1.04942694
v -0.91210874 -0.03735667 1.11152362
v -0.91210874 -0.03735667 1.11152362
v -0.95978566 -0.03528843 1.04942694
v -0.95975921 -0.17484826 1.03538446
v -0.91210874 -0.03735667 1.11152362
v -0.95975921 -0.17484826 1.03538446
v -0.91208080 -0.18517472 1.09665012
v -0.91208080 -0.18517472 1.09665012
v -0.95975921 -0.17484826 1.03538446
v -0.95973369 -0.31129117 1.00286575
v -0.91208080 -0.18517472 1.09665012
v -0.95973369 -0.31129117 1.00286575
v -0.91205379 -0.32969143 1.06220711
v -0.91205379 -0.32969143 1.06220711
v -0.95973369 -0.31129117 1.00286575
v -0.95970957 -0.44218232 0.95245112
v -0.91205379 -0.32969143 1.06220711
v -0.95970957 -0.44218232 0.95245112
v -0.91202818 -0.46832785 1.00880936
v -0.91202818 -0.46832785 1.00880936
v -0.95970957 -0.44218232 0.95245112
v -0.95968712 -0.56518605 0.88504013
v -0.91202818 -0.46832785 1.00880936
v -0.95968712 -0.56518605 0.88504013
v -0.91200434 -0.59861010 0.93740951
v -0.91200434 -0.59861010 0.93740951
v -0.95968712 -0.56518605 0.88504013
v -0.95966682 -0.67810724 0.80183595
v -0.91200434 -0.59861010 0.93740951
v -0.95966682 -0.67810724 0.80183595
v -0.91198282 -0.71821320 0.84928181
v -0.91198282 -0.71821320 0.84928181
v -0.95966682 -0.67810724 0.80183595
v -0.95964903 -0.77893087 0.70432322
v -0.91198282 -0.71821320 0.84928181
v -0.95964903 -0.77893087 0.70432322
v -0.91196401 -0.82500288 0.74599888
v -0.91196401 -0.82500288 0.74599888
v -0.95964903 -0.77893087 0.70432322
v -0.95963404 -0.86585777 0.59424206
v -0.91196401 -0.82500288 0.74599888
v -0.95963404 -0.86585777 0.59424206
v -0.91194818 -0.91707353 0.62940381
v -0.91194818 -0.91707353 0.62940381
v -0.95963404 -0.86585777 0.59424206
v -0.95962221 -0.93733650 0.47355685
v -0.91194818 -0.91707353 0.62940381
v -0.95962221 -0.93733650 0.47355685
v -0.91193561 -0.99278195 0.50157728
v -0.91193561 -0.99278195 0.50157728
v -0.95962221 -0.93733650 0.47355685
v -0.93917856 -1.00018671 0.41010939
v -0.91193561 -0.99278195 0.50157728
v -0.93917856 -1.00018671 0.41010939
v -0.91495179 -1.00018336 0.47961837
v -0.96396152 0.99982200 -0.29609071
v -0.95999772 0.96650729 -0.40987642
v -0.98995473 0.89988811 -0.38163094
v -0.98995473 0.89988811 -0.38163094
v -0.95999772 0.96650729 -0.40987642
v -0.95998747 0.90324897 -0.53506638
v -0.98995473 0.89988811 -0.38163094
v -0.95998747 0.90324897 -0.53506638
v -0.98994523 0.84098885 -0.49819420
v -0.98994523 0.84098885 -0.49819420
v -0.95998747 0.90324897 -0.53506638
v -0.95997406 0.82386881 -0.65070777
v -0.98994523 0.84098885 -0.49819420
v -0.95997406 0.82386881 -0.65070777
v -0.98993275 0.76707867 -0.60586683
v -0.98993275 0.76707867 -0.60586683
v -0.95997406 0.82386881 -0.65070777
v -0.95995767 0.72978348 -0.75473711
v -0.98993275 0.76707867 -0.60586683
v -0.95995767 0.72978348 -0.75473711
v -0.98991748 0.67947665 -0.70272763
v -0.98991748 0.67947665 -0.70272763
v -0.95995767 0.72978348 -0.75473711
v -0.95993858 0.62267189 -0.84529780
v -0.98991748 0.67947665 -0.70272763
v -0.95993858 0.62267189 -0.84529780
v -0.98989969 0.57974597 -0.78704795
v -0.98989969 0.57974597 -0.78704795
v -0.95993858 0.62267189 -0.84529780
v -0.95991716 0.50444542 -0.92077395
v -0.98989969 0.57974597 -0.78704795
v -0.95991716 0.50444542 -0.92077395
v -0.98987976 0.46966639 -0.85732304
v -0.98987976 0.46966639 -0.85732304
v -0.95991716 0.50444542 -0.92077395
v -0.95989378 0.37721389 -0.97981859
v -0.98987976 0.46966639 -0.85732304
v -0.95989378 0.37721389 -0.97981859
v -0.98985797 0.35120221 -0.91229891
v -0.98985797 0.35120221 -0.91229891
v -0.95989378 0.37721389 -0.97981859
v -0.95986882 0.24324767 -1.02137802
v -0.98985797 0.35120221 -0.91229891
v -0.95986882 0.24324767 -1.02137802
v -0.98983478 0.22646745 -0.95099462
v -0.98983478 0.22646745 -0.95099462
v -0.95986882 0.24324767 -1.02137802
v -0.95984284 0.10493742 -1.04471073
v -0.98983478 0.22646745 -0.95099462
v -0.95984284 0.10493742 -1.04471073
v -0.98981056 0.09768801 -0.97271958
v -0.98981056 0.09768801 -0.97271958
v -0.95984284 0.10493742 -1.04471073
v -0.95981620 -0.03524868 -1.04940031
v -0.98981056 0.09768801 -0.97271958
v -0.95981620 -0.03524868 -1.04940031
v -0.98978579 -0.03283804 -0.97708590
v -0.98978579 -0.03283804 -0.97708590
v -0.95981620 -0.03524868 -1.04940031
v -0.95978947 -0.17480904 -1.03536313
v -0.98978579 -0.03283804 -0.97708590
v -0.95978947 -0.17480904 -1.03536313
v -0.98976083 -0.16278146 -0.96401600
v -0.98976083 -0.16278146 -0.96401600
v -0.95978947 -0.17480904 -1.03536313
v -0.95976293 -0.31125320 -1.00284955
v -0.98976083 -0.16278146 -0.96401600
v -0.95976293 -0.31125320 -1.00284955
v -0.98973615 -0.28982339 -0.93374299
v -0.98973615 -0.28982339 -0.93374299
v -0.95976293 -0.31125320 -1.00284955
v -0.95973732 -0.44214628 -0.95243985
v -0.98973615 -0.28982339 -0.93374299
v -0.95973732 -0.44214628 -0.95243985
v -0.98971231 -0.41169683 -0.88680685
v -0.98971231 -0.41169683 -0.88680685
v -0.95973732 -0.44214628 -0.95243985
v -0.95971292 -0.56515252 -0.88503361
v -0.98971231 -0.41169683 -0.88680685
v -0.95971292 -0.56515252 -0.88503361
v -0.98968958 -0.52622682 -0.82404558
v -0.98968958 -0.52622682 -0.82404558
v -0.95971292 -0.56515252 -0.88503361
v -0.95969019 -0.67807687 -0.80183363
v -0.98968958 -0.52622682 -0.82404558
v -0.95969019 -0.67807687 -0.80183363
v -0.98966835 -0.63136970 -0.74657882
v -0.98966835 -0.63136970 -0.74657882
v -0.95969019 -0.67807687 -0.80183363
v -0.95966952 -0.77890418 -0.70432466
v -0.98966835 -0.63136970 -0.74657882
v -0.95966952 -0.77890418 -0.70432466
v -0.98964917 -0.72524911 -0.65578911
v -0.98964917 -0.72524911 -0.65578911
v -0.95966952 -0.77890418 -0.70432466
v -0.95965136 -0.86583523 -0.59424690
v -0.98964917 -0.72524911 -0.65578911
v -0.95965136 -0.86583523 -0.59424690
v -0.98963231 -0.80618979 -0.55329655
v -0.97245555 -1.00018093 -0.22574875
v -0.98959804 -0.95824022 -0.19473704
v -0.96049812 -1.00017702 -0.31511239
v -0.96049812 -1.00017702 -0.31511239
v -0.98959804 -0.95824022 -0.19473704
v -0.98960651 -0.92373416 -0.32069515
v -0.96049812 -1.00017702 -0.31511239
v -0.98960651 -0.92373416 -0.32069515
v -0.95962370 -0.99207880 -0.34443089
v -0.95962370 -0.99207880 -0.34443089
v -0.98960651 -0.92373416 -0.32069515
v -0.98961797 -0.87274741 -0.44093020
v -0.95962370 -0.99207880 -0.34443089
v -0.98961797 -0.87274741 -0.44093020
v -0.95963599 -0.93731862 -0.47356440
v -0.97989487 0.99981083 0.13041472
v -0.98996041 0.96873166 0.13034020
v -0.97282995 0.99981045 0.22577711
v -0.97282995 0.99981045 0.22577711
v -0.98996041 0.96873166 0.13034020
v -0.98995361 0.94271572 0.25832178
v -0.97282995 0.99981045 0.22577711
v -0.98995361 0.94271572 0.25832178
v -0.96086990 0.99981101 0.31514040
v -0.96086990 0.99981101 0.31514040
v -0.98995361 0.94271572 0.25832178
v -0.98994365 0.89987367 0.38169387
v -0.96086990 0.99981101 0.31514040
v -0.98994365 0.89987367 0.38169387
v -0.95998580 0.96649174 0.40994105
v -0.95998580 0.96649174 0.40994105
v -0.98994365 0.89987367 0.38169387
v -0.98993070 0.84096994 0.49825488
v -0.95998580 0.96649174 0.40994105
v -0.98993070 0.84096994 0.49825488
v -0.95997192 0.90322867 0.53512859
v -0.95997192 0.90322867 0.53512859
v -0.98993070 0.84096994 0.49825488
v -0.98991506 0.76705571 0.60592480
v -0.95997192 0.90322867 0.53512859
v -0.98991506 0.76705571 0.60592480
v -0.95995506 0.82384413 0.65076700
v -0.95995506 0.82384413 0.65076700
v -0.98991506 0.76705571 0.60592480
v -0.98989699 0.67945002 0.70278216
v -0.95995506 0.82384413 0.65076700
v -0.98989699 0.67945002 0.70278216
v -0.95993569 0.72975489 0.75479266
v -0.95993569 0.72975489 0.75479266
v -0.98989699 0.67945002 0.70278216
v -0.98987669 0.57971617 0.78709871
v -0.95993569 0.72975489 0.75479266
v -0.98987669 0.57971617 0.78709871
v -0.95991390 0.62263990 0.84534930
v -0.95991390 0.62263990 0.84534930
v -0.98987669 0.57971617 0.78709871
v -0.98985471 0.46963389 0.85736960
v -0.95991390 0.62263990 0.84534930
v -0.98985471 0.46963389 0.85736960
v -0.95989034 0.50441055 0.92082098
v -0.95989034 0.50441055 0.92082098
v -0.98985471 0.46963389 0.85736960
v -0.98983133 0.35116766 0.91234110
v -0.95989034 0.50441055 0.92082098
v -0.98983133 0.35116766 0.91234110
v -0.95986519 0.37717677 0.97986078
v -0.95986519 0.37717677 0.97986078
v -0.98983133 0.35116766 0.91234110
v -0.98980702 0.22643143 0.95103206
v -0.95986519 0.37717677 0.97986078
v -0.98980702 0.22643143 0.95103206
v -0.95983911 0.24320898 1.02141518
v -0.95983911 0.24320898 1.02141518
v -0.98980702 0.22643143 0.95103206
v -0.98978216 0.09765116 0.97275209
v -0.95983911 0.24320898 1.02141518
v -0.98978216 0.09765116 0.97275209
v -0.95981238 0.10489785 1.04474267
v -0.95981238 0.10489785 1.04474267
v -0.98978216 0.09765116 0.97275209
v -0.98975729 -0.03287505 0.97711356
v -0.95981238 0.10489785 1.04474267
v -0.98975729 -0.03287505 0.97711356
v -0.95978566 -0.03528843 1.04942694
v -0.95978566 -0.03528843 1.04942694
v -0.98975729 -0.03287505 0.97711356
v -0.98973271 -0.16281798 0.96403873
v -0.95978566 -0.03528843 1.04942694
v -0.98973271 -0.16281798 0.96403873
v -0.95975921 -0.17484826 1.03538446
v -0.95975921 -0.17484826 1.03538446
v -0.98973271 -0.16281798 0.96403873
v -0.98970896 -0.28985876 0.93376078
v -0.95975921 -0.17484826 1.03538446
v -0.98970896 -0.28985876 0.93376078
v -0.95973369 -0.31129117 1.00286575
v -0.95973369 -0.31129117 1.00286575
v -0.98970896 -0.28985876 0.93376078
v -0.98968642 -0.41173040 0.88682016
v -0.95973369 -0.31129117 1.00286575
v -0.98968642 -0.41173040 0.88682016
v -0.95970957 -0.44218232 0.95245112
v -0.95970957 -0.44218232 0.95245112
v -0.98968642 -0.41173040 0.88682016
v -0.98966546 -0.52625807 0.82405442
v -0.95970957 -0.44218232 0.95245112
v -0.98966546 -0.52625807 0.82405442
v -0.95968712 -0.56518605 0.88504013
v -0.95968712 -0.56518605 0.88504013
v -0.98966546 -0.52625807 0.82405442
v -0.98964665 -0.63139796 0.74658375
v -0.95968712 -0.56518605 0.88504013
v -0.98964665 -0.63139796 0.74658375
v -0.95966682 -0.67810724 0.80183595
v -0.95966682 -0.67810724 0.80183595
v -0.98964665 -0.63139796 0.74658375
v -0.98963007 -0.72527393 0.65579051
v -0.95966682 -0.67810724 0.80183595
v -0.98963007 -0.72527393 0.65579051
v -0.95964903 -0.77893087 0.70432322
v -0.95964903 -0.77893087 0.70432322
v -0.98963007 -0.72527393 0.65579051
v -0.98961610 -0.80621075 0.55329492
v -0.95964903 -0.77893087 0.70432322
v -0.98961610 -0.80621075 0.55329492
v -0.95963404 -0.86585777 0.59424206
v -0.95963404 -0.86585777 0.59424206
v -0.98961610 -0.80621075 0.55329492
v -0.98960511 -0.87276408 0.44092601
v -0.95963404 -0.86585777 0.59424206
v -0.98960511 -0.87276408 0.44092601
v -0.95962221 -0.93733650 0.47355685
v -0.95962221 -0.93733650 0.47355685
v -0.98960511 -0.87276408 0.44092601
v -0.98959710 -0.92374627 0.32068903
v -0.95962221 -0.93733650 0.47355685
v -0.98959710 -0.92374627 0.32068903
v -0.95961364 -0.99209184 0.34442130
v -0.95961364 -0.99209184 0.34442130
v -0.98959710 -0.92374627 0.32068903
v -0.96357195 -1.00018913 0.29611881
v -0.95961364 -0.99209184 0.34442130
v -0.96357195 -1.00018913 0.29611881
v -0.94563058 -1.00018745 0.38611926
v -0.99985292 -0.80344975 -0.40590977
v -0.99986438 -0.75018103 -0.49749338
v -0.98963231 -0.80618979 -0.55329655
v -0.99986438 -0.75018103 -0.49749338
v -0.99986605 -0.74217822 -0.50935186
v -0.98963231 -0.80618979 -0.55329655
v -0.98963231 -0.80618979 -0.55329655
v -0.99986605 -0.74217822 -0.50935186
v -0.99988161 -0.66766595 -0.60370434
v -0.98963231 -0.80618979 -0.55329655
v -0.99988161 -0.66766595 -0.60370434
v -0.98964917 -0.72524911 -0.65578911
v -0.98964917 -0.72524911 -0.65578911
v -0.99988161 -0.66766595 -0.60370434
v -0.99989930 -0.58124252 -0.68728337
v -0.98964917 -0.72524911 -0.65578911
v -0.99989930 -0.58124252 -0.68728337
v -0.98966835 -0.63136970 -0.74657882
v -0.98966835 -0.63136970 -0.74657882
v -0.99989930 -0.58124252 -0.68728337
v -0.99991877 -0.48445021 -0.75859767
v -0.98966835 -0.63136970 -0.74657882
v -0.99991877 -0.48445021 -0.75859767
v -0.98968958 -0.52622682 -0.82404558
v -0.98968958 -0.52622682 -0.82404558
v -0.99991877 -0.48445021 -0.75859767
v -0.99993972 -0.37901630 -0.81637446
v -0.98968958 -0.52622682 -0.82404558
v -0.99993972 -0.37901630 -0.81637446
v -0.98971231 -0.41169683 -0.88680685
v -0.98971231 -0.41169683 -0.88680685
v -0.99993972 -0.37901630 -0.81637446
v -0.99996170 -0.26682222 -0.85958270
v -0.98971231 -0.41169683 -0.88680685
v -0.99996170 -0.26682222 -0.85958270
v -0.98973615 -0.28982339 -0.93374299
v -0.98973615 -0.28982339 -0.93374299
v -0.99996170 -0.26682222 -0.85958270
v -0.99998442 -0.14987009 -0.88745141
v -0.98973615 -0.28982339 -0.93374299
v -0.99998442 -0.14987009 -0.88745141
v -0.98976083 -0.16278146 -0.96401600
v -0.98976083 -0.16278146 -0.96401600
v -0.99998442 -0.14987009 -0.88745141
v -1.00000734 -0.03024693 -0.89948336
v -0.98976083 -0.16278146 -0.96401600
v -1.00000734 -0.03024693 -0.89948336
v -0.98978579 -0.03283804 -0.97708590
v -0.98978579 -0.03283804 -0.97708590
v -1.00000734 -0.03024693 -0.89948336
v -1.00003015 0.08991259 -0.89546377
v -0.98978579 -0.03283804 -0.97708590
v -1.00003015 0.08991259 -0.89546377
v -0.98981056 0.09768801 -0.97271958
v -0.98981056 0.09768801 -0.97271958
v -1.00003015 0.08991259 -0.89546377
v -1.00005250 0.20846424 -0.87546427
v -0.98981056 0.09768801 -0.97271958
v -1.00005250 0.20846424 -0.87546427
v -0.98983478 0.22646745 -0.95099462
v -0.98983478 0.22646745 -0.95099462
v -1.00005250 0.20846424 -0.87546427
v -1.00007383 0.32329243 -0.83984183
v -0.98983478 0.22646745 -0.95099462
v -1.00007383 0.32329243 -0.83984183
v -0.98985797 0.35120221 -0.91229891
v -0.98985797 0.35120221 -0.91229891
v -1.00007383 0.32329243 -0.83984183
v -1.00009385 0.43234802 -0.78923218
v -0.98985797 0.35120221 -0.91229891
v -1.00009385 0.43234802 -0.78923218
v -0.98987976 0.46966639 -0.85732304
v -0.98987976 0.46966639 -0.85732304
v -1.00009385 0.43234802 -0.78923218
v -1.00011220 0.53368500 -0.72453837
v -0.98987976 0.46966639 -0.85732304
v -1.00011220 0.53368500 -0.72453837
v -0.98989969 0.57974597 -0.78704795
v -0.98989969 0.57974597 -0.78704795
v -1.00011220 0.53368500 -0.72453837
v -1.00012859 0.62549491 -0.64691491
v -0.98989969 0.57974597 -0.78704795
v -1.00012859 0.62549491 -0.64691491
v -0.98991748 0.67947665 -0.70272763
v -0.98991748 0.67947665 -0.70272763
v -1.00012859 0.62549491 -0.64691491
v -1.00014266 0.70613953 -0.55774697
v -0.98991748 0.67947665 -0.70272763
v -1.00014266 0.70613953 -0.55774697
v -0.98993275 0.76707867 -0.60586683
v -0.98993275 0.76707867 -0.60586683
v -1.00014266 0.70613953 -0.55774697
v -1.00015420 0.77417963 -0.45862575
v -0.98993275 0.76707867 -0.60586683
v -1.00015420 0.77417963 -0.45862575
v -0.98994523 0.84098885 -0.49819420
v -0.98994523 0.84098885 -0.49819420
v -1.00015420 0.77417963 -0.45862575
v -1.00016296 0.82840109 -0.35132007
v -0.98994523 0.84098885 -0.49819420
v -1.00016296 0.82840109 -0.35132007
v -0.98995473 0.89988811 -0.38163094
v -0.98995473 0.89988811 -0.38163094
v -1.00016296 0.82840109 -0.35132007
v -1.00016883 0.86783627 -0.23774486
v -0.98995473 0.89988811 -0.38163094
v -1.00016883 0.86783627 -0.23774486
v -0.98996107 0.94272550 -0.25825722
v -0.98996107 0.94272550 -0.25825722
v -1.00016883 0.86783627 -0.23774486
v -1.00017162 0.89178151 -0.11992679
v -0.98996107 0.94272550 -0.25825722
v -1.00017162 0.89178151 -0.11992679
v -0.98996423 0.96873660 -0.13027461
v -0.98996423 0.96873660 -0.13027461
v -1.00017162 0.89178151 -0.11992679
v -1.00017143 0.89980941 0.00003162
v -0.98996423 0.96873660 -0.13027461
v -1.00017143 0.89980941 0.00003162
v -0.98996395 0.97745713 0.00003294
v -0.98996395 0.97745713 0.00003294
v -1.00017143 0.89980941 0.00003162
v -1.00016817 0.89177694 0.11998973
v -0.98996395 0.97745713 0.00003294
v -1.00016817 0.89177694 0.11998973
v -0.98996041 0.96873166 0.13034020
v -0.98996041 0.96873166 0.13034020
v -1.00016817 0.89177694 0.11998973
v -1.00016184 0.86782724 0.23780689
v -0.98996041 0.96873166 0.13034020
v -1.00016184 0.86782724 0.23780689
v -0.98995361 0.94271572 0.25832178
v -0.98995361 0.94271572 0.25832178
v -1.00016184 0.86782724 0.23780689
v -1.00015271 0.82838777 0.35138063
v -0.98995361 0.94271572 0.25832178
v -1.00015271 0.82838777 0.35138063
v -0.98994365 0.89987367 0.38169387
v -0.98994365 0.89987367 0.38169387
v -1.00015271 0.82838777 0.35138063
v -1.00014079 0.77416222 0.45868424
v -0.98994365 0.89987367 0.38169387
v -1.00014079 0.77416222 0.45868424
v -0.98993070 0.84096994 0.49825488
v -0.98993070 0.84096994 0.49825488
v -1.00014079 0.77416222 0.45868424
v -1.00012636 0.70611839 0.55780285
v -0.98993070 0.84096994 0.49825488
v -1.00012636 0.70611839 0.55780285
v -0.98991506 0.76705571 0.60592480
v -0.98991506 0.76705571 0.60592480
v -1.00012636 0.70611839 0.55780285
v -1.00010969 0.62547042 0.64696772
v -0.98991506 0.76705571 0.60592480
v -1.00010969 0.62547042 0.64696772
v -0.98989699 0.67945002 0.70278216
v -0.98989699 0.67945002 0.70278216
v -1.00010969 0.62547042 0.64696772
v -1.00009115 0.53365752 0.72458773
v -0.98989699 0.67945002 0.70278216
v -1.00009115 0.53365752 0.72458773
v -0.98987669 0.57971617 0.78709871
v -0.98987669 0.57971617 0.78709871
v -1.00009115 0.53365752 0.72458773
v -1.00007085 0.43231812 0.78927772
v -0.98987669 0.57971617 0.78709871
v -1.00007085 0.43231812 0.78927772
v -0.98985471 0.46963389 0.85736960
v -0.98985471 0.46963389 0.85736960
v -1.00007085 0.43231812 0.78927772
v -1.00004934 0.32326060 0.83988328
v -0.98985471 0.46963389 0.85736960
v -1.00004934 0.32326060 0.83988328
v -0.98983133 0.35116766 0.91234110
v -0.98983133 0.35116766 0.91234110
v -1.00004934 0.32326060 0.83988328
v -1.00002699 0.20843106 0.87550133
v -0.98983133 0.35116766 0.91234110
v -1.00002699 0.20843106 0.87550133
v -0.98980702 0.22643143 0.95103206
v -0.98980702 0.22643143 0.95103206
v -1.00002699 0.20843106 0.87550133
v -1.00000408 0.08987868 0.89549627
v -0.98980702 0.22643143 0.95103206
v -1.00000408 0.08987868 0.89549627
v -0.98978216 0.09765116 0.97275209
v -0.98978216 0.09765116 0.97275209
v -1.00000408 0.08987868 0.89549627
v -0.99998116 -0.03028100 0.89951139
v -0.98978216 0.09765116 0.97275209
v -0.99998116 -0.03028100 0.89951139
v -0.98975729 -0.03287505 0.97711356
v -0.98975729 -0.03287505 0.97711356
v -0.99998116 -0.03028100 0.89951139
v -0.99995853 -0.14990370 0.88747498
v -0.98975729 -0.03287505 0.97711356
v -0.99995853 -0.14990370 0.88747498
v -0.98973271 -0.16281798 0.96403873
v -0.98973271 -0.16281798 0.96403873
v -0.99995853 -0.14990370 0.88747498
v -0.99993665 -0.26685477 0.85960180
v -0.98973271 -0.16281798 0.96403873
v -0.99993665 -0.26685477 0.85960180
v -0.98970896 -0.28985876 0.93376078
v -0.98970896 -0.28985876 0.93376078
v -0.99993665 -0.26685477 0.85960180
v -0.99991588 -0.37904722 0.81638917
v -0.98970896 -0.28985876 0.93376078
v -0.99991588 -0.37904722 0.81638917
v -0.98968642 -0.41173040 0.88682016
v -0.98968642 -0.41173040 0.88682016
v -0.99991588 -0.37904722 0.81638917
v -0.99989669 -0.48447894 0.75860843
v -0.98968642 -0.41173040 0.88682016
v -0.99989669 -0.48447894 0.75860843
v -0.98966546 -0.52625807 0.82405442
v -0.98966546 -0.52625807 0.82405442
v -0.99989669 -0.48447894 0.75860843
v -0.99987928 -0.58126855 0.68729054
v -0.98966546 -0.52625807 0.82405442
v -0.99987928 -0.58126855 0.68729054
v -0.98964665 -0.63139796 0.74658375
v -0.98964665 -0.63139796 0.74658375
v -0.99987928 -0.58126855 0.68729054
v -0.99986400 -0.66768881 0.60370816
v -0.98964665 -0.63139796 0.74658375
v -0.99986400 -0.66768881 0.60370816
v -0.98963007 -0.72527393 0.65579051
v -0.98963007 -0.72527393 0.65579051
v -0.99986400 -0.66768881 0.60370816
v -0.99985125 -0.74219755 0.50935289
v -0.98963007 -0.72527393 0.65579051
v -0.99985125 -0.74219755 0.50935289
v -0.98961610 -0.80621075 0.55329492
v -0.98961610 -0.80621075 0.55329492
v -0.99985125 -0.74219755 0.50935289
v -0.99984109 -0.80346512 0.40590847
v -0.98961610 -0.80621075 0.55329492
v -0.99984109 -0.80346512 0.40590847
v -0.98960511 -0.87276408 0.44092601
v -0.98960511 -0.87276408 0.44092601
v -0.99984109 -0.80346512 0.40590847
v -0.99983374 -0.85039819 0.29522085
v -0.98960511 -0.87276408 0.44092601
v -0.99983374 -0.85039819 0.29522085
v -0.98959710 -0.92374627 0.32068903
v -0.98959710 -0.92374627 0.32068903
v -0.99983374 -0.85039819 0.29522085
v -0.99982936 -0.88215945 0.17926525
v -0.98959710 -0.92374627 0.32068903
v -0.99982936 -0.88215945 0.17926525
v -0.98959235 -0.95824758 0.19472960
v -0.98959235 -0.95824758 0.19472960
v -0.99982936 -0.88215945 0.17926525
v -0.99982806 -0.89818174 0.06011095
v -0.98959235 -0.95824758 0.19472960
v -0.99982806 -0.89818174 0.06011095
v -0.98959096 -0.97565232 0.06529549
v -0.98959096 -0.97565232 0.06529549
v -0.99982806 -0.89818174 0.06011095
v -0.99982983 -0.89817951 -0.06011579
v -0.98959096 -0.97565232 0.06529549
v -0.99982983 -0.89817951 -0.06011579
v -0.98959291 -0.97564980 -0.06530357
v -0.98959291 -0.97564980 -0.06530357
v -0.99982983 -0.89817951 -0.06011579
v -0.99983457 -0.88215265 -0.17926953
v -0.98959291 -0.97564980 -0.06530357
v -0.99983457 -0.88215265 -0.17926953
v -0.98959804 -0.95824022 -0.19473704
v -0.98959804 -0.95824022 -0.19473704
v -0.99983457 -0.88215265 -0.17926953
v -0.99984230 -0.85038701 -0.29522390
v -0.98959804 -0.95824022 -0.19473704
v -0.99984230 -0.85038701 -0.29522390
v -0.98960651 -0.92373416 -0.32069515
v -0.98960651 -0.92373416 -0.32069515
v -0.99984230 -0.85038701 -0.29522390
v -0.99985292 -0.80344975 -0.40590977
v -0.98960651 -0.92373416 -0.32069515
v -0.99985292 -0.80344975 -0.40590977
v -0.98961797 -0.87274741 -0.44093020
v -0.98961797 -0.87274741 -0.44093020
v -0.99985292 -0.80344975 -0.40590977
v -0.98963231 -0.80618979 -0.55329655
v -0.98961797 -0.87274741 -0.44093020
v -0.98963231 -0.80618979 -0.55329655
v -0.95963599 -0.93731862 -0.47356440
v -0.95963599 -0.93731862 -0.47356440
v -0.98963231 -0.80618979 -0.55329655
v -0.95965136 -0.86583523 -0.59424690
v -0.95963599 -0.93731862 -0.47356440
v -0.95965136 -0.86583523 -0.59424690
v -0.91195023 -0.99276295 -0.50158831
v -0.91195023 -0.99276295 -0.50158831
v -0.95965136 -0.86583523 -0.59424690
v -0.91196653 -0.91704968 -0.62941192
v -0.91195023 -0.99276295 -0.50158831
v -0.91196653 -0.91704968 -0.62941192
v -0.89604929 -1.00016082 -0.51957290
v -0.89604929 -1.00016082 -0.51957290
v -0.91196653 -0.91704968 -0.62941192
v -0.86849518 -1.00015476 -0.56401631
v 0.69984728 0.86594550 0.83087450
v 0.69985376 0.83434787 0.86259404
v 0.77750068 0.82725631 0.85524470
v 0.69988016 0.70406836 0.97183110
v 0.69990559 0.57681152 1.05234068
v 0.77755204 0.57191388 1.04337502
v 0.69991690 0.51966882 1.08169354
v 0.69993427 0.43140147 1.11981472
v 0.77758050 0.42774244 1.11027434
v 0.69995625 0.31864673 1.15694674
v 0.69996412 0.27829541 1.16730537
v 0.77761007 0.27594068 1.15736052
v 0.69999704 0.10743374 1.19518293
v 0.70002521 -0.03998734 1.19931893
v 0.77767065 -0.03963078 1.18910130
v 0.70003797 -0.10721233 1.19517883
v 0.70005534 -0.19948429 1.18327029
v 0.77770054 -0.19776905 1.17318938
v 0.70007765 -0.31842387 1.15693463
v 0.70008449 -0.35541905 1.14610605
v 0.77772946 -0.35237549 1.13634169
v 0.70011481 -0.51944312 1.08167380
v 0.70013781 -0.64558466 1.01144826
v 0.77778231 -0.64006927 1.00283101
v 0.70014833 -0.70383851 0.97180437
v 0.70016100 -0.77463742 0.91635771
v 0.77780532 -0.76802270 0.90855053
v 0.70017711 -0.86571025 0.83084172
v 0.70018135 -0.88986447 0.80491463
v 0.77782548 -0.88226814 0.79805665
v 0.70015290 -0.86567877 -0.83089489
v 0.70013432 -0.77460273 -0.91640754
v 0.77777882 -0.76798829 -0.90860222
v 0.70008328 -0.51940214 -1.08171394
v 0.70008044 -0.50496776 -1.08852889
v 0.77772541 -0.50065024 -1.07925739
v 0.70004389 -0.31838005 -1.15696713
v 0.70002084 -0.19943947 -1.18329832
v 0.77766632 -0.19772460 -1.17321946
v 0.69996221 0.10747901 -1.19519923
v 0.69995979 0.12027078 -1.19398134
v 0.77760578 0.11926218 -1.18381158
v 0.69992254 0.31869055 -1.15695503
v 0.69990158 0.43144389 -1.11981872
v 0.77754809 0.42778449 -1.11028077
v 0.69985180 0.70410515 -0.97182477
v 0.69985040 0.71196733 -0.96608074
v 0.77749733 0.70591830 -0.95785242
v 0.69982302 0.86597698 -0.83086211
v 0.69980985 0.94190668 -0.74369223
v 0.77745714 0.93389889 -0.73735830
v 0.95964335 0.90359431 0.53510061
v 0.98962476 0.84134704 0.49822605
v 0.98961182 0.90025077 0.38166502
v 0.95997918 -0.93695289 -0.47359238
v 0.98993750 -0.87237032 -0.44095907
v 0.98994896 -0.92335707 -0.32072400
v 0.83644697 -0.99985208 0.60207658
v 0.86887600 -0.99984519 0.56397845
v 0.85019171 -0.95604416 0.65635922
v 0.96087903 -0.99982293 0.31507451
v 0.96000154 -0.99172620 0.34439331
v 0.94283698 -0.99982796 0.39832536
v 0.94601139 -0.99981250 -0.38615717
v 0.95999148 -0.99171316 -0.34445887
v 0.96395286 -0.99981073 -0.29615669
v 0.73581105 1.00015262 -0.65938444
v 0.77290935 1.00015951 -0.64681116
v 0.77745714 0.93389889 -0.73735830
v 0.86847860 1.00017609 -0.56400374
v 0.84980130 0.99807344 -0.59105079
v 0.83604846 1.00017069 -0.60210098
v 0.91469297 1.00018336 -0.48023290
v 0.93727866 1.00018643 -0.41662161
v 0.95961746 0.96687293 -0.40990440
v 0.69981925 1.00012077 0.66333371
v 0.69983155 0.94187846 0.74370750
v 0.73852162 1.00012822 0.65878704
v 0.73852162 1.00012822 0.65878704
v 0.69983155 0.94187846 0.74370750
v 0.77747861 0.93387095 0.73737097
v 0.73852162 1.00012822 0.65878704
v 0.77747861 0.93387095 0.73737097
v 0.76587088 1.00013353 0.64992006
v 0.76587088 1.00013353 0.64992006
v 0.77747861 0.93387095 0.73737097
v 0.77778297 1.00013595 0.64449781
v 0.77778297 1.00013595 0.64449781
v 0.77747861 0.93387095 0.73737097
v 0.80325352 1.00014107 0.62944326
v 0.80325352 1.00014107 0.62944326
v 0.77747861 0.93387095 0.73737097
v 0.84983706 0.91036456 0.71879551
v 0.80325352 1.00014107 0.62944326
v 0.84983706 0.91036456 0.71879551
v 0.82267523 1.00014508 0.61445637
v 0.84981853 0.99805100 0.59106378
v 0.91195805 0.95704310 0.56676581
v 0.85784374 1.00015244 0.57796650
v 0.85784374 1.00015244 0.57796650
v 0.91195805 0.95704310 0.56676581
v 0.88488469 1.00015830 0.53922422
v 0.96358052 1.00017795 0.29612861
v 0.94564175 1.00017283 0.38612958
v 0.95962947 0.96685747 0.40991306
v 0.95962947 0.96685747 0.40991306
v 0.94564175 1.00017283 0.38612958
v 0.93919057 1.00017115 0.41011991
v 0.95962947 0.96685747 0.40991306
v 0.93919057 1.00017115 0.41011991
v 0.91496566 1.00016519 0.47962954
v 0.96358052 1.00017795 0.29612861
v 0.98959506 0.96910875 0.13031134
v 0.97606545 1.00018242 0.18506229
v 0.97606545 1.00018242 0.18506229
v 0.98959506 0.96910875 0.13031134
v 0.98959152 0.97783422 0.00000409
v 0.97606545 1.00018242 0.18506229
v 0.98959152 0.97783422 0.00000409
v 0.98237731 1.00018634 0.03939795
v 0.98237731 1.00018634 0.03939795
v 0.98959152 0.97783422 0.00000409
v 0.98038809 1.00018885 -0.11136486
v 0.98038809 1.00018885 -0.11136486
v 0.98959152 0.97783422 0.00000409
v 0.98959124 0.96911369 -0.13030347
v 0.98038809 1.00018885 -0.11136486
v 0.98959124 0.96911369 -0.13030347
v 0.97951386 1.00018904 -0.13037683
v 0.97951386 1.00018904 -0.13037683
v 0.98959124 0.96911369 -0.13030347
v 0.97244894 1.00018950 -0.22573923
v 0.97244894 1.00018950 -0.22573923
v 0.98959124 0.96911369 -0.13030347
v 0.98959440 0.94310259 -0.25828609
v 0.97244894 1.00018950 -0.22573923
v 0.98959440 0.94310259 -0.25828609
v 0.96048890 1.00018894 -0.31510252
v 0.98959440 0.94310259 -0.25828609
v 0.98960074 0.90026520 -0.38165981
v 0.96048890 1.00018894 -0.31510252
v 0.96048890 1.00018894 -0.31510252
v 0.98960074 0.90026520 -0.38165981
v 0.95961746 0.96687293 -0.40990440
v 0.96048890 1.00018894 -0.31510252
v 0.95961746 0.96687293 -0.40990440
v 0.94244443 1.00018708 -0.39835279
v 0.94244443 1.00018708 -0.39835279
v 0.95961746 0.96687293 -0.40990440
v 0.93727866 1.00018643 -0.41662161
v 0.84980130 0.99807344 -0.59105079
v 0.86847860 1.00017609 -0.56400374
v 0.91194157 0.95706461 -0.56675612
v 0.77745714 0.93389889 -0.73735830
v 0.77290935 1.00015951 -0.64681116
v 0.84981611 0.91039184 -0.71878578
v 0.84981611 0.91039184 -0.71878578
v 0.77290935 1.00015951 -0.64681116
v 0.79447506 1.00016333 -0.63516325
v 0.84981611 0.91039184 -0.71878578
v 0.79447506 1.00016333 -0.63516325
v 0.82890289 1.00016939 -0.60890401
v 0.73581105 1.00015262 -0.65938444
v 0.77745714 0.93389889 -0.73735830
v 0.70677497 1.00014722 -0.66316966
v 0.70677497 1.00014722 -0.66316966
v 0.77745714 0.93389889 -0.73735830
v 0.69980985 0.94190668 -0.74369223
v 0.70677497 1.00014722 -0.66316966
v 0.69980985 0.94190668 -0.74369223
v 0.69979993 1.00014582 -0.66331620
v 0.70018088 -0.99985404 -0.66335411
v 0.70017865 -0.98918369 -0.67916545
v 0.73888339 -0.99984678 -0.65880860
v 0.73888339 -0.99984678 -0.65880860
v 0.70017865 -0.98918369 -0.67916545
v 0.77782278 -0.98074125 -0.67338119
v 0.73888339 -0.99984678 -0.65880860
v 0.77782278 -0.98074125 -0.67338119
v 0.76623289 -0.99984175 -0.64994246
v 0.76623289 -0.99984175 -0.64994246
v 0.77782278 -0.98074125 -0.67338119
v 0.80361608 -0.99983504 -0.62946663
v 0.80361608 -0.99983504 -0.62946663
v 0.77782278 -0.98074125 -0.67338119
v 0.85017262 -0.95601929 -0.65642027
v 0.80361608 -0.99983504 -0.62946663
v 0.85017262 -0.95601929 -0.65642027
v 0.82303835 -0.99983159 -0.61448035
v 0.91229752 -0.91670221 -0.62943855
v 0.88524986 -0.99982116 -0.53925007
v 0.85017262 -0.95601929 -0.65642027
v 0.85017262 -0.95601929 -0.65642027
v 0.88524986 -0.99982116 -0.53925007
v 0.85820779 -0.99982554 -0.57799146
v 0.85017262 -0.95601929 -0.65642027
v 0.85820779 -0.99982554 -0.57799146
v 0.82303835 -0.99983159 -0.61448035
v 0.91533270 -0.99981651 -0.47965623
v 0.91231382 -0.99241547 -0.50161490
v 0.93955966 -0.99981325 -0.41014729
v 0.93955966 -0.99981325 -0.41014729
v 0.91231382 -0.99241547 -0.50161490
v 0.95997918 -0.93695289 -0.47359238
v 0.98996311 -0.95787048 0.19470075
v 0.97283646 -0.99981893 0.22571087
v 0.97989859 -0.99981576 0.13034827
v 0.98996311 -0.95787048 0.19470075
v 0.97989859 -0.99981576 0.13034827
v 0.98996451 -0.97527523 0.06526663
v 0.97283646 -0.99981893 0.22571087
v 0.98996311 -0.95787048 0.19470075
v 0.96087903 -0.99982293 0.31507451
v 0.96087903 -0.99982293 0.31507451
v 0.98996311 -0.95787048 0.19470075
v 0.98995836 -0.92336927 0.32066018
v 0.96087903 -0.99982293 0.31507451
v 0.98995836 -0.92336927 0.32066018
v 0.96000154 -0.99172620 0.34439331
v 0.93767177 -0.99982927 0.41659428
v 0.95999297 -0.93697086 0.47352887
v 0.91508795 -0.99983476 0.48020622
v 0.91508795 -0.99983476 0.48020622
v 0.95999297 -0.93697086 0.47352887
v 0.91232844 -0.99243447 0.50155069
v 0.91508795 -0.99983476 0.48020622
v 0.91232844 -0.99243447 0.50155069
v 0.89643020 -0.99983905 0.51953499
v 0.85019171 -0.95604416 0.65635922
v 0.86887600 -0.99984519 0.56397845
v 0.91231586 -0.91672605 0.62937723
v 0.73621124 -0.99987229 0.65936297
v 0.77784243 -0.98076677 0.67332131
v 0.70717530 -0.99987788 0.66314898
v 0.70717530 -0.99987788 0.66314898
v 0.77784243 -0.98076677 0.67332131
v 0.70019844 -0.98920939 0.67910757
v 0.70717530 -0.99987788 0.66314898
v 0.70019844 -0.98920939 0.67910757
v 0.70020026 -0.99987919 0.66329581
v 0.73621124 -0.99987229 0.65936297
v 0.77330917 -0.99986494 0.64678867
v 0.77784243 -0.98076677 0.67332131
v 0.77784243 -0.98076677 0.67332131
v 0.77330917 -0.99986494 0.64678867
v 0.79487450 -0.99986065 0.63514006
v 0.77784243 -0.98076677 0.67332131
v 0.79487450 -0.99986065 0.63514006
v 0.85019171 -0.95604416 0.65635922
v 0.85019171 -0.95604416 0.65635922
v 0.79487450 -0.99986065 0.63514006
v 0.82930159 -0.99985357 0.60887984
v 0.85019171 -0.95604416 0.65635922
v 0.82930159 -0.99985357 0.60887984
v 0.83644697 -0.99985208 0.60207658
v 1.00013558 -0.74980007 -0.49752253
v 1.00014703 -0.80306875 -0.40593892
v 0.98993750 -0.87237032 -0.44095907
v 0.98993750 -0.87237032 -0.44095907
v 1.00014703 -0.80306875 -0.40593892
v 1.00015756 -0.85000601 -0.29525305
v 0.98993750 -0.87237032 -0.44095907
v 1.00015756 -0.85000601 -0.29525305
v 0.98994896 -0.92335707 -0.32072400
v 0.98994896 -0.92335707 -0.32072400
v 1.00015756 -0.85000601 -0.29525305
v 1.00016529 -0.88177165 -0.17929868
v 0.98994896 -0.92335707 -0.32072400
v 1.00016529 -0.88177165 -0.17929868
v 0.98995743 -0.95786313 -0.19476588
v 0.98995743 -0.95786313 -0.19476588
v 1.00016529 -0.88177165 -0.17929868
v 1.00017013 -0.89779850 -0.06014495
v 0.98995743 -0.95786313 -0.19476588
v 1.00017013 -0.89779850 -0.06014495
v 0.98996256 -0.97527271 -0.06533243
v 0.98996256 -0.97527271 -0.06533243
v 1.00017013 -0.89779850 -0.06014495
v 1.00017190 -0.89780083 0.06008179
v 0.98996256 -0.97527271 -0.06533243
v 1.00017190 -0.89780083 0.06008179
v 0.98996451 -0.97527523 0.06526663
v 0.98996451 -0.97527523 0.06526663
v 1.00017190 -0.89780083 0.06008179
v 1.00017060 -0.88177845 0.17923610
v 0.98996451 -0.97527523 0.06526663
v 1.00017060 -0.88177845 0.17923610
v 0.98996311 -0.95787048 0.19470075
v 0.98996311 -0.95787048 0.19470075
v 1.00017060 -0.88177845 0.17923610
v 1.00016622 -0.85001728 0.29519170
v 0.98996311 -0.95787048 0.19470075
v 1.00016622 -0.85001728 0.29519170
v 0.98995836 -0.92336927 0.32066018
v 0.99983178 0.89215795 0.11996058
v 0.98960185 0.94309282 0.25829293
v 0.99983802 0.86820824 0.23777771
v 0.99983802 0.86820824 0.23777771
v 0.98960185 0.94309282 0.25829293
v 0.98961182 0.90025077 0.38166502
v 0.99983802 0.86820824 0.23777771
v 0.98961182 0.90025077 0.38166502
v 0.99984724 0.82876878 0.35135148
v 0.99984724 0.82876878 0.35135148
v 0.98961182 0.90025077 0.38166502
v 0.98962476 0.84134704 0.49822605
v 0.99984724 0.82876878 0.35135148
v 0.98962476 0.84134704 0.49822605
v 0.99985916 0.77454322 0.45865509
v 0.98959506 0.96910875 0.13031134
v 0.99982852 0.90019042 0.00000247
v 0.98959152 0.97783422 0.00000409
v 0.98959152 0.97783422 0.00000409
v 0.99982852 0.90019042 0.00000247
v 0.99982824 0.89216251 -0.11995594
v 0.98959152 0.97783422 0.00000409
v 0.99982824 0.89216251 -0.11995594
v 0.98959124 0.96911369 -0.13030347
v 0.98959124 0.96911369 -0.13030347
v 0.99982824 0.89216251 -0.11995594
v 0.99983113 0.86821727 -0.23777401
v 0.98959124 0.96911369 -0.13030347
v 0.99983113 0.86821727 -0.23777401
v 0.98959440 0.94310259 -0.25828609
v 0.98959440 0.94310259 -0.25828609
v 0.99983113 0.86821727 -0.23777401
v 0.99983700 0.82878210 -0.35134922
v 0.98959440 0.94310259 -0.25828609
v 0.99983700 0.82878210 -0.35134922
v 0.98960074 0.90026520 -0.38165981
v 0.99983700 0.82878210 -0.35134922
v 0.99984575 0.77456059 -0.45865490
v 0.98960074 0.90026520 -0.38165981
v 0.98960074 0.90026520 -0.38165981
v 0.99984575 0.77456059 -0.45865490
v 0.98961024 0.84136594 -0.49822307
v 0.98960074 0.90026520 -0.38165981
v 0.98961024 0.84136594 -0.49822307
v 0.95961746 0.96687293 -0.40990440
v 0.95961746 0.96687293 -0.40990440
v 0.98961024 0.84136594 -0.49822307
v 0.95962770 0.90361461 -0.53509437
v 0.95961746 0.96687293 -0.40990440
v 0.95962770 0.90361461 -0.53509437
v 0.91469297 1.00018336 -0.48023290
v 0.91469297 1.00018336 -0.48023290
v 0.95962770 0.90361461 -0.53509437
v 0.91194157 0.95706461 -0.56675612
v 0.91469297 1.00018336 -0.48023290
v 0.91194157 0.95706461 -0.56675612
v 0.89603411 1.00018056 -0.51956116
v 0.89603411 1.00018056 -0.51956116
v 0.91194157 0.95706461 -0.56675612
v 0.86847860 1.00017609 -0.56400374
v 0.97989859 -0.99981576 0.13034827
v 0.98077226 -0.99981530 0.11133627
v 0.98996451 -0.97527523 0.06526663
v 0.98996451 -0.97527523 0.06526663
v 0.98077226 -0.99981530 0.11133627
v 0.98275719 -0.99981204 -0.03942658
v 0.98996451 -0.97527523 0.06526663
v 0.98275719 -0.99981204 -0.03942658
v 0.98996256 -0.97527271 -0.06533243
v 0.98996256 -0.97527271 -0.06533243
v 0.98275719 -0.99981204 -0.03942658
v 0.97644106 -0.99981045 -0.18509075
v 0.98996256 -0.97527271 -0.06533243
v 0.97644106 -0.99981045 -0.18509075
v 0.98995743 -0.95786313 -0.19476588
v 0.98995743 -0.95786313 -0.19476588
v 0.97644106 -0.99981045 -0.18509075
v 0.96395286 -0.99981073 -0.29615669
v 0.98995743 -0.95786313 -0.19476588
v 0.96395286 -0.99981073 -0.29615669
v 0.98994896 -0.92335707 -0.32072400
v 0.98994896 -0.92335707 -0.32072400
v 0.96395286 -0.99981073 -0.29615669
v 0.95999148 -0.99171316 -0.34445887
v 0.98994896 -0.92335707 -0.32072400
v 0.95999148 -0.99171316 -0.34445887
v 0.95997918 -0.93695289 -0.47359238
v 0.95997918 -0.93695289 -0.47359238
v 0.95999148 -0.99171316 -0.34445887
v 0.94601139 -0.99981250 -0.38615717
v 0.95997918 -0.93695289 -0.47359238
v 0.94601139 -0.99981250 -0.38615717
v 0.93955966 -0.99981325 -0.41014729
v 1.00016622 -0.85001728 0.29519170
v 1.00015886 -0.80308411 0.40587932
v 0.98995836 -0.92336927 0.32066018
v 0.98995836 -0.92336927 0.32066018
v 1.00015886 -0.80308411 0.40587932
v 0.98995036 -0.87238699 0.44089714
v 0.98995836 -0.92336927 0.32066018
v 0.98995036 -0.87238699 0.44089714
v 0.96000154 -0.99172620 0.34439331
v 0.96000154 -0.99172620 0.34439331
v 0.98995036 -0.87238699 0.44089714
v 0.95999297 -0.93697086 0.47352887
v 0.96000154 -0.99172620 0.34439331
v 0.95999297 -0.93697086 0.47352887
v 0.94283698 -0.99982796 0.39832536
v 0.94283698 -0.99982796 0.39832536
v 0.95999297 -0.93697086 0.47352887
v 0.93767177 -0.99982927 0.41659428
v 0.88488469 1.00015830 0.53922422
v 0.91195805 0.95704310 0.56676581
v 0.91496566 1.00016519 0.47962954
v 0.91496566 1.00016519 0.47962954
v 0.91195805 0.95704310 0.56676581
v 0.95964335 0.90359431 0.53510061
v 0.91496566 1.00016519 0.47962954
v 0.95964335 0.90359431 0.53510061
v 0.95962947 0.96685747 0.40991306
v 0.95962947 0.96685747 0.40991306
v 0.95964335 0.90359431 0.53510061
v 0.98961182 0.90025077 0.38166502
v 0.95962947 0.96685747 0.40991306
v 0.98961182 0.90025077 0.38166502
v 0.96358052 1.00017795 0.29612861
v 0.96358052 1.00017795 0.29612861
v 0.98961182 0.90025077 0.38166502
v 0.98960185 0.94309282 0.25829293
v 0.96358052 1.00017795 0.29612861
v 0.98960185 0.94309282 0.25829293
v 0.98959506 0.96910875 0.13031134
v 0.98959506 0.96910875 0.13031134
v 0.98960185 0.94309282 0.25829293
v 0.99983178 0.89215795 0.11996058
v 0.98959506 0.96910875 0.13031134
v 0.99983178 0.89215795 0.11996058
v 0.99982852 0.90019042 0.00000247
v 1.00013381 -0.74179727 -0.50938101
v 1.00013558 -0.74980007 -0.49752253
v 0.98992325 -0.80581270 -0.55332542
v 0.98992325 -0.80581270 -0.55332542
v 1.00013558 -0.74980007 -0.49752253
v 0.98993750 -0.87237032 -0.44095907
v 0.98992325 -0.80581270 -0.55332542
v 0.98993750 -0.87237032 -0.44095907
v 0.95996382 -0.86546959 -0.59427489
v 0.95996382 -0.86546959 -0.59427489
v 0.98993750 -0.87237032 -0.44095907
v 0.95997918 -0.93695289 -0.47359238
v 0.95996382 -0.86546959 -0.59427489
v 0.95997918 -0.93695289 -0.47359238
v 0.91229752 -0.91670221 -0.62943855
v 0.91229752 -0.91670221 -0.62943855
v 0.95997918 -0.93695289 -0.47359238
v 0.91231382 -0.99241547 -0.50161490
v 0.91229752 -0.91670221 -0.62943855
v 0.91231382 -0.99241547 -0.50161490
v 0.88524986 -0.99982116 -0.53925007
v 0.88524986 -0.99982116 -0.53925007
v 0.91231382 -0.99241547 -0.50161490
v 0.91533270 -0.99981651 -0.47965623
v 1.00015886 -0.80308411 0.40587932
v 1.00014871 -0.74181654 0.50932374
v 0.98995036 -0.87238699 0.44089714
v 0.98995036 -0.87238699 0.44089714
v 1.00014871 -0.74181654 0.50932374
v 0.98993937 -0.80583366 0.55326605
v 0.98995036 -0.87238699 0.44089714
v 0.98993937 -0.80583366 0.55326605
v 0.95999297 -0.93697086 0.47352887
v 0.95999297 -0.93697086 0.47352887
v 0.98993937 -0.80583366 0.55326605
v 0.95998114 -0.86549213 0.59421407
v 0.95999297 -0.93697086 0.47352887
v 0.95998114 -0.86549213 0.59421407
v 0.91232844 -0.99243447 0.50155069
v 0.91232844 -0.99243447 0.50155069
v 0.95998114 -0.86549213 0.59421407
v 0.91231586 -0.91672605 0.62937723
v 0.91232844 -0.99243447 0.50155069
v 0.91231586 -0.91672605 0.62937723
v 0.89643020 -0.99983905 0.51953499
v 0.89643020 -0.99983905 0.51953499
v 0.91231586 -0.91672605 0.62937723
v 0.86887600 -0.99984519 0.56397845
v 0.99984575 0.77456059 -0.45865490
v 0.99985730 0.70652049 -0.55777612
v 0.98961024 0.84136594 -0.49822307
v 0.98961024 0.84136594 -0.49822307
v 0.99985730 0.70652049 -0.55777612
v 0.98962272 0.76745576 -0.60589570
v 0.98961024 0.84136594 -0.49822307
v 0.98962272 0.76745576 -0.60589570
v 0.95962770 0.90361461 -0.53509437
v 0.95962770 0.90361461 -0.53509437
v 0.98962272 0.76745576 -0.60589570
v 0.95964111 0.82423445 -0.65073576
v 0.95962770 0.90361461 -0.53509437
v 0.95964111 0.82423445 -0.65073576
v 0.91194157 0.95706461 -0.56675612
v 0.91194157 0.95706461 -0.56675612
v 0.95964111 0.82423445 -0.65073576
v 0.91195581 0.87298732 -0.68924045
v 0.91194157 0.95706461 -0.56675612
v 0.91195581 0.87298732 -0.68924045
v 0.84980130 0.99807344 -0.59105079
v 0.84980130 0.99807344 -0.59105079
v 0.91195581 0.87298732 -0.68924045
v 0.84981611 0.91039184 -0.71878578
v 0.84980130 0.99807344 -0.59105079
v 0.84981611 0.91039184 -0.71878578
v 0.83604846 1.00017069 -0.60210098
v 0.83604846 1.00017069 -0.60210098
v 0.84981611 0.91039184 -0.71878578
v 0.82890289 1.00016939 -0.60890401
v 0.99987350 0.70649940 0.55777370
v 0.99985916 0.77454322 0.45865509
v 0.98964041 0.76743281 0.60589593
v 0.98964041 0.76743281 0.60589593
v 0.99985916 0.77454322 0.45865509
v 0.98962476 0.84134704 0.49822605
v 0.98964041 0.76743281 0.60589593
v 0.98962476 0.84134704 0.49822605
v 0.95966011 0.82420986 0.65073902
v 0.95966011 0.82420986 0.65073902
v 0.98962476 0.84134704 0.49822605
v 0.95964335 0.90359431 0.53510061
v 0.95966011 0.82420986 0.65073902
v 0.95964335 0.90359431 0.53510061
v 0.91197584 0.87296115 0.68924692
v 0.91197584 0.87296115 0.68924692
v 0.95964335 0.90359431 0.53510061
v 0.91195805 0.95704310 0.56676581
v 0.91197584 0.87296115 0.68924692
v 0.91195805 0.95704310 0.56676581
v 0.84983706 0.91036456 0.71879551
v 0.84983706 0.91036456 0.71879551
v 0.91195805 0.95704310 0.56676581
v 0.84981853 0.99805100 0.59106378
v 0.84983706 0.91036456 0.71879551
v 0.84981853 0.99805100 0.59106378
v 0.82267523 1.00014508 0.61445637
v 0.82267523 1.00014508 0.61445637
v 0.84981853 0.99805100 0.59106378
v 0.85784374 1.00015244 0.57796650
v 0.99990601 0.43272902 -0.78926133
v 0.99992603 0.32367338 -0.83987098
v 0.98967571 0.47004344 -0.85735191
v 0.98967571 0.47004344 -0.85735191
v 0.99992603 0.32367338 -0.83987098
v 0.98969750 0.35157930 -0.91232779
v 0.98967571 0.47004344 -0.85735191
v 0.98969750 0.35157930 -0.91232779
v 0.95969802 0.50481111 -0.92080189
v 0.95969802 0.50481111 -0.92080189
v 0.98969750 0.35157930 -0.91232779
v 0.95972139 0.37757955 -0.97984653
v 0.95969802 0.50481111 -0.92080189
v 0.95972139 0.37757955 -0.97984653
v 0.91201607 0.53466260 -0.97528733
v 0.91201607 0.53466260 -0.97528733
v 0.95972139 0.37757955 -0.97984653
v 0.91204084 0.39990228 -1.03782574
v 0.91201607 0.53466260 -0.97528733
v 0.91204084 0.39990228 -1.03782574
v 0.84987897 0.55756359 -1.01709506
v 0.84987897 0.55756359 -1.01709506
v 0.91204084 0.39990228 -1.03782574
v 0.84990487 0.41702627 -1.08231446
v 0.84987897 0.55756359 -1.01709506
v 0.84990487 0.41702627 -1.08231446
v 0.77752164 0.57195337 -1.04337605
v 0.77752164 0.57195337 -1.04337605
v 0.84990487 0.41702627 -1.08231446
v 0.77754809 0.42778449 -1.11028077
v 0.99999253 -0.02986596 -0.89951251
v 1.00001553 -0.14948911 -0.88748056
v 0.98976968 -0.03246096 -0.97711477
v 0.98976968 -0.03246096 -0.97711477
v 1.00001553 -0.14948911 -0.88748056
v 0.98979464 -0.16240438 -0.96404487
v 0.98976968 -0.03246096 -0.97711477
v 0.98979464 -0.16240438 -0.96404487
v 0.95979897 -0.03488302 -1.04942834
v 0.95979897 -0.03488302 -1.04942834
v 0.98979464 -0.16240438 -0.96404487
v 0.95982580 -0.17444338 -1.03539107
v 0.95979897 -0.03488302 -1.04942834
v 0.95982580 -0.17444338 -1.03539107
v 0.91212299 -0.03696707 -1.11152502
v 0.91212299 -0.03696707 -1.11152502
v 0.95982580 -0.17444338 -1.03539107
v 0.91215130 -0.18478568 -1.09665710
v 0.91212299 -0.03696707 -1.11152502
v 0.91215130 -0.18478568 -1.09665710
v 0.84999045 -0.03857108 -1.15917306
v 0.84999045 -0.03857108 -1.15917306
v 0.91215130 -0.18478568 -1.09665710
v 0.85002007 -0.19272647 -1.14366785
v 0.84999045 -0.03857108 -1.15917306
v 0.85002007 -0.19272647 -1.14366785
v 0.77763600 -0.03958574 -1.18912542
v 0.77763600 -0.03958574 -1.18912542
v 0.85002007 -0.19272647 -1.14366785
v 0.77766632 -0.19772460 -1.17321946
v 1.00008110 -0.48406925 -0.75862682
v 1.00010056 -0.58086156 -0.68731252
v 0.98986598 -0.52584978 -0.82407435
v 0.98986598 -0.52584978 -0.82407435
v 1.00010056 -0.58086156 -0.68731252
v 0.98988712 -0.63099260 -0.74660769
v 0.98986598 -0.52584978 -0.82407435
v 0.98988712 -0.63099260 -0.74660769
v 0.95990235 -0.56478688 -0.88506164
v 0.95990235 -0.56478688 -0.88506164
v 0.98988712 -0.63099260 -0.74660769
v 0.95992507 -0.67771119 -0.80186166
v 0.95990235 -0.56478688 -0.88506164
v 0.95992507 -0.67771119 -0.80186166
v 0.91223242 -0.59822709 -0.93743214
v 0.91223242 -0.59822709 -0.93743214
v 0.95992507 -0.67771119 -0.80186166
v 0.91225645 -0.71783355 -0.84930891
v 0.91223242 -0.59822709 -0.93743214
v 0.91225645 -0.71783355 -0.84930891
v 0.85010463 -0.62389155 -0.97761704
v 0.85010463 -0.62389155 -0.97761704
v 0.91225645 -0.71783355 -0.84930891
v 0.85012969 -0.74862540 -0.88571627
v 0.85010463 -0.62389155 -0.97761704
v 0.85012969 -0.74862540 -0.88571627
v 0.77775307 -0.64003128 -1.00287786
v 0.77775307 -0.64003128 -1.00287786
v 0.85012969 -0.74862540 -0.88571627
v 0.77777882 -0.76798829 -0.90860222
v 0.69982861 0.83438056 -0.86258277
v 0.69982302 0.86597698 -0.83086211
v 0.77747572 0.82728872 -0.85523613
v 0.77747572 0.82728872 -0.85523613
v 0.69982302 0.86597698 -0.83086211
v 0.77745714 0.93389889 -0.73735830
v 0.77747572 0.82728872 -0.85523613
v 0.77745714 0.93389889 -0.73735830
v 0.84983427 0.80646714 -0.83369436
v 0.84983427 0.80646714 -0.83369436
v 0.77745714 0.93389889 -0.73735830
v 0.84981611 0.91039184 -0.71878578
v 0.84983427 0.80646714 -0.83369436
v 0.84981611 0.91039184 -0.71878578
v 0.91197314 0.77333464 -0.79942551
v 0.91197314 0.77333464 -0.79942551
v 0.84981611 0.91039184 -0.71878578
v 0.91195581 0.87298732 -0.68924045
v 0.91197314 0.77333464 -0.79942551
v 0.91195581 0.87298732 -0.68924045
v 0.95965751 0.73014917 -0.75476510
v 0.95965751 0.73014917 -0.75476510
v 0.91195581 0.87298732 -0.68924045
v 0.95964111 0.82423445 -0.65073576
v 0.95965751 0.73014917 -0.75476510
v 0.95964111 0.82423445 -0.65073576
v 0.98963799 0.67985370 -0.70275646
v 0.98963799 0.67985370 -0.70275646
v 0.95964111 0.82423445 -0.65073576
v 0.98962272 0.76745576 -0.60589570
v 0.98963799 0.67985370 -0.70275646
v 0.98962272 0.76745576 -0.60589570
v 0.99987136 0.62587592 -0.64694406
v 0.99987136 0.62587592 -0.64694406
v 0.98962272 0.76745576 -0.60589570
v 0.99985730 0.70652049 -0.55777612
v 0.99987136 0.62587592 -0.64694406
v 0.99988766 0.53406595 -0.72456752
v 0.98963799 0.67985370 -0.70275646
v 0.98963799 0.67985370 -0.70275646
v 0.99988766 0.53406595 -0.72456752
v 0.98965578 0.58012307 -0.78707673
v 0.98963799 0.67985370 -0.70275646
v 0.98965578 0.58012307 -0.78707673
v 0.95965751 0.73014917 -0.75476510
v 0.95965751 0.73014917 -0.75476510
v 0.98965578 0.58012307 -0.78707673
v 0.95967660 0.62303757 -0.84532574
v 0.95965751 0.73014917 -0.75476510
v 0.95967660 0.62303757 -0.84532574
v 0.91197314 0.77333464 -0.79942551
v 0.91197314 0.77333464 -0.79942551
v 0.95967660 0.62303757 -0.84532574
v 0.91199335 0.65988488 -0.89534502
v 0.91197314 0.77333464 -0.79942551
v 0.91199335 0.65988488 -0.89534502
v 0.84983427 0.80646714 -0.83369436
v 0.84983427 0.80646714 -0.83369436
v 0.91199335 0.65988488 -0.89534502
v 0.84985532 0.68815397 -0.93372576
v 0.84983427 0.80646714 -0.83369436
v 0.84985532 0.68815397 -0.93372576
v 0.77747572 0.82728872 -0.85523613
v 0.77747572 0.82728872 -0.85523613
v 0.84985532 0.68815397 -0.93372576
v 0.77749733 0.70591830 -0.95785242
v 0.77747572 0.82728872 -0.85523613
v 0.77749733 0.70591830 -0.95785242
v 0.69982861 0.83438056 -0.86258277
v 0.69982861 0.83438056 -0.86258277
v 0.77749733 0.70591830 -0.95785242
v 0.69985040 0.71196733 -0.96608074
v 0.69987490 0.57685138 -1.05233919
v 0.69985180 0.70410515 -0.97182477
v 0.77752164 0.57195337 -1.04337605
v 0.77752164 0.57195337 -1.04337605
v 0.69985180 0.70410515 -0.97182477
v 0.77749733 0.70591830 -0.95785242
v 0.77752164 0.57195337 -1.04337605
v 0.77749733 0.70591830 -0.95785242
v 0.84987897 0.55756359 -1.01709506
v 0.84987897 0.55756359 -1.01709506
v 0.77749733 0.70591830 -0.95785242
v 0.84985532 0.68815397 -0.93372576
v 0.84987897 0.55756359 -1.01709506
v 0.84985532 0.68815397 -0.93372576
v 0.91201607 0.53466260 -0.97528733
v 0.91201607 0.53466260 -0.97528733
v 0.84985532 0.68815397 -0.93372576
v 0.91199335 0.65988488 -0.89534502
v 0.91201607 0.53466260 -0.97528733
v 0.91199335 0.65988488 -0.89534502
v 0.95969802 0.50481111 -0.92080189
v 0.95969802 0.50481111 -0.92080189
v 0.91199335 0.65988488 -0.89534502
v 0.95967660 0.62303757 -0.84532574
v 0.95969802 0.50481111 -0.92080189
v 0.95967660 0.62303757 -0.84532574
v 0.98967571 0.47004344 -0.85735191
v 0.98967571 0.47004344 -0.85735191
v 0.95967660 0.62303757 -0.84532574
v 0.98965578 0.58012307 -0.78707673
v 0.98967571 0.47004344 -0.85735191
v 0.98965578 0.58012307 -0.78707673
v 0.99990601 0.43272902 -0.78926133
v 0.99990601 0.43272902 -0.78926133
v 0.98965578 0.58012307 -0.78707673
v 0.99988766 0.53406595 -0.72456752
v 0.77754809 0.42778449 -1.11028077
v 0.69990158 0.43144389 -1.11981872
v 0.77752164 0.57195337 -1.04337605
v 0.77752164 0.57195337 -1.04337605
v 0.69990158 0.43144389 -1.11981872
v 0.69988533 0.51970980 -1.08169420
v 0.77752164 0.57195337 -1.04337605
v 0.69988533 0.51970980 -1.08169420
v 0.69987490 0.57685138 -1.05233919
v 0.69993008 0.27833963 -1.16731534
v 0.69992254 0.31869055 -1.15695503
v 0.77757635 0.27598450 -1.15737272
v 0.77757635 0.27598450 -1.15737272
v 0.69992254 0.31869055 -1.15695503
v 0.77754809 0.42778449 -1.11028077
v 0.77757635 0.27598450 -1.15737272
v 0.77754809 0.42778449 -1.11028077
v 0.84993234 0.26905006 -1.12822019
v 0.84993234 0.26905006 -1.12822019
v 0.77754809 0.42778449 -1.11028077
v 0.84990487 0.41702627 -1.08231446
v 0.84993234 0.26905006 -1.12822019
v 0.84990487 0.41702627 -1.08231446
v 0.91206720 0.25800883 -1.08184451
v 0.91206720 0.25800883 -1.08184451
v 0.84990487 0.41702627 -1.08231446
v 0.91204084 0.39990228 -1.03782574
v 0.91206720 0.25800883 -1.08184451
v 0.91204084 0.39990228 -1.03782574
v 0.95974635 0.24361333 -1.02140596
v 0.95974635 0.24361333 -1.02140596
v 0.91204084 0.39990228 -1.03782574
v 0.95972139 0.37757955 -0.97984653
v 0.95974635 0.24361333 -1.02140596
v 0.95972139 0.37757955 -0.97984653
v 0.98972069 0.22684452 -0.95102340
v 0.98972069 0.22684452 -0.95102340
v 0.95972139 0.37757955 -0.97984653
v 0.98969750 0.35157930 -0.91232779
v 0.98972069 0.22684452 -0.95102340
v 0.98969750 0.35157930 -0.91232779
v 0.99994745 0.20884520 -0.87549342
v 0.99994745 0.20884520 -0.87549342
v 0.98969750 0.35157930 -0.91232779
v 0.99992603 0.32367338 -0.83987098
v 0.99994745 0.20884520 -0.87549342
v 0.99996971 0.09029357 -0.89549292
v 0.98972069 0.22684452 -0.95102340
v 0.98972069 0.22684452 -0.95102340
v 0.99996971 0.09029357 -0.89549292
v 0.98974491 0.09806509 -0.97274845
v 0.98972069 0.22684452 -0.95102340
v 0.98974491 0.09806509 -0.97274845
v 0.95974635 0.24361333 -1.02140596
v 0.95974635 0.24361333 -1.02140596
v 0.98974491 0.09806509 -0.97274845
v 0.95977234 0.10530308 -1.04473867
v 0.95974635 0.24361333 -1.02140596
v 0.95977234 0.10530308 -1.04473867
v 0.91206720 0.25800883 -1.08184451
v 0.91206720 0.25800883 -1.08184451
v 0.95977234 0.10530308 -1.04473867
v 0.91209477 0.11151433 -1.10655790
v 0.91206720 0.25800883 -1.08184451
v 0.91209477 0.11151433 -1.10655790
v 0.84993234 0.26905006 -1.12822019
v 0.84993234 0.26905006 -1.12822019
v 0.91209477 0.11151433 -1.10655790
v 0.84996102 0.11627551 -1.15399305
v 0.84993234 0.26905006 -1.12822019
v 0.84996102 0.11627551 -1.15399305
v 0.77757635 0.27598450 -1.15737272
v 0.77757635 0.27598450 -1.15737272
v 0.84996102 0.11627551 -1.15399305
v 0.77760578 0.11926218 -1.18381158
v 0.77757635 0.27598450 -1.15737272
v 0.77760578 0.11926218 -1.18381158
v 0.69993008 0.27833963 -1.16731534
v 0.69993008 0.27833963 -1.16731534
v 0.77760578 0.11926218 -1.18381158
v 0.69995979 0.12027078 -1.19398134
v 0.69999024 -0.03994192 -1.19934082
v 0.69996221 0.10747901 -1.19519923
v 0.77763600 -0.03958574 -1.18912542
v 0.77763600 -0.03958574 -1.18912542
v 0.69996221 0.10747901 -1.19519923
v 0.77760578 0.11926218 -1.18381158
v 0.77763600 -0.03958574 -1.18912542
v 0.77760578 0.11926218 -1.18381158
v 0.84999045 -0.03857108 -1.15917306
v 0.84999045 -0.03857108 -1.15917306
v 0.77760578 0.11926218 -1.18381158
v 0.84996102 0.11627551 -1.15399305
v 0.84999045 -0.03857108 -1.15917306
v 0.84996102 0.11627551 -1.15399305
v 0.91212299 -0.03696707 -1.11152502
v 0.91212299 -0.03696707 -1.11152502
v 0.84996102 0.11627551 -1.15399305
v 0.91209477 0.11151433 -1.10655790
v 0.91212299 -0.03696707 -1.11152502
v 0.91209477 0.11151433 -1.10655790
v 0.95979897 -0.03488302 -1.04942834
v 0.95979897 -0.03488302 -1.04942834
v 0.91209477 0.11151433 -1.10655790
v 0.95977234 0.10530308 -1.04473867
v 0.95979897 -0.03488302 -1.04942834
v 0.95977234 0.10530308 -1.04473867
v 0.98976968 -0.03246096 -0.97711477
v 0.98976968 -0.03246096 -0.97711477
v 0.95977234 0.10530308 -1.04473867
v 0.98974491 0.09806509 -0.97274845
v 0.98976968 -0.03246096 -0.97711477
v 0.98974491 0.09806509 -0.97274845
v 0.99999253 -0.02986596 -0.89951251
v 0.99999253 -0.02986596 -0.89951251
v 0.98974491 0.09806509 -0.97274845
v 0.99996971 0.09029357 -0.89549292
v 0.77766632 -0.19772460 -1.17321946
v 0.70002084 -0.19943947 -1.18329832
v 0.77763600 -0.03958574 -1.18912542
v 0.77763600 -0.03958574 -1.18912542
v 0.70002084 -0.19943947 -1.18329832
v 0.70000309 -0.10716707 -1.19520333
v 0.77763600 -0.03958574 -1.18912542
v 0.70000309 -0.10716707 -1.19520333
v 0.69999024 -0.03994192 -1.19934082
v 0.70005110 -0.35537563 -1.14613986
v 0.70004389 -0.31838005 -1.15696713
v 0.77769631 -0.35233244 -1.13637773
v 0.77769631 -0.35233244 -1.13637773
v 0.70004389 -0.31838005 -1.15696713
v 0.77766632 -0.19772460 -1.17321946
v 0.77769631 -0.35233244 -1.13637773
v 0.77766632 -0.19772460 -1.17321946
v 0.85004931 -0.34343980 -1.10775400
v 0.85004931 -0.34343980 -1.10775400
v 0.77766632 -0.19772460 -1.17321946
v 0.85002007 -0.19272647 -1.14366785
v 0.85004931 -0.34343980 -1.10775400
v 0.85002007 -0.19272647 -1.14366785
v 0.91217933 -0.32930369 -1.06221959
v 0.91217933 -0.32930369 -1.06221959
v 0.85002007 -0.19272647 -1.14366785
v 0.91215130 -0.18478568 -1.09665710
v 0.91217933 -0.32930369 -1.06221959
v 0.91215130 -0.18478568 -1.09665710
v 0.95985224 -0.31088751 -1.00287749
v 0.95985224 -0.31088751 -1.00287749
v 0.91215130 -0.18478568 -1.09665710
v 0.95982580 -0.17444338 -1.03539107
v 0.95985224 -0.31088751 -1.00287749
v 0.95982580 -0.17444338 -1.03539107
v 0.98981932 -0.28944633 -0.93377177
v 0.98981932 -0.28944633 -0.93377177
v 0.95982580 -0.17444338 -1.03539107
v 0.98979464 -0.16240438 -0.96404487
v 0.98981932 -0.28944633 -0.93377177
v 0.98979464 -0.16240438 -0.96404487
v 1.00003816 -0.26644124 -0.85961185
v 1.00003816 -0.26644124 -0.85961185
v 0.98979464 -0.16240438 -0.96404487
v 1.00001553 -0.14948911 -0.88748056
v 1.00003816 -0.26644124 -0.85961185
v 1.00006023 -0.37863532 -0.81640361
v 0.98981932 -0.28944633 -0.93377177
v 0.98981932 -0.28944633 -0.93377177
v 1.00006023 -0.37863532 -0.81640361
v 0.98984316 -0.41131973 -0.88683572
v 0.98981932 -0.28944633 -0.93377177
v 0.98984316 -0.41131973 -0.88683572
v 0.95985224 -0.31088751 -1.00287749
v 0.95985224 -0.31088751 -1.00287749
v 0.98984316 -0.41131973 -0.88683572
v 0.95987786 -0.44178059 -0.95246788
v 0.95985224 -0.31088751 -1.00287749
v 0.95987786 -0.44178059 -0.95246788
v 0.91217933 -0.32930369 -1.06221959
v 0.91217933 -0.32930369 -1.06221959
v 0.95987786 -0.44178059 -0.95246788
v 0.91220653 -0.46794214 -1.00882705
v 0.91217933 -0.32930369 -1.06221959
v 0.91220653 -0.46794214 -1.00882705
v 0.85004931 -0.34343980 -1.10775400
v 0.85004931 -0.34343980 -1.10775400
v 0.91220653 -0.46794214 -1.00882705
v 0.85007763 -0.48802150 -1.05207264
v 0.85004931 -0.34343980 -1.10775400
v 0.85007763 -0.48802150 -1.05207264
v 0.77769631 -0.35233244 -1.13637773
v 0.77769631 -0.35233244 -1.13637773
v 0.85007763 -0.48802150 -1.05207264
v 0.77772541 -0.50065024 -1.07925739
v 0.77769631 -0.35233244 -1.13637773
v 0.77772541 -0.50065024 -1.07925739
v 0.70005110 -0.35537563 -1.14613986
v 0.70005110 -0.35537563 -1.14613986
v 0.77772541 -0.50065024 -1.07925739
v 0.70008044 -0.50496776 -1.08852889
v 0.70010833 -0.64554634 -1.01149315
v 0.70008328 -0.51940214 -1.08171394
v 0.77775307 -0.64003128 -1.00287786
v 0.77775307 -0.64003128 -1.00287786
v 0.70008328 -0.51940214 -1.08171394
v 0.77772541 -0.50065024 -1.07925739
v 0.77775307 -0.64003128 -1.00287786
v 0.77772541 -0.50065024 -1.07925739
v 0.85010463 -0.62389155 -0.97761704
v 0.85010463 -0.62389155 -0.97761704
v 0.77772541 -0.50065024 -1.07925739
v 0.85007763 -0.48802150 -1.05207264
v 0.85010463 -0.62389155 -0.97761704
v 0.85007763 -0.48802150 -1.05207264
v 0.91223242 -0.59822709 -0.93743214
v 0.91223242 -0.59822709 -0.93743214
v 0.85007763 -0.48802150 -1.05207264
v 0.91220653 -0.46794214 -1.00882705
v 0.91223242 -0.59822709 -0.93743214
v 0.91220653 -0.46794214 -1.00882705
v 0.95990235 -0.56478688 -0.88506164
v 0.95990235 -0.56478688 -0.88506164
v 0.91220653 -0.46794214 -1.00882705
v 0.95987786 -0.44178059 -0.95246788
v 0.95990235 -0.56478688 -0.88506164
v 0.95987786 -0.44178059 -0.95246788
v 0.98986598 -0.52584978 -0.82407435
v 0.98986598 -0.52584978 -0.82407435
v 0.95987786 -0.44178059 -0.95246788
v 0.98984316 -0.41131973 -0.88683572
v 0.98986598 -0.52584978 -0.82407435
v 0.98984316 -0.41131973 -0.88683572
v 1.00008110 -0.48406925 -0.75862682
v 1.00008110 -0.48406925 -0.75862682
v 0.98984316 -0.41131973 -0.88683572
v 1.00006023 -0.37863532 -0.81640361
v 0.77777882 -0.76798829 -0.90860222
v 0.70013432 -0.77460273 -0.91640754
v 0.77775307 -0.64003128 -1.00287786
v 0.77775307 -0.64003128 -1.00287786
v 0.70013432 -0.77460273 -0.91640754
v 0.70012002 -0.70380168 -0.97185140
v 0.77775307 -0.64003128 -1.00287786
v 0.70012002 -0.70380168 -0.97185140
v 0.70010833 -0.64554634 -1.01149315
v 0.70015788 -0.88983392 -0.80496874
v 0.70015290 -0.86567877 -0.83089489
v 0.77780220 -0.88223787 -0.79811281
v 0.77780220 -0.88223787 -0.79811281
v 0.70015290 -0.86567877 -0.83089489
v 0.77777882 -0.76798829 -0.90860222
v 0.77780220 -0.88223787 -0.79811281
v 0.77777882 -0.76798829 -0.90860222
v 0.85015250 -0.85999705 -0.77800988
v 0.85015250 -0.85999705 -0.77800988
v 0.77777882 -0.76798829 -0.90860222
v 0.85012969 -0.74862540 -0.88571627
v 0.85015250 -0.85999705 -0.77800988
v 0.85012969 -0.74862540 -0.88571627
v 0.91227833 -0.82462719 -0.74603008
v 0.91227833 -0.82462719 -0.74603008
v 0.85012969 -0.74862540 -0.88571627
v 0.91225645 -0.71783355 -0.84930891
v 0.91227833 -0.82462719 -0.74603008
v 0.91225645 -0.71783355 -0.84930891
v 0.95994566 -0.77853855 -0.70435265
v 0.95994566 -0.77853855 -0.70435265
v 0.91225645 -0.71783355 -0.84930891
v 0.95992507 -0.67771119 -0.80186166
v 0.95994566 -0.77853855 -0.70435265
v 0.95992507 -0.67771119 -0.80186166
v 0.98990630 -0.72487202 -0.65581799
v 0.98990630 -0.72487202 -0.65581799
v 0.95992507 -0.67771119 -0.80186166
v 0.98988712 -0.63099260 -0.74660769
v 0.98990630 -0.72487202 -0.65581799
v 0.98988712 -0.63099260 -0.74660769
v 1.00011826 -0.66728499 -0.60373349
v 1.00011826 -0.66728499 -0.60373349
v 0.98988712 -0.63099260 -0.74660769
v 1.00010056 -0.58086156 -0.68731252
v 1.00011826 -0.66728499 -0.60373349
v 1.00013381 -0.74179727 -0.50938101
v 0.98990630 -0.72487202 -0.65581799
v 0.98990630 -0.72487202 -0.65581799
v 1.00013381 -0.74179727 -0.50938101
v 0.98992325 -0.80581270 -0.55332542
v 0.98990630 -0.72487202 -0.65581799
v 0.98992325 -0.80581270 -0.55332542
v 0.95994566 -0.77853855 -0.70435265
v 0.95994566 -0.77853855 -0.70435265
v 0.98992325 -0.80581270 -0.55332542
v 0.95996382 -0.86546959 -0.59427489
v 0.95994566 -0.77853855 -0.70435265
v 0.95996382 -0.86546959 -0.59427489
v 0.91227833 -0.82462719 -0.74603008
v 0.91227833 -0.82462719 -0.74603008
v 0.95996382 -0.86546959 -0.59427489
v 0.91229752 -0.91670221 -0.62943855
v 0.91227833 -0.82462719 -0.74603008
v 0.91229752 -0.91670221 -0.62943855
v 0.85015250 -0.85999705 -0.77800988
v 0.85015250 -0.85999705 -0.77800988
v 0.91229752 -0.91670221 -0.62943855
v 0.85017262 -0.95601929 -0.65642027
v 0.85015250 -0.85999705 -0.77800988
v 0.85017262 -0.95601929 -0.65642027
v 0.77780220 -0.88223787 -0.79811281
v 0.77780220 -0.88223787 -0.79811281
v 0.85017262 -0.95601929 -0.65642027
v 0.77782278 -0.98074125 -0.67338119
v 0.77780220 -0.88223787 -0.79811281
v 0.77782278 -0.98074125 -0.67338119
v 0.70015788 -0.88983392 -0.80496874
v 0.70015788 -0.88983392 -0.80496874
v 0.77782278 -0.98074125 -0.67338119
v 0.70017865 -0.98918369 -0.67916545
v 1.00014871 -0.74181654 0.50932374
v 1.00013586 -0.66730785 0.60367901
v 0.98993937 -0.80583366 0.55326605
v 0.98993937 -0.80583366 0.55326605
v 1.00013586 -0.66730785 0.60367901
v 0.98992540 -0.72489688 0.65576164
v 0.98993937 -0.80583366 0.55326605
v 0.98992540 -0.72489688 0.65576164
v 0.95998114 -0.86549213 0.59421407
v 0.95998114 -0.86549213 0.59421407
v 0.98992540 -0.72489688 0.65576164
v 0.95996624 -0.77856523 0.70429523
v 0.95998114 -0.86549213 0.59421407
v 0.95996624 -0.77856523 0.70429523
v 0.91231586 -0.91672605 0.62937723
v 0.91231586 -0.91672605 0.62937723
v 0.95996624 -0.77856523 0.70429523
v 0.91230003 -0.82465541 0.74597229
v 0.91231586 -0.91672605 0.62937723
v 0.91230003 -0.82465541 0.74597229
v 0.85019171 -0.95604416 0.65635922
v 0.85019171 -0.95604416 0.65635922
v 0.91230003 -0.82465541 0.74597229
v 0.85017523 -0.86002657 0.77795256
v 0.85019171 -0.95604416 0.65635922
v 0.85017523 -0.86002657 0.77795256
v 0.77784243 -0.98076677 0.67332131
v 0.77784243 -0.98076677 0.67332131
v 0.85017523 -0.86002657 0.77795256
v 0.77782548 -0.88226814 0.79805665
v 0.77784243 -0.98076677 0.67332131
v 0.77782548 -0.88226814 0.79805665
v 0.70019844 -0.98920939 0.67910757
v 0.70019844 -0.98920939 0.67910757
v 0.77782548 -0.88226814 0.79805665
v 0.70018135 -0.88986447 0.80491463
v 0.70016100 -0.77463742 0.91635771
v 0.70017711 -0.86571025 0.83084172
v 0.77780532 -0.76802270 0.90855053
v 0.77780532 -0.76802270 0.90855053
v 0.70017711 -0.86571025 0.83084172
v 0.77782548 -0.88226814 0.79805665
v 0.77780532 -0.76802270 0.90855053
v 0.77782548 -0.88226814 0.79805665
v 0.85015558 -0.74865897 0.88566309
v 0.85015558 -0.74865897 0.88566309
v 0.77782548 -0.88226814 0.79805665
v 0.85017523 -0.86002657 0.77795256
v 0.85015558 -0.74865897 0.88566309
v 0.85017523 -0.86002657 0.77795256
v 0.91228122 -0.71786572 0.84925517
v 0.91228122 -0.71786572 0.84925517
v 0.85017523 -0.86002657 0.77795256
v 0.91230003 -0.82465541 0.74597229
v 0.91228122 -0.71786572 0.84925517
v 0.91230003 -0.82465541 0.74597229
v 0.95994845 -0.67774160 0.80180792
v 0.95994845 -0.67774160 0.80180792
v 0.91230003 -0.82465541 0.74597229
v 0.95996624 -0.77856523 0.70429523
v 0.95994845 -0.67774160 0.80180792
v 0.95996624 -0.77856523 0.70429523
v 0.98990882 -0.63102092 0.74655488
v 0.98990882 -0.63102092 0.74655488
v 0.95996624 -0.77856523 0.70429523
v 0.98992540 -0.72489688 0.65576164
v 0.98990882 -0.63102092 0.74655488
v 0.98992540 -0.72489688 0.65576164
v 1.00012068 -0.58088759 0.68726139
v 1.00012068 -0.58088759 0.68726139
v 0.98992540 -0.72489688 0.65576164
v 1.00013586 -0.66730785 0.60367901
v 0.70013781 -0.64558466 1.01144826
v 0.70014833 -0.70383851 0.97180437
v 0.77778231 -0.64006927 1.00283101
v 0.77778231 -0.64006927 1.00283101
v 0.70014833 -0.70383851 0.97180437
v 0.77780532 -0.76802270 0.90855053
v 0.77778231 -0.64006927 1.00283101
v 0.77780532 -0.76802270 0.90855053
v 0.85013313 -0.62392857 0.97756861
v 0.85013313 -0.62392857 0.97756861
v 0.77780532 -0.76802270 0.90855053
v 0.85015558 -0.74865897 0.88566309
v 0.85013313 -0.62392857 0.97756861
v 0.85015558 -0.74865897 0.88566309
v 0.91225971 -0.59826262 0.93738288
v 0.91225971 -0.59826262 0.93738288
v 0.85015558 -0.74865897 0.88566309
v 0.91228122 -0.71786572 0.84925517
v 0.91225971 -0.59826262 0.93738288
v 0.91228122 -0.71786572 0.84925517
v 0.95992815 -0.56482037 0.88501219
v 0.95992815 -0.56482037 0.88501219
v 0.91228122 -0.71786572 0.84925517
v 0.95994845 -0.67774160 0.80180792
v 0.95992815 -0.56482037 0.88501219
v 0.95994845 -0.67774160 0.80180792
v 0.98989001 -0.52588098 0.82402565
v 0.98989001 -0.52588098 0.82402565
v 0.95994845 -0.67774160 0.80180792
v 0.98990882 -0.63102092 0.74655488
v 0.98989001 -0.52588098 0.82402565
v 0.98990882 -0.63102092 0.74655488
v 1.00010326 -0.48409798 0.75857928
v 1.00010326 -0.48409798 0.75857928
v 0.98990882 -0.63102092 0.74655488
v 1.00012068 -0.58088759 0.68726139
v 0.70011215 -0.50500897 1.08848931
v 0.70011481 -0.51944312 1.08167380
v 0.77775689 -0.50069112 1.07921576
v 0.77775689 -0.50069112 1.07921576
v 0.70011481 -0.51944312 1.08167380
v 0.77778231 -0.64006927 1.00283101
v 0.77775689 -0.50069112 1.07921576
v 0.77778231 -0.64006927 1.00283101
v 0.85010836 -0.48806136 1.05202934
v 0.85010836 -0.48806136 1.05202934
v 0.77778231 -0.64006927 1.00283101
v 0.85013313 -0.62392857 0.97756861
v 0.85010836 -0.48806136 1.05202934
v 0.85013313 -0.62392857 0.97756861
v 0.91223596 -0.46798037 1.00878272
v 0.91223596 -0.46798037 1.00878272
v 0.85013313 -0.62392857 0.97756861
v 0.91225971 -0.59826262 0.93738288
v 0.91223596 -0.46798037 1.00878272
v 0.91225971 -0.59826262 0.93738288
v 0.95990570 -0.44181668 0.95242308
v 0.95990570 -0.44181668 0.95242308
v 0.91225971 -0.59826262 0.93738288
v 0.95992815 -0.56482037 0.88501219
v 0.95990570 -0.44181668 0.95242308
v 0.95992815 -0.56482037 0.88501219
v 0.98986905 -0.41135335 0.88679129
v 0.98986905 -0.41135335 0.88679129
v 0.95992815 -0.56482037 0.88501219
v 0.98989001 -0.52588098 0.82402565
v 0.98986905 -0.41135335 0.88679129
v 0.98989001 -0.52588098 0.82402565
v 1.00008398 -0.37866624 0.81636002
v 1.00008398 -0.37866624 0.81636002
v 0.98989001 -0.52588098 0.82402565
v 1.00010326 -0.48409798 0.75857928
v 1.00008398 -0.37866624 0.81636002
v 1.00006331 -0.26647381 0.85957265
v 0.98986905 -0.41135335 0.88679129
v 0.98986905 -0.41135335 0.88679129
v 1.00006331 -0.26647381 0.85957265
v 0.98984651 -0.28948169 0.93373200
v 0.98986905 -0.41135335 0.88679129
v 0.98984651 -0.28948169 0.93373200
v 0.95990570 -0.44181668 0.95242308
v 0.95990570 -0.44181668 0.95242308
v 0.98984651 -0.28948169 0.93373200
v 0.95988149 -0.31092551 1.00283772
v 0.95990570 -0.44181668 0.95242308
v 0.95988149 -0.31092551 1.00283772
v 0.91223596 -0.46798037 1.00878272
v 0.91223596 -0.46798037 1.00878272
v 0.95988149 -0.31092551 1.00283772
v 0.91221035 -0.32934393 1.06218057
v 0.91223596 -0.46798037 1.00878272
v 0.91221035 -0.32934393 1.06218057
v 0.85010836 -0.48806136 1.05202934
v 0.85010836 -0.48806136 1.05202934
v 0.91221035 -0.32934393 1.06218057
v 0.85008163 -0.34348175 1.10771628
v 0.85010836 -0.48806136 1.05202934
v 0.85008163 -0.34348175 1.10771628
v 0.77775689 -0.50069112 1.07921576
v 0.77775689 -0.50069112 1.07921576
v 0.85008163 -0.34348175 1.10771628
v 0.77772946 -0.35237549 1.13634169
v 0.77775689 -0.50069112 1.07921576
v 0.77772946 -0.35237549 1.13634169
v 0.70011215 -0.50500897 1.08848931
v 0.70011215 -0.50500897 1.08848931
v 0.77772946 -0.35237549 1.13634169
v 0.70008449 -0.35541905 1.14610605
v 0.70005534 -0.19948429 1.18327029
v 0.70007765 -0.31842387 1.15693463
v 0.77770054 -0.19776905 1.17318938
v 0.77770054 -0.19776905 1.17318938
v 0.70007765 -0.31842387 1.15693463
v 0.77772946 -0.35237549 1.13634169
v 0.77770054 -0.19776905 1.17318938
v 0.77772946 -0.35237549 1.13634169
v 0.85005341 -0.19276979 1.14363572
v 0.85005341 -0.19276979 1.14363572
v 0.77772946 -0.35237549 1.13634169
v 0.85008163 -0.34348175 1.10771628
v 0.85005341 -0.19276979 1.14363572
v 0.85008163 -0.34348175 1.10771628
v 0.91218334 -0.18482722 1.09662348
v 0.91218334 -0.18482722 1.09662348
v 0.85008163 -0.34348175 1.10771628
v 0.91221035 -0.32934393 1.06218057
v 0.91218334 -0.18482722 1.09662348
v 0.91221035 -0.32934393 1.06218057
v 0.95985597 -0.17448260 1.03535643
v 0.95985597 -0.17448260 1.03535643
v 0.91221035 -0.32934393 1.06218057
v 0.95988149 -0.31092551 1.00283772
v 0.95985597 -0.17448260 1.03535643
v 0.95988149 -0.31092551 1.00283772
v 0.98982276 -0.16244090 0.96400985
v 0.98982276 -0.16244090 0.96400985
v 0.95988149 -0.31092551 1.00283772
v 0.98984651 -0.28948169 0.93373200
v 0.98982276 -0.16244090 0.96400985
v 0.98984651 -0.28948169 0.93373200
v 1.00004142 -0.14952273 0.88744583
v 1.00004142 -0.14952273 0.88744583
v 0.98984651 -0.28948169 0.93373200
v 1.00006331 -0.26647381 0.85957265
v 0.70002521 -0.03998734 1.19931893
v 0.70003797 -0.10721233 1.19517883
v 0.77767065 -0.03963078 1.18910130
v 0.77767065 -0.03963078 1.18910130
v 0.70003797 -0.10721233 1.19517883
v 0.77770054 -0.19776905 1.17318938
v 0.77767065 -0.03963078 1.18910130
v 0.77770054 -0.19776905 1.17318938
v 0.85002426 -0.03861499 1.15914689
v 0.85002426 -0.03861499 1.15914689
v 0.77770054 -0.19776905 1.17318938
v 0.85005341 -0.19276979 1.14363572
v 0.85002426 -0.03861499 1.15914689
v 0.85005341 -0.19276979 1.14363572
v 0.91215540 -0.03700917 1.11149698
v 0.91215540 -0.03700917 1.11149698
v 0.85005341 -0.19276979 1.14363572
v 0.91218334 -0.18482722 1.09662348
v 0.91215540 -0.03700917 1.11149698
v 0.91218334 -0.18482722 1.09662348
v 0.95982961 -0.03492277 1.04939900
v 0.95982961 -0.03492277 1.04939900
v 0.91218334 -0.18482722 1.09662348
v 0.95985597 -0.17448260 1.03535643
v 0.95982961 -0.03492277 1.04939900
v 0.95985597 -0.17448260 1.03535643
v 0.98979818 -0.03249797 0.97708469
v 0.98979818 -0.03249797 0.97708469
v 0.95985597 -0.17448260 1.03535643
v 0.98982276 -0.16244090 0.96400985
v 0.98979818 -0.03249797 0.97708469
v 0.98982276 -0.16244090 0.96400985
v 1.00001879 -0.02990003 0.89948224
v 1.00001879 -0.02990003 0.89948224
v 0.98982276 -0.16244090 0.96400985
v 1.00004142 -0.14952273 0.88744583
v 0.69999462 0.12022555 1.19396541
v 0.69999704 0.10743374 1.19518293
v 0.77764033 0.11921733 1.18379341
v 0.77764033 0.11921733 1.18379341
v 0.69999704 0.10743374 1.19518293
v 0.77767065 -0.03963078 1.18910130
v 0.77764033 0.11921733 1.18379341
v 0.77767065 -0.03963078 1.18910130
v 0.84999474 0.11623180 1.15397265
v 0.84999474 0.11623180 1.15397265
v 0.77767065 -0.03963078 1.18910130
v 0.85002426 -0.03861499 1.15914689
v 0.84999474 0.11623180 1.15397265
v 0.85002426 -0.03861499 1.15914689
v 0.91212699 0.11147242 1.10653546
v 0.91212699 0.11147242 1.10653546
v 0.85002426 -0.03861499 1.15914689
v 0.91215540 -0.03700917 1.11149698
v 0.91212699 0.11147242 1.10653546
v 0.91215540 -0.03700917 1.11149698
v 0.95980279 0.10526351 1.04471473
v 0.95980279 0.10526351 1.04471473
v 0.91215540 -0.03700917 1.11149698
v 0.95982961 -0.03492277 1.04939900
v 0.95980279 0.10526351 1.04471473
v 0.95982961 -0.03492277 1.04939900
v 0.98977331 0.09802824 0.97272322
v 0.98977331 0.09802824 0.97272322
v 0.95982961 -0.03492277 1.04939900
v 0.98979818 -0.03249797 0.97708469
v 0.98977331 0.09802824 0.97272322
v 0.98979818 -0.03249797 0.97708469
v 0.99999588 0.09025965 0.89546712
v 0.99999588 0.09025965 0.89546712
v 0.98979818 -0.03249797 0.97708469
v 1.00001879 -0.02990003 0.89948224
v 0.99999588 0.09025965 0.89546712
v 0.99997297 0.20881204 0.87547218
v 0.98977331 0.09802824 0.97272322
v 0.98977331 0.09802824 0.97272322
v 0.99997297 0.20881204 0.87547218
v 0.98974844 0.22680850 0.95100319
v 0.98977331 0.09802824 0.97272322
v 0.98974844 0.22680850 0.95100319
v 0.95980279 0.10526351 1.04471473
v 0.95980279 0.10526351 1.04471473
v 0.98974844 0.22680850 0.95100319
v 0.95977616 0.24357464 1.02138724
v 0.95980279 0.10526351 1.04471473
v 0.95977616 0.24357464 1.02138724
v 0.91212699 0.11147242 1.10653546
v 0.91212699 0.11147242 1.10653546
v 0.95977616 0.24357464 1.02138724
v 0.91209877 0.25796785 1.08182766
v 0.91212699 0.11147242 1.10653546
v 0.91209877 0.25796785 1.08182766
v 0.84999474 0.11623180 1.15397265
v 0.84999474 0.11623180 1.15397265
v 0.91209877 0.25796785 1.08182766
v 0.84996521 0.26900731 1.12820556
v 0.84999474 0.11623180 1.15397265
v 0.84996521 0.26900731 1.12820556
v 0.77764033 0.11921733 1.18379341
v 0.77764033 0.11921733 1.18379341
v 0.84996521 0.26900731 1.12820556
v 0.77761007 0.27594068 1.15736052
v 0.77764033 0.11921733 1.18379341
v 0.77761007 0.27594068 1.15736052
v 0.69999462 0.12022555 1.19396541
v 0.69999462 0.12022555 1.19396541
v 0.77761007 0.27594068 1.15736052
v 0.69996412 0.27829541 1.16730537
v 0.69993427 0.43140147 1.11981472
v 0.69995625 0.31864673 1.15694674
v 0.77758050 0.42774244 1.11027434
v 0.77758050 0.42774244 1.11027434
v 0.69995625 0.31864673 1.15694674
v 0.77761007 0.27594068 1.15736052
v 0.77758050 0.42774244 1.11027434
v 0.77761007 0.27594068 1.15736052
v 0.84993634 0.41698529 1.08230542
v 0.84993634 0.41698529 1.08230542
v 0.77761007 0.27594068 1.15736052
v 0.84996521 0.26900731 1.12820556
v 0.84993634 0.41698529 1.08230542
v 0.84996521 0.26900731 1.12820556
v 0.91207111 0.39986297 1.03781428
v 0.91207111 0.39986297 1.03781428
v 0.84996521 0.26900731 1.12820556
v 0.91209877 0.25796785 1.08182766
v 0.91207111 0.39986297 1.03781428
v 0.91209877 0.25796785 1.08182766
v 0.95974999 0.37754243 0.97983275
v 0.95974999 0.37754243 0.97983275
v 0.91209877 0.25796785 1.08182766
v 0.95977616 0.24357464 1.02138724
v 0.95974999 0.37754243 0.97983275
v 0.95977616 0.24357464 1.02138724
v 0.98972414 0.35154473 0.91231223
v 0.98972414 0.35154473 0.91231223
v 0.95977616 0.24357464 1.02138724
v 0.98974844 0.22680850 0.95100319
v 0.98972414 0.35154473 0.91231223
v 0.98974844 0.22680850 0.95100319
v 0.99995052 0.32364158 0.83985412
v 0.99995052 0.32364158 0.83985412
v 0.98974844 0.22680850 0.95100319
v 0.99997297 0.20881204 0.87547218
v 0.69990559 0.57681152 1.05234068
v 0.69991690 0.51966882 1.08169354
v 0.77755204 0.57191388 1.04337502
v 0.77755204 0.57191388 1.04337502
v 0.69991690 0.51966882 1.08169354
v 0.77758050 0.42774244 1.11027434
v 0.77755204 0.57191388 1.04337502
v 0.77758050 0.42774244 1.11027434
v 0.84990868 0.55752504 1.01709133
v 0.84990868 0.55752504 1.01709133
v 0.77758050 0.42774244 1.11027434
v 0.84993634 0.41698529 1.08230542
v 0.84990868 0.55752504 1.01709133
v 0.84993634 0.41698529 1.08230542
v 0.91204448 0.53462563 0.97528091
v 0.91204448 0.53462563 0.97528091
v 0.84993634 0.41698529 1.08230542
v 0.91207111 0.39986297 1.03781428
v 0.91204448 0.53462563 0.97528091
v 0.91207111 0.39986297 1.03781428
v 0.95972493 0.50477623 0.92079295
v 0.95972493 0.50477623 0.92079295
v 0.91207111 0.39986297 1.03781428
v 0.95974999 0.37754243 0.97983275
v 0.95972493 0.50477623 0.92079295
v 0.95974999 0.37754243 0.97983275
v 0.98970076 0.47001098 0.85734082
v 0.98970076 0.47001098 0.85734082
v 0.95974999 0.37754243 0.97983275
v 0.98972414 0.35154473 0.91231223
v 0.98970076 0.47001098 0.85734082
v 0.98972414 0.35154473 0.91231223
v 0.99992901 0.43269908 0.78924857
v 0.99992901 0.43269908 0.78924857
v 0.98972414 0.35154473 0.91231223
v 0.99995052 0.32364158 0.83985412
v 0.69987858 0.71193073 0.96608736
v 0.69988016 0.70406836 0.97183110
v 0.77752527 0.70588202 0.95785642
v 0.77752527 0.70588202 0.95785642
v 0.69988016 0.70406836 0.97183110
v 0.77755204 0.57191388 1.04337502
v 0.77752527 0.70588202 0.95785642
v 0.77755204 0.57191388 1.04337502
v 0.84988261 0.68811858 0.93372697
v 0.84988261 0.68811858 0.93372697
v 0.77755204 0.57191388 1.04337502
v 0.84990868 0.55752504 1.01709133
v 0.84988261 0.68811858 0.93372697
v 0.84990868 0.55752504 1.01709133
v 0.91201942 0.65985098 0.89534335
v 0.91201942 0.65985098 0.89534335
v 0.84990868 0.55752504 1.01709133
v 0.91204448 0.53462563 0.97528091
v 0.91201942 0.65985098 0.89534335
v 0.91204448 0.53462563 0.97528091
v 0.95970128 0.62300554 0.84532136
v 0.95970128 0.62300554 0.84532136
v 0.91204448 0.53462563 0.97528091
v 0.95972493 0.50477623 0.92079295
v 0.95970128 0.62300554 0.84532136
v 0.95972493 0.50477623 0.92079295
v 0.98967878 0.58009326 0.78706983
v 0.98967878 0.58009326 0.78706983
v 0.95972493 0.50477623 0.92079295
v 0.98970076 0.47001098 0.85734082
v 0.98967878 0.58009326 0.78706983
v 0.98970076 0.47001098 0.85734082
v 0.99990880 0.53403853 0.72455858
v 0.99990880 0.53403853 0.72455858
v 0.98970076 0.47001098 0.85734082
v 0.99992901 0.43269908 0.78924857
v 0.99990880 0.53403853 0.72455858
v 0.99989017 0.62585138 0.64693857
v 0.98967878 0.58009326 0.78706983
v 0.98967878 0.58009326 0.78706983
v 0.99989017 0.62585138 0.64693857
v 0.98965848 0.67982711 0.70275334
v 0.98967878 0.58009326 0.78706983
v 0.98965848 0.67982711 0.70275334
v 0.95970128 0.62300554 0.84532136
v 0.95970128 0.62300554 0.84532136
v 0.98965848 0.67982711 0.70275334
v 0.95967958 0.73012058 0.75476468
v 0.95970128 0.62300554 0.84532136
v 0.95967958 0.73012058 0.75476468
v 0.91201942 0.65985098 0.89534335
v 0.91201942 0.65985098 0.89534335
v 0.95967958 0.73012058 0.75476468
v 0.91199642 0.77330437 0.79942821
v 0.91201942 0.65985098 0.89534335
v 0.91199642 0.77330437 0.79942821
v 0.84988261 0.68811858 0.93372697
v 0.84988261 0.68811858 0.93372697
v 0.91199642 0.77330437 0.79942821
v 0.84985858 0.80643557 0.83370004
v 0.84988261 0.68811858 0.93372697
v 0.84985858 0.80643557 0.83370004
v 0.77752527 0.70588202 0.95785642
v 0.77752527 0.70588202 0.95785642
v 0.84985858 0.80643557 0.83370004
v 0.77750068 0.82725631 0.85524470
v 0.77752527 0.70588202 0.95785642
v 0.77750068 0.82725631 0.85524470
v 0.69987858 0.71193073 0.96608736
v 0.69987858 0.71193073 0.96608736
v 0.77750068 0.82725631 0.85524470
v 0.69985376 0.83434787 0.86259404
v 0.69983155 0.94187846 0.74370750
v 0.69984728 0.86594550 0.83087450
v 0.77747861 0.93387095 0.73737097
v 0.77747861 0.93387095 0.73737097
v 0.69984728 0.86594550 0.83087450
v 0.77750068 0.82725631 0.85524470
v 0.77747861 0.93387095 0.73737097
v 0.77750068 0.82725631 0.85524470
v 0.84983706 0.91036456 0.71879551
v 0.84983706 0.91036456 0.71879551
v 0.77750068 0.82725631 0.85524470
v 0.84985858 0.80643557 0.83370004
v 0.84983706 0.91036456 0.71879551
v 0.84985858 0.80643557 0.83370004
v 0.91197584 0.87296115 0.68924692
v 0.91197584 0.87296115 0.68924692
v 0.84985858 0.80643557 0.83370004
v 0.91199642 0.77330437 0.79942821
v 0.91197584 0.87296115 0.68924692
v 0.91199642 0.77330437 0.79942821
v 0.95966011 0.82420986 0.65073902
v 0.95966011 0.82420986 0.65073902
v 0.91199642 0.77330437 0.79942821
v 0.95967958 0.73012058 0.75476468
v 0.95966011 0.82420986 0.65073902
v 0.95967958 0.73012058 0.75476468
v 0.98964041 0.76743281 0.60589593
v 0.98964041 0.76743281 0.60589593
v 0.95967958 0.73012058 0.75476468
v 0.98965848 0.67982711 0.70275334
v 0.98964041 0.76743281 0.60589593
v 0.98965848 0.67982711 0.70275334
v 0.99987350 0.70649940 0.55777370
v 0.99987350 0.70649940 0.55777370
v 0.98965848 0.67982711 0.70275334
v 0.99989017 0.62585138 0.64693857
v -1.69992372 -0.40032384 0.00001720
v -1.69992521 -0.38412316 0.11271053
v -1.69999991 -0.00032383 0.00002478
v -1.69995446 -0.26226239 -0.30228000
v -1.69993900 -0.33682114 -0.21623792
v -1.69999991 -0.00032383 0.00002478
v -1.69999991 -0.00032383 0.00002478
v -1.69993900 -0.33682114 -0.21623792
v -1.69992857 -0.38411887 -0.11267550
v -1.69999991 -0.00032383 0.00002478
v -1.69992857 -0.38411887 -0.11267550
v -1.69992372 -0.40032384 0.00001720
v -1.70001667 0.05660960 -0.39590271
v -1.69999488 -0.05724226 -0.39590485
v -1.69999991 -0.00032383 0.00002478
v -1.69999991 -0.00032383 0.00002478
v -1.69999488 -0.05724226 -0.39590485
v -1.69997364 -0.16648293 -0.36383115
v -1.69999991 -0.00032383 0.00002478
v -1.69997364 -0.16648293 -0.36383115
v -1.69995446 -0.26226239 -0.30228000
v -1.70006733 0.33618168 -0.21622516
v -1.70005430 0.26162618 -0.30227008
v -1.69999991 -0.00032383 0.00002478
v -1.69999991 -0.00032383 0.00002478
v -1.70005430 0.26162618 -0.30227008
v -1.70003697 0.16584906 -0.36382487
v -1.69999991 -0.00032383 0.00002478
v -1.70003697 0.16584906 -0.36382487
v -1.70001667 0.05660960 -0.39590271
v -1.70007143 0.38347123 0.11272507
v -1.70007627 0.39967620 0.00003236
v -1.69999991 -0.00032383 0.00002478
v -1.69999991 -0.00032383 0.00002478
v -1.70007627 0.39967620 0.00003236
v -1.70007478 0.38347549 -0.11266096
v -1.69999991 -0.00032383 0.00002478
v -1.70007478 0.38347549 -0.11266096
v -1.70006733 0.33618168 -0.21622516
v -1.70002636 0.16583528 0.36388072
v -1.70004554 0.26161475 0.30232957
v -1.69999991 -0.00032383 0.00002478
v -1.69999991 -0.00032383 0.00002478
v -1.70004554 0.26161475 0.30232957
v -1.70006100 0.33617350 0.21628749
v -1.69999991 -0.00032383 0.00002478
v -1.70006100 0.33617350 0.21628749
v -1.70007143 0.38347123 0.11272507
v -1.69996303 -0.16649672 0.36387444
v -1.69998333 -0.05725726 0.39595226
v -1.69999991 -0.00032383 0.00002478
v -1.69999991 -0.00032383 0.00002478
v -1.69998333 -0.05725726 0.39595226
v -1.70000512 0.05659460 0.39595445
v -1.69999991 -0.00032383 0.00002478
v -1.70000512 0.05659460 0.39595445
v -1.70002636 0.16583528 0.36388072
v -1.69992521 -0.38412316 0.11271053
v -1.69993266 -0.33682934 0.21627473
v -1.69999991 -0.00032383 0.00002478
v -1.69999991 -0.00032383 0.00002478
v -1.69993266 -0.33682934 0.21627473
v -1.69994570 -0.26227385 0.30231965
v -1.69999991 -0.00032383 0.00002478
v -1.69994570 -0.26227385 0.30231965
v -1.69996303 -0.16649672 0.36387444
v 1.69992391 0.40032384 -0.00001721
v 1.69992857 0.38411887 0.11267551
v 1.70000009 0.00032383 -0.00002478
v 1.69994570 0.26227385 -0.30231962
v 1.69993285 0.33682934 -0.21627473
v 1.70000009 0.00032383 -0.00002478
v 1.70000009 0.00032383 -0.00002478
v 1.69993285 0.33682934 -0.21627473
v 1.69992521 0.38412316 -0.11271052
v 1.70000009 0.00032383 -0.00002478
v 1.69992521 0.38412316 -0.11271052
v 1.69992391 0.40032384 -0.00001721
v 1.70000512 -0.05659460 -0.39595440
v 1.69998351 0.05725726 -0.39595226
v 1.70000009 0.00032383 -0.00002478
v 1.70000009 0.00032383 -0.00002478
v 1.69998351 0.05725726 -0.39595226
v 1.69996303 0.16649672 -0.36387441
v 1.70000009 0.00032383 -0.00002478
v 1.69996303 0.16649672 -0.36387441
v 1.69994570 0.26227385 -0.30231962
v 1.70006100 -0.33617350 -0.21628747
v 1.70004554 -0.26161475 -0.30232957
v 1.70000009 0.00032383 -0.00002478
v 1.70000009 0.00032383 -0.00002478
v 1.70004554 -0.26161475 -0.30232957
v 1.70002636 -0.16583528 -0.36388072
v 1.70000009 0.00032383 -0.00002478
v 1.70002636 -0.16583528 -0.36388072
v 1.70000512 -0.05659460 -0.39595440
v 1.70007478 -0.38347549 0.11266097
v 1.70007627 -0.39967620 -0.00003236
v 1.70000009 0.00032383 -0.00002478
v 1.70000009 0.00032383 -0.00002478
v 1.70007627 -0.39967620 -0.00003236
v 1.70007143 -0.38347123 -0.11272506
v 1.70000009 0.00032383 -0.00002478
v 1.70007143 -0.38347123 -0.11272506
v 1.70006100 -0.33617350 -0.21628747
v 1.70003697 -0.16584906 0.36382487
v 1.70005430 -0.26162618 0.30227008
v 1.70000009 0.00032383 -0.00002478
v 1.70000009 0.00032383 -0.00002478
v 1.70005430 -0.26162618 0.30227008
v 1.70006733 -0.33618168 0.21622519
v 1.70000009 0.00032383 -0.00002478
v 1.70006733 -0.33618168 0.21622519
v 1.70007478 -0.38347549 0.11266097
v 1.69997364 0.16648293 0.36383115
v 1.69999488 0.05724226 0.39590485
v 1.70000009 0.00032383 -0.00002478
v 1.70000009 0.00032383 -0.00002478
v 1.69999488 0.05724226 0.39590485
v 1.70001667 -0.05660960 0.39590271
v 1.70000009 0.00032383 -0.00002478
v 1.70001667 -0.05660960 0.39590271
v 1.70003697 -0.16584906 0.36382487
v 1.69992857 0.38411887 0.11267551
v 1.69993918 0.33682114 0.21623792
v 1.70000009 0.00032383 -0.00002478
v 1.70000009 0.00032383 -0.00002478
v 1.69993918 0.33682114 0.21623792
v 1.69995446 0.26226239 0.30228002
v 1.70000009 0.00032383 -0.00002478
v 1.69995446 0.26226239 0.30228002
v 1.69997364 0.16648293 0.36383115
v -1.60009526 0.49969521 0.00003279
v -1.70007143 0.38347123 0.11272507
v -1.60008930 0.47943899 0.14089869
v -1.60008930 0.47943899 0.14089869
v -1.70007143 0.38347123 0.11272507
v -1.70006100 0.33617350 0.21628749
v -1.60008930 0.47943899 0.14089869
v -1.70006100 0.33617350 0.21628749
v -1.60007607 0.42031687 0.27035170
v -1.60007607 0.42031687 0.27035170
v -1.70006100 0.33617350 0.21628749
v -1.70004554 0.26161475 0.30232957
v -1.60007607 0.42031687 0.27035170
v -1.70004554 0.26161475 0.30232957
v -1.60005689 0.32711842 0.37790432
v -1.60005689 0.32711842 0.37790432
v -1.70004554 0.26161475 0.30232957
v -1.70002636 0.16583528 0.36388072
v -1.60005689 0.32711842 0.37790432
v -1.70002636 0.16583528 0.36388072
v -1.60003286 0.20739411 0.45484328
v -1.60003286 0.20739411 0.45484328
v -1.70002636 0.16583528 0.36388072
v -1.70000512 0.05659460 0.39595445
v -1.60003286 0.20739411 0.45484328
v -1.70000512 0.05659460 0.39595445
v -1.60000622 0.07084327 0.49493541
v -1.60000622 0.07084327 0.49493541
v -1.70000512 0.05659460 0.39595445
v -1.69998333 -0.05725726 0.39595226
v -1.60000622 0.07084327 0.49493541
v -1.69998333 -0.05725726 0.39595226
v -1.59997921 -0.07147157 0.49493271
v -1.59997921 -0.07147157 0.49493271
v -1.69998333 -0.05725726 0.39595226
v -1.69996303 -0.16649672 0.36387444
v -1.59997921 -0.07147157 0.49493271
v -1.69996303 -0.16649672 0.36387444
v -1.59995370 -0.20802089 0.45483541
v -1.59995370 -0.20802089 0.45483541
v -1.69996303 -0.16649672 0.36387444
v -1.69994570 -0.26227385 0.30231965
v -1.59995370 -0.20802089 0.45483541
v -1.69994570 -0.26227385 0.30231965
v -1.59993209 -0.32774229 0.37789191
v -1.59993209 -0.32774229 0.37789191
v -1.69994570 -0.26227385 0.30231965
v -1.69993266 -0.33682934 0.21627473
v -1.59993209 -0.32774229 0.37789191
v -1.69993266 -0.33682934 0.21627473
v -1.59991588 -0.42093666 0.27033577
v -1.59991588 -0.42093666 0.27033577
v -1.69993266 -0.33682934 0.21627473
v -1.69992521 -0.38412316 0.11271053
v -1.59991588 -0.42093666 0.27033577
v -1.69992521 -0.38412316 0.11271053
v -1.59990657 -0.48005390 0.14088051
v -1.59990657 -0.48005390 0.14088051
v -1.69992521 -0.38412316 0.11271053
v -1.69992372 -0.40032384 0.00001720
v -1.59990657 -0.48005390 0.14088051
v -1.69992372 -0.40032384 0.00001720
v -1.59990471 -0.50030476 0.00001385
v -1.59990471 -0.50030476 0.00001385
v -1.69992372 -0.40032384 0.00001720
v -1.69992857 -0.38411887 -0.11267550
v -1.59990471 -0.50030476 0.00001385
v -1.69992857 -0.38411887 -0.11267550
v -1.59991067 -0.48004859 -0.14085203
v -1.59991067 -0.48004859 -0.14085203
v -1.69992857 -0.38411887 -0.11267550
v -1.69993900 -0.33682114 -0.21623792
v -1.59991067 -0.48004859 -0.14085203
v -1.69993900 -0.33682114 -0.21623792
v -1.59992371 -0.42092642 -0.27030508
v -1.59992371 -0.42092642 -0.27030508
v -1.69993900 -0.33682114 -0.21623792
v -1.69995446 -0.26226239 -0.30228000
v -1.59992371 -0.42092642 -0.27030508
v -1.69995446 -0.26226239 -0.30228000
v -1.59994308 -0.32772799 -0.37785766
v -1.59994308 -0.32772799 -0.37785766
v -1.69995446 -0.26226239 -0.30228000
v -1.69997364 -0.16648293 -0.36383115
v -1.59994308 -0.32772799 -0.37785766
v -1.69997364 -0.16648293 -0.36383115
v -1.59996711 -0.20800366 -0.45479662
v -1.59996711 -0.20800366 -0.45479662
v -1.69997364 -0.16648293 -0.36383115
v -1.69999488 -0.05724226 -0.39590485
v -1.59996711 -0.20800366 -0.45479662
v -1.69999488 -0.05724226 -0.39590485
v -1.59999356 -0.07145283 -0.49488875
v -1.59999356 -0.07145283 -0.49488875
v -1.69999488 -0.05724226 -0.39590485
v -1.70001667 0.05660960 -0.39590271
v -1.59999356 -0.07145283 -0.49488875
v -1.70001667 0.05660960 -0.39590271
v -1.60002075 0.07086201 -0.49488605
v -1.60002075 0.07086201 -0.49488605
v -1.70001667 0.05660960 -0.39590271
v -1.70003697 0.16584906 -0.36382487
v -1.60002075 0.07086201 -0.49488605
v -1.70003697 0.16584906 -0.36382487
v -1.60004608 0.20741133 -0.45478875
v -1.60004608 0.20741133 -0.45478875
v -1.70003697 0.16584906 -0.36382487
v -1.70005430 0.26162618 -0.30227008
v -1.60004608 0.20741133 -0.45478875
v -1.70005430 0.26162618 -0.30227008
v -1.60006788 0.32713274 -0.37784525
v -1.60006788 0.32713274 -0.37784525
v -1.70005430 0.26162618 -0.30227008
v -1.70006733 0.33618168 -0.21622516
v -1.60006788 0.32713274 -0.37784525
v -1.70006733 0.33618168 -0.21622516
v -1.60008408 0.42032711 -0.27028914
v -1.60008408 0.42032711 -0.27028914
v -1.70006733 0.33618168 -0.21622516
v -1.70007478 0.38347549 -0.11266096
v -1.60008408 0.42032711 -0.27028914
v -1.70007478 0.38347549 -0.11266096
v -1.60009339 0.47944435 -0.14083385
v -1.60009339 0.47944435 -0.14083385
v -1.70007478 0.38347549 -0.11266096
v -1.70007627 0.39967620 0.00003236
v -1.60009339 0.47944435 -0.14083385
v -1.70007627 0.39967620 0.00003236
v -1.60009526 0.49969521 0.00003279
v -1.60009526 0.49969521 0.00003279
v -1.70007627 0.39967620 0.00003236
v -1.70007143 0.38347123 0.11272507
v 1.60009526 -0.49969521 -0.00003280
v 1.70007478 -0.38347549 0.11266097
v 1.60009339 -0.47944435 0.14083387
v 1.60009339 -0.47944435 0.14083387
v 1.70007478 -0.38347549 0.11266097
v 1.70006733 -0.33618168 0.21622519
v 1.60009339 -0.47944435 0.14083387
v 1.70006733 -0.33618168 0.21622519
v 1.60008408 -0.42032711 0.27028911
v 1.60008408 -0.42032711 0.27028911
v 1.70006733 -0.33618168 0.21622519
v 1.70005430 -0.26162618 0.30227008
v 1.60008408 -0.42032711 0.27028911
v 1.70005430 -0.26162618 0.30227008
v 1.60006788 -0.32713274 0.37784528
v 1.60006788 -0.32713274 0.37784528
v 1.70005430 -0.26162618 0.30227008
v 1.70003697 -0.16584906 0.36382487
v 1.60006788 -0.32713274 0.37784528
v 1.70003697 -0.16584906 0.36382487
v 1.60004627 -0.20741133 0.45478875
v 1.60004627 -0.20741133 0.45478875
v 1.70003697 -0.16584906 0.36382487
v 1.70001667 -0.05660960 0.39590271
v 1.60004627 -0.20741133 0.45478875
v 1.70001667 -0.05660960 0.39590271
v 1.60002075 -0.07086201 0.49488605
v 1.60002075 -0.07086201 0.49488605
v 1.70001667 -0.05660960 0.39590271
v 1.69999488 0.05724226 0.39590485
v 1.60002075 -0.07086201 0.49488605
v 1.69999488 0.05724226 0.39590485
v 1.59999374 0.07145283 0.49488875
v 1.59999374 0.07145283 0.49488875
v 1.69999488 0.05724226 0.39590485
v 1.69997364 0.16648293 0.36383115
v 1.59999374 0.07145283 0.49488875
v 1.69997364 0.16648293 0.36383115
v 1.59996711 0.20800366 0.45479662
v 1.59996711 0.20800366 0.45479662
v 1.69997364 0.16648293 0.36383115
v 1.69995446 0.26226239 0.30228002
v 1.59996711 0.20800366 0.45479662
v 1.69995446 0.26226239 0.30228002
v 1.59994308 0.32772799 0.37785766
v 1.59994308 0.32772799 0.37785766
v 1.69995446 0.26226239 0.30228002
v 1.69993918 0.33682114 0.21623792
v 1.59994308 0.32772799 0.37785766
v 1.69993918 0.33682114 0.21623792
v 1.59992389 0.42092642 0.27030506
v 1.59992389 0.42092642 0.27030506
v 1.69993918 0.33682114 0.21623792
v 1.69992857 0.38411887 0.11267551
v 1.59992389 0.42092642 0.27030506
v 1.69992857 0.38411887 0.11267551
v 1.59991067 0.48004859 0.14085204
v 1.59991067 0.48004859 0.14085204
v 1.69992857 0.38411887 0.11267551
v 1.69992391 0.40032384 -0.00001721
v 1.59991067 0.48004859 0.14085204
v 1.69992391 0.40032384 -0.00001721
v 1.59990471 0.50030476 -0.00001385
v 1.59990471 0.50030476 -0.00001385
v 1.69992391 0.40032384 -0.00001721
v 1.69992521 0.38412316 -0.11271052
v 1.59990471 0.50030476 -0.00001385
v 1.69992521 0.38412316 -0.11271052
v 1.59990657 0.48005390 -0.14088050
v 1.59990657 0.48005390 -0.14088050
v 1.69992521 0.38412316 -0.11271052
v 1.69993285 0.33682934 -0.21627473
v 1.59990657 0.48005390 -0.14088050
v 1.69993285 0.33682934 -0.21627473
v 1.59991588 0.42093666 -0.27033580
v 1.59991588 0.42093666 -0.27033580
v 1.69993285 0.33682934 -0.21627473
v 1.69994570 0.26227385 -0.30231962
v 1.59991588 0.42093666 -0.27033580
v 1.69994570 0.26227385 -0.30231962
v 1.59993209 0.32774229 -0.37789189
v 1.59993209 0.32774229 -0.37789189
v 1.69994570 0.26227385 -0.30231962
v 1.69996303 0.16649672 -0.36387441
v 1.59993209 0.32774229 -0.37789189
v 1.69996303 0.16649672 -0.36387441
v 1.59995388 0.20802089 -0.45483536
v 1.59995388 0.20802089 -0.45483536
v 1.69996303 0.16649672 -0.36387441
v 1.69998351 0.05725726 -0.39595226
v 1.59995388 0.20802089 -0.45483536
v 1.69998351 0.05725726 -0.39595226
v 1.59997921 0.07147157 -0.49493271
v 1.59997921 0.07147157 -0.49493271
v 1.69998351 0.05725726 -0.39595226
v 1.70000512 -0.05659460 -0.39595440
v 1.59997921 0.07147157 -0.49493271
v 1.70000512 -0.05659460 -0.39595440
v 1.60000641 -0.07084327 -0.49493541
v 1.60000641 -0.07084327 -0.49493541
v 1.70000512 -0.05659460 -0.39595440
v 1.70002636 -0.16583528 -0.36388072
v 1.60000641 -0.07084327 -0.49493541
v 1.70002636 -0.16583528 -0.36388072
v 1.60003304 -0.20739411 -0.45484323
v 1.60003304 -0.20739411 -0.45484323
v 1.70002636 -0.16583528 -0.36388072
v 1.70004554 -0.26161475 -0.30232957
v 1.60003304 -0.20739411 -0.45484323
v 1.70004554 -0.26161475 -0.30232957
v 1.60005689 -0.32711842 -0.37790430
v 1.60005689 -0.32711842 -0.37790430
v 1.70004554 -0.26161475 -0.30232957
v 1.70006100 -0.33617350 -0.21628747
v 1.60005689 -0.32711842 -0.37790430
v 1.70006100 -0.33617350 -0.21628747
v 1.60007626 -0.42031687 -0.27035172
v 1.60007626 -0.42031687 -0.27035172
v 1.70006100 -0.33617350 -0.21628747
v 1.70007143 -0.38347123 -0.11272506
v 1.60007626 -0.42031687 -0.27035172
v 1.70007143 -0.38347123 -0.11272506
v 1.60008930 -0.47943899 -0.14089867
v 1.60008930 -0.47943899 -0.14089867
v 1.70007143 -0.38347123 -0.11272506
v 1.70007627 -0.39967620 -0.00003236
v 1.60008930 -0.47943899 -0.14089867
v 1.70007627 -0.39967620 -0.00003236
v 1.60009526 -0.49969521 -0.00003280
v 1.60009526 -0.49969521 -0.00003280
v 1.70007627 -0.39967620 -0.00003236
v 1.70007478 -0.38347549 0.11266097
f 1 2 3
f 4 5 6
f 7 8 9
f 10 11 12
f 13 14 15
f 16 17 18
f 19 20 21
f 22 23 24
f 25 26 27
f 28 29 30
f 31 32 33
f 34 35 36
f 37 38 39
f 40 41 42
f 43 44 45
f 46 47 48
f 49 50 51
f 52 53 54
f 55 56 57
f 58 59 60
f 61 62 63
f 64 65 66
f 67 68 69
f 70 71 72
f 73 74 75
f 76 77 78
f 79 80 81
f 82 83 84
f 85 86 87
f 88 89 90
f 91 92 93
f 94 95 96
f 97 98 99
f 100 101 102
f 103 104 105
f 106 107 108
f 109 110 111
f 112 113 114
f 115 116 117
f 118 119 120
f 121 122 123
f 124 125 126
f 127 128 129
f 130 131 132
f 133 134 135
f 136 137 138
f 139 140 141
f 142 143 144
f 145 146 147
f 148 149 150
f 151 152 153
f 154 155 156
f 157 158 159
f 160 161 162
f 163 164 165
f 166 167 168
f 169 170 171
f 172 173 174
f 175 176 177
f 178 179 180
f 181 182 183
f 184 185 186
f 187 188 189
f 190 191 192
f 193 194 195
f 196 197 198
f 199 200 201
f 202 203 204
f 205 206 207
f 208 209 210
f 211 212 213
f 214 215 216
f 217 218 219
f 220 221 222
f 223 224 225
f 226 227 228
f 229 230 231
f 232 233 234
f 235 236 237
f 238 239 240
f 241 242 243
f 244 245 246
f 247 248 249
f 250 251 252
f 253 254 255
f 256 257 258
f 259 260 261
f 262 263 264
f 265 266 267
f 268 269 270
f 271 272 273
f 274 275 276
f 277 278 279
f 280 281 282
f 283 284 285
f 286 287 288
f 289 290 291
f 292 293 294
f 295 296 297
f 298 299 300
f 301 302 303
f 304 305 306
f 307 308 309
f 310 311 312
f 313 314 315
f 316 317 318
f 319 320 321
f 322 323 324
f 325 326 327
f 328 329 330
f 331 332 333
f 334 335 336
f 337 338 339
f 340 341 342
f 343 344 345
f 346 347 348
f 349 350 351
f 352 353 354
f 355 356 357
f 358 359 360
f 361 362 363
f 364 365 366
f 367 368 369
f 370 371 372
f 373 374 375
f 376 377 378
f 379 380 381
f 382 383 384
f 385 386 387
f 388 389 390
f 391 392 393
f 394 395 396
f 397 398 399
f 400 401 402
f 403 404 405
f 406 407 408
f 409 410 411
f 412 413 414
f 415 416 417
f 418 419 420
f 421 422 423
f 424 425 426
f 427 428 429
f 430 431 432
f 433 434 435
f 436 437 438
f 439 440 441
f 442 443 444
f 445 446 447
f 448 449 450
f 451 452 453
f 454 455 456
f 457 458 459
f 460 461 462
f 463 464 465
f 466 467 468
f 469 470 471
f 472 473 474
f 475 476 477
f 478 479 480
f 481 482 483
f 484 485 486
f 487 488 489
f 490 491 492
f 493 494 495
f 496 497 498
f 499 500 501
f 502 503 504
f 505 506 507
f 508 509 510
f 511 512 513
f 514 515 516
f 517 518 519
f 520 521 522
f 523 524 525
f 526 527 528
f 529 530 531
f 532 533 534
f 535 536 537
f 538 539 540
f 541 542 543
f 544 545 546
f 547 548 549
f 550 551 552
f 553 554 555
f 556 557 558
f 559 560 561
f 562 563 564
f 565 566 567
f 568 569 570
f 571 572 573
f 574 575 576
f 577 578 579
f 580 581 582
f 583 584 585
f 586 587 588
f 589 590 591
f 592 593 594
f 595 596 597
f 598 599 600
f 601 602 603
f 604 605 606
f 607 608 609
f 610 611 612
f 613 614 615
f 616 617 618
f 619 620 621
f 622 623 624
f 625 626 627
f 628 629 630
f 631 632 633
f 634 635 636
f 637 638 639
f 640 641 642
f 643 644 645
f 646 647 648
f 649 650 651
f 652 653 654
f 655 656 657
f 658 659 660
f 661 662 663
f 664 665 666
f 667 668 669
f 670 671 672
f 673 674 675
f 676 677 678
f 679 680 681
f 682 683 684
f 685 686 687
f 688 689 690
f 691 692 693
f 694 695 696
f 697 698 699
f 700 701 702
f 703 704 705
f 706 707 708
f 709 710 711
f 712 713 714
f 715 716 717
f 718 719 720
f 721 722 723
f 724 725 726
f 727 728 729
f 730 731 732
f 733 734 735
f 736 737 738
f 739 740 741
f 742 743 744
f 745 746 747
f 748 749 750
f 751 752 753
f 754 755 756
f 757 758 759
f 760 761 762
f 763 764 765
f 766 767 768
f 769 770 771
f 772 773 774
f 775 776 777
f 778 779 780
f 781 782 783
f 784 785 786
f 787 788 789
f 790 791 792
f 793 794 795
f 796 797 798
f 799 800 801
f 802 803 804
f 805 806 807
f 808 809 810
f 811 812 813
f 814 815 816
f 817 818 819
f 820 821 822
f 823 824 825
f 826 827 828
f 829 830 831
f 832 833 834
f 835 836 837
f 838 839 840
f 841 842 843
f 844 845 846
f 847 848 849
f 850 851 852
f 853 854 855
f 856 857 858
f 859 860 861
f 862 863 864
f 865 866 867
f 868 869 870
f 871 872 873
f 874 875 876
f 877 878 879
f 880 881 882
f 883 884 885
f 886 887 888
f 889 890 891
f 892 893 894
f 895 896 897
f 898 899 900
f 901 902 903
f 904 905 906
f 907 908 909
f 910 911 912
f 913 914 915
f 916 917 918
f 919 920 921
f 922 923 924
f 925 926 927
f 928 929 930
f 931 932 933
f 934 935 936
f 937 938 939
f 940 941 942
f 943 944 945
f 946 947 948
f 949 950 951
f 952 953 954
f 955 956 957
f 958 959 960
f 961 962 963
f 964 965 966
f 967 968 969
f 970 971 972
f 973 974 975
f 976 977 978
f 979 980 981
f 982 983 984
f 985 986 987
f 988 989 990
f 991 992 993
f 994 995 996
f 997 998 999
f 1000 1001 1002
f 1003 1004 1005
f 1006 1007 1008
f 1009 1010 1011
f 1012 1013 1014
f 1015 1016 1017
f 1018 1019 1020
f 1021 1022 1023
f 1024 1025 1026
f 1027 1028 1029
f 1030 1031 1032
f 1033 1034 1035
f 1036 1037 1038
f 1039 1040 1041
f 1042 1043 1044
f 1045 1046 1047
f 1048 1049 1050
f 1051 1052 1053
f 1054 1055 1056
f 1057 1058 1059
f 1060 1061 1062
f 1063 1064 1065
f 1066 1067 1068
f 1069 1070 1071
f 1072 1073 1074
f 1075 1076 1077
f 1078 1079 1080
f 1081 1082 1083
f 1084 1085 1086
f 1087 1088 1089
f 1090 1091 1092
f 1093 1094 1095
f 1096 1097 1098
f 1099 1100 1101
f 1102 1103 1104
f 1105 1106 1107
f 1108 1109 1110
f 1111 1112 1113
f 1114 1115 1116
f 1117 1118 1119
f 1120 1121 1122
f 1123 1124 1125
f 1126 1127 1128
f 1129 1130 1131
f 1132 1133 1134
f 1135 1136 1137
f 1138 1139 1140
f 1141 1142 1143
f 1144 1145 1146
f 1147 1148 1149
f 1150 1151 1152
f 1153 1154 1155
f 1156 1157 1158
f 1159 1160 1161
f 1162 1163 1164
f 1165 1166 1167
f 1168 1169 1170
f 1171 1172 1173
f 1174 1175 1176
f 1177 1178 1179
f 1180 1181 1182
f 1183 1184 1185
f 1186 1187 1188
f 1189 1190 1191
f 1192 1193 1194
f 1195 1196 1197
f 1198 1199 1200
f 1201 1202 1203
f 1204 1205 1206
f 1207 1208 1209
f 1210 1211 1212
f 1213 1214 1215
f 1216 1217 1218
f 1219 1220 1221
f 1222 1223 1224
f 1225 1226 1227
f 1228 1229 1230
f 1231 1232 1233
f 1234 1235 1236
f 1237 1238 1239
f 1240 1241 1242
f 1243 1244 1245
f 1246 1247 1248
f 1249 1250 1251
f 1252 1253 1254
f 1255 1256 1257
f 1258 1259 1260
f 1261 1262 1263
f 1264 1265 1266
f 1267 1268 1269
f 1270 1271 1272
f 1273 1274 1275
f 1276 1277 1278
f 1279 1280 1281
f 1282 1283 1284
f 1285 1286 1287
f 1288 1289 1290
f 1291 1292 1293
f 1294 1295 1296
f 1297 1298 1299
f 1300 1301 1302
f 1303 1304 1305
f 1306 1307 1308
f 1309 1310 1311
f 1312 1313 1314
f 1315 1316 1317
f 1318 1319 1320
f 1321 1322 1323
f 1324 1325 1326
f 1327 1328 1329
f 1330 1331 1332
f 1333 1334 1335
f 1336 1337 1338
f 1339 1340 1341
f 1342 1343 1344
f 1345 1346 1347
f 1348 1349 1350
f 1351 1352 1353
f 1354 1355 1356
f 1357 1358 1359
f 1360 1361 1362
f 1363 1364 1365
f 1366 1367 1368
f 1369 1370 1371
f 1372 1373 1374
f 1375 1376 1377
f 1378 1379 1380
f 1381 1382 1383
f 1384 1385 1386
f 1387 1388 1389
f 1390 1391 1392
f 1393 1394 1395
f 1396 1397 1398
f 1399 1400 1401
f 1402 1403 1404
f 1405 1406 1407
f 1408 1409 1410
f 1411 1412 1413
f 1414 1415 1416
f 1417 1418 1419
f 1420 1421 1422
f 1423 1424 1425
f 1426 1427 1428
f 1429 1430 1431
f 1432 1433 1434
f 1435 1436 1437
f 1438 1439 1440
f 1441 1442 1443
f 1444 1445 1446
f 1447 1448 1449
f 1450 1451 1452
f 1453 1454 1455
f 1456 1457 1458
f 1459 1460 1461
f 1462 1463 1464
f 1465 1466 1467
f 1468 1469 1470
f 1471 1472 1473
f 1474 1475 1476
f 1477 1478 1479
f 1480 1481 1482
f 1483 1484 1485
f 1486 1487 1488
f 1489 1490 1491
f 1492 1493 1494
f 1495 1496 1497
f 1498 1499 1500
f 1501 1502 1503
f 1504 1505 1506
f 1507 1508 1509
f 1510 1511 1512
f 1513 1514 1515
f 1516 1517 1518
f 1519 1520 1521
f 1522 1523 1524
f 1525 1526 1527
f 1528 1529 1530
f 1531 1532 1533
f 1534 1535 1536
f 1537 1538 1539
f 1540 1541 1542
f 1543 1544 1545
f 1546 1547 1548
f 1549 1550 1551
f 1552 1553 1554
f 1555 1556 1557
f 1558 1559 1560
f 1561 1562 1563
f 1564 1565 1566
f 1567 1568 1569
f 1570 1571 1572
f 1573 1574 1575
f 1576 1577 1578
f 1579 1580 1581
f 1582 1583 1584
f 1585 1586 1587
f 1588 1589 1590
f 1591 1592 1593
f 1594 1595 1596
f 1597 1598 1599
f 1600 1601 1602
f 1603 1604 1605
f 1606 1607 1608
f 1609 1610 1611
f 1612 1613 1614
f 1615 1616 1617
f 1618 1619 1620
f 1621 1622 1623
f 1624 1625 1626
f 1627 1628 1629
f 1630 1631 1632
f 1633 1634 1635
f 1636 1637 1638
f 1639 1640 1641
f 1642 1643 1644
f 1645 1646 1647
f 1648 1649 1650
f 1651 1652 1653
f 1654 1655 1656
f 1657 1658 1659
f 1660 1661 1662
f 1663 1664 1665
f 1666 1667 1668
f 1669 1670 1671
f 1672 1673 1674
f 1675 1676 1677
f 1678 1679 1680
f 1681 1682 1683
f 1684 1685 1686
f 1687 1688 1689
f 1690 1691 1692
f 1693 1694 1695
f 1696 1697 1698
f 1699 1700 1701
f 1702 1703 1704
f 1705 1706 1707
f 1708 1709 1710
f 1711 1712 1713
f 1714 1715 1716
f 1717 1718 1719
f 1720 1721 1722
f 1723 1724 1725
f 1726 1727 1728
f 1729 1730 1731
f 1732 1733 1734
f 1735 1736 1737
f 1738 1739 1740
f 1741 1742 1743
f 1744 1745 1746
f 1747 1748 1749
f 1750 1751 1752
f 1753 1754 1755
f 1756 1757 1758
f 1759 1760 1761
f 1762 1763 1764
f 1765 1766 1767
f 1768 1769 1770
f 1771 1772 1773
f 1774 1775 1776
f 1777 1778 1779
f 1780 1781 1782
f 1783 1784 1785
f 1786 1787 1788
f 1789 1790 1791
f 1792 1793 1794
f 1795 1796 1797
f 1798 1799 1800
f 1801 1802 1803
f 1804 1805 1806
f 1807 1808 1809
f 1810 1811 1812
f 1813 1814 1815
f 1816 1817 1818
f 1819 1820 1821
f 1822 1823 1824
f 1825 1826 1827
f 1828 1829 1830
f 1831 1832 1833
f 1834 1835 1836
f 1837 1838 1839
f 1840 1841 1842
f 1843 1844 1845
f 1846 1847 1848
f 1849 1850 1851
f 1852 1853 1854
f 1855 1856 1857
f 1858 1859 1860
f 1861 1862 1863
f 1864 1865 1866
f 1867 1868 1869
f 1870 1871 1872
f 1873 1874 1875
f 1876 1877 1878
f 1879 1880 1881
f 1882 1883 1884
f 1885 1886 1887
f 1888 1889 1890
f 1891 1892 1893
f 1894 1895 1896
f 1897 1898 1899
f 1900 1901 1902
f 1903 1904 1905
f 1906 1907 1908
f 1909 1910 1911
f 1912 1913 1914
f 1915 1916 1917
f 1918 1919 1920
f 1921 1922 1923
f 1924 1925 1926
f 1927 1928 1929
f 1930 1931 1932
f 1933 1934 1935
f 1936 1937 1938
f 1939 1940 1941
f 1942 1943 1944
f 1945 1946 1947
f 1948 1949 1950
f 1951 1952 1953
f 1954 1955 1956
f 1957 1958 1959
f 1960 1961 1962
f 1963 1964 1965
f 1966 1967 1968
f 1969 1970 1971
f 1972 1973 1974
f 1975 1976 1977
f 1978 1979 1980
f 1981 1982 1983
f 1984 1985 1986
f 1987 1988 1989
f 1990 1991 1992
f 1993 1994 1995
f 1996 1997 1998
f 1999 2000 2001
f 2002 2003 2004
f 2005 2006 2007
f 2008 2009 2010
f 2011 2012 2013
f 2014 2015 2016
f 2017 2018 2019
f 2020 2021 2022
f 2023 2024 2025
f 2026 2027 2028
f 2029 2030 2031
f 2032 2033 2034
f 2035 2036 2037
f 2038 2039 2040
f 2041 2042 2043
f 2044 2045 2046
f 2047 2048 2049
f 2050 2051 2052
f 2053 2054 2055
f 2056 2057 2058
f 2059 2060 2061
f 2062 2063 2064
f 2065 2066 2067
f 2068 2069 2070
f 2071 2072 2073
f 2074 2075 2076
f 2077 2078 2079
f 2080 2081 2082
f 2083 2084 2085
f 2086 2087 2088
f 2089 2090 2091
f 2092 2093 2094
f 2095 2096 2097
f 2098 2099 2100
f 2101 2102 2103
f 2104 2105 2106
f 2107 2108 2109
f 2110 2111 2112
f 2113 2114 2115
f 2116 2117 2118
f 2119 2120 2121
f 2122 2123 2124
f 2125 2126 2127
f 2128 2129 2130
f 2131 2132 2133
f 2134 2135 2136
f 2137 2138 2139
f 2140 2141 2142
f 2143 2144 2145
f 2146 2147 2148
f 2149 2150 2151
f 2152 2153 2154
f 2155 2156 2157
f 2158 2159 2160
f 2161 2162 2163
f 2164 2165 2166
f 2167 2168 2169
f 2170 2171 2172
f 2173 2174 2175
f 2176 2177 2178
f 2179 2180 2181
f 2182 2183 2184
f 2185 2186 2187
f 2188 2189 2190
f 2191 2192 2193
f 2194 2195 2196
f 2197 2198 2199
f 2200 2201 2202
f 2203 2204 2205
f 2206 2207 2208
f 2209 2210 2211
f 2212 2213 2214
f 2215 2216 2217
f 2218 2219 2220
f 2221 2222 2223
f 2224 2225 2226
f 2227 2228 2229
f 2230 2231 2232
f 2233 2234 2235
f 2236 2237 2238
f 2239 2240 2241
f 2242 2243 2244
f 2245 2246 2247
f 2248 2249 2250
f 2251 2252 2253
f 2254 2255 2256
f 2257 2258 2259
f 2260 2261 2262
f 2263 2264 2265
f 2266 2267 2268
f 2269 2270 2271
f 2272 2273 2274
f 2275 2276 2277
f 2278 2279 2280
f 2281 2282 2283
f 2284 2285 2286
f 2287 2288 2289
f 2290 2291 2292
f 2293 2294 2295
f 2296 2297 2298
f 2299 2300 2301
f 2302 2303 2304
f 2305 2306 2307
f 2308 2309 2310
f 2311 2312 2313
f 2314 2315 2316
f 2317 2318 2319
f 2320 2321 2322
f 2323 2324 2325
f 2326 2327 2328
f 2329 2330 2331
f 2332 2333 2334
f 2335 2336 2337
f 2338 2339 2340
f 2341 2342 2343
f 2344 2345 2346
f 2347 2348 2349
f 2350 2351 2352
f 2353 2354 2355
f 2356 2357 2358
f 2359 2360 2361
f 2362 2363 2364
f 2365 2366 2367
f 2368 2369 2370
f 2371 2372 2373
f 2374 2375 2376
f 2377 2378 2379
f 2380 2381 2382
f 2383 2384 2385
f 2386 2387 2388
f 2389 2390 2391
f 2392 2393 2394
f 2395 2396 2397
f 2398 2399 2400
f 2401 2402 2403
f 2404 2405 2406
f 2407 2408 2409
f 2410 2411 2412
f 2413 2414 2415
f 2416 2417 2418
f 2419 2420 2421
f 2422 2423 2424
f 2425 2426 2427
f 2428 2429 2430
f 2431 2432 2433
f 2434 2435 2436
f 2437 2438 2439
f 2440 2441 2442
f 2443 2444 2445
f 2446 2447 2448
f 2449 2450 2451
f 2452 2453 2454
f 2455 2456 2457
f 2458 2459 2460
f 2461 2462 2463
f 2464 2465 2466
f 2467 2468 2469
f 2470 2471 2472
f 2473 2474 2475
f 2476 2477 2478
f 2479 2480 2481
f 2482 2483 2484
f 2485 2486 2487
f 2488 2489 2490
f 2491 2492 2493
f 2494 2495 2496
f 2497 2498 2499
f 2500 2501 2502
f 2503 2504 2505
f 2506 2507 2508
f 2509 2510 2511
f 2512 2513 2514
f 2515 2516 2517
f 2518 2519 2520
f 2521 2522 2523
f 2524 2525 2526
f 2527 2528 2529
f 2530 2531 2532
f 2533 2534 2535
f 2536 2537 2538
f 2539 2540 2541
f 2542 2543 2544
f 2545 2546 2547
f 2548 2549 2550
f 2551 2552 2553
f 2554 2555 2556
f 2557 2558 2559
f 2560 2561 2562
f 2563 2564 2565
f 2566 2567 2568
f 2569 2570 2571
f 2572 2573 2574
f 2575 2576 2577
f 2578 2579 2580
f 2581 2582 2583
f 2584 2585 2586
f 2587 2588 2589
f 2590 2591 2592
f 2593 2594 2595
f 2596 2597 2598
f 2599 2600 2601
f 2602 2603 2604
f 2605 2606 2607
f 2608 2609 2610
f 2611 2612 2613
f 2614 2615 2616
f 2617 2618 2619
f 2620 2621 2622
f 2623 2624 2625
f 2626 2627 2628
f 2629 2630 2631
f 2632 2633 2634
f 2635 2636 2637
f 2638 2639 2640
f 2641 2642 2643
f 2644 2645 2646
f 2647 2648 2649
f 2650 2651 2652
f 2653 2654 2655
f 2656 2657 2658
f 2659 2660 2661
f 2662 2663 2664
f 2665 2666 2667
f 2668 2669 2670
f 2671 2672 2673
f 2674 2675 2676
f 2677 2678 2679
f 2680 2681 2682
f 2683 2684 2685
f 2686 2687 2688
f 2689 2690 2691
f 2692 2693 2694
f 2695 2696 2697
f 2698 2699 2700
f 2701 2702 2703
f 2704 2705 2706
f 2707 2708 2709
f 2710 2711 2712
f 2713 2714 2715
f 2716 2717 2718
f 2719 2720 2721
f 2722 2723 2724
f 2725 2726 2727
f 2728 2729 2730
f 2731 2732 2733
f 2734 2735 2736
f 2737 2738 2739
f 2740 2741 2742
f 2743 2744 2745
f 2746 2747 2748
f 2749 2750 2751
f 2752 2753 2754
f 2755 2756 2757
f 2758 2759 2760
f 2761 2762 2763
f 2764 2765 2766
f 2767 2768 2769
f 2770 2771 2772
f 2773 2774 2775
f 2776 2777 2778
f 2779 2780 2781
f 2782 2783 2784
f 2785 2786 2787
f 2788 2789 2790
f 2791 2792 2793
f 2794 2795 2796
f 2797 2798 2799
f 2800 2801 2802
f 2803 2804 2805
f 2806 2807 2808
f 2809 2810 2811
f 2812 2813 2814
f 2815 2816 2817
f 2818 2819 2820
f 2821 2822 2823
f 2824 2825 2826
f 2827 2828 2829
f 2830 2831 2832
f 2833 2834 2835
f 2836 2837 2838
f 2839 2840 2841
f 2842 2843 2844
f 2845 2846 2847
f 2848 2849 2850
f 2851 2852 2853
f 2854 2855 2856
f 2857 2858 2859
f 2860 2861 2862
f 2863 2864 2865
f 2866 2867 2868
f 2869 2870 2871
f 2872 2873 2874
f 2875 2876 2877
f 2878 2879 2880
f 2881 2882 2883
f 2884 2885 2886
f 2887 2888 2889
f 2890 2891 2892
f 2893 2894 2895
f 2896 2897 2898
f 2899 2900 2901
f 2902 2903 2904
f 2905 2906 2907
f 2908 2909 2910
f 2911 2912 2913
f 2914 2915 2916
f 2917 2918 2919
f 2920 2921 2922
f 2923 2924 2925
f 2926 2927 2928
f 2929 2930 2931
f 2932 2933 2934
f 2935 2936 2937
f 2938 2939 2940
f 2941 2942 2943
f 2944 2945 2946
f 2947 2948 2949
f 2950 2951 2952
f 2953 2954 2955
f 2956 2957 2958
f 2959 2960 2961
f 2962 2963 2964
f 2965 2966 2967
f 2968 2969 2970
f 2971 2972 2973
f 2974 2975 2976
f 2977 2978 2979
f 2980 2981 2982
f 2983 2984 2985
f 2986 2987 2988
f 2989 2990 2991
f 2992 2993 2994
f 2995 2996 2997
f 2998 2999 3000
f 3001 3002 3003
f 3004 3005 3006
f 3007 3008 3009
f 3010 3011 3012
f 3013 3014 3015
f 3016 3017 3018
f 3019 3020 3021
f 3022 3023 3024
f 3025 3026 3027
f 3028 3029 3030
f 3031 3032 3033
f 3034 3035 3036
f 3037 3038 3039
f 3040 3041 3042
f 3043 3044 3045
f 3046 3047 3048
f 3049 3050 3051
f 3052 3053 3054
f 3055 3056 3057
f 3058 3059 3060
f 3061 3062 3063
f 3064 3065 3066
f 3067 3068 3069
f 3070 3071 3072
f 3073 3074 3075
f 3076 3077 3078
f 3079 3080 3081
f 3082 3083 3084
f 3085 3086 3087
f 3088 3089 3090
f 3091 3092 3093
f 3094 3095 3096
f 3097 3098 3099
f 3100 3101 3102
f 3103 3104 3105
f 3106 3107 3108
f 3109 3110 3111
f 3112 3113 3114
f 3115 3116 3117
f 3118 3119 3120
f 3121 3122 3123
f 3124 3125 3126
f 3127 3128 3129
f 3130 3131 3132
f 3133 3134 3135
f 3136 3137 3138
f 3139 3140 3141
f 3142 3143 3144
f 3145 3146 3147
f 3148 3149 3150
f 3151 3152 3153
f 3154 3155 3156
f 3157 3158 3159
f 3160 3161 3162
f 3163 3164 3165
f 3166 3167 3168
f 3169 3170 3171
f 3172 3173 3174
f 3175 3176 3177
f 3178 3179 3180
f 3181 3182 3183
f 3184 3185 3186
f 3187 3188 3189
f 3190 3191 3192
f 3193 3194 3195
f 3196 3197 3198
f 3199 3200 3201
f 3202 3203 3204
f 3205 3206 3207
f 3208 3209 3210
f 3211 3212 3213
f 3214 3215 3216
f 3217 3218 3219
f 3220 3221 3222
f 3223 3224 3225
f 3226 3227 3228
f 3229 3230 3231
f 3232 3233 3234
f 3235 3236 3237
f 3238 3239 3240
f 3241 3242 3243
f 3244 3245 3246
f 3247 3248 3249
f 3250 3251 3252
f 3253 3254 3255
f 3256 3257 3258
f 3259 3260 3261
f 3262 3263 3264
f 3265 3266 3267
f 3268 3269 3270
f 3271 3272 3273
f 3274 3275 3276
f 3277 3278 3279
f 3280 3281 3282
f 3283 3284 3285
f 3286 3287 3288
f 3289 3290 3291
f 3292 3293 3294
f 3295 3296 3297
f 3298 3299 3300
f 3301 3302 3303
f 3304 3305 3306
f 3307 3308 3309
f 3310 3311 3312
f 3313 3314 3315
f 3316 3317 3318
f 3319 3320 3321
f 3322 3323 3324
f 3325 3326 3327
f 3328 3329 3330
f 3331 3332 3333
f 3334 3335 3336
f 3337 3338 3339
f 3340 3341 3342
f 3343 3344 3345
f 3346 3347 3348
f 3349 3350 3351
f 3352 3353 3354
f 3355 3356 3357
f 3358 3359 3360
f 3361 3362 3363
f 3364 3365 3366
f 3367 3368 3369
f 3370 3371 3372
f 3373 3374 3375
f 3376 3377 3378
f 3379 3380 3381
f 3382 3383 3384
f 3385 3386 3387
f 3388 3389 3390
f 3391 3392 3393
f 3394 3395 3396
f 3397 3398 3399
f 3400 3401 3402
f 3403 3404 3405
f 3406 3407 3408
f 3409 3410 3411
f 3412 3413 3414
f 3415 3416 3417
f 3418 3419 3420
f 3421 3422 3423
f 3424 3425 3426
f 3427 3428 3429
f 3430 3431 3432
f 3433 3434 3435
f 3436 3437 3438
f 3439 3440 3441
f 3442 3443 3444
f 3445 3446 3447
f 3448 3449 3450
f 3451 3452 3453
f 3454 3455 3456
f 3457 3458 3459
f 3460 3461 3462
f 3463 3464 3465
f 3466 3467 3468
f 3469 3470 3471
f 3472 3473 3474
f 3475 3476 3477
f 3478 3479 3480
f 3481 3482 3483
f 3484 3485 3486
f 3487 3488 3489
f 3490 3491 3492
f 3493 3494 3495
f 3496 3497 3498
f 3499 3500 3501
f 3502 3503 3504
f 3505 3506 3507
f 3508 3509 3510
f 3511 3512 3513
f 3514 3515 3516
f 3517 3518 3519
f 3520 3521 3522
f 3523 3524 3525
f 3526 3527 3528
f 3529 3530 3531
f 3532 3533 3534
f 3535 3536 3537
f 3538 3539 3540
f 3541 3542 3543
f 3544 3545 3546
f 3547 3548 3549
f 3550 3551 3552
f 3553 3554 3555
f 3556 3557 3558
f 3559 3560 3561
f 3562 3563 3564
f 3565 3566 3567
f 3568 3569 3570
f 3571 3572 3573
f 3574 3575 3576
f 3577 3578 3579
f 3580 3581 3582
f 3583 3584 3585
f 3586 3587 3588
f 3589 3590 3591
f 3592 3593 3594
f 3595 3596 3597
f 3598 3599 3600
f 3601 3602 3603
f 3604 3605 3606
f 3607 3608 3609
f 3610 3611 3612
f 3613 3614 3615
f 3616 3617 3618
f 3619 3620 3621
f 3622 3623 3624
f 3625 3626 3627
f 3628 3629 3630
f 3631 3632 3633
f 3634 3635 3636
f 3637 3638 3639
f 3640 3641 3642
f 3643 3644 3645
f 3646 3647 3648
f 3649 3650 3651
f 3652 3653 3654
f 3655 3656 3657
f 3658 3659 3660
f 3661 3662 3663
f 3664 3665 3666
f 3667 3668 3669
f 3670 3671 3672
f 3673 3674 3675
f 3676 3677 3678
f 3679 3680 3681
f 3682 3683 3684
f 3685 3686 3687
f 3688 3689 3690
f 3691 3692 3693
f 3694 3695 3696
f 3697 3698 3699
f 3700 3701 3702
f 3703 3704 3705
f 3706 3707 3708
f 3709 3710 3711
f 3712 3713 3714
f 3715 3716 3717
f 3718 3719 3720
f 3721 3722 3723
f 3724 3725 3726
f 3727 3728 3729
f 3730 3731 3732
f 3733 3734 3735
f 3736 3737 3738
f 3739 3740 3741
f 3742 3743 3744
f 3745 3746 3747
f 3748 3749 3750
f 3751 3752 3753
f 3754 3755 3756
f 3757 3758 3759
f 3760 3761 3762
f 3763 3764 3765
f 3766 3767 3768
f 3769 3770 3771
f 3772 3773 3774
f 3775 3776 3777
f 3778 3779 3780
f 3781 3782 3783
f 3784 3785 3786
f 3787 3788 3789
f 3790 3791 3792
f 3793 3794 3795
f 3796 3797 3798
f 3799 3800 3801
f 3802 3803 3804
f 3805 3806 3807
f 3808 3809 3810
f 3811 3812 3813
f 3814 3815 3816
f 3817 3818 3819
f 3820 3821 3822
f 3823 3824 3825
f 3826 3827 3828
f 3829 3830 3831
f 3832 3833 3834
f 3835 3836 3837
f 3838 3839 3840
f 3841 3842 3843
f 3844 3845 3846
f 3847 3848 3849
f 3850 3851 3852
f 3853 3854 3855
f 3856 3857 3858
f 3859 3860 3861
f 3862 3863 3864
f 3865 3866 3867
f 3868 3869 3870
f 3871 3872 3873
f 3874 3875 3876
f 3877 3878 3879
f 3880 3881 3882
f 3883 3884 3885
f 3886 3887 3888
f 3889 3890 3891
f 3892 3893 3894
f 3895 3896 3897
f 3898 3899 3900
f 3901 3902 3903
f 3904 3905 3906
f 3907 3908 3909
f 3910 3911 3912
f 3913 3914 3915
f 3916 3917 3918
f 3919 3920 3921
f 3922 3923 3924
f 3925 3926 3927
f 3928 3929 3930
f 3931 3932 3933
f 3934 3935 3936
f 3937 3938 3939
f 3940 3941 3942
f 3943 3944 3945
f 3946 3947 3948
f 3949 3950 3951
f 3952 3953 3954
f 3955 3956 3957
f 3958 3959 3960
f 3961 3962 3963
f 3964 3965 3966
f 3967 3968 3969
f 3970 3971 3972
f 3973 3974 3975
f 3976 3977 3978
f 3979 3980 3981
f 3982 3983 3984
f 3985 3986 3987
f 3988 3989 3990
f 3991 3992 3993
f 3994 3995 3996
f 3997 3998 3999
f 4000 4001 4002
f 4003 4004 4005
f 4006 4007 4008
f 4009 4010 4011
f 4012 4013 4014
f 4015 4016 4017
f 4018 4019 4020
f 4021 4022 4023
f 4024 4025 4026
f 4027 4028 4029
f 4030 4031 4032
f 4033 4034 4035
f 4036 4037 4038
f 4039 4040 4041
f 4042 4043 4044
f 4045 4046 4047
f 4048 4049 4050
f 4051 4052 4053
f 4054 4055 4056
f 4057 4058 4059
f 4060 4061 4062
f 4063 4064 4065
f 4066 4067 4068
f 4069 4070 4071
f 4072 4073 4074
f 4075 4076 4077
f 4078 4079 4080
f 4081 4082 4083
f 4084 4085 4086
f 4087 4088 4089
f 4090 4091 4092
f 4093 4094 4095
f 4096 4097 4098
f 4099 4100 4101
f 4102 4103 4104
f 4105 4106 4107
f 4108 4109 4110
f 4111 4112 4113
f 4114 4115 4116
f 4117 4118 4119
f 4120 4121 4122
f 4123 4124 4125
f 4126 4127 4128
f 4129 4130 4131
f 4132 4133 4134
f 4135 4136 4137
f 4138 4139 4140
f 4141 4142 4143
f 4144 4145 4146
f 4147 4148 4149
f 4150 4151 4152
f 4153 4154 4155
f 4156 4157 4158
f 4159 4160 4161
f 4162 4163 4164
f 4165 4166 4167
f 4168 4169 4170
f 4171 4172 4173
f 4174 4175 4176
f 4177 4178 4179
f 4180 4181 4182
f 4183 4184 4185
f 4186 4187 4188
f 4189 4190 4191
f 4192 4193 4194
f 4195 4196 4197
f 4198 4199 4200
f 4201 4202 4203
f 4204 4205 4206
f 4207 4208 4209
f 4210 4211 4212
f 4213 4214 4215
f 4216 4217 4218
f 4219 4220 4221
f 4222 4223 4224
f 4225 4226 4227
f 4228 4229 4230
f 4231 4232 4233
f 4234 4235 4236
f 4237 4238 4239
f 4240 4241 4242
f 4243 4244 4245
f 4246 4247 4248
f 4249 4250 4251
f 4252 4253 4254
f 4255 4256 4257
f 4258 4259 4260
f 4261 4262 4263
f 4264 4265 4266
f 4267 4268 4269
f 4270 4271 4272
f 4273 4274 4275
f 4276 4277 4278
f 4279 4280 4281
f 4282 4283 4284
f 4285 4286 4287
f 4288 4289 4290
f 4291 4292 4293
f 4294 4295 4296
f 4297 4298 4299
f 4300 4301 4302
f 4303 4304 4305
f 4306 4307 4308
f 4309 4310 4311
f 4312 4313 4314
f 4315 4316 4317
f 4318 4319 4320
f 4321 4322 4323
f 4324 4325 4326
f 4327 4328 4329
f 4330 4331 4332
f 4333 4334 4335
f 4336 4337 4338
f 4339 4340 4341
f 4342 4343 4344
f 4345 4346 4347
f 4348 4349 4350
f 4351 4352 4353
f 4354 4355 4356
f 4357 4358 4359
f 4360 4361 4362
f 4363 4364 4365
f 4366 4367 4368
f 4369 4370 4371
f 4372 4373 4374
f 4375 4376 4377
f 4378 4379 4380
f 4381 4382 4383
f 4384 4385 4386
f 4387 4388 4389
f 4390 4391 4392
f 4393 4394 4395
f 4396 4397 4398
f 4399 4400 4401
f 4402 4403 4404
f 4405 4406 4407
f 4408 4409 4410
f 4411 4412 4413
f 4414 4415 4416
f 4417 4418 4419
f 4420 4421 4422
f 4423 4424 4425
f 4426 4427 4428
f 4429 4430 4431
f 4432 4433 4434
f 4435 4436 4437
f 4438 4439 4440
f 4441 4442 4443
f 4444 4445 4446
f 4447 4448 4449
f 4450 4451 4452
f 4453 4454 4455
f 4456 4457 4458
f 4459 4460 4461
f 4462 4463 4464
f 4465 4466 4467
f 4468 4469 4470
f 4471 4472 4473
f 4474 4475 4476
f 4477 4478 4479
f 4480 4481 4482
f 4483 4484 4485
f 4486 4487 4488
f 4489 4490 4491
f 4492 4493 4494
f 4495 4496 4497
f 4498 4499 4500
f 4501 4502 4503
f 4504 4505 4506
f 4507 4508 4509
f 4510 4511 4512
f 4513 4514 4515
f 4516 4517 4518
f 4519 4520 4521
f 4522 4523 4524
f 4525 4526 4527
f 4528 4529 4530
f 4531 4532 4533
f 4534 4535 4536
f 4537 4538 4539
f 4540 4541 4542
f 4543 4544 4545
f 4546 4547 4548
f 4549 4550 4551
f 4552 4553 4554
f 4555 4556 4557
f 4558 4559 4560
f 4561 4562 4563
f 4564 4565 4566
f 4567 4568 4569
f 4570 4571 4572
f 4573 4574 4575
f 4576 4577 4578
f 4579 4580 4581
f 4582 4583 4584
f 4585 4586 4587
f 4588 4589 4590
f 4591 4592 4593
f 4594 4595 4596
f 4597 4598 4599
f 4600 4601 4602
f 4603 4604 4605
f 4606 4607 4608
f 4609 4610 4611
f 4612 4613 4614
f 4615 4616 4617
f 4618 4619 4620
f 4621 4622 4623
f 4624 4625 4626
f 4627 4628 4629
f 4630 4631 4632
f 4633 4634 4635
f 4636 4637 4638
f 4639 4640 4641
f 4642 4643 4644
f 4645 4646 4647
f 4648 4649 4650
f 4651 4652 4653
f 4654 4655 4656
f 4657 4658 4659
f 4660 4661 4662
f 4663 4664 4665
f 4666 4667 4668
f 4669 4670 4671
f 4672 4673 4674
f 4675 4676 4677
f 4678 4679 4680
f 4681 4682 4683
f 4684 4685 4686
f 4687 4688 4689
f 4690 4691 4692
f 4693 4694 4695
f 4696 4697 4698
f 4699 4700 4701
f 4702 4703 4704
f 4705 4706 4707
f 4708 4709 4710
f 4711 4712 4713
f 4714 4715 4716
f 4717 4718 4719
f 4720 4721 4722
f 4723 4724 4725
f 4726 4727 4728
f 4729 4730 4731
f 4732 4733 4734
f 4735 4736 4737
f 4738 4739 4740
f 4741 4742 4743
f 4744 4745 4746
f 4747 4748 4749
f 4750 4751 4752
f 4753 4754 4755
f 4756 4757 4758
f 4759 4760 4761
f 4762 4763 4764
f 4765 4766 4767
f 4768 4769 4770
f 4771 4772 4773
f 4774 4775 4776
f 4777 4778 4779
f 4780 4781 4782
f 4783 4784 4785
f 4786 4787 4788
f 4789 4790 4791
f 4792 4793 4794
f 4795 4796 4797
f 4798 4799 4800
f 4801 4802 4803
f 4804 4805 4806
f 4807 4808 4809
f 4810 4811 4812
f 4813 4814 4815
f 4816 4817 4818
f 4819 4820 4821
f 4822 4823 4824
f 4825 4826 4827
f 4828 4829 4830
f 4831 4832 4833
f 4834 4835 4836
f 4837 4838 4839
f 4840 4841 4842
f 4843 4844 4845
f 4846 4847 4848
f 4849 4850 4851
f 4852 4853 4854
f 4855 4856 4857
f 4858 4859 4860
f 4861 4862 4863
f 4864 4865 4866
f 4867 4868 4869
f 4870 4871 4872
f 4873 4874 4875
f 4876 4877 4878
f 4879 4880 4881
f 4882 4883 4884
f 4885 4886 4887
f 4888 4889 4890
f 4891 4892 4893
f 4894 4895 4896
f 4897 4898 4899
f 4900 4901 4902
f 4903 4904 4905
f 4906 4907 4908
f 4909 4910 4911
f 4912 4913 4914
f 4915 4916 4917
f 4918 4919 4920
f 4921 4922 4923
f 4924 4925 4926
f 4927 4928 4929
f 4930 4931 4932
f 4933 4934 4935
f 4936 4937 4938
f 4939 4940 4941
f 4942 4943 4944
f 4945 4946 4947
f 4948 4949 4950
f 4951 4952 4953
f 4954 4955 4956
f 4957 4958 4959
f 4960 4961 4962
f 4963 4964 4965
f 4966 4967 4968
f 4969 4970 4971
f 4972 4973 4974
f 4975 4976 4977
f 4978 4979 4980
f 4981 4982 4983
f 4984 4985 4986
f 4987 4988 4989
f 4990 4991 4992
f 4993 4994 4995
f 4996 4997 4998
f 4999 5000 5001
f 5002 5003 5004
f 5005 5006 5007
f 5008 5009 5010
f 5011 5012 5013
f 5014 5015 5016
f 5017 5018 5019
f 5020 5021 5022
f 5023 5024 5025
f 5026 5027 5028
f 5029 5030 5031
f 5032 5033 5034
f 5035 5036 5037
f 5038 5039 5040
f 5041 5042 5043
f 5044 5045 5046
f 5047 5048 5049
f 5050 5051 5052
f 5053 5054 5055
f 5056 5057 5058
f 5059 5060 5061
f 5062 5063 5064
f 5065 5066 5067
f 5068 5069 5070
f 5071 5072 5073
f 5074 5075 5076
f 5077 5078 5079
f 5080 5081 5082
f 5083 5084 5085
f 5086 5087 5088
f 5089 5090 5091
f 5092 5093 5094
f 5095 5096 5097
f 5098 5099 5100
f 5101 5102 5103
f 5104 5105 5106
f 5107 5108 5109
f 5110 5111 5112
f 5113 5114 5115
f 5116 5117 5118
f 5119 5120 5121
f 5122 5123 5124
f 5125 5126 5127
f 5128 5129 5130
f 5131 5132 5133
f 5134 5135 5136
f 5137 5138 5139
f 5140 5141 5142
f 5143 5144 5145
f 5146 5147 5148

