# https://github.com/mikedh/trimesh
v -0.01204462 0.02164082 0.02050000
v -0.01204461 -0.02166514 0.02050000
v -0.01043867 0.02238585 0.02050002
v -0.01043867 0.02238585 0.02050002
v -0.01204461 -0.02166514 0.02050000
v -0.01043872 -0.02238578 0.02049999
v -0.01043867 0.02238585 0.02050002
v -0.01043872 -0.02238578 0.02049999
v -0.00859633 0.02315586 0.02050000
v 0.00618159 0.02391385 0.02050000
v 0.00373127 0.02441635 0.02050000
v -0.01043872 -0.02238578 0.02049999
v -0.01043872 -0.02238578 0.02049999
v 0.00373127 0.02441635 0.02050000
v 0.00123672 0.02466901 0.02050000
v -0.01043872 -0.02238578 0.02049999
v 0.00123672 0.02466901 0.02050000
v -0.00126460 0.02466730 0.02050000
v -0.00126460 0.02466730 0.02050000
v -0.00375575 0.02441269 0.02050000
v -0.01043872 -0.02238578 0.02049999
v -0.01043872 -0.02238578 0.02049999
v -0.00375575 0.02441269 0.02050000
v -0.00620998 0.02390657 0.02050000
v -0.01043872 -0.02238578 0.02049999
v -0.00620998 0.02390657 0.02050000
v -0.00859633 0.02315586 0.02050000
v -0.01004579 -0.02256490 0.02050000
v -0.00967664 -0.02272567 0.02050000
v 0.01087368 0.02217757 0.02050000
v 0.01087368 0.02217757 0.02050000
v -0.00967664 -0.02272567 0.02050000
v -0.00901227 -0.02299720 0.02050000
v 0.01087368 0.02217757 0.02050000
v -0.00901227 -0.02299720 0.02050000
v 0.01306165 0.02096393 0.02050000
v -0.01043581 -0.02238714 0.02050000
v -0.01043282 -0.02238853 0.02050000
v -0.01004579 -0.02256490 0.02050000
v -0.01004579 -0.02256490 0.02050000
v -0.01043282 -0.02238853 0.02050000
v -0.01042676 -0.02239136 0.02050000
v -0.01004579 -0.02256490 0.02050000
v -0.01042676 -0.02239136 0.02050000
v -0.01041447 -0.02239708 0.02050000
v -0.01043581 -0.02238714 0.02050000
v -0.01004579 -0.02256490 0.02050000
v 0.01087368 0.02217757 0.02050000
v -0.01043581 -0.02238714 0.02050000
v 0.01087368 0.02217757 0.02050000
v -0.01043872 -0.02238578 0.02049999
v -0.01043872 -0.02238578 0.02049999
v 0.01087368 0.02217757 0.02050000
v 0.00857292 0.02316450 0.02050000
v -0.01043872 -0.02238578 0.02049999
v 0.00857292 0.02316450 0.02050000
v 0.00618159 0.02391385 0.02050000
v -0.01041447 -0.02239708 0.02050000
v -0.01038966 -0.02240860 0.02050000
v -0.01004579 -0.02256490 0.02050000
v -0.01004579 -0.02256490 0.02050000
v -0.01038966 -0.02240860 0.02050000
v -0.01033977 -0.02243168 0.02050000
v -0.01004579 -0.02256490 0.02050000
v -0.01033977 -0.02243168 0.02050000
v -0.01024038 -0.02247724 0.02050000
v 0.02356697 -0.00739521 0.02050000
v 0.02397491 -0.00594145 0.02050000
v 0.00572968 -0.02402607 0.02050000
v 0.02457345 0.00249630 0.02050000
v -0.00901227 -0.02299720 0.02050000
v 0.02470014 -0.00000001 0.02050000
v 0.02470014 -0.00000001 0.02050000
v -0.00901227 -0.02299720 0.02050000
v 0.02457347 -0.00249620 0.02050000
v -0.00126459 -0.02466730 0.02050000
v -0.00021682 -0.02469884 0.02050000
v 0.02451808 -0.00299155 0.02050000
v 0.02451808 -0.00299155 0.02050000
v -0.00021682 -0.02469884 0.02050000
v 0.00123672 -0.02466901 0.02050000
v 0.02451808 -0.00299155 0.02050000
v 0.00123672 -0.02466901 0.02050000
v 0.00277637 -0.02454339 0.02050000
v 0.00277637 -0.02454339 0.02050000
v 0.00373127 -0.02441635 0.02050000
v 0.02451808 -0.00299155 0.02050000
v 0.02451808 -0.00299155 0.02050000
v 0.00373127 -0.02441635 0.02050000
v 0.00572968 -0.02402607 0.02050000
v 0.02451808 -0.00299155 0.02050000
v 0.00572968 -0.02402607 0.02050000
v 0.02419515 -0.00496866 0.02050000
v 0.02419515 -0.00496866 0.02050000
v 0.00572968 -0.02402607 0.02050000
v 0.02397491 -0.00594145 0.02050000
v -0.00615813 -0.02391998 0.02050000
v -0.00375573 -0.02441269 0.02050000
v 0.02451808 -0.00299155 0.02050000
v 0.02451808 -0.00299155 0.02050000
v -0.00375573 -0.02441269 0.02050000
v -0.00320751 -0.02449067 0.02050000
v 0.02451808 -0.00299155 0.02050000
v -0.00320751 -0.02449067 0.02050000
v -0.00126459 -0.02466730 0.02050000
v 0.02457347 -0.00249620 0.02050000
v -0.00901227 -0.02299720 0.02050000
v 0.02451808 -0.00299155 0.02050000
v 0.02451808 -0.00299155 0.02050000
v -0.00901227 -0.02299720 0.02050000
v -0.00859635 -0.02315585 0.02050000
v 0.02451808 -0.00299155 0.02050000
v -0.00859635 -0.02315585 0.02050000
v -0.00615813 -0.02391998 0.02050000
v 0.00860369 -0.02315309 0.02050000
v 0.01087367 -0.02217759 0.02050000
v 0.02307713 -0.00880504 0.02050000
v 0.02307713 -0.00880504 0.02050000
v 0.01087367 -0.02217759 0.02050000
v 0.01134554 -0.02193998 0.02050000
v 0.02307713 -0.00880504 0.02050000
v 0.01134554 -0.02193998 0.02050000
v 0.01306162 -0.02096395 0.02050000
v 0.01306162 -0.02096395 0.02050000
v 0.01391855 -0.02040500 0.02050000
v 0.02307713 -0.00880504 0.02050000
v 0.02307713 -0.00880504 0.02050000
v 0.01391855 -0.02040500 0.02050000
v 0.01511305 -0.01953660 0.02050000
v 0.02307713 -0.00880504 0.02050000
v 0.01511305 -0.01953660 0.02050000
v 0.01628795 -0.01856845 0.02050000
v 0.01701188 -0.01790772 0.02050000
v 0.02184029 -0.01153672 0.02050000
v 0.01628795 -0.01856845 0.02050000
v 0.01628795 -0.01856845 0.02050000
v 0.02184029 -0.01153672 0.02050000
v 0.02269780 -0.00974130 0.02050000
v 0.01628795 -0.01856845 0.02050000
v 0.02269780 -0.00974130 0.02050000
v 0.02307713 -0.00880504 0.02050000
v 0.02457345 0.00249630 0.02050000
v 0.02419512 0.00496875 0.02050000
v -0.00901227 -0.02299720 0.02050000
v -0.00901227 -0.02299720 0.02050000
v 0.02419512 0.00496875 0.02050000
v 0.02356691 0.00739538 0.02050000
v -0.00901227 -0.02299720 0.02050000
v 0.02356691 0.00739538 0.02050000
v 0.02269775 0.00974141 0.02050000
v 0.02269775 0.00974141 0.02050000
v 0.02159538 0.01198896 0.02050000
v -0.00901227 -0.02299720 0.02050000
v -0.00901227 -0.02299720 0.02050000
v 0.02159538 0.01198896 0.02050000
v 0.02027129 0.01411232 0.02050000
v -0.00901227 -0.02299720 0.02050000
v 0.02027129 0.01411232 0.02050000
v 0.01873934 0.01609115 0.02050000
v 0.02356697 -0.00739521 0.02050000
v 0.00572968 -0.02402607 0.02050000
v 0.02307713 -0.00880504 0.02050000
v 0.02307713 -0.00880504 0.02050000
v 0.00572968 -0.02402607 0.02050000
v 0.00618168 -0.02391382 0.02050000
v 0.02307713 -0.00880504 0.02050000
v 0.00618168 -0.02391382 0.02050000
v 0.00860369 -0.02315309 0.02050000
v 0.01701188 -0.01790772 0.02050000
v 0.01842152 -0.01645415 0.02050000
v 0.02184029 -0.01153672 0.02050000
v 0.02184029 -0.01153672 0.02050000
v 0.01842152 -0.01645415 0.02050000
v 0.01873929 -0.01609121 0.02050000
v 0.02184029 -0.01153672 0.02050000
v 0.01873929 -0.01609121 0.02050000
v 0.02159538 -0.01198899 0.02050000
v 0.02159538 -0.01198899 0.02050000
v 0.01873929 -0.01609121 0.02050000
v 0.02027890 -0.01410139 0.02050000
v 0.01873934 0.01609115 0.02050000
v 0.01701188 0.01790772 0.02050000
v -0.00901227 -0.02299720 0.02050000
v -0.00901227 -0.02299720 0.02050000
v 0.01701188 0.01790772 0.02050000
v 0.01511301 0.01953664 0.02050000
v -0.00901227 -0.02299720 0.02050000
v 0.01511301 0.01953664 0.02050000
v 0.01306165 0.02096393 0.02050000
v 0.02146999 0.01221187 -0.02250000
v 0.02163651 0.01191433 -0.02250000
v -0.01043874 -0.02238577 -0.02249998
v -0.01204462 -0.02168830 -0.02250000
v -0.01204462 0.02164766 -0.02250000
v -0.01043874 -0.02238577 -0.02249998
v -0.01043874 -0.02238577 -0.02249998
v -0.01204462 0.02164766 -0.02250000
v -0.01043863 0.02238585 -0.02249998
v -0.01043874 -0.02238577 -0.02249998
v -0.01043863 0.02238585 -0.02249998
v -0.00858734 0.02315919 -0.02250000
v 0.00628752 0.02388618 -0.02250000
v 0.00865764 0.02313291 -0.02250000
v -0.01043874 -0.02238577 -0.02249998
v -0.01043874 -0.02238577 -0.02249998
v 0.00865764 0.02313291 -0.02250000
v 0.01091470 0.02215735 -0.02250000
v 0.01091470 0.02215735 -0.02250000
v 0.01306158 0.02096388 -0.02250000
v -0.01043874 -0.02238577 -0.02249998
v -0.01043874 -0.02238577 -0.02249998
v 0.01306158 0.02096388 -0.02250000
v 0.01485125 0.01973627 -0.02250000
v -0.01043874 -0.02238577 -0.02249998
v 0.01485125 0.01973627 -0.02250000
v 0.01677284 0.01813162 -0.02250000
v 0.02421261 0.00488210 -0.02250000
v 0.02457781 0.00245176 -0.02250000
v -0.01043874 -0.02238577 -0.02249998
v -0.01043874 -0.02238577 -0.02249998
v 0.02457781 0.00245176 -0.02250000
v 0.02470000 0.00000001 -0.02250000
v -0.01043874 -0.02238577 -0.02249998
v 0.02470000 0.00000001 -0.02250000
v 0.02457780 -0.00245179 -0.02250000
v 0.02457780 -0.00245179 -0.02250000
v 0.02421260 -0.00488211 -0.02250000
v -0.01043874 -0.02238577 -0.02249998
v -0.01043874 -0.02238577 -0.02249998
v 0.02421260 -0.00488211 -0.02250000
v 0.02359956 -0.00729016 -0.02250000
v -0.01043874 -0.02238577 -0.02249998
v 0.02359956 -0.00729016 -0.02250000
v 0.02273858 -0.00964538 -0.02250000
v -0.00858731 -0.02315920 -0.02250000
v 0.01306155 -0.02096390 -0.02250000
v 0.01091475 -0.02215732 -0.02250000
v 0.01677284 0.01813162 -0.02250000
v 0.01853356 0.01632765 -0.02250000
v -0.01043874 -0.02238577 -0.02249998
v -0.01043874 -0.02238577 -0.02249998
v 0.01853356 0.01632765 -0.02250000
v 0.02010641 0.01434604 -0.02250000
v -0.01043874 -0.02238577 -0.02249998
v 0.02010641 0.01434604 -0.02250000
v 0.02146999 0.01221187 -0.02250000
v 0.02163651 0.01191433 -0.02250000
v 0.02273862 0.00964529 -0.02250000
v -0.01043874 -0.02238577 -0.02249998
v -0.01043874 -0.02238577 -0.02249998
v 0.02273862 0.00964529 -0.02250000
v 0.02359956 0.00729015 -0.02250000
v -0.01043874 -0.02238577 -0.02249998
v 0.02359956 0.00729015 -0.02250000
v 0.02421261 0.00488210 -0.02250000
v 0.01853363 -0.01632757 -0.02250000
v 0.01677295 -0.01813153 -0.02250000
v -0.00858731 -0.02315920 -0.02250000
v -0.00858731 -0.02315920 -0.02250000
v 0.01677295 -0.01813153 -0.02250000
v 0.01485133 -0.01973622 -0.02250000
v -0.00858731 -0.02315920 -0.02250000
v 0.01485133 -0.01973622 -0.02250000
v 0.01306155 -0.02096390 -0.02250000
v -0.00858734 0.02315919 -0.02250000
v -0.00619796 0.02390969 -0.02250000
v -0.01043874 -0.02238577 -0.02249998
v -0.01043874 -0.02238577 -0.02249998
v -0.00619796 0.02390969 -0.02250000
v -0.00372829 0.02441689 -0.02250000
v -0.01043874 -0.02238577 -0.02249998
v -0.00372829 0.02441689 -0.02250000
v -0.00121054 0.02467000 -0.02250000
v -0.00121054 0.02467000 -0.02250000
v 0.00132110 0.02466462 -0.02250000
v -0.01043874 -0.02238577 -0.02249998
v -0.01043874 -0.02238577 -0.02249998
v 0.00132110 0.02466462 -0.02250000
v 0.00383091 0.02440088 -0.02250000
v -0.01043874 -0.02238577 -0.02249998
v 0.00383091 0.02440088 -0.02250000
v 0.00628752 0.02388618 -0.02250000
v 0.02273858 -0.00964538 -0.02250000
v 0.02163650 -0.01191437 -0.02250000
v -0.01043874 -0.02238577 -0.02249998
v -0.01043874 -0.02238577 -0.02249998
v 0.02163650 -0.01191437 -0.02250000
v 0.02147004 -0.01221178 -0.02250000
v -0.01043874 -0.02238577 -0.02249998
v 0.02147004 -0.01221178 -0.02250000
v -0.00858731 -0.02315920 -0.02250000
v -0.00858731 -0.02315920 -0.02250000
v 0.02147004 -0.01221178 -0.02250000
v 0.02010649 -0.01434592 -0.02250000
v -0.00858731 -0.02315920 -0.02250000
v 0.02010649 -0.01434592 -0.02250000
v 0.01853363 -0.01632757 -0.02250000
v 0.00383085 -0.02440089 -0.02250000
v 0.00132107 -0.02466462 -0.02250000
v -0.00121053 -0.02467000 -0.02250000
v 0.01091475 -0.02215732 -0.02250000
v 0.00865766 -0.02313290 -0.02250000
v -0.00858731 -0.02315920 -0.02250000
v -0.00858731 -0.02315920 -0.02250000
v 0.00865766 -0.02313290 -0.02250000
v 0.00628751 -0.02388619 -0.02250000
v -0.00858731 -0.02315920 -0.02250000
v 0.00628751 -0.02388619 -0.02250000
v -0.00619792 -0.02390970 -0.02250000
v -0.00619792 -0.02390970 -0.02250000
v 0.00628751 -0.02388619 -0.02250000
v 0.00383085 -0.02440089 -0.02250000
v -0.00619792 -0.02390970 -0.02250000
v 0.00383085 -0.02440089 -0.02250000
v -0.00372829 -0.02441688 -0.02250000
v -0.00372829 -0.02441688 -0.02250000
v 0.00383085 -0.02440089 -0.02250000
v -0.00121053 -0.02467000 -0.02250000
v -0.07450000 0.01670000 -0.00000000
v -0.07450000 -0.01870000 -0.00000000
v -0.07449845 -0.01869994 0.00029671
v -0.07450000 0.01670000 -0.00000000
v -0.07449845 -0.01869994 0.00029671
v -0.07444435 0.01669994 0.00178022
v -0.07054537 -0.01869983 0.01448361
v -0.07096564 0.01669977 0.01374652
v -0.07139304 -0.01869983 0.01294001
v -0.07139304 -0.01869983 0.01294001
v -0.07096564 0.01669977 0.01374652
v -0.07151299 0.01669986 0.01270187
v -0.07139304 -0.01869983 0.01294001
v -0.07151299 0.01669986 0.01270187
v -0.07200382 -0.01869999 0.01166411
v -0.07200382 -0.01869999 0.01166411
v -0.07151299 0.01669986 0.01270187
v -0.07200382 0.01670000 0.01166411
v -0.07200382 -0.01869999 0.01166411
v -0.07200382 0.01670000 0.01166411
v -0.07214282 -0.01870003 0.01134913
v -0.07214282 -0.01870003 0.01134913
v -0.07200382 0.01670000 0.01166411
v -0.07225165 0.01670004 0.01109509
v -0.07214282 -0.01870003 0.01134913
v -0.07225165 0.01670004 0.01109509
v -0.07279399 -0.01870003 0.00971246
v -0.07279399 -0.01870003 0.00971246
v -0.07225165 0.01670004 0.01109509
v -0.07289343 0.01670000 0.00943364
v -0.07279399 -0.01870003 0.00971246
v -0.07289343 0.01670000 0.00943364
v -0.07305065 -0.01869995 0.00897287
v -0.07305065 -0.01869995 0.00897287
v -0.07289343 0.01670000 0.00943364
v -0.07314238 0.01669991 0.00869144
v -0.07305065 -0.01869995 0.00897287
v -0.07314238 0.01669991 0.00869144
v -0.07330180 -0.01869984 0.00817690
v -0.07330180 -0.01869984 0.00817690
v -0.07314238 0.01669991 0.00869144
v -0.07330180 0.01669984 0.00817690
v -0.07330180 -0.01869984 0.00817690
v -0.07330180 0.01669984 0.00817690
v -0.07355779 -0.01869977 0.00726762
v -0.07355779 -0.01869977 0.00726762
v -0.07330180 0.01669984 0.00817690
v -0.07362746 0.01669977 0.00699811
v -0.07355779 -0.01869977 0.00726762
v -0.07362746 0.01669977 0.00699811
v -0.07395527 -0.01869992 0.00554553
v -0.07395527 -0.01869992 0.00554553
v -0.07362746 0.01669977 0.00699811
v -0.07400650 0.01669995 0.00528072
v -0.07395527 -0.01869992 0.00554553
v -0.07400650 0.01669995 0.00528072
v -0.07413440 -0.01870003 0.00455030
v -0.07413440 -0.01870003 0.00455030
v -0.07400650 0.01669995 0.00528072
v -0.07413440 0.01670003 0.00455030
v -0.07413440 -0.01870003 0.00455030
v -0.07413440 0.01670003 0.00455030
v -0.07424438 -0.01870006 0.00380852
v -0.07424438 -0.01870006 0.00380852
v -0.07413440 0.01670003 0.00455030
v -0.07427917 0.01670006 0.00354092
v -0.07424438 -0.01870006 0.00380852
v -0.07427917 0.01670006 0.00354092
v -0.07435041 -0.01870003 0.00291619
v -0.07435041 -0.01870003 0.00291619
v -0.07427917 0.01670006 0.00354092
v -0.07435041 0.01670003 0.00291619
v -0.07435041 -0.01870003 0.00291619
v -0.07435041 0.01670003 0.00291619
v -0.07442557 -0.01869997 0.00205837
v -0.07442557 -0.01869997 0.00205837
v -0.07435041 0.01670003 0.00291619
v -0.07444435 0.01669994 0.00178022
v -0.07442557 -0.01869997 0.00205837
v -0.07444435 0.01669994 0.00178022
v -0.07448743 -0.01869990 0.00084615
v -0.07448743 -0.01869990 0.00084615
v -0.07444435 0.01669994 0.00178022
v -0.07449845 -0.01869994 0.00029671
v -0.06806871 -0.01869993 0.01803392
v -0.06825484 0.01669997 0.01780372
v -0.06855570 -0.01870002 0.01742098
v -0.06855570 -0.01870002 0.01742098
v -0.06825484 0.01669997 0.01780372
v -0.06873543 0.01670004 0.01718576
v -0.06855570 -0.01870002 0.01742098
v -0.06873543 0.01670004 0.01718576
v -0.06923889 -0.01870006 0.01649860
v -0.06923889 -0.01870006 0.01649860
v -0.06873543 0.01670004 0.01718576
v -0.06946105 0.01670005 0.01618114
v -0.06923889 -0.01870006 0.01649860
v -0.06946105 0.01670005 0.01618114
v -0.06959984 -0.01870003 0.01597804
v -0.06959984 -0.01870003 0.01597804
v -0.06946105 0.01670005 0.01618114
v -0.06975366 0.01670001 0.01574844
v -0.06959984 -0.01870003 0.01597804
v -0.06975366 0.01670001 0.01574844
v -0.07026258 -0.01869989 0.01495250
v -0.07026258 -0.01869989 0.01495250
v -0.06975366 0.01670001 0.01574844
v -0.07026258 0.01669989 0.01495250
v -0.07026258 -0.01869989 0.01495250
v -0.07026258 0.01669989 0.01495250
v -0.07054537 -0.01869983 0.01448361
v -0.07054537 -0.01869983 0.01448361
v -0.07026258 0.01669989 0.01495250
v -0.07067980 0.01669980 0.01425333
v -0.07054537 -0.01869983 0.01448361
v -0.07067980 0.01669980 0.01425333
v -0.07096564 0.01669977 0.01374652
v -0.05956813 0.01669994 0.02506304
v -0.06110717 0.01669968 0.02416657
v -0.06085534 -0.01869970 0.02432219
v -0.06085534 -0.01869970 0.02432219
v -0.06110717 0.01669968 0.02416657
v -0.06151777 -0.01869967 0.02390500
v -0.06151777 -0.01869967 0.02390500
v -0.06110717 0.01669968 0.02416657
v -0.06176523 0.01669970 0.02374252
v -0.06151777 -0.01869967 0.02390500
v -0.06176523 0.01669970 0.02374252
v -0.06271076 -0.01869988 0.02308680
v -0.06271076 -0.01869988 0.02308680
v -0.06176523 0.01669970 0.02374252
v -0.06271076 0.01669988 0.02308680
v -0.06271076 -0.01869988 0.02308680
v -0.06271076 0.01669988 0.02308680
v -0.06298067 -0.01869993 0.02288901
v -0.06298067 -0.01869993 0.02288901
v -0.06271076 0.01669988 0.02308680
v -0.06320183 0.01669998 0.02272327
v -0.06298067 -0.01869993 0.02288901
v -0.06320183 0.01669998 0.02272327
v -0.06436756 -0.01870008 0.02179180
v -0.06436756 -0.01870008 0.02179180
v -0.06320183 0.01669998 0.02272327
v -0.06457065 0.01670007 0.02161900
v -0.06436756 -0.01870008 0.02179180
v -0.06457065 0.01670007 0.02161900
v -0.06543763 -0.01869995 0.02084295
v -0.06543763 -0.01869995 0.02084295
v -0.06457065 0.01670007 0.02161900
v -0.06557611 0.01669993 0.02071294
v -0.06543763 -0.01869995 0.02084295
v -0.06557611 0.01669993 0.02071294
v -0.06567838 -0.01869990 0.02061580
v -0.06567838 -0.01869990 0.02061580
v -0.06557611 0.01669993 0.02071294
v -0.06587041 0.01669986 0.02043078
v -0.06567838 -0.01869990 0.02061580
v -0.06587041 0.01669986 0.02043078
v -0.06691249 -0.01869973 0.01936278
v -0.06691249 -0.01869973 0.01936278
v -0.06587041 0.01669986 0.02043078
v -0.06709928 0.01669975 0.01915908
v -0.06691249 -0.01869973 0.01936278
v -0.06709928 0.01669975 0.01915908
v -0.06745592 -0.01869980 0.01875883
v -0.06745592 -0.01869980 0.01875883
v -0.06709928 0.01669975 0.01915908
v -0.06771050 0.01669986 0.01846359
v -0.06745592 -0.01869980 0.01875883
v -0.06771050 0.01669986 0.01846359
v -0.06806871 -0.01869993 0.01803392
v -0.06806871 -0.01869993 0.01803392
v -0.06771050 0.01669986 0.01846359
v -0.06810776 0.01669994 0.01798601
v -0.06806871 -0.01869993 0.01803392
v -0.06810776 0.01669994 0.01798601
v -0.06825484 0.01669997 0.01780372
v -0.05273033 -0.01869997 0.02769391
v -0.05301762 0.01669994 0.02762251
v -0.05444706 -0.01869975 0.02721943
v -0.05444706 -0.01869975 0.02721943
v -0.05301762 0.01669994 0.02762251
v -0.05471062 0.01669974 0.02713623
v -0.05444706 -0.01869975 0.02721943
v -0.05471062 0.01669974 0.02713623
v -0.05587990 -0.01869983 0.02673271
v -0.05587990 -0.01869983 0.02673271
v -0.05471062 0.01669974 0.02713623
v -0.05617923 0.01669987 0.02662017
v -0.05587990 -0.01869983 0.02673271
v -0.05617923 0.01669987 0.02662017
v -0.05611895 -0.01869987 0.02664314
v -0.05611895 -0.01869987 0.02664314
v -0.05617923 0.01669987 0.02662017
v -0.05636779 0.01669991 0.02654730
v -0.05611895 -0.01869987 0.02664314
v -0.05636779 0.01669991 0.02654730
v -0.05774515 -0.01870007 0.02596732
v -0.05774515 -0.01870007 0.02596732
v -0.05636779 0.01669991 0.02654730
v -0.05798759 0.01670008 0.02585629
v -0.05774515 -0.01870007 0.02596732
v -0.05798759 0.01670008 0.02585629
v -0.05851058 -0.01870007 0.02560733
v -0.05851058 -0.01870007 0.02560733
v -0.05798759 0.01670008 0.02585629
v -0.05877177 0.01670005 0.02547807
v -0.05851058 -0.01870007 0.02560733
v -0.05877177 0.01670005 0.02547807
v -0.05932445 -0.01869998 0.02519343
v -0.05932445 -0.01869998 0.02519343
v -0.05877177 0.01670005 0.02547807
v -0.05956813 0.01669994 0.02506304
v -0.05932445 -0.01869998 0.02519343
v -0.05956813 0.01669994 0.02506304
v -0.05956057 -0.01869994 0.02506713
v -0.05956057 -0.01869994 0.02506713
v -0.05956813 0.01669994 0.02506304
v -0.06085534 -0.01869970 0.02432219
v -0.04523734 0.01670003 0.02848979
v -0.04699605 0.01669983 0.02848259
v -0.04672953 -0.01869986 0.02849066
v -0.04672953 -0.01869986 0.02849066
v -0.04699605 0.01669983 0.02848259
v -0.04753149 -0.01869978 0.02845882
v -0.04753149 -0.01869978 0.02845882
v -0.04699605 0.01669983 0.02848259
v -0.04782101 0.01669977 0.02844176
v -0.04753149 -0.01869978 0.02845882
v -0.04782101 0.01669977 0.02844176
v -0.04848775 -0.01869980 0.02839122
v -0.04848775 -0.01869980 0.02839122
v -0.04782101 0.01669977 0.02844176
v -0.04875326 0.01669983 0.02836670
v -0.04848775 -0.01869980 0.02839122
v -0.04875326 0.01669983 0.02836670
v -0.04895660 -0.01869985 0.02834623
v -0.04895660 -0.01869985 0.02834623
v -0.04875326 0.01669983 0.02836670
v -0.04895660 0.01669985 0.02834623
v -0.04895660 -0.01869985 0.02834623
v -0.04895660 0.01669985 0.02834623
v -0.05023418 -0.01870001 0.02818371
v -0.05023418 -0.01870001 0.02818371
v -0.04895660 0.01669985 0.02834623
v -0.05050727 0.01670003 0.02814133
v -0.05023418 -0.01870001 0.02818371
v -0.05050727 0.01670003 0.02814133
v -0.05196716 -0.01870004 0.02786832
v -0.05196716 -0.01870004 0.02786832
v -0.05050727 0.01670003 0.02814133
v -0.05225629 0.01670002 0.02780483
v -0.05196716 -0.01870004 0.02786832
v -0.05225629 0.01670002 0.02780483
v -0.05273033 -0.01869997 0.02769391
v -0.05273033 -0.01869997 0.02769391
v -0.05225629 0.01670002 0.02780483
v -0.05262437 0.01669998 0.02771945
v -0.05273033 -0.01869997 0.02769391
v -0.05262437 0.01669998 0.02771945
v -0.05301762 0.01669994 0.02762251
v -0.04672953 -0.01869986 0.02849066
v -0.04523842 -0.01870003 0.02848982
v -0.04523734 0.01670003 0.02848979
v -0.04523734 0.01670003 0.02848979
v -0.04523842 -0.01870003 0.02848982
v -0.04496112 -0.01870004 0.02848106
v -0.04523734 0.01670003 0.02848979
v -0.04496112 -0.01870004 0.02848106
v -0.04347882 0.01670003 0.02838827
v -0.04347882 0.01670003 0.02838827
v -0.04496112 -0.01870004 0.02848106
v -0.04318411 -0.01870000 0.02836055
v -0.04347882 0.01670003 0.02838827
v -0.04318411 -0.01870000 0.02836055
v -0.04270006 0.01669994 0.02830831
v -0.04270006 0.01669994 0.02830831
v -0.04318411 -0.01870000 0.02836055
v -0.04240623 -0.01869990 0.02827251
v -0.04270006 0.01669994 0.02830831
v -0.04240623 -0.01869990 0.02827251
v -0.04209370 0.01669986 0.02823103
v -0.04209370 0.01669986 0.02823103
v -0.04240623 -0.01869990 0.02827251
v -0.04153323 0.01669980 0.02814779
v -0.04153323 0.01669980 0.02814779
v -0.04240623 -0.01869990 0.02827251
v -0.04153323 -0.01869980 0.02814779
v -0.04153323 0.01669980 0.02814779
v -0.04153323 -0.01869980 0.02814779
v -0.04094025 0.01669976 0.02804726
v -0.04094025 0.01669976 0.02804726
v -0.04153323 -0.01869980 0.02814779
v -0.04066655 -0.01869976 0.02799650
v -0.04094025 0.01669976 0.02804726
v -0.04066655 -0.01869976 0.02799650
v -0.03921152 0.01669992 0.02767972
v -0.03921152 0.01669992 0.02767972
v -0.04066655 -0.01869976 0.02799650
v -0.03894988 -0.01869995 0.02761423
v -0.03921152 0.01669992 0.02767972
v -0.03894988 -0.01869995 0.02761423
v -0.03790418 0.01670005 0.02732595
v -0.03790418 0.01670005 0.02732595
v -0.03894988 -0.01869995 0.02761423
v -0.03790418 -0.01870005 0.02732595
v -0.03790418 0.01670005 0.02732595
v -0.03790418 -0.01870005 0.02732595
v -0.03751508 0.01670006 0.02720765
v -0.03751508 0.01670006 0.02720765
v -0.03790418 -0.01870005 0.02732595
v -0.03725785 -0.01870006 0.02712609
v -0.03751508 0.01670006 0.02720765
v -0.03725785 -0.01870006 0.02712609
v -0.03644438 0.01670002 0.02685033
v -0.03644438 0.01670002 0.02685033
v -0.03725785 -0.01870006 0.02712609
v -0.03616337 -0.01869999 0.02674866
v -0.03644438 0.01670002 0.02685033
v -0.03616337 -0.01869999 0.02674866
v -0.03585233 0.01669996 0.02663221
v -0.03585233 0.01669996 0.02663221
v -0.03616337 -0.01869999 0.02674866
v -0.03559231 -0.01869994 0.02653168
v -0.03585233 0.01669996 0.02663221
v -0.03559231 -0.01869994 0.02653168
v -0.03422492 0.01669994 0.02595376
v -0.03422492 0.01669994 0.02595376
v -0.03559231 -0.01869994 0.02653168
v -0.03395536 -0.01870001 0.02582976
v -0.03422492 0.01669994 0.02595376
v -0.03395536 -0.01870001 0.02582976
v -0.03395540 0.01670003 0.02582980
v -0.04094025 -0.01869976 -0.02804726
v -0.04066656 0.01669976 -0.02799651
v -0.03921152 -0.01869992 -0.02767972
v -0.03921152 -0.01869992 -0.02767972
v -0.04066656 0.01669976 -0.02799651
v -0.03894989 0.01669995 -0.02761423
v -0.03921152 -0.01869992 -0.02767972
v -0.03894989 0.01669995 -0.02761423
v -0.03751508 -0.01870006 -0.02720765
v -0.03751508 -0.01870006 -0.02720765
v -0.03894989 0.01669995 -0.02761423
v -0.03725786 0.01670006 -0.02712609
v -0.03751508 -0.01870006 -0.02720765
v -0.03725786 0.01670006 -0.02712609
v -0.03616340 -0.01869999 -0.02674867
v -0.03616340 -0.01869999 -0.02674867
v -0.03725786 0.01670006 -0.02712609
v -0.03615792 0.01669999 -0.02674665
v -0.03616340 -0.01869999 -0.02674867
v -0.03615792 0.01669999 -0.02674665
v -0.03585233 -0.01869996 -0.02663221
v -0.03585233 -0.01869996 -0.02663221
v -0.03615792 0.01669999 -0.02674665
v -0.03559232 0.01669994 -0.02653168
v -0.03585233 -0.01869996 -0.02663221
v -0.03559232 0.01669994 -0.02653168
v -0.03422492 -0.01869994 -0.02595376
v -0.03422492 -0.01869994 -0.02595376
v -0.03559232 0.01669994 -0.02653168
v -0.03395537 0.01670003 -0.02582976
v -0.03422492 -0.01869994 -0.02595376
v -0.03395537 0.01670003 -0.02582976
v -0.03395539 -0.01870000 -0.02582978
v -0.04848776 0.01669980 -0.02839121
v -0.04752789 0.01669978 -0.02845902
v -0.04753149 -0.01869978 -0.02845882
v -0.04753149 -0.01869978 -0.02845882
v -0.04752789 0.01669978 -0.02845902
v -0.04699605 -0.01869983 -0.02848259
v -0.04699605 -0.01869983 -0.02848259
v -0.04752789 0.01669978 -0.02845902
v -0.04672954 0.01669986 -0.02849066
v -0.04699605 -0.01869983 -0.02848259
v -0.04672954 0.01669986 -0.02849066
v -0.04523734 -0.01870003 -0.02848979
v -0.04523734 -0.01870003 -0.02848979
v -0.04672954 0.01669986 -0.02849066
v -0.04496113 0.01670004 -0.02848106
v -0.04523734 -0.01870003 -0.02848979
v -0.04496113 0.01670004 -0.02848106
v -0.04473100 -0.01870006 -0.02847173
v -0.04473100 -0.01870006 -0.02847173
v -0.04496113 0.01670004 -0.02848106
v -0.04473100 0.01670006 -0.02847173
v -0.04473100 -0.01870006 -0.02847173
v -0.04473100 0.01670006 -0.02847173
v -0.04347882 -0.01870003 -0.02838827
v -0.04347882 -0.01870003 -0.02838827
v -0.04473100 0.01670006 -0.02847173
v -0.04318412 0.01670000 -0.02836055
v -0.04347882 -0.01870003 -0.02838827
v -0.04318412 0.01670000 -0.02836055
v -0.04270006 -0.01869994 -0.02830831
v -0.04270006 -0.01869994 -0.02830831
v -0.04318412 0.01670000 -0.02836055
v -0.04240625 0.01669990 -0.02827251
v -0.04270006 -0.01869994 -0.02830831
v -0.04240625 0.01669990 -0.02827251
v -0.04180346 -0.01869983 -0.02818934
v -0.04180346 -0.01869983 -0.02818934
v -0.04240625 0.01669990 -0.02827251
v -0.04179893 0.01669983 -0.02818867
v -0.04180346 -0.01869983 -0.02818934
v -0.04179893 0.01669983 -0.02818867
v -0.04094025 -0.01869976 -0.02804726
v -0.04094025 -0.01869976 -0.02804726
v -0.04179893 0.01669983 -0.02818867
v -0.04092142 0.01669976 -0.02804386
v -0.04094025 -0.01869976 -0.02804726
v -0.04092142 0.01669976 -0.02804386
v -0.04066656 0.01669976 -0.02799651
v -0.05471062 -0.01869974 -0.02713623
v -0.05444707 0.01669975 -0.02721942
v -0.05301762 -0.01869993 -0.02762251
v -0.05301762 -0.01869993 -0.02762251
v -0.05444707 0.01669975 -0.02721942
v -0.05273034 0.01669997 -0.02769391
v -0.05301762 -0.01869993 -0.02762251
v -0.05273034 0.01669997 -0.02769391
v -0.05234969 -0.01870001 -0.02778365
v -0.05234969 -0.01870001 -0.02778365
v -0.05273034 0.01669997 -0.02769391
v -0.05234969 0.01670001 -0.02778365
v -0.05234969 -0.01870001 -0.02778365
v -0.05234969 0.01670001 -0.02778365
v -0.05225629 -0.01870002 -0.02780483
v -0.05225629 -0.01870002 -0.02780483
v -0.05234969 0.01670001 -0.02778365
v -0.05196717 0.01670004 -0.02786831
v -0.05225629 -0.01870002 -0.02780483
v -0.05196717 0.01670004 -0.02786831
v -0.05050727 -0.01870003 -0.02814133
v -0.05050727 -0.01870003 -0.02814133
v -0.05196717 0.01670004 -0.02786831
v -0.05023419 0.01670001 -0.02818371
v -0.05050727 -0.01870003 -0.02814133
v -0.05023419 0.01670001 -0.02818371
v -0.04875326 -0.01869983 -0.02836670
v -0.04875326 -0.01869983 -0.02836670
v -0.05023419 0.01670001 -0.02818371
v -0.04848776 0.01669980 -0.02839121
v -0.04875326 -0.01869983 -0.02836670
v -0.04848776 0.01669980 -0.02839121
v -0.04856354 -0.01869981 -0.02838447
v -0.04856354 -0.01869981 -0.02838447
v -0.04848776 0.01669980 -0.02839121
v -0.04753149 -0.01869978 -0.02845882
v -0.05956813 -0.01869994 -0.02506304
v -0.05932446 0.01669998 -0.02519343
v -0.05851050 -0.01870007 -0.02560737
v -0.05851050 -0.01870007 -0.02560737
v -0.05932446 0.01669998 -0.02519343
v -0.05850974 0.01670007 -0.02560774
v -0.05851050 -0.01870007 -0.02560737
v -0.05850974 0.01670007 -0.02560774
v -0.05798759 -0.01870008 -0.02585629
v -0.05798759 -0.01870008 -0.02585629
v -0.05850974 0.01670007 -0.02560774
v -0.05774516 0.01670007 -0.02596731
v -0.05798759 -0.01870008 -0.02585629
v -0.05774516 0.01670007 -0.02596731
v -0.05636779 -0.01869991 -0.02654730
v -0.05636779 -0.01869991 -0.02654730
v -0.05774516 0.01670007 -0.02596731
v -0.05611897 0.01669987 -0.02664313
v -0.05636779 -0.01869991 -0.02654730
v -0.05611897 0.01669987 -0.02664313
v -0.05602096 -0.01869985 -0.02668015
v -0.05602096 -0.01869985 -0.02668015
v -0.05611897 0.01669987 -0.02664313
v -0.05602096 0.01669985 -0.02668015
v -0.05602096 -0.01869985 -0.02668015
v -0.05602096 0.01669985 -0.02668015
v -0.05471062 -0.01869974 -0.02713623
v -0.05471062 -0.01869974 -0.02713623
v -0.05602096 0.01669985 -0.02668015
v -0.05587820 0.01669983 -0.02673333
v -0.05471062 -0.01869974 -0.02713623
v -0.05587820 0.01669983 -0.02673333
v -0.05444707 0.01669975 -0.02721942
v -0.06825484 -0.01869997 -0.01780372
v -0.06828471 0.01669998 -0.01776631
v -0.06806871 0.01669993 -0.01803391
v -0.06825484 -0.01869997 -0.01780372
v -0.06806871 0.01669993 -0.01803391
v -0.06745586 -0.01869980 -0.01875889
v -0.06745586 -0.01869980 -0.01875889
v -0.06806871 0.01669993 -0.01803391
v -0.06746255 0.01669980 -0.01875124
v -0.06745586 -0.01869980 -0.01875889
v -0.06746255 0.01669980 -0.01875124
v -0.06709928 -0.01869975 -0.01915908
v -0.06709928 -0.01869975 -0.01915908
v -0.06746255 0.01669980 -0.01875124
v -0.06691250 0.01669973 -0.01936278
v -0.06709928 -0.01869975 -0.01915908
v -0.06691250 0.01669973 -0.01936278
v -0.06587041 -0.01869986 -0.02043078
v -0.06587041 -0.01869986 -0.02043078
v -0.06691250 0.01669973 -0.01936278
v -0.06567840 0.01669990 -0.02061579
v -0.06587041 -0.01869986 -0.02043078
v -0.06567840 0.01669990 -0.02061579
v -0.06569877 -0.01869990 -0.02059632
v -0.06569877 -0.01869990 -0.02059632
v -0.06567840 0.01669990 -0.02061579
v -0.06544468 0.01669995 -0.02083638
v -0.06569877 -0.01869990 -0.02059632
v -0.06544468 0.01669995 -0.02083638
v -0.06457065 -0.01870007 -0.02161900
v -0.06457065 -0.01870007 -0.02161900
v -0.06544468 0.01669995 -0.02083638
v -0.06436757 0.01670008 -0.02179180
v -0.06457065 -0.01870007 -0.02161900
v -0.06436757 0.01670008 -0.02179180
v -0.06320183 -0.01869998 -0.02272327
v -0.06320183 -0.01869998 -0.02272327
v -0.06436757 0.01670008 -0.02179180
v -0.06298067 0.01669994 -0.02288901
v -0.06320183 -0.01869998 -0.02272327
v -0.06298067 0.01669994 -0.02288901
v -0.06275643 -0.01869989 -0.02305367
v -0.06275643 -0.01869989 -0.02305367
v -0.06298067 0.01669994 -0.02288901
v -0.06275643 0.01669989 -0.02305367
v -0.06275643 -0.01869989 -0.02305367
v -0.06275643 0.01669989 -0.02305367
v -0.06176523 -0.01869970 -0.02374252
v -0.06176523 -0.01869970 -0.02374252
v -0.06275643 0.01669989 -0.02305367
v -0.06151778 0.01669968 -0.02390499
v -0.06176523 -0.01869970 -0.02374252
v -0.06151778 0.01669968 -0.02390499
v -0.06110717 -0.01869968 -0.02416657
v -0.06110717 -0.01869968 -0.02416657
v -0.06151778 0.01669968 -0.02390499
v -0.06085534 0.01669970 -0.02432219
v -0.06110717 -0.01869968 -0.02416657
v -0.06085534 0.01669970 -0.02432219
v -0.05956813 -0.01869994 -0.02506304
v -0.05956813 -0.01869994 -0.02506304
v -0.06085534 0.01669970 -0.02432219
v -0.05951092 0.01669995 -0.02509392
v -0.05956813 -0.01869994 -0.02506304
v -0.05951092 0.01669995 -0.02509392
v -0.05932446 0.01669998 -0.02519343
v -0.06828471 0.01669998 -0.01776631
v -0.06825484 -0.01869997 -0.01780372
v -0.06855571 0.01670002 -0.01742097
v -0.06855571 0.01670002 -0.01742097
v -0.06825484 -0.01869997 -0.01780372
v -0.06873543 -0.01870004 -0.01718576
v -0.06855571 0.01670002 -0.01742097
v -0.06873543 -0.01870004 -0.01718576
v -0.06924496 0.01670006 -0.01649005
v -0.06924496 0.01670006 -0.01649005
v -0.06873543 -0.01870004 -0.01718576
v -0.06923883 -0.01870006 -0.01649870
v -0.06924496 0.01670006 -0.01649005
v -0.06923883 -0.01870006 -0.01649870
v -0.06959984 0.01670003 -0.01597803
v -0.06959984 0.01670003 -0.01597803
v -0.06923883 -0.01870006 -0.01649870
v -0.06975366 -0.01870001 -0.01574844
v -0.06959984 0.01670003 -0.01597803
v -0.06975366 -0.01870001 -0.01574844
v -0.07046744 0.01669984 -0.01461487
v -0.07046744 0.01669984 -0.01461487
v -0.06975366 -0.01870001 -0.01574844
v -0.07046744 -0.01869985 -0.01461487
v -0.07046744 0.01669984 -0.01461487
v -0.07046744 -0.01869985 -0.01461487
v -0.07054538 0.01669983 -0.01448360
v -0.07054538 0.01669983 -0.01448360
v -0.07046744 -0.01869985 -0.01461487
v -0.07067980 -0.01869980 -0.01425333
v -0.07054538 0.01669983 -0.01448360
v -0.07067980 -0.01869980 -0.01425333
v -0.07096389 0.01669977 -0.01374970
v -0.07096389 0.01669977 -0.01374970
v -0.07067980 -0.01869980 -0.01425333
v -0.07139304 0.01669983 -0.01294000
v -0.07139304 0.01669983 -0.01294000
v -0.07067980 -0.01869980 -0.01425333
v -0.07151299 -0.01869986 -0.01270187
v -0.07139304 0.01669983 -0.01294000
v -0.07151299 -0.01869986 -0.01270187
v -0.07214283 0.01670003 -0.01134912
v -0.07214283 0.01670003 -0.01134912
v -0.07151299 -0.01869986 -0.01270187
v -0.07220749 -0.01870004 -0.01119899
v -0.07214283 0.01670003 -0.01134912
v -0.07220749 -0.01870004 -0.01119899
v -0.07220749 0.01670004 -0.01119899
v -0.07220749 0.01670004 -0.01119899
v -0.07220749 -0.01870004 -0.01119899
v -0.07225165 -0.01870004 -0.01109509
v -0.07220749 0.01670004 -0.01119899
v -0.07225165 -0.01870004 -0.01109509
v -0.07279400 0.01670003 -0.00971245
v -0.07279400 0.01670003 -0.00971245
v -0.07225165 -0.01870004 -0.01109509
v -0.07289343 -0.01870000 -0.00943364
v -0.07279400 0.01670003 -0.00971245
v -0.07289343 -0.01870000 -0.00943364
v -0.07305065 0.01669995 -0.00897286
v -0.07289343 -0.01870000 -0.00943364
v -0.07314238 -0.01869991 -0.00869144
v -0.07305065 0.01669995 -0.00897286
v -0.07305065 0.01669995 -0.00897286
v -0.07314238 -0.01869991 -0.00869144
v -0.07320004 -0.01869988 -0.00850929
v -0.07305065 0.01669995 -0.00897286
v -0.07320004 -0.01869988 -0.00850929
v -0.07347337 0.01669978 -0.00758050
v -0.07347337 0.01669978 -0.00758050
v -0.07320004 -0.01869988 -0.00850929
v -0.07347337 -0.01869978 -0.00758050
v -0.07347337 0.01669978 -0.00758050
v -0.07347337 -0.01869978 -0.00758050
v -0.07355779 0.01669977 -0.00726761
v -0.07355779 0.01669977 -0.00726761
v -0.07347337 -0.01869978 -0.00758050
v -0.07362746 -0.01869977 -0.00699811
v -0.07355779 0.01669977 -0.00726761
v -0.07362746 -0.01869977 -0.00699811
v -0.07391405 0.01669990 -0.00574940
v -0.07391405 0.01669990 -0.00574940
v -0.07362746 -0.01869977 -0.00699811
v -0.07400650 -0.01869995 -0.00528072
v -0.07391405 0.01669990 -0.00574940
v -0.07400650 -0.01869995 -0.00528072
v -0.07395528 0.01669992 -0.00554552
v -0.07395528 0.01669992 -0.00554552
v -0.07400650 -0.01869995 -0.00528072
v -0.07424217 -0.01870006 -0.00382485
v -0.07395528 0.01669992 -0.00554552
v -0.07424217 -0.01870006 -0.00382485
v -0.07424439 0.01670006 -0.00380851
v -0.07424439 0.01670006 -0.00380851
v -0.07424217 -0.01870006 -0.00382485
v -0.07427917 -0.01870006 -0.00354092
v -0.07424439 0.01670006 -0.00380851
v -0.07427917 -0.01870006 -0.00354092
v -0.07435032 0.01670003 -0.00291709
v -0.07435032 0.01670003 -0.00291709
v -0.07427917 -0.01870006 -0.00354092
v -0.07435041 -0.01870003 -0.00291619
v -0.07435032 0.01670003 -0.00291709
v -0.07435041 -0.01870003 -0.00291619
v -0.07442557 0.01669997 -0.00205836
v -0.07442557 0.01669997 -0.00205836
v -0.07435041 -0.01870003 -0.00291619
v -0.07444435 -0.01869994 -0.00178022
v -0.07442557 0.01669997 -0.00205836
v -0.07444435 -0.01869994 -0.00178022
v -0.07449845 0.01669994 -0.00029670
v -0.07449845 0.01669994 -0.00029670
v -0.07444435 -0.01869994 -0.00178022
v -0.07450000 -0.01870000 -0.00000000
v -0.07449845 0.01669994 -0.00029670
v -0.07450000 -0.01870000 -0.00000000
v -0.07450000 0.01670000 -0.00000000
v -0.02373513 -0.01888713 0.02176342
v -0.02310606 -0.01893245 0.02158747
v -0.02382719 0.01744242 0.02174548
v -0.03395540 0.01670003 0.02582980
v -0.03395536 -0.01870001 0.02582976
v -0.03273633 0.01670595 0.02526545
v -0.03273633 0.01670595 0.02526545
v -0.03395536 -0.01870001 0.02582976
v -0.03179712 -0.01870149 0.02484363
v -0.03273633 0.01670595 0.02526545
v -0.03179712 -0.01870149 0.02484363
v -0.03169139 0.01672237 0.02478966
v -0.03169139 0.01672237 0.02478966
v -0.03179712 -0.01870149 0.02484363
v -0.02972869 -0.01870976 0.02394494
v -0.03169139 0.01672237 0.02478966
v -0.02972869 -0.01870976 0.02394494
v -0.02923573 0.01681355 0.02371372
v -0.02923573 0.01681355 0.02371372
v -0.02972869 -0.01870976 0.02394494
v -0.02774351 -0.01873332 0.02313955
v -0.02538187 0.01718408 0.02223117
v -0.02709597 0.01697765 0.02284954
v -0.02583320 -0.01878314 0.02243449
v -0.02583320 -0.01878314 0.02243449
v -0.02709597 0.01697765 0.02284954
v -0.02812176 0.01688722 0.02325309
v -0.02583320 -0.01878314 0.02243449
v -0.02812176 0.01688722 0.02325309
v -0.02774351 -0.01873332 0.02313955
v -0.02774351 -0.01873332 0.02313955
v -0.02812176 0.01688722 0.02325309
v -0.02861071 0.01685194 0.02345268
v -0.02774351 -0.01873332 0.02313955
v -0.02861071 0.01685194 0.02345268
v -0.02923573 0.01681355 0.02371372
v -0.02538187 0.01718408 0.02223117
v -0.02583320 -0.01878314 0.02243449
v -0.02382719 0.01744242 0.02174548
v -0.02382719 0.01744242 0.02174548
v -0.02583320 -0.01878314 0.02243449
v -0.02398949 -0.01887092 0.02183809
v -0.02382719 0.01744242 0.02174548
v -0.02398949 -0.01887092 0.02183809
v -0.02373513 -0.01888713 0.02176342
v -0.02070956 -0.01918747 0.02104097
v -0.02127290 0.01803358 0.02113423
v -0.02221679 -0.01901066 0.02136100
v -0.02221679 -0.01901066 0.02136100
v -0.02127290 0.01803358 0.02113423
v -0.02233381 0.01776238 0.02135850
v -0.02221679 -0.01901066 0.02136100
v -0.02233381 0.01776238 0.02135850
v -0.02310606 -0.01893245 0.02158747
v -0.02310606 -0.01893245 0.02158747
v -0.02233381 0.01776238 0.02135850
v -0.02300867 0.01760884 0.02152326
v -0.02310606 -0.01893245 0.02158747
v -0.02300867 0.01760884 0.02152326
v -0.02382719 0.01744242 0.02174548
v -0.01920645 -0.01942908 0.02080470
v -0.01979221 0.01847351 0.02089023
v -0.02070956 -0.01918747 0.02104097
v -0.02070956 -0.01918747 0.02104097
v -0.01979221 0.01847351 0.02089023
v -0.02018503 0.01834989 0.02094739
v -0.02070956 -0.01918747 0.02104097
v -0.02018503 0.01834989 0.02094739
v -0.02127290 0.01803358 0.02113423
v -0.01855978 -0.01955584 0.02072785
v -0.01679714 0.01956303 0.02060656
v -0.01920645 -0.01942908 0.02080470
v -0.01920645 -0.01942908 0.02080470
v -0.01679714 0.01956303 0.02060656
v -0.01830488 0.01898482 0.02071862
v -0.01920645 -0.01942908 0.02080470
v -0.01830488 0.01898482 0.02071862
v -0.01979221 0.01847351 0.02089023
v -0.01855978 -0.01955584 0.02072785
v -0.01798394 -0.01968108 0.02067124
v -0.01679714 0.01956303 0.02060656
v -0.01679714 0.01956303 0.02060656
v -0.01798394 -0.01968108 0.02067124
v -0.01740739 -0.01981863 0.02062484
v -0.01679714 0.01956303 0.02060656
v -0.01740739 -0.01981863 0.02062484
v -0.01612293 0.01983771 0.02057260
v -0.01612293 0.01983771 0.02057260
v -0.01740739 -0.01981863 0.02062484
v -0.01630815 -0.02011489 0.02056153
v -0.01612293 0.01983771 0.02057260
v -0.01630815 -0.02011489 0.02056153
v -0.01525765 0.02020259 0.02054073
v -0.01525765 0.02020259 0.02054073
v -0.01630815 -0.02011489 0.02056153
v -0.01455051 -0.02068047 0.02051247
v -0.01525765 0.02020259 0.02054073
v -0.01455051 -0.02068047 0.02051247
v -0.01367692 0.02089794 0.02050871
v -0.01367692 0.02089794 0.02050871
v -0.01455051 -0.02068047 0.02051247
v -0.01366954 -0.02100443 0.02050363
v -0.01367692 0.02089794 0.02050871
v -0.01366954 -0.02100443 0.02050363
v -0.01204462 0.02164082 0.02050000
v -0.01204462 0.02164082 0.02050000
v -0.01366954 -0.02100443 0.02050363
v -0.01267080 -0.02140151 0.02050028
v -0.01204462 0.02164082 0.02050000
v -0.01267080 -0.02140151 0.02050028
v -0.01204461 -0.02166514 0.02050000
v -0.02977801 0.01674950 -0.02412905
v -0.02859740 0.01680860 -0.02376061
v -0.02865932 -0.01874714 -0.02392405
v -0.02386290 0.01744086 -0.02284401
v -0.02289355 0.01765897 -0.02274898
v -0.02298935 -0.01909538 -0.02290040
v -0.01204462 0.02164766 -0.02250000
v -0.01204462 -0.02168830 -0.02250000
v -0.01238720 -0.02155229 -0.02250001
v -0.01420105 -0.02090204 -0.02250313
v -0.01458715 -0.02077797 -0.02250513
v -0.01460054 0.02052558 -0.02250194
v -0.01238720 -0.02155229 -0.02250001
v -0.01335438 -0.02119142 -0.02250070
v -0.01204462 0.02164766 -0.02250000
v -0.01204462 0.02164766 -0.02250000
v -0.01335438 -0.02119142 -0.02250070
v -0.01420105 -0.02090204 -0.02250313
v -0.01204462 0.02164766 -0.02250000
v -0.01420105 -0.02090204 -0.02250313
v -0.01411410 0.02073338 -0.02250100
v -0.01411410 0.02073338 -0.02250100
v -0.01420105 -0.02090204 -0.02250313
v -0.01460054 0.02052558 -0.02250194
v -0.01458715 -0.02077797 -0.02250513
v -0.01606120 -0.02034763 -0.02252007
v -0.01460054 0.02052558 -0.02250194
v -0.01460054 0.02052558 -0.02250194
v -0.01606120 -0.02034763 -0.02252007
v -0.01625253 -0.02029664 -0.02252305
v -0.01460054 0.02052558 -0.02250194
v -0.01625253 -0.02029664 -0.02252305
v -0.01610900 0.01990177 -0.02250851
v -0.01610900 0.01990177 -0.02250851
v -0.01625253 -0.02029664 -0.02252305
v -0.01803559 0.01915931 -0.02253053
v -0.01625253 -0.02029664 -0.02252305
v -0.01796399 -0.01988706 -0.02256376
v -0.01803559 0.01915931 -0.02253053
v -0.01803559 0.01915931 -0.02253053
v -0.01796399 -0.01988706 -0.02256376
v -0.01988267 -0.01951815 -0.02264729
v -0.01803559 0.01915931 -0.02253053
v -0.01988267 -0.01951815 -0.02264729
v -0.01989935 0.01851254 -0.02257733
v -0.01989935 0.01851254 -0.02257733
v -0.01988267 -0.01951815 -0.02264729
v -0.02190144 -0.01922100 -0.02279236
v -0.01989935 0.01851254 -0.02257733
v -0.02190144 -0.01922100 -0.02279236
v -0.02087855 0.01820566 -0.02261727
v -0.02087855 0.01820566 -0.02261727
v -0.02190144 -0.01922100 -0.02279236
v -0.02170305 0.01796738 -0.02266198
v -0.02298935 -0.01909538 -0.02290040
v -0.02289355 0.01765897 -0.02274898
v -0.02190144 -0.01922100 -0.02279236
v -0.02190144 -0.01922100 -0.02279236
v -0.02289355 0.01765897 -0.02274898
v -0.02235494 0.01779309 -0.02270598
v -0.02190144 -0.01922100 -0.02279236
v -0.02235494 0.01779309 -0.02270598
v -0.02170305 0.01796738 -0.02266198
v -0.02298935 -0.01909538 -0.02290040
v -0.02391521 -0.01900561 -0.02301146
v -0.02386290 0.01744086 -0.02284401
v -0.02386290 0.01744086 -0.02284401
v -0.02391521 -0.01900561 -0.02301146
v -0.02490983 -0.01892529 -0.02315244
v -0.02386290 0.01744086 -0.02284401
v -0.02490983 -0.01892529 -0.02315244
v -0.02535521 0.01716478 -0.02304346
v -0.02490983 -0.01892529 -0.02315244
v -0.02583327 -0.01886442 -0.02330537
v -0.02535521 0.01716478 -0.02304346
v -0.02535521 0.01716478 -0.02304346
v -0.02583327 -0.01886442 -0.02330537
v -0.02680879 -0.01881314 -0.02349199
v -0.02535521 0.01716478 -0.02304346
v -0.02680879 -0.01881314 -0.02349199
v -0.02683616 0.01696239 -0.02331857
v -0.02865932 -0.01874714 -0.02392405
v -0.02859740 0.01680860 -0.02376061
v -0.02680879 -0.01881314 -0.02349199
v -0.02680879 -0.01881314 -0.02349199
v -0.02859740 0.01680860 -0.02376061
v -0.02809913 0.01684340 -0.02362243
v -0.02680879 -0.01881314 -0.02349199
v -0.02809913 0.01684340 -0.02362243
v -0.02683616 0.01696239 -0.02331857
v -0.02977801 0.01674950 -0.02412905
v -0.02865932 -0.01874714 -0.02392405
v -0.03069004 0.01672266 -0.02445133
v -0.03069004 0.01672266 -0.02445133
v -0.02865932 -0.01874714 -0.02392405
v -0.03046513 -0.01871381 -0.02445480
v -0.03069004 0.01672266 -0.02445133
v -0.03046513 -0.01871381 -0.02445480
v -0.03157307 0.01670837 -0.02479207
v -0.03046513 -0.01871381 -0.02445480
v -0.03140856 -0.01870545 -0.02477884
v -0.03157307 0.01670837 -0.02479207
v -0.03157307 0.01670837 -0.02479207
v -0.03140856 -0.01870545 -0.02477884
v -0.03222976 -0.01870172 -0.02508876
v -0.03157307 0.01670837 -0.02479207
v -0.03222976 -0.01870172 -0.02508876
v -0.03355763 0.01670005 -0.02564612
v -0.03355763 0.01670005 -0.02564612
v -0.03222976 -0.01870172 -0.02508876
v -0.03395539 -0.01870000 -0.02582978
v -0.03355763 0.01670005 -0.02564612
v -0.03395539 -0.01870000 -0.02582978
v -0.03395537 0.01670003 -0.02582976
v 0.02813441 0.00455030 -0.01870003
v 0.02800650 0.00528072 0.01670018
v 0.02824438 0.00380852 -0.01870006
v 0.02824438 0.00380852 -0.01870006
v 0.02800650 0.00528072 0.01670018
v 0.02827918 0.00354092 0.01670009
v 0.02824438 0.00380852 -0.01870006
v 0.02827918 0.00354092 0.01670009
v 0.02835041 0.00291618 -0.01870003
v 0.02835041 0.00291618 -0.01870003
v 0.02827918 0.00354092 0.01670009
v 0.02835408 0.00288034 0.01670011
v 0.02835041 0.00291618 -0.01870003
v 0.02835408 0.00288034 0.01670011
v 0.02842557 0.00205837 -0.01869997
v 0.02842557 0.00205837 -0.01869997
v 0.02835408 0.00288034 0.01670011
v 0.02844435 0.00178022 0.01670017
v 0.02842557 0.00205837 -0.01869997
v 0.02844435 0.00178022 0.01670017
v 0.02849846 0.00029671 -0.01869994
v 0.02849846 0.00029671 -0.01869994
v 0.02844435 0.00178022 0.01670017
v 0.02850000 0.00000000 0.01670014
v 0.02849846 0.00029671 -0.01869994
v 0.02850000 0.00000000 0.01670014
v 0.02850000 0.00000000 -0.01870000
v 0.02813441 0.00455030 -0.01870003
v 0.02795527 0.00554553 -0.01869992
v 0.02800650 0.00528072 0.01670018
v 0.02800650 0.00528072 0.01670018
v 0.02795527 0.00554553 -0.01869992
v 0.02791441 0.00574765 -0.01869990
v 0.02800650 0.00528072 0.01670018
v 0.02791441 0.00574765 -0.01869990
v 0.02762746 0.00699811 0.01670033
v 0.02762746 0.00699811 0.01670033
v 0.02791441 0.00574765 -0.01869990
v 0.02755779 0.00726762 -0.01869977
v 0.02762746 0.00699811 0.01670033
v 0.02755779 0.00726762 -0.01869977
v 0.02730180 0.00817690 0.01670026
v 0.02730180 0.00817690 0.01670026
v 0.02755779 0.00726762 -0.01869977
v 0.02730180 0.00817690 -0.01869984
v 0.02730180 0.00817690 0.01670026
v 0.02730180 0.00817690 -0.01869984
v 0.02714238 0.00869144 0.01670020
v 0.02714238 0.00869144 0.01670020
v 0.02730180 0.00817690 -0.01869984
v 0.02705065 0.00897287 -0.01869995
v 0.02714238 0.00869144 0.01670020
v 0.02705065 0.00897287 -0.01869995
v 0.02689342 0.00943365 0.01670011
v 0.02689342 0.00943365 0.01670011
v 0.02705065 0.00897287 -0.01869995
v 0.02679399 0.00971246 -0.01870003
v 0.02689342 0.00943365 0.01670011
v 0.02679399 0.00971246 -0.01870003
v 0.02625164 0.01109510 0.01670007
v 0.02625164 0.01109510 0.01670007
v 0.02679399 0.00971246 -0.01870003
v 0.02614282 0.01134913 -0.01870003
v 0.02625164 0.01109510 0.01670007
v 0.02614282 0.01134913 -0.01870003
v 0.02600382 0.01166411 0.01670012
v 0.02600382 0.01166411 0.01670012
v 0.02614282 0.01134913 -0.01870003
v 0.02600382 0.01166411 -0.01869999
v 0.02600382 0.01166411 0.01670012
v 0.02600382 0.01166411 -0.01869999
v 0.02551298 0.01270188 0.01670025
v 0.02551298 0.01270188 0.01670025
v 0.02600382 0.01166411 -0.01869999
v 0.02539303 0.01294001 -0.01869983
v 0.02551298 0.01270188 0.01670025
v 0.02539303 0.01294001 -0.01869983
v 0.02491761 0.01383340 0.01670033
v 0.02491761 0.01383340 0.01670033
v 0.02539303 0.01294001 -0.01869983
v 0.02454537 0.01448361 -0.01869983
v 0.02491761 0.01383340 0.01670033
v 0.02454537 0.01448361 -0.01869983
v 0.02467980 0.01425334 0.01670030
v 0.02467980 0.01425334 0.01670030
v 0.02454537 0.01448361 -0.01869983
v 0.02426258 0.01495250 0.01670021
v 0.02426258 0.01495250 0.01670021
v 0.02454537 0.01448361 -0.01869983
v 0.02426258 0.01495250 -0.01869989
v 0.02426258 0.01495250 0.01670021
v 0.02426258 0.01495250 -0.01869989
v 0.02375366 0.01574845 0.01670010
v 0.02375366 0.01574845 0.01670010
v 0.02426258 0.01495250 -0.01869989
v 0.02359984 0.01597804 -0.01870003
v 0.02375366 0.01574845 0.01670010
v 0.02359984 0.01597804 -0.01870003
v 0.02339005 0.01628360 0.01670005
v 0.02339005 0.01628360 0.01670005
v 0.02359984 0.01597804 -0.01870003
v 0.02323881 0.01649872 -0.01870006
v 0.02339005 0.01628360 0.01670005
v 0.02323881 0.01649872 -0.01870006
v 0.02273542 0.01718577 0.01670005
v 0.02273542 0.01718577 0.01670005
v 0.02323881 0.01649872 -0.01870006
v 0.02255570 0.01742098 -0.01870002
v 0.02273542 0.01718577 0.01670005
v 0.02255570 0.01742098 -0.01870002
v 0.02225482 0.01780373 0.01670011
v 0.02225482 0.01780373 0.01670011
v 0.02255570 0.01742098 -0.01870002
v 0.02206871 0.01803392 -0.01869993
v 0.02225482 0.01780373 0.01670011
v 0.02206871 0.01803392 -0.01869993
v 0.02210777 0.01798601 0.01670013
v 0.02210777 0.01798601 0.01670013
v 0.02206871 0.01803392 -0.01869993
v 0.02162230 0.01856680 0.01670022
v 0.02162230 0.01856680 0.01670022
v 0.02206871 0.01803392 -0.01869993
v 0.02145584 0.01875891 -0.01869980
v 0.02162230 0.01856680 0.01670022
v 0.02145584 0.01875891 -0.01869980
v 0.02109927 0.01915909 0.01670030
v 0.02109927 0.01915909 0.01670030
v 0.02145584 0.01875891 -0.01869980
v 0.02091250 0.01936278 -0.01869973
v 0.02109927 0.01915909 0.01670030
v 0.02091250 0.01936278 -0.01869973
v 0.01987040 0.02043079 0.01670021
v 0.01987040 0.02043079 0.01670021
v 0.02091250 0.01936278 -0.01869973
v 0.01967838 0.02061580 -0.01869990
v 0.01987040 0.02043079 0.01670021
v 0.01967838 0.02061580 -0.01869990
v 0.01957611 0.02071294 0.01670016
v 0.01957611 0.02071294 0.01670016
v 0.01967838 0.02061580 -0.01869990
v 0.01943759 0.02084299 -0.01869995
v 0.01957611 0.02071294 0.01670016
v 0.01943759 0.02084299 -0.01869995
v 0.01857064 0.02161901 0.01670003
v 0.01857064 0.02161901 0.01670003
v 0.01943759 0.02084299 -0.01869995
v 0.01836756 0.02179180 -0.01870008
v 0.01857064 0.02161901 0.01670003
v 0.01836756 0.02179180 -0.01870008
v 0.01720182 0.02272328 0.01670008
v 0.01720182 0.02272328 0.01670008
v 0.01836756 0.02179180 -0.01870008
v 0.01698067 0.02288901 -0.01869993
v 0.01720182 0.02272328 0.01670008
v 0.01698067 0.02288901 -0.01869993
v 0.01671076 0.02308680 0.01670015
v 0.01671076 0.02308680 0.01670015
v 0.01698067 0.02288901 -0.01869993
v 0.01671076 0.02308680 -0.01869988
v 0.01671076 0.02308680 0.01670015
v 0.01671076 0.02308680 -0.01869988
v 0.01576522 0.02374253 0.01670028
v 0.01576522 0.02374253 0.01670028
v 0.01671076 0.02308680 -0.01869988
v 0.01551777 0.02390500 -0.01869967
v 0.01576522 0.02374253 0.01670028
v 0.01551777 0.02390500 -0.01869967
v 0.01510716 0.02416658 0.01670029
v 0.01510716 0.02416658 0.01670029
v 0.01551777 0.02390500 -0.01869967
v 0.01485534 0.02432219 -0.01869970
v 0.01510716 0.02416658 0.01670029
v 0.01485534 0.02432219 -0.01869970
v 0.01356812 0.02506305 0.01670010
v 0.01485534 0.02432219 -0.01869970
v 0.01356057 0.02506713 -0.01869994
v 0.01356812 0.02506305 0.01670010
v 0.01356812 0.02506305 0.01670010
v 0.01356057 0.02506713 -0.01869994
v 0.01332445 0.02519343 -0.01869998
v 0.01356812 0.02506305 0.01670010
v 0.01332445 0.02519343 -0.01869998
v 0.01254659 0.02558971 0.01670001
v 0.01254659 0.02558971 0.01670001
v 0.01332445 0.02519343 -0.01869998
v 0.01251050 0.02560737 -0.01870007
v 0.01254659 0.02558971 0.01670001
v 0.01251050 0.02560737 -0.01870007
v 0.01198758 0.02585630 0.01670000
v 0.01198758 0.02585630 0.01670000
v 0.01251050 0.02560737 -0.01870007
v 0.01174515 0.02596732 -0.01870007
v 0.01198758 0.02585630 0.01670000
v 0.01174515 0.02596732 -0.01870007
v 0.01036778 0.02654730 0.01670015
v 0.01036778 0.02654730 0.01670015
v 0.01174515 0.02596732 -0.01870007
v 0.01011895 0.02664314 -0.01869987
v 0.01036778 0.02654730 0.01670015
v 0.01011895 0.02664314 -0.01869987
v 0.01017922 0.02662017 0.01670017
v 0.01017922 0.02662017 0.01670017
v 0.01011895 0.02664314 -0.01869987
v 0.00987987 0.02673272 -0.01869983
v 0.01017922 0.02662017 0.01670017
v 0.00987987 0.02673272 -0.01869983
v 0.00871060 0.02713624 0.01670028
v 0.00871060 0.02713624 0.01670028
v 0.00987987 0.02673272 -0.01869983
v 0.00844706 0.02721943 -0.01869975
v 0.00871060 0.02713624 0.01670028
v 0.00844706 0.02721943 -0.01869975
v 0.00701760 0.02762251 0.01670010
v 0.00701760 0.02762251 0.01670010
v 0.00844706 0.02721943 -0.01869975
v 0.00673033 0.02769391 -0.01869997
v 0.00701760 0.02762251 0.01670010
v 0.00673033 0.02769391 -0.01869997
v 0.00662437 0.02771945 0.01670005
v 0.00662437 0.02771945 0.01670005
v 0.00673033 0.02769391 -0.01869997
v 0.00625628 0.02780484 0.01670002
v 0.00625628 0.02780484 0.01670002
v 0.00673033 0.02769391 -0.01869997
v 0.00596716 0.02786832 -0.01870004
v 0.00625628 0.02780484 0.01670002
v 0.00596716 0.02786832 -0.01870004
v 0.00450726 0.02814133 0.01670002
v 0.00450726 0.02814133 0.01670002
v 0.00596716 0.02786832 -0.01870004
v 0.00423418 0.02818371 -0.01870001
v 0.00450726 0.02814133 0.01670002
v 0.00423418 0.02818371 -0.01870001
v 0.00295659 0.02834623 0.01670019
v 0.00295659 0.02834623 0.01670019
v 0.00423418 0.02818371 -0.01870001
v 0.00295659 0.02834623 -0.01869985
v 0.00295659 0.02834623 0.01670019
v 0.00295659 0.02834623 -0.01869985
v 0.00275325 0.02836670 0.01670021
v 0.00275325 0.02836670 0.01670021
v 0.00295659 0.02834623 -0.01869985
v 0.00248775 0.02839122 -0.01869980
v 0.00275325 0.02836670 0.01670021
v 0.00248775 0.02839122 -0.01869980
v 0.00142689 0.02846426 0.01670024
v 0.00142689 0.02846426 0.01670024
v 0.00248775 0.02839122 -0.01869980
v 0.00153147 0.02845882 -0.01869978
v 0.00142689 0.02846426 0.01670024
v 0.00153147 0.02845882 -0.01869978
v 0.00099603 0.02848259 0.01670020
v 0.00099603 0.02848259 0.01670020
v 0.00153147 0.02845882 -0.01869978
v 0.00072953 0.02849066 -0.01869986
v 0.00099603 0.02848259 0.01670020
v 0.00072953 0.02849066 -0.01869986
v -0.00076267 0.02848979 0.01670001
v -0.00076267 0.02848979 0.01670001
v 0.00072953 0.02849066 -0.01869986
v -0.00076158 0.02848982 -0.01870003
v -0.00076267 0.02848979 0.01670001
v -0.00076158 0.02848982 -0.01870003
v -0.00145919 0.02846262 0.01669997
v -0.00145919 0.02846262 0.01669997
v -0.00076158 0.02848982 -0.01870003
v -0.00103888 0.02848106 -0.01870004
v -0.00145919 0.02846262 0.01669997
v -0.00103888 0.02848106 -0.01870004
v -0.00252119 0.02838827 0.01669999
v -0.00252119 0.02838827 0.01669999
v -0.00103888 0.02848106 -0.01870004
v -0.00281589 0.02836055 -0.01870000
v -0.00252119 0.02838827 0.01669999
v -0.00281589 0.02836055 -0.01870000
v -0.00329995 0.02830831 0.01670006
v -0.00329995 0.02830831 0.01670006
v -0.00281589 0.02836055 -0.01870000
v -0.00359376 0.02827251 -0.01869990
v -0.00329995 0.02830831 0.01670006
v -0.00359376 0.02827251 -0.01869990
v -0.00446677 0.02814779 0.01670019
v -0.00359376 0.02827251 -0.01869990
v -0.00419658 0.02818934 -0.01869983
v -0.00446677 0.02814779 0.01670019
v -0.00446677 0.02814779 0.01670019
v -0.00419658 0.02818934 -0.01869983
v -0.00446677 0.02814779 -0.01869980
v -0.00446677 0.02814779 0.01670019
v -0.00446677 0.02814779 -0.01869980
v -0.00505976 0.02804726 0.01670022
v -0.00505976 0.02804726 0.01670022
v -0.00446677 0.02814779 -0.01869980
v -0.00533345 0.02799650 -0.01869976
v -0.00505976 0.02804726 0.01670022
v -0.00533345 0.02799650 -0.01869976
v -0.00678849 0.02767971 0.01670009
v -0.00678849 0.02767971 0.01670009
v -0.00533345 0.02799650 -0.01869976
v -0.00705012 0.02761423 -0.01869995
v -0.00678849 0.02767971 0.01670009
v -0.00705012 0.02761423 -0.01869995
v -0.00809582 0.02732595 0.01669998
v -0.00809582 0.02732595 0.01669998
v -0.00705012 0.02761423 -0.01869995
v -0.00809582 0.02732595 -0.01870005
v -0.00809582 0.02732595 0.01669998
v -0.00809582 0.02732595 -0.01870005
v -0.00848494 0.02720764 0.01669997
v -0.00848494 0.02720764 0.01669997
v -0.00809582 0.02732595 -0.01870005
v -0.00874215 0.02712609 -0.01870006
v -0.00848494 0.02720764 0.01669997
v -0.00874215 0.02712609 -0.01870006
v -0.00991890 0.02671826 0.01670001
v -0.00991890 0.02671826 0.01670001
v -0.00874215 0.02712609 -0.01870006
v -0.00983660 0.02674867 -0.01869999
v -0.00991890 0.02671826 0.01670001
v -0.00983660 0.02674867 -0.01869999
v -0.01014769 0.02663220 0.01670003
v -0.01014769 0.02663220 0.01670003
v -0.00983660 0.02674867 -0.01869999
v -0.01040769 0.02653168 -0.01869994
v -0.01014769 0.02663220 0.01670003
v -0.01040769 0.02653168 -0.01869994
v -0.01177510 0.02595375 0.01670004
v -0.01177510 0.02595375 0.01670004
v -0.01040769 0.02653168 -0.01869994
v -0.01204464 0.02582976 -0.01870001
v -0.01177510 0.02595375 0.01670004
v -0.01204464 0.02582976 -0.01870001
v -0.01204463 0.02582979 0.01670003
v -0.01204463 -0.02582976 0.01670003
v -0.01204461 -0.02582978 -0.01870000
v -0.01177508 -0.02595376 -0.01869994
v -0.01204463 -0.02582976 0.01670003
v -0.01177508 -0.02595376 -0.01869994
v -0.01040768 -0.02653168 0.01670004
v -0.01040768 -0.02653168 0.01670004
v -0.01177508 -0.02595376 -0.01869994
v -0.01014767 -0.02663221 -0.01869996
v -0.01040768 -0.02653168 0.01670004
v -0.01014767 -0.02663221 -0.01869996
v -0.00991887 -0.02671827 0.01670001
v -0.00991887 -0.02671827 0.01670001
v -0.01014767 -0.02663221 -0.01869996
v -0.00983664 -0.02674866 -0.01869999
v -0.00991887 -0.02671827 0.01670001
v -0.00983664 -0.02674866 -0.01869999
v -0.00874214 -0.02712609 0.01669996
v -0.00983664 -0.02674866 -0.01869999
v -0.00879627 -0.02710859 -0.01870006
v -0.00874214 -0.02712609 0.01669996
v -0.00874214 -0.02712609 0.01669996
v -0.00879627 -0.02710859 -0.01870006
v -0.00848492 -0.02720765 -0.01870006
v -0.00874214 -0.02712609 0.01669996
v -0.00848492 -0.02720765 -0.01870006
v -0.00705011 -0.02761423 0.01670006
v -0.00705011 -0.02761423 0.01670006
v -0.00848492 -0.02720765 -0.01870006
v -0.00678848 -0.02767972 -0.01869992
v -0.00705011 -0.02761423 0.01670006
v -0.00678848 -0.02767972 -0.01869992
v -0.00533344 -0.02799651 0.01670022
v -0.00533344 -0.02799651 0.01670022
v -0.00678848 -0.02767972 -0.01869992
v -0.00505975 -0.02804726 -0.01869976
v -0.00533344 -0.02799651 0.01670022
v -0.00505975 -0.02804726 -0.01869976
v -0.00507858 -0.02804386 0.01670022
v -0.00507858 -0.02804386 0.01670022
v -0.00505975 -0.02804726 -0.01869976
v -0.00433349 -0.02816861 0.01670018
v -0.00433349 -0.02816861 0.01670018
v -0.00505975 -0.02804726 -0.01869976
v -0.00419657 -0.02818934 -0.01869983
v -0.00433349 -0.02816861 0.01670018
v -0.00419657 -0.02818934 -0.01869983
v -0.00359375 -0.02827251 0.01670009
v -0.00359375 -0.02827251 0.01670009
v -0.00419657 -0.02818934 -0.01869983
v -0.00329994 -0.02830831 -0.01869994
v -0.00359375 -0.02827251 0.01670009
v -0.00329994 -0.02830831 -0.01869994
v -0.00281587 -0.02836055 0.01670002
v -0.00281587 -0.02836055 0.01670002
v -0.00329994 -0.02830831 -0.01869994
v -0.00252118 -0.02838827 -0.01870003
v -0.00281587 -0.02836055 0.01670002
v -0.00252118 -0.02838827 -0.01870003
v -0.00126900 -0.02847173 0.01669998
v -0.00126900 -0.02847173 0.01669998
v -0.00252118 -0.02838827 -0.01870003
v -0.00126900 -0.02847173 -0.01870006
v -0.00126900 -0.02847173 0.01669998
v -0.00126900 -0.02847173 -0.01870006
v -0.00103886 -0.02848106 0.01669999
v -0.00103886 -0.02848106 0.01669999
v -0.00126900 -0.02847173 -0.01870006
v -0.00076266 -0.02848979 -0.01870003
v -0.00103886 -0.02848106 0.01669999
v -0.00076266 -0.02848979 -0.01870003
v 0.00072955 -0.02849066 0.01670017
v 0.00072955 -0.02849066 0.01670017
v -0.00076266 -0.02848979 -0.01870003
v 0.00099605 -0.02848259 -0.01869983
v 0.00072955 -0.02849066 0.01670017
v 0.00099605 -0.02848259 -0.01869983
v 0.00142698 -0.02846425 0.01670024
v 0.00142698 -0.02846425 0.01670024
v 0.00099605 -0.02848259 -0.01869983
v 0.00153149 -0.02845882 -0.01869978
v 0.00142698 -0.02846425 0.01670024
v 0.00153149 -0.02845882 -0.01869978
v 0.00248777 -0.02839121 0.01670023
v 0.00153149 -0.02845882 -0.01869978
v 0.00256354 -0.02838447 -0.01869981
v 0.00248777 -0.02839121 0.01670023
v 0.00248777 -0.02839121 0.01670023
v 0.00256354 -0.02838447 -0.01869981
v 0.00275326 -0.02836670 -0.01869983
v 0.00248777 -0.02839121 0.01670023
v 0.00275326 -0.02836670 -0.01869983
v 0.00423420 -0.02818371 0.01670004
v 0.00423420 -0.02818371 0.01670004
v 0.00275326 -0.02836670 -0.01869983
v 0.00450727 -0.02814133 -0.01870003
v 0.00423420 -0.02818371 0.01670004
v 0.00450727 -0.02814133 -0.01870003
v 0.00596718 -0.02786831 0.01670000
v 0.00596718 -0.02786831 0.01670000
v 0.00450727 -0.02814133 -0.01870003
v 0.00625629 -0.02780483 -0.01870002
v 0.00596718 -0.02786831 0.01670000
v 0.00625629 -0.02780483 -0.01870002
v 0.00634969 -0.02778365 0.01670003
v 0.00634969 -0.02778365 0.01670003
v 0.00625629 -0.02780483 -0.01870002
v 0.00634969 -0.02778365 -0.01870001
v 0.00634969 -0.02778365 0.01670003
v 0.00634969 -0.02778365 -0.01870001
v 0.00673036 -0.02769390 0.01670006
v 0.00673036 -0.02769390 0.01670006
v 0.00634969 -0.02778365 -0.01870001
v 0.00701762 -0.02762251 -0.01869993
v 0.00673036 -0.02769390 0.01670006
v 0.00701762 -0.02762251 -0.01869993
v 0.00844709 -0.02721942 0.01670026
v 0.00844709 -0.02721942 0.01670026
v 0.00701762 -0.02762251 -0.01869993
v 0.00871062 -0.02713623 -0.01869974
v 0.00844709 -0.02721942 0.01670026
v 0.00871062 -0.02713623 -0.01869974
v 0.00989185 -0.02672829 0.01670020
v 0.00989185 -0.02672829 0.01670020
v 0.00871062 -0.02713623 -0.01869974
v 0.01002096 -0.02668015 -0.01869985
v 0.01356813 -0.02506304 -0.01869994
v 0.01332447 -0.02519342 0.01670007
v 0.01251058 -0.02560733 -0.01870007
v 0.01251058 -0.02560733 -0.01870007
v 0.01332447 -0.02519342 0.01670007
v 0.01254662 -0.02558969 0.01670001
v 0.01251058 -0.02560733 -0.01870007
v 0.01254662 -0.02558969 0.01670001
v 0.01198759 -0.02585629 -0.01870008
v 0.01198759 -0.02585629 -0.01870008
v 0.01254662 -0.02558969 0.01670001
v 0.01174517 -0.02596730 0.01670001
v 0.01198759 -0.02585629 -0.01870008
v 0.01174517 -0.02596730 0.01670001
v 0.01036779 -0.02654730 -0.01869991
v 0.01036779 -0.02654730 -0.01869991
v 0.01174517 -0.02596730 0.01670001
v 0.01011898 -0.02664313 0.01670018
v 0.01036779 -0.02654730 -0.01869991
v 0.01011898 -0.02664313 0.01670018
v 0.01002096 -0.02668015 -0.01869985
v 0.01002096 -0.02668015 -0.01869985
v 0.01011898 -0.02664313 0.01670018
v 0.01002096 -0.02668015 0.01670019
v 0.01002096 -0.02668015 -0.01869985
v 0.01002096 -0.02668015 0.01670019
v 0.00989185 -0.02672829 0.01670020
v 0.01510717 -0.02416657 -0.01869968
v 0.01485537 -0.02432217 0.01670028
v 0.01356813 -0.02506304 -0.01869994
v 0.01356813 -0.02506304 -0.01869994
v 0.01485537 -0.02432217 0.01670028
v 0.01351092 -0.02509392 0.01670009
v 0.01356813 -0.02506304 -0.01869994
v 0.01351092 -0.02509392 0.01670009
v 0.01332447 -0.02519342 0.01670007
v 0.01675644 -0.02305367 -0.01869989
v 0.01675644 -0.02305367 0.01670014
v 0.01576523 -0.02374252 -0.01869970
v 0.01576523 -0.02374252 -0.01869970
v 0.01675644 -0.02305367 0.01670014
v 0.01551779 -0.02390498 0.01670030
v 0.01576523 -0.02374252 -0.01869970
v 0.01551779 -0.02390498 0.01670030
v 0.01510717 -0.02416657 -0.01869968
v 0.01510717 -0.02416657 -0.01869968
v 0.01551779 -0.02390498 0.01670030
v 0.01507104 -0.02418913 0.01670029
v 0.01510717 -0.02416657 -0.01869968
v 0.01507104 -0.02418913 0.01670029
v 0.01485537 -0.02432217 0.01670028
v 0.01967841 -0.02061578 0.01670017
v 0.01962908 -0.02066275 0.01670017
v 0.01857065 -0.02161900 -0.01870007
v 0.01857065 -0.02161900 -0.01870007
v 0.01962908 -0.02066275 0.01670017
v 0.01836758 -0.02179178 0.01670002
v 0.01857065 -0.02161900 -0.01870007
v 0.01836758 -0.02179178 0.01670002
v 0.01720183 -0.02272327 -0.01869998
v 0.01720183 -0.02272327 -0.01869998
v 0.01836758 -0.02179178 0.01670002
v 0.01743819 -0.02254239 0.01670006
v 0.01720183 -0.02272327 -0.01869998
v 0.01743819 -0.02254239 0.01670006
v 0.01675644 -0.02305367 -0.01869989
v 0.01675644 -0.02305367 -0.01869989
v 0.01743819 -0.02254239 0.01670006
v 0.01698069 -0.02288900 0.01670011
v 0.01675644 -0.02305367 -0.01869989
v 0.01698069 -0.02288900 0.01670011
v 0.01675644 -0.02305367 0.01670014
v 0.01857065 -0.02161900 -0.01870007
v 0.01969877 -0.02059632 -0.01869990
v 0.01967841 -0.02061578 0.01670017
v 0.01967841 -0.02061578 0.01670017
v 0.01969877 -0.02059632 -0.01869990
v 0.01987041 -0.02043078 -0.01869986
v 0.01967841 -0.02061578 0.01670017
v 0.01987041 -0.02043078 -0.01869986
v 0.02091252 -0.01936276 0.01670031
v 0.02091252 -0.01936276 0.01670031
v 0.01987041 -0.02043078 -0.01869986
v 0.02109928 -0.01915908 -0.01869975
v 0.02091252 -0.01936276 0.01670031
v 0.02109928 -0.01915908 -0.01869975
v 0.02162234 -0.01856675 0.01670022
v 0.02162234 -0.01856675 0.01670022
v 0.02109928 -0.01915908 -0.01869975
v 0.02145593 -0.01875881 -0.01869980
v 0.02162234 -0.01856675 0.01670022
v 0.02145593 -0.01875881 -0.01869980
v 0.02206873 -0.01803389 0.01670014
v 0.02206873 -0.01803389 0.01670014
v 0.02145593 -0.01875881 -0.01869980
v 0.02225483 -0.01780372 -0.01869997
v 0.02206873 -0.01803389 0.01670014
v 0.02225483 -0.01780372 -0.01869997
v 0.02228471 -0.01776631 0.01670010
v 0.02228471 -0.01776631 0.01670010
v 0.02225483 -0.01780372 -0.01869997
v 0.02255572 -0.01742095 0.01670007
v 0.02255572 -0.01742095 0.01670007
v 0.02225483 -0.01780372 -0.01869997
v 0.02273542 -0.01718576 -0.01870004
v 0.02255572 -0.01742095 0.01670007
v 0.02273542 -0.01718576 -0.01870004
v 0.02339004 -0.01628362 0.01670005
v 0.02339004 -0.01628362 0.01670005
v 0.02273542 -0.01718576 -0.01870004
v 0.02323891 -0.01649858 -0.01870006
v 0.02339004 -0.01628362 0.01670005
v 0.02323891 -0.01649858 -0.01870006
v 0.02359986 -0.01597801 0.01670007
v 0.02359986 -0.01597801 0.01670007
v 0.02323891 -0.01649858 -0.01870006
v 0.02375366 -0.01574844 -0.01870001
v 0.02359986 -0.01597801 0.01670007
v 0.02375366 -0.01574844 -0.01870001
v 0.02446744 -0.01461487 0.01670025
v 0.02446744 -0.01461487 0.01670025
v 0.02375366 -0.01574844 -0.01870001
v 0.02446744 -0.01461487 -0.01869985
v 0.02446744 -0.01461487 0.01670025
v 0.02446744 -0.01461487 -0.01869985
v 0.02454538 -0.01448358 0.01670027
v 0.02454538 -0.01448358 0.01670027
v 0.02446744 -0.01461487 -0.01869985
v 0.02467980 -0.01425333 -0.01869980
v 0.02454538 -0.01448358 0.01670027
v 0.02467980 -0.01425333 -0.01869980
v 0.02491763 -0.01383336 0.01670033
v 0.02491763 -0.01383336 0.01670033
v 0.02467980 -0.01425333 -0.01869980
v 0.02551299 -0.01270187 -0.01869986
v 0.02491763 -0.01383336 0.01670033
v 0.02551299 -0.01270187 -0.01869986
v 0.02539305 -0.01293998 0.01670028
v 0.02620749 -0.01119899 0.01670008
v 0.02618993 -0.01124001 0.01670008
v 0.02551299 -0.01270187 -0.01869986
v 0.02551299 -0.01270187 -0.01869986
v 0.02618993 -0.01124001 0.01670008
v 0.02614284 -0.01134910 0.01670009
v 0.02551299 -0.01270187 -0.01869986
v 0.02614284 -0.01134910 0.01670009
v 0.02539305 -0.01293998 0.01670028
v 0.02551299 -0.01270187 -0.01869986
v 0.02620749 -0.01119899 -0.01870004
v 0.02620749 -0.01119899 0.01670008
v 0.02620749 -0.01119899 0.01670008
v 0.02620749 -0.01119899 -0.01870004
v 0.02625165 -0.01109509 -0.01870004
v 0.02620749 -0.01119899 0.01670008
v 0.02625165 -0.01109509 -0.01870004
v 0.02679401 -0.00971243 0.01670009
v 0.02679401 -0.00971243 0.01670009
v 0.02625165 -0.01109509 -0.01870004
v 0.02689343 -0.00943364 -0.01870000
v 0.02679401 -0.00971243 0.01670009
v 0.02689343 -0.00943364 -0.01870000
v 0.02705066 -0.00897284 0.01670016
v 0.02705066 -0.00897284 0.01670016
v 0.02689343 -0.00943364 -0.01870000
v 0.02714238 -0.00869144 -0.01869991
v 0.02705066 -0.00897284 0.01670016
v 0.02714238 -0.00869144 -0.01869991
v 0.02719259 -0.00853306 0.01670021
v 0.02719259 -0.00853306 0.01670021
v 0.02714238 -0.00869144 -0.01869991
v 0.02720003 -0.00850932 -0.01869988
v 0.02719259 -0.00853306 0.01670021
v 0.02720003 -0.00850932 -0.01869988
v 0.02747337 -0.00758050 0.01670031
v 0.02747337 -0.00758050 0.01670031
v 0.02720003 -0.00850932 -0.01869988
v 0.02747337 -0.00758050 -0.01869978
v 0.02747337 -0.00758050 0.01670031
v 0.02747337 -0.00758050 -0.01869978
v 0.02755780 -0.00726759 0.01670033
v 0.02755780 -0.00726759 0.01670033
v 0.02747337 -0.00758050 -0.01869978
v 0.02762746 -0.00699811 -0.01869977
v 0.02755780 -0.00726759 0.01670033
v 0.02762746 -0.00699811 -0.01869977
v 0.02795528 -0.00554550 0.01670020
v 0.02795528 -0.00554550 0.01670020
v 0.02762746 -0.00699811 -0.01869977
v 0.02800650 -0.00528072 -0.01869995
v 0.02795528 -0.00554550 0.01670020
v 0.02800650 -0.00528072 -0.01869995
v 0.02824439 -0.00380849 0.01670009
v 0.02800650 -0.00528072 -0.01869995
v 0.02824218 -0.00382485 -0.01870006
v 0.02824439 -0.00380849 0.01670009
v 0.02824439 -0.00380849 0.01670009
v 0.02824218 -0.00382485 -0.01870006
v 0.02827918 -0.00354092 -0.01870006
v 0.02824439 -0.00380849 0.01670009
v 0.02827918 -0.00354092 -0.01870006
v 0.02835409 -0.00288021 0.01670011
v 0.02835409 -0.00288021 0.01670011
v 0.02827918 -0.00354092 -0.01870006
v 0.02835041 -0.00291619 -0.01870003
v 0.02835409 -0.00288021 0.01670011
v 0.02835041 -0.00291619 -0.01870003
v 0.02842557 -0.00205833 0.01670016
v 0.02842557 -0.00205833 0.01670016
v 0.02835041 -0.00291619 -0.01870003
v 0.02844435 -0.00178022 -0.01869994
v 0.02842557 -0.00205833 0.01670016
v 0.02844435 -0.00178022 -0.01869994
v 0.02849846 -0.00029667 0.01670018
v 0.02849846 -0.00029667 0.01670018
v 0.02844435 -0.00178022 -0.01869994
v 0.02850000 0.00000000 -0.01870000
v 0.02849846 -0.00029667 0.01670018
v 0.02850000 0.00000000 -0.01870000
v 0.02850000 0.00000000 0.01670014
v -0.03395538 0.02050000 0.02164382
v -0.03395538 0.02050000 -0.02166427
v -0.03556135 0.02050001 0.02238585
v -0.03556135 0.02050001 0.02238585
v -0.03395538 0.02050000 -0.02166427
v -0.03556129 0.02050000 -0.02238579
v -0.03556135 0.02050001 0.02238585
v -0.03556129 0.02050000 -0.02238579
v -0.03765067 0.02050000 0.02324604
v -0.05994356 0.02050000 -0.02038782
v -0.05489228 0.02050000 0.02304370
v -0.05906155 0.02050000 -0.02096391
v -0.05906155 0.02050000 -0.02096391
v -0.05489228 0.02050000 0.02304370
v -0.05737098 0.02050000 -0.02192672
v -0.05253256 0.02050000 0.02382036
v -0.03556129 0.02050000 -0.02238579
v -0.05489228 0.02050000 0.02304370
v -0.05489228 0.02050000 0.02304370
v -0.03556129 0.02050000 -0.02238579
v -0.03740808 0.02050000 -0.02315749
v -0.06959891 0.02050000 -0.00729228
v -0.06998271 0.02050000 -0.00590934
v -0.05489228 0.02050000 0.02304370
v -0.05489228 0.02050000 0.02304370
v -0.06998271 0.02050000 -0.00590934
v -0.07021230 0.02050000 -0.00488362
v -0.06111896 0.02050000 0.01953192
v -0.05927132 0.02050000 0.02083173
v -0.07057772 0.02050000 -0.00245256
v -0.07021230 0.02050000 -0.00488362
v -0.07052178 0.02050000 -0.00295987
v -0.05489228 0.02050000 0.02304370
v -0.05489228 0.02050000 0.02304370
v -0.07052178 0.02050000 -0.00295987
v -0.07057772 0.02050000 -0.00245256
v -0.05489228 0.02050000 0.02304370
v -0.07057772 0.02050000 -0.00245256
v -0.05713665 0.02050000 0.02204665
v -0.05713665 0.02050000 0.02204665
v -0.07057772 0.02050000 -0.00245256
v -0.05927132 0.02050000 0.02083173
v -0.04982816 0.02050000 -0.02440131
v -0.05175713 0.02050000 -0.02401947
v -0.05489228 0.02050000 0.02304370
v -0.05489228 0.02050000 0.02304370
v -0.05175713 0.02050000 -0.02401947
v -0.05228537 0.02050000 -0.02388675
v -0.05253256 0.02050000 0.02382036
v -0.05008327 0.02050000 0.02435990
v -0.03556129 0.02050000 -0.02238579
v -0.03556129 0.02050000 -0.02238579
v -0.05008327 0.02050000 0.02435990
v -0.04757744 0.02050000 0.02464956
v -0.03556129 0.02050000 -0.02238579
v -0.04757744 0.02050000 0.02464956
v -0.04504655 0.02050000 0.02468129
v -0.04504655 0.02050000 0.02468129
v -0.04252568 0.02050000 0.02445427
v -0.03556129 0.02050000 -0.02238579
v -0.03556129 0.02050000 -0.02238579
v -0.04252568 0.02050000 0.02445427
v -0.04004970 0.02050000 0.02397253
v -0.03556129 0.02050000 -0.02238579
v -0.04004970 0.02050000 0.02397253
v -0.03765067 0.02050000 0.02324604
v -0.03740808 0.02050000 -0.02315749
v -0.03834279 0.02050000 -0.02348307
v -0.05489228 0.02050000 0.02304370
v -0.05489228 0.02050000 0.02304370
v -0.03834279 0.02050000 -0.02348307
v -0.03979779 0.02050000 -0.02390859
v -0.05489228 0.02050000 0.02304370
v -0.03979779 0.02050000 -0.02390859
v -0.04124289 0.02050000 -0.02423757
v -0.04124289 0.02050000 -0.02423757
v -0.04226777 0.02050000 -0.02441628
v -0.05489228 0.02050000 0.02304370
v -0.05489228 0.02050000 0.02304370
v -0.04226777 0.02050000 -0.02441628
v -0.04421722 0.02050000 -0.02463525
v -0.05489228 0.02050000 0.02304370
v -0.04421722 0.02050000 -0.02463525
v -0.04478589 0.02050000 -0.02466982
v -0.05228537 0.02050000 -0.02388675
v -0.05463061 0.02050000 -0.02314300
v -0.05489228 0.02050000 0.02304370
v -0.05489228 0.02050000 0.02304370
v -0.05463061 0.02050000 -0.02314300
v -0.05691403 0.02050000 -0.02215768
v -0.05489228 0.02050000 0.02304370
v -0.05691403 0.02050000 -0.02215768
v -0.05737098 0.02050000 -0.02192672
v -0.07057772 0.02050000 -0.00245256
v -0.07070000 0.02050000 0.00000001
v -0.06111896 0.02050000 0.01953192
v -0.06111896 0.02050000 0.01953192
v -0.07070000 0.02050000 0.00000001
v -0.07057781 0.02050000 0.00245176
v -0.06111896 0.02050000 0.01953192
v -0.07057781 0.02050000 0.00245176
v -0.07021261 0.02050000 0.00488210
v -0.04478589 0.02050000 -0.02466982
v -0.04721710 0.02050000 -0.02466996
v -0.05489228 0.02050000 0.02304370
v -0.05489228 0.02050000 0.02304370
v -0.04721710 0.02050000 -0.02466996
v -0.04880729 0.02050000 -0.02453984
v -0.05489228 0.02050000 0.02304370
v -0.04880729 0.02050000 -0.02453984
v -0.04982816 0.02050000 -0.02440131
v -0.05994356 0.02050000 -0.02038782
v -0.06085747 0.02050000 -0.01973160
v -0.05489228 0.02050000 0.02304370
v -0.05489228 0.02050000 0.02304370
v -0.06085747 0.02050000 -0.01973160
v -0.06231107 0.02050000 -0.01854805
v -0.05489228 0.02050000 0.02304370
v -0.06231107 0.02050000 -0.01854805
v -0.06277904 0.02050000 -0.01812590
v -0.06785527 0.02050000 -0.01150807
v -0.05489228 0.02050000 0.02304370
v -0.06747478 0.02050000 -0.01220346
v -0.06747478 0.02050000 -0.01220346
v -0.05489228 0.02050000 0.02304370
v -0.06629653 0.02050000 -0.01407581
v -0.06785527 0.02050000 -0.01150807
v -0.06873751 0.02050000 -0.00964789
v -0.05489228 0.02050000 0.02304370
v -0.05489228 0.02050000 0.02304370
v -0.06873751 0.02050000 -0.00964789
v -0.06908813 0.02050000 -0.00877579
v -0.05489228 0.02050000 0.02304370
v -0.06908813 0.02050000 -0.00877579
v -0.06959891 0.02050000 -0.00729228
v -0.06277904 0.02050000 -0.01812590
v -0.06444192 0.02050000 -0.01643112
v -0.05489228 0.02050000 0.02304370
v -0.05489228 0.02050000 0.02304370
v -0.06444192 0.02050000 -0.01643112
v -0.06611185 0.02050000 -0.01433840
v -0.05489228 0.02050000 0.02304370
v -0.06611185 0.02050000 -0.01433840
v -0.06629653 0.02050000 -0.01407581
v -0.07021261 0.02050000 0.00488210
v -0.06959955 0.02050000 0.00729016
v -0.06111896 0.02050000 0.01953192
v -0.06111896 0.02050000 0.01953192
v -0.06959955 0.02050000 0.00729016
v -0.06873862 0.02050000 0.00964529
v -0.06111896 0.02050000 0.01953192
v -0.06873862 0.02050000 0.00964529
v -0.06302068 0.02050000 0.01789923
v -0.06763651 0.02050000 0.01191434
v -0.06630319 0.02050000 0.01406621
v -0.06873862 0.02050000 0.00964529
v -0.06873862 0.02050000 0.00964529
v -0.06630319 0.02050000 0.01406621
v -0.06475738 0.02050000 0.01606995
v -0.06873862 0.02050000 0.00964529
v -0.06475738 0.02050000 0.01606995
v -0.06302068 0.02050000 0.01789923
v -0.05228752 -0.02250000 0.02388619
v -0.05465766 -0.02250000 0.02313290
v -0.03556126 -0.02249998 -0.02238577
v -0.03556126 -0.02249998 -0.02238577
v -0.05465766 -0.02250000 0.02313290
v -0.03741273 -0.02250000 -0.02315922
v -0.06747004 -0.02250000 0.01221180
v -0.06763650 -0.02250000 0.01191437
v -0.06763651 -0.02250000 -0.01191434
v -0.03395538 -0.02250000 -0.02168830
v -0.03395538 -0.02250000 0.02164796
v -0.03556126 -0.02249998 -0.02238577
v -0.03556126 -0.02249998 -0.02238577
v -0.03395538 -0.02250000 0.02164796
v -0.03556137 -0.02249998 0.02238585
v -0.03556126 -0.02249998 -0.02238577
v -0.03556137 -0.02249998 0.02238585
v -0.03741269 -0.02250000 0.02315920
v -0.06085127 -0.02250000 -0.01973626
v -0.05906160 -0.02250000 -0.02096388
v -0.05465766 -0.02250000 0.02313290
v -0.07021260 -0.02250000 0.00488211
v -0.07057780 -0.02250000 0.00245179
v -0.06763651 -0.02250000 -0.01191434
v -0.06763651 -0.02250000 -0.01191434
v -0.07057780 -0.02250000 0.00245179
v -0.07070000 -0.02250000 -0.00000001
v -0.06763651 -0.02250000 -0.01191434
v -0.07070000 -0.02250000 -0.00000001
v -0.07057781 -0.02250000 -0.00245176
v -0.05691474 -0.02250000 0.02215733
v -0.05906155 -0.02250000 0.02096391
v -0.06763651 -0.02250000 -0.01191434
v -0.06763651 -0.02250000 -0.01191434
v -0.05906155 -0.02250000 0.02096391
v -0.06085131 -0.02250000 0.01973623
v -0.06763651 -0.02250000 -0.01191434
v -0.06085131 -0.02250000 0.01973623
v -0.06277294 -0.02250000 0.01813154
v -0.06763650 -0.02250000 0.01191437
v -0.06873859 -0.02250000 0.00964537
v -0.06763651 -0.02250000 -0.01191434
v -0.06763651 -0.02250000 -0.01191434
v -0.06873859 -0.02250000 0.00964537
v -0.06959956 -0.02250000 0.00729016
v -0.06763651 -0.02250000 -0.01191434
v -0.06959956 -0.02250000 0.00729016
v -0.07021260 -0.02250000 0.00488211
v -0.07057781 -0.02250000 -0.00245176
v -0.07021261 -0.02250000 -0.00488210
v -0.06763651 -0.02250000 -0.01191434
v -0.06763651 -0.02250000 -0.01191434
v -0.07021261 -0.02250000 -0.00488210
v -0.06959955 -0.02250000 -0.00729016
v -0.06763651 -0.02250000 -0.01191434
v -0.06959955 -0.02250000 -0.00729016
v -0.06873862 -0.02250000 -0.00964529
v -0.05691474 -0.02250000 0.02215733
v -0.06763651 -0.02250000 -0.01191434
v -0.05465766 -0.02250000 0.02313290
v -0.05465766 -0.02250000 0.02313290
v -0.06763651 -0.02250000 -0.01191434
v -0.06746999 -0.02250000 -0.01221186
v -0.05465766 -0.02250000 0.02313290
v -0.06746999 -0.02250000 -0.01221186
v -0.06610642 -0.02250000 -0.01434602
v -0.05906160 -0.02250000 -0.02096388
v -0.05691470 -0.02250000 -0.02215736
v -0.05465766 -0.02250000 0.02313290
v -0.05465766 -0.02250000 0.02313290
v -0.05691470 -0.02250000 -0.02215736
v -0.05465762 -0.02250000 -0.02313291
v -0.05465766 -0.02250000 0.02313290
v -0.05465762 -0.02250000 -0.02313291
v -0.05228753 -0.02250000 -0.02388618
v -0.03741269 -0.02250000 0.02315920
v -0.03980207 -0.02250000 0.02390970
v -0.03556126 -0.02249998 -0.02238577
v -0.03556126 -0.02249998 -0.02238577
v -0.03980207 -0.02250000 0.02390970
v -0.04227171 -0.02250000 0.02441688
v -0.03556126 -0.02249998 -0.02238577
v -0.04227171 -0.02250000 0.02441688
v -0.04478947 -0.02250000 0.02467000
v -0.04478947 -0.02250000 0.02467000
v -0.04732106 -0.02250000 0.02466462
v -0.03556126 -0.02249998 -0.02238577
v -0.03556126 -0.02249998 -0.02238577
v -0.04732106 -0.02250000 0.02466462
v -0.04983086 -0.02250000 0.02440089
v -0.03556126 -0.02249998 -0.02238577
v -0.04983086 -0.02250000 0.02440089
v -0.05228752 -0.02250000 0.02388619
v -0.06277294 -0.02250000 0.01813154
v -0.06453362 -0.02250000 0.01632759
v -0.06763651 -0.02250000 -0.01191434
v -0.06763651 -0.02250000 -0.01191434
v -0.06453362 -0.02250000 0.01632759
v -0.06610648 -0.02250000 0.01434593
v -0.06763651 -0.02250000 -0.01191434
v -0.06610648 -0.02250000 0.01434593
v -0.06747004 -0.02250000 0.01221180
v -0.06610642 -0.02250000 -0.01434602
v -0.06453357 -0.02250000 -0.01632763
v -0.05465766 -0.02250000 0.02313290
v -0.05465766 -0.02250000 0.02313290
v -0.06453357 -0.02250000 -0.01632763
v -0.06277286 -0.02250000 -0.01813161
v -0.05465766 -0.02250000 0.02313290
v -0.06277286 -0.02250000 -0.01813161
v -0.06085127 -0.02250000 -0.01973626
v -0.05228753 -0.02250000 -0.02388618
v -0.04983094 -0.02250000 -0.02440087
v -0.05465766 -0.02250000 0.02313290
v -0.05465766 -0.02250000 0.02313290
v -0.04983094 -0.02250000 -0.02440087
v -0.04732111 -0.02250000 -0.02466462
v -0.05465766 -0.02250000 0.02313290
v -0.04732111 -0.02250000 -0.02466462
v -0.04478949 -0.02250000 -0.02467000
v -0.04478949 -0.02250000 -0.02467000
v -0.04227171 -0.02250000 -0.02441688
v -0.05465766 -0.02250000 0.02313290
v -0.05465766 -0.02250000 0.02313290
v -0.04227171 -0.02250000 -0.02441688
v -0.03980206 -0.02250000 -0.02390969
v -0.05465766 -0.02250000 0.02313290
v -0.03980206 -0.02250000 -0.02390969
v -0.03741273 -0.02250000 -0.02315922
v -0.01204461 -0.02582978 -0.01870000
v -0.01204463 -0.02582976 0.01670003
v -0.01248121 -0.02562845 0.01670010
v -0.01204461 -0.02582978 -0.01870000
v -0.01248121 -0.02562845 0.01670010
v -0.01376968 -0.02508909 -0.01870172
v -0.01376968 -0.02508909 -0.01870172
v -0.01248121 -0.02562845 0.01670010
v -0.01444100 -0.02478840 0.01670964
v -0.01376968 -0.02508909 -0.01870172
v -0.01444100 -0.02478840 0.01670964
v -0.01497018 -0.02464502 -0.01870820
v -0.01497018 -0.02464502 -0.01870820
v -0.01444100 -0.02478840 0.01670964
v -0.01553438 -0.02445533 -0.01871381
v -0.01553438 -0.02445533 -0.01871381
v -0.01444100 -0.02478840 0.01670964
v -0.01528331 -0.02446462 0.01672420
v -0.01553438 -0.02445533 -0.01871381
v -0.01528331 -0.02446462 0.01672420
v -0.01734075 -0.02392478 -0.01874712
v -0.01528331 -0.02446462 0.01672420
v -0.01622349 -0.02413386 0.01675305
v -0.01734075 -0.02392478 -0.01874712
v -0.01734075 -0.02392478 -0.01874712
v -0.01622349 -0.02413386 0.01675305
v -0.01740199 -0.02376847 0.01681405
v -0.01734075 -0.02392478 -0.01874712
v -0.01740199 -0.02376847 0.01681405
v -0.01787283 -0.02378961 -0.01876236
v -0.01787283 -0.02378961 -0.01876236
v -0.01740199 -0.02376847 0.01681405
v -0.01789852 -0.02363165 0.01684958
v -0.01787283 -0.02378961 -0.01876236
v -0.01789852 -0.02363165 0.01684958
v -0.01919276 -0.02349268 -0.01881319
v -0.01789852 -0.02363165 0.01684958
v -0.01913167 -0.02333587 0.01696713
v -0.01919276 -0.02349268 -0.01881319
v -0.01919276 -0.02349268 -0.01881319
v -0.01913167 -0.02333587 0.01696713
v -0.02062297 -0.02305810 0.01717152
v -0.01919276 -0.02349268 -0.01881319
v -0.02062297 -0.02305810 0.01717152
v -0.02109349 -0.02315299 -0.01892551
v -0.02427039 -0.02267175 0.01797057
v -0.02510839 -0.02262487 0.01821153
v -0.02408761 -0.02279410 -0.01921962
v -0.02408761 -0.02279410 -0.01921962
v -0.02510839 -0.02262487 0.01821153
v -0.02608247 -0.02258358 0.01851532
v -0.02408761 -0.02279410 -0.01921962
v -0.02608247 -0.02258358 0.01851532
v -0.02610635 -0.02264841 -0.01951629
v -0.02109349 -0.02315299 -0.01892551
v -0.02062297 -0.02305810 0.01717152
v -0.02207366 -0.02301390 -0.01900460
v -0.02207366 -0.02301390 -0.01900460
v -0.02062297 -0.02305810 0.01717152
v -0.02212456 -0.02285598 0.01744935
v -0.02207366 -0.02301390 -0.01900460
v -0.02212456 -0.02285598 0.01744935
v -0.02300905 -0.02290148 -0.01909520
v -0.02300905 -0.02290148 -0.01909520
v -0.02212456 -0.02285598 0.01744935
v -0.02310112 -0.02275906 0.01766880
v -0.02300905 -0.02290148 -0.01909520
v -0.02310112 -0.02275906 0.01766880
v -0.02408761 -0.02279410 -0.01921962
v -0.02408761 -0.02279410 -0.01921962
v -0.02310112 -0.02275906 0.01766880
v -0.02364236 -0.02271514 0.01780332
v -0.02408761 -0.02279410 -0.01921962
v -0.02364236 -0.02271514 0.01780332
v -0.02427039 -0.02267175 0.01797057
v -0.02610635 -0.02264841 -0.01951629
v -0.02608247 -0.02258358 0.01851532
v -0.02721407 -0.02259431 -0.01971803
v -0.02721407 -0.02259431 -0.01971803
v -0.02608247 -0.02258358 0.01851532
v -0.02795321 -0.02253402 0.01916146
v -0.02721407 -0.02259431 -0.01971803
v -0.02795321 -0.02253402 0.01916146
v -0.02803026 -0.02256422 -0.01988581
v -0.02803026 -0.02256422 -0.01988581
v -0.02795321 -0.02253402 0.01916146
v -0.02865792 -0.02254602 -0.02002650
v -0.02865792 -0.02254602 -0.02002650
v -0.02795321 -0.02253402 0.01916146
v -0.02867463 -0.02252258 0.01943034
v -0.02865792 -0.02254602 -0.02002650
v -0.02867463 -0.02252258 0.01943034
v -0.02993316 -0.02252028 -0.02034610
v -0.02993316 -0.02252028 -0.02034610
v -0.02867463 -0.02252258 0.01943034
v -0.02988526 -0.02251004 0.01990320
v -0.02993316 -0.02252028 -0.02034610
v -0.02988526 -0.02251004 0.01990320
v -0.03188397 -0.02250138 0.02073416
v -0.03395538 -0.02250000 -0.02168830
v -0.03360757 -0.02250001 -0.02155026
v -0.03395538 -0.02250000 0.02164796
v -0.03395538 -0.02250000 0.02164796
v -0.03360757 -0.02250001 -0.02155026
v -0.03303059 -0.02250025 -0.02133109
v -0.03395538 -0.02250000 0.02164796
v -0.03303059 -0.02250025 -0.02133109
v -0.03188397 -0.02250138 0.02073416
v -0.03188397 -0.02250138 0.02073416
v -0.03303059 -0.02250025 -0.02133109
v -0.03179348 -0.02250319 -0.02090025
v -0.03188397 -0.02250138 0.02073416
v -0.03179348 -0.02250319 -0.02090025
v -0.02993316 -0.02252028 -0.02034610
v -0.01204463 0.02582979 0.01670003
v -0.01204464 0.02582976 -0.01870001
v -0.01324483 0.02527250 0.01670455
v -0.01324483 0.02527250 0.01670455
v -0.01204464 0.02582976 -0.01870001
v -0.01419864 0.02484449 -0.01870106
v -0.01324483 0.02527250 0.01670455
v -0.01419864 0.02484449 -0.01870106
v -0.01484389 0.02454158 0.01672974
v -0.01742863 0.02346214 -0.01871796
v -0.01772793 0.02329051 0.01686187
v -0.01721335 0.02350456 0.01682739
v -0.01484389 0.02454158 0.01672974
v -0.01419864 0.02484449 -0.01870106
v -0.01721335 0.02350456 0.01682739
v -0.01721335 0.02350456 0.01682739
v -0.01419864 0.02484449 -0.01870106
v -0.01625990 0.02394619 -0.01870794
v -0.01721335 0.02350456 0.01682739
v -0.01625990 0.02394619 -0.01870794
v -0.01742863 0.02346214 -0.01871796
v -0.01772793 0.02329051 0.01686187
v -0.01742863 0.02346214 -0.01871796
v -0.01905168 0.02276569 0.01697794
v -0.01905168 0.02276569 0.01697794
v -0.01742863 0.02346214 -0.01871796
v -0.01823586 0.02314090 -0.01872916
v -0.01905168 0.02276569 0.01697794
v -0.01823586 0.02314090 -0.01872916
v -0.02013599 0.02243592 -0.01877573
v -0.02196957 0.02183965 -0.01885943
v -0.02067440 0.02218586 0.01718196
v -0.02013599 0.02243592 -0.01877573
v -0.02013599 0.02243592 -0.01877573
v -0.02067440 0.02218586 0.01718196
v -0.02025261 0.02232886 0.01712175
v -0.02013599 0.02243592 -0.01877573
v -0.02025261 0.02232886 0.01712175
v -0.01905168 0.02276569 0.01697794
v -0.02305585 0.02149517 0.01762822
v -0.02218248 0.02172437 0.01744315
v -0.02296601 0.02155738 -0.01892783
v -0.02296601 0.02155738 -0.01892783
v -0.02218248 0.02172437 0.01744315
v -0.02067440 0.02218586 0.01718196
v -0.02296601 0.02155738 -0.01892783
v -0.02067440 0.02218586 0.01718196
v -0.02226180 0.02175359 -0.01887754
v -0.02226180 0.02175359 -0.01887754
v -0.02067440 0.02218586 0.01718196
v -0.02196957 0.02183965 -0.01885943
v -0.02305585 0.02149517 0.01762822
v -0.02296601 0.02155738 -0.01892783
v -0.02366560 0.02135205 0.01777232
v -0.02366560 0.02135205 0.01777232
v -0.02296601 0.02155738 -0.01892783
v -0.02377188 0.02135321 -0.01899833
v -0.02366560 0.02135205 0.01777232
v -0.02377188 0.02135321 -0.01899833
v -0.02448428 0.02118172 0.01798467
v -0.02448428 0.02118172 0.01798467
v -0.02377188 0.02135321 -0.01899833
v -0.02527129 0.02103521 -0.01917263
v -0.02448428 0.02118172 0.01798467
v -0.02527129 0.02103521 -0.01917263
v -0.02586086 0.02094889 0.01838947
v -0.02586086 0.02094889 0.01838947
v -0.02527129 0.02103521 -0.01917263
v -0.02598813 0.02093057 0.01842981
v -0.02598813 0.02093057 0.01842981
v -0.02527129 0.02103521 -0.01917263
v -0.02676710 0.02080089 -0.01941209
v -0.02598813 0.02093057 0.01842981
v -0.02676710 0.02080089 -0.01941209
v -0.02750887 0.02074930 0.01894736
v -0.02750887 0.02074930 0.01894736
v -0.02676710 0.02080089 -0.01941209
v -0.02742901 0.02072283 -0.01954190
v -0.02750887 0.02074930 0.01894736
v -0.02742901 0.02072283 -0.01954190
v -0.02905749 0.02062646 0.01953287
v -0.02742901 0.02072283 -0.01954190
v -0.02801389 0.02066617 -0.01966960
v -0.02905749 0.02062646 0.01953287
v -0.02905749 0.02062646 0.01953287
v -0.02801389 0.02066617 -0.01966960
v -0.02968995 0.02055900 -0.02010592
v -0.02905749 0.02062646 0.01953287
v -0.02968995 0.02055900 -0.02010592
v -0.02973137 0.02058887 0.01980285
v -0.02973137 0.02058887 0.01980285
v -0.02968995 0.02055900 -0.02010592
v -0.03145216 0.02051166 -0.02067650
v -0.02973137 0.02058887 0.01980285
v -0.03145216 0.02051166 -0.02067650
v -0.03064335 0.02055065 0.02018079
v -0.03064335 0.02055065 0.02018079
v -0.03145216 0.02051166 -0.02067650
v -0.03227341 0.02051144 0.02088664
v -0.03227341 0.02051144 0.02088664
v -0.03145216 0.02051166 -0.02067650
v -0.03230363 0.02050350 -0.02099092
v -0.03227341 0.02051144 0.02088664
v -0.03230363 0.02050350 -0.02099092
v -0.03395538 0.02050000 0.02164382
v -0.03395538 0.02050000 0.02164382
v -0.03230363 0.02050350 -0.02099092
v -0.03334368 0.02050023 -0.02140589
v -0.03395538 0.02050000 0.02164382
v -0.03334368 0.02050023 -0.02140589
v -0.03395538 0.02050000 -0.02166427
v -0.00320751 -0.02449067 0.02050000
v -0.00375573 -0.02441269 0.02050000
v -0.00433349 -0.02816861 0.01670018
v 0.02454538 -0.01448358 0.01670027
v 0.02491763 -0.01383336 0.01670033
v 0.02159538 -0.01198899 0.02050000
v 0.02159538 -0.01198899 0.02050000
v 0.02491763 -0.01383336 0.01670033
v 0.02184029 -0.01153672 0.02050000
v 0.02457347 -0.00249620 0.02050000
v 0.02842557 -0.00205833 0.01670016
v 0.02470014 -0.00000001 0.02050000
v 0.02470014 -0.00000001 0.02050000
v 0.02842557 -0.00205833 0.01670016
v 0.02849846 -0.00029667 0.01670018
v 0.02470014 -0.00000001 0.02050000
v 0.02849846 -0.00029667 0.01670018
v 0.02850000 0.00000000 0.01670014
v 0.02356697 -0.00739521 0.02050000
v 0.02747337 -0.00758050 0.01670031
v 0.02397491 -0.00594145 0.02050000
v 0.02397491 -0.00594145 0.02050000
v 0.02747337 -0.00758050 0.01670031
v 0.02755780 -0.00726759 0.01670033
v 0.02397491 -0.00594145 0.02050000
v 0.02755780 -0.00726759 0.01670033
v 0.02419515 -0.00496866 0.02050000
v 0.02419515 -0.00496866 0.02050000
v 0.02755780 -0.00726759 0.01670033
v 0.02795528 -0.00554550 0.01670020
v 0.02419515 -0.00496866 0.02050000
v 0.02795528 -0.00554550 0.01670020
v 0.02451808 -0.00299155 0.02050000
v 0.02451808 -0.00299155 0.02050000
v 0.02795528 -0.00554550 0.01670020
v 0.02824439 -0.00380849 0.01670009
v 0.02451808 -0.00299155 0.02050000
v 0.02824439 -0.00380849 0.01670009
v 0.02457347 -0.00249620 0.02050000
v 0.02457347 -0.00249620 0.02050000
v 0.02824439 -0.00380849 0.01670009
v 0.02835409 -0.00288021 0.01670011
v 0.02457347 -0.00249620 0.02050000
v 0.02835409 -0.00288021 0.01670011
v 0.02842557 -0.00205833 0.01670016
v 0.02307713 -0.00880504 0.02050000
v 0.02705066 -0.00897284 0.01670016
v 0.02356697 -0.00739521 0.02050000
v 0.02356697 -0.00739521 0.02050000
v 0.02705066 -0.00897284 0.01670016
v 0.02719259 -0.00853306 0.01670021
v 0.02356697 -0.00739521 0.02050000
v 0.02719259 -0.00853306 0.01670021
v 0.02747337 -0.00758050 0.01670031
v 0.02269780 -0.00974130 0.02050000
v 0.02620749 -0.01119899 0.01670008
v 0.02307713 -0.00880504 0.02050000
v 0.02307713 -0.00880504 0.02050000
v 0.02620749 -0.01119899 0.01670008
v 0.02679401 -0.00971243 0.01670009
v 0.02307713 -0.00880504 0.02050000
v 0.02679401 -0.00971243 0.01670009
v 0.02705066 -0.00897284 0.01670016
v 0.02491763 -0.01383336 0.01670033
v 0.02539305 -0.01293998 0.01670028
v 0.02184029 -0.01153672 0.02050000
v 0.02184029 -0.01153672 0.02050000
v 0.02539305 -0.01293998 0.01670028
v 0.02614284 -0.01134910 0.01670009
v 0.02184029 -0.01153672 0.02050000
v 0.02614284 -0.01134910 0.01670009
v 0.02269780 -0.00974130 0.02050000
v 0.02269780 -0.00974130 0.02050000
v 0.02614284 -0.01134910 0.01670009
v 0.02618993 -0.01124001 0.01670008
v 0.02269780 -0.00974130 0.02050000
v 0.02618993 -0.01124001 0.01670008
v 0.02620749 -0.01119899 0.01670008
v 0.02027890 -0.01410139 0.02050000
v 0.02359986 -0.01597801 0.01670007
v 0.02159538 -0.01198899 0.02050000
v 0.02159538 -0.01198899 0.02050000
v 0.02359986 -0.01597801 0.01670007
v 0.02446744 -0.01461487 0.01670025
v 0.02159538 -0.01198899 0.02050000
v 0.02446744 -0.01461487 0.01670025
v 0.02454538 -0.01448358 0.01670027
v 0.01873929 -0.01609121 0.02050000
v 0.02162234 -0.01856675 0.01670022
v 0.02206873 -0.01803389 0.01670014
v 0.02206873 -0.01803389 0.01670014
v 0.02228471 -0.01776631 0.01670010
v 0.01873929 -0.01609121 0.02050000
v 0.01873929 -0.01609121 0.02050000
v 0.02228471 -0.01776631 0.01670010
v 0.02255572 -0.01742095 0.01670007
v 0.01873929 -0.01609121 0.02050000
v 0.02255572 -0.01742095 0.01670007
v 0.02027890 -0.01410139 0.02050000
v 0.02027890 -0.01410139 0.02050000
v 0.02255572 -0.01742095 0.01670007
v 0.02339004 -0.01628362 0.01670005
v 0.02027890 -0.01410139 0.02050000
v 0.02339004 -0.01628362 0.01670005
v 0.02359986 -0.01597801 0.01670007
v 0.02162234 -0.01856675 0.01670022
v 0.01873929 -0.01609121 0.02050000
v 0.02091252 -0.01936276 0.01670031
v 0.02091252 -0.01936276 0.01670031
v 0.01873929 -0.01609121 0.02050000
v 0.01842152 -0.01645415 0.02050000
v 0.02091252 -0.01936276 0.01670031
v 0.01842152 -0.01645415 0.02050000
v 0.01967841 -0.02061578 0.01670017
v 0.01967841 -0.02061578 0.01670017
v 0.01842152 -0.01645415 0.02050000
v 0.01701188 -0.01790772 0.02050000
v 0.01967841 -0.02061578 0.01670017
v 0.01701188 -0.01790772 0.02050000
v 0.01962908 -0.02066275 0.01670017
v 0.01962908 -0.02066275 0.01670017
v 0.01701188 -0.01790772 0.02050000
v 0.01836758 -0.02179178 0.01670002
v 0.01836758 -0.02179178 0.01670002
v 0.01701188 -0.01790772 0.02050000
v 0.01628795 -0.01856845 0.02050000
v 0.01836758 -0.02179178 0.01670002
v 0.01628795 -0.01856845 0.02050000
v 0.01743819 -0.02254239 0.01670006
v 0.01743819 -0.02254239 0.01670006
v 0.01628795 -0.01856845 0.02050000
v 0.01511305 -0.01953660 0.02050000
v 0.01743819 -0.02254239 0.01670006
v 0.01511305 -0.01953660 0.02050000
v 0.01698069 -0.02288900 0.01670011
v 0.01698069 -0.02288900 0.01670011
v 0.01511305 -0.01953660 0.02050000
v 0.01675644 -0.02305367 0.01670014
v 0.01675644 -0.02305367 0.01670014
v 0.01511305 -0.01953660 0.02050000
v 0.01391855 -0.02040500 0.02050000
v 0.01675644 -0.02305367 0.01670014
v 0.01391855 -0.02040500 0.02050000
v 0.01551779 -0.02390498 0.01670030
v 0.01551779 -0.02390498 0.01670030
v 0.01391855 -0.02040500 0.02050000
v 0.01507104 -0.02418913 0.01670029
v 0.01507104 -0.02418913 0.01670029
v 0.01391855 -0.02040500 0.02050000
v 0.01306162 -0.02096395 0.02050000
v 0.01507104 -0.02418913 0.01670029
v 0.01306162 -0.02096395 0.02050000
v 0.01485537 -0.02432217 0.01670028
v 0.01485537 -0.02432217 0.01670028
v 0.01306162 -0.02096395 0.02050000
v 0.01134554 -0.02193998 0.02050000
v 0.01485537 -0.02432217 0.01670028
v 0.01134554 -0.02193998 0.02050000
v 0.01351092 -0.02509392 0.01670009
v 0.01002096 -0.02668015 0.01670019
v 0.01011898 -0.02664313 0.01670018
v 0.00860369 -0.02315309 0.02050000
v 0.00860369 -0.02315309 0.02050000
v 0.01011898 -0.02664313 0.01670018
v 0.01174517 -0.02596730 0.01670001
v 0.00860369 -0.02315309 0.02050000
v 0.01174517 -0.02596730 0.01670001
v 0.01087367 -0.02217759 0.02050000
v 0.01087367 -0.02217759 0.02050000
v 0.01174517 -0.02596730 0.01670001
v 0.01254662 -0.02558969 0.01670001
v 0.01087367 -0.02217759 0.02050000
v 0.01254662 -0.02558969 0.01670001
v 0.01134554 -0.02193998 0.02050000
v 0.01134554 -0.02193998 0.02050000
v 0.01254662 -0.02558969 0.01670001
v 0.01332447 -0.02519342 0.01670007
v 0.01134554 -0.02193998 0.02050000
v 0.01332447 -0.02519342 0.01670007
v 0.01351092 -0.02509392 0.01670009
v 0.00572968 -0.02402607 0.02050000
v 0.00673036 -0.02769390 0.01670006
v 0.00618168 -0.02391382 0.02050000
v 0.00618168 -0.02391382 0.02050000
v 0.00673036 -0.02769390 0.01670006
v 0.00844709 -0.02721942 0.01670026
v 0.00618168 -0.02391382 0.02050000
v 0.00844709 -0.02721942 0.01670026
v 0.00860369 -0.02315309 0.02050000
v 0.00860369 -0.02315309 0.02050000
v 0.00844709 -0.02721942 0.01670026
v 0.00989185 -0.02672829 0.01670020
v 0.00860369 -0.02315309 0.02050000
v 0.00989185 -0.02672829 0.01670020
v 0.01002096 -0.02668015 0.01670019
v 0.00373127 -0.02441635 0.02050000
v 0.00596718 -0.02786831 0.01670000
v 0.00572968 -0.02402607 0.02050000
v 0.00572968 -0.02402607 0.02050000
v 0.00596718 -0.02786831 0.01670000
v 0.00634969 -0.02778365 0.01670003
v 0.00572968 -0.02402607 0.02050000
v 0.00634969 -0.02778365 0.01670003
v 0.00673036 -0.02769390 0.01670006
v -0.00021682 -0.02469884 0.02050000
v 0.00072955 -0.02849066 0.01670017
v 0.00123672 -0.02466901 0.02050000
v 0.00123672 -0.02466901 0.02050000
v 0.00072955 -0.02849066 0.01670017
v 0.00142698 -0.02846425 0.01670024
v 0.00123672 -0.02466901 0.02050000
v 0.00142698 -0.02846425 0.01670024
v 0.00277637 -0.02454339 0.02050000
v 0.00277637 -0.02454339 0.02050000
v 0.00142698 -0.02846425 0.01670024
v 0.00248777 -0.02839121 0.01670023
v 0.00277637 -0.02454339 0.02050000
v 0.00248777 -0.02839121 0.01670023
v 0.00373127 -0.02441635 0.02050000
v 0.00373127 -0.02441635 0.02050000
v 0.00248777 -0.02839121 0.01670023
v 0.00423420 -0.02818371 0.01670004
v 0.00373127 -0.02441635 0.02050000
v 0.00423420 -0.02818371 0.01670004
v 0.00596718 -0.02786831 0.01670000
v -0.00433349 -0.02816861 0.01670018
v -0.00359375 -0.02827251 0.01670009
v -0.00320751 -0.02449067 0.02050000
v -0.00320751 -0.02449067 0.02050000
v -0.00359375 -0.02827251 0.01670009
v -0.00281587 -0.02836055 0.01670002
v -0.00320751 -0.02449067 0.02050000
v -0.00281587 -0.02836055 0.01670002
v -0.00126459 -0.02466730 0.02050000
v -0.00126459 -0.02466730 0.02050000
v -0.00281587 -0.02836055 0.01670002
v -0.00126900 -0.02847173 0.01669998
v -0.00126459 -0.02466730 0.02050000
v -0.00126900 -0.02847173 0.01669998
v -0.00021682 -0.02469884 0.02050000
v -0.00021682 -0.02469884 0.02050000
v -0.00126900 -0.02847173 0.01669998
v -0.00103886 -0.02848106 0.01669999
v -0.00021682 -0.02469884 0.02050000
v -0.00103886 -0.02848106 0.01669999
v 0.00072955 -0.02849066 0.01670017
v -0.00615813 -0.02391998 0.02050000
v -0.00533344 -0.02799651 0.01670022
v -0.00375573 -0.02441269 0.02050000
v -0.00375573 -0.02441269 0.02050000
v -0.00533344 -0.02799651 0.01670022
v -0.00507858 -0.02804386 0.01670022
v -0.00375573 -0.02441269 0.02050000
v -0.00507858 -0.02804386 0.01670022
v -0.00433349 -0.02816861 0.01670018
v -0.01040768 -0.02653168 0.01670004
v -0.00991887 -0.02671827 0.01670001
v -0.00859635 -0.02315585 0.02050000
v -0.00859635 -0.02315585 0.02050000
v -0.00991887 -0.02671827 0.01670001
v -0.00874214 -0.02712609 0.01669996
v -0.00859635 -0.02315585 0.02050000
v -0.00874214 -0.02712609 0.01669996
v -0.00615813 -0.02391998 0.02050000
v -0.00615813 -0.02391998 0.02050000
v -0.00874214 -0.02712609 0.01669996
v -0.00705011 -0.02761423 0.01670006
v -0.00615813 -0.02391998 0.02050000
v -0.00705011 -0.02761423 0.01670006
v -0.00533344 -0.02799651 0.01670022
v -0.00859635 -0.02315585 0.02050000
v -0.00901227 -0.02299720 0.02050000
v -0.01040768 -0.02653168 0.01670004
v -0.01040768 -0.02653168 0.01670004
v -0.00901227 -0.02299720 0.02050000
v -0.00967664 -0.02272567 0.02050000
v -0.01040768 -0.02653168 0.01670004
v -0.00967664 -0.02272567 0.02050000
v -0.01204463 -0.02582976 0.01670003
v -0.01204463 -0.02582976 0.01670003
v -0.00967664 -0.02272567 0.02050000
v -0.01004579 -0.02256490 0.02050000
v -0.01004579 -0.02256490 0.02050000
v -0.01024038 -0.02247724 0.02050000
v -0.01204463 -0.02582976 0.01670003
v -0.01204463 -0.02582976 0.01670003
v -0.01024038 -0.02247724 0.02050000
v -0.01033977 -0.02243168 0.02050000
v -0.01204463 -0.02582976 0.01670003
v -0.01033977 -0.02243168 0.02050000
v -0.01038966 -0.02240860 0.02050000
v -0.01038966 -0.02240860 0.02050000
v -0.01041447 -0.02239708 0.02050000
v -0.01204463 -0.02582976 0.01670003
v -0.01204463 -0.02582976 0.01670003
v -0.01041447 -0.02239708 0.02050000
v -0.01042676 -0.02239136 0.02050000
v -0.01204463 -0.02582976 0.01670003
v -0.01042676 -0.02239136 0.02050000
v -0.01043282 -0.02238853 0.02050000
v -0.01043282 -0.02238853 0.02050000
v -0.01043581 -0.02238714 0.02050000
v -0.01204463 -0.02582976 0.01670003
v -0.01204463 -0.02582976 0.01670003
v -0.01043581 -0.02238714 0.02050000
v -0.01043872 -0.02238578 0.02049999
v -0.01204463 0.02582979 0.01670003
v -0.01043867 0.02238585 0.02050002
v -0.01177510 0.02595375 0.01670004
v -0.01177510 0.02595375 0.01670004
v -0.01043867 0.02238585 0.02050002
v -0.00859633 0.02315586 0.02050000
v -0.01177510 0.02595375 0.01670004
v -0.00859633 0.02315586 0.02050000
v -0.01014769 0.02663220 0.01670003
v -0.00678849 0.02767971 0.01670009
v -0.00809582 0.02732595 0.01669998
v -0.00620998 0.02390657 0.02050000
v -0.00620998 0.02390657 0.02050000
v -0.00809582 0.02732595 0.01669998
v -0.00848494 0.02720764 0.01669997
v -0.00620998 0.02390657 0.02050000
v -0.00848494 0.02720764 0.01669997
v -0.00859633 0.02315586 0.02050000
v -0.00859633 0.02315586 0.02050000
v -0.00848494 0.02720764 0.01669997
v -0.00991890 0.02671826 0.01670001
v -0.00859633 0.02315586 0.02050000
v -0.00991890 0.02671826 0.01670001
v -0.01014769 0.02663220 0.01670003
v -0.00678849 0.02767971 0.01670009
v -0.00620998 0.02390657 0.02050000
v -0.00505976 0.02804726 0.01670022
v -0.00505976 0.02804726 0.01670022
v -0.00620998 0.02390657 0.02050000
v -0.00375575 0.02441269 0.02050000
v -0.00505976 0.02804726 0.01670022
v -0.00375575 0.02441269 0.02050000
v -0.00446677 0.02814779 0.01670019
v -0.00446677 0.02814779 0.01670019
v -0.00375575 0.02441269 0.02050000
v -0.00329995 0.02830831 0.01670006
v -0.00329995 0.02830831 0.01670006
v -0.00375575 0.02441269 0.02050000
v -0.00126460 0.02466730 0.02050000
v -0.00329995 0.02830831 0.01670006
v -0.00126460 0.02466730 0.02050000
v -0.00252119 0.02838827 0.01669999
v 0.00142689 0.02846426 0.01670024
v 0.00099603 0.02848259 0.01670020
v 0.00123672 0.02466901 0.02050000
v 0.00123672 0.02466901 0.02050000
v 0.00099603 0.02848259 0.01670020
v -0.00076267 0.02848979 0.01670001
v 0.00123672 0.02466901 0.02050000
v -0.00076267 0.02848979 0.01670001
v -0.00126460 0.02466730 0.02050000
v -0.00126460 0.02466730 0.02050000
v -0.00076267 0.02848979 0.01670001
v -0.00145919 0.02846262 0.01669997
v -0.00126460 0.02466730 0.02050000
v -0.00145919 0.02846262 0.01669997
v -0.00252119 0.02838827 0.01669999
v 0.00373127 0.02441635 0.02050000
v 0.00295659 0.02834623 0.01670019
v 0.00123672 0.02466901 0.02050000
v 0.00123672 0.02466901 0.02050000
v 0.00295659 0.02834623 0.01670019
v 0.00275325 0.02836670 0.01670021
v 0.00123672 0.02466901 0.02050000
v 0.00275325 0.02836670 0.01670021
v 0.00142689 0.02846426 0.01670024
v 0.00701760 0.02762251 0.01670010
v 0.00662437 0.02771945 0.01670005
v 0.00618159 0.02391385 0.02050000
v 0.00618159 0.02391385 0.02050000
v 0.00662437 0.02771945 0.01670005
v 0.00625628 0.02780484 0.01670002
v 0.00618159 0.02391385 0.02050000
v 0.00625628 0.02780484 0.01670002
v 0.00373127 0.02441635 0.02050000
v 0.00373127 0.02441635 0.02050000
v 0.00625628 0.02780484 0.01670002
v 0.00450726 0.02814133 0.01670002
v 0.00373127 0.02441635 0.02050000
v 0.00450726 0.02814133 0.01670002
v 0.00295659 0.02834623 0.01670019
v 0.00701760 0.02762251 0.01670010
v 0.00618159 0.02391385 0.02050000
v 0.00871060 0.02713624 0.01670028
v 0.00871060 0.02713624 0.01670028
v 0.00618159 0.02391385 0.02050000
v 0.00857292 0.02316450 0.02050000
v 0.00871060 0.02713624 0.01670028
v 0.00857292 0.02316450 0.02050000
v 0.01017922 0.02662017 0.01670017
v 0.01087368 0.02217757 0.02050000
v 0.01198758 0.02585630 0.01670000
v 0.00857292 0.02316450 0.02050000
v 0.00857292 0.02316450 0.02050000
v 0.01198758 0.02585630 0.01670000
v 0.01036778 0.02654730 0.01670015
v 0.00857292 0.02316450 0.02050000
v 0.01036778 0.02654730 0.01670015
v 0.01017922 0.02662017 0.01670017
v 0.01306165 0.02096393 0.02050000
v 0.01356812 0.02506305 0.01670010
v 0.01087368 0.02217757 0.02050000
v 0.01087368 0.02217757 0.02050000
v 0.01356812 0.02506305 0.01670010
v 0.01254659 0.02558971 0.01670001
v 0.01087368 0.02217757 0.02050000
v 0.01254659 0.02558971 0.01670001
v 0.01198758 0.02585630 0.01670000
v 0.01720182 0.02272328 0.01670008
v 0.01671076 0.02308680 0.01670015
v 0.01511301 0.01953664 0.02050000
v 0.01511301 0.01953664 0.02050000
v 0.01671076 0.02308680 0.01670015
v 0.01576522 0.02374253 0.01670028
v 0.01511301 0.01953664 0.02050000
v 0.01576522 0.02374253 0.01670028
v 0.01306165 0.02096393 0.02050000
v 0.01306165 0.02096393 0.02050000
v 0.01576522 0.02374253 0.01670028
v 0.01510716 0.02416658 0.01670029
v 0.01306165 0.02096393 0.02050000
v 0.01510716 0.02416658 0.01670029
v 0.01356812 0.02506305 0.01670010
v 0.01720182 0.02272328 0.01670008
v 0.01511301 0.01953664 0.02050000
v 0.01857064 0.02161901 0.01670003
v 0.01857064 0.02161901 0.01670003
v 0.01511301 0.01953664 0.02050000
v 0.01701188 0.01790772 0.02050000
v 0.01857064 0.02161901 0.01670003
v 0.01701188 0.01790772 0.02050000
v 0.01957611 0.02071294 0.01670016
v 0.01873934 0.01609115 0.02050000
v 0.02109927 0.01915909 0.01670030
v 0.01701188 0.01790772 0.02050000
v 0.01701188 0.01790772 0.02050000
v 0.02109927 0.01915909 0.01670030
v 0.01987040 0.02043079 0.01670021
v 0.01701188 0.01790772 0.02050000
v 0.01987040 0.02043079 0.01670021
v 0.01957611 0.02071294 0.01670016
v 0.02225482 0.01780373 0.01670011
v 0.02210777 0.01798601 0.01670013
v 0.01873934 0.01609115 0.02050000
v 0.01873934 0.01609115 0.02050000
v 0.02210777 0.01798601 0.01670013
v 0.02162230 0.01856680 0.01670022
v 0.01873934 0.01609115 0.02050000
v 0.02162230 0.01856680 0.01670022
v 0.02109927 0.01915909 0.01670030
v 0.02225482 0.01780373 0.01670011
v 0.01873934 0.01609115 0.02050000
v 0.02273542 0.01718577 0.01670005
v 0.02273542 0.01718577 0.01670005
v 0.01873934 0.01609115 0.02050000
v 0.02027129 0.01411232 0.02050000
v 0.02273542 0.01718577 0.01670005
v 0.02027129 0.01411232 0.02050000
v 0.02339005 0.01628360 0.01670005
v 0.02491761 0.01383340 0.01670033
v 0.02467980 0.01425334 0.01670030
v 0.02159538 0.01198896 0.02050000
v 0.02159538 0.01198896 0.02050000
v 0.02467980 0.01425334 0.01670030
v 0.02426258 0.01495250 0.01670021
v 0.02159538 0.01198896 0.02050000
v 0.02426258 0.01495250 0.01670021
v 0.02027129 0.01411232 0.02050000
v 0.02027129 0.01411232 0.02050000
v 0.02426258 0.01495250 0.01670021
v 0.02375366 0.01574845 0.01670010
v 0.02027129 0.01411232 0.02050000
v 0.02375366 0.01574845 0.01670010
v 0.02339005 0.01628360 0.01670005
v 0.02491761 0.01383340 0.01670033
v 0.02159538 0.01198896 0.02050000
v 0.02551298 0.01270188 0.01670025
v 0.02551298 0.01270188 0.01670025
v 0.02159538 0.01198896 0.02050000
v 0.02269775 0.00974141 0.02050000
v 0.02551298 0.01270188 0.01670025
v 0.02269775 0.00974141 0.02050000
v 0.02600382 0.01166411 0.01670012
v 0.02730180 0.00817690 0.01670026
v 0.02714238 0.00869144 0.01670020
v 0.02356691 0.00739538 0.02050000
v 0.02356691 0.00739538 0.02050000
v 0.02714238 0.00869144 0.01670020
v 0.02689342 0.00943365 0.01670011
v 0.02356691 0.00739538 0.02050000
v 0.02689342 0.00943365 0.01670011
v 0.02269775 0.00974141 0.02050000
v 0.02269775 0.00974141 0.02050000
v 0.02689342 0.00943365 0.01670011
v 0.02625164 0.01109510 0.01670007
v 0.02269775 0.00974141 0.02050000
v 0.02625164 0.01109510 0.01670007
v 0.02600382 0.01166411 0.01670012
v 0.02730180 0.00817690 0.01670026
v 0.02356691 0.00739538 0.02050000
v 0.02762746 0.00699811 0.01670033
v 0.02762746 0.00699811 0.01670033
v 0.02356691 0.00739538 0.02050000
v 0.02419512 0.00496875 0.02050000
v 0.02762746 0.00699811 0.01670033
v 0.02419512 0.00496875 0.02050000
v 0.02800650 0.00528072 0.01670018
v 0.02800650 0.00528072 0.01670018
v 0.02419512 0.00496875 0.02050000
v 0.02827918 0.00354092 0.01670009
v 0.02827918 0.00354092 0.01670009
v 0.02419512 0.00496875 0.02050000
v 0.02457345 0.00249630 0.02050000
v 0.02827918 0.00354092 0.01670009
v 0.02457345 0.00249630 0.02050000
v 0.02835408 0.00288034 0.01670011
v 0.02835408 0.00288034 0.01670011
v 0.02457345 0.00249630 0.02050000
v 0.02844435 0.00178022 0.01670017
v 0.02844435 0.00178022 0.01670017
v 0.02457345 0.00249630 0.02050000
v 0.02470014 -0.00000001 0.02050000
v 0.02844435 0.00178022 0.01670017
v 0.02470014 -0.00000001 0.02050000
v 0.02850000 0.00000000 0.01670014
v -0.01163449 -0.02495028 -0.01967042
v -0.01043874 -0.02238577 -0.02249998
v -0.00858731 -0.02315920 -0.02250000
v -0.01177508 -0.02595376 -0.01869994
v -0.01204461 -0.02582978 -0.01870000
v -0.01163449 -0.02495028 -0.01967042
v -0.01177508 -0.02595376 -0.01869994
v -0.01163449 -0.02495028 -0.01967042
v -0.01014767 -0.02663221 -0.01869996
v -0.01014767 -0.02663221 -0.01869996
v -0.01163449 -0.02495028 -0.01967042
v -0.00983664 -0.02674866 -0.01869999
v -0.00983664 -0.02674866 -0.01869999
v -0.01163449 -0.02495028 -0.01967042
v -0.00858731 -0.02315920 -0.02250000
v -0.00983664 -0.02674866 -0.01869999
v -0.00858731 -0.02315920 -0.02250000
v -0.00879627 -0.02710859 -0.01870006
v -0.00879627 -0.02710859 -0.01870006
v -0.00858731 -0.02315920 -0.02250000
v -0.00848492 -0.02720765 -0.01870006
v -0.00848492 -0.02720765 -0.01870006
v -0.00858731 -0.02315920 -0.02250000
v -0.00619792 -0.02390970 -0.02250000
v -0.00848492 -0.02720765 -0.01870006
v -0.00619792 -0.02390970 -0.02250000
v -0.00678848 -0.02767972 -0.01869992
v -0.00678848 -0.02767972 -0.01869992
v -0.00619792 -0.02390970 -0.02250000
v -0.00505975 -0.02804726 -0.01869976
v -0.00505975 -0.02804726 -0.01869976
v -0.00619792 -0.02390970 -0.02250000
v -0.00372829 -0.02441688 -0.02250000
v -0.00505975 -0.02804726 -0.01869976
v -0.00372829 -0.02441688 -0.02250000
v -0.00419657 -0.02818934 -0.01869983
v -0.00076266 -0.02848979 -0.01870003
v -0.00126900 -0.02847173 -0.01870006
v -0.00121053 -0.02467000 -0.02250000
v -0.00121053 -0.02467000 -0.02250000
v -0.00126900 -0.02847173 -0.01870006
v -0.00252118 -0.02838827 -0.01870003
v -0.00121053 -0.02467000 -0.02250000
v -0.00252118 -0.02838827 -0.01870003
v -0.00372829 -0.02441688 -0.02250000
v -0.00372829 -0.02441688 -0.02250000
v -0.00252118 -0.02838827 -0.01870003
v -0.00329994 -0.02830831 -0.01869994
v -0.00372829 -0.02441688 -0.02250000
v -0.00329994 -0.02830831 -0.01869994
v -0.00419657 -0.02818934 -0.01869983
v -0.00076266 -0.02848979 -0.01870003
v -0.00121053 -0.02467000 -0.02250000
v 0.00099605 -0.02848259 -0.01869983
v 0.00099605 -0.02848259 -0.01869983
v -0.00121053 -0.02467000 -0.02250000
v 0.00132107 -0.02466462 -0.02250000
v 0.00099605 -0.02848259 -0.01869983
v 0.00132107 -0.02466462 -0.02250000
v 0.00153149 -0.02845882 -0.01869978
v 0.00383085 -0.02440089 -0.02250000
v 0.00275326 -0.02836670 -0.01869983
v 0.00132107 -0.02466462 -0.02250000
v 0.00132107 -0.02466462 -0.02250000
v 0.00275326 -0.02836670 -0.01869983
v 0.00256354 -0.02838447 -0.01869981
v 0.00132107 -0.02466462 -0.02250000
v 0.00256354 -0.02838447 -0.01869981
v 0.00153149 -0.02845882 -0.01869978
v 0.00701762 -0.02762251 -0.01869993
v 0.00634969 -0.02778365 -0.01870001
v 0.00628751 -0.02388619 -0.02250000
v 0.00628751 -0.02388619 -0.02250000
v 0.00634969 -0.02778365 -0.01870001
v 0.00625629 -0.02780483 -0.01870002
v 0.00628751 -0.02388619 -0.02250000
v 0.00625629 -0.02780483 -0.01870002
v 0.00383085 -0.02440089 -0.02250000
v 0.00383085 -0.02440089 -0.02250000
v 0.00625629 -0.02780483 -0.01870002
v 0.00450727 -0.02814133 -0.01870003
v 0.00383085 -0.02440089 -0.02250000
v 0.00450727 -0.02814133 -0.01870003
v 0.00275326 -0.02836670 -0.01869983
v 0.00701762 -0.02762251 -0.01869993
v 0.00628751 -0.02388619 -0.02250000
v 0.00871062 -0.02713623 -0.01869974
v 0.00871062 -0.02713623 -0.01869974
v 0.00628751 -0.02388619 -0.02250000
v 0.00865766 -0.02313290 -0.02250000
v 0.00871062 -0.02713623 -0.01869974
v 0.00865766 -0.02313290 -0.02250000
v 0.01002096 -0.02668015 -0.01869985
v 0.01091475 -0.02215732 -0.02250000
v 0.01198759 -0.02585629 -0.01870008
v 0.00865766 -0.02313290 -0.02250000
v 0.00865766 -0.02313290 -0.02250000
v 0.01198759 -0.02585629 -0.01870008
v 0.01036779 -0.02654730 -0.01869991
v 0.00865766 -0.02313290 -0.02250000
v 0.01036779 -0.02654730 -0.01869991
v 0.01002096 -0.02668015 -0.01869985
v 0.01306155 -0.02096390 -0.02250000
v 0.01356813 -0.02506304 -0.01869994
v 0.01091475 -0.02215732 -0.02250000
v 0.01091475 -0.02215732 -0.02250000
v 0.01356813 -0.02506304 -0.01869994
v 0.01251058 -0.02560733 -0.01870007
v 0.01091475 -0.02215732 -0.02250000
v 0.01251058 -0.02560733 -0.01870007
v 0.01198759 -0.02585629 -0.01870008
v 0.01720183 -0.02272327 -0.01869998
v 0.01675644 -0.02305367 -0.01869989
v 0.01485133 -0.01973622 -0.02250000
v 0.01485133 -0.01973622 -0.02250000
v 0.01675644 -0.02305367 -0.01869989
v 0.01576523 -0.02374252 -0.01869970
v 0.01485133 -0.01973622 -0.02250000
v 0.01576523 -0.02374252 -0.01869970
v 0.01306155 -0.02096390 -0.02250000
v 0.01306155 -0.02096390 -0.02250000
v 0.01576523 -0.02374252 -0.01869970
v 0.01510717 -0.02416657 -0.01869968
v 0.01306155 -0.02096390 -0.02250000
v 0.01510717 -0.02416657 -0.01869968
v 0.01356813 -0.02506304 -0.01869994
v 0.01720183 -0.02272327 -0.01869998
v 0.01485133 -0.01973622 -0.02250000
v 0.01857065 -0.02161900 -0.01870007
v 0.01857065 -0.02161900 -0.01870007
v 0.01485133 -0.01973622 -0.02250000
v 0.01677295 -0.01813153 -0.02250000
v 0.01857065 -0.02161900 -0.01870007
v 0.01677295 -0.01813153 -0.02250000
v 0.01969877 -0.02059632 -0.01869990
v 0.01853363 -0.01632757 -0.02250000
v 0.02109928 -0.01915908 -0.01869975
v 0.01677295 -0.01813153 -0.02250000
v 0.01677295 -0.01813153 -0.02250000
v 0.02109928 -0.01915908 -0.01869975
v 0.01987041 -0.02043078 -0.01869986
v 0.01677295 -0.01813153 -0.02250000
v 0.01987041 -0.02043078 -0.01869986
v 0.01969877 -0.02059632 -0.01869990
v 0.02323891 -0.01649858 -0.01870006
v 0.02273542 -0.01718576 -0.01870004
v 0.02010649 -0.01434592 -0.02250000
v 0.02010649 -0.01434592 -0.02250000
v 0.02273542 -0.01718576 -0.01870004
v 0.02225483 -0.01780372 -0.01869997
v 0.02010649 -0.01434592 -0.02250000
v 0.02225483 -0.01780372 -0.01869997
v 0.01853363 -0.01632757 -0.02250000
v 0.01853363 -0.01632757 -0.02250000
v 0.02225483 -0.01780372 -0.01869997
v 0.02145593 -0.01875881 -0.01869980
v 0.01853363 -0.01632757 -0.02250000
v 0.02145593 -0.01875881 -0.01869980
v 0.02109928 -0.01915908 -0.01869975
v 0.02323891 -0.01649858 -0.01870006
v 0.02010649 -0.01434592 -0.02250000
v 0.02375366 -0.01574844 -0.01870001
v 0.02375366 -0.01574844 -0.01870001
v 0.02010649 -0.01434592 -0.02250000
v 0.02147004 -0.01221178 -0.02250000
v 0.02375366 -0.01574844 -0.01870001
v 0.02147004 -0.01221178 -0.02250000
v 0.02446744 -0.01461487 -0.01869985
v 0.02446744 -0.01461487 -0.01869985
v 0.02147004 -0.01221178 -0.02250000
v 0.02467980 -0.01425333 -0.01869980
v 0.02467980 -0.01425333 -0.01869980
v 0.02147004 -0.01221178 -0.02250000
v 0.02163650 -0.01191437 -0.02250000
v 0.02467980 -0.01425333 -0.01869980
v 0.02163650 -0.01191437 -0.02250000
v 0.02551299 -0.01270187 -0.01869986
v 0.02551299 -0.01270187 -0.01869986
v 0.02163650 -0.01191437 -0.02250000
v 0.02273858 -0.00964538 -0.02250000
v 0.02551299 -0.01270187 -0.01869986
v 0.02273858 -0.00964538 -0.02250000
v 0.02620749 -0.01119899 -0.01870004
v 0.02720003 -0.00850932 -0.01869988
v 0.02714238 -0.00869144 -0.01869991
v 0.02359956 -0.00729016 -0.02250000
v 0.02359956 -0.00729016 -0.02250000
v 0.02714238 -0.00869144 -0.01869991
v 0.02689343 -0.00943364 -0.01870000
v 0.02359956 -0.00729016 -0.02250000
v 0.02689343 -0.00943364 -0.01870000
v 0.02273858 -0.00964538 -0.02250000
v 0.02273858 -0.00964538 -0.02250000
v 0.02689343 -0.00943364 -0.01870000
v 0.02625165 -0.01109509 -0.01870004
v 0.02273858 -0.00964538 -0.02250000
v 0.02625165 -0.01109509 -0.01870004
v 0.02620749 -0.01119899 -0.01870004
v 0.02421260 -0.00488211 -0.02250000
v 0.02762746 -0.00699811 -0.01869977
v 0.02359956 -0.00729016 -0.02250000
v 0.02359956 -0.00729016 -0.02250000
v 0.02762746 -0.00699811 -0.01869977
v 0.02747337 -0.00758050 -0.01869978
v 0.02359956 -0.00729016 -0.02250000
v 0.02747337 -0.00758050 -0.01869978
v 0.02720003 -0.00850932 -0.01869988
v 0.02835041 -0.00291619 -0.01870003
v 0.02827918 -0.00354092 -0.01870006
v 0.02457780 -0.00245179 -0.02250000
v 0.02457780 -0.00245179 -0.02250000
v 0.02827918 -0.00354092 -0.01870006
v 0.02824218 -0.00382485 -0.01870006
v 0.02457780 -0.00245179 -0.02250000
v 0.02824218 -0.00382485 -0.01870006
v 0.02421260 -0.00488211 -0.02250000
v 0.02421260 -0.00488211 -0.02250000
v 0.02824218 -0.00382485 -0.01870006
v 0.02800650 -0.00528072 -0.01869995
v 0.02421260 -0.00488211 -0.02250000
v 0.02800650 -0.00528072 -0.01869995
v 0.02762746 -0.00699811 -0.01869977
v 0.02835041 -0.00291619 -0.01870003
v 0.02457780 -0.00245179 -0.02250000
v 0.02844435 -0.00178022 -0.01869994
v 0.02844435 -0.00178022 -0.01869994
v 0.02457780 -0.00245179 -0.02250000
v 0.02470000 0.00000001 -0.02250000
v 0.02844435 -0.00178022 -0.01869994
v 0.02470000 0.00000001 -0.02250000
v 0.02850000 0.00000000 -0.01870000
v 0.02849846 0.00029671 -0.01869994
v 0.02850000 0.00000000 -0.01870000
v 0.02470000 0.00000001 -0.02250000
v 0.02849846 0.00029671 -0.01869994
v 0.02470000 0.00000001 -0.02250000
v 0.02842557 0.00205837 -0.01869997
v 0.02842557 0.00205837 -0.01869997
v 0.02470000 0.00000001 -0.02250000
v 0.02457781 0.00245176 -0.02250000
v 0.02842557 0.00205837 -0.01869997
v 0.02457781 0.00245176 -0.02250000
v 0.02835041 0.00291618 -0.01870003
v 0.02791441 0.00574765 -0.01869990
v 0.02795527 0.00554553 -0.01869992
v 0.02421261 0.00488210 -0.02250000
v 0.02421261 0.00488210 -0.02250000
v 0.02795527 0.00554553 -0.01869992
v 0.02813441 0.00455030 -0.01870003
v 0.02421261 0.00488210 -0.02250000
v 0.02813441 0.00455030 -0.01870003
v 0.02457781 0.00245176 -0.02250000
v 0.02457781 0.00245176 -0.02250000
v 0.02813441 0.00455030 -0.01870003
v 0.02824438 0.00380852 -0.01870006
v 0.02457781 0.00245176 -0.02250000
v 0.02824438 0.00380852 -0.01870006
v 0.02835041 0.00291618 -0.01870003
v 0.02791441 0.00574765 -0.01869990
v 0.02421261 0.00488210 -0.02250000
v 0.02755779 0.00726762 -0.01869977
v 0.02755779 0.00726762 -0.01869977
v 0.02421261 0.00488210 -0.02250000
v 0.02359956 0.00729015 -0.02250000
v 0.02755779 0.00726762 -0.01869977
v 0.02359956 0.00729015 -0.02250000
v 0.02730180 0.00817690 -0.01869984
v 0.02273862 0.00964529 -0.02250000
v 0.02679399 0.00971246 -0.01870003
v 0.02359956 0.00729015 -0.02250000
v 0.02359956 0.00729015 -0.02250000
v 0.02679399 0.00971246 -0.01870003
v 0.02705065 0.00897287 -0.01869995
v 0.02359956 0.00729015 -0.02250000
v 0.02705065 0.00897287 -0.01869995
v 0.02730180 0.00817690 -0.01869984
v 0.02426258 0.01495250 -0.01869989
v 0.02454537 0.01448361 -0.01869983
v 0.02146999 0.01221187 -0.02250000
v 0.02146999 0.01221187 -0.02250000
v 0.02454537 0.01448361 -0.01869983
v 0.02539303 0.01294001 -0.01869983
v 0.02146999 0.01221187 -0.02250000
v 0.02539303 0.01294001 -0.01869983
v 0.02163651 0.01191433 -0.02250000
v 0.02163651 0.01191433 -0.02250000
v 0.02539303 0.01294001 -0.01869983
v 0.02600382 0.01166411 -0.01869999
v 0.02163651 0.01191433 -0.02250000
v 0.02600382 0.01166411 -0.01869999
v 0.02273862 0.00964529 -0.02250000
v 0.02273862 0.00964529 -0.02250000
v 0.02600382 0.01166411 -0.01869999
v 0.02614282 0.01134913 -0.01870003
v 0.02273862 0.00964529 -0.02250000
v 0.02614282 0.01134913 -0.01870003
v 0.02679399 0.00971246 -0.01870003
v 0.02426258 0.01495250 -0.01869989
v 0.02146999 0.01221187 -0.02250000
v 0.02359984 0.01597804 -0.01870003
v 0.02359984 0.01597804 -0.01870003
v 0.02146999 0.01221187 -0.02250000
v 0.02010641 0.01434604 -0.02250000
v 0.02359984 0.01597804 -0.01870003
v 0.02010641 0.01434604 -0.02250000
v 0.02323881 0.01649872 -0.01870006
v 0.02323881 0.01649872 -0.01870006
v 0.02010641 0.01434604 -0.02250000
v 0.02255570 0.01742098 -0.01870002
v 0.02255570 0.01742098 -0.01870002
v 0.02010641 0.01434604 -0.02250000
v 0.01853356 0.01632765 -0.02250000
v 0.02255570 0.01742098 -0.01870002
v 0.01853356 0.01632765 -0.02250000
v 0.02206871 0.01803392 -0.01869993
v 0.01943759 0.02084299 -0.01869995
v 0.01967838 0.02061580 -0.01869990
v 0.01677284 0.01813162 -0.02250000
v 0.01677284 0.01813162 -0.02250000
v 0.01967838 0.02061580 -0.01869990
v 0.02091250 0.01936278 -0.01869973
v 0.01677284 0.01813162 -0.02250000
v 0.02091250 0.01936278 -0.01869973
v 0.01853356 0.01632765 -0.02250000
v 0.01853356 0.01632765 -0.02250000
v 0.02091250 0.01936278 -0.01869973
v 0.02145584 0.01875891 -0.01869980
v 0.01853356 0.01632765 -0.02250000
v 0.02145584 0.01875891 -0.01869980
v 0.02206871 0.01803392 -0.01869993
v 0.01943759 0.02084299 -0.01869995
v 0.01677284 0.01813162 -0.02250000
v 0.01836756 0.02179180 -0.01870008
v 0.01836756 0.02179180 -0.01870008
v 0.01677284 0.01813162 -0.02250000
v 0.01485125 0.01973627 -0.02250000
v 0.01836756 0.02179180 -0.01870008
v 0.01485125 0.01973627 -0.02250000
v 0.01698067 0.02288901 -0.01869993
v 0.01306158 0.02096388 -0.02250000
v 0.01551777 0.02390500 -0.01869967
v 0.01485125 0.01973627 -0.02250000
v 0.01485125 0.01973627 -0.02250000
v 0.01551777 0.02390500 -0.01869967
v 0.01671076 0.02308680 -0.01869988
v 0.01485125 0.01973627 -0.02250000
v 0.01671076 0.02308680 -0.01869988
v 0.01698067 0.02288901 -0.01869993
v 0.01251050 0.02560737 -0.01870007
v 0.01332445 0.02519343 -0.01869998
v 0.01091470 0.02215735 -0.02250000
v 0.01091470 0.02215735 -0.02250000
v 0.01332445 0.02519343 -0.01869998
v 0.01356057 0.02506713 -0.01869994
v 0.01091470 0.02215735 -0.02250000
v 0.01356057 0.02506713 -0.01869994
v 0.01306158 0.02096388 -0.02250000
v 0.01306158 0.02096388 -0.02250000
v 0.01356057 0.02506713 -0.01869994
v 0.01485534 0.02432219 -0.01869970
v 0.01306158 0.02096388 -0.02250000
v 0.01485534 0.02432219 -0.01869970
v 0.01551777 0.02390500 -0.01869967
v 0.01251050 0.02560737 -0.01870007
v 0.01091470 0.02215735 -0.02250000
v 0.01174515 0.02596732 -0.01870007
v 0.01174515 0.02596732 -0.01870007
v 0.01091470 0.02215735 -0.02250000
v 0.00865764 0.02313291 -0.02250000
v 0.01174515 0.02596732 -0.01870007
v 0.00865764 0.02313291 -0.02250000
v 0.01011895 0.02664314 -0.01869987
v 0.00628752 0.02388618 -0.02250000
v 0.00844706 0.02721943 -0.01869975
v 0.00865764 0.02313291 -0.02250000
v 0.00865764 0.02313291 -0.02250000
v 0.00844706 0.02721943 -0.01869975
v 0.00987987 0.02673272 -0.01869983
v 0.00865764 0.02313291 -0.02250000
v 0.00987987 0.02673272 -0.01869983
v 0.01011895 0.02664314 -0.01869987
v 0.00383091 0.02440088 -0.02250000
v 0.00596716 0.02786832 -0.01870004
v 0.00628752 0.02388618 -0.02250000
v 0.00628752 0.02388618 -0.02250000
v 0.00596716 0.02786832 -0.01870004
v 0.00673033 0.02769391 -0.01869997
v 0.00628752 0.02388618 -0.02250000
v 0.00673033 0.02769391 -0.01869997
v 0.00844706 0.02721943 -0.01869975
v 0.00153147 0.02845882 -0.01869978
v 0.00248775 0.02839122 -0.01869980
v 0.00132110 0.02466462 -0.02250000
v 0.00132110 0.02466462 -0.02250000
v 0.00248775 0.02839122 -0.01869980
v 0.00295659 0.02834623 -0.01869985
v 0.00132110 0.02466462 -0.02250000
v 0.00295659 0.02834623 -0.01869985
v 0.00383091 0.02440088 -0.02250000
v 0.00383091 0.02440088 -0.02250000
v 0.00295659 0.02834623 -0.01869985
v 0.00423418 0.02818371 -0.01870001
v 0.00383091 0.02440088 -0.02250000
v 0.00423418 0.02818371 -0.01870001
v 0.00596716 0.02786832 -0.01870004
v 0.00153147 0.02845882 -0.01869978
v 0.00132110 0.02466462 -0.02250000
v 0.00072953 0.02849066 -0.01869986
v 0.00072953 0.02849066 -0.01869986
v 0.00132110 0.02466462 -0.02250000
v -0.00121054 0.02467000 -0.02250000
v 0.00072953 0.02849066 -0.01869986
v -0.00121054 0.02467000 -0.02250000
v -0.00076158 0.02848982 -0.01870003
v -0.00419658 0.02818934 -0.01869983
v -0.00359376 0.02827251 -0.01869990
v -0.00372829 0.02441689 -0.02250000
v -0.00372829 0.02441689 -0.02250000
v -0.00359376 0.02827251 -0.01869990
v -0.00281589 0.02836055 -0.01870000
v -0.00372829 0.02441689 -0.02250000
v -0.00281589 0.02836055 -0.01870000
v -0.00121054 0.02467000 -0.02250000
v -0.00121054 0.02467000 -0.02250000
v -0.00281589 0.02836055 -0.01870000
v -0.00103888 0.02848106 -0.01870004
v -0.00121054 0.02467000 -0.02250000
v -0.00103888 0.02848106 -0.01870004
v -0.00076158 0.02848982 -0.01870003
v -0.00809582 0.02732595 -0.01870005
v -0.00705012 0.02761423 -0.01869995
v -0.00619796 0.02390969 -0.02250000
v -0.00619796 0.02390969 -0.02250000
v -0.00705012 0.02761423 -0.01869995
v -0.00533345 0.02799650 -0.01869976
v -0.00619796 0.02390969 -0.02250000
v -0.00533345 0.02799650 -0.01869976
v -0.00372829 0.02441689 -0.02250000
v -0.00372829 0.02441689 -0.02250000
v -0.00533345 0.02799650 -0.01869976
v -0.00446677 0.02814779 -0.01869980
v -0.00372829 0.02441689 -0.02250000
v -0.00446677 0.02814779 -0.01869980
v -0.00419658 0.02818934 -0.01869983
v -0.00809582 0.02732595 -0.01870005
v -0.00619796 0.02390969 -0.02250000
v -0.00874215 0.02712609 -0.01870006
v -0.00874215 0.02712609 -0.01870006
v -0.00619796 0.02390969 -0.02250000
v -0.00858734 0.02315919 -0.02250000
v -0.00874215 0.02712609 -0.01870006
v -0.00858734 0.02315919 -0.02250000
v -0.00983660 0.02674867 -0.01869999
v -0.01204464 0.02582976 -0.01870001
v -0.01040769 0.02653168 -0.01869994
v -0.01124191 0.02410752 -0.02060013
v -0.01124191 0.02410752 -0.02060013
v -0.01040769 0.02653168 -0.01869994
v -0.00983660 0.02674867 -0.01869999
v -0.01124191 0.02410752 -0.02060013
v -0.00983660 0.02674867 -0.01869999
v -0.01084878 0.02326406 -0.02153071
v -0.01084878 0.02326406 -0.02153071
v -0.00983660 0.02674867 -0.01869999
v -0.00858734 0.02315919 -0.02250000
v -0.01084878 0.02326406 -0.02153071
v -0.00858734 0.02315919 -0.02250000
v -0.01043863 0.02238585 -0.02249998
v -0.03515188 -0.02152958 -0.02326562
v -0.03556126 -0.02249998 -0.02238577
v -0.03741273 -0.02250000 -0.02315922
v -0.03515188 -0.02152958 -0.02326562
v -0.03741273 -0.02250000 -0.02315922
v -0.03475888 -0.02060000 -0.02410804
v -0.03422492 -0.01869994 -0.02595376
v -0.03395539 -0.01870000 -0.02582978
v -0.03475888 -0.02060000 -0.02410804
v -0.03422492 -0.01869994 -0.02595376
v -0.03475888 -0.02060000 -0.02410804
v -0.03585233 -0.01869996 -0.02663221
v -0.03585233 -0.01869996 -0.02663221
v -0.03475888 -0.02060000 -0.02410804
v -0.03616340 -0.01869999 -0.02674867
v -0.03616340 -0.01869999 -0.02674867
v -0.03475888 -0.02060000 -0.02410804
v -0.03741273 -0.02250000 -0.02315922
v -0.03616340 -0.01869999 -0.02674867
v -0.03741273 -0.02250000 -0.02315922
v -0.03751508 -0.01870006 -0.02720765
v -0.03751508 -0.01870006 -0.02720765
v -0.03741273 -0.02250000 -0.02315922
v -0.03980206 -0.02250000 -0.02390969
v -0.03751508 -0.01870006 -0.02720765
v -0.03980206 -0.02250000 -0.02390969
v -0.03921152 -0.01869992 -0.02767972
v -0.03921152 -0.01869992 -0.02767972
v -0.03980206 -0.02250000 -0.02390969
v -0.04094025 -0.01869976 -0.02804726
v -0.04094025 -0.01869976 -0.02804726
v -0.03980206 -0.02250000 -0.02390969
v -0.04227171 -0.02250000 -0.02441688
v -0.04094025 -0.01869976 -0.02804726
v -0.04227171 -0.02250000 -0.02441688
v -0.04180346 -0.01869983 -0.02818934
v -0.04523734 -0.01870003 -0.02848979
v -0.04473100 -0.01870006 -0.02847173
v -0.04478949 -0.02250000 -0.02467000
v -0.04478949 -0.02250000 -0.02467000
v -0.04473100 -0.01870006 -0.02847173
v -0.04347882 -0.01870003 -0.02838827
v -0.04478949 -0.02250000 -0.02467000
v -0.04347882 -0.01870003 -0.02838827
v -0.04227171 -0.02250000 -0.02441688
v -0.04227171 -0.02250000 -0.02441688
v -0.04347882 -0.01870003 -0.02838827
v -0.04270006 -0.01869994 -0.02830831
v -0.04227171 -0.02250000 -0.02441688
v -0.04270006 -0.01869994 -0.02830831
v -0.04180346 -0.01869983 -0.02818934
v -0.04523734 -0.01870003 -0.02848979
v -0.04478949 -0.02250000 -0.02467000
v -0.04699605 -0.01869983 -0.02848259
v -0.04699605 -0.01869983 -0.02848259
v -0.04478949 -0.02250000 -0.02467000
v -0.04732111 -0.02250000 -0.02466462
v -0.04699605 -0.01869983 -0.02848259
v -0.04732111 -0.02250000 -0.02466462
v -0.04753149 -0.01869978 -0.02845882
v -0.04983094 -0.02250000 -0.02440087
v -0.04875326 -0.01869983 -0.02836670
v -0.04732111 -0.02250000 -0.02466462
v -0.04732111 -0.02250000 -0.02466462
v -0.04875326 -0.01869983 -0.02836670
v -0.04856354 -0.01869981 -0.02838447
v -0.04732111 -0.02250000 -0.02466462
v -0.04856354 -0.01869981 -0.02838447
v -0.04753149 -0.01869978 -0.02845882
v -0.05301762 -0.01869993 -0.02762251
v -0.05234969 -0.01870001 -0.02778365
v -0.05228753 -0.02250000 -0.02388618
v -0.05228753 -0.02250000 -0.02388618
v -0.05234969 -0.01870001 -0.02778365
v -0.05225629 -0.01870002 -0.02780483
v -0.05228753 -0.02250000 -0.02388618
v -0.05225629 -0.01870002 -0.02780483
v -0.04983094 -0.02250000 -0.02440087
v -0.04983094 -0.02250000 -0.02440087
v -0.05225629 -0.01870002 -0.02780483
v -0.05050727 -0.01870003 -0.02814133
v -0.04983094 -0.02250000 -0.02440087
v -0.05050727 -0.01870003 -0.02814133
v -0.04875326 -0.01869983 -0.02836670
v -0.05301762 -0.01869993 -0.02762251
v -0.05228753 -0.02250000 -0.02388618
v -0.05471062 -0.01869974 -0.02713623
v -0.05471062 -0.01869974 -0.02713623
v -0.05228753 -0.02250000 -0.02388618
v -0.05465762 -0.02250000 -0.02313291
v -0.05471062 -0.01869974 -0.02713623
v -0.05465762 -0.02250000 -0.02313291
v -0.05602096 -0.01869985 -0.02668015
v -0.05691470 -0.02250000 -0.02215736
v -0.05798759 -0.01870008 -0.02585629
v -0.05465762 -0.02250000 -0.02313291
v -0.05465762 -0.02250000 -0.02313291
v -0.05798759 -0.01870008 -0.02585629
v -0.05636779 -0.01869991 -0.02654730
v -0.05465762 -0.02250000 -0.02313291
v -0.05636779 -0.01869991 -0.02654730
v -0.05602096 -0.01869985 -0.02668015
v -0.05906160 -0.02250000 -0.02096388
v -0.05956813 -0.01869994 -0.02506304
v -0.05691470 -0.02250000 -0.02215736
v -0.05691470 -0.02250000 -0.02215736
v -0.05956813 -0.01869994 -0.02506304
v -0.05851050 -0.01870007 -0.02560737
v -0.05691470 -0.02250000 -0.02215736
v -0.05851050 -0.01870007 -0.02560737
v -0.05798759 -0.01870008 -0.02585629
v -0.06320183 -0.01869998 -0.02272327
v -0.06275643 -0.01869989 -0.02305367
v -0.06085127 -0.02250000 -0.01973626
v -0.06085127 -0.02250000 -0.01973626
v -0.06275643 -0.01869989 -0.02305367
v -0.06176523 -0.01869970 -0.02374252
v -0.06085127 -0.02250000 -0.01973626
v -0.06176523 -0.01869970 -0.02374252
v -0.05906160 -0.02250000 -0.02096388
v -0.05906160 -0.02250000 -0.02096388
v -0.06176523 -0.01869970 -0.02374252
v -0.06110717 -0.01869968 -0.02416657
v -0.05906160 -0.02250000 -0.02096388
v -0.06110717 -0.01869968 -0.02416657
v -0.05956813 -0.01869994 -0.02506304
v -0.06320183 -0.01869998 -0.02272327
v -0.06085127 -0.02250000 -0.01973626
v -0.06457065 -0.01870007 -0.02161900
v -0.06457065 -0.01870007 -0.02161900
v -0.06085127 -0.02250000 -0.01973626
v -0.06277286 -0.02250000 -0.01813161
v -0.06457065 -0.01870007 -0.02161900
v -0.06277286 -0.02250000 -0.01813161
v -0.06569877 -0.01869990 -0.02059632
v -0.06453357 -0.02250000 -0.01632763
v -0.06709928 -0.01869975 -0.01915908
v -0.06277286 -0.02250000 -0.01813161
v -0.06277286 -0.02250000 -0.01813161
v -0.06709928 -0.01869975 -0.01915908
v -0.06587041 -0.01869986 -0.02043078
v -0.06277286 -0.02250000 -0.01813161
v -0.06587041 -0.01869986 -0.02043078
v -0.06569877 -0.01869990 -0.02059632
v -0.06923883 -0.01870006 -0.01649870
v -0.06873543 -0.01870004 -0.01718576
v -0.06610642 -0.02250000 -0.01434602
v -0.06610642 -0.02250000 -0.01434602
v -0.06873543 -0.01870004 -0.01718576
v -0.06825484 -0.01869997 -0.01780372
v -0.06610642 -0.02250000 -0.01434602
v -0.06825484 -0.01869997 -0.01780372
v -0.06453357 -0.02250000 -0.01632763
v -0.06453357 -0.02250000 -0.01632763
v -0.06825484 -0.01869997 -0.01780372
v -0.06745586 -0.01869980 -0.01875889
v -0.06453357 -0.02250000 -0.01632763
v -0.06745586 -0.01869980 -0.01875889
v -0.06709928 -0.01869975 -0.01915908
v -0.06923883 -0.01870006 -0.01649870
v -0.06610642 -0.02250000 -0.01434602
v -0.06975366 -0.01870001 -0.01574844
v -0.06975366 -0.01870001 -0.01574844
v -0.06610642 -0.02250000 -0.01434602
v -0.06746999 -0.02250000 -0.01221186
v -0.06975366 -0.01870001 -0.01574844
v -0.06746999 -0.02250000 -0.01221186
v -0.07046744 -0.01869985 -0.01461487
v -0.07046744 -0.01869985 -0.01461487
v -0.06746999 -0.02250000 -0.01221186
v -0.07067980 -0.01869980 -0.01425333
v -0.07067980 -0.01869980 -0.01425333
v -0.06746999 -0.02250000 -0.01221186
v -0.06763651 -0.02250000 -0.01191434
v -0.07067980 -0.01869980 -0.01425333
v -0.06763651 -0.02250000 -0.01191434
v -0.07151299 -0.01869986 -0.01270187
v -0.07151299 -0.01869986 -0.01270187
v -0.06763651 -0.02250000 -0.01191434
v -0.06873862 -0.02250000 -0.00964529
v -0.07151299 -0.01869986 -0.01270187
v -0.06873862 -0.02250000 -0.00964529
v -0.07220749 -0.01870004 -0.01119899
v -0.07320004 -0.01869988 -0.00850929
v -0.07314238 -0.01869991 -0.00869144
v -0.06959955 -0.02250000 -0.00729016
v -0.06959955 -0.02250000 -0.00729016
v -0.07314238 -0.01869991 -0.00869144
v -0.07289343 -0.01870000 -0.00943364
v -0.06959955 -0.02250000 -0.00729016
v -0.07289343 -0.01870000 -0.00943364
v -0.06873862 -0.02250000 -0.00964529
v -0.06873862 -0.02250000 -0.00964529
v -0.07289343 -0.01870000 -0.00943364
v -0.07225165 -0.01870004 -0.01109509
v -0.06873862 -0.02250000 -0.00964529
v -0.07225165 -0.01870004 -0.01109509
v -0.07220749 -0.01870004 -0.01119899
v -0.07021261 -0.02250000 -0.00488210
v -0.07362746 -0.01869977 -0.00699811
v -0.06959955 -0.02250000 -0.00729016
v -0.06959955 -0.02250000 -0.00729016
v -0.07362746 -0.01869977 -0.00699811
v -0.07347337 -0.01869978 -0.00758050
v -0.06959955 -0.02250000 -0.00729016
v -0.07347337 -0.01869978 -0.00758050
v -0.07320004 -0.01869988 -0.00850929
v -0.07435041 -0.01870003 -0.00291619
v -0.07427917 -0.01870006 -0.00354092
v -0.07057781 -0.02250000 -0.00245176
v -0.07057781 -0.02250000 -0.00245176
v -0.07427917 -0.01870006 -0.00354092
v -0.07424217 -0.01870006 -0.00382485
v -0.07057781 -0.02250000 -0.00245176
v -0.07424217 -0.01870006 -0.00382485
v -0.07021261 -0.02250000 -0.00488210
v -0.07021261 -0.02250000 -0.00488210
v -0.07424217 -0.01870006 -0.00382485
v -0.07400650 -0.01869995 -0.00528072
v -0.07021261 -0.02250000 -0.00488210
v -0.07400650 -0.01869995 -0.00528072
v -0.07362746 -0.01869977 -0.00699811
v -0.07435041 -0.01870003 -0.00291619
v -0.07057781 -0.02250000 -0.00245176
v -0.07444435 -0.01869994 -0.00178022
v -0.07444435 -0.01869994 -0.00178022
v -0.07057781 -0.02250000 -0.00245176
v -0.07070000 -0.02250000 -0.00000001
v -0.07444435 -0.01869994 -0.00178022
v -0.07070000 -0.02250000 -0.00000001
v -0.07450000 -0.01870000 -0.00000000
v -0.07449845 -0.01869994 0.00029671
v -0.07450000 -0.01870000 -0.00000000
v -0.07070000 -0.02250000 -0.00000001
v -0.07449845 -0.01869994 0.00029671
v -0.07070000 -0.02250000 -0.00000001
v -0.07448743 -0.01869990 0.00084615
v -0.07448743 -0.01869990 0.00084615
v -0.07070000 -0.02250000 -0.00000001
v -0.07442557 -0.01869997 0.00205837
v -0.07442557 -0.01869997 0.00205837
v -0.07070000 -0.02250000 -0.00000001
v -0.07057780 -0.02250000 0.00245179
v -0.07442557 -0.01869997 0.00205837
v -0.07057780 -0.02250000 0.00245179
v -0.07435041 -0.01870003 0.00291619
v -0.07021260 -0.02250000 0.00488211
v -0.07413440 -0.01870003 0.00455030
v -0.07057780 -0.02250000 0.00245179
v -0.07057780 -0.02250000 0.00245179
v -0.07413440 -0.01870003 0.00455030
v -0.07424438 -0.01870006 0.00380852
v -0.07057780 -0.02250000 0.00245179
v -0.07424438 -0.01870006 0.00380852
v -0.07435041 -0.01870003 0.00291619
v -0.07305065 -0.01869995 0.00897287
v -0.07330180 -0.01869984 0.00817690
v -0.06959956 -0.02250000 0.00729016
v -0.06959956 -0.02250000 0.00729016
v -0.07330180 -0.01869984 0.00817690
v -0.07355779 -0.01869977 0.00726762
v -0.06959956 -0.02250000 0.00729016
v -0.07355779 -0.01869977 0.00726762
v -0.07021260 -0.02250000 0.00488211
v -0.07021260 -0.02250000 0.00488211
v -0.07355779 -0.01869977 0.00726762
v -0.07395527 -0.01869992 0.00554553
v -0.07021260 -0.02250000 0.00488211
v -0.07395527 -0.01869992 0.00554553
v -0.07413440 -0.01870003 0.00455030
v -0.07305065 -0.01869995 0.00897287
v -0.06959956 -0.02250000 0.00729016
v -0.07279399 -0.01870003 0.00971246
v -0.07279399 -0.01870003 0.00971246
v -0.06959956 -0.02250000 0.00729016
v -0.06873859 -0.02250000 0.00964537
v -0.07279399 -0.01870003 0.00971246
v -0.06873859 -0.02250000 0.00964537
v -0.07214282 -0.01870003 0.01134913
v -0.07214282 -0.01870003 0.01134913
v -0.06873859 -0.02250000 0.00964537
v -0.07200382 -0.01869999 0.01166411
v -0.07200382 -0.01869999 0.01166411
v -0.06873859 -0.02250000 0.00964537
v -0.06763650 -0.02250000 0.01191437
v -0.07200382 -0.01869999 0.01166411
v -0.06763650 -0.02250000 0.01191437
v -0.07139304 -0.01869983 0.01294001
v -0.07139304 -0.01869983 0.01294001
v -0.06763650 -0.02250000 0.01191437
v -0.06747004 -0.02250000 0.01221180
v -0.07139304 -0.01869983 0.01294001
v -0.06747004 -0.02250000 0.01221180
v -0.07054537 -0.01869983 0.01448361
v -0.06610648 -0.02250000 0.01434593
v -0.06959984 -0.01870003 0.01597804
v -0.06747004 -0.02250000 0.01221180
v -0.06747004 -0.02250000 0.01221180
v -0.06959984 -0.01870003 0.01597804
v -0.07026258 -0.01869989 0.01495250
v -0.06747004 -0.02250000 0.01221180
v -0.07026258 -0.01869989 0.01495250
v -0.07054537 -0.01869983 0.01448361
v -0.06745592 -0.01869980 0.01875883
v -0.06806871 -0.01869993 0.01803392
v -0.06453362 -0.02250000 0.01632759
v -0.06453362 -0.02250000 0.01632759
v -0.06806871 -0.01869993 0.01803392
v -0.06855570 -0.01870002 0.01742098
v -0.06453362 -0.02250000 0.01632759
v -0.06855570 -0.01870002 0.01742098
v -0.06610648 -0.02250000 0.01434593
v -0.06610648 -0.02250000 0.01434593
v -0.06855570 -0.01870002 0.01742098
v -0.06923889 -0.01870006 0.01649860
v -0.06610648 -0.02250000 0.01434593
v -0.06923889 -0.01870006 0.01649860
v -0.06959984 -0.01870003 0.01597804
v -0.06745592 -0.01869980 0.01875883
v -0.06453362 -0.02250000 0.01632759
v -0.06691249 -0.01869973 0.01936278
v -0.06691249 -0.01869973 0.01936278
v -0.06453362 -0.02250000 0.01632759
v -0.06277294 -0.02250000 0.01813154
v -0.06691249 -0.01869973 0.01936278
v -0.06277294 -0.02250000 0.01813154
v -0.06567838 -0.01869990 0.02061580
v -0.06271076 -0.01869988 0.02308680
v -0.06298067 -0.01869993 0.02288901
v -0.06085131 -0.02250000 0.01973623
v -0.06085131 -0.02250000 0.01973623
v -0.06298067 -0.01869993 0.02288901
v -0.06436756 -0.01870008 0.02179180
v -0.06085131 -0.02250000 0.01973623
v -0.06436756 -0.01870008 0.02179180
v -0.06277294 -0.02250000 0.01813154
v -0.06277294 -0.02250000 0.01813154
v -0.06436756 -0.01870008 0.02179180
v -0.06543763 -0.01869995 0.02084295
v -0.06277294 -0.02250000 0.01813154
v -0.06543763 -0.01869995 0.02084295
v -0.06567838 -0.01869990 0.02061580
v -0.06271076 -0.01869988 0.02308680
v -0.06085131 -0.02250000 0.01973623
v -0.06151777 -0.01869967 0.02390500
v -0.06151777 -0.01869967 0.02390500
v -0.06085131 -0.02250000 0.01973623
v -0.05906155 -0.02250000 0.02096391
v -0.06151777 -0.01869967 0.02390500
v -0.05906155 -0.02250000 0.02096391
v -0.06085534 -0.01869970 0.02432219
v -0.06085534 -0.01869970 0.02432219
v -0.05906155 -0.02250000 0.02096391
v -0.05956057 -0.01869994 0.02506713
v -0.05956057 -0.01869994 0.02506713
v -0.05906155 -0.02250000 0.02096391
v -0.05691474 -0.02250000 0.02215733
v -0.05956057 -0.01869994 0.02506713
v -0.05691474 -0.02250000 0.02215733
v -0.05932445 -0.01869998 0.02519343
v -0.05587990 -0.01869983 0.02673271
v -0.05611895 -0.01869987 0.02664314
v -0.05465766 -0.02250000 0.02313290
v -0.05465766 -0.02250000 0.02313290
v -0.05611895 -0.01869987 0.02664314
v -0.05774515 -0.01870007 0.02596732
v -0.05465766 -0.02250000 0.02313290
v -0.05774515 -0.01870007 0.02596732
v -0.05691474 -0.02250000 0.02215733
v -0.05691474 -0.02250000 0.02215733
v -0.05774515 -0.01870007 0.02596732
v -0.05851058 -0.01870007 0.02560733
v -0.05691474 -0.02250000 0.02215733
v -0.05851058 -0.01870007 0.02560733
v -0.05932445 -0.01869998 0.02519343
v -0.05587990 -0.01869983 0.02673271
v -0.05465766 -0.02250000 0.02313290
v -0.05444706 -0.01869975 0.02721943
v -0.05444706 -0.01869975 0.02721943
v -0.05465766 -0.02250000 0.02313290
v -0.05228752 -0.02250000 0.02388619
v -0.05444706 -0.01869975 0.02721943
v -0.05228752 -0.02250000 0.02388619
v -0.05273033 -0.01869997 0.02769391
v -0.05273033 -0.01869997 0.02769391
v -0.05228752 -0.02250000 0.02388619
v -0.05196716 -0.01870004 0.02786832
v -0.05196716 -0.01870004 0.02786832
v -0.05228752 -0.02250000 0.02388619
v -0.04983086 -0.02250000 0.02440089
v -0.05196716 -0.01870004 0.02786832
v -0.04983086 -0.02250000 0.02440089
v -0.05023418 -0.01870001 0.02818371
v -0.05023418 -0.01870001 0.02818371
v -0.04983086 -0.02250000 0.02440089
v -0.04895660 -0.01869985 0.02834623
v -0.04895660 -0.01869985 0.02834623
v -0.04983086 -0.02250000 0.02440089
v -0.04732106 -0.02250000 0.02466462
v -0.04895660 -0.01869985 0.02834623
v -0.04732106 -0.02250000 0.02466462
v -0.04848775 -0.01869980 0.02839122
v -0.04496112 -0.01870004 0.02848106
v -0.04523842 -0.01870003 0.02848982
v -0.04478947 -0.02250000 0.02467000
v -0.04478947 -0.02250000 0.02467000
v -0.04523842 -0.01870003 0.02848982
v -0.04672953 -0.01869986 0.02849066
v -0.04478947 -0.02250000 0.02467000
v -0.04672953 -0.01869986 0.02849066
v -0.04732106 -0.02250000 0.02466462
v -0.04732106 -0.02250000 0.02466462
v -0.04672953 -0.01869986 0.02849066
v -0.04753149 -0.01869978 0.02845882
v -0.04732106 -0.02250000 0.02466462
v -0.04753149 -0.01869978 0.02845882
v -0.04848775 -0.01869980 0.02839122
v -0.04496112 -0.01870004 0.02848106
v -0.04478947 -0.02250000 0.02467000
v -0.04318411 -0.01870000 0.02836055
v -0.04318411 -0.01870000 0.02836055
v -0.04478947 -0.02250000 0.02467000
v -0.04227171 -0.02250000 0.02441688
v -0.04318411 -0.01870000 0.02836055
v -0.04227171 -0.02250000 0.02441688
v -0.04240623 -0.01869990 0.02827251
v -0.03790418 -0.01870005 0.02732595
v -0.03894988 -0.01869995 0.02761423
v -0.03980207 -0.02250000 0.02390970
v -0.03980207 -0.02250000 0.02390970
v -0.03894988 -0.01869995 0.02761423
v -0.04066655 -0.01869976 0.02799650
v -0.03980207 -0.02250000 0.02390970
v -0.04066655 -0.01869976 0.02799650
v -0.04227171 -0.02250000 0.02441688
v -0.04227171 -0.02250000 0.02441688
v -0.04066655 -0.01869976 0.02799650
v -0.04153323 -0.01869980 0.02814779
v -0.04227171 -0.02250000 0.02441688
v -0.04153323 -0.01869980 0.02814779
v -0.04240623 -0.01869990 0.02827251
v -0.03790418 -0.01870005 0.02732595
v -0.03980207 -0.02250000 0.02390970
v -0.03725785 -0.01870006 0.02712609
v -0.03725785 -0.01870006 0.02712609
v -0.03980207 -0.02250000 0.02390970
v -0.03741269 -0.02250000 0.02315920
v -0.03725785 -0.01870006 0.02712609
v -0.03741269 -0.02250000 0.02315920
v -0.03616337 -0.01869999 0.02674866
v -0.03395536 -0.01870001 0.02582976
v -0.03559231 -0.01869994 0.02653168
v -0.03475804 -0.02060007 0.02410756
v -0.03475804 -0.02060007 0.02410756
v -0.03559231 -0.01869994 0.02653168
v -0.03616337 -0.01869999 0.02674866
v -0.03475804 -0.02060007 0.02410756
v -0.03616337 -0.01869999 0.02674866
v -0.03515062 -0.02152935 0.02326528
v -0.03515062 -0.02152935 0.02326528
v -0.03616337 -0.01869999 0.02674866
v -0.03741269 -0.02250000 0.02315920
v -0.03515062 -0.02152935 0.02326528
v -0.03741269 -0.02250000 0.02315920
v -0.03556137 -0.02249998 0.02238585
v -0.04270006 0.01669994 0.02830831
v -0.04209370 0.01669986 0.02823103
v -0.04252568 0.02050000 0.02445427
v -0.03422492 0.01669994 0.02595376
v -0.03395540 0.01670003 0.02582980
v -0.03556135 0.02050001 0.02238585
v -0.03422492 0.01669994 0.02595376
v -0.03556135 0.02050001 0.02238585
v -0.03585233 0.01669996 0.02663221
v -0.03585233 0.01669996 0.02663221
v -0.03556135 0.02050001 0.02238585
v -0.03765067 0.02050000 0.02324604
v -0.03585233 0.01669996 0.02663221
v -0.03765067 0.02050000 0.02324604
v -0.03644438 0.01670002 0.02685033
v -0.04004970 0.02050000 0.02397253
v -0.03790418 0.01670005 0.02732595
v -0.03765067 0.02050000 0.02324604
v -0.03765067 0.02050000 0.02324604
v -0.03790418 0.01670005 0.02732595
v -0.03751508 0.01670006 0.02720765
v -0.03765067 0.02050000 0.02324604
v -0.03751508 0.01670006 0.02720765
v -0.03644438 0.01670002 0.02685033
v -0.04209370 0.01669986 0.02823103
v -0.04153323 0.01669980 0.02814779
v -0.04252568 0.02050000 0.02445427
v -0.04252568 0.02050000 0.02445427
v -0.04153323 0.01669980 0.02814779
v -0.04094025 0.01669976 0.02804726
v -0.04252568 0.02050000 0.02445427
v -0.04094025 0.01669976 0.02804726
v -0.04004970 0.02050000 0.02397253
v -0.04004970 0.02050000 0.02397253
v -0.04094025 0.01669976 0.02804726
v -0.03921152 0.01669992 0.02767972
v -0.04004970 0.02050000 0.02397253
v -0.03921152 0.01669992 0.02767972
v -0.03790418 0.01670005 0.02732595
v -0.04270006 0.01669994 0.02830831
v -0.04252568 0.02050000 0.02445427
v -0.04347882 0.01670003 0.02838827
v -0.04347882 0.01670003 0.02838827
v -0.04252568 0.02050000 0.02445427
v -0.04504655 0.02050000 0.02468129
v -0.04347882 0.01670003 0.02838827
v -0.04504655 0.02050000 0.02468129
v -0.04523734 0.01670003 0.02848979
v -0.04523734 0.01670003 0.02848979
v -0.04504655 0.02050000 0.02468129
v -0.04699605 0.01669983 0.02848259
v -0.04699605 0.01669983 0.02848259
v -0.04504655 0.02050000 0.02468129
v -0.04757744 0.02050000 0.02464956
v -0.04699605 0.01669983 0.02848259
v -0.04757744 0.02050000 0.02464956
v -0.04782101 0.01669977 0.02844176
v -0.05008327 0.02050000 0.02435990
v -0.04895660 0.01669985 0.02834623
v -0.04757744 0.02050000 0.02464956
v -0.04757744 0.02050000 0.02464956
v -0.04895660 0.01669985 0.02834623
v -0.04875326 0.01669983 0.02836670
v -0.04757744 0.02050000 0.02464956
v -0.04875326 0.01669983 0.02836670
v -0.04782101 0.01669977 0.02844176
v -0.05301762 0.01669994 0.02762251
v -0.05262437 0.01669998 0.02771945
v -0.05253256 0.02050000 0.02382036
v -0.05253256 0.02050000 0.02382036
v -0.05262437 0.01669998 0.02771945
v -0.05225629 0.01670002 0.02780483
v -0.05253256 0.02050000 0.02382036
v -0.05225629 0.01670002 0.02780483
v -0.05008327 0.02050000 0.02435990
v -0.05008327 0.02050000 0.02435990
v -0.05225629 0.01670002 0.02780483
v -0.05050727 0.01670003 0.02814133
v -0.05008327 0.02050000 0.02435990
v -0.05050727 0.01670003 0.02814133
v -0.04895660 0.01669985 0.02834623
v -0.05301762 0.01669994 0.02762251
v -0.05253256 0.02050000 0.02382036
v -0.05471062 0.01669974 0.02713623
v -0.05471062 0.01669974 0.02713623
v -0.05253256 0.02050000 0.02382036
v -0.05489228 0.02050000 0.02304370
v -0.05471062 0.01669974 0.02713623
v -0.05489228 0.02050000 0.02304370
v -0.05617923 0.01669987 0.02662017
v -0.05713665 0.02050000 0.02204665
v -0.05798759 0.01670008 0.02585629
v -0.05489228 0.02050000 0.02304370
v -0.05489228 0.02050000 0.02304370
v -0.05798759 0.01670008 0.02585629
v -0.05636779 0.01669991 0.02654730
v -0.05489228 0.02050000 0.02304370
v -0.05636779 0.01669991 0.02654730
v -0.05617923 0.01669987 0.02662017
v -0.05927132 0.02050000 0.02083173
v -0.05956813 0.01669994 0.02506304
v -0.05713665 0.02050000 0.02204665
v -0.05713665 0.02050000 0.02204665
v -0.05956813 0.01669994 0.02506304
v -0.05877177 0.01670005 0.02547807
v -0.05713665 0.02050000 0.02204665
v -0.05877177 0.01670005 0.02547807
v -0.05798759 0.01670008 0.02585629
v -0.06320183 0.01669998 0.02272327
v -0.06271076 0.01669988 0.02308680
v -0.06111896 0.02050000 0.01953192
v -0.06111896 0.02050000 0.01953192
v -0.06271076 0.01669988 0.02308680
v -0.06176523 0.01669970 0.02374252
v -0.06111896 0.02050000 0.01953192
v -0.06176523 0.01669970 0.02374252
v -0.05927132 0.02050000 0.02083173
v -0.05927132 0.02050000 0.02083173
v -0.06176523 0.01669970 0.02374252
v -0.06110717 0.01669968 0.02416657
v -0.05927132 0.02050000 0.02083173
v -0.06110717 0.01669968 0.02416657
v -0.05956813 0.01669994 0.02506304
v -0.06320183 0.01669998 0.02272327
v -0.06111896 0.02050000 0.01953192
v -0.06457065 0.01670007 0.02161900
v -0.06457065 0.01670007 0.02161900
v -0.06111896 0.02050000 0.01953192
v -0.06302068 0.02050000 0.01789923
v -0.06457065 0.01670007 0.02161900
v -0.06302068 0.02050000 0.01789923
v -0.06557611 0.01669993 0.02071294
v -0.06810776 0.01669994 0.01798601
v -0.06771050 0.01669986 0.01846359
v -0.06475738 0.02050000 0.01606995
v -0.06475738 0.02050000 0.01606995
v -0.06771050 0.01669986 0.01846359
v -0.06709928 0.01669975 0.01915908
v -0.06475738 0.02050000 0.01606995
v -0.06709928 0.01669975 0.01915908
v -0.06302068 0.02050000 0.01789923
v -0.06302068 0.02050000 0.01789923
v -0.06709928 0.01669975 0.01915908
v -0.06587041 0.01669986 0.02043078
v -0.06302068 0.02050000 0.01789923
v -0.06587041 0.01669986 0.02043078
v -0.06557611 0.01669993 0.02071294
v -0.06975366 0.01670001 0.01574844
v -0.06946105 0.01670005 0.01618114
v -0.06630319 0.02050000 0.01406621
v -0.06630319 0.02050000 0.01406621
v -0.06946105 0.01670005 0.01618114
v -0.06873543 0.01670004 0.01718576
v -0.06630319 0.02050000 0.01406621
v -0.06873543 0.01670004 0.01718576
v -0.06475738 0.02050000 0.01606995
v -0.06475738 0.02050000 0.01606995
v -0.06873543 0.01670004 0.01718576
v -0.06825484 0.01669997 0.01780372
v -0.06475738 0.02050000 0.01606995
v -0.06825484 0.01669997 0.01780372
v -0.06810776 0.01669994 0.01798601
v -0.06975366 0.01670001 0.01574844
v -0.06630319 0.02050000 0.01406621
v -0.07026258 0.01669989 0.01495250
v -0.07026258 0.01669989 0.01495250
v -0.06630319 0.02050000 0.01406621
v -0.06763651 0.02050000 0.01191434
v -0.07026258 0.01669989 0.01495250
v -0.06763651 0.02050000 0.01191434
v -0.07067980 0.01669980 0.01425333
v -0.07225165 0.01670004 0.01109509
v -0.07200382 0.01670000 0.01166411
v -0.06873862 0.02050000 0.00964529
v -0.06873862 0.02050000 0.00964529
v -0.07200382 0.01670000 0.01166411
v -0.07151299 0.01669986 0.01270187
v -0.06873862 0.02050000 0.00964529
v -0.07151299 0.01669986 0.01270187
v -0.06763651 0.02050000 0.01191434
v -0.06763651 0.02050000 0.01191434
v -0.07151299 0.01669986 0.01270187
v -0.07096564 0.01669977 0.01374652
v -0.06763651 0.02050000 0.01191434
v -0.07096564 0.01669977 0.01374652
v -0.07067980 0.01669980 0.01425333
v -0.07225165 0.01670004 0.01109509
v -0.06873862 0.02050000 0.00964529
v -0.07289343 0.01670000 0.00943364
v -0.07289343 0.01670000 0.00943364
v -0.06873862 0.02050000 0.00964529
v -0.06959955 0.02050000 0.00729016
v -0.07289343 0.01670000 0.00943364
v -0.06959955 0.02050000 0.00729016
v -0.07314238 0.01669991 0.00869144
v -0.07021261 0.02050000 0.00488210
v -0.07362746 0.01669977 0.00699811
v -0.06959955 0.02050000 0.00729016
v -0.06959955 0.02050000 0.00729016
v -0.07362746 0.01669977 0.00699811
v -0.07330180 0.01669984 0.00817690
v -0.06959955 0.02050000 0.00729016
v -0.07330180 0.01669984 0.00817690
v -0.07314238 0.01669991 0.00869144
v -0.07435041 0.01670003 0.00291619
v -0.07427917 0.01670006 0.00354092
v -0.07057781 0.02050000 0.00245176
v -0.07057781 0.02050000 0.00245176
v -0.07427917 0.01670006 0.00354092
v -0.07413440 0.01670003 0.00455030
v -0.07057781 0.02050000 0.00245176
v -0.07413440 0.01670003 0.00455030
v -0.07021261 0.02050000 0.00488210
v -0.07021261 0.02050000 0.00488210
v -0.07413440 0.01670003 0.00455030
v -0.07400650 0.01669995 0.00528072
v -0.07021261 0.02050000 0.00488210
v -0.07400650 0.01669995 0.00528072
v -0.07362746 0.01669977 0.00699811
v -0.07435041 0.01670003 0.00291619
v -0.07057781 0.02050000 0.00245176
v -0.07444435 0.01669994 0.00178022
v -0.07444435 0.01669994 0.00178022
v -0.07057781 0.02050000 0.00245176
v -0.07070000 0.02050000 0.00000001
v -0.07444435 0.01669994 0.00178022
v -0.07070000 0.02050000 0.00000001
v -0.07450000 0.01670000 -0.00000000
v -0.03556129 0.02050000 -0.02238579
v -0.03395537 0.01670003 -0.02582976
v -0.03559232 0.01669994 -0.02653168
v -0.04226777 0.02050000 -0.02441628
v -0.04124289 0.02050000 -0.02423757
v -0.04092142 0.01669976 -0.02804386
v -0.03556129 0.02050000 -0.02238579
v -0.03559232 0.01669994 -0.02653168
v -0.03740808 0.02050000 -0.02315749
v -0.03740808 0.02050000 -0.02315749
v -0.03559232 0.01669994 -0.02653168
v -0.03615792 0.01669999 -0.02674665
v -0.03740808 0.02050000 -0.02315749
v -0.03615792 0.01669999 -0.02674665
v -0.03834279 0.02050000 -0.02348307
v -0.03834279 0.02050000 -0.02348307
v -0.03615792 0.01669999 -0.02674665
v -0.03725786 0.01670006 -0.02712609
v -0.03834279 0.02050000 -0.02348307
v -0.03725786 0.01670006 -0.02712609
v -0.03979779 0.02050000 -0.02390859
v -0.03979779 0.02050000 -0.02390859
v -0.03725786 0.01670006 -0.02712609
v -0.03894989 0.01669995 -0.02761423
v -0.03979779 0.02050000 -0.02390859
v -0.03894989 0.01669995 -0.02761423
v -0.04124289 0.02050000 -0.02423757
v -0.04124289 0.02050000 -0.02423757
v -0.03894989 0.01669995 -0.02761423
v -0.04066656 0.01669976 -0.02799651
v -0.04124289 0.02050000 -0.02423757
v -0.04066656 0.01669976 -0.02799651
v -0.04092142 0.01669976 -0.02804386
v -0.04473100 0.01670006 -0.02847173
v -0.04478589 0.02050000 -0.02466982
v -0.04318412 0.01670000 -0.02836055
v -0.04318412 0.01670000 -0.02836055
v -0.04478589 0.02050000 -0.02466982
v -0.04421722 0.02050000 -0.02463525
v -0.04318412 0.01670000 -0.02836055
v -0.04421722 0.02050000 -0.02463525
v -0.04240625 0.01669990 -0.02827251
v -0.04240625 0.01669990 -0.02827251
v -0.04421722 0.02050000 -0.02463525
v -0.04226777 0.02050000 -0.02441628
v -0.04240625 0.01669990 -0.02827251
v -0.04226777 0.02050000 -0.02441628
v -0.04179893 0.01669983 -0.02818867
v -0.04179893 0.01669983 -0.02818867
v -0.04226777 0.02050000 -0.02441628
v -0.04092142 0.01669976 -0.02804386
v -0.04473100 0.01670006 -0.02847173
v -0.04496113 0.01670004 -0.02848106
v -0.04478589 0.02050000 -0.02466982
v -0.04478589 0.02050000 -0.02466982
v -0.04496113 0.01670004 -0.02848106
v -0.04672954 0.01669986 -0.02849066
v -0.04478589 0.02050000 -0.02466982
v -0.04672954 0.01669986 -0.02849066
v -0.04721710 0.02050000 -0.02466996
v -0.04721710 0.02050000 -0.02466996
v -0.04672954 0.01669986 -0.02849066
v -0.04752789 0.01669978 -0.02845902
v -0.04721710 0.02050000 -0.02466996
v -0.04752789 0.01669978 -0.02845902
v -0.04880729 0.02050000 -0.02453984
v -0.04880729 0.02050000 -0.02453984
v -0.04752789 0.01669978 -0.02845902
v -0.04848776 0.01669980 -0.02839121
v -0.04880729 0.02050000 -0.02453984
v -0.04848776 0.01669980 -0.02839121
v -0.04982816 0.02050000 -0.02440131
v -0.04848776 0.01669980 -0.02839121
v -0.05023419 0.01670001 -0.02818371
v -0.04982816 0.02050000 -0.02440131
v -0.04982816 0.02050000 -0.02440131
v -0.05023419 0.01670001 -0.02818371
v -0.05196717 0.01670004 -0.02786831
v -0.04982816 0.02050000 -0.02440131
v -0.05196717 0.01670004 -0.02786831
v -0.05175713 0.02050000 -0.02401947
v -0.05196717 0.01670004 -0.02786831
v -0.05234969 0.01670001 -0.02778365
v -0.05175713 0.02050000 -0.02401947
v -0.05175713 0.02050000 -0.02401947
v -0.05234969 0.01670001 -0.02778365
v -0.05273034 0.01669997 -0.02769391
v -0.05175713 0.02050000 -0.02401947
v -0.05273034 0.01669997 -0.02769391
v -0.05228537 0.02050000 -0.02388675
v -0.05228537 0.02050000 -0.02388675
v -0.05273034 0.01669997 -0.02769391
v -0.05444707 0.01669975 -0.02721942
v -0.05228537 0.02050000 -0.02388675
v -0.05444707 0.01669975 -0.02721942
v -0.05463061 0.02050000 -0.02314300
v -0.05463061 0.02050000 -0.02314300
v -0.05444707 0.01669975 -0.02721942
v -0.05587820 0.01669983 -0.02673333
v -0.05463061 0.02050000 -0.02314300
v -0.05587820 0.01669983 -0.02673333
v -0.05602096 0.01669985 -0.02668015
v -0.05737098 0.02050000 -0.02192672
v -0.05951092 0.01669995 -0.02509392
v -0.05906155 0.02050000 -0.02096391
v -0.05906155 0.02050000 -0.02096391
v -0.05951092 0.01669995 -0.02509392
v -0.06085534 0.01669970 -0.02432219
v -0.05906155 0.02050000 -0.02096391
v -0.06085534 0.01669970 -0.02432219
v -0.05994356 0.02050000 -0.02038782
v -0.05602096 0.01669985 -0.02668015
v -0.05611897 0.01669987 -0.02664313
v -0.05463061 0.02050000 -0.02314300
v -0.05463061 0.02050000 -0.02314300
v -0.05611897 0.01669987 -0.02664313
v -0.05774516 0.01670007 -0.02596731
v -0.05463061 0.02050000 -0.02314300
v -0.05774516 0.01670007 -0.02596731
v -0.05691403 0.02050000 -0.02215768
v -0.05691403 0.02050000 -0.02215768
v -0.05774516 0.01670007 -0.02596731
v -0.05850974 0.01670007 -0.02560774
v -0.05691403 0.02050000 -0.02215768
v -0.05850974 0.01670007 -0.02560774
v -0.05737098 0.02050000 -0.02192672
v -0.05737098 0.02050000 -0.02192672
v -0.05850974 0.01670007 -0.02560774
v -0.05932446 0.01669998 -0.02519343
v -0.05737098 0.02050000 -0.02192672
v -0.05932446 0.01669998 -0.02519343
v -0.05951092 0.01669995 -0.02509392
v -0.06085534 0.01669970 -0.02432219
v -0.06151778 0.01669968 -0.02390499
v -0.05994356 0.02050000 -0.02038782
v -0.05994356 0.02050000 -0.02038782
v -0.06151778 0.01669968 -0.02390499
v -0.06275643 0.01669989 -0.02305367
v -0.05994356 0.02050000 -0.02038782
v -0.06275643 0.01669989 -0.02305367
v -0.06085747 0.02050000 -0.01973160
v -0.06085747 0.02050000 -0.01973160
v -0.06275643 0.01669989 -0.02305367
v -0.06298067 0.01669994 -0.02288901
v -0.06085747 0.02050000 -0.01973160
v -0.06298067 0.01669994 -0.02288901
v -0.06231107 0.02050000 -0.01854805
v -0.06231107 0.02050000 -0.01854805
v -0.06298067 0.01669994 -0.02288901
v -0.06436757 0.01670008 -0.02179180
v -0.06231107 0.02050000 -0.01854805
v -0.06436757 0.01670008 -0.02179180
v -0.06277904 0.02050000 -0.01812590
v -0.06277904 0.02050000 -0.01812590
v -0.06436757 0.01670008 -0.02179180
v -0.06544468 0.01669995 -0.02083638
v -0.06544468 0.01669995 -0.02083638
v -0.06567840 0.01669990 -0.02061579
v -0.06277904 0.02050000 -0.01812590
v -0.06277904 0.02050000 -0.01812590
v -0.06567840 0.01669990 -0.02061579
v -0.06691250 0.01669973 -0.01936278
v -0.06277904 0.02050000 -0.01812590
v -0.06691250 0.01669973 -0.01936278
v -0.06444192 0.02050000 -0.01643112
v -0.06828471 0.01669998 -0.01776631
v -0.06611185 0.02050000 -0.01433840
v -0.06806871 0.01669993 -0.01803391
v -0.06806871 0.01669993 -0.01803391
v -0.06611185 0.02050000 -0.01433840
v -0.06444192 0.02050000 -0.01643112
v -0.06806871 0.01669993 -0.01803391
v -0.06444192 0.02050000 -0.01643112
v -0.06746255 0.01669980 -0.01875124
v -0.06746255 0.01669980 -0.01875124
v -0.06444192 0.02050000 -0.01643112
v -0.06691250 0.01669973 -0.01936278
v -0.07046744 0.01669984 -0.01461487
v -0.06747478 0.02050000 -0.01220346
v -0.06629653 0.02050000 -0.01407581
v -0.06828471 0.01669998 -0.01776631
v -0.06855571 0.01670002 -0.01742097
v -0.06611185 0.02050000 -0.01433840
v -0.06611185 0.02050000 -0.01433840
v -0.06855571 0.01670002 -0.01742097
v -0.06924496 0.01670006 -0.01649005
v -0.06611185 0.02050000 -0.01433840
v -0.06924496 0.01670006 -0.01649005
v -0.06629653 0.02050000 -0.01407581
v -0.06629653 0.02050000 -0.01407581
v -0.06924496 0.01670006 -0.01649005
v -0.06959984 0.01670003 -0.01597803
v -0.06629653 0.02050000 -0.01407581
v -0.06959984 0.01670003 -0.01597803
v -0.07046744 0.01669984 -0.01461487
v -0.07046744 0.01669984 -0.01461487
v -0.07054538 0.01669983 -0.01448360
v -0.06747478 0.02050000 -0.01220346
v -0.06747478 0.02050000 -0.01220346
v -0.07054538 0.01669983 -0.01448360
v -0.07096389 0.01669977 -0.01374970
v -0.06747478 0.02050000 -0.01220346
v -0.07096389 0.01669977 -0.01374970
v -0.06785527 0.02050000 -0.01150807
v -0.06785527 0.02050000 -0.01150807
v -0.07096389 0.01669977 -0.01374970
v -0.07139304 0.01669983 -0.01294000
v -0.06785527 0.02050000 -0.01150807
v -0.07139304 0.01669983 -0.01294000
v -0.06873751 0.02050000 -0.00964789
v -0.07139304 0.01669983 -0.01294000
v -0.07214283 0.01670003 -0.01134912
v -0.06873751 0.02050000 -0.00964789
v -0.06873751 0.02050000 -0.00964789
v -0.07214283 0.01670003 -0.01134912
v -0.07220749 0.01670004 -0.01119899
v -0.06873751 0.02050000 -0.00964789
v -0.07220749 0.01670004 -0.01119899
v -0.06908813 0.02050000 -0.00877579
v -0.06908813 0.02050000 -0.00877579
v -0.07220749 0.01670004 -0.01119899
v -0.07279400 0.01670003 -0.00971245
v -0.06908813 0.02050000 -0.00877579
v -0.07279400 0.01670003 -0.00971245
v -0.06959891 0.02050000 -0.00729228
v -0.07279400 0.01670003 -0.00971245
v -0.07305065 0.01669995 -0.00897286
v -0.06959891 0.02050000 -0.00729228
v -0.06959891 0.02050000 -0.00729228
v -0.07305065 0.01669995 -0.00897286
v -0.07347337 0.01669978 -0.00758050
v -0.06959891 0.02050000 -0.00729228
v -0.07347337 0.01669978 -0.00758050
v -0.06998271 0.02050000 -0.00590934
v -0.06998271 0.02050000 -0.00590934
v -0.07347337 0.01669978 -0.00758050
v -0.07355779 0.01669977 -0.00726761
v -0.06998271 0.02050000 -0.00590934
v -0.07355779 0.01669977 -0.00726761
v -0.07021230 0.02050000 -0.00488362
v -0.07355779 0.01669977 -0.00726761
v -0.07391405 0.01669990 -0.00574940
v -0.07021230 0.02050000 -0.00488362
v -0.07021230 0.02050000 -0.00488362
v -0.07391405 0.01669990 -0.00574940
v -0.07395528 0.01669992 -0.00554552
v -0.07021230 0.02050000 -0.00488362
v -0.07395528 0.01669992 -0.00554552
v -0.07052178 0.02050000 -0.00295987
v -0.07052178 0.02050000 -0.00295987
v -0.07395528 0.01669992 -0.00554552
v -0.07424439 0.01670006 -0.00380851
v -0.07052178 0.02050000 -0.00295987
v -0.07424439 0.01670006 -0.00380851
v -0.07057772 0.02050000 -0.00245256
v -0.07424439 0.01670006 -0.00380851
v -0.07435032 0.01670003 -0.00291709
v -0.07057772 0.02050000 -0.00245256
v -0.07057772 0.02050000 -0.00245256
v -0.07435032 0.01670003 -0.00291709
v -0.07442557 0.01669997 -0.00205836
v -0.07057772 0.02050000 -0.00245256
v -0.07442557 0.01669997 -0.00205836
v -0.07070000 0.02050000 0.00000001
v -0.07070000 0.02050000 0.00000001
v -0.07442557 0.01669997 -0.00205836
v -0.07449845 0.01669994 -0.00029670
v -0.07070000 0.02050000 0.00000001
v -0.07449845 0.01669994 -0.00029670
v -0.07450000 0.01670000 -0.00000000
v -0.01204462 0.02164766 -0.02250000
v -0.01411410 0.02073338 -0.02250100
v -0.01462860 0.02156696 -0.02153340
v -0.03395537 0.01670003 -0.02582976
v -0.03413042 0.01766927 -0.02484261
v -0.03355763 0.01670005 -0.02564612
v -0.03556129 0.02050000 -0.02238579
v -0.03395538 0.02050000 -0.02166427
v -0.03452390 0.01859984 -0.02399925
v -0.03452390 0.01859984 -0.02399925
v -0.03395538 0.02050000 -0.02166427
v -0.03334368 0.02050023 -0.02140589
v -0.03452390 0.01859984 -0.02399925
v -0.03334368 0.02050023 -0.02140589
v -0.03149671 0.01861347 -0.02272233
v -0.03355763 0.01670005 -0.02564612
v -0.03413042 0.01766927 -0.02484261
v -0.03157307 0.01670837 -0.02479207
v -0.03157307 0.01670837 -0.02479207
v -0.03413042 0.01766927 -0.02484261
v -0.03110147 0.01768766 -0.02356968
v -0.03157307 0.01670837 -0.02479207
v -0.03110147 0.01768766 -0.02356968
v -0.03069004 0.01672266 -0.02445133
v -0.02859222 0.01778669 -0.02275127
v -0.02859740 0.01680860 -0.02376061
v -0.03110147 0.01768766 -0.02356968
v -0.03110147 0.01768766 -0.02356968
v -0.02859740 0.01680860 -0.02376061
v -0.02977801 0.01674950 -0.02412905
v -0.03110147 0.01768766 -0.02356968
v -0.02977801 0.01674950 -0.02412905
v -0.03069004 0.01672266 -0.02445133
v -0.02395303 0.01841640 -0.02187958
v -0.02535521 0.01716478 -0.02304346
v -0.02621335 0.01802342 -0.02220672
v -0.02621335 0.01802342 -0.02220672
v -0.02535521 0.01716478 -0.02304346
v -0.02683616 0.01696239 -0.02331857
v -0.02621335 0.01802342 -0.02220672
v -0.02683616 0.01696239 -0.02331857
v -0.02859222 0.01778669 -0.02275127
v -0.02859222 0.01778669 -0.02275127
v -0.02683616 0.01696239 -0.02331857
v -0.02809913 0.01684340 -0.02362243
v -0.02859222 0.01778669 -0.02275127
v -0.02809913 0.01684340 -0.02362243
v -0.02859740 0.01680860 -0.02376061
v -0.02235494 0.01779309 -0.02270598
v -0.02289355 0.01765897 -0.02274898
v -0.02395303 0.01841640 -0.02187958
v -0.02395303 0.01841640 -0.02187958
v -0.02289355 0.01765897 -0.02274898
v -0.02386290 0.01744086 -0.02284401
v -0.02395303 0.01841640 -0.02187958
v -0.02386290 0.01744086 -0.02284401
v -0.02535521 0.01716478 -0.02304346
v -0.02235494 0.01779309 -0.02270598
v -0.02395303 0.01841640 -0.02187958
v -0.02170305 0.01796738 -0.02266198
v -0.02170305 0.01796738 -0.02266198
v -0.02395303 0.01841640 -0.02187958
v -0.02129165 0.01909482 -0.02166850
v -0.02170305 0.01796738 -0.02266198
v -0.02129165 0.01909482 -0.02166850
v -0.02087855 0.01820566 -0.02261727
v -0.01411410 0.02073338 -0.02250100
v -0.01460054 0.02052558 -0.02250194
v -0.01462860 0.02156696 -0.02153340
v -0.01462860 0.02156696 -0.02153340
v -0.01460054 0.02052558 -0.02250194
v -0.01610900 0.01990177 -0.02250851
v -0.01462860 0.02156696 -0.02153340
v -0.01610900 0.01990177 -0.02250851
v -0.01859064 0.01998813 -0.02157259
v -0.01859064 0.01998813 -0.02157259
v -0.01610900 0.01990177 -0.02250851
v -0.01803559 0.01915931 -0.02253053
v -0.01859064 0.01998813 -0.02157259
v -0.01803559 0.01915931 -0.02253053
v -0.02129165 0.01909482 -0.02166850
v -0.02129165 0.01909482 -0.02166850
v -0.01803559 0.01915931 -0.02253053
v -0.01989935 0.01851254 -0.02257733
v -0.02129165 0.01909482 -0.02166850
v -0.01989935 0.01851254 -0.02257733
v -0.02087855 0.01820566 -0.02261727
v -0.01502223 0.02241038 -0.02060419
v -0.01124191 0.02410752 -0.02060013
v -0.01084878 0.02326406 -0.02153071
v -0.01204464 0.02582976 -0.01870001
v -0.01124191 0.02410752 -0.02060013
v -0.01419864 0.02484449 -0.01870106
v -0.01419864 0.02484449 -0.01870106
v -0.01124191 0.02410752 -0.02060013
v -0.01502223 0.02241038 -0.02060419
v -0.01419864 0.02484449 -0.01870106
v -0.01502223 0.02241038 -0.02060419
v -0.01625990 0.02394619 -0.01870794
v -0.01898595 0.02083353 -0.02065013
v -0.02013599 0.02243592 -0.01877573
v -0.01823586 0.02314090 -0.01872916
v -0.01898595 0.02083353 -0.02065013
v -0.01823586 0.02314090 -0.01872916
v -0.01502223 0.02241038 -0.02060419
v -0.01502223 0.02241038 -0.02060419
v -0.01823586 0.02314090 -0.01872916
v -0.01742863 0.02346214 -0.01871796
v -0.01502223 0.02241038 -0.02060419
v -0.01742863 0.02346214 -0.01871796
v -0.01625990 0.02394619 -0.01870794
v -0.02013599 0.02243592 -0.01877573
v -0.01898595 0.02083353 -0.02065013
v -0.02196957 0.02183965 -0.01885943
v -0.02196957 0.02183965 -0.01885943
v -0.01898595 0.02083353 -0.02065013
v -0.02168799 0.01994770 -0.02075688
v -0.02196957 0.02183965 -0.01885943
v -0.02168799 0.01994770 -0.02075688
v -0.02226180 0.02175359 -0.01887754
v -0.02435210 0.01928481 -0.02098586
v -0.02377188 0.02135321 -0.01899833
v -0.02168799 0.01994770 -0.02075688
v -0.02168799 0.01994770 -0.02075688
v -0.02377188 0.02135321 -0.01899833
v -0.02296601 0.02155738 -0.01892783
v -0.02168799 0.01994770 -0.02075688
v -0.02296601 0.02155738 -0.01892783
v -0.02226180 0.02175359 -0.01887754
v -0.02661319 0.01891173 -0.02133166
v -0.02676710 0.02080089 -0.01941209
v -0.02435210 0.01928481 -0.02098586
v -0.02435210 0.01928481 -0.02098586
v -0.02676710 0.02080089 -0.01941209
v -0.02527129 0.02103521 -0.01917263
v -0.02435210 0.01928481 -0.02098586
v -0.02527129 0.02103521 -0.01917263
v -0.02377188 0.02135321 -0.01899833
v -0.02898957 0.01869712 -0.02189313
v -0.02801389 0.02066617 -0.01966960
v -0.02661319 0.01891173 -0.02133166
v -0.02661319 0.01891173 -0.02133166
v -0.02801389 0.02066617 -0.01966960
v -0.02742901 0.02072283 -0.01954190
v -0.02661319 0.01891173 -0.02133166
v -0.02742901 0.02072283 -0.01954190
v -0.02676710 0.02080089 -0.01941209
v -0.03334368 0.02050023 -0.02140589
v -0.03230363 0.02050350 -0.02099092
v -0.03149671 0.01861347 -0.02272233
v -0.03149671 0.01861347 -0.02272233
v -0.03230363 0.02050350 -0.02099092
v -0.03145216 0.02051166 -0.02067650
v -0.03149671 0.01861347 -0.02272233
v -0.03145216 0.02051166 -0.02067650
v -0.02898957 0.01869712 -0.02189313
v -0.02898957 0.01869712 -0.02189313
v -0.03145216 0.02051166 -0.02067650
v -0.02968995 0.02055900 -0.02010592
v -0.02898957 0.01869712 -0.02189313
v -0.02968995 0.02055900 -0.02010592
v -0.02801389 0.02066617 -0.01966960
v -0.01043863 0.02238585 -0.02249998
v -0.01204462 0.02164766 -0.02250000
v -0.01084878 0.02326406 -0.02153071
v -0.01084878 0.02326406 -0.02153071
v -0.01204462 0.02164766 -0.02250000
v -0.01462860 0.02156696 -0.02153340
v -0.01084878 0.02326406 -0.02153071
v -0.01462860 0.02156696 -0.02153340
v -0.01502223 0.02241038 -0.02060419
v -0.01502223 0.02241038 -0.02060419
v -0.01462860 0.02156696 -0.02153340
v -0.01859064 0.01998813 -0.02157259
v -0.01502223 0.02241038 -0.02060419
v -0.01859064 0.01998813 -0.02157259
v -0.01898595 0.02083353 -0.02065013
v -0.01898595 0.02083353 -0.02065013
v -0.01859064 0.01998813 -0.02157259
v -0.02129165 0.01909482 -0.02166850
v -0.01898595 0.02083353 -0.02065013
v -0.02129165 0.01909482 -0.02166850
v -0.02168799 0.01994770 -0.02075688
v -0.02168799 0.01994770 -0.02075688
v -0.02129165 0.01909482 -0.02166850
v -0.02395303 0.01841640 -0.02187958
v -0.02168799 0.01994770 -0.02075688
v -0.02395303 0.01841640 -0.02187958
v -0.02435210 0.01928481 -0.02098586
v -0.02435210 0.01928481 -0.02098586
v -0.02395303 0.01841640 -0.02187958
v -0.02621335 0.01802342 -0.02220672
v -0.02435210 0.01928481 -0.02098586
v -0.02621335 0.01802342 -0.02220672
v -0.02661319 0.01891173 -0.02133166
v -0.02661319 0.01891173 -0.02133166
v -0.02621335 0.01802342 -0.02220672
v -0.02859222 0.01778669 -0.02275127
v -0.02661319 0.01891173 -0.02133166
v -0.02859222 0.01778669 -0.02275127
v -0.02898957 0.01869712 -0.02189313
v -0.02898957 0.01869712 -0.02189313
v -0.02859222 0.01778669 -0.02275127
v -0.03110147 0.01768766 -0.02356968
v -0.02898957 0.01869712 -0.02189313
v -0.03110147 0.01768766 -0.02356968
v -0.03149671 0.01861347 -0.02272233
v -0.03149671 0.01861347 -0.02272233
v -0.03110147 0.01768766 -0.02356968
v -0.03413042 0.01766927 -0.02484261
v -0.03149671 0.01861347 -0.02272233
v -0.03413042 0.01766927 -0.02484261
v -0.03452390 0.01859984 -0.02399925
v -0.03452390 0.01859984 -0.02399925
v -0.03413042 0.01766927 -0.02484261
v -0.03395537 0.01670003 -0.02582976
v -0.03452390 0.01859984 -0.02399925
v -0.03395537 0.01670003 -0.02582976
v -0.03556129 0.02050000 -0.02238579
v -0.01043874 -0.02238577 -0.02249998
v -0.01154650 -0.02396759 -0.02060003
v -0.01204462 -0.02168830 -0.02250000
v -0.01204461 -0.02582978 -0.01870000
v -0.01193966 -0.02481001 -0.01967046
v -0.01163449 -0.02495028 -0.01967042
v -0.03556126 -0.02249998 -0.02238577
v -0.03515188 -0.02152958 -0.02326562
v -0.03395538 -0.02250000 -0.02168830
v -0.03395538 -0.02250000 -0.02168830
v -0.03515188 -0.02152958 -0.02326562
v -0.03261834 -0.02153102 -0.02221241
v -0.03395538 -0.02250000 -0.02168830
v -0.03261834 -0.02153102 -0.02221241
v -0.03360757 -0.02250001 -0.02155026
v -0.03360757 -0.02250001 -0.02155026
v -0.03261834 -0.02153102 -0.02221241
v -0.03303059 -0.02250025 -0.02133109
v -0.02679746 -0.02164586 -0.02062326
v -0.02721407 -0.02259431 -0.01971803
v -0.02803026 -0.02256422 -0.01988581
v -0.02679746 -0.02164586 -0.02062326
v -0.02803026 -0.02256422 -0.01988581
v -0.02979127 -0.02155435 -0.02131043
v -0.02803026 -0.02256422 -0.01988581
v -0.02865792 -0.02254602 -0.02002650
v -0.02979127 -0.02155435 -0.02131043
v -0.02979127 -0.02155435 -0.02131043
v -0.02865792 -0.02254602 -0.02002650
v -0.02993316 -0.02252028 -0.02034610
v -0.02979127 -0.02155435 -0.02131043
v -0.02993316 -0.02252028 -0.02034610
v -0.03261834 -0.02153102 -0.02221241
v -0.03261834 -0.02153102 -0.02221241
v -0.02993316 -0.02252028 -0.02034610
v -0.03179348 -0.02250319 -0.02090025
v -0.03261834 -0.02153102 -0.02221241
v -0.03179348 -0.02250319 -0.02090025
v -0.03303059 -0.02250025 -0.02133109
v -0.02058127 -0.02225930 -0.01986416
v -0.02109349 -0.02315299 -0.01892551
v -0.02207366 -0.02301390 -0.01900460
v -0.02058127 -0.02225930 -0.01986416
v -0.02207366 -0.02301390 -0.01900460
v -0.02375251 -0.02185712 -0.02015549
v -0.02207366 -0.02301390 -0.01900460
v -0.02300905 -0.02290148 -0.01909520
v -0.02375251 -0.02185712 -0.02015549
v -0.02375251 -0.02185712 -0.02015549
v -0.02300905 -0.02290148 -0.01909520
v -0.02408761 -0.02279410 -0.01921962
v -0.02375251 -0.02185712 -0.02015549
v -0.02408761 -0.02279410 -0.01921962
v -0.02679746 -0.02164586 -0.02062326
v -0.02679746 -0.02164586 -0.02062326
v -0.02408761 -0.02279410 -0.01921962
v -0.02610635 -0.02264841 -0.01951629
v -0.02679746 -0.02164586 -0.02062326
v -0.02610635 -0.02264841 -0.01951629
v -0.02721407 -0.02259431 -0.01971803
v -0.02109349 -0.02315299 -0.01892551
v -0.02058127 -0.02225930 -0.01986416
v -0.01919276 -0.02349268 -0.01881319
v -0.01919276 -0.02349268 -0.01881319
v -0.02058127 -0.02225930 -0.01986416
v -0.01745910 -0.02289805 -0.01972289
v -0.01919276 -0.02349268 -0.01881319
v -0.01745910 -0.02289805 -0.01972289
v -0.01787283 -0.02378961 -0.01876236
v -0.01455756 -0.02376341 -0.01967681
v -0.01497018 -0.02464502 -0.01870820
v -0.01553438 -0.02445533 -0.01871381
v -0.01455756 -0.02376341 -0.01967681
v -0.01553438 -0.02445533 -0.01871381
v -0.01745910 -0.02289805 -0.01972289
v -0.01745910 -0.02289805 -0.01972289
v -0.01553438 -0.02445533 -0.01871381
v -0.01734075 -0.02392478 -0.01874712
v -0.01745910 -0.02289805 -0.01972289
v -0.01734075 -0.02392478 -0.01874712
v -0.01787283 -0.02378961 -0.01876236
v -0.01193966 -0.02481001 -0.01967046
v -0.01204461 -0.02582978 -0.01870000
v -0.01455756 -0.02376341 -0.01967681
v -0.01455756 -0.02376341 -0.01967681
v -0.01204461 -0.02582978 -0.01870000
v -0.01376968 -0.02508909 -0.01870172
v -0.01455756 -0.02376341 -0.01967681
v -0.01376968 -0.02508909 -0.01870172
v -0.01497018 -0.02464502 -0.01870820
v -0.01204462 -0.02168830 -0.02250000
v -0.01154650 -0.02396759 -0.02060003
v -0.01238720 -0.02155229 -0.02250001
v -0.01238720 -0.02155229 -0.02250001
v -0.01154650 -0.02396759 -0.02060003
v -0.01416217 -0.02291857 -0.02060444
v -0.01238720 -0.02155229 -0.02250001
v -0.01416217 -0.02291857 -0.02060444
v -0.01335438 -0.02119142 -0.02250070
v -0.01625253 -0.02029664 -0.02252305
v -0.01606120 -0.02034763 -0.02252007
v -0.01706263 -0.02204363 -0.02064279
v -0.01706263 -0.02204363 -0.02064279
v -0.01606120 -0.02034763 -0.02252007
v -0.01458715 -0.02077797 -0.02250513
v -0.01706263 -0.02204363 -0.02064279
v -0.01458715 -0.02077797 -0.02250513
v -0.01416217 -0.02291857 -0.02060444
v -0.01416217 -0.02291857 -0.02060444
v -0.01458715 -0.02077797 -0.02250513
v -0.01420105 -0.02090204 -0.02250313
v -0.01416217 -0.02291857 -0.02060444
v -0.01420105 -0.02090204 -0.02250313
v -0.01335438 -0.02119142 -0.02250070
v -0.01625253 -0.02029664 -0.02252305
v -0.01706263 -0.02204363 -0.02064279
v -0.01796399 -0.01988706 -0.02256376
v -0.01796399 -0.01988706 -0.02256376
v -0.01706263 -0.02204363 -0.02064279
v -0.02018114 -0.02138888 -0.02076963
v -0.01796399 -0.01988706 -0.02256376
v -0.02018114 -0.02138888 -0.02076963
v -0.01988267 -0.01951815 -0.02264729
v -0.01988267 -0.01951815 -0.02264729
v -0.02018114 -0.02138888 -0.02076963
v -0.02190144 -0.01922100 -0.02279236
v -0.02190144 -0.01922100 -0.02279236
v -0.02018114 -0.02138888 -0.02076963
v -0.02334994 -0.02096663 -0.02104144
v -0.02190144 -0.01922100 -0.02279236
v -0.02334994 -0.02096663 -0.02104144
v -0.02298935 -0.01909538 -0.02290040
v -0.02680879 -0.01881314 -0.02349199
v -0.02583327 -0.01886442 -0.02330537
v -0.02639822 -0.02073728 -0.02149026
v -0.02639822 -0.02073728 -0.02149026
v -0.02583327 -0.01886442 -0.02330537
v -0.02490983 -0.01892529 -0.02315244
v -0.02639822 -0.02073728 -0.02149026
v -0.02490983 -0.01892529 -0.02315244
v -0.02334994 -0.02096663 -0.02104144
v -0.02334994 -0.02096663 -0.02104144
v -0.02490983 -0.01892529 -0.02315244
v -0.02391521 -0.01900561 -0.02301146
v -0.02334994 -0.02096663 -0.02104144
v -0.02391521 -0.01900561 -0.02301146
v -0.02298935 -0.01909538 -0.02290040
v -0.02680879 -0.01881314 -0.02349199
v -0.02639822 -0.02073728 -0.02149026
v -0.02865932 -0.01874714 -0.02392405
v -0.02865932 -0.01874714 -0.02392405
v -0.02639822 -0.02073728 -0.02149026
v -0.02939509 -0.02063285 -0.02216299
v -0.02865932 -0.01874714 -0.02392405
v -0.02939509 -0.02063285 -0.02216299
v -0.03046513 -0.01871381 -0.02445480
v -0.03046513 -0.01871381 -0.02445480
v -0.02939509 -0.02063285 -0.02216299
v -0.03222320 -0.02060278 -0.02305659
v -0.03046513 -0.01871381 -0.02445480
v -0.03222320 -0.02060278 -0.02305659
v -0.03140856 -0.01870545 -0.02477884
v -0.03140856 -0.01870545 -0.02477884
v -0.03222320 -0.02060278 -0.02305659
v -0.03357085 -0.02060025 -0.02358356
v -0.03140856 -0.01870545 -0.02477884
v -0.03357085 -0.02060025 -0.02358356
v -0.03222976 -0.01870172 -0.02508876
v -0.03222976 -0.01870172 -0.02508876
v -0.03357085 -0.02060025 -0.02358356
v -0.03475888 -0.02060000 -0.02410804
v -0.03222976 -0.01870172 -0.02508876
v -0.03475888 -0.02060000 -0.02410804
v -0.03395539 -0.01870000 -0.02582978
v -0.01043874 -0.02238577 -0.02249998
v -0.01163449 -0.02495028 -0.01967042
v -0.01154650 -0.02396759 -0.02060003
v -0.01154650 -0.02396759 -0.02060003
v -0.01163449 -0.02495028 -0.01967042
v -0.01193966 -0.02481001 -0.01967046
v -0.01154650 -0.02396759 -0.02060003
v -0.01193966 -0.02481001 -0.01967046
v -0.01416217 -0.02291857 -0.02060444
v -0.01416217 -0.02291857 -0.02060444
v -0.01193966 -0.02481001 -0.01967046
v -0.01455756 -0.02376341 -0.01967681
v -0.01416217 -0.02291857 -0.02060444
v -0.01455756 -0.02376341 -0.01967681
v -0.01706263 -0.02204363 -0.02064279
v -0.01706263 -0.02204363 -0.02064279
v -0.01455756 -0.02376341 -0.01967681
v -0.01745910 -0.02289805 -0.01972289
v -0.01706263 -0.02204363 -0.02064279
v -0.01745910 -0.02289805 -0.01972289
v -0.02018114 -0.02138888 -0.02076963
v -0.02018114 -0.02138888 -0.02076963
v -0.01745910 -0.02289805 -0.01972289
v -0.02058127 -0.02225930 -0.01986416
v -0.02018114 -0.02138888 -0.02076963
v -0.02058127 -0.02225930 -0.01986416
v -0.02334994 -0.02096663 -0.02104144
v -0.02334994 -0.02096663 -0.02104144
v -0.02058127 -0.02225930 -0.01986416
v -0.02375251 -0.02185712 -0.02015549
v -0.02334994 -0.02096663 -0.02104144
v -0.02375251 -0.02185712 -0.02015549
v -0.02639822 -0.02073728 -0.02149026
v -0.02639822 -0.02073728 -0.02149026
v -0.02375251 -0.02185712 -0.02015549
v -0.02679746 -0.02164586 -0.02062326
v -0.02639822 -0.02073728 -0.02149026
v -0.02679746 -0.02164586 -0.02062326
v -0.02939509 -0.02063285 -0.02216299
v -0.02939509 -0.02063285 -0.02216299
v -0.02679746 -0.02164586 -0.02062326
v -0.02979127 -0.02155435 -0.02131043
v -0.02939509 -0.02063285 -0.02216299
v -0.02979127 -0.02155435 -0.02131043
v -0.03222320 -0.02060278 -0.02305659
v -0.03222320 -0.02060278 -0.02305659
v -0.02979127 -0.02155435 -0.02131043
v -0.03261834 -0.02153102 -0.02221241
v -0.03222320 -0.02060278 -0.02305659
v -0.03261834 -0.02153102 -0.02221241
v -0.03357085 -0.02060025 -0.02358356
v -0.03357085 -0.02060025 -0.02358356
v -0.03261834 -0.02153102 -0.02221241
v -0.03515188 -0.02152958 -0.02326562
v -0.03357085 -0.02060025 -0.02358356
v -0.03515188 -0.02152958 -0.02326562
v -0.03475888 -0.02060000 -0.02410804
v -0.01204463 -0.02582976 0.01670003
v -0.01186341 -0.02484392 0.01767059
v -0.01248121 -0.02562845 0.01670010
v -0.01043872 -0.02238578 0.02049999
v -0.01204461 -0.02166514 0.02050000
v -0.01147048 -0.02400177 0.01859987
v -0.01147048 -0.02400177 0.01859987
v -0.01204461 -0.02166514 0.02050000
v -0.01267080 -0.02140151 0.02050028
v -0.01147048 -0.02400177 0.01859987
v -0.01267080 -0.02140151 0.02050028
v -0.01447619 -0.02273508 0.01861367
v -0.01248121 -0.02562845 0.01670010
v -0.01186341 -0.02484392 0.01767059
v -0.01444100 -0.02478840 0.01670964
v -0.01444100 -0.02478840 0.01670964
v -0.01186341 -0.02484392 0.01767059
v -0.01487095 -0.02358122 0.01768955
v -0.01444100 -0.02478840 0.01670964
v -0.01487095 -0.02358122 0.01768955
v -0.01528331 -0.02446462 0.01672420
v -0.01737981 -0.02276504 0.01779061
v -0.01740199 -0.02376847 0.01681405
v -0.01487095 -0.02358122 0.01768955
v -0.01487095 -0.02358122 0.01768955
v -0.01740199 -0.02376847 0.01681405
v -0.01622349 -0.02413386 0.01675305
v -0.01487095 -0.02358122 0.01768955
v -0.01622349 -0.02413386 0.01675305
v -0.01528331 -0.02446462 0.01672420
v -0.02204842 -0.02188799 0.01842806
v -0.02062297 -0.02305810 0.01717152
v -0.01977406 -0.02221795 0.01803109
v -0.01977406 -0.02221795 0.01803109
v -0.02062297 -0.02305810 0.01717152
v -0.01913167 -0.02333587 0.01696713
v -0.01977406 -0.02221795 0.01803109
v -0.01913167 -0.02333587 0.01696713
v -0.01737981 -0.02276504 0.01779061
v -0.01737981 -0.02276504 0.01779061
v -0.01913167 -0.02333587 0.01696713
v -0.01789852 -0.02363165 0.01684958
v -0.01737981 -0.02276504 0.01779061
v -0.01789852 -0.02363165 0.01684958
v -0.01740199 -0.02376847 0.01681405
v -0.02364236 -0.02271514 0.01780332
v -0.02310112 -0.02275906 0.01766880
v -0.02204842 -0.02188799 0.01842806
v -0.02204842 -0.02188799 0.01842806
v -0.02310112 -0.02275906 0.01766880
v -0.02212456 -0.02285598 0.01744935
v -0.02204842 -0.02188799 0.01842806
v -0.02212456 -0.02285598 0.01744935
v -0.02062297 -0.02305810 0.01717152
v -0.02364236 -0.02271514 0.01780332
v -0.02204842 -0.02188799 0.01842806
v -0.02427039 -0.02267175 0.01797057
v -0.02427039 -0.02267175 0.01797057
v -0.02204842 -0.02188799 0.01842806
v -0.02469425 -0.02167493 0.01910153
v -0.02427039 -0.02267175 0.01797057
v -0.02469425 -0.02167493 0.01910153
v -0.02510839 -0.02262487 0.01821153
v -0.02741021 -0.02157483 0.01999656
v -0.02795321 -0.02253402 0.01916146
v -0.02469425 -0.02167493 0.01910153
v -0.02469425 -0.02167493 0.01910153
v -0.02795321 -0.02253402 0.01916146
v -0.02608247 -0.02258358 0.01851532
v -0.02469425 -0.02167493 0.01910153
v -0.02608247 -0.02258358 0.01851532
v -0.02510839 -0.02262487 0.01821153
v -0.03395538 -0.02250000 0.02164796
v -0.03188397 -0.02250138 0.02073416
v -0.03138636 -0.02153249 0.02157675
v -0.03138636 -0.02153249 0.02157675
v -0.03188397 -0.02250138 0.02073416
v -0.02988526 -0.02251004 0.01990320
v -0.03138636 -0.02153249 0.02157675
v -0.02988526 -0.02251004 0.01990320
v -0.02741021 -0.02157483 0.01999656
v -0.02741021 -0.02157483 0.01999656
v -0.02988526 -0.02251004 0.01990320
v -0.02867463 -0.02252258 0.01943034
v -0.02741021 -0.02157483 0.01999656
v -0.02867463 -0.02252258 0.01943034
v -0.02795321 -0.02253402 0.01916146
v -0.03099312 -0.02060479 0.02241918
v -0.03475804 -0.02060007 0.02410756
v -0.03515062 -0.02152935 0.02326528
v -0.03395536 -0.01870001 0.02582976
v -0.03475804 -0.02060007 0.02410756
v -0.03179712 -0.01870149 0.02484363
v -0.03179712 -0.01870149 0.02484363
v -0.03475804 -0.02060007 0.02410756
v -0.03099312 -0.02060479 0.02241918
v -0.03179712 -0.01870149 0.02484363
v -0.03099312 -0.02060479 0.02241918
v -0.02972869 -0.01870976 0.02394494
v -0.02972869 -0.01870976 0.02394494
v -0.03099312 -0.02060479 0.02241918
v -0.02774351 -0.01873332 0.02313955
v -0.02774351 -0.01873332 0.02313955
v -0.03099312 -0.02060479 0.02241918
v -0.02701517 -0.02065415 0.02084117
v -0.02774351 -0.01873332 0.02313955
v -0.02701517 -0.02065415 0.02084117
v -0.02583320 -0.01878314 0.02243449
v -0.02583320 -0.01878314 0.02243449
v -0.02701517 -0.02065415 0.02084117
v -0.02398949 -0.01887092 0.02183809
v -0.02398949 -0.01887092 0.02183809
v -0.02701517 -0.02065415 0.02084117
v -0.02429830 -0.02076520 0.01995331
v -0.02398949 -0.01887092 0.02183809
v -0.02429830 -0.02076520 0.01995331
v -0.02373513 -0.01888713 0.02176342
v -0.02164990 -0.02099579 0.01929462
v -0.02070956 -0.01918747 0.02104097
v -0.02221679 -0.01901066 0.02136100
v -0.02164990 -0.02099579 0.01929462
v -0.02221679 -0.01901066 0.02136100
v -0.02429830 -0.02076520 0.01995331
v -0.02429830 -0.02076520 0.01995331
v -0.02221679 -0.01901066 0.02136100
v -0.02310606 -0.01893245 0.02158747
v -0.02429830 -0.02076520 0.01995331
v -0.02310606 -0.01893245 0.02158747
v -0.02373513 -0.01888713 0.02176342
v -0.02070956 -0.01918747 0.02104097
v -0.02164990 -0.02099579 0.01929462
v -0.01920645 -0.01942908 0.02080470
v -0.01920645 -0.01942908 0.02080470
v -0.02164990 -0.02099579 0.01929462
v -0.01937479 -0.02134415 0.01891721
v -0.01920645 -0.01942908 0.02080470
v -0.01937479 -0.02134415 0.01891721
v -0.01855978 -0.01955584 0.02072785
v -0.01698297 -0.02190807 0.01869892
v -0.01740739 -0.01981863 0.02062484
v -0.01937479 -0.02134415 0.01891721
v -0.01937479 -0.02134415 0.01891721
v -0.01740739 -0.01981863 0.02062484
v -0.01798394 -0.01968108 0.02067124
v -0.01937479 -0.02134415 0.01891721
v -0.01798394 -0.01968108 0.02067124
v -0.01855978 -0.01955584 0.02072785
v -0.01267080 -0.02140151 0.02050028
v -0.01366954 -0.02100443 0.02050363
v -0.01447619 -0.02273508 0.01861367
v -0.01447619 -0.02273508 0.01861367
v -0.01366954 -0.02100443 0.02050363
v -0.01455051 -0.02068047 0.02051247
v -0.01447619 -0.02273508 0.01861367
v -0.01455051 -0.02068047 0.02051247
v -0.01698297 -0.02190807 0.01869892
v -0.01698297 -0.02190807 0.01869892
v -0.01455051 -0.02068047 0.02051247
v -0.01630815 -0.02011489 0.02056153
v -0.01698297 -0.02190807 0.01869892
v -0.01630815 -0.02011489 0.02056153
v -0.01740739 -0.01981863 0.02062484
v -0.03556137 -0.02249998 0.02238585
v -0.03395538 -0.02250000 0.02164796
v -0.03515062 -0.02152935 0.02326528
v -0.03515062 -0.02152935 0.02326528
v -0.03395538 -0.02250000 0.02164796
v -0.03138636 -0.02153249 0.02157675
v -0.03515062 -0.02152935 0.02326528
v -0.03138636 -0.02153249 0.02157675
v -0.03099312 -0.02060479 0.02241918
v -0.03099312 -0.02060479 0.02241918
v -0.03138636 -0.02153249 0.02157675
v -0.02741021 -0.02157483 0.01999656
v -0.03099312 -0.02060479 0.02241918
v -0.02741021 -0.02157483 0.01999656
v -0.02701517 -0.02065415 0.02084117
v -0.02701517 -0.02065415 0.02084117
v -0.02741021 -0.02157483 0.01999656
v -0.02469425 -0.02167493 0.01910153
v -0.02701517 -0.02065415 0.02084117
v -0.02469425 -0.02167493 0.01910153
v -0.02429830 -0.02076520 0.01995331
v -0.02429830 -0.02076520 0.01995331
v -0.02469425 -0.02167493 0.01910153
v -0.02204842 -0.02188799 0.01842806
v -0.02429830 -0.02076520 0.01995331
v -0.02204842 -0.02188799 0.01842806
v -0.02164990 -0.02099579 0.01929462
v -0.02164990 -0.02099579 0.01929462
v -0.02204842 -0.02188799 0.01842806
v -0.01977406 -0.02221795 0.01803109
v -0.02164990 -0.02099579 0.01929462
v -0.01977406 -0.02221795 0.01803109
v -0.01937479 -0.02134415 0.01891721
v -0.01937479 -0.02134415 0.01891721
v -0.01977406 -0.02221795 0.01803109
v -0.01737981 -0.02276504 0.01779061
v -0.01937479 -0.02134415 0.01891721
v -0.01737981 -0.02276504 0.01779061
v -0.01698297 -0.02190807 0.01869892
v -0.01698297 -0.02190807 0.01869892
v -0.01737981 -0.02276504 0.01779061
v -0.01487095 -0.02358122 0.01768955
v -0.01698297 -0.02190807 0.01869892
v -0.01487095 -0.02358122 0.01768955
v -0.01447619 -0.02273508 0.01861367
v -0.01447619 -0.02273508 0.01861367
v -0.01487095 -0.02358122 0.01768955
v -0.01186341 -0.02484392 0.01767059
v -0.01447619 -0.02273508 0.01861367
v -0.01186341 -0.02484392 0.01767059
v -0.01147048 -0.02400177 0.01859987
v -0.01147048 -0.02400177 0.01859987
v -0.01186341 -0.02484392 0.01767059
v -0.01204463 -0.02582976 0.01670003
v -0.01147048 -0.02400177 0.01859987
v -0.01204463 -0.02582976 0.01670003
v -0.01043872 -0.02238578 0.02049999
v -0.03556135 0.02050001 0.02238585
v -0.03395540 0.01670003 0.02582980
v -0.03395538 0.02050000 0.02164382
v -0.03395538 0.02050000 0.02164382
v -0.03395540 0.01670003 0.02582980
v -0.03273633 0.01670595 0.02526545
v -0.03395538 0.02050000 0.02164382
v -0.03273633 0.01670595 0.02526545
v -0.03227341 0.02051144 0.02088664
v -0.03227341 0.02051144 0.02088664
v -0.03273633 0.01670595 0.02526545
v -0.03169139 0.01672237 0.02478966
v -0.03227341 0.02051144 0.02088664
v -0.03169139 0.01672237 0.02478966
v -0.03064335 0.02055065 0.02018079
v -0.03169139 0.01672237 0.02478966
v -0.02923573 0.01681355 0.02371372
v -0.03064335 0.02055065 0.02018079
v -0.03064335 0.02055065 0.02018079
v -0.02923573 0.01681355 0.02371372
v -0.02861071 0.01685194 0.02345268
v -0.03064335 0.02055065 0.02018079
v -0.02861071 0.01685194 0.02345268
v -0.02973137 0.02058887 0.01980285
v -0.02973137 0.02058887 0.01980285
v -0.02861071 0.01685194 0.02345268
v -0.02812176 0.01688722 0.02325309
v -0.02973137 0.02058887 0.01980285
v -0.02812176 0.01688722 0.02325309
v -0.02905749 0.02062646 0.01953287
v -0.02905749 0.02062646 0.01953287
v -0.02812176 0.01688722 0.02325309
v -0.02709597 0.01697765 0.02284954
v -0.02905749 0.02062646 0.01953287
v -0.02709597 0.01697765 0.02284954
v -0.02750887 0.02074930 0.01894736
v -0.02586086 0.02094889 0.01838947
v -0.02598813 0.02093057 0.01842981
v -0.02382719 0.01744242 0.02174548
v -0.02382719 0.01744242 0.02174548
v -0.02598813 0.02093057 0.01842981
v -0.02750887 0.02074930 0.01894736
v -0.02382719 0.01744242 0.02174548
v -0.02750887 0.02074930 0.01894736
v -0.02538187 0.01718408 0.02223117
v -0.02538187 0.01718408 0.02223117
v -0.02750887 0.02074930 0.01894736
v -0.02709597 0.01697765 0.02284954
v -0.02586086 0.02094889 0.01838947
v -0.02382719 0.01744242 0.02174548
v -0.02448428 0.02118172 0.01798467
v -0.02448428 0.02118172 0.01798467
v -0.02382719 0.01744242 0.02174548
v -0.02300867 0.01760884 0.02152326
v -0.02448428 0.02118172 0.01798467
v -0.02300867 0.01760884 0.02152326
v -0.02366560 0.02135205 0.01777232
v -0.02366560 0.02135205 0.01777232
v -0.02300867 0.01760884 0.02152326
v -0.02233381 0.01776238 0.02135850
v -0.02366560 0.02135205 0.01777232
v -0.02233381 0.01776238 0.02135850
v -0.02305585 0.02149517 0.01762822
v -0.02305585 0.02149517 0.01762822
v -0.02233381 0.01776238 0.02135850
v -0.02127290 0.01803358 0.02113423
v -0.02305585 0.02149517 0.01762822
v -0.02127290 0.01803358 0.02113423
v -0.02218248 0.02172437 0.01744315
v -0.02218248 0.02172437 0.01744315
v -0.02127290 0.01803358 0.02113423
v -0.02018503 0.01834989 0.02094739
v -0.02218248 0.02172437 0.01744315
v -0.02018503 0.01834989 0.02094739
v -0.02067440 0.02218586 0.01718196
v -0.02018503 0.01834989 0.02094739
v -0.01979221 0.01847351 0.02089023
v -0.02067440 0.02218586 0.01718196
v -0.02067440 0.02218586 0.01718196
v -0.01979221 0.01847351 0.02089023
v -0.01830488 0.01898482 0.02071862
v -0.02067440 0.02218586 0.01718196
v -0.01830488 0.01898482 0.02071862
v -0.02025261 0.02232886 0.01712175
v -0.02025261 0.02232886 0.01712175
v -0.01830488 0.01898482 0.02071862
v -0.01905168 0.02276569 0.01697794
v -0.01905168 0.02276569 0.01697794
v -0.01830488 0.01898482 0.02071862
v -0.01679714 0.01956303 0.02060656
v -0.01905168 0.02276569 0.01697794
v -0.01679714 0.01956303 0.02060656
v -0.01772793 0.02329051 0.01686187
v -0.01772793 0.02329051 0.01686187
v -0.01679714 0.01956303 0.02060656
v -0.01612293 0.01983771 0.02057260
v -0.01772793 0.02329051 0.01686187
v -0.01612293 0.01983771 0.02057260
v -0.01721335 0.02350456 0.01682739
v -0.01721335 0.02350456 0.01682739
v -0.01612293 0.01983771 0.02057260
v -0.01525765 0.02020259 0.02054073
v -0.01721335 0.02350456 0.01682739
v -0.01525765 0.02020259 0.02054073
v -0.01484389 0.02454158 0.01672974
v -0.01525765 0.02020259 0.02054073
v -0.01367692 0.02089794 0.02050871
v -0.01484389 0.02454158 0.01672974
v -0.01484389 0.02454158 0.01672974
v -0.01367692 0.02089794 0.02050871
v -0.01204462 0.02164082 0.02050000
v -0.01484389 0.02454158 0.01672974
v -0.01204462 0.02164082 0.02050000
v -0.01324483 0.02527250 0.01670455
v -0.01324483 0.02527250 0.01670455
v -0.01204462 0.02164082 0.02050000
v -0.01043867 0.02238585 0.02050002
v -0.01324483 0.02527250 0.01670455
v -0.01043867 0.02238585 0.02050002
v -0.01204463 0.02582979 0.01670003
vn -0.00001160 -0.00000000 1.00000000
vn -0.00001160 -0.00000000 1.00000000
vn -0.00001160 -0.00000000 1.00000000
vn 0.00000324 -0.00000054 1.00000000
vn 0.00000324 -0.00000054 1.00000000
vn 0.00000324 -0.00000054 1.00000000
vn 0.00001034 -0.00000054 1.00000000
vn 0.00001034 -0.00000054 1.00000000
vn 0.00001034 -0.00000054 1.00000000
vn -0.00000002 -0.00000011 1.00000000
vn -0.00000002 -0.00000011 1.00000000
vn -0.00000002 -0.00000011 1.00000000
vn -0.00000001 -0.00000012 1.00000000
vn -0.00000001 -0.00000012 1.00000000
vn -0.00000001 -0.00000012 1.00000000
vn 0.00000000 -0.00000012 1.00000000
vn 0.00000000 -0.00000012 1.00000000
vn 0.00000000 -0.00000012 1.00000000
vn 0.00000001 -0.00000012 1.00000000
vn 0.00000001 -0.00000012 1.00000000
vn 0.00000001 -0.00000012 1.00000000
vn 0.00000003 -0.00000012 1.00000000
vn 0.00000003 -0.00000012 1.00000000
vn 0.00000003 -0.00000012 1.00000000
vn 0.00000004 -0.00000012 1.00000000
vn 0.00000004 -0.00000012 1.00000000
vn 0.00000004 -0.00000012 1.00000000
vn 0.00000000 0.00000000 1.00000000
vn 0.00000000 0.00000000 1.00000000
vn 0.00000000 0.00000000 1.00000000
vn 0.00000000 0.00000000 1.00000000
vn 0.00000000 0.00000000 1.00000000
vn 0.00000000 0.00000000 1.00000000
vn 0.00000000 0.00000000 1.00000000
vn 0.00000000 0.00000000 1.00000000
vn 0.00000000 0.00000000 1.00000000
vn 0.00000000 0.00000000 1.00000000
vn 0.00000000 0.00000000 1.00000000
vn 0.00000000 0.00000000 1.00000000
vn 0.00000000 0.00000000 1.00000000
vn 0.00000000 0.00000000 1.00000000
vn 0.00000000 0.00000000 1.00000000
vn 0.00000000 0.00000000 1.00000000
vn 0.00000000 0.00000000 1.00000000
vn 0.00000000 0.00000000 1.00000000
vn 0.00000000 0.00000000 1.00000000
vn 0.00000000 0.00000000 1.00000000
vn 0.00000000 0.00000000 1.00000000
vn -0.00157224 0.00075180 0.99999848
vn -0.00157224 0.00075180 0.99999848
vn -0.00157224 0.00075180 0.99999848
vn -0.00000004 -0.00000010 1.00000000
vn -0.00000004 -0.00000010 1.00000000
vn -0.00000004 -0.00000010 1.00000000
vn -0.00000003 -0.00000011 1.00000000
vn -0.00000003 -0.00000011 1.00000000
vn -0.00000003 -0.00000011 1.00000000
vn 0.00000000 0.00000000 1.00000000
vn 0.00000000 0.00000000 1.00000000
vn 0.00000000 0.00000000 1.00000000
vn 0.00000000 0.00000000 1.00000000
vn 0.00000000 0.00000000 1.00000000
vn 0.00000000 0.00000000 1.00000000
vn 0.00000000 0.00000000 1.00000000
vn 0.00000000 0.00000000 1.00000000
vn 0.00000000 0.00000000 1.00000000
vn 0.00000000 0.00000000 1.00000000
vn 0.00000000 0.00000000 1.00000000
vn 0.00000000 0.00000000 1.00000000
vn 0.00000000 0.00000000 1.00000000
vn 0.00000000 0.00000000 1.00000000
vn 0.00000000 0.00000000 1.00000000
vn 0.00000000 0.00000000 1.00000000
vn 0.00000000 0.00000000 1.00000000
vn 0.00000000 0.00000000 1.00000000
vn 0.00000000 0.00000000 1.00000000
vn 0.00000000 0.00000000 1.00000000
vn 0.00000000 0.00000000 1.00000000
vn 0.00000000 0.00000000 1.00000000
vn 0.00000000 0.00000000 1.00000000
vn 0.00000000 0.00000000 1.00000000
vn 0.00000000 0.00000000 1.00000000
vn 0.00000000 0.00000000 1.00000000
vn 0.00000000 0.00000000 1.00000000
vn 0.00000000 0.00000000 1.00000000
vn 0.00000000 0.00000000 1.00000000
vn 0.00000000 0.00000000 1.00000000
vn 0.00000000 0.00000000 1.00000000
vn 0.00000000 0.00000000 1.00000000
vn 0.00000000 0.00000000 1.00000000
vn 0.00000000 0.00000000 1.00000000
vn 0.00000000 0.00000000 1.00000000
vn 0.00000000 0.00000000 1.00000000
vn 0.00000000 0.00000000 1.00000000
vn 0.00000000 0.00000000 1.00000000
vn 0.00000000 0.00000000 1.00000000
vn 0.00000000 0.00000000 1.00000000
vn 0.00000000 0.00000000 1.00000000
vn 0.00000000 0.00000000 1.00000000
vn 0.00000000 0.00000000 1.00000000
vn 0.00000000 0.00000000 1.00000000
vn 0.00000000 0.00000000 1.00000000
vn 0.00000000 0.00000000 1.00000000
vn 0.00000000 0.00000000 1.00000000
vn 0.00000000 0.00000000 1.00000000
vn 0.00000000 0.00000000 1.00000000
vn 0.00000000 0.00000000 1.00000000
vn 0.00000000 0.00000000 1.00000000
vn 0.00000000 0.00000000 1.00000000
vn 0.00000000 0.00000000 1.00000000
vn 0.00000000 0.00000000 1.00000000
vn 0.00000000 0.00000000 1.00000000
vn 0.00000000 0.00000000 1.00000000
vn 0.00000000 0.00000000 1.00000000
vn 0.00000000 0.00000000 1.00000000
vn 0.00000000 0.00000000 1.00000000
vn 0.00000000 0.00000000 1.00000000
vn 0.00000000 0.00000000 1.00000000
vn 0.00000000 0.00000000 1.00000000
vn 0.00000000 0.00000000 1.00000000
vn 0.00000000 0.00000000 1.00000000
vn 0.00000000 0.00000000 1.00000000
vn 0.00000000 0.00000000 1.00000000
vn 0.00000000 0.00000000 1.00000000
vn 0.00000000 0.00000000 1.00000000
vn 0.00000000 0.00000000 1.00000000
vn 0.00000000 0.00000000 1.00000000
vn 0.00000000 0.00000000 1.00000000
vn 0.00000000 0.00000000 1.00000000
vn 0.00000000 0.00000000 1.00000000
vn 0.00000000 0.00000000 1.00000000
vn 0.00000000 0.00000000 1.00000000
vn 0.00000000 0.00000000 1.00000000
vn 0.00000000 0.00000000 1.00000000
vn 0.00000000 0.00000000 1.00000000
vn 0.00000000 0.00000000 1.00000000
vn 0.00000000 0.00000000 1.00000000
vn 0.00000000 0.00000000 1.00000000
vn 0.00000000 0.00000000 1.00000000
vn 0.00000000 0.00000000 1.00000000
vn 0.00000000 0.00000000 1.00000000
vn 0.00000000 0.00000000 1.00000000
vn 0.00000000 0.00000000 1.00000000
vn 0.00000000 0.00000000 1.00000000
vn 0.00000000 0.00000000 1.00000000
vn 0.00000000 0.00000000 1.00000000
vn 0.00000000 0.00000000 1.00000000
vn 0.00000000 0.00000000 1.00000000
vn 0.00000000 0.00000000 1.00000000
vn 0.00000000 0.00000000 1.00000000
vn 0.00000000 0.00000000 1.00000000
vn 0.00000000 0.00000000 1.00000000
vn 0.00000000 0.00000000 1.00000000
vn 0.00000000 0.00000000 1.00000000
vn 0.00000000 0.00000000 1.00000000
vn 0.00000000 0.00000000 1.00000000
vn 0.00000000 0.00000000 1.00000000
vn 0.00000000 0.00000000 1.00000000
vn 0.00000000 0.00000000 1.00000000
vn 0.00000000 0.00000000 1.00000000
vn 0.00000000 0.00000000 1.00000000
vn 0.00000000 0.00000000 1.00000000
vn 0.00000000 0.00000000 1.00000000
vn 0.00000000 0.00000000 1.00000000
vn 0.00000000 0.00000000 1.00000000
vn 0.00000000 0.00000000 1.00000000
vn 0.00000000 0.00000000 1.00000000
vn 0.00000000 0.00000000 1.00000000
vn 0.00000000 0.00000000 1.00000000
vn 0.00000000 0.00000000 1.00000000
vn 0.00000000 0.00000000 1.00000000
vn 0.00000000 0.00000000 1.00000000
vn 0.00000000 0.00000000 1.00000000
vn 0.00000000 0.00000000 1.00000000
vn 0.00000000 0.00000000 1.00000000
vn 0.00000000 0.00000000 1.00000000
vn 0.00000000 0.00000000 1.00000000
vn 0.00000000 0.00000000 1.00000000
vn 0.00000000 0.00000000 1.00000000
vn 0.00000000 0.00000000 1.00000000
vn 0.00000000 0.00000000 1.00000000
vn 0.00000000 0.00000000 1.00000000
vn 0.00000000 0.00000000 1.00000000
vn 0.00000000 0.00000000 1.00000000
vn 0.00000000 0.00000000 1.00000000
vn 0.00000000 0.00000000 1.00000000
vn 0.00000000 0.00000000 1.00000000
vn 0.00000000 0.00000000 1.00000000
vn 0.00000000 0.00000000 1.00000000
vn -0.00000036 -0.00000020 -1.00000000
vn -0.00000036 -0.00000020 -1.00000000
vn -0.00000036 -0.00000020 -1.00000000
vn 0.00001160 0.00000000 -1.00000000
vn 0.00001160 0.00000000 -1.00000000
vn 0.00001160 0.00000000 -1.00000000
vn 0.00001274 0.00000004 -1.00000000
vn 0.00001274 0.00000004 -1.00000000
vn 0.00001274 0.00000004 -1.00000000
vn -0.00001108 0.00000004 -1.00000000
vn -0.00001108 0.00000004 -1.00000000
vn -0.00001108 0.00000004 -1.00000000
vn -0.00000011 -0.00000036 -1.00000000
vn -0.00000011 -0.00000036 -1.00000000
vn -0.00000011 -0.00000036 -1.00000000
vn -0.00000015 -0.00000035 -1.00000000
vn -0.00000015 -0.00000035 -1.00000000
vn -0.00000015 -0.00000035 -1.00000000
vn -0.00000018 -0.00000033 -1.00000000
vn -0.00000018 -0.00000033 -1.00000000
vn -0.00000018 -0.00000033 -1.00000000
vn -0.00000021 -0.00000031 -1.00000000
vn -0.00000021 -0.00000031 -1.00000000
vn -0.00000021 -0.00000031 -1.00000000
vn -0.00000025 -0.00000029 -1.00000000
vn -0.00000025 -0.00000029 -1.00000000
vn -0.00000025 -0.00000029 -1.00000000
vn -0.00000048 -0.00000007 -1.00000000
vn -0.00000048 -0.00000007 -1.00000000
vn -0.00000048 -0.00000007 -1.00000000
vn -0.00000051 -0.00000003 -1.00000000
vn -0.00000051 -0.00000003 -1.00000000
vn -0.00000051 -0.00000003 -1.00000000
vn -0.00000055 0.00000003 -1.00000000
vn -0.00000055 0.00000003 -1.00000000
vn -0.00000055 0.00000003 -1.00000000
vn -0.00000058 0.00000009 -1.00000000
vn -0.00000058 0.00000009 -1.00000000
vn -0.00000058 0.00000009 -1.00000000
vn -0.00000062 0.00000016 -1.00000000
vn -0.00000062 0.00000016 -1.00000000
vn -0.00000062 0.00000016 -1.00000000
vn -0.00000065 0.00000024 -1.00000000
vn -0.00000065 0.00000024 -1.00000000
vn -0.00000065 0.00000024 -1.00000000
vn 0.00000000 0.00000000 -1.00000000
vn 0.00000000 0.00000000 -1.00000000
vn 0.00000000 0.00000000 -1.00000000
vn -0.00000028 -0.00000027 -1.00000000
vn -0.00000028 -0.00000027 -1.00000000
vn -0.00000028 -0.00000027 -1.00000000
vn -0.00000031 -0.00000025 -1.00000000
vn -0.00000031 -0.00000025 -1.00000000
vn -0.00000031 -0.00000025 -1.00000000
vn -0.00000034 -0.00000022 -1.00000000
vn -0.00000034 -0.00000022 -1.00000000
vn -0.00000034 -0.00000022 -1.00000000
vn -0.00000038 -0.00000019 -1.00000000
vn -0.00000038 -0.00000019 -1.00000000
vn -0.00000038 -0.00000019 -1.00000000
vn -0.00000041 -0.00000015 -1.00000000
vn -0.00000041 -0.00000015 -1.00000000
vn -0.00000041 -0.00000015 -1.00000000
vn -0.00000045 -0.00000011 -1.00000000
vn -0.00000045 -0.00000011 -1.00000000
vn -0.00000045 -0.00000011 -1.00000000
vn 0.00000000 0.00000000 -1.00000000
vn 0.00000000 0.00000000 -1.00000000
vn 0.00000000 0.00000000 -1.00000000
vn 0.00000000 0.00000000 -1.00000000
vn 0.00000000 0.00000000 -1.00000000
vn 0.00000000 0.00000000 -1.00000000
vn 0.00000000 0.00000000 -1.00000000
vn 0.00000000 0.00000000 -1.00000000
vn 0.00000000 0.00000000 -1.00000000
vn 0.00000013 -0.00000041 -1.00000000
vn 0.00000013 -0.00000041 -1.00000000
vn 0.00000013 -0.00000041 -1.00000000
vn 0.00000008 -0.00000041 -1.00000000
vn 0.00000008 -0.00000041 -1.00000000
vn 0.00000008 -0.00000041 -1.00000000
vn 0.00000004 -0.00000040 -1.00000000
vn 0.00000004 -0.00000040 -1.00000000
vn 0.00000004 -0.00000040 -1.00000000
vn -0.00000000 -0.00000040 -1.00000000
vn -0.00000000 -0.00000040 -1.00000000
vn -0.00000000 -0.00000040 -1.00000000
vn -0.00000004 -0.00000039 -1.00000000
vn -0.00000004 -0.00000039 -1.00000000
vn -0.00000004 -0.00000039 -1.00000000
vn -0.00000008 -0.00000037 -1.00000000
vn -0.00000008 -0.00000037 -1.00000000
vn -0.00000008 -0.00000037 -1.00000000
vn -0.00000069 0.00000034 -1.00000000
vn -0.00000069 0.00000034 -1.00000000
vn -0.00000069 0.00000034 -1.00000000
vn -0.00000071 0.00000040 -1.00000000
vn -0.00000071 0.00000040 -1.00000000
vn -0.00000071 0.00000040 -1.00000000
vn -0.00000469 0.00001287 -1.00000000
vn -0.00000469 0.00001287 -1.00000000
vn -0.00000469 0.00001287 -1.00000000
vn 0.00000000 0.00000000 -1.00000000
vn 0.00000000 0.00000000 -1.00000000
vn 0.00000000 0.00000000 -1.00000000
vn 0.00000000 0.00000000 -1.00000000
vn 0.00000000 0.00000000 -1.00000000
vn 0.00000000 0.00000000 -1.00000000
vn 0.00000000 0.00000000 -1.00000000
vn 0.00000000 0.00000000 -1.00000000
vn 0.00000000 0.00000000 -1.00000000
vn 0.00000000 0.00000000 -1.00000000
vn 0.00000000 0.00000000 -1.00000000
vn 0.00000000 0.00000000 -1.00000000
vn 0.00000000 0.00000000 -1.00000000
vn 0.00000000 0.00000000 -1.00000000
vn 0.00000000 0.00000000 -1.00000000
vn 0.00000000 0.00000000 -1.00000000
vn 0.00000000 0.00000000 -1.00000000
vn 0.00000000 0.00000000 -1.00000000
vn 0.00000000 0.00000000 -1.00000000
vn 0.00000000 0.00000000 -1.00000000
vn 0.00000000 0.00000000 -1.00000000
vn 0.00000000 0.00000000 -1.00000000
vn 0.00000000 0.00000000 -1.00000000
vn 0.00000000 0.00000000 -1.00000000
vn 0.00000000 0.00000000 -1.00000000
vn 0.00000000 0.00000000 -1.00000000
vn 0.00000000 0.00000000 -1.00000000
vn -0.99998636 -0.00000000 0.00522293
vn -0.99998636 -0.00000000 0.00522293
vn -0.99998636 -0.00000000 0.00522293
vn -0.99951163 0.00021816 0.03124813
vn -0.99951163 0.00021816 0.03124813
vn -0.99951163 0.00021816 0.03124813
vn -0.87653027 -0.00038377 0.48134658
vn -0.87653027 -0.00038377 0.48134658
vn -0.87653027 -0.00038377 0.48134658
vn -0.88577819 0.00012061 0.46410880
vn -0.88577819 0.00012061 0.46410880
vn -0.88577819 0.00012061 0.46410880
vn -0.90197673 -0.00015173 0.43178462
vn -0.90197673 -0.00015173 0.43178462
vn -0.90197673 -0.00015173 0.43178462
vn -0.90398712 0.00000000 0.42755968
vn -0.90398712 0.00000000 0.42755968
vn -0.90398712 0.00000000 0.42755968
vn -0.91487258 0.00000000 0.40374270
vn -0.91487258 0.00000000 0.40374270
vn -0.91487258 0.00000000 0.40374270
vn -0.91681694 0.00004710 0.39930776
vn -0.91681694 0.00004710 0.39930776
vn -0.91681694 0.00004710 0.39930776
vn -0.92916039 -0.00020348 0.36967678
vn -0.92916039 -0.00020348 0.36967678
vn -0.92916039 -0.00020348 0.36967678
vn -0.93282560 0.00021780 0.36032812
vn -0.93282560 0.00021780 0.36032812
vn -0.93282560 0.00021780 0.36032812
vn -0.94473075 -0.00007147 0.32784724
vn -0.94473075 -0.00007147 0.32784724
vn -0.94473075 -0.00007147 0.32784724
vn -0.94808619 0.00007143 0.31801349
vn -0.94808619 0.00007143 0.31801349
vn -0.94808619 0.00007143 0.31801349
vn -0.95365444 -0.00007902 0.30090396
vn -0.95365444 -0.00007902 0.30090396
vn -0.95365444 -0.00007902 0.30090396
vn -0.95520406 0.00000000 0.29594799
vn -0.95520406 0.00000000 0.29594799
vn -0.95520406 0.00000000 0.29594799
vn -0.96258115 0.00000000 0.27099359
vn -0.96258115 0.00000000 0.27099359
vn -0.96258115 0.00000000 0.27099359
vn -0.96389337 0.00013035 0.26628847
vn -0.96389337 0.00013035 0.26628847
vn -0.96389337 0.00013035 0.26628847
vn -0.97438189 -0.00020541 0.22489976
vn -0.97438189 -0.00020541 0.22489976
vn -0.97438189 -0.00020541 0.22489976
vn -0.97649915 0.00019903 0.21552116
vn -0.97649915 0.00019903 0.21552116
vn -0.97649915 0.00019903 0.21552116
vn -0.98418435 -0.00009915 0.17714727
vn -0.98418435 -0.00009915 0.17714727
vn -0.98418435 -0.00009915 0.17714727
vn -0.98501180 0.00000000 0.17248699
vn -0.98501180 0.00000000 0.17248699
vn -0.98501180 0.00000000 0.17248699
vn -0.98918720 0.00000000 0.14665839
vn -0.98918720 0.00000000 0.14665839
vn -0.98918720 0.00000000 0.14665839
vn -0.98987037 0.00010028 0.14197407
vn -0.98987037 0.00010028 0.14197407
vn -0.98987037 0.00010028 0.14197407
vn -0.99301451 -0.00008409 0.11799225
vn -0.99301451 -0.00008409 0.11799225
vn -0.99301451 -0.00008409 0.11799225
vn -0.99356200 -0.00000000 0.11328968
vn -0.99356200 -0.00000000 0.11328968
vn -0.99356200 -0.00000000 0.11328968
vn -0.99618338 -0.00000000 0.08728500
vn -0.99618338 -0.00000000 0.08728500
vn -0.99618338 -0.00000000 0.08728500
vn -0.99659831 0.00011895 0.08241239
vn -0.99659831 0.00011895 0.08241239
vn -0.99659831 0.00011895 0.08241239
vn -0.99870040 -0.00012924 0.05096572
vn -0.99870040 -0.00012924 0.05096572
vn -0.99870040 -0.00012924 0.05096572
vn -0.99979871 0.00068780 0.02005178
vn -0.99979871 0.00068780 0.02005178
vn -0.99979871 0.00068780 0.02005178
vn -0.78295913 -0.00007149 0.62207315
vn -0.78295913 -0.00007149 0.62207315
vn -0.78295913 -0.00007149 0.62207315
vn -0.78937745 0.00007133 0.61390817
vn -0.78937745 0.00007133 0.61390817
vn -0.78937745 0.00007133 0.61390817
vn -0.80357742 -0.00012507 0.59520023
vn -0.80357742 -0.00012507 0.59520023
vn -0.80357742 -0.00012507 0.59520023
vn -0.81065587 0.00016346 0.58552287
vn -0.81065587 0.00016346 0.58552287
vn -0.81065587 0.00016346 0.58552287
vn -0.82178094 -0.00004732 0.56980356
vn -0.82178094 -0.00004732 0.56980356
vn -0.82178094 -0.00004732 0.56980356
vn -0.82836751 0.00003368 0.56018503
vn -0.82836751 0.00003368 0.56018503
vn -0.82836751 0.00003368 0.56018503
vn -0.83988309 -0.00012932 0.54276734
vn -0.83988309 -0.00012932 0.54276734
vn -0.83988309 -0.00012932 0.54276734
vn -0.84250335 0.00000000 0.53869110
vn -0.84250335 0.00000000 0.53869110
vn -0.84250335 0.00000000 0.53869110
vn -0.85632209 0.00000000 0.51644214
vn -0.85632209 0.00000000 0.51644214
vn -0.85632209 0.00000000 0.51644214
vn -0.85872824 0.00007235 0.51243127
vn -0.85872824 0.00007235 0.51243127
vn -0.85872824 0.00007235 0.51243127
vn -0.87101808 -0.00011210 0.49125095
vn -0.87101808 -0.00011210 0.49125095
vn -0.87101808 -0.00011210 0.49125095
vn -0.50332110 0.00021789 0.86409943
vn -0.50332110 0.00021789 0.86409943
vn -0.50332110 0.00021789 0.86409943
vn -0.53291127 -0.00007143 0.84617113
vn -0.53291127 -0.00007143 0.84617113
vn -0.53291127 -0.00007143 0.84617113
vn -0.54167215 0.00007143 0.84058984
vn -0.54167215 0.00007143 0.84058984
vn -0.54167215 0.00007143 0.84058984
vn -0.56559574 -0.00016883 0.82468263
vn -0.56559574 -0.00016883 0.82468263
vn -0.56559574 -0.00016883 0.82468263
vn -0.56987142 0.00000000 0.82173388
vn -0.56987142 0.00000000 0.82173388
vn -0.56987142 0.00000000 0.82173388
vn -0.59108514 0.00000000 0.80660917
vn -0.59108514 0.00000000 0.80660917
vn -0.59108514 0.00000000 0.80660917
vn -0.59499152 0.00004586 0.80373198
vn -0.59499152 0.00004586 0.80373198
vn -0.59499152 0.00004586 0.80373198
vn -0.62044303 -0.00020436 0.78425149
vn -0.62044303 -0.00020436 0.78425149
vn -0.62044303 -0.00020436 0.78425149
vn -0.62788580 0.00019719 0.77830546
vn -0.62788580 0.00019719 0.77830546
vn -0.62788580 0.00019719 0.77830546
vn -0.66345828 -0.00015378 0.74821326
vn -0.66345828 -0.00015378 0.74821326
vn -0.66345828 -0.00015378 0.74821326
vn -0.66943145 0.00010956 0.74287383
vn -0.66943145 0.00010956 0.74287383
vn -0.66943145 0.00010956 0.74287383
vn -0.68626256 -0.00001328 0.72735390
vn -0.68626256 -0.00001328 0.72735390
vn -0.68626256 -0.00001328 0.72735390
vn -0.69205657 0.00001858 0.72184327
vn -0.69205657 0.00001858 0.72184327
vn -0.69205657 0.00001858 0.72184327
vn -0.71245968 -0.00019731 0.70171303
vn -0.71245968 -0.00019731 0.70171303
vn -0.71245968 -0.00019731 0.70171303
vn -0.71911363 0.00020434 0.69489247
vn -0.71911363 0.00020434 0.69489247
vn -0.71911363 0.00020434 0.69489247
vn -0.74337883 -0.00007344 0.66887062
vn -0.74337883 -0.00007344 0.66887062
vn -0.74337883 -0.00007344 0.66887062
vn -0.75114491 0.00010355 0.66013735
vn -0.75114491 0.00010355 0.66013735
vn -0.75114491 0.00010355 0.66013735
vn -0.76369567 -0.00010815 0.64557641
vn -0.76369567 -0.00010815 0.64557641
vn -0.76369567 -0.00010815 0.64557641
vn -0.76879338 0.00001721 0.63949725
vn -0.76879338 0.00001721 0.63949725
vn -0.76879338 0.00001721 0.63949725
vn -0.77828328 -0.00000893 0.62791331
vn -0.77828328 -0.00000893 0.62791331
vn -0.77828328 -0.00000893 0.62791331
vn -0.26639922 -0.00021792 0.96386275
vn -0.26639922 -0.00021792 0.96386275
vn -0.26639922 -0.00021792 0.96386275
vn -0.27606667 0.00020347 0.96113847
vn -0.27606667 0.00020347 0.96113847
vn -0.27606667 0.00020347 0.96113847
vn -0.32164011 -0.00016939 0.94686198
vn -0.32164011 -0.00016939 0.94686198
vn -0.32164011 -0.00016939 0.94686198
vn -0.33152391 0.00019601 0.94344680
vn -0.33152391 0.00019601 0.94344680
vn -0.33152391 0.00019601 0.94344680
vn -0.35085316 0.00001027 0.93643049
vn -0.35085316 0.00001027 0.93643049
vn -0.35085316 0.00001027 0.93643049
vn -0.36047216 -0.00000848 0.93276997
vn -0.36047216 -0.00000848 0.93276997
vn -0.36047216 -0.00000848 0.93276997
vn -0.38376413 -0.00019750 0.92343113
vn -0.38376413 -0.00019750 0.92343113
vn -0.38376413 -0.00019750 0.92343113
vn -0.39238714 0.00019750 0.91980014
vn -0.39238714 0.00019750 0.91980014
vn -0.39238714 0.00019750 0.91980014
vn -0.42558673 -0.00007655 0.90491764
vn -0.42558673 -0.00007655 0.90491764
vn -0.42558673 -0.00007655 0.90491764
vn -0.43442572 0.00008364 0.90070766
vn -0.43442572 0.00008364 0.90070766
vn -0.43442572 0.00008364 0.90070766
vn -0.45330355 -0.00008980 0.89135620
vn -0.45330355 -0.00008980 0.89135620
vn -0.45330355 -0.00008980 0.89135620
vn -0.46216100 0.00008515 0.88679603
vn -0.46216100 0.00008515 0.88679603
vn -0.46216100 0.00008515 0.88679603
vn -0.47167351 0.00000117 0.88177327
vn -0.47167351 0.00000117 0.88177327
vn -0.47167351 0.00000117 0.88177327
vn -0.49869573 -0.00000633 0.86677711
vn -0.49869573 -0.00000633 0.86677711
vn -0.49869573 -0.00000633 0.86677711
vn -0.00409659 0.00019715 0.99999159
vn -0.00409659 0.00019715 0.99999159
vn -0.00409659 0.00019715 0.99999159
vn -0.03966932 -0.00007085 0.99921286
vn -0.03966932 -0.00007085 0.99921286
vn -0.03966932 -0.00007085 0.99921286
vn -0.04942721 0.00007703 0.99877773
vn -0.04942721 0.00007703 0.99877773
vn -0.04942721 0.00007703 0.99877773
vn -0.07052266 -0.00009611 0.99751017
vn -0.07052266 -0.00009611 0.99751017
vn -0.07052266 -0.00009611 0.99751017
vn -0.08026170 0.00008837 0.99677382
vn -0.08026170 0.00008837 0.99677382
vn -0.08026170 0.00008837 0.99677382
vn -0.09552085 -0.00002701 0.99542743
vn -0.09552085 -0.00002701 0.99542743
vn -0.09552085 -0.00002701 0.99542743
vn -0.10017690 0.00000000 0.99496964
vn -0.10017690 0.00000000 0.99496964
vn -0.10017690 0.00000000 0.99496964
vn -0.12618581 0.00000000 0.99200662
vn -0.12618581 0.00000000 0.99200662
vn -0.12618581 0.00000000 0.99200662
vn -0.13099373 0.00017638 0.99138318
vn -0.13099373 0.00017638 0.99138318
vn -0.13099373 0.00017638 0.99138318
vn -0.17905591 -0.00020343 0.98383888
vn -0.17905591 -0.00020343 0.98383888
vn -0.17905591 -0.00020343 0.98383888
vn -0.18892652 0.00021788 0.98199120
vn -0.18892652 0.00021788 0.98199120
vn -0.18892652 0.00021788 0.98199120
vn -0.22278572 -0.00007144 0.97486744
vn -0.22278572 -0.00007144 0.97486744
vn -0.22278572 -0.00007144 0.97486744
vn -0.22598336 -0.00002631 0.97413116
vn -0.22598336 -0.00002631 0.97413116
vn -0.22598336 -0.00002631 0.97413116
vn -0.23933784 0.00001597 0.97093635
vn -0.23933784 0.00001597 0.97093635
vn -0.23933784 0.00001597 0.97093635
vn 0.00056213 0.00000077 0.99999984
vn 0.00056213 0.00000077 0.99999984
vn 0.00056213 0.00000077 0.99999984
vn 0.03158771 -0.00000018 0.99950098
vn 0.03158771 -0.00000018 0.99950098
vn 0.03158771 -0.00000018 0.99950098
vn 0.05763849 0.00020338 0.99833750
vn 0.05763849 0.00020338 0.99833750
vn 0.05763849 0.00020338 0.99833750
vn 0.06766036 -0.00021791 0.99770839
vn 0.06766036 -0.00021791 0.99770839
vn 0.06766036 -0.00021791 0.99770839
vn 0.10213615 0.00007141 0.99477043
vn 0.10213615 0.00007141 0.99477043
vn 0.10213615 0.00007141 0.99477043
vn 0.11245964 -0.00007139 0.99365629
vn 0.11245964 -0.00007139 0.99365629
vn 0.11245964 -0.00007139 0.99365629
vn 0.12643011 0.00004627 0.99197552
vn 0.12643011 0.00004627 0.99197552
vn 0.12643011 0.00004627 0.99197552
vn 0.14690414 -0.00013780 0.98915072
vn 0.14690414 -0.00013780 0.98915072
vn 0.14690414 -0.00013780 0.98915072
vn 0.14143023 0.00000000 0.98994823
vn 0.14143023 0.00000000 0.98994823
vn 0.14143023 0.00000000 0.98994823
vn 0.16714145 0.00000000 0.98593293
vn 0.16714145 0.00000000 0.98593293
vn 0.16714145 0.00000000 0.98593293
vn 0.17195478 -0.00008298 0.98510484
vn 0.17195478 -0.00008298 0.98510484
vn 0.17195478 -0.00008298 0.98510484
vn 0.20796307 0.00020543 0.97813666
vn 0.20796307 0.00020543 0.97813666
vn 0.20796307 0.00020543 0.97813666
vn 0.21735867 -0.00019906 0.97609178
vn 0.21735867 -0.00019906 0.97609178
vn 0.21735867 -0.00019906 0.97609178
vn 0.26120233 0.00014499 0.96528406
vn 0.26120233 0.00014499 0.96528406
vn 0.26120233 0.00014499 0.96528406
vn 0.26576700 0.00000000 0.96403729
vn 0.26576700 0.00000000 0.96403729
vn 0.26576700 0.00000000 0.96403729
vn 0.29090063 0.00000000 0.95675327
vn 0.29090063 0.00000000 0.95675327
vn 0.29090063 0.00000000 0.95675327
vn 0.29542457 -0.00005436 0.95536607
vn 0.29542457 -0.00005436 0.95536607
vn 0.29542457 -0.00005436 0.95536607
vn 0.31656191 0.00011488 0.94857184
vn 0.31656191 0.00011488 0.94857184
vn 0.31656191 0.00011488 0.94857184
vn 0.32600948 -0.00012719 0.94536649
vn 0.32600948 -0.00012719 0.94536649
vn 0.32600948 -0.00012719 0.94536649
vn 0.34569346 0.00004923 0.93834750
vn 0.34569346 0.00004923 0.93834750
vn 0.34569346 0.00004923 0.93834750
vn 0.35518462 -0.00004585 0.93479617
vn 0.35518462 -0.00004585 0.93479617
vn 0.35518462 -0.00004585 0.93479617
vn 0.38479345 0.00020512 0.92300269
vn 0.38479345 0.00020512 0.92300269
vn 0.38479345 0.00020512 0.92300269
vn 0.39409219 -0.00021825 0.91907089
vn 0.39409219 -0.00021825 0.91907089
vn 0.39409219 -0.00021825 0.91907089
vn 0.41784384 -0.00000042 0.90851886
vn 0.41784384 -0.00000042 0.90851886
vn 0.41784384 -0.00000042 0.90851886
vn 0.20796307 -0.00020541 -0.97813666
vn 0.20796307 -0.00020541 -0.97813666
vn 0.20796307 -0.00020541 -0.97813666
vn 0.21735867 0.00019907 -0.97609178
vn 0.21735867 0.00019907 -0.97609178
vn 0.21735867 0.00019907 -0.97609178
vn 0.26808354 -0.00019931 -0.96339565
vn 0.26808354 -0.00019931 -0.96339565
vn 0.26808354 -0.00019931 -0.96339565
vn 0.27718948 0.00019940 -0.96081525
vn 0.27718948 0.00019940 -0.96081525
vn 0.27718948 0.00019940 -0.96081525
vn 0.32153058 -0.00015484 -0.94689918
vn 0.32153058 -0.00015484 -0.94689918
vn 0.32153058 -0.00015484 -0.94689918
vn 0.32610662 0.00000334 -0.94533300
vn 0.32610662 0.00000334 -0.94533300
vn 0.32610662 0.00000334 -0.94533300
vn 0.35060718 -0.00000096 -0.93652261
vn 0.35060718 -0.00000096 -0.93652261
vn 0.35060718 -0.00000096 -0.93652261
vn 0.35527888 0.00004507 -0.93476035
vn 0.35527888 0.00004507 -0.93476035
vn 0.35527888 0.00004507 -0.93476035
vn 0.38479345 -0.00020510 -0.92300269
vn 0.38479345 -0.00020510 -0.92300269
vn 0.38479345 -0.00020510 -0.92300269
vn 0.39409648 0.00021847 -0.91906905
vn 0.39409648 0.00021847 -0.91906905
vn 0.39409648 0.00021847 -0.91906905
vn 0.41789089 0.00000026 -0.90849722
vn 0.41789089 0.00000026 -0.90849722
vn 0.41789089 0.00000026 -0.90849722
vn -0.07046127 0.00000171 -0.99751452
vn -0.07046127 0.00000171 -0.99751452
vn -0.07046127 0.00000171 -0.99751452
vn -0.04434419 -0.00000095 -0.99901631
vn -0.04434419 -0.00000095 -0.99901631
vn -0.04434419 -0.00000095 -0.99901631
vn -0.03960615 0.00007036 -0.99921537
vn -0.03960615 0.00007036 -0.99921537
vn -0.03960615 0.00007036 -0.99921537
vn -0.00409659 -0.00019715 -0.99999159
vn -0.00409659 -0.00019715 -0.99999159
vn -0.00409659 -0.00019715 -0.99999159
vn 0.00542961 0.00020441 -0.99998524
vn 0.00542961 0.00020441 -0.99998524
vn 0.00542961 0.00020441 -0.99998524
vn 0.03564511 -0.00003151 -0.99936451
vn 0.03564511 -0.00003151 -0.99936451
vn 0.03564511 -0.00003151 -0.99936451
vn 0.04048414 0.00000000 -0.99918018
vn 0.04048414 0.00000000 -0.99918018
vn 0.04048414 0.00000000 -0.99918018
vn 0.06651005 0.00000000 -0.99778576
vn 0.06651005 0.00000000 -0.99778576
vn 0.06651005 0.00000000 -0.99778576
vn 0.07169088 0.00018410 -0.99742688
vn 0.07169088 0.00018410 -0.99742688
vn 0.07169088 0.00018410 -0.99742688
vn 0.10213615 -0.00007143 -0.99477043
vn 0.10213615 -0.00007143 -0.99477043
vn 0.10213615 -0.00007143 -0.99477043
vn 0.11246199 0.00007141 -0.99365603
vn 0.11246199 0.00007141 -0.99365603
vn 0.11246199 0.00007141 -0.99365603
vn 0.13153321 -0.00008925 -0.99131176
vn 0.13153321 -0.00008925 -0.99131176
vn 0.13153321 -0.00008925 -0.99131176
vn 0.13675840 0.00000138 -0.99060443
vn 0.13675840 0.00000138 -0.99060443
vn 0.13675840 0.00000138 -0.99060443
vn 0.16240988 -0.00000197 -0.98672338
vn 0.16240988 -0.00000197 -0.98672338
vn 0.16240988 -0.00000197 -0.98672338
vn 0.16282158 0.00000829 -0.98665553
vn 0.16282158 0.00000829 -0.98665553
vn 0.16282158 0.00000829 -0.98665553
vn 0.18266661 -0.00000261 -0.98317491
vn 0.18266661 -0.00000261 -0.98317491
vn 0.18266661 -0.00000261 -0.98317491
vn -0.27606667 -0.00020346 -0.96113847
vn -0.27606667 -0.00020346 -0.96113847
vn -0.27606667 -0.00020346 -0.96113847
vn -0.26640019 0.00021790 -0.96386249
vn -0.26640019 0.00021790 -0.96386249
vn -0.26640019 0.00021790 -0.96386249
vn -0.23453118 -0.00005736 -0.97210860
vn -0.23453118 -0.00005736 -0.97210860
vn -0.23453118 -0.00005736 -0.97210860
vn -0.22948052 0.00000000 -0.97331326
vn -0.22948052 0.00000000 -0.97331326
vn -0.22948052 0.00000000 -0.97331326
vn -0.22116040 0.00000000 -0.97523745
vn -0.22116040 0.00000000 -0.97523745
vn -0.22116040 0.00000000 -0.97523745
vn -0.21608767 0.00001406 -0.97637396
vn -0.21608767 0.00001406 -0.97637396
vn -0.21608767 0.00001406 -0.97637396
vn -0.18892652 -0.00021784 -0.98199120
vn -0.18892652 -0.00021784 -0.98199120
vn -0.18892652 -0.00021784 -0.98199120
vn -0.17905730 0.00020342 -0.98383863
vn -0.17905730 0.00020342 -0.98383863
vn -0.17905730 0.00020342 -0.98383863
vn -0.12743894 -0.00020436 -0.99184640
vn -0.12743894 -0.00020436 -0.99184640
vn -0.12743894 -0.00020436 -0.99184640
vn -0.11798496 0.00019719 -0.99301536
vn -0.11798496 0.00019719 -0.99301536
vn -0.11798496 0.00019719 -0.99301536
vn -0.09328075 0.00001008 -0.99563984
vn -0.09328075 0.00001008 -0.99563984
vn -0.09328075 0.00001008 -0.99563984
vn -0.07185470 -0.00003612 -0.99741511
vn -0.07185470 -0.00003612 -0.99741511
vn -0.07185470 -0.00003612 -0.99741511
vn -0.45761977 -0.00012508 -0.88914798
vn -0.45761977 -0.00012508 -0.88914798
vn -0.45761977 -0.00012508 -0.88914798
vn -0.45328913 0.00000040 -0.89136354
vn -0.45328913 0.00000040 -0.89136354
vn -0.45328913 0.00000040 -0.89136354
vn -0.42981348 -0.00000023 -0.90291770
vn -0.42981348 -0.00000023 -0.90291770
vn -0.42981348 -0.00000023 -0.90291770
vn -0.42557131 0.00007643 -0.90492489
vn -0.42557131 0.00007643 -0.90492489
vn -0.42557131 0.00007643 -0.90492489
vn -0.39238714 -0.00019748 -0.91980014
vn -0.39238714 -0.00019748 -0.91980014
vn -0.39238714 -0.00019748 -0.91980014
vn -0.38376413 0.00019752 -0.92343113
vn -0.38376413 0.00019752 -0.92343113
vn -0.38376413 0.00019752 -0.92343113
vn -0.35770673 -0.00001380 -0.93383398
vn -0.35770673 -0.00001380 -0.93383398
vn -0.35770673 -0.00001380 -0.93383398
vn -0.35334767 0.00000000 -0.93549208
vn -0.35334767 0.00000000 -0.93549208
vn -0.35334767 0.00000000 -0.93549208
vn -0.32872004 0.00000000 -0.94442741
vn -0.32872004 0.00000000 -0.94442741
vn -0.32872004 0.00000000 -0.94442741
vn -0.34910207 -0.00084907 -0.93708432
vn -0.34910207 -0.00084907 -0.93708432
vn -0.34910207 -0.00084907 -0.93708432
vn -0.32160935 0.00016913 -0.94687243
vn -0.32160935 0.00016913 -0.94687243
vn -0.32160935 0.00016913 -0.94687243
vn -0.77814531 0.00000710 -0.62808429
vn -0.77814531 0.00000710 -0.62808429
vn -0.77814531 0.00000710 -0.62808429
vn -0.76703523 -0.00013924 -0.64160497
vn -0.76703523 -0.00013924 -0.64160497
vn -0.76703523 -0.00013924 -0.64160497
vn -0.76380944 -0.00000481 -0.64544182
vn -0.76380944 -0.00000481 -0.64544182
vn -0.76380944 -0.00000481 -0.64544182
vn -0.74661503 0.00000272 -0.66525634
vn -0.74661503 0.00000272 -0.66525634
vn -0.74661503 0.00000272 -0.66525634
vn -0.74349825 0.00007482 -0.66873787
vn -0.74349825 0.00007482 -0.66873787
vn -0.74349825 0.00007482 -0.66873787
vn -0.71911363 -0.00020435 -0.69489247
vn -0.71911363 -0.00020435 -0.69489247
vn -0.71911363 -0.00020435 -0.69489247
vn -0.71246179 0.00019718 -0.70171088
vn -0.71246179 0.00019718 -0.70171088
vn -0.71246179 0.00019718 -0.70171088
vn -0.69419223 0.00000360 -0.71978965
vn -0.69419223 0.00000360 -0.71978965
vn -0.69419223 0.00000360 -0.71978965
vn -0.68637808 -0.00000500 -0.72724489
vn -0.68637808 -0.00000500 -0.72724489
vn -0.68637808 -0.00000500 -0.72724489
vn -0.67163444 -0.00020331 -0.74088267
vn -0.67163444 -0.00020331 -0.74088267
vn -0.67163444 -0.00020331 -0.74088267
vn -0.66358370 0.00015506 -0.74810203
vn -0.66358370 0.00015506 -0.74810203
vn -0.66358370 0.00015506 -0.74810203
vn -0.62788580 -0.00019716 -0.77830546
vn -0.62788580 -0.00019716 -0.77830546
vn -0.62788580 -0.00019716 -0.77830546
vn -0.62044303 0.00020439 -0.78425149
vn -0.62044303 0.00020439 -0.78425149
vn -0.62044303 0.00020439 -0.78425149
vn -0.59578493 -0.00003811 -0.80314402
vn -0.59578493 -0.00003811 -0.80314402
vn -0.59578493 -0.00003811 -0.80314402
vn -0.59188368 0.00000000 -0.80602339
vn -0.59188368 0.00000000 -0.80602339
vn -0.59188368 0.00000000 -0.80602339
vn -0.57068536 0.00000000 -0.82116881
vn -0.57068536 0.00000000 -0.82116881
vn -0.57068536 0.00000000 -0.82116881
vn -0.56641255 0.00017710 -0.82412183
vn -0.56641255 0.00017710 -0.82412183
vn -0.56641255 0.00017710 -0.82412183
vn -0.54167215 -0.00007142 -0.84058984
vn -0.54167215 -0.00007142 -0.84058984
vn -0.54167215 -0.00007142 -0.84058984
vn -0.53291083 0.00007145 -0.84617140
vn -0.53291083 0.00007145 -0.84617140
vn -0.53291083 0.00007145 -0.84617140
vn -0.50332110 -0.00021786 -0.86409943
vn -0.50332110 -0.00021786 -0.86409943
vn -0.50332110 -0.00021786 -0.86409943
vn -0.49783844 0.00004785 -0.86726979
vn -0.49783844 0.00004785 -0.86726979
vn -0.49783844 0.00004785 -0.86726979
vn -0.47080138 -0.00000890 -0.88223923
vn -0.47080138 -0.00000890 -0.88223923
vn -0.47080138 -0.00000890 -0.88223923
vn -0.78669777 -0.00001148 -0.61733834
vn -0.78669777 -0.00001148 -0.61733834
vn -0.78669777 -0.00001148 -0.61733834
vn -0.78937745 -0.00007134 -0.61390817
vn -0.78937745 -0.00007134 -0.61390817
vn -0.78937745 -0.00007134 -0.61390817
vn -0.80368763 0.00012660 -0.59505140
vn -0.80368763 0.00012660 -0.59505140
vn -0.80368763 0.00012660 -0.59505140
vn -0.80665625 0.00000466 -0.59102089
vn -0.80665625 0.00000466 -0.59102089
vn -0.80665625 0.00000466 -0.59102089
vn -0.82188488 -0.00000320 -0.56965362
vn -0.82188488 -0.00000320 -0.56965362
vn -0.82188488 -0.00000320 -0.56965362
vn -0.82453676 -0.00008680 -0.56580838
vn -0.82453676 -0.00008680 -0.56580838
vn -0.82453676 -0.00008680 -0.56580838
vn -0.84362458 0.00018341 -0.53693346
vn -0.84362458 0.00018341 -0.53693346
vn -0.84362458 0.00018341 -0.53693346
vn -0.84621706 0.00000000 -0.53283833
vn -0.84621706 0.00000000 -0.53283833
vn -0.84621706 0.00000000 -0.53283833
vn -0.85987583 0.00000000 -0.51050323
vn -0.85987583 0.00000000 -0.51050323
vn -0.85987583 0.00000000 -0.51050323
vn -0.86225769 -0.00002020 -0.50646983
vn -0.86225769 -0.00002020 -0.50646983
vn -0.86225769 -0.00002020 -0.50646983
vn -0.86867833 0.00007634 -0.49537658
vn -0.86867833 0.00007634 -0.49537658
vn -0.86867833 0.00007634 -0.49537658
vn -0.88356861 -0.00042835 -0.46830154
vn -0.88356861 -0.00042835 -0.46830154
vn -0.88356861 -0.00042835 -0.46830154
vn -0.88099483 -0.00019751 -0.47312586
vn -0.88099483 -0.00019751 -0.47312586
vn -0.88099483 -0.00019751 -0.47312586
vn -0.90456880 0.00019717 -0.42632763
vn -0.90456880 0.00019717 -0.42632763
vn -0.90456880 0.00019717 -0.42632763
vn -0.90776087 -0.00012099 -0.41948800
vn -0.90776087 -0.00012099 -0.41948800
vn -0.90776087 -0.00012099 -0.41948800
vn -0.91844128 0.00000000 -0.39555735
vn -0.91844128 0.00000000 -0.39555735
vn -0.91844128 0.00000000 -0.39555735
vn -0.92032453 0.00000000 -0.39115566
vn -0.92032453 0.00000000 -0.39115566
vn -0.92032453 0.00000000 -0.39115566
vn -0.93021578 0.00008320 -0.36701307
vn -0.93021578 0.00008320 -0.36701307
vn -0.93021578 0.00008320 -0.36701307
vn -0.93282560 -0.00021788 -0.36032812
vn -0.93282560 -0.00021788 -0.36032812
vn -0.93282560 -0.00021788 -0.36032812
vn -0.94473369 0.00007145 -0.32783874
vn -0.94473369 0.00007145 -0.32783874
vn -0.94473369 0.00007145 -0.32783874
vn -0.94808619 -0.00007133 -0.31801349
vn -0.94808619 -0.00007133 -0.31801349
vn -0.94808619 -0.00007133 -0.31801349
vn -0.95337528 0.00007136 -0.30178731
vn -0.95337528 0.00007136 -0.30178731
vn -0.95337528 0.00007136 -0.30178731
vn -0.95687255 0.00023383 -0.29050796
vn -0.95687255 0.00023383 -0.29050796
vn -0.95687255 0.00023383 -0.29050796
vn -0.95932132 0.00000000 -0.28231649
vn -0.95932132 0.00000000 -0.28231649
vn -0.95932132 0.00000000 -0.28231649
vn -0.96547372 0.00000000 -0.26050048
vn -0.96547372 0.00000000 -0.26050048
vn -0.96547372 0.00000000 -0.26050048
vn -0.96673703 -0.00004480 -0.25577239
vn -0.96673703 -0.00004480 -0.25577239
vn -0.96673703 -0.00004480 -0.25577239
vn -0.97355534 0.00017662 -0.22845125
vn -0.97355534 0.00017662 -0.22845125
vn -0.97355534 0.00017662 -0.22845125
vn -0.97649912 -0.00030332 -0.21552117
vn -0.97649912 -0.00030332 -0.21552117
vn -0.97649912 -0.00030332 -0.21552117
vn -0.98016574 -0.00006414 -0.19817952
vn -0.98016574 -0.00006414 -0.19817952
vn -0.98016574 -0.00006414 -0.19817952
vn -0.98714934 0.00023305 -0.15980026
vn -0.98714934 0.00023305 -0.15980026
vn -0.98714934 0.00023305 -0.15980026
vn -0.98642972 0.00001413 -0.16418406
vn -0.98642972 0.00001413 -0.16418406
vn -0.98642972 0.00001413 -0.16418406
vn -0.99161576 -0.00000233 -0.12922147
vn -0.99161576 -0.00000233 -0.12922147
vn -0.99161576 -0.00000233 -0.12922147
vn -0.99301291 0.00008382 -0.11800571
vn -0.99301291 0.00008382 -0.11800571
vn -0.99301291 0.00008382 -0.11800571
vn -0.99356200 -0.00000039 -0.11328968
vn -0.99356200 -0.00000039 -0.11328968
vn -0.99356200 -0.00000039 -0.11328968
vn -0.99618248 0.00000028 -0.08729527
vn -0.99618248 0.00000028 -0.08729527
vn -0.99618248 0.00000028 -0.08729527
vn -0.99659831 -0.00011893 -0.08241239
vn -0.99659831 -0.00011893 -0.08241239
vn -0.99659831 -0.00011893 -0.08241239
vn -0.99914530 0.00020516 -0.04133566
vn -0.99914530 0.00020516 -0.04133566
vn -0.99914530 0.00020516 -0.04133566
vn -0.99951163 -0.00021814 -0.03124813
vn -0.99951163 -0.00021814 -0.03124813
vn -0.99951163 -0.00021814 -0.03124813
vn -0.99998636 0.00000000 -0.00522314
vn -0.99998636 0.00000000 -0.00522314
vn -0.99998636 0.00000000 -0.00522314
vn 0.26944312 0.00115831 0.96301561
vn 0.26944312 0.00115831 0.96301561
vn 0.26944312 0.00115831 0.96301561
vn 0.42010636 -0.00000042 0.90747487
vn 0.42010636 -0.00000042 0.90747487
vn 0.42010636 -0.00000042 0.90747487
vn 0.41558929 0.00018822 0.90955236
vn 0.41558929 0.00018822 0.90955236
vn 0.41558929 0.00018822 0.90955236
vn 0.41438857 0.00014984 0.91010005
vn 0.41438857 0.00014984 0.91010005
vn 0.41438857 0.00014984 0.91010005
vn 0.39849322 0.00020806 0.91717126
vn 0.39849322 0.00020806 0.91717126
vn 0.39849322 0.00020806 0.91717126
vn 0.40130399 0.00039300 0.91594484
vn 0.40130399 0.00039300 0.91594484
vn 0.40130399 0.00039300 0.91594484
vn 0.37594984 0.00081445 0.92663966
vn 0.37594984 0.00081445 0.92663966
vn 0.37594984 0.00081445 0.92663966
vn 0.33923647 0.00106085 0.94070053
vn 0.33923647 0.00106085 0.94070053
vn 0.33923647 0.00106085 0.94070053
vn 0.36592485 0.00212000 0.93064199
vn 0.36592485 0.00212000 0.93064199
vn 0.36592485 0.00212000 0.93064199
vn 0.34626570 0.00068671 0.93813624
vn 0.34626570 0.00068671 0.93813624
vn 0.34626570 0.00068671 0.93813624
vn 0.37787019 0.00106145 0.92585798
vn 0.37787019 0.00106145 0.92585798
vn 0.37787019 0.00106145 0.92585798
vn 0.38531803 0.00127001 0.92278296
vn 0.38531803 0.00127001 0.92278296
vn 0.38531803 0.00127001 0.92278296
vn 0.29793729 0.00165757 0.95458401
vn 0.29793729 0.00165757 0.95458401
vn 0.29793729 0.00165757 0.95458401
vn 0.30782183 0.00105047 0.95144344
vn 0.30782183 0.00105047 0.95144344
vn 0.30782183 0.00105047 0.95144344
vn 0.28171766 0.00118768 0.95949661
vn 0.28171766 0.00118768 0.95949661
vn 0.28171766 0.00118768 0.95949661
vn 0.20778058 0.00069382 0.97817521
vn 0.20778058 0.00069382 0.97817521
vn 0.20778058 0.00069382 0.97817521
vn 0.20664918 0.00072412 0.97841484
vn 0.20664918 0.00072412 0.97841484
vn 0.20664918 0.00072412 0.97841484
vn 0.24685845 0.00085143 0.96905118
vn 0.24685845 0.00085143 0.96905118
vn 0.24685845 0.00085143 0.96905118
vn 0.23692872 0.00107585 0.97152644
vn 0.23692872 0.00107585 0.97152644
vn 0.23692872 0.00107585 0.97152644
vn 0.26182798 0.00099823 0.96511404
vn 0.26182798 0.00099823 0.96511404
vn 0.26182798 0.00099823 0.96511404
vn 0.15530661 0.00017103 0.98786630
vn 0.15530661 0.00017103 0.98786630
vn 0.15530661 0.00017103 0.98786630
vn 0.14385584 0.00045689 0.98959855
vn 0.14385584 0.00045689 0.98959855
vn 0.14385584 0.00045689 0.98959855
vn 0.16924628 0.00009206 0.98557379
vn 0.16924628 0.00009206 0.98557379
vn 0.16924628 0.00009206 0.98557379
vn 0.11758566 -0.00221938 0.99306026
vn 0.11758566 -0.00221938 0.99306026
vn 0.11758566 -0.00221938 0.99306026
vn 0.07392220 0.00049993 0.99726389
vn 0.07392220 0.00049993 0.99726389
vn 0.07392220 0.00049993 0.99726389
vn 0.11478173 -0.00046771 0.99339063
vn 0.11478173 -0.00046771 0.99339063
vn 0.11478173 -0.00046771 0.99339063
vn 0.09754170 -0.00130950 0.99523058
vn 0.09754170 -0.00130950 0.99523058
vn 0.09754170 -0.00130950 0.99523058
vn 0.08003586 -0.00077753 0.99679168
vn 0.08003586 -0.00077753 0.99679168
vn 0.08003586 -0.00077753 0.99679168
vn 0.05043452 -0.00031793 0.99872732
vn 0.05043452 -0.00031793 0.99872732
vn 0.05043452 -0.00031793 0.99872732
vn 0.05735605 -0.00054261 0.99835364
vn 0.05735605 -0.00054261 0.99835364
vn 0.05735605 -0.00054261 0.99835364
vn 0.03700226 -0.00044852 0.99931508
vn 0.03700226 -0.00044852 0.99931508
vn 0.03700226 -0.00044852 0.99931508
vn 0.02783646 -0.00020954 0.99961247
vn 0.02783646 -0.00020954 0.99961247
vn 0.02783646 -0.00020954 0.99961247
vn 0.02039810 -0.00033833 0.99979188
vn 0.02039810 -0.00033833 0.99979188
vn 0.02039810 -0.00033833 0.99979188
vn 0.00999003 -0.00011963 0.99995009
vn 0.00999003 -0.00011963 0.99995009
vn 0.00999003 -0.00011963 0.99995009
vn 0.00539287 -0.00012045 0.99998545
vn 0.00539287 -0.00012045 0.99998545
vn 0.00539287 -0.00012045 0.99998545
vn 0.00333835 -0.00004216 0.99999443
vn 0.00333835 -0.00004216 0.99999443
vn 0.00333835 -0.00004216 0.99999443
vn 0.00044023 0.00000000 0.99999990
vn 0.00044023 0.00000000 0.99999990
vn 0.00044023 0.00000000 0.99999990
vn 0.29773191 0.00386982 -0.95464168
vn 0.29773191 0.00386982 -0.95464168
vn 0.29773191 0.00386982 -0.95464168
vn 0.09670999 0.00384846 -0.99530516
vn 0.09670999 0.00384846 -0.99530516
vn 0.09670999 0.00384846 -0.99530516
vn 0.00003262 0.00000000 -1.00000000
vn 0.00003262 0.00000000 -1.00000000
vn 0.00003262 0.00000000 -1.00000000
vn 0.00518720 0.00007875 -0.99998654
vn 0.00518720 0.00007875 -0.99998654
vn 0.00518720 0.00007875 -0.99998654
vn 0.00071440 -0.00000541 -0.99999974
vn 0.00071440 -0.00000541 -0.99999974
vn 0.00071440 -0.00000541 -0.99999974
vn 0.00284465 -0.00007054 -0.99999595
vn 0.00284465 -0.00007054 -0.99999595
vn 0.00284465 -0.00007054 -0.99999595
vn 0.00046297 0.00005017 -0.99999989
vn 0.00046297 0.00005017 -0.99999989
vn 0.00046297 0.00005017 -0.99999989
vn 0.00190975 0.00004715 -0.99999818
vn 0.00190975 0.00004715 -0.99999818
vn 0.00190975 0.00004715 -0.99999818
vn 0.01015720 0.00008036 -0.99994841
vn 0.01015720 0.00008036 -0.99994841
vn 0.01015720 0.00008036 -0.99994841
vn 0.01557331 -0.00011322 -0.99987872
vn 0.01557331 -0.00011322 -0.99987872
vn 0.01557331 -0.00011322 -0.99987872
vn 0.00421048 0.00034666 -0.99999108
vn 0.00421048 0.00034666 -0.99999108
vn 0.00421048 0.00034666 -0.99999108
vn 0.01130409 0.00032132 -0.99993606
vn 0.01130409 0.00032132 -0.99993606
vn 0.01130409 0.00032132 -0.99993606
vn 0.02399064 0.00089468 -0.99971178
vn 0.02399064 0.00089468 -0.99971178
vn 0.02399064 0.00089468 -0.99971178
vn 0.04367561 0.00093021 -0.99904533
vn 0.04367561 0.00093021 -0.99904533
vn 0.04367561 0.00093021 -0.99904533
vn 0.02446049 0.00184982 -0.99969909
vn 0.02446049 0.00184982 -0.99969909
vn 0.02446049 0.00184982 -0.99969909
vn 0.07194723 0.00186644 -0.99740669
vn 0.07194723 0.00186644 -0.99740669
vn 0.07194723 0.00186644 -0.99740669
vn 0.03962758 0.00359153 -0.99920806
vn 0.03962758 0.00359153 -0.99920806
vn 0.03962758 0.00359153 -0.99920806
vn 0.05322133 0.00321706 -0.99857756
vn 0.05322133 0.00321706 -0.99857756
vn 0.05322133 0.00321706 -0.99857756
vn 0.09926585 0.00384076 -0.99505354
vn 0.09926585 0.00384076 -0.99505354
vn 0.09926585 0.00384076 -0.99505354
vn 0.07877316 0.00329164 -0.99688713
vn 0.07877316 0.00329164 -0.99688713
vn 0.07877316 0.00329164 -0.99688713
vn 0.06650431 0.00314341 -0.99778119
vn 0.06650431 0.00314341 -0.99778119
vn 0.06650431 0.00314341 -0.99778119
vn 0.11951018 0.00438976 -0.99282327
vn 0.11951018 0.00438976 -0.99282327
vn 0.11951018 0.00438976 -0.99282327
vn 0.14069064 0.00434659 -0.99004406
vn 0.14069064 0.00434659 -0.99004406
vn 0.14069064 0.00434659 -0.99004406
vn 0.13163144 0.00461794 -0.99128797
vn 0.13163144 0.00461794 -0.99128797
vn 0.13163144 0.00461794 -0.99128797
vn 0.16369432 0.00499916 -0.98649844
vn 0.16369432 0.00499916 -0.98649844
vn 0.16369432 0.00499916 -0.98649844
vn 0.18813357 0.00464314 -0.98213248
vn 0.18813357 0.00464314 -0.98213248
vn 0.18813357 0.00464314 -0.98213248
vn 0.18199486 0.00490556 -0.98328725
vn 0.18199486 0.00490556 -0.98328725
vn 0.18199486 0.00490556 -0.98328725
vn 0.22750118 0.00408004 -0.97376926
vn 0.22750118 0.00408004 -0.97376926
vn 0.22750118 0.00408004 -0.97376926
vn 0.26681876 0.00612995 -0.96372723
vn 0.26681876 0.00612995 -0.96372723
vn 0.26681876 0.00612995 -0.96372723
vn 0.23347946 0.00489193 -0.97234943
vn 0.23347946 0.00489193 -0.97234943
vn 0.23347946 0.00489193 -0.97234943
vn 0.33303375 0.00505017 -0.94290138
vn 0.33303375 0.00505017 -0.94290138
vn 0.33303375 0.00505017 -0.94290138
vn 0.28201491 0.00188384 -0.95940817
vn 0.28201491 0.00188384 -0.95940817
vn 0.28201491 0.00188384 -0.95940817
vn 0.35997062 0.00237604 -0.93296061
vn 0.35997062 0.00237604 -0.93296061
vn 0.35997062 0.00237604 -0.93296061
vn 0.32485429 0.00115576 -0.94576337
vn 0.32485429 0.00115576 -0.94576337
vn 0.32485429 0.00115576 -0.94576337
vn 0.35309216 0.00129074 -0.93558766
vn 0.35309216 0.00129074 -0.93558766
vn 0.35309216 0.00129074 -0.93558766
vn 0.39529609 0.00036533 -0.91855368
vn 0.39529609 0.00036533 -0.91855368
vn 0.39529609 0.00036533 -0.91855368
vn 0.39457830 0.00033355 -0.91886226
vn 0.39457830 0.00033355 -0.91886226
vn 0.39457830 0.00033355 -0.91886226
vn 0.41918058 0.00000026 -0.90790288
vn 0.41918058 0.00000026 -0.90790288
vn 0.41918058 0.00000026 -0.90790288
vn 0.98918704 0.14665844 0.00054806
vn 0.98918704 0.14665844 0.00054806
vn 0.98918704 0.14665844 0.00054806
vn 0.98793957 0.15483983 0.00019943
vn 0.98793957 0.15483983 0.00019943
vn 0.98793957 0.15483983 0.00019943
vn 0.99301454 0.11799201 -0.00008410
vn 0.99301454 0.11799201 -0.00008410
vn 0.99301454 0.11799201 -0.00008410
vn 0.99363356 0.11266037 0.00001124
vn 0.99363356 0.11266037 0.00001124
vn 0.99363356 0.11266037 0.00001124
vn 0.99618355 0.08728304 -0.00001472
vn 0.99618355 0.08728304 -0.00001472
vn 0.99618355 0.08728304 -0.00001472
vn 0.99665042 0.08177977 0.00011401
vn 0.99665042 0.08177977 0.00011401
vn 0.99665042 0.08177977 0.00011401
vn 0.99914525 0.04133671 -0.00020508
vn 0.99914525 0.04133671 -0.00020508
vn 0.99914525 0.04133671 -0.00020508
vn 0.99951167 0.03124706 0.00021830
vn 0.99951167 0.03124706 0.00021830
vn 0.99951167 0.03124706 0.00021830
vn 0.99998646 0.00520409 0.00000000
vn 0.99998646 0.00520409 0.00000000
vn 0.99998646 0.00520409 0.00000000
vn 0.98418404 0.17714898 -0.00009913
vn 0.98418404 0.17714898 -0.00009913
vn 0.98418404 0.17714898 -0.00009913
vn 0.98017701 0.19812376 0.00006356
vn 0.98017701 0.19812376 0.00006356
vn 0.98017701 0.19812376 0.00006356
vn 0.97649912 0.21552117 0.00030261
vn 0.97649912 0.21552117 0.00030261
vn 0.97649912 0.21552117 0.00030261
vn 0.97356180 0.22842373 -0.00017697
vn 0.97356180 0.22842373 -0.00017697
vn 0.97356180 0.22842373 -0.00017697
vn 0.96389339 0.26628839 0.00013034
vn 0.96389339 0.26628839 0.00013034
vn 0.96389339 0.26628839 0.00013034
vn 0.96258119 0.27099347 0.00000000
vn 0.96258119 0.27099347 0.00000000
vn 0.96258119 0.27099347 0.00000000
vn 0.95520308 0.29595115 0.00000000
vn 0.95520308 0.29595115 0.00000000
vn 0.95520308 0.29595115 0.00000000
vn 0.95365370 0.30090631 -0.00007900
vn 0.95365370 0.30090631 -0.00007900
vn 0.95365370 0.30090631 -0.00007900
vn 0.94808619 0.31801349 0.00007143
vn 0.94808619 0.31801349 0.00007143
vn 0.94808619 0.31801349 0.00007143
vn 0.94473222 0.32784299 -0.00007141
vn 0.94473222 0.32784299 -0.00007141
vn 0.94473222 0.32784299 -0.00007141
vn 0.93282489 0.36032995 0.00021790
vn 0.93282489 0.36032995 0.00021790
vn 0.93282489 0.36032995 0.00021790
vn 0.92915974 0.36967843 -0.00020338
vn 0.92915974 0.36967843 -0.00020338
vn 0.92915974 0.36967843 -0.00020338
vn 0.91681747 0.39930656 0.00004717
vn 0.91681747 0.39930656 0.00004717
vn 0.91681747 0.39930656 0.00004717
vn 0.91487014 0.40374822 0.00000000
vn 0.91487014 0.40374822 0.00000000
vn 0.91487014 0.40374822 0.00000000
vn 0.90398691 0.42756014 0.00000000
vn 0.90398691 0.42756014 0.00000000
vn 0.90398691 0.42756014 0.00000000
vn 0.90197673 0.43178462 -0.00015171
vn 0.90197673 0.43178462 -0.00015171
vn 0.90197673 0.43178462 -0.00015171
vn 0.88496960 0.46564879 0.00013372
vn 0.88496960 0.46564879 0.00013372
vn 0.88496960 0.46564879 0.00013372
vn 0.87653085 0.48134555 -0.00037575
vn 0.87653085 0.48134555 -0.00037575
vn 0.87653085 0.48134555 -0.00037575
vn 0.87016212 0.49276553 -0.00009903
vn 0.87016212 0.49276553 -0.00009903
vn 0.87016212 0.49276553 -0.00009903
vn 0.85872512 0.51243650 0.00007236
vn 0.85872512 0.51243650 0.00007236
vn 0.85872512 0.51243650 0.00007236
vn 0.85631863 0.51644788 0.00000000
vn 0.85631863 0.51644788 0.00000000
vn 0.85631863 0.51644788 0.00000000
vn 0.84250596 0.53868702 0.00000000
vn 0.84250596 0.53868702 0.00000000
vn 0.84250596 0.53868702 0.00000000
vn 0.83988448 0.54276519 -0.00012938
vn 0.83988448 0.54276519 -0.00012938
vn 0.83988448 0.54276519 -0.00012938
vn 0.82713538 0.56200272 0.00005078
vn 0.82713538 0.56200272 0.00005078
vn 0.82713538 0.56200272 0.00005078
vn 0.82178103 0.56980342 -0.00004828
vn 0.82178103 0.56980342 -0.00004828
vn 0.82178103 0.56980342 -0.00004828
vn 0.80937432 0.58729311 0.00011101
vn 0.80937432 0.58729311 0.00011101
vn 0.80937432 0.58729311 0.00011101
vn 0.80357576 0.59520248 -0.00012496
vn 0.80357576 0.59520248 -0.00012496
vn 0.80357576 0.59520248 -0.00012496
vn 0.78937579 0.61391030 0.00007143
vn 0.78937579 0.61391030 0.00007143
vn 0.78937579 0.61391030 0.00007143
vn 0.78295797 0.62207461 -0.00007139
vn 0.78295797 0.62207461 -0.00007139
vn 0.78295797 0.62207461 -0.00007139
vn 0.77829945 0.62789328 -0.00000906
vn 0.77829945 0.62789328 -0.00000906
vn 0.77829945 0.62789328 -0.00000906
vn 0.76726236 0.64133335 0.00002131
vn 0.76726236 0.64133335 0.00002131
vn 0.76726236 0.64133335 0.00002131
vn 0.76369363 0.64557883 -0.00008760
vn 0.76369363 0.64557883 -0.00008760
vn 0.76369363 0.64557883 -0.00008760
vn 0.74957247 0.66192228 0.00006750
vn 0.74957247 0.66192228 0.00006750
vn 0.74957247 0.66192228 0.00006750
vn 0.74337953 0.66886984 -0.00007342
vn 0.74337953 0.66886984 -0.00007342
vn 0.74337953 0.66886984 -0.00007342
vn 0.71911257 0.69489356 0.00020436
vn 0.71911257 0.69489356 0.00020436
vn 0.71911257 0.69489356 0.00020436
vn 0.71246021 0.70171249 -0.00019720
vn 0.71246021 0.70171249 -0.00019720
vn 0.71246021 0.70171249 -0.00019720
vn 0.69206064 0.72183937 0.00001864
vn 0.69206064 0.72183937 0.00001864
vn 0.69206064 0.72183937 0.00001864
vn 0.68625800 0.72735820 -0.00001327
vn 0.68625800 0.72735820 -0.00001327
vn 0.68625800 0.72735820 -0.00001327
vn 0.66942975 0.74287535 0.00010959
vn 0.66942975 0.74287535 0.00010959
vn 0.66942975 0.74287535 0.00010959
vn 0.66345639 0.74821494 -0.00015375
vn 0.66345639 0.74821494 -0.00015375
vn 0.66345639 0.74821494 -0.00015375
vn 0.62788633 0.77830503 0.00019718
vn 0.62788633 0.77830503 0.00019718
vn 0.62788633 0.77830503 0.00019718
vn 0.62044354 0.78425109 -0.00020437
vn 0.62044354 0.78425109 -0.00020437
vn 0.62044354 0.78425109 -0.00020437
vn 0.59499043 0.80373278 0.00004585
vn 0.59499043 0.80373278 0.00004585
vn 0.59499043 0.80373278 0.00004585
vn 0.59108514 0.80660917 0.00000000
vn 0.59108514 0.80660917 0.00000000
vn 0.59108514 0.80660917 0.00000000
vn 0.56987006 0.82173482 0.00000000
vn 0.56987006 0.82173482 0.00000000
vn 0.56987006 0.82173482 0.00000000
vn 0.56559574 0.82468263 -0.00016877
vn 0.56559574 0.82468263 -0.00016877
vn 0.56559574 0.82468263 -0.00016877
vn 0.54167378 0.84058879 0.00007145
vn 0.54167378 0.84058879 0.00007145
vn 0.54167378 0.84058879 0.00007145
vn 0.53291073 0.84617146 -0.00007145
vn 0.53291073 0.84617146 -0.00007145
vn 0.53291073 0.84617146 -0.00007145
vn 0.50332028 0.86409991 0.00021785
vn 0.50332028 0.86409991 0.00021785
vn 0.50332028 0.86409991 0.00021785
vn 0.49869654 0.86677665 -0.00000629
vn 0.49869654 0.86677665 -0.00000629
vn 0.49869654 0.86677665 -0.00000629
vn 0.47166917 0.88177559 0.00000120
vn 0.47166917 0.88177559 0.00000120
vn 0.47166917 0.88177559 0.00000120
vn 0.45824601 0.88882539 0.00011956
vn 0.45824601 0.88882539 0.00011956
vn 0.45824601 0.88882539 0.00011956
vn 0.45330219 0.89135690 -0.00001741
vn 0.45330219 0.89135690 -0.00001741
vn 0.45330219 0.89135690 -0.00001741
vn 0.43044998 0.90261443 0.00001150
vn 0.43044998 0.90261443 0.00001150
vn 0.43044998 0.90261443 0.00001150
vn 0.42558512 0.90491840 -0.00007656
vn 0.42558512 0.90491840 -0.00007656
vn 0.42558512 0.90491840 -0.00007656
vn 0.39238666 0.91980034 0.00019747
vn 0.39238666 0.91980034 0.00019747
vn 0.39238666 0.91980034 0.00019747
vn 0.38376431 0.92343105 -0.00019750
vn 0.38376431 0.92343105 -0.00019750
vn 0.38376431 0.92343105 -0.00019750
vn 0.36046980 0.93277089 -0.00000848
vn 0.36046980 0.93277089 -0.00000848
vn 0.36046980 0.93277089 -0.00000848
vn 0.35085799 0.93642868 0.00001026
vn 0.35085799 0.93642868 0.00001026
vn 0.35085799 0.93642868 0.00001026
vn 0.33152433 0.94344665 0.00019606
vn 0.33152433 0.94344665 0.00019606
vn 0.33152433 0.94344665 0.00019606
vn 0.32163855 0.94686251 -0.00016940
vn 0.32163855 0.94686251 -0.00016940
vn 0.32163855 0.94686251 -0.00016940
vn 0.27606537 0.96113884 0.00020343
vn 0.27606537 0.96113884 0.00020343
vn 0.27606537 0.96113884 0.00020343
vn 0.26639955 0.96386266 -0.00021790
vn 0.26639955 0.96386266 -0.00021790
vn 0.26639955 0.96386266 -0.00021790
vn 0.23933932 0.97093599 0.00001597
vn 0.23933932 0.97093599 0.00001597
vn 0.23933932 0.97093599 0.00001597
vn 0.22598268 0.97413132 -0.00002632
vn 0.22598268 0.97413132 -0.00002632
vn 0.22598268 0.97413132 -0.00002632
vn 0.22278559 0.97486747 -0.00007144
vn 0.22278559 0.97486747 -0.00007144
vn 0.22278559 0.97486747 -0.00007144
vn 0.18892556 0.98199139 0.00021788
vn 0.18892556 0.98199139 0.00021788
vn 0.18892556 0.98199139 0.00021788
vn 0.17905605 0.98383885 -0.00020339
vn 0.17905605 0.98383885 -0.00020339
vn 0.17905605 0.98383885 -0.00020339
vn 0.13099380 0.99138317 0.00017639
vn 0.13099380 0.99138317 0.00017639
vn 0.13099380 0.99138317 0.00017639
vn 0.12618554 0.99200666 0.00000000
vn 0.12618554 0.99200666 0.00000000
vn 0.12618554 0.99200666 0.00000000
vn 0.10017922 0.99496941 0.00000000
vn 0.10017922 0.99496941 0.00000000
vn 0.10017922 0.99496941 0.00000000
vn 0.09552113 0.99542740 -0.00002702
vn 0.09552113 0.99542740 -0.00002702
vn 0.09552113 0.99542740 -0.00002702
vn 0.07335503 0.99730588 0.00014052
vn 0.07335503 0.99730588 0.00014052
vn 0.07335503 0.99730588 0.00014052
vn 0.07052166 0.99751025 0.00005519
vn 0.07052166 0.99751025 0.00005519
vn 0.07052166 0.99751025 0.00005519
vn 0.04250962 0.99909606 -0.00002781
vn 0.04250962 0.99909606 -0.00002781
vn 0.04250962 0.99909606 -0.00002781
vn 0.03966992 0.99921284 -0.00007084
vn 0.03966992 0.99921284 -0.00007084
vn 0.03966992 0.99921284 -0.00007084
vn 0.00409549 0.99999159 0.00019716
vn 0.00409549 0.99999159 0.00019716
vn 0.00409549 0.99999159 0.00019716
vn -0.00056213 0.99999984 0.00000082
vn -0.00056213 0.99999984 0.00000082
vn -0.00056213 0.99999984 0.00000082
vn -0.03898190 0.99923992 -0.00000036
vn -0.03898190 0.99923992 -0.00000036
vn -0.03898190 0.99923992 -0.00000036
vn -0.03158795 0.99950097 0.00014555
vn -0.03158795 0.99950097 0.00014555
vn -0.03158795 0.99950097 0.00014555
vn -0.06984299 0.99755795 -0.00030968
vn -0.06984299 0.99755795 -0.00030968
vn -0.06984299 0.99755795 -0.00030968
vn -0.06766032 0.99770839 -0.00021789
vn -0.06766032 0.99770839 -0.00021789
vn -0.06766032 0.99770839 -0.00021789
vn -0.10213605 0.99477044 0.00007142
vn -0.10213605 0.99477044 0.00007142
vn -0.10213605 0.99477044 0.00007142
vn -0.11245980 0.99365627 -0.00007139
vn -0.11245980 0.99365627 -0.00007139
vn -0.11245980 0.99365627 -0.00007139
vn -0.13628677 0.99066942 0.00012939
vn -0.13628677 0.99066942 0.00012939
vn -0.13628677 0.99066942 0.00012939
vn -0.13668218 0.99061494 0.00011944
vn -0.13668218 0.99061494 0.00011944
vn -0.13668218 0.99061494 0.00011944
vn -0.15198832 0.98838229 0.00000000
vn -0.15198832 0.98838229 0.00000000
vn -0.15198832 0.98838229 0.00000000
vn -0.16714237 0.98593277 0.00000000
vn -0.16714237 0.98593277 0.00000000
vn -0.16714237 0.98593277 0.00000000
vn -0.17195451 0.98510489 -0.00008296
vn -0.17195451 0.98510489 -0.00008296
vn -0.17195451 0.98510489 -0.00008296
vn -0.20796438 0.97813638 0.00020544
vn -0.20796438 0.97813638 0.00020544
vn -0.20796438 0.97813638 0.00020544
vn -0.21735873 0.97609177 -0.00019900
vn -0.21735873 0.97609177 -0.00019900
vn -0.21735873 0.97609177 -0.00019900
vn -0.26120094 0.96528444 0.00014502
vn -0.26120094 0.96528444 0.00014502
vn -0.26120094 0.96528444 0.00014502
vn -0.26576645 0.96403745 0.00000000
vn -0.26576645 0.96403745 0.00000000
vn -0.26576645 0.96403745 0.00000000
vn -0.29089754 0.95675421 0.00000000
vn -0.29089754 0.95675421 0.00000000
vn -0.29089754 0.95675421 0.00000000
vn -0.29542534 0.95536583 -0.00005441
vn -0.29542534 0.95536583 -0.00005441
vn -0.29542534 0.95536583 -0.00005441
vn -0.32298882 0.94640277 0.00016651
vn -0.32298882 0.94640277 0.00016651
vn -0.32298882 0.94640277 0.00016651
vn -0.32600997 0.94536633 0.00005414
vn -0.32600997 0.94536633 0.00005414
vn -0.32600997 0.94536633 0.00005414
vn -0.35205147 0.93598064 -0.00001447
vn -0.35205147 0.93598064 -0.00001447
vn -0.35205147 0.93598064 -0.00001447
vn -0.35518276 0.93479688 -0.00004588
vn -0.35518276 0.93479688 -0.00004588
vn -0.35518276 0.93479688 -0.00004588
vn -0.38479465 0.92300219 0.00020509
vn -0.38479465 0.92300219 0.00020509
vn -0.38479465 0.92300219 0.00020509
vn -0.39409219 0.91907089 -0.00021823
vn -0.39409219 0.91907089 -0.00021823
vn -0.39409219 0.91907089 -0.00021823
vn -0.41782430 0.90852785 -0.00000061
vn -0.41782430 0.90852785 -0.00000061
vn -0.41782430 0.90852785 -0.00000061
vn -0.41789846 -0.90849374 0.00000026
vn -0.41789846 -0.90849374 0.00000026
vn -0.41789846 -0.90849374 0.00000026
vn -0.39409756 -0.91906858 0.00021853
vn -0.39409756 -0.91906858 0.00021853
vn -0.39409756 -0.91906858 0.00021853
vn -0.38479345 -0.92300269 -0.00020509
vn -0.38479345 -0.92300269 -0.00020509
vn -0.38479345 -0.92300269 -0.00020509
vn -0.35662191 -0.93424880 0.00003376
vn -0.35662191 -0.93424880 0.00003376
vn -0.35662191 -0.93424880 0.00003376
vn -0.35061018 -0.93652149 -0.00001062
vn -0.35061018 -0.93652149 -0.00001062
vn -0.35061018 -0.93652149 -0.00001062
vn -0.32746413 -0.94486361 0.00005031
vn -0.32746413 -0.94486361 0.00005031
vn -0.32746413 -0.94486361 0.00005031
vn -0.32695345 -0.94504044 0.00003264
vn -0.32695345 -0.94504044 0.00003264
vn -0.32695345 -0.94504044 0.00003264
vn -0.30318271 -0.95293244 -0.00000761
vn -0.30318271 -0.95293244 -0.00000761
vn -0.30318271 -0.95293244 -0.00000761
vn -0.27718922 -0.96081533 0.00019941
vn -0.27718922 -0.96081533 0.00019941
vn -0.27718922 -0.96081533 0.00019941
vn -0.26808319 -0.96339574 -0.00019930
vn -0.26808319 -0.96339574 -0.00019930
vn -0.26808319 -0.96339574 -0.00019930
vn -0.21735877 -0.97609176 0.00019908
vn -0.21735877 -0.97609176 0.00019908
vn -0.21735877 -0.97609176 0.00019908
vn -0.20796345 -0.97813658 -0.00020539
vn -0.20796345 -0.97813658 -0.00020539
vn -0.20796345 -0.97813658 -0.00020539
vn -0.18266919 -0.98317443 -0.00000261
vn -0.18266919 -0.98317443 -0.00000261
vn -0.18266919 -0.98317443 -0.00000261
vn -0.16513841 -0.98627040 0.00000701
vn -0.16513841 -0.98627040 0.00000701
vn -0.16513841 -0.98627040 0.00000701
vn -0.16241043 -0.98672329 -0.00005050
vn -0.16241043 -0.98672329 -0.00005050
vn -0.16241043 -0.98672329 -0.00005050
vn -0.13908571 -0.99028035 0.00004179
vn -0.13908571 -0.99028035 0.00004179
vn -0.13908571 -0.99028035 0.00004179
vn -0.13153350 -0.99131172 -0.00008924
vn -0.13153350 -0.99131172 -0.00008924
vn -0.13153350 -0.99131172 -0.00008924
vn -0.11246111 -0.99365612 0.00007143
vn -0.11246111 -0.99365612 0.00007143
vn -0.11246111 -0.99365612 0.00007143
vn -0.10213591 -0.99477045 -0.00007141
vn -0.10213591 -0.99477045 -0.00007141
vn -0.10213591 -0.99477045 -0.00007141
vn -0.07169129 -0.99742685 0.00018412
vn -0.07169129 -0.99742685 0.00018412
vn -0.07169129 -0.99742685 0.00018412
vn -0.06651006 -0.99778575 0.00000000
vn -0.06651006 -0.99778575 0.00000000
vn -0.06651006 -0.99778575 0.00000000
vn -0.04049039 -0.99917993 0.00000000
vn -0.04049039 -0.99917993 0.00000000
vn -0.04049039 -0.99917993 0.00000000
vn -0.03564508 -0.99936451 -0.00003155
vn -0.03564508 -0.99936451 -0.00003155
vn -0.03564508 -0.99936451 -0.00003155
vn -0.00542860 -0.99998524 0.00020436
vn -0.00542860 -0.99998524 0.00020436
vn -0.00542860 -0.99998524 0.00020436
vn 0.00409660 -0.99999159 -0.00019715
vn 0.00409660 -0.99999159 -0.00019715
vn 0.00409660 -0.99999159 -0.00019715
vn 0.03783541 -0.99928398 0.00005701
vn 0.03783541 -0.99928398 0.00005701
vn 0.03783541 -0.99928398 0.00005701
vn 0.04434464 -0.99901629 -0.00002237
vn 0.04434464 -0.99901629 -0.00002237
vn 0.04434464 -0.99901629 -0.00002237
vn 0.06869187 -0.99763792 0.00004972
vn 0.06869187 -0.99763792 0.00004972
vn 0.06869187 -0.99763792 0.00004972
vn 0.07185436 -0.99741513 -0.00003614
vn 0.07185436 -0.99741513 -0.00003614
vn 0.07185436 -0.99741513 -0.00003614
vn 0.09328053 -0.99563987 0.00001006
vn 0.09328053 -0.99563987 0.00001006
vn 0.09328053 -0.99563987 0.00001006
vn 0.11798618 -0.99301522 0.00019716
vn 0.11798618 -0.99301522 0.00019716
vn 0.11798618 -0.99301522 0.00019716
vn 0.12743899 -0.99184639 -0.00020434
vn 0.12743899 -0.99184639 -0.00020434
vn 0.12743899 -0.99184639 -0.00020434
vn 0.17905708 -0.98383867 0.00020342
vn 0.17905708 -0.98383867 0.00020342
vn 0.17905708 -0.98383867 0.00020342
vn 0.18892661 -0.98199118 -0.00021785
vn 0.18892661 -0.98199118 -0.00021785
vn 0.18892661 -0.98199118 -0.00021785
vn 0.21608815 -0.97637386 0.00001405
vn 0.21608815 -0.97637386 0.00001405
vn 0.21608815 -0.97637386 0.00001405
vn 0.22115516 -0.97523863 0.00000000
vn 0.22115516 -0.97523863 0.00000000
vn 0.22115516 -0.97523863 0.00000000
vn 0.22948368 -0.97331251 0.00000000
vn 0.22948368 -0.97331251 0.00000000
vn 0.22948368 -0.97331251 0.00000000
vn 0.23453180 -0.97210845 -0.00005734
vn 0.23453180 -0.97210845 -0.00005734
vn 0.23453180 -0.97210845 -0.00005734
vn 0.26640048 -0.96386241 0.00021790
vn 0.26640048 -0.96386241 0.00021790
vn 0.26640048 -0.96386241 0.00021790
vn 0.27606639 -0.96113855 -0.00020343
vn 0.27606639 -0.96113855 -0.00020343
vn 0.27606639 -0.96113855 -0.00020343
vn 0.32185131 -0.94679021 0.00017113
vn 0.32185131 -0.94679021 0.00017113
vn 0.32185131 -0.94679021 0.00017113
vn 0.32872066 -0.94442719 -0.00008532
vn 0.32872066 -0.94442719 -0.00008532
vn 0.32872066 -0.94442719 -0.00008532
vn 0.45762078 -0.88914746 -0.00012504
vn 0.45762078 -0.88914746 -0.00012504
vn 0.45762078 -0.88914746 -0.00012504
vn 0.45393307 -0.89103578 -0.00001818
vn 0.45393307 -0.89103578 -0.00001818
vn 0.45393307 -0.89103578 -0.00001818
vn 0.42981399 -0.90291746 0.00001230
vn 0.42981399 -0.90291746 0.00001230
vn 0.42981399 -0.90291746 0.00001230
vn 0.42622224 -0.90461848 0.00008183
vn 0.42622224 -0.90461848 0.00008183
vn 0.42622224 -0.90461848 0.00008183
vn 0.39238752 -0.91979997 -0.00019748
vn 0.39238752 -0.91979997 -0.00019748
vn 0.39238752 -0.91979997 -0.00019748
vn 0.38376525 -0.92343066 0.00019749
vn 0.38376525 -0.92343066 0.00019749
vn 0.38376525 -0.92343066 0.00019749
vn 0.35770505 -0.93383462 -0.00001384
vn 0.35770505 -0.93383462 -0.00001384
vn 0.35770505 -0.93383462 -0.00001384
vn 0.35333558 -0.93549664 0.00000000
vn 0.35333558 -0.93549664 0.00000000
vn 0.35333558 -0.93549664 0.00000000
vn 0.34934222 -0.93699520 0.00000000
vn 0.34934222 -0.93699520 0.00000000
vn 0.34934222 -0.93699520 0.00000000
vn 0.50332156 -0.86409916 -0.00021787
vn 0.50332156 -0.86409916 -0.00021787
vn 0.50332156 -0.86409916 -0.00021787
vn 0.49783905 -0.86726944 0.00004784
vn 0.49783905 -0.86726944 0.00004784
vn 0.49783905 -0.86726944 0.00004784
vn 0.47079636 -0.88224191 -0.00000892
vn 0.47079636 -0.88224191 -0.00000892
vn 0.47079636 -0.88224191 -0.00000892
vn 0.57068464 -0.82116931 0.00000000
vn 0.57068464 -0.82116931 0.00000000
vn 0.57068464 -0.82116931 0.00000000
vn 0.56641243 -0.82412191 0.00017708
vn 0.56641243 -0.82412191 0.00017708
vn 0.56641243 -0.82412191 0.00017708
vn 0.54167107 -0.84059053 -0.00007144
vn 0.54167107 -0.84059053 -0.00007144
vn 0.54167107 -0.84059053 -0.00007144
vn 0.53666810 -0.84379343 0.00001026
vn 0.53666810 -0.84379343 0.00001026
vn 0.53666810 -0.84379343 0.00001026
vn 0.52502764 -0.85108518 -0.00000627
vn 0.52502764 -0.85108518 -0.00000627
vn 0.52502764 -0.85108518 -0.00000627
vn 0.68959888 -0.72419077 -0.00105612
vn 0.68959888 -0.72419077 -0.00105612
vn 0.68959888 -0.72419077 -0.00105612
vn 0.66690263 -0.74514485 0.00018849
vn 0.66690263 -0.74514485 0.00018849
vn 0.66690263 -0.74514485 0.00018849
vn 0.62788632 -0.77830504 -0.00019717
vn 0.62788632 -0.77830504 -0.00019717
vn 0.62788632 -0.77830504 -0.00019717
vn 0.62830878 -0.77796403 -0.00022006
vn 0.62830878 -0.77796403 -0.00022006
vn 0.62830878 -0.77796403 -0.00022006
vn 0.59578495 -0.80314400 0.00012575
vn 0.59578495 -0.80314400 0.00012575
vn 0.59578495 -0.80314400 0.00012575
vn 0.60387267 -0.79708079 -0.00011758
vn 0.60387267 -0.79708079 -0.00011758
vn 0.60387267 -0.79708079 -0.00011758
vn 0.59188103 -0.80602534 0.00000000
vn 0.59188103 -0.80602534 0.00000000
vn 0.59188103 -0.80602534 0.00000000
vn 0.67163383 -0.74088326 -0.00002090
vn 0.67163383 -0.74088326 -0.00002090
vn 0.67163383 -0.74088326 -0.00002090
vn 0.69419614 -0.71978589 0.00000368
vn 0.69419614 -0.71978589 0.00000368
vn 0.69419614 -0.71978589 0.00000368
vn 0.71246070 -0.70171198 0.00019720
vn 0.71246070 -0.70171198 0.00019720
vn 0.71246070 -0.70171198 0.00019720
vn 0.71911310 -0.69489302 -0.00020436
vn 0.71911310 -0.69489302 -0.00020436
vn 0.71911310 -0.69489302 -0.00020436
vn 0.74635656 -0.66554630 0.00010823
vn 0.74635656 -0.66554630 0.00010823
vn 0.74635656 -0.66554630 0.00010823
vn 0.74661692 -0.66525421 0.00009949
vn 0.74661692 -0.66525421 0.00009949
vn 0.74661692 -0.66525421 0.00009949
vn 0.76656703 -0.64216429 -0.00011956
vn 0.76656703 -0.64216429 -0.00011956
vn 0.76656703 -0.64216429 -0.00011956
vn 0.76703843 -0.64160114 -0.00013925
vn 0.76703843 -0.64160114 -0.00013925
vn 0.76703843 -0.64160114 -0.00013925
vn 0.77814461 -0.62808516 0.00000702
vn 0.77814461 -0.62808516 0.00000702
vn 0.77814461 -0.62808516 0.00000702
vn 0.78669790 -0.61733817 -0.00001156
vn 0.78669790 -0.61733817 -0.00001156
vn 0.78669790 -0.61733817 -0.00001156
vn 0.78937745 -0.61390817 -0.00007142
vn 0.78937745 -0.61390817 -0.00007142
vn 0.78937745 -0.61390817 -0.00007142
vn 0.80631245 -0.59148982 0.00016349
vn 0.80631245 -0.59148982 0.00016349
vn 0.80631245 -0.59148982 0.00016349
vn 0.80665613 -0.59102103 0.00014519
vn 0.80665613 -0.59102103 0.00014519
vn 0.80665613 -0.59102103 0.00014519
vn 0.82440022 -0.56600731 -0.00008245
vn 0.82440022 -0.56600731 -0.00008245
vn 0.82440022 -0.56600731 -0.00008245
vn 0.82453684 -0.56580827 -0.00008677
vn 0.82453684 -0.56580827 -0.00008677
vn 0.82453684 -0.56580827 -0.00008677
vn 0.84362503 -0.53693275 0.00018342
vn 0.84362503 -0.53693275 0.00018342
vn 0.84362503 -0.53693275 0.00018342
vn 0.84621769 -0.53283733 0.00000000
vn 0.84621769 -0.53283733 0.00000000
vn 0.84621769 -0.53283733 0.00000000
vn 0.85987767 -0.51050014 0.00000000
vn 0.85987767 -0.51050014 0.00000000
vn 0.85987767 -0.51050014 0.00000000
vn 0.86225575 -0.50647313 -0.00002017
vn 0.86225575 -0.50647313 -0.00002017
vn 0.86225575 -0.50647313 -0.00002017
vn 0.86784754 -0.49683060 0.00006378
vn 0.86784754 -0.49683060 0.00006378
vn 0.86784754 -0.49683060 0.00006378
vn 0.88099568 -0.47312421 -0.00030580
vn 0.88099568 -0.47312421 -0.00030580
vn 0.88099568 -0.47312421 -0.00030580
vn 0.88278237 -0.46978215 -0.00016893
vn 0.88278237 -0.46978215 -0.00016893
vn 0.88278237 -0.46978215 -0.00016893
vn 0.91926182 -0.39364446 -0.00132290
vn 0.91926182 -0.39364446 -0.00132290
vn 0.91926182 -0.39364446 -0.00132290
vn 0.91811794 -0.39630547 -0.00119113
vn 0.91811794 -0.39630547 -0.00119113
vn 0.91811794 -0.39630547 -0.00119113
vn 0.90456901 -0.42632718 0.00019718
vn 0.90456901 -0.42632718 0.00019718
vn 0.90456901 -0.42632718 0.00019718
vn 0.90776003 -0.41948984 0.00000000
vn 0.90776003 -0.41948984 0.00000000
vn 0.90776003 -0.41948984 0.00000000
vn 0.92033641 -0.39112771 0.00000000
vn 0.92033641 -0.39112771 0.00000000
vn 0.92033641 -0.39112771 0.00000000
vn 0.93021623 -0.36701192 0.00008310
vn 0.93021623 -0.36701192 0.00008310
vn 0.93021623 -0.36701192 0.00008310
vn 0.93282525 -0.36032903 -0.00021789
vn 0.93282525 -0.36032903 -0.00021789
vn 0.93282525 -0.36032903 -0.00021789
vn 0.94473282 -0.32784125 0.00007141
vn 0.94473282 -0.32784125 0.00007141
vn 0.94473282 -0.32784125 0.00007141
vn 0.94808619 -0.31801349 -0.00007142
vn 0.94808619 -0.31801349 -0.00007142
vn 0.94808619 -0.31801349 -0.00007142
vn 0.95166686 -0.30713221 0.00002436
vn 0.95166686 -0.30713221 0.00002436
vn 0.95166686 -0.30713221 0.00002436
vn 0.95338027 -0.30177155 -0.00000206
vn 0.95338027 -0.30177155 -0.00000206
vn 0.95338027 -0.30177155 -0.00000206
vn 0.95919749 -0.28273694 0.00001193
vn 0.95919749 -0.28273694 0.00001193
vn 0.95919749 -0.28273694 0.00001193
vn 0.95932073 -0.28231852 0.00000000
vn 0.95932073 -0.28231852 0.00000000
vn 0.95932073 -0.28231852 0.00000000
vn 0.96547473 -0.26049674 0.00000000
vn 0.96547473 -0.26049674 0.00000000
vn 0.96547473 -0.26049674 0.00000000
vn 0.96673550 -0.25577817 -0.00004472
vn 0.96673550 -0.25577817 -0.00004472
vn 0.96673550 -0.25577817 -0.00004472
vn 0.97438192 -0.22489961 0.00020540
vn 0.97438192 -0.22489961 0.00020540
vn 0.97438192 -0.22489961 0.00020540
vn 0.97649915 -0.21552116 -0.00019905
vn 0.97649915 -0.21552116 -0.00019905
vn 0.97649915 -0.21552116 -0.00019905
vn 0.98642990 -0.16418288 0.00019931
vn 0.98642990 -0.16418288 0.00019931
vn 0.98642990 -0.16418288 0.00019931
vn 0.98714937 -0.15980028 0.00001221
vn 0.98714937 -0.15980028 0.00001221
vn 0.98714937 -0.15980028 0.00001221
vn 0.99161492 -0.12922787 -0.00000220
vn 0.99161492 -0.12922787 -0.00000220
vn 0.99161492 -0.12922787 -0.00000220
vn 0.99308920 -0.11736194 0.00008894
vn 0.99308920 -0.11736194 0.00008894
vn 0.99308920 -0.11736194 0.00008894
vn 0.99356230 -0.11328701 0.00001188
vn 0.99356230 -0.11328701 0.00001188
vn 0.99356230 -0.11328701 0.00001188
vn 0.99623883 -0.08664986 -0.00001547
vn 0.99623883 -0.08664986 -0.00001547
vn 0.99623883 -0.08664986 -0.00001547
vn 0.99659845 -0.08241067 -0.00011896
vn 0.99659845 -0.08241067 -0.00011896
vn 0.99659845 -0.08241067 -0.00011896
vn 0.99914530 -0.04133549 0.00020508
vn 0.99914530 -0.04133549 0.00020508
vn 0.99914530 -0.04133549 0.00020508
vn 0.99951167 -0.03124708 -0.00021827
vn 0.99951167 -0.03124708 -0.00021827
vn 0.99951167 -0.03124708 -0.00021827
vn 0.99998645 -0.00520485 -0.00000000
vn 0.99998645 -0.00520485 -0.00000000
vn 0.99998645 -0.00520485 -0.00000000
vn 0.00000348 1.00000000 0.00000000
vn 0.00000348 1.00000000 0.00000000
vn 0.00000348 1.00000000 0.00000000
vn -0.00000223 1.00000000 -0.00000021
vn -0.00000223 1.00000000 -0.00000021
vn -0.00000223 1.00000000 -0.00000021
vn -0.00000276 1.00000000 -0.00000021
vn -0.00000276 1.00000000 -0.00000021
vn -0.00000276 1.00000000 -0.00000021
vn 0.00000000 1.00000000 0.00000000
vn 0.00000000 1.00000000 0.00000000
vn 0.00000000 1.00000000 0.00000000
vn 0.00000000 1.00000000 0.00000000
vn 0.00000000 1.00000000 0.00000000
vn 0.00000000 1.00000000 0.00000000
vn 0.00000002 1.00000000 -0.00000007
vn 0.00000002 1.00000000 -0.00000007
vn 0.00000002 1.00000000 -0.00000007
vn 0.00000174 1.00000000 0.00000066
vn 0.00000174 1.00000000 0.00000066
vn 0.00000174 1.00000000 0.00000066
vn 0.00000000 1.00000000 0.00000000
vn 0.00000000 1.00000000 0.00000000
vn 0.00000000 1.00000000 0.00000000
vn 0.00000000 1.00000000 0.00000000
vn 0.00000000 1.00000000 0.00000000
vn 0.00000000 1.00000000 0.00000000
vn 0.00000000 1.00000000 0.00000000
vn 0.00000000 1.00000000 0.00000000
vn 0.00000000 1.00000000 0.00000000
vn 0.00000000 1.00000000 0.00000000
vn 0.00000000 1.00000000 0.00000000
vn 0.00000000 1.00000000 0.00000000
vn 0.00000000 1.00000000 0.00000000
vn 0.00000000 1.00000000 0.00000000
vn 0.00000000 1.00000000 0.00000000
vn 0.00000000 1.00000000 0.00000000
vn 0.00000000 1.00000000 0.00000000
vn 0.00000000 1.00000000 0.00000000
vn 0.00000000 1.00000000 0.00000000
vn 0.00000000 1.00000000 0.00000000
vn 0.00000000 1.00000000 0.00000000
vn 0.00000000 1.00000000 0.00000000
vn 0.00000000 1.00000000 0.00000000
vn 0.00000000 1.00000000 0.00000000
vn 0.00000000 1.00000000 0.00000000
vn 0.00000000 1.00000000 0.00000000
vn 0.00000000 1.00000000 0.00000000
vn 0.00000002 1.00000000 -0.00000007
vn 0.00000002 1.00000000 -0.00000007
vn 0.00000002 1.00000000 -0.00000007
vn 0.00000001 1.00000000 -0.00000008
vn 0.00000001 1.00000000 -0.00000008
vn 0.00000001 1.00000000 -0.00000008
vn 0.00000000 1.00000000 -0.00000008
vn 0.00000000 1.00000000 -0.00000008
vn 0.00000000 1.00000000 -0.00000008
vn -0.00000001 1.00000000 -0.00000008
vn -0.00000001 1.00000000 -0.00000008
vn -0.00000001 1.00000000 -0.00000008
vn -0.00000002 1.00000000 -0.00000008
vn -0.00000002 1.00000000 -0.00000008
vn -0.00000002 1.00000000 -0.00000008
vn -0.00000003 1.00000000 -0.00000008
vn -0.00000003 1.00000000 -0.00000008
vn -0.00000003 1.00000000 -0.00000008
vn 0.00000000 1.00000000 0.00000000
vn 0.00000000 1.00000000 0.00000000
vn 0.00000000 1.00000000 0.00000000
vn 0.00000000 1.00000000 0.00000000
vn 0.00000000 1.00000000 0.00000000
vn 0.00000000 1.00000000 0.00000000
vn 0.00000000 1.00000000 0.00000000
vn 0.00000000 1.00000000 0.00000000
vn 0.00000000 1.00000000 0.00000000
vn 0.00000000 1.00000000 0.00000000
vn 0.00000000 1.00000000 0.00000000
vn 0.00000000 1.00000000 0.00000000
vn 0.00000000 1.00000000 0.00000000
vn 0.00000000 1.00000000 0.00000000
vn 0.00000000 1.00000000 0.00000000
vn 0.00000000 1.00000000 0.00000000
vn 0.00000000 1.00000000 0.00000000
vn 0.00000000 1.00000000 0.00000000
vn 0.00000000 1.00000000 0.00000000
vn 0.00000000 1.00000000 0.00000000
vn 0.00000000 1.00000000 0.00000000
vn 0.00000000 1.00000000 0.00000000
vn 0.00000000 1.00000000 0.00000000
vn 0.00000000 1.00000000 0.00000000
vn 0.00000000 1.00000000 0.00000000
vn 0.00000000 1.00000000 0.00000000
vn 0.00000000 1.00000000 0.00000000
vn 0.00000000 1.00000000 0.00000000
vn 0.00000000 1.00000000 0.00000000
vn 0.00000000 1.00000000 0.00000000
vn 0.00000000 1.00000000 0.00000000
vn 0.00000000 1.00000000 0.00000000
vn 0.00000000 1.00000000 0.00000000
vn 0.00000000 1.00000000 0.00000000
vn 0.00000000 1.00000000 0.00000000
vn 0.00000000 1.00000000 0.00000000
vn 0.00000000 1.00000000 0.00000000
vn 0.00000000 1.00000000 0.00000000
vn 0.00000000 1.00000000 0.00000000
vn 0.00000000 1.00000000 0.00000000
vn 0.00000000 1.00000000 0.00000000
vn 0.00000000 1.00000000 0.00000000
vn 0.00000000 1.00000000 0.00000000
vn 0.00000000 1.00000000 0.00000000
vn 0.00000000 1.00000000 0.00000000
vn 0.00000000 1.00000000 0.00000000
vn 0.00000000 1.00000000 0.00000000
vn 0.00000000 1.00000000 0.00000000
vn 0.00000000 1.00000000 0.00000000
vn 0.00000000 1.00000000 0.00000000
vn 0.00000000 1.00000000 0.00000000
vn 0.00000000 1.00000000 0.00000000
vn 0.00000000 1.00000000 0.00000000
vn 0.00000000 1.00000000 0.00000000
vn 0.00000000 1.00000000 0.00000000
vn 0.00000000 1.00000000 0.00000000
vn 0.00000000 1.00000000 0.00000000
vn 0.00000000 1.00000000 0.00000000
vn 0.00000000 1.00000000 0.00000000
vn 0.00000000 1.00000000 0.00000000
vn 0.00000000 1.00000000 0.00000000
vn 0.00000000 1.00000000 0.00000000
vn 0.00000000 1.00000000 0.00000000
vn 0.00000000 1.00000000 0.00000000
vn 0.00000000 1.00000000 0.00000000
vn 0.00000000 1.00000000 0.00000000
vn 0.00000000 1.00000000 0.00000000
vn 0.00000000 1.00000000 0.00000000
vn 0.00000000 1.00000000 0.00000000
vn 0.00000000 1.00000000 0.00000000
vn 0.00000000 1.00000000 0.00000000
vn 0.00000000 1.00000000 0.00000000
vn 0.00000000 1.00000000 0.00000000
vn 0.00000000 1.00000000 0.00000000
vn 0.00000000 1.00000000 0.00000000
vn 0.00000000 1.00000000 0.00000000
vn 0.00000000 1.00000000 0.00000000
vn 0.00000000 1.00000000 0.00000000
vn 0.00000000 1.00000000 0.00000000
vn 0.00000000 1.00000000 0.00000000
vn 0.00000000 1.00000000 0.00000000
vn 0.00000000 1.00000000 0.00000000
vn 0.00000000 1.00000000 0.00000000
vn 0.00000000 1.00000000 0.00000000
vn 0.00000000 1.00000000 0.00000000
vn 0.00000000 1.00000000 0.00000000
vn 0.00000000 1.00000000 0.00000000
vn 0.00000000 1.00000000 0.00000000
vn 0.00000000 1.00000000 0.00000000
vn 0.00000000 1.00000000 0.00000000
vn 0.00000000 1.00000000 0.00000000
vn 0.00000000 1.00000000 0.00000000
vn 0.00000000 1.00000000 0.00000000
vn 0.00000000 1.00000000 0.00000000
vn 0.00000000 1.00000000 0.00000000
vn 0.00000000 1.00000000 0.00000000
vn 0.00000011 -1.00000000 -0.00000036
vn 0.00000011 -1.00000000 -0.00000036
vn 0.00000011 -1.00000000 -0.00000036
vn 0.00000871 -1.00000000 0.00000324
vn 0.00000871 -1.00000000 0.00000324
vn 0.00000871 -1.00000000 0.00000324
vn 0.00000000 -1.00000000 0.00000000
vn 0.00000000 -1.00000000 0.00000000
vn 0.00000000 -1.00000000 0.00000000
vn -0.00001160 -1.00000000 0.00000000
vn -0.00001160 -1.00000000 0.00000000
vn -0.00001160 -1.00000000 0.00000000
vn -0.00001274 -1.00000000 0.00000004
vn -0.00001274 -1.00000000 0.00000004
vn -0.00001274 -1.00000000 0.00000004
vn 0.00001108 -1.00000000 0.00000004
vn 0.00001108 -1.00000000 0.00000004
vn 0.00001108 -1.00000000 0.00000004
vn 0.00000000 -1.00000000 0.00000000
vn 0.00000000 -1.00000000 0.00000000
vn 0.00000000 -1.00000000 0.00000000
vn 0.00000000 -1.00000000 0.00000000
vn 0.00000000 -1.00000000 0.00000000
vn 0.00000000 -1.00000000 0.00000000
vn 0.00000000 -1.00000000 0.00000000
vn 0.00000000 -1.00000000 0.00000000
vn 0.00000000 -1.00000000 0.00000000
vn 0.00000000 -1.00000000 0.00000000
vn 0.00000000 -1.00000000 0.00000000
vn 0.00000000 -1.00000000 0.00000000
vn 0.00000000 -1.00000000 0.00000000
vn 0.00000000 -1.00000000 0.00000000
vn 0.00000000 -1.00000000 0.00000000
vn 0.00000000 -1.00000000 0.00000000
vn 0.00000000 -1.00000000 0.00000000
vn 0.00000000 -1.00000000 0.00000000
vn 0.00000000 -1.00000000 0.00000000
vn 0.00000000 -1.00000000 0.00000000
vn 0.00000000 -1.00000000 0.00000000
vn 0.00000000 -1.00000000 0.00000000
vn 0.00000000 -1.00000000 0.00000000
vn 0.00000000 -1.00000000 0.00000000
vn 0.00000000 -1.00000000 0.00000000
vn 0.00000000 -1.00000000 0.00000000
vn 0.00000000 -1.00000000 0.00000000
vn 0.00000000 -1.00000000 0.00000000
vn 0.00000000 -1.00000000 0.00000000
vn 0.00000000 -1.00000000 0.00000000
vn 0.00000000 -1.00000000 0.00000000
vn 0.00000000 -1.00000000 0.00000000
vn 0.00000000 -1.00000000 0.00000000
vn 0.00000000 -1.00000000 0.00000000
vn 0.00000000 -1.00000000 0.00000000
vn 0.00000000 -1.00000000 0.00000000
vn 0.00000000 -1.00000000 0.00000000
vn 0.00000000 -1.00000000 0.00000000
vn 0.00000000 -1.00000000 0.00000000
vn 0.00000000 -1.00000000 0.00000000
vn 0.00000000 -1.00000000 0.00000000
vn 0.00000000 -1.00000000 0.00000000
vn 0.00000000 -1.00000000 0.00000000
vn 0.00000000 -1.00000000 0.00000000
vn 0.00000000 -1.00000000 0.00000000
vn 0.00000000 -1.00000000 0.00000000
vn 0.00000000 -1.00000000 0.00000000
vn 0.00000000 -1.00000000 0.00000000
vn 0.00000000 -1.00000000 0.00000000
vn 0.00000000 -1.00000000 0.00000000
vn 0.00000000 -1.00000000 0.00000000
vn 0.00000000 -1.00000000 0.00000000
vn 0.00000000 -1.00000000 0.00000000
vn 0.00000000 -1.00000000 0.00000000
vn 0.00000000 -1.00000000 0.00000000
vn 0.00000000 -1.00000000 0.00000000
vn 0.00000000 -1.00000000 0.00000000
vn -0.00000013 -1.00000000 -0.00000041
vn -0.00000013 -1.00000000 -0.00000041
vn -0.00000013 -1.00000000 -0.00000041
vn -0.00000008 -1.00000000 -0.00000041
vn -0.00000008 -1.00000000 -0.00000041
vn -0.00000008 -1.00000000 -0.00000041
vn -0.00000004 -1.00000000 -0.00000040
vn -0.00000004 -1.00000000 -0.00000040
vn -0.00000004 -1.00000000 -0.00000040
vn 0.00000000 -1.00000000 -0.00000040
vn 0.00000000 -1.00000000 -0.00000040
vn 0.00000000 -1.00000000 -0.00000040
vn 0.00000004 -1.00000000 -0.00000039
vn 0.00000004 -1.00000000 -0.00000039
vn 0.00000004 -1.00000000 -0.00000039
vn 0.00000008 -1.00000000 -0.00000037
vn 0.00000008 -1.00000000 -0.00000037
vn 0.00000008 -1.00000000 -0.00000037
vn 0.00000000 -1.00000000 0.00000000
vn 0.00000000 -1.00000000 0.00000000
vn 0.00000000 -1.00000000 0.00000000
vn 0.00000000 -1.00000000 0.00000000
vn 0.00000000 -1.00000000 0.00000000
vn 0.00000000 -1.00000000 0.00000000
vn 0.00000000 -1.00000000 0.00000000
vn 0.00000000 -1.00000000 0.00000000
vn 0.00000000 -1.00000000 0.00000000
vn 0.00000000 -1.00000000 0.00000000
vn 0.00000000 -1.00000000 0.00000000
vn 0.00000000 -1.00000000 0.00000000
vn 0.00000000 -1.00000000 0.00000000
vn 0.00000000 -1.00000000 0.00000000
vn 0.00000000 -1.00000000 0.00000000
vn 0.00000000 -1.00000000 0.00000000
vn 0.00000000 -1.00000000 0.00000000
vn 0.00000000 -1.00000000 0.00000000
vn 0.00000000 -1.00000000 0.00000000
vn 0.00000000 -1.00000000 0.00000000
vn 0.00000000 -1.00000000 0.00000000
vn 0.00000000 -1.00000000 0.00000000
vn 0.00000000 -1.00000000 0.00000000
vn 0.00000000 -1.00000000 0.00000000
vn 0.00000000 -1.00000000 0.00000000
vn 0.00000000 -1.00000000 0.00000000
vn 0.00000000 -1.00000000 0.00000000
vn 0.00000000 -1.00000000 0.00000000
vn 0.00000000 -1.00000000 0.00000000
vn 0.00000000 -1.00000000 0.00000000
vn 0.00000000 -1.00000000 0.00000000
vn 0.00000000 -1.00000000 0.00000000
vn 0.00000000 -1.00000000 0.00000000
vn 0.00000000 -1.00000000 0.00000000
vn 0.00000000 -1.00000000 0.00000000
vn 0.00000000 -1.00000000 0.00000000
vn -0.41872991 -0.90811082 0.00000026
vn -0.41872991 -0.90811082 0.00000026
vn -0.41872991 -0.90811082 0.00000026
vn -0.39453730 -0.91887985 0.00035988
vn -0.39453730 -0.91887985 0.00035988
vn -0.39453730 -0.91887985 0.00035988
vn -0.39397235 -0.91912223 0.00033563
vn -0.39397235 -0.91912223 0.00033563
vn -0.39397235 -0.91912223 0.00033563
vn -0.34693554 -0.93788795 0.00138669
vn -0.34693554 -0.93788795 0.00138669
vn -0.34693554 -0.93788795 0.00138669
vn -0.31867800 -0.94786258 0.00092412
vn -0.31867800 -0.94786258 0.00092412
vn -0.31867800 -0.94786258 0.00092412
vn -0.35876675 -0.93342442 0.00229725
vn -0.35876675 -0.93342442 0.00229725
vn -0.35876675 -0.93342442 0.00229725
vn -0.28184059 -0.95945966 0.00174543
vn -0.28184059 -0.95945966 0.00174543
vn -0.28184059 -0.95945966 0.00174543
vn -0.33173349 -0.94336050 0.00488438
vn -0.33173349 -0.94336050 0.00488438
vn -0.33173349 -0.94336050 0.00488438
vn -0.29595984 -0.95519326 0.00368882
vn -0.29595984 -0.95519326 0.00368882
vn -0.29595984 -0.95519326 0.00368882
vn -0.24632196 -0.96918047 0.00383577
vn -0.24632196 -0.96918047 0.00383577
vn -0.24632196 -0.96918047 0.00383577
vn -0.26537489 -0.96413665 0.00408493
vn -0.26537489 -0.96413665 0.00408493
vn -0.26537489 -0.96413665 0.00408493
vn -0.21962032 -0.97557651 0.00416869
vn -0.21962032 -0.97557651 0.00416869
vn -0.21962032 -0.97557651 0.00416869
vn -0.23281694 -0.97250941 0.00465956
vn -0.23281694 -0.97250941 0.00465956
vn -0.23281694 -0.97250941 0.00465956
vn -0.18250118 -0.98319478 0.00462048
vn -0.18250118 -0.98319478 0.00462048
vn -0.18250118 -0.98319478 0.00462048
vn -0.17620485 -0.98434140 0.00488458
vn -0.17620485 -0.98434140 0.00488458
vn -0.17620485 -0.98434140 0.00488458
vn -0.05499013 -0.99848235 0.00301443
vn -0.05499013 -0.99848235 0.00301443
vn -0.05499013 -0.99848235 0.00301443
vn -0.04129596 -0.99914120 0.00339086
vn -0.04129596 -0.99914120 0.00339086
vn -0.04129596 -0.99914120 0.00339086
vn -0.07223582 -0.99738605 0.00174543
vn -0.07223582 -0.99738605 0.00174543
vn -0.07223582 -0.99738605 0.00174543
vn -0.14084935 -0.99002109 0.00443865
vn -0.14084935 -0.99002109 0.00443865
vn -0.14084935 -0.99002109 0.00443865
vn -0.13265148 -0.99115423 0.00410852
vn -0.13265148 -0.99115423 0.00410852
vn -0.13265148 -0.99115423 0.00410852
vn -0.11972457 -0.99279854 0.00413370
vn -0.11972457 -0.99279854 0.00413370
vn -0.11972457 -0.99279854 0.00413370
vn -0.09796022 -0.99518378 0.00360990
vn -0.09796022 -0.99518378 0.00360990
vn -0.09796022 -0.99518378 0.00360990
vn -0.09947949 -0.99503308 0.00360552
vn -0.09947949 -0.99503308 0.00360552
vn -0.09947949 -0.99503308 0.00360552
vn -0.08011276 -0.99678102 0.00308926
vn -0.08011276 -0.99678102 0.00308926
vn -0.08011276 -0.99678102 0.00308926
vn -0.06813771 -0.99767157 0.00294714
vn -0.06813771 -0.99767157 0.00294714
vn -0.06813771 -0.99767157 0.00294714
vn -0.04909638 -0.99879254 0.00173330
vn -0.04909638 -0.99879254 0.00173330
vn -0.04909638 -0.99879254 0.00173330
vn -0.02612188 -0.99965821 0.00105356
vn -0.02612188 -0.99965821 0.00105356
vn -0.02612188 -0.99965821 0.00105356
vn -0.03701391 -0.99931439 0.00084595
vn -0.03701391 -0.99931439 0.00084595
vn -0.03701391 -0.99931439 0.00084595
vn -0.02917058 -0.99957410 0.00083068
vn -0.02917058 -0.99957410 0.00083068
vn -0.02917058 -0.99957410 0.00083068
vn -0.01563731 -0.99987756 0.00058741
vn -0.01563731 -0.99987756 0.00058741
vn -0.01563731 -0.99987756 0.00058741
vn -0.02032826 -0.99979319 0.00058537
vn -0.02032826 -0.99979319 0.00058537
vn -0.02032826 -0.99979319 0.00058537
vn -0.01025145 -0.99994742 0.00026653
vn -0.01025145 -0.99994742 0.00026653
vn -0.01025145 -0.99994742 0.00026653
vn -0.00422559 -0.99999104 0.00025937
vn -0.00422559 -0.99999104 0.00025937
vn -0.00422559 -0.99999104 0.00025937
vn -0.00003749 -1.00000000 0.00000000
vn -0.00003749 -1.00000000 0.00000000
vn -0.00003749 -1.00000000 0.00000000
vn -0.00041529 -0.99999991 -0.00000304
vn -0.00041529 -0.99999991 -0.00000304
vn -0.00041529 -0.99999991 -0.00000304
vn -0.00066917 -0.99999978 -0.00000850
vn -0.00066917 -0.99999978 -0.00000850
vn -0.00066917 -0.99999978 -0.00000850
vn -0.00238775 -0.99999715 0.00003834
vn -0.00238775 -0.99999715 0.00003834
vn -0.00238775 -0.99999715 0.00003834
vn -0.00919108 -0.99995776 0.00002355
vn -0.00919108 -0.99995776 0.00002355
vn -0.00919108 -0.99995776 0.00002355
vn -0.42114876 0.90699158 -0.00000061
vn -0.42114876 0.90699158 -0.00000061
vn -0.42114876 0.90699158 -0.00000061
vn -0.41596477 0.90938070 0.00021273
vn -0.41596477 0.90938070 0.00021273
vn -0.41596477 0.90938070 0.00021273
vn -0.41572038 0.90949245 0.00020480
vn -0.41572038 0.90949245 0.00020480
vn -0.41572038 0.90949245 0.00020480
vn -0.38398814 0.92333721 0.00122383
vn -0.38398814 0.92333721 0.00122383
vn -0.38398814 0.92333721 0.00122383
vn -0.40092491 0.91611076 0.00053083
vn -0.40092491 0.91611076 0.00053083
vn -0.40092491 0.91611076 0.00053083
vn -0.39951400 0.91672685 0.00067379
vn -0.39951400 0.91672685 0.00067379
vn -0.39951400 0.91672685 0.00067379
vn -0.38265661 0.92388984 0.00121511
vn -0.38265661 0.92388984 0.00121511
vn -0.38265661 0.92388984 0.00121511
vn -0.36845175 0.92964584 0.00138496
vn -0.36845175 0.92964584 0.00138496
vn -0.36845175 0.92964584 0.00138496
vn -0.36976321 0.92912510 0.00131517
vn -0.36976321 0.92912510 0.00131517
vn -0.36976321 0.92912510 0.00131517
vn -0.34788730 0.93753443 0.00190334
vn -0.34788730 0.93753443 0.00190334
vn -0.34788730 0.93753443 0.00190334
vn -0.30933733 0.95095031 0.00198137
vn -0.30933733 0.95095031 0.00198137
vn -0.30933733 0.95095031 0.00198137
vn -0.32084546 0.94712988 0.00178248
vn -0.32084546 0.94712988 0.00178248
vn -0.32084546 0.94712988 0.00178248
vn -0.34165151 0.93982518 0.00169310
vn -0.34165151 0.93982518 0.00169310
vn -0.34165151 0.93982518 0.00169310
vn -0.25364291 0.96729738 0.00102282
vn -0.25364291 0.96729738 0.00102282
vn -0.25364291 0.96729738 0.00102282
vn -0.29231335 0.95632069 0.00190629
vn -0.29231335 0.95632069 0.00190629
vn -0.29231335 0.95632069 0.00190629
vn -0.26842285 0.96330115 0.00026865
vn -0.26842285 0.96330115 0.00026865
vn -0.26842285 0.96330115 0.00026865
vn -0.28253981 0.95925511 0.00093860
vn -0.28253981 0.95925511 0.00093860
vn -0.28253981 0.95925511 0.00093860
vn -0.22825081 0.97360175 0.00109595
vn -0.22825081 0.97360175 0.00109595
vn -0.22825081 0.97360175 0.00109595
vn -0.24564716 0.96935903 0.00074060
vn -0.24564716 0.96935903 0.00074060
vn -0.24564716 0.96935903 0.00074060
vn -0.20353661 0.97906714 0.00061920
vn -0.20353661 0.97906714 0.00061920
vn -0.20353661 0.97906714 0.00061920
vn -0.20753347 0.97822777 0.00053832
vn -0.20753347 0.97822777 0.00053832
vn -0.20753347 0.97822777 0.00053832
vn -0.16687030 0.98597879 -0.00035352
vn -0.16687030 0.98597879 -0.00035352
vn -0.16687030 0.98597879 -0.00035352
vn -0.14248031 0.98979764 0.00003808
vn -0.14248031 0.98979764 0.00003808
vn -0.14248031 0.98979764 0.00003808
vn -0.15472720 0.98795721 -0.00020051
vn -0.15472720 0.98795721 -0.00020051
vn -0.15472720 0.98795721 -0.00020051
vn -0.11868560 0.99293142 -0.00095947
vn -0.11868560 0.99293142 -0.00095947
vn -0.11868560 0.99293142 -0.00095947
vn -0.11694528 0.99313793 -0.00092554
vn -0.11694528 0.99313793 -0.00092554
vn -0.11694528 0.99313793 -0.00092554
vn -0.07939261 0.99684306 -0.00085017
vn -0.07939261 0.99684306 -0.00085017
vn -0.07939261 0.99684306 -0.00085017
vn -0.09608255 0.99537216 -0.00154937
vn -0.09608255 0.99537216 -0.00154937
vn -0.09608255 0.99537216 -0.00154937
vn -0.06363468 0.99797303 -0.00068294
vn -0.06363468 0.99797303 -0.00068294
vn -0.06363468 0.99797303 -0.00068294
vn -0.05601160 0.99842979 -0.00080535
vn -0.05601160 0.99842979 -0.00080535
vn -0.05601160 0.99842979 -0.00080535
vn -0.02660596 0.99964570 -0.00077574
vn -0.02660596 0.99964570 -0.00077574
vn -0.02660596 0.99964570 -0.00077574
vn -0.04192065 0.99912094 -0.00012371
vn -0.04192065 0.99912094 -0.00012371
vn -0.04192065 0.99912094 -0.00012371
vn -0.02425394 0.99970572 -0.00047399
vn -0.02425394 0.99970572 -0.00047399
vn -0.02425394 0.99970572 -0.00047399
vn -0.00950931 0.99995477 -0.00018265
vn -0.00950931 0.99995477 -0.00018265
vn -0.00950931 0.99995477 -0.00018265
vn -0.00688469 0.99997628 -0.00018455
vn -0.00688469 0.99997628 -0.00018455
vn -0.00688469 0.99997628 -0.00018455
vn -0.00313629 0.99999508 -0.00003933
vn -0.00313629 0.99999508 -0.00003933
vn -0.00313629 0.99999508 -0.00003933
vn -0.00036845 0.99999993 0.00000000
vn -0.00036845 0.99999993 0.00000000
vn -0.00036845 0.99999993 0.00000000
vn -0.09957276 -0.70005803 0.70710962
vn -0.09957276 -0.70005803 0.70710962
vn -0.09957276 -0.70005803 0.70710962
vn 0.61364627 -0.35136266 0.70709443
vn 0.61364627 -0.35136266 0.70709443
vn 0.61364627 -0.35136266 0.70709443
vn 0.62178933 -0.33671831 0.70710594
vn 0.62178933 -0.33671831 0.70710594
vn 0.62178933 -0.33671831 0.70710594
vn 0.70386783 -0.03571822 0.70943237
vn 0.70386783 -0.03571822 0.70943237
vn 0.70386783 -0.03571822 0.70943237
vn 0.70580391 -0.02920944 0.70780481
vn 0.70580391 -0.02920944 0.70780481
vn 0.70580391 -0.02920944 0.70780481
vn 0.70710242 -0.00358274 0.70710207
vn 0.70710242 -0.00358274 0.70710207
vn 0.70710242 -0.00358274 0.70710207
vn 0.67978073 -0.19075533 0.70817411
vn 0.67978073 -0.19075533 0.70817411
vn 0.67978073 -0.19075533 0.70817411
vn 0.68223791 -0.18410972 0.70756982
vn 0.68223791 -0.18410972 0.70756982
vn 0.68223791 -0.18410972 0.70756982
vn 0.69078054 -0.15638792 0.70594976
vn 0.69078054 -0.15638792 0.70594976
vn 0.69078054 -0.15638792 0.70594976
vn 0.68956928 -0.15911084 0.70652527
vn 0.68956928 -0.15911084 0.70652527
vn 0.68956928 -0.15911084 0.70652527
vn 0.69747857 -0.11392315 0.70749217
vn 0.69747857 -0.11392315 0.70749217
vn 0.69747857 -0.11392315 0.70749217
vn 0.69660702 -0.11589650 0.70803013
vn 0.69660702 -0.11589650 0.70803013
vn 0.69660702 -0.11589650 0.70803013
vn 0.70327253 -0.07864208 0.70655727
vn 0.70327253 -0.07864208 0.70655727
vn 0.70327253 -0.07864208 0.70655727
vn 0.70224941 -0.08300508 0.70707562
vn 0.70224941 -0.08300508 0.70707562
vn 0.70224941 -0.08300508 0.70707562
vn 0.70446357 -0.06131539 0.70708663
vn 0.70446357 -0.06131539 0.70708663
vn 0.70446357 -0.06131539 0.70708663
vn 0.66717857 -0.23180794 0.70791089
vn 0.66717857 -0.23180794 0.70791089
vn 0.66717857 -0.23180794 0.70791089
vn 0.67289936 -0.21725220 0.70711239
vn 0.67289936 -0.21725220 0.70711239
vn 0.67289936 -0.21725220 0.70711239
vn 0.67826909 -0.20000401 0.70707102
vn 0.67826909 -0.20000401 0.70707102
vn 0.67826909 -0.20000401 0.70707102
vn 0.65533318 -0.26551469 0.70713533
vn 0.65533318 -0.26551469 0.70713533
vn 0.65533318 -0.26551469 0.70713533
vn 0.65857505 -0.25983998 0.70623090
vn 0.65857505 -0.25983998 0.70623090
vn 0.65857505 -0.25983998 0.70623090
vn 0.66721613 -0.23160692 0.70794129
vn 0.66721613 -0.23160692 0.70794129
vn 0.66721613 -0.23160692 0.70794129
vn 0.62457977 -0.33233853 0.70671862
vn 0.62457977 -0.33233853 0.70671862
vn 0.62457977 -0.33233853 0.70671862
vn 0.63862770 -0.30090501 0.70824490
vn 0.63862770 -0.30090501 0.70824490
vn 0.63862770 -0.30090501 0.70824490
vn 0.63792608 -0.30467618 0.70726427
vn 0.63792608 -0.30467618 0.70726427
vn 0.63792608 -0.30467618 0.70726427
vn 0.64920662 -0.28018159 0.70712731
vn 0.64920662 -0.28018159 0.70712731
vn 0.64920662 -0.28018159 0.70712731
vn 0.65002068 -0.27828626 0.70712790
vn 0.65002068 -0.27828626 0.70712790
vn 0.65002068 -0.27828626 0.70712790
vn 0.59923492 -0.37345006 0.70813316
vn 0.59923492 -0.37345006 0.70813316
vn 0.59923492 -0.37345006 0.70813316
vn 0.59389040 -0.37808101 0.71017529
vn 0.59389040 -0.37808101 0.71017529
vn 0.59389040 -0.37808101 0.71017529
vn 0.60714805 -0.36054769 0.70807952
vn 0.60714805 -0.36054769 0.70807952
vn 0.60714805 -0.36054769 0.70807952
vn 0.54210013 -0.45401636 0.70710437
vn 0.54210013 -0.45401636 0.70710437
vn 0.54210013 -0.45401636 0.70710437
vn 0.54947239 -0.44341210 0.70814250
vn 0.54947239 -0.44341210 0.70814250
vn 0.54947239 -0.44341210 0.70814250
vn 0.55460256 -0.43513163 0.70927883
vn 0.55460256 -0.43513163 0.70927883
vn 0.55460256 -0.43513163 0.70927883
vn 0.55688304 -0.43088596 0.71008349
vn 0.55688304 -0.43088596 0.71008349
vn 0.55688304 -0.43088596 0.71008349
vn 0.57020138 -0.41827563 0.70704730
vn 0.57020138 -0.41827563 0.70704730
vn 0.57020138 -0.41827563 0.70704730
vn 0.58291277 -0.40026133 0.70710930
vn 0.58291277 -0.40026133 0.70710930
vn 0.58291277 -0.40026133 0.70710930
vn 0.52782095 -0.47059279 0.70706964
vn 0.52782095 -0.47059279 0.70706964
vn 0.52782095 -0.47059279 0.70706964
vn 0.53267047 -0.46638498 0.70622037
vn 0.53267047 -0.46638498 0.70622037
vn 0.53267047 -0.46638498 0.70622037
vn 0.50268089 -0.49517606 0.70859904
vn 0.50268089 -0.49517606 0.70859904
vn 0.50268089 -0.49517606 0.70859904
vn 0.50763332 -0.49229081 0.70707720
vn 0.50763332 -0.49229081 0.70707720
vn 0.50763332 -0.49229081 0.70707720
vn 0.48755435 -0.51212350 0.70712112
vn 0.48755435 -0.51212350 0.70712112
vn 0.48755435 -0.51212350 0.70712112
vn 0.47162111 -0.52704350 0.70696441
vn 0.47162111 -0.52704350 0.70696441
vn 0.47162111 -0.52704350 0.70696441
vn 0.47776904 -0.52346128 0.70549630
vn 0.47776904 -0.52346128 0.70549630
vn 0.47776904 -0.52346128 0.70549630
vn 0.44346386 -0.54905621 0.70843283
vn 0.44346386 -0.54905621 0.70843283
vn 0.44346386 -0.54905621 0.70843283
vn 0.44976898 -0.54582009 0.70695707
vn 0.44976898 -0.54582009 0.70695707
vn 0.44976898 -0.54582009 0.70695707
vn 0.42705695 -0.56357914 0.70710743
vn 0.42705695 -0.56357914 0.70710743
vn 0.42705695 -0.56357914 0.70710743
vn 0.41817002 -0.56932907 0.70781230
vn 0.41817002 -0.56932907 0.70781230
vn 0.41817002 -0.56932907 0.70781230
vn 0.41518133 -0.57109196 0.70815142
vn 0.41518133 -0.57109196 0.70815142
vn 0.41518133 -0.57109196 0.70815142
vn 0.40107494 -0.58343312 0.70621858
vn 0.40107494 -0.58343312 0.70621858
vn 0.40107494 -0.58343312 0.70621858
vn 0.37888746 -0.59572710 0.70820443
vn 0.37888746 -0.59572710 0.70820443
vn 0.37888746 -0.59572710 0.70820443
vn 0.38633902 -0.59230041 0.70705190
vn 0.38633902 -0.59230041 0.70705190
vn 0.38633902 -0.59230041 0.70705190
vn 0.37120142 -0.60181746 0.70712463
vn 0.37120142 -0.60181746 0.70712463
vn 0.37120142 -0.60181746 0.70712463
vn 0.34929877 -0.61414706 0.70768196
vn 0.34929877 -0.61414706 0.70768196
vn 0.34929877 -0.61414706 0.70768196
vn 0.35133395 -0.61221344 0.70834960
vn 0.35133395 -0.61221344 0.70834960
vn 0.35133395 -0.61221344 0.70834960
vn 0.24991097 -0.66141905 0.70715582
vn 0.24991097 -0.66141905 0.70715582
vn 0.24991097 -0.66141905 0.70715582
vn 0.27126355 -0.65255124 0.70752595
vn 0.27126355 -0.65255124 0.70752595
vn 0.27126355 -0.65255124 0.70752595
vn 0.27823288 -0.64744617 0.70950682
vn 0.27823288 -0.64744617 0.70950682
vn 0.27823288 -0.64744617 0.70950682
vn 0.30139746 -0.63968558 0.70707986
vn 0.30139746 -0.63968558 0.70707986
vn 0.30139746 -0.63968558 0.70707986
vn 0.31802335 -0.63155925 0.70710258
vn 0.31802335 -0.63155925 0.70710258
vn 0.31802335 -0.63155925 0.70710258
vn 0.32104797 -0.63030550 0.70685442
vn 0.32104797 -0.63030550 0.70685442
vn 0.32104797 -0.63030550 0.70685442
vn 0.33274759 -0.62370634 0.70729728
vn 0.33274759 -0.62370634 0.70729728
vn 0.33274759 -0.62370634 0.70729728
vn 0.17040352 -0.68617581 0.70719544
vn 0.17040352 -0.68617581 0.70719544
vn 0.17040352 -0.68617581 0.70719544
vn 0.18855204 -0.68249310 0.70615246
vn 0.18855204 -0.68249310 0.70615246
vn 0.18855204 -0.68249310 0.70615246
vn 0.21097747 -0.67170726 0.71013933
vn 0.21097747 -0.67170726 0.71013933
vn 0.21097747 -0.67170726 0.71013933
vn 0.22761474 -0.66949399 0.70708510
vn 0.22761474 -0.66949399 0.70708510
vn 0.22761474 -0.66949399 0.70708510
vn 0.24708892 -0.66251557 0.70712105
vn 0.24708892 -0.66251557 0.70712105
vn 0.24708892 -0.66251557 0.70712105
vn 0.13524112 -0.69248860 0.70863910
vn 0.13524112 -0.69248860 0.70863910
vn 0.13524112 -0.69248860 0.70863910
vn 0.15269463 -0.69015412 0.70736953
vn 0.15269463 -0.69015412 0.70736953
vn 0.15269463 -0.69015412 0.70736953
vn 0.16221163 -0.68828406 0.70707315
vn 0.16221163 -0.68828406 0.70707315
vn 0.16221163 -0.68828406 0.70707315
vn 0.01448831 -0.70597144 0.70809210
vn 0.01448831 -0.70597144 0.70809210
vn 0.01448831 -0.70597144 0.70809210
vn 0.02668593 -0.70660678 0.70710304
vn 0.02668593 -0.70660678 0.70710304
vn 0.02668593 -0.70660678 0.70710304
vn 0.05751495 -0.70491455 0.70695651
vn 0.05751495 -0.70491455 0.70695651
vn 0.05751495 -0.70491455 0.70695651
vn 0.04845777 -0.70366205 0.70888051
vn 0.04845777 -0.70366205 0.70888051
vn 0.04845777 -0.70366205 0.70888051
vn 0.09353962 -0.70311224 0.70489965
vn 0.09353962 -0.70311224 0.70489965
vn 0.09353962 -0.70311224 0.70489965
vn 0.08349922 -0.70211925 0.70714669
vn 0.08349922 -0.70211925 0.70714669
vn 0.08349922 -0.70211925 0.70714669
vn 0.12668594 -0.69599083 0.70678670
vn 0.12668594 -0.69599083 0.70678670
vn 0.12668594 -0.69599083 0.70678670
vn -0.09828568 -0.70034476 0.70700576
vn -0.09828568 -0.70034476 0.70700576
vn -0.09828568 -0.70034476 0.70700576
vn -0.07943729 -0.70250080 0.70723570
vn -0.07943729 -0.70250080 0.70723570
vn -0.07943729 -0.70250080 0.70723570
vn -0.06386242 -0.70248634 0.70882616
vn -0.06386242 -0.70248634 0.70882616
vn -0.06386242 -0.70248634 0.70882616
vn -0.05070934 -0.70575771 0.70663612
vn -0.05070934 -0.70575771 0.70663612
vn -0.05070934 -0.70575771 0.70663612
vn -0.02126915 -0.70652414 0.70736926
vn -0.02126915 -0.70652414 0.70736926
vn -0.02126915 -0.70652414 0.70736926
vn -0.02861860 -0.70537152 0.70825984
vn -0.02861860 -0.70537152 0.70825984
vn -0.02861860 -0.70537152 0.70825984
vn -0.00391892 -0.70833464 0.70586591
vn -0.00391892 -0.70833464 0.70586591
vn -0.00391892 -0.70833464 0.70586591
vn -0.14154328 -0.69014736 0.70969157
vn -0.14154328 -0.69014736 0.70969157
vn -0.14154328 -0.69014736 0.70969157
vn -0.12897380 -0.69411576 0.70821541
vn -0.12897380 -0.69411576 0.70821541
vn -0.12897380 -0.69411576 0.70821541
vn -0.11673009 -0.69741059 0.70710152
vn -0.11673009 -0.69741059 0.70710152
vn -0.11673009 -0.69741059 0.70710152
vn -0.25213512 -0.66064288 0.70709184
vn -0.25213512 -0.66064288 0.70709184
vn -0.25213512 -0.66064288 0.70709184
vn -0.23155496 -0.66820840 0.70702180
vn -0.23155496 -0.66820840 0.70702180
vn -0.23155496 -0.66820840 0.70702180
vn -0.21057210 -0.67190178 0.71007562
vn -0.21057210 -0.67190178 0.71007562
vn -0.21057210 -0.67190178 0.71007562
vn -0.19612244 -0.67967501 0.70680823
vn -0.19612244 -0.67967501 0.70680823
vn -0.19612244 -0.67967501 0.70680823
vn -0.15375976 -0.69019871 0.70709524
vn -0.15375976 -0.69019871 0.70709524
vn -0.15375976 -0.69019871 0.70709524
vn -0.25201915 -0.66069589 0.70708365
vn -0.25201915 -0.66069589 0.70708365
vn -0.25201915 -0.66069589 0.70708365
vn -0.26752311 -0.65457332 0.70708214
vn -0.26752311 -0.65457332 0.70708214
vn -0.26752311 -0.65457332 0.70708214
vn -0.27918390 -0.65106529 0.70581183
vn -0.27918390 -0.65106529 0.70581183
vn -0.27918390 -0.65106529 0.70581183
vn -0.28265640 -0.64902475 0.70630888
vn -0.28265640 -0.64902475 0.70630888
vn -0.28265640 -0.64902475 0.70630888
vn -0.29052402 -0.64489492 0.70689910
vn -0.29052402 -0.64489492 0.70689910
vn -0.29052402 -0.64489492 0.70689910
vn -0.29470056 -0.64282479 0.70705577
vn -0.29470056 -0.64282479 0.70705577
vn -0.29470056 -0.64282479 0.70705577
vn -0.29682961 -0.64180088 0.70709534
vn -0.29682961 -0.64180088 0.70709534
vn -0.29682961 -0.64180088 0.70709534
vn -0.29793035 -0.64127956 0.70710539
vn -0.29793035 -0.64127956 0.70710539
vn -0.29793035 -0.64127956 0.70710539
vn -0.29839421 -0.64106157 0.70710746
vn -0.29839421 -0.64106157 0.70710746
vn -0.29839421 -0.64106157 0.70710746
vn -0.29878746 -0.64087745 0.70710829
vn -0.29878746 -0.64087745 0.70710829
vn -0.29878746 -0.64087745 0.70710829
vn -0.29862023 -0.64095559 0.70710812
vn -0.29862023 -0.64095559 0.70710812
vn -0.29862023 -0.64095559 0.70710812
vn -0.30014081 -0.64024497 0.70710810
vn -0.30014081 -0.64024497 0.70710810
vn -0.30014081 -0.64024497 0.70710810
vn -0.29546086 0.64242578 0.70710113
vn -0.29546086 0.64242578 0.70710113
vn -0.29546086 0.64242578 0.70710113
vn -0.27240818 0.65179102 0.70778687
vn -0.27240818 0.65179102 0.70778687
vn -0.27240818 0.65179102 0.70778687
vn -0.27188299 0.65217792 0.70763240
vn -0.27188299 0.65217792 0.70763240
vn -0.27188299 0.65217792 0.70763240
vn -0.18491672 0.68314445 0.70648387
vn -0.18491672 0.68314445 0.70648387
vn -0.18491672 0.68314445 0.70648387
vn -0.20517115 0.67473546 0.70896887
vn -0.20517115 0.67473546 0.70896887
vn -0.20517115 0.67473546 0.70896887
vn -0.21131410 0.67172013 0.71002705
vn -0.21131410 0.67172013 0.71002705
vn -0.21131410 0.67172013 0.71002705
vn -0.22840842 0.66933344 0.70698115
vn -0.22840842 0.66933344 0.70698115
vn -0.22840842 0.66933344 0.70698115
vn -0.24889883 0.66185661 0.70710339
vn -0.24889883 0.66185661 0.70710339
vn -0.24889883 0.66185661 0.70710339
vn -0.14689236 0.69063286 0.70813055
vn -0.14689236 0.69063286 0.70813055
vn -0.14689236 0.69063286 0.70813055
vn -0.14238014 0.69041728 0.70926150
vn -0.14238014 0.69041728 0.70926150
vn -0.14238014 0.69041728 0.70926150
vn -0.11812402 0.69702116 0.70725400
vn -0.11812402 0.69702116 0.70725400
vn -0.11812402 0.69702116 0.70725400
vn -0.09632691 0.70076678 0.70685716
vn -0.09632691 0.70076678 0.70685716
vn -0.09632691 0.70076678 0.70685716
vn -0.07161927 0.70074965 0.70980322
vn -0.07161927 0.70074965 0.70980322
vn -0.07161927 0.70074965 0.70980322
vn -0.07187659 0.70066543 0.70986035
vn -0.07187659 0.70066543 0.70986035
vn -0.07187659 0.70066543 0.70986035
vn 0.02999420 0.70645719 0.70711992
vn 0.02999420 0.70645719 0.70711992
vn 0.02999420 0.70645719 0.70711992
vn 0.00281158 0.70591170 0.70829427
vn 0.00281158 0.70591170 0.70829427
vn 0.00281158 0.70591170 0.70829427
vn -0.00048302 0.70504805 0.70915937
vn -0.00048302 0.70504805 0.70915937
vn -0.00048302 0.70504805 0.70915937
vn -0.02760214 0.70656818 0.70710645
vn -0.02760214 0.70656818 0.70710645
vn -0.02760214 0.70656818 0.70710645
vn -0.04937289 0.70541666 0.70707118
vn -0.04937289 0.70541666 0.70707118
vn -0.04937289 0.70541666 0.70707118
vn 0.07095423 0.70055219 0.71006488
vn 0.07095423 0.70055219 0.71006488
vn 0.07095423 0.70055219 0.71006488
vn 0.07062308 0.70064577 0.71000555
vn 0.07062308 0.70064577 0.71000555
vn 0.07062308 0.70064577 0.71000555
vn 0.05189299 0.70527346 0.70703357
vn 0.05189299 0.70527346 0.70703357
vn 0.05189299 0.70527346 0.70703357
vn 0.16913874 0.68647703 0.70720674
vn 0.16913874 0.68647703 0.70720674
vn 0.16913874 0.68647703 0.70720674
vn 0.15957917 0.68816722 0.70778554
vn 0.15957917 0.68816722 0.70778554
vn 0.15957917 0.68816722 0.70778554
vn 0.14155833 0.69026238 0.70957669
vn 0.14155833 0.69026238 0.70957669
vn 0.14155833 0.69026238 0.70957669
vn 0.13351115 0.69396009 0.70752680
vn 0.13351115 0.69396009 0.70752680
vn 0.13351115 0.69396009 0.70752680
vn 0.09276860 0.70150396 0.70660186
vn 0.09276860 0.70150396 0.70660186
vn 0.09276860 0.70150396 0.70660186
vn 0.19525402 0.68005429 0.70668382
vn 0.19525402 0.68005429 0.70668382
vn 0.19525402 0.68005429 0.70668382
vn 0.21056663 0.67196615 0.71001633
vn 0.21056663 0.67196615 0.71001633
vn 0.21056663 0.67196615 0.71001633
vn 0.23468650 0.66771925 0.70645116
vn 0.23468650 0.66771925 0.70645116
vn 0.23468650 0.66771925 0.70645116
vn 0.27802485 0.64814116 0.70895361
vn 0.27802485 0.64814116 0.70895361
vn 0.27802485 0.64814116 0.70895361
vn 0.27693120 0.64901024 0.70858649
vn 0.27693120 0.64901024 0.70858649
vn 0.27693120 0.64901024 0.70858649
vn 0.25488344 0.65931493 0.70734593
vn 0.25488344 0.65931493 0.70734593
vn 0.25488344 0.65931493 0.70734593
vn 0.34162388 0.61588489 0.70991473
vn 0.34162388 0.61588489 0.70991473
vn 0.34162388 0.61588489 0.70991473
vn 0.32400206 0.62856999 0.70705193
vn 0.32400206 0.62856999 0.70705193
vn 0.32400206 0.62856999 0.70705193
vn 0.30436828 0.63825235 0.70710246
vn 0.30436828 0.63825235 0.70710246
vn 0.30436828 0.63825235 0.70710246
vn 0.42055987 0.56797208 0.70748648
vn 0.42055987 0.56797208 0.70748648
vn 0.42055987 0.56797208 0.70748648
vn 0.40154799 0.57888256 0.70968598
vn 0.40154799 0.57888256 0.70968598
vn 0.40154799 0.57888256 0.70968598
vn 0.40251497 0.57851124 0.70944094
vn 0.40251497 0.57851124 0.70944094
vn 0.40251497 0.57851124 0.70944094
vn 0.38301210 0.59434705 0.70714448
vn 0.38301210 0.59434705 0.70714448
vn 0.38301210 0.59434705 0.70714448
vn 0.35596559 0.61127125 0.70684931
vn 0.35596559 0.61127125 0.70684931
vn 0.35596559 0.61127125 0.70684931
vn 0.44447996 0.55092663 0.70634086
vn 0.44447996 0.55092663 0.70634086
vn 0.44447996 0.55092663 0.70634086
vn 0.45847239 0.53445238 0.71004488
vn 0.45847239 0.53445238 0.71004488
vn 0.45847239 0.53445238 0.71004488
vn 0.47326865 0.52529154 0.70716730
vn 0.47326865 0.52529154 0.70716730
vn 0.47326865 0.52529154 0.70716730
vn 0.51075581 0.48569895 0.70938356
vn 0.51075581 0.48569895 0.70938356
vn 0.51075581 0.48569895 0.70938356
vn 0.50785786 0.49080554 0.70794796
vn 0.50785786 0.49080554 0.70794796
vn 0.50785786 0.49080554 0.70794796
vn 0.48931814 0.51049908 0.70707740
vn 0.48931814 0.51049908 0.70707740
vn 0.48931814 0.51049908 0.70707740
vn 0.54954611 0.44325239 0.70818528
vn 0.54954611 0.44325239 0.70818528
vn 0.54954611 0.44325239 0.70818528
vn 0.54259636 0.45343015 0.70709992
vn 0.54259636 0.45343015 0.70709992
vn 0.54259636 0.45343015 0.70709992
vn 0.53007825 0.46800537 0.70709832
vn 0.53007825 0.46800537 0.70709832
vn 0.53007825 0.46800537 0.70709832
vn 0.55625731 0.43254185 0.70956702
vn 0.55625731 0.43254185 0.70956702
vn 0.55625731 0.43254185 0.70956702
vn 0.55693140 0.43116152 0.70987827
vn 0.55693140 0.43116152 0.70987827
vn 0.55693140 0.43116152 0.70987827
vn 0.57235431 0.41530814 0.70705706
vn 0.57235431 0.41530814 0.70705706
vn 0.57235431 0.41530814 0.70705706
vn 0.61527024 0.34847258 0.70711343
vn 0.61527024 0.34847258 0.70711343
vn 0.61527024 0.34847258 0.70711343
vn 0.60642392 0.36196855 0.70797514
vn 0.60642392 0.36196855 0.70797514
vn 0.60642392 0.36196855 0.70797514
vn 0.59752245 0.37260525 0.71002271
vn 0.59752245 0.37260525 0.71002271
vn 0.59752245 0.37260525 0.71002271
vn 0.59449731 0.38021310 0.70852731
vn 0.59449731 0.38021310 0.70852731
vn 0.59449731 0.38021310 0.70852731
vn 0.58484722 0.39744238 0.70710203
vn 0.58484722 0.39744238 0.70710203
vn 0.58484722 0.39744238 0.70710203
vn 0.62585017 0.32925777 0.70703669
vn 0.62585017 0.32925777 0.70703669
vn 0.62585017 0.32925777 0.70703669
vn 0.63223025 0.31009341 0.71001901
vn 0.63223025 0.31009341 0.71001901
vn 0.63223025 0.31009341 0.71001901
vn 0.63834265 0.30182898 0.70810870
vn 0.63834265 0.30182898 0.70810870
vn 0.63834265 0.30182898 0.70810870
vn 0.67548760 0.20937375 0.70702132
vn 0.67548760 0.20937375 0.70702132
vn 0.67548760 0.20937375 0.70702132
vn 0.67017787 0.22487725 0.70731311
vn 0.67017787 0.22487725 0.70731311
vn 0.67017787 0.22487725 0.70731311
vn 0.66066662 0.24476509 0.70965461
vn 0.66066662 0.24476509 0.70965461
vn 0.66066662 0.24476509 0.70965461
vn 0.65934102 0.25470494 0.70738590
vn 0.65934102 0.25470494 0.70738590
vn 0.65934102 0.25470494 0.70738590
vn 0.64840463 0.28234307 0.70700341
vn 0.64840463 0.28234307 0.70700341
vn 0.64840463 0.28234307 0.70700341
vn 0.68081301 0.18812616 0.70788572
vn 0.68081301 0.18812616 0.70788572
vn 0.68081301 0.18812616 0.70788572
vn 0.68168891 0.17647538 0.71003990
vn 0.68168891 0.17647538 0.71003990
vn 0.68168891 0.17647538 0.71003990
vn 0.69147843 0.15255204 0.70610584
vn 0.69147843 0.15255204 0.70610584
vn 0.69147843 0.15255204 0.70610584
vn 0.69730710 0.10925259 0.70839726
vn 0.69730710 0.10925259 0.70839726
vn 0.69730710 0.10925259 0.70839726
vn 0.69702554 0.10665859 0.70906934
vn 0.69702554 0.10665859 0.70906934
vn 0.69702554 0.10665859 0.70906934
vn 0.70260992 0.07968340 0.70709961
vn 0.70260992 0.07968340 0.70709961
vn 0.70260992 0.07968340 0.70709961
vn 0.70478335 0.05787502 0.70705793
vn 0.70478335 0.05787502 0.70705793
vn 0.70478335 0.05787502 0.70705793
vn 0.70343454 0.03569887 0.70986297
vn 0.70343454 0.03569887 0.70986297
vn 0.70343454 0.03569887 0.70986297
vn 0.70693445 0.02208637 0.70693414
vn 0.70693445 0.02208637 0.70693414
vn 0.70693445 0.02208637 0.70693414
vn -0.27268170 -0.65272846 -0.70681699
vn -0.27268170 -0.65272846 -0.70681699
vn -0.27268170 -0.65272846 -0.70681699
vn -0.29536738 -0.64246688 -0.70710284
vn -0.29536738 -0.64246688 -0.70710284
vn -0.29536738 -0.64246688 -0.70710284
vn -0.27072377 -0.64936074 -0.71066115
vn -0.27072377 -0.64936074 -0.71066115
vn -0.27072377 -0.64936074 -0.71066115
vn -0.23758645 -0.63443339 -0.73555894
vn -0.23758645 -0.63443339 -0.73555894
vn -0.23758645 -0.63443339 -0.73555894
vn -0.27209953 -0.65327523 -0.70653614
vn -0.27209953 -0.65327523 -0.70653614
vn -0.27209953 -0.65327523 -0.70653614
vn -0.23121099 -0.66817421 -0.70716668
vn -0.23121099 -0.66817421 -0.70716668
vn -0.23121099 -0.66817421 -0.70716668
vn -0.21362480 -0.67144332 -0.70959729
vn -0.21362480 -0.67144332 -0.70959729
vn -0.21362480 -0.67144332 -0.70959729
vn -0.21100810 -0.67179736 -0.71004499
vn -0.21100810 -0.67179736 -0.71004499
vn -0.21100810 -0.67179736 -0.71004499
vn -0.18975112 -0.68210983 -0.70620159
vn -0.18975112 -0.68210983 -0.70620159
vn -0.18975112 -0.68210983 -0.70620159
vn -0.14679037 -0.69071970 -0.70806700
vn -0.14679037 -0.69071970 -0.70806700
vn -0.14679037 -0.69071970 -0.70806700
vn -0.14180543 -0.69048803 -0.70930776
vn -0.14180543 -0.69048803 -0.70930776
vn -0.14180543 -0.69048803 -0.70930776
vn -0.11492164 -0.69787190 -0.70694259
vn -0.11492164 -0.69787190 -0.70694259
vn -0.11492164 -0.69787190 -0.70694259
vn -0.02515845 -0.70652273 -0.70724301
vn -0.02515845 -0.70652273 -0.70724301
vn -0.02515845 -0.70652273 -0.70724301
vn -0.04706343 -0.70579454 -0.70685154
vn -0.04706343 -0.70579454 -0.70685154
vn -0.04706343 -0.70579454 -0.70685154
vn -0.07044399 -0.70071991 -0.70995017
vn -0.07044399 -0.70071991 -0.70995017
vn -0.07044399 -0.70071991 -0.70995017
vn -0.07203707 -0.70089023 -0.70962211
vn -0.07203707 -0.70089023 -0.70962211
vn -0.07203707 -0.70089023 -0.70962211
vn -0.09308579 -0.70085029 -0.70720853
vn -0.09308579 -0.70085029 -0.70720853
vn -0.09308579 -0.70085029 -0.70720853
vn 0.00296882 -0.70508683 -0.70911477
vn 0.00296882 -0.70508683 -0.70911477
vn 0.00296882 -0.70508683 -0.70911477
vn 0.00149809 -0.70551652 -0.70869189
vn 0.00149809 -0.70551652 -0.70869189
vn 0.00149809 -0.70551652 -0.70869189
vn 0.03141703 -0.70644724 -0.70706808
vn 0.03141703 -0.70644724 -0.70706808
vn 0.03141703 -0.70644724 -0.70706808
vn 0.07359379 -0.70034393 -0.71000165
vn 0.07359379 -0.70034393 -0.71000165
vn 0.07359379 -0.70034393 -0.71000165
vn 0.06572342 -0.70224892 -0.70889131
vn 0.06572342 -0.70224892 -0.70889131
vn 0.06572342 -0.70224892 -0.70889131
vn 0.05079310 -0.70534581 -0.70704126
vn 0.05079310 -0.70534581 -0.70704126
vn 0.05079310 -0.70534581 -0.70704126
vn 0.16584623 -0.68707091 -0.70740978
vn 0.16584623 -0.68707091 -0.70740978
vn 0.16584623 -0.68707091 -0.70740978
vn 0.15614644 -0.68825499 -0.70846550
vn 0.15614644 -0.68825499 -0.70846550
vn 0.15614644 -0.68825499 -0.70846550
vn 0.14444697 -0.68944520 -0.70978897
vn 0.14444697 -0.68944520 -0.70978897
vn 0.14444697 -0.68944520 -0.70978897
vn 0.13357759 -0.69428966 -0.70719085
vn 0.13357759 -0.69428966 -0.70719085
vn 0.13357759 -0.69428966 -0.70719085
vn 0.09008035 -0.70170646 -0.70674860
vn 0.09008035 -0.70170646 -0.70674860
vn 0.09008035 -0.70170646 -0.70674860
vn 0.19547449 -0.68026986 -0.70641535
vn 0.19547449 -0.68026986 -0.70641535
vn 0.19547449 -0.68026986 -0.70641535
vn 0.21330561 -0.67114188 -0.70997838
vn 0.21330561 -0.67114188 -0.70997838
vn 0.21330561 -0.67114188 -0.70997838
vn 0.23244466 -0.66799573 -0.70693082
vn 0.23244466 -0.66799573 -0.70693082
vn 0.23244466 -0.66799573 -0.70693082
vn 0.27976698 -0.64727189 -0.70906243
vn 0.27976698 -0.64727189 -0.70906243
vn 0.27976698 -0.64727189 -0.70906243
vn 0.27697689 -0.64944211 -0.70817282
vn 0.27697689 -0.64944211 -0.70817282
vn 0.27697689 -0.64944211 -0.70817282
vn 0.25283437 -0.66035375 -0.70711223
vn 0.25283437 -0.66035375 -0.70711223
vn 0.25283437 -0.66035375 -0.70711223
vn 0.34226652 -0.61569090 -0.70977344
vn 0.34226652 -0.61569090 -0.70977344
vn 0.34226652 -0.61569090 -0.70977344
vn 0.32374606 -0.62885998 -0.70691132
vn 0.32374606 -0.62885998 -0.70691132
vn 0.32374606 -0.62885998 -0.70691132
vn 0.30389477 -0.63836509 -0.70720434
vn 0.30389477 -0.63836509 -0.70720434
vn 0.30389477 -0.63836509 -0.70720434
vn 0.42122620 -0.56802257 -0.70704939
vn 0.42122620 -0.56802257 -0.70704939
vn 0.42122620 -0.56802257 -0.70704939
vn 0.40284167 -0.57985208 -0.70815969
vn 0.40284167 -0.57985208 -0.70815969
vn 0.40284167 -0.57985208 -0.70815969
vn 0.39890563 -0.58154567 -0.70899854
vn 0.39890563 -0.58154567 -0.70899854
vn 0.39890563 -0.58154567 -0.70899854
vn 0.38300916 -0.59440882 -0.70709415
vn 0.38300916 -0.59440882 -0.70709415
vn 0.38300916 -0.59440882 -0.70709415
vn 0.35614472 -0.61122137 -0.70680222
vn 0.35614472 -0.61122137 -0.70680222
vn 0.35614472 -0.61122137 -0.70680222
vn 0.44391426 -0.55032079 -0.70716841
vn 0.44391426 -0.55032079 -0.70716841
vn 0.44391426 -0.55032079 -0.70716841
vn 0.45149758 -0.54066824 -0.70980827
vn 0.45149758 -0.54066824 -0.70980827
vn 0.45149758 -0.54066824 -0.70980827
vn 0.47552910 -0.52443934 -0.70628284
vn 0.47552910 -0.52443934 -0.70628284
vn 0.47552910 -0.52443934 -0.70628284
vn 0.50513132 -0.49301378 -0.70836414
vn 0.50513132 -0.49301378 -0.70836414
vn 0.50513132 -0.49301378 -0.70836414
vn 0.50684802 -0.48971376 -0.70942619
vn 0.50684802 -0.48971376 -0.70942619
vn 0.50684802 -0.48971376 -0.70942619
vn 0.49061618 -0.50854224 -0.70758784
vn 0.49061618 -0.50854224 -0.70758784
vn 0.49061618 -0.50854224 -0.70758784
vn 0.57045036 -0.41797497 -0.70702426
vn 0.57045036 -0.41797497 -0.70702426
vn 0.57045036 -0.41797497 -0.70702426
vn 0.55675994 -0.43308210 -0.70884290
vn 0.55675994 -0.43308210 -0.70884290
vn 0.55675994 -0.43308210 -0.70884290
vn 0.55149966 -0.43773043 -0.71009872
vn 0.55149966 -0.43773043 -0.71009872
vn 0.55149966 -0.43773043 -0.71009872
vn 0.54223108 -0.45368167 -0.70721877
vn 0.54223108 -0.45368167 -0.70721877
vn 0.54223108 -0.45368167 -0.70721877
vn 0.52795691 -0.47052143 -0.70701562
vn 0.52795691 -0.47052143 -0.70701562
vn 0.52795691 -0.47052143 -0.70701562
vn 0.58299491 -0.40000627 -0.70718591
vn 0.58299491 -0.40000627 -0.70718591
vn 0.58299491 -0.40000627 -0.70718591
vn 0.59363230 -0.37928656 -0.70974812
vn 0.59363230 -0.37928656 -0.70974812
vn 0.59363230 -0.37928656 -0.70974812
vn 0.59709823 -0.37587431 -0.70865521
vn 0.59709823 -0.37587431 -0.70865521
vn 0.59709823 -0.37587431 -0.70865521
vn 0.60963029 -0.35800179 -0.70723803
vn 0.60963029 -0.35800179 -0.70723803
vn 0.60963029 -0.35800179 -0.70723803
vn 0.61721606 -0.34544865 -0.70690138
vn 0.61721606 -0.34544865 -0.70690138
vn 0.61721606 -0.34544865 -0.70690138
vn 0.62396619 -0.33511702 -0.70594813
vn 0.62396619 -0.33511702 -0.70594813
vn 0.62396619 -0.33511702 -0.70594813
vn 0.63347140 -0.30768638 -0.70995991
vn 0.63347140 -0.30768638 -0.70995991
vn 0.63347140 -0.30768638 -0.70995991
vn 0.64179302 -0.29666567 -0.70717127
vn 0.64179302 -0.29666567 -0.70717127
vn 0.64179302 -0.29666567 -0.70717127
vn 0.67413353 -0.21328812 -0.70714367
vn 0.67413353 -0.21328812 -0.70714367
vn 0.67413353 -0.21328812 -0.70714367
vn 0.67003549 -0.22466084 -0.70751675
vn 0.67003549 -0.22466084 -0.70751675
vn 0.67003549 -0.22466084 -0.70751675
vn 0.66154308 -0.24183466 -0.70984276
vn 0.66154308 -0.24183466 -0.70984276
vn 0.66154308 -0.24183466 -0.70984276
vn 0.65965758 -0.25479239 -0.70705920
vn 0.65965758 -0.25479239 -0.70705920
vn 0.65965758 -0.25479239 -0.70705920
vn 0.65073982 -0.27659166 -0.70713135
vn 0.65073982 -0.27659166 -0.70713135
vn 0.65073982 -0.27659166 -0.70713135
vn 0.68245012 -0.17373883 -0.70998356
vn 0.68245012 -0.17373883 -0.70998356
vn 0.68245012 -0.17373883 -0.70998356
vn 0.68188107 -0.18039799 -0.70886865
vn 0.68188107 -0.18039799 -0.70886865
vn 0.68188107 -0.18039799 -0.70886865
vn 0.67853588 -0.19960979 -0.70692644
vn 0.67853588 -0.19960979 -0.70692644
vn 0.67853588 -0.19960979 -0.70692644
vn 0.70246813 -0.08006874 -0.70719695
vn 0.70246813 -0.08006874 -0.70719695
vn 0.70246813 -0.08006874 -0.70719695
vn 0.70014981 -0.09124396 -0.70814178
vn 0.70014981 -0.09124396 -0.70814178
vn 0.70014981 -0.09124396 -0.70814178
vn 0.69670433 -0.10469072 -0.70967805
vn 0.69670433 -0.10469072 -0.70967805
vn 0.69670433 -0.10469072 -0.70967805
vn 0.69720625 -0.11291485 -0.70792209
vn 0.69720625 -0.11291485 -0.70792209
vn 0.69720625 -0.11291485 -0.70792209
vn 0.69133223 -0.15265683 -0.70622634
vn 0.69133223 -0.15265683 -0.70622634
vn 0.69133223 -0.15265683 -0.70622634
vn 0.70488483 -0.05823151 -0.70692749
vn 0.70488483 -0.05823151 -0.70692749
vn 0.70488483 -0.05823151 -0.70692749
vn 0.70360842 -0.03506985 -0.70972198
vn 0.70360842 -0.03506985 -0.70972198
vn 0.70360842 -0.03506985 -0.70972198
vn 0.70693387 -0.02212334 -0.70693356
vn 0.70693387 -0.02212334 -0.70693356
vn 0.70693387 -0.02212334 -0.70693356
vn 0.70710182 0.00381304 -0.70710146
vn 0.70710182 0.00381304 -0.70710146
vn 0.70710182 0.00381304 -0.70710146
vn 0.70581386 0.02919200 -0.70779561
vn 0.70581386 0.02919200 -0.70779561
vn 0.70581386 0.02919200 -0.70779561
vn 0.70406113 0.03508984 -0.70927190
vn 0.70406113 0.03508984 -0.70927190
vn 0.70406113 0.03508984 -0.70927190
vn 0.70452733 0.06167360 -0.70699194
vn 0.70452733 0.06167360 -0.70699194
vn 0.70452733 0.06167360 -0.70699194
vn 0.69308858 0.14018564 -0.70708995
vn 0.69308858 0.14018564 -0.70708995
vn 0.69308858 0.14018564 -0.70708995
vn 0.69582685 0.12532001 -0.70719155
vn 0.69582685 0.12532001 -0.70719155
vn 0.69582685 0.12532001 -0.70719155
vn 0.69659538 0.10467456 -0.70978738
vn 0.69659538 0.10467456 -0.70978738
vn 0.69659538 0.10467456 -0.70978738
vn 0.69706758 0.10337865 -0.70951367
vn 0.69706758 0.10337865 -0.70951367
vn 0.69706758 0.10337865 -0.70951367
vn 0.70206954 0.08340214 -0.70720749
vn 0.70206954 0.08340214 -0.70720749
vn 0.70206954 0.08340214 -0.70720749
vn 0.68825955 0.16154222 -0.70725024
vn 0.68825955 0.16154222 -0.70725024
vn 0.68825955 0.16154222 -0.70725024
vn 0.68254147 0.17376483 -0.70988937
vn 0.68254147 0.17376483 -0.70988937
vn 0.68254147 0.17376483 -0.70988937
vn 0.68031586 0.19147283 -0.70746624
vn 0.68031586 0.19147283 -0.70746624
vn 0.68031586 0.19147283 -0.70746624
vn 0.66133735 0.24175749 -0.71006072
vn 0.66133735 0.24175749 -0.71006072
vn 0.66133735 0.24175749 -0.71006072
vn 0.66700304 0.23138813 -0.70821358
vn 0.66700304 0.23138813 -0.70821358
vn 0.66700304 0.23138813 -0.70821358
vn 0.67459565 0.21276251 -0.70686125
vn 0.67459565 0.21276251 -0.70686125
vn 0.67459565 0.21276251 -0.70686125
vn 0.60503242 0.36479815 -0.70771328
vn 0.60503242 0.36479815 -0.70771328
vn 0.60503242 0.36479815 -0.70771328
vn 0.62069928 0.34085690 -0.70608001
vn 0.62069928 0.34085690 -0.70608001
vn 0.62069928 0.34085690 -0.70608001
vn 0.61876294 0.34630923 -0.70512576
vn 0.61876294 0.34630923 -0.70512576
vn 0.61876294 0.34630923 -0.70512576
vn 0.63516936 0.30415265 -0.70996553
vn 0.63516936 0.30415265 -0.70996553
vn 0.63516936 0.30415265 -0.70996553
vn 0.63445212 0.30816162 -0.70887723
vn 0.63445212 0.30816162 -0.70887723
vn 0.63445212 0.30816162 -0.70887723
vn 0.64668257 0.28546346 -0.70732756
vn 0.64668257 0.28546346 -0.70732756
vn 0.64668257 0.28546346 -0.70732756
vn 0.65762472 0.26164465 -0.70645014
vn 0.65762472 0.26164465 -0.70645014
vn 0.65762472 0.26164465 -0.70645014
vn 0.59137508 0.38207485 -0.71013683
vn 0.59137508 0.38207485 -0.71013683
vn 0.59137508 0.38207485 -0.71013683
vn 0.59410004 0.37958536 -0.70919680
vn 0.59410004 0.37958536 -0.70919680
vn 0.59410004 0.37958536 -0.70919680
vn 0.58104506 0.40283982 -0.70718224
vn 0.58104506 0.40283982 -0.70718224
vn 0.58104506 0.40283982 -0.70718224
vn 0.56831500 0.42097660 -0.70696306
vn 0.56831500 0.42097660 -0.70696306
vn 0.56831500 0.42097660 -0.70696306
vn 0.55165846 0.43786448 -0.70989270
vn 0.55165846 0.43786448 -0.70989270
vn 0.55165846 0.43786448 -0.70989270
vn 0.55146726 0.43825233 -0.70980191
vn 0.55146726 0.43825233 -0.70980191
vn 0.55146726 0.43825233 -0.70980191
vn 0.48528438 0.51419167 -0.70718173
vn 0.48528438 0.51419167 -0.70718173
vn 0.48528438 0.51419167 -0.70718173
vn 0.50295961 0.49527649 -0.70833102
vn 0.50295961 0.49527649 -0.70833102
vn 0.50295961 0.49527649 -0.70833102
vn 0.50455681 0.49245994 -0.70915839
vn 0.50455681 0.49245994 -0.70915839
vn 0.50455681 0.49245994 -0.70915839
vn 0.52572134 0.47311062 -0.70695361
vn 0.52572134 0.47311062 -0.70695361
vn 0.52572134 0.47311062 -0.70695361
vn 0.53987210 0.45650129 -0.70720908
vn 0.53987210 0.45650129 -0.70720908
vn 0.53987210 0.45650129 -0.70720908
vn 0.46939187 0.52926237 -0.70679036
vn 0.46939187 0.52926237 -0.70679036
vn 0.46939187 0.52926237 -0.70679036
vn 0.45134775 0.54049393 -0.71003628
vn 0.45134775 0.54049393 -0.71003628
vn 0.45134775 0.54049393 -0.71003628
vn 0.43903863 0.55504696 -0.70651819
vn 0.43903863 0.55504696 -0.70651819
vn 0.43903863 0.55504696 -0.70651819
vn 0.39922231 0.58200610 -0.70844227
vn 0.39922231 0.58200610 -0.70844227
vn 0.39922231 0.58200610 -0.70844227
vn 0.39907663 0.58206219 -0.70847826
vn 0.39907663 0.58206219 -0.70847826
vn 0.39907663 0.58206219 -0.70847826
vn 0.41777403 0.57030442 -0.70726072
vn 0.41777403 0.57030442 -0.70726072
vn 0.41777403 0.57030442 -0.70726072
vn 0.32065401 0.63036647 -0.70697887
vn 0.32065401 0.63036647 -0.70697887
vn 0.32065401 0.63036647 -0.70697887
vn 0.33300578 0.62232792 -0.70838909
vn 0.33300578 0.62232792 -0.70838909
vn 0.33300578 0.62232792 -0.70838909
vn 0.34227315 0.61569743 -0.70976458
vn 0.34227315 0.61569743 -0.70976458
vn 0.34227315 0.61569743 -0.70976458
vn 0.35249111 0.61243458 -0.70758314
vn 0.35249111 0.61243458 -0.70758314
vn 0.35249111 0.61243458 -0.70758314
vn 0.37697961 0.59853207 -0.70685623
vn 0.37697961 0.59853207 -0.70685623
vn 0.37697961 0.59853207 -0.70685623
vn 0.30088817 0.63977257 -0.70721805
vn 0.30088817 0.63977257 -0.70721805
vn 0.30088817 0.63977257 -0.70721805
vn 0.27955458 0.64678686 -0.70958860
vn 0.27955458 0.64678686 -0.70958860
vn 0.27955458 0.64678686 -0.70958860
vn 0.27121056 0.65281351 -0.70730428
vn 0.27121056 0.65281351 -0.70730428
vn 0.27121056 0.65281351 -0.70730428
vn 0.21331848 0.67118912 -0.70992985
vn 0.21331848 0.67118912 -0.70992985
vn 0.21331848 0.67118912 -0.70992985
vn 0.22735580 0.66941447 -0.70724367
vn 0.22735580 0.66941447 -0.70724367
vn 0.22735580 0.66941447 -0.70724367
vn 0.24800913 0.66222244 -0.70707348
vn 0.24800913 0.66222244 -0.70707348
vn 0.24800913 0.66222244 -0.70707348
vn 0.14439432 0.68918489 -0.71005244
vn 0.14439432 0.68918489 -0.71005244
vn 0.14439432 0.68918489 -0.71005244
vn 0.15737571 0.68835889 -0.70809245
vn 0.15737571 0.68835889 -0.70809245
vn 0.15737571 0.68835889 -0.70809245
vn 0.18875404 0.68260854 -0.70598690
vn 0.18875404 0.68260854 -0.70598690
vn 0.18875404 0.68260854 -0.70598690
vn 0.04985399 0.70540535 -0.70704870
vn 0.04985399 0.70540535 -0.70704870
vn 0.04985399 0.70540535 -0.70704870
vn 0.06728721 0.70196443 -0.70902636
vn 0.06728721 0.70196443 -0.70902636
vn 0.06728721 0.70196443 -0.70902636
vn 0.07358633 0.70025955 -0.71008564
vn 0.07358633 0.70025955 -0.71008564
vn 0.07358633 0.70025955 -0.71008564
vn 0.08910234 0.70114222 -0.70743223
vn 0.08910234 0.70114222 -0.70743223
vn 0.08910234 0.70114222 -0.70743223
vn 0.12669836 0.69623849 -0.70654051
vn 0.12669836 0.69623849 -0.70654051
vn 0.12669836 0.69623849 -0.70654051
vn 0.02811885 0.70660802 -0.70704628
vn 0.02811885 0.70660802 -0.70704628
vn 0.02811885 0.70660802 -0.70704628
vn 0.00149762 0.70481718 -0.70938741
vn 0.00149762 0.70481718 -0.70938741
vn 0.00149762 0.70481718 -0.70938741
vn -0.00031587 0.70528094 -0.70892785
vn -0.00031587 0.70528094 -0.70892785
vn -0.00031587 0.70528094 -0.70892785
vn -0.09672788 0.70037777 -0.70718788
vn -0.09672788 0.70037777 -0.70718788
vn -0.09672788 0.70037777 -0.70718788
vn -0.07944062 0.70114559 -0.70857890
vn -0.07944062 0.70114559 -0.70857890
vn -0.07944062 0.70114559 -0.70857890
vn -0.07042649 0.70054725 -0.71012228
vn -0.07042649 0.70054725 -0.71012228
vn -0.07042649 0.70054725 -0.71012228
vn -0.04791904 0.70634471 -0.70624423
vn -0.04791904 0.70634471 -0.70624423
vn -0.04791904 0.70634471 -0.70624423
vn -0.02227741 0.70640208 -0.70746012
vn -0.02227741 0.70640208 -0.70746012
vn -0.02227741 0.70640208 -0.70746012
vn -0.18791976 0.68189498 -0.70689843
vn -0.18791976 0.68189498 -0.70689843
vn -0.18791976 0.68189498 -0.70689843
vn -0.15359877 0.69011322 -0.70721366
vn -0.15359877 0.69011322 -0.70721366
vn -0.15359877 0.69011322 -0.70721366
vn -0.14170672 0.69000245 -0.70979984
vn -0.14170672 0.69000245 -0.70979984
vn -0.14170672 0.69000245 -0.70979984
vn -0.12158294 0.69637599 -0.70730338
vn -0.12158294 0.69637599 -0.70730338
vn -0.12158294 0.69637599 -0.70730338
vn -0.10755365 0.69891582 -0.70707064
vn -0.10755365 0.69891582 -0.70707064
vn -0.10755365 0.69891582 -0.70707064
vn -0.20821389 0.67337537 -0.70937479
vn -0.20821389 0.67337537 -0.70937479
vn -0.20821389 0.67337537 -0.70937479
vn -0.21102901 0.67186143 -0.70997815
vn -0.21102901 0.67186143 -0.70997815
vn -0.21102901 0.67186143 -0.70997815
vn -0.23054222 0.66840604 -0.70716593
vn -0.23054222 0.66840604 -0.70716593
vn -0.23054222 0.66840604 -0.70716593
vn -0.27870514 0.65004741 -0.70693833
vn -0.27870514 0.65004741 -0.70693833
vn -0.27870514 0.65004741 -0.70693833
vn -0.24666420 0.64901039 -0.71968207
vn -0.24666420 0.64901039 -0.71968207
vn -0.24666420 0.64901039 -0.71968207
vn -0.27180277 0.65311642 -0.70679714
vn -0.27180277 0.65311642 -0.70679714
vn -0.27180277 0.65311642 -0.70679714
vn -0.27254087 0.65310697 -0.70652159
vn -0.27254087 0.65310697 -0.70652159
vn -0.27254087 0.65310697 -0.70652159
vn -0.27267971 0.65274125 -0.70680594
vn -0.27267971 0.65274125 -0.70680594
vn -0.27267971 0.65274125 -0.70680594
vn 0.27267525 -0.70683202 -0.65271487
vn 0.27267525 -0.70683202 -0.65271487
vn 0.27267525 -0.70683202 -0.65271487
vn 0.27266533 -0.70681177 -0.65274094
vn 0.27266533 -0.70681177 -0.65274094
vn 0.27266533 -0.70681177 -0.65274094
vn 0.29536237 -0.70710203 -0.64247007
vn 0.29536237 -0.70710203 -0.64247007
vn 0.29536237 -0.70710203 -0.64247007
vn 0.27145380 -0.70877789 -0.65111193
vn 0.27145380 -0.70877789 -0.65111193
vn 0.27145380 -0.70877789 -0.65111193
vn 0.24279075 -0.72159676 -0.64834463
vn 0.24279075 -0.72159676 -0.64834463
vn 0.24279075 -0.72159676 -0.64834463
vn 0.27229963 -0.70652966 -0.65319887
vn 0.27229963 -0.70652966 -0.65319887
vn 0.27229963 -0.70652966 -0.65319887
vn 0.22737084 -0.70715712 -0.66950079
vn 0.22737084 -0.70715712 -0.66950079
vn 0.22737084 -0.70715712 -0.66950079
vn 0.21100736 -0.71004493 -0.67179766
vn 0.21100736 -0.71004493 -0.67179766
vn 0.21100736 -0.71004493 -0.67179766
vn 0.18975132 -0.70620174 -0.68210962
vn 0.18975132 -0.70620174 -0.68210962
vn 0.18975132 -0.70620174 -0.68210962
vn 0.14679006 -0.70806726 -0.69071951
vn 0.14679006 -0.70806726 -0.69071951
vn 0.14679006 -0.70806726 -0.69071951
vn 0.14180507 -0.70930803 -0.69048782
vn 0.14180507 -0.70930803 -0.69048782
vn 0.14180507 -0.70930803 -0.69048782
vn 0.11492122 -0.70694283 -0.69787173
vn 0.11492122 -0.70694283 -0.69787173
vn 0.11492122 -0.70694283 -0.69787173
vn 0.02515847 -0.70724291 -0.70652284
vn 0.02515847 -0.70724291 -0.70652284
vn 0.02515847 -0.70724291 -0.70652284
vn 0.04706343 -0.70685149 -0.70579459
vn 0.04706343 -0.70685149 -0.70579459
vn 0.04706343 -0.70685149 -0.70579459
vn 0.07044470 -0.70995028 -0.70071973
vn 0.07044470 -0.70995028 -0.70071973
vn 0.07044470 -0.70995028 -0.70071973
vn 0.07203722 -0.70962234 -0.70088999
vn 0.07203722 -0.70962234 -0.70088999
vn 0.07203722 -0.70962234 -0.70088999
vn 0.09308555 -0.70720882 -0.70085004
vn 0.09308555 -0.70720882 -0.70085004
vn 0.09308555 -0.70720882 -0.70085004
vn -0.00296882 -0.70911459 -0.70508701
vn -0.00296882 -0.70911459 -0.70508701
vn -0.00296882 -0.70911459 -0.70508701
vn -0.00150016 -0.70869231 -0.70551610
vn -0.00150016 -0.70869231 -0.70551610
vn -0.00150016 -0.70869231 -0.70551610
vn -0.03141670 -0.70706844 -0.70644689
vn -0.03141670 -0.70706844 -0.70644689
vn -0.03141670 -0.70706844 -0.70644689
vn -0.07359537 -0.71000197 -0.70034343
vn -0.07359537 -0.71000197 -0.70034343
vn -0.07359537 -0.71000197 -0.70034343
vn -0.06572356 -0.70889148 -0.70224873
vn -0.06572356 -0.70889148 -0.70224873
vn -0.06572356 -0.70889148 -0.70224873
vn -0.05079332 -0.70704154 -0.70534552
vn -0.05079332 -0.70704154 -0.70534552
vn -0.05079332 -0.70704154 -0.70534552
vn -0.16584567 -0.70741028 -0.68707053
vn -0.16584567 -0.70741028 -0.68707053
vn -0.16584567 -0.70741028 -0.68707053
vn -0.15615012 -0.70846558 -0.68825407
vn -0.15615012 -0.70846558 -0.68825407
vn -0.15615012 -0.70846558 -0.68825407
vn -0.14444922 -0.70978928 -0.68944441
vn -0.14444922 -0.70978928 -0.68944441
vn -0.14444922 -0.70978928 -0.68944441
vn -0.13357753 -0.70719076 -0.69428976
vn -0.13357753 -0.70719076 -0.69428976
vn -0.13357753 -0.70719076 -0.69428976
vn -0.09008026 -0.70674905 -0.70170601
vn -0.09008026 -0.70674905 -0.70170601
vn -0.09008026 -0.70674905 -0.70170601
vn -0.19547458 -0.70641573 -0.68026944
vn -0.19547458 -0.70641573 -0.68026944
vn -0.19547458 -0.70641573 -0.68026944
vn -0.21330329 -0.70997821 -0.67114279
vn -0.21330329 -0.70997821 -0.67114279
vn -0.21330329 -0.70997821 -0.67114279
vn -0.23244434 -0.70693046 -0.66799622
vn -0.23244434 -0.70693046 -0.66799622
vn -0.23244434 -0.70693046 -0.66799622
vn -0.27976515 -0.70906180 -0.64727337
vn -0.27976515 -0.70906180 -0.64727337
vn -0.27976515 -0.70906180 -0.64727337
vn -0.27697668 -0.70817268 -0.64944236
vn -0.27697668 -0.70817268 -0.64944236
vn -0.27697668 -0.70817268 -0.64944236
vn -0.25283563 -0.70711201 -0.66035350
vn -0.25283563 -0.70711201 -0.66035350
vn -0.25283563 -0.70711201 -0.66035350
vn -0.34226774 -0.70977330 -0.61569039
vn -0.34226774 -0.70977330 -0.61569039
vn -0.34226774 -0.70977330 -0.61569039
vn -0.32374561 -0.70691073 -0.62886087
vn -0.32374561 -0.70691073 -0.62886087
vn -0.32374561 -0.70691073 -0.62886087
vn -0.30389464 -0.70720380 -0.63836575
vn -0.30389464 -0.70720380 -0.63836575
vn -0.30389464 -0.70720380 -0.63836575
vn -0.42122591 -0.70704988 -0.56802218
vn -0.42122591 -0.70704988 -0.56802218
vn -0.42122591 -0.70704988 -0.56802218
vn -0.40284202 -0.70815997 -0.57985150
vn -0.40284202 -0.70815997 -0.57985150
vn -0.40284202 -0.70815997 -0.57985150
vn -0.39890779 -0.70899840 -0.58154435
vn -0.39890779 -0.70899840 -0.58154435
vn -0.39890779 -0.70899840 -0.58154435
vn -0.38300999 -0.70709403 -0.59440842
vn -0.38300999 -0.70709403 -0.59440842
vn -0.38300999 -0.70709403 -0.59440842
vn -0.35614434 -0.70680232 -0.61122147
vn -0.35614434 -0.70680232 -0.61122147
vn -0.35614434 -0.70680232 -0.61122147
vn -0.44391343 -0.70716914 -0.55032052
vn -0.44391343 -0.70716914 -0.55032052
vn -0.44391343 -0.70716914 -0.55032052
vn -0.45149531 -0.70980863 -0.54066968
vn -0.45149531 -0.70980863 -0.54066968
vn -0.45149531 -0.70980863 -0.54066968
vn -0.47552923 -0.70628330 -0.52443861
vn -0.47552923 -0.70628330 -0.52443861
vn -0.47552923 -0.70628330 -0.52443861
vn -0.50512886 -0.70836422 -0.49301620
vn -0.50512886 -0.70836422 -0.49301620
vn -0.50512886 -0.70836422 -0.49301620
vn -0.50684743 -0.70942751 -0.48971245
vn -0.50684743 -0.70942751 -0.48971245
vn -0.50684743 -0.70942751 -0.48971245
vn -0.49061303 -0.70758841 -0.50854449
vn -0.49061303 -0.70758841 -0.50854449
vn -0.49061303 -0.70758841 -0.50854449
vn -0.57045104 -0.70702352 -0.41797530
vn -0.57045104 -0.70702352 -0.41797530
vn -0.57045104 -0.70702352 -0.41797530
vn -0.55676079 -0.70884183 -0.43308276
vn -0.55676079 -0.70884183 -0.43308276
vn -0.55676079 -0.70884183 -0.43308276
vn -0.55149513 -0.71009882 -0.43773598
vn -0.55149513 -0.71009882 -0.43773598
vn -0.55149513 -0.71009882 -0.43773598
vn -0.54222851 -0.70721917 -0.45368412
vn -0.54222851 -0.70721917 -0.45368412
vn -0.54222851 -0.70721917 -0.45368412
vn -0.52795523 -0.70701606 -0.47052264
vn -0.52795523 -0.70701606 -0.47052264
vn -0.52795523 -0.70701606 -0.47052264
vn -0.58299551 -0.70718512 -0.40000681
vn -0.58299551 -0.70718512 -0.40000681
vn -0.58299551 -0.70718512 -0.40000681
vn -0.59363318 -0.70974786 -0.37928568
vn -0.59363318 -0.70974786 -0.37928568
vn -0.59363318 -0.70974786 -0.37928568
vn -0.59709757 -0.70865547 -0.37587487
vn -0.59709757 -0.70865547 -0.37587487
vn -0.59709757 -0.70865547 -0.37587487
vn -0.60963143 -0.70723829 -0.35799932
vn -0.60963143 -0.70723829 -0.35799932
vn -0.60963143 -0.70723829 -0.35799932
vn -0.61721347 -0.70690198 -0.34545206
vn -0.61721347 -0.70690198 -0.34545206
vn -0.61721347 -0.70690198 -0.34545206
vn -0.62396528 -0.70594847 -0.33511803
vn -0.62396528 -0.70594847 -0.33511803
vn -0.62396528 -0.70594847 -0.33511803
vn -0.63347148 -0.70996047 -0.30768493
vn -0.63347148 -0.70996047 -0.30768493
vn -0.63347148 -0.70996047 -0.30768493
vn -0.64179329 -0.70717164 -0.29666420
vn -0.64179329 -0.70717164 -0.29666420
vn -0.64179329 -0.70717164 -0.29666420
vn -0.67412907 -0.70714464 -0.21329897
vn -0.67412907 -0.70714464 -0.21329897
vn -0.67412907 -0.70714464 -0.21329897
vn -0.67003494 -0.70751732 -0.22466066
vn -0.67003494 -0.70751732 -0.22466066
vn -0.67003494 -0.70751732 -0.22466066
vn -0.66154360 -0.70984307 -0.24183232
vn -0.66154360 -0.70984307 -0.24183232
vn -0.66154360 -0.70984307 -0.24183232
vn -0.65965772 -0.70705932 -0.25479171
vn -0.65965772 -0.70705932 -0.25479171
vn -0.65965772 -0.70705932 -0.25479171
vn -0.65073115 -0.70713164 -0.27661131
vn -0.65073115 -0.70713164 -0.27661131
vn -0.65073115 -0.70713164 -0.27661131
vn -0.68244951 -0.70998340 -0.17374187
vn -0.68244951 -0.70998340 -0.17374187
vn -0.68244951 -0.70998340 -0.17374187
vn -0.68188110 -0.70886974 -0.18039364
vn -0.68188110 -0.70886974 -0.18039364
vn -0.68188110 -0.70886974 -0.18039364
vn -0.67853546 -0.70692732 -0.19960810
vn -0.67853546 -0.70692732 -0.19960810
vn -0.67853546 -0.70692732 -0.19960810
vn -0.70246881 -0.70719605 -0.08007073
vn -0.70246881 -0.70719605 -0.08007073
vn -0.70246881 -0.70719605 -0.08007073
vn -0.70015176 -0.70814041 -0.09123962
vn -0.70015176 -0.70814041 -0.09123962
vn -0.70015176 -0.70814041 -0.09123962
vn -0.69670507 -0.70967728 -0.10469097
vn -0.69670507 -0.70967728 -0.10469097
vn -0.69670507 -0.70967728 -0.10469097
vn -0.69720697 -0.70792136 -0.11291497
vn -0.69720697 -0.70792136 -0.11291497
vn -0.69720697 -0.70792136 -0.11291497
vn -0.69133290 -0.70622565 -0.15265698
vn -0.69133290 -0.70622565 -0.15265698
vn -0.69133290 -0.70622565 -0.15265698
vn -0.70488569 -0.70692652 -0.05823281
vn -0.70488569 -0.70692652 -0.05823281
vn -0.70488569 -0.70692652 -0.05823281
vn -0.70360909 -0.70972150 -0.03506622
vn -0.70360909 -0.70972150 -0.03506622
vn -0.70360909 -0.70972150 -0.03506622
vn -0.70693338 -0.70693403 -0.02212406
vn -0.70693338 -0.70693403 -0.02212406
vn -0.70693338 -0.70693403 -0.02212406
vn -0.70710125 -0.70710195 0.00382636
vn -0.70710125 -0.70710195 0.00382636
vn -0.70710125 -0.70710195 0.00382636
vn -0.70662870 -0.70744154 0.01422482
vn -0.70662870 -0.70744154 0.01422482
vn -0.70662870 -0.70744154 0.01422482
vn -0.70382375 -0.70946792 0.03588050
vn -0.70382375 -0.70946792 0.03588050
vn -0.70382375 -0.70946792 0.03588050
vn -0.70406076 -0.70927224 0.03509027
vn -0.70406076 -0.70927224 0.03509027
vn -0.70406076 -0.70927224 0.03509027
vn -0.70452707 -0.70699209 0.06167498
vn -0.70452707 -0.70699209 0.06167498
vn -0.70452707 -0.70699209 0.06167498
vn -0.69659513 -0.70978749 0.10467544
vn -0.69659513 -0.70978749 0.10467544
vn -0.69659513 -0.70978749 0.10467544
vn -0.69706766 -0.70951359 0.10337860
vn -0.69706766 -0.70951359 0.10337860
vn -0.69706766 -0.70951359 0.10337860
vn -0.70206949 -0.70720753 0.08340231
vn -0.70206949 -0.70720753 0.08340231
vn -0.70206949 -0.70720753 0.08340231
vn -0.67459701 -0.70686037 0.21276112
vn -0.67459701 -0.70686037 0.21276112
vn -0.67459701 -0.70686037 0.21276112
vn -0.68031672 -0.70746533 0.19147317
vn -0.68031672 -0.70746533 0.19147317
vn -0.68031672 -0.70746533 0.19147317
vn -0.68254276 -0.70988897 0.17376143
vn -0.68254276 -0.70988897 0.17376143
vn -0.68254276 -0.70988897 0.17376143
vn -0.68935096 -0.70672430 0.15917289
vn -0.68935096 -0.70672430 0.15917289
vn -0.68935096 -0.70672430 0.15917289
vn -0.69582670 -0.70719192 0.12531874
vn -0.69582670 -0.70719192 0.12531874
vn -0.69582670 -0.70719192 0.12531874
vn -0.66700254 -0.70821301 0.23139131
vn -0.66700254 -0.70821301 0.23139131
vn -0.66700254 -0.70821301 0.23139131
vn -0.66133743 -0.71005993 0.24175958
vn -0.66133743 -0.71005993 0.24175958
vn -0.66133743 -0.71005993 0.24175958
vn -0.65762561 -0.70644968 0.26164365
vn -0.65762561 -0.70644968 0.26164365
vn -0.65762561 -0.70644968 0.26164365
vn -0.64668504 -0.70732674 0.28545988
vn -0.64668504 -0.70732674 0.28545988
vn -0.64668504 -0.70732674 0.28545988
vn -0.63445182 -0.70887652 0.30816388
vn -0.63445182 -0.70887652 0.30816388
vn -0.63445182 -0.70887652 0.30816388
vn -0.63516944 -0.70996544 0.30415269
vn -0.63516944 -0.70996544 0.30415269
vn -0.63516944 -0.70996544 0.30415269
vn -0.61876614 -0.70512638 0.34630227
vn -0.61876614 -0.70512638 0.34630227
vn -0.61876614 -0.70512638 0.34630227
vn -0.62069965 -0.70607913 0.34085805
vn -0.62069965 -0.70607913 0.34085805
vn -0.62069965 -0.70607913 0.34085805
vn -0.59409963 -0.70919670 0.37958619
vn -0.59409963 -0.70919670 0.37958619
vn -0.59409963 -0.70919670 0.37958619
vn -0.59137396 -0.71013700 0.38207627
vn -0.59137396 -0.71013700 0.38207627
vn -0.59137396 -0.71013700 0.38207627
vn -0.60503557 -0.70771245 0.36479452
vn -0.60503557 -0.70771245 0.36479452
vn -0.60503557 -0.70771245 0.36479452
vn -0.53987384 -0.70720870 0.45649983
vn -0.53987384 -0.70720870 0.45649983
vn -0.53987384 -0.70720870 0.45649983
vn -0.55146868 -0.70980115 0.43825178
vn -0.55146868 -0.70980115 0.43825178
vn -0.55146868 -0.70980115 0.43825178
vn -0.55166216 -0.70989301 0.43785931
vn -0.55166216 -0.70989301 0.43785931
vn -0.55166216 -0.70989301 0.43785931
vn -0.56831587 -0.70696345 0.42097477
vn -0.56831587 -0.70696345 0.42097477
vn -0.56831587 -0.70696345 0.42097477
vn -0.58104467 -0.70718264 0.40283968
vn -0.58104467 -0.70718264 0.40283968
vn -0.58104467 -0.70718264 0.40283968
vn -0.52572122 -0.70695312 0.47311148
vn -0.52572122 -0.70695312 0.47311148
vn -0.52572122 -0.70695312 0.47311148
vn -0.50455982 -0.70915792 0.49245755
vn -0.50455982 -0.70915792 0.49245755
vn -0.50455982 -0.70915792 0.49245755
vn -0.50296036 -0.70832945 0.49527797
vn -0.50296036 -0.70832945 0.49527797
vn -0.50296036 -0.70832945 0.49527797
vn -0.41777437 -0.70726014 0.57030489
vn -0.41777437 -0.70726014 0.57030489
vn -0.41777437 -0.70726014 0.57030489
vn -0.43903877 -0.70651737 0.55504788
vn -0.43903877 -0.70651737 0.55504788
vn -0.43903877 -0.70651737 0.55504788
vn -0.45134993 -0.71003584 0.54049269
vn -0.45134993 -0.71003584 0.54049269
vn -0.45134993 -0.71003584 0.54049269
vn -0.46939368 -0.70678965 0.52926172
vn -0.46939368 -0.70678965 0.52926172
vn -0.46939368 -0.70678965 0.52926172
vn -0.48528823 -0.70718084 0.51418926
vn -0.48528823 -0.70718084 0.51418926
vn -0.48528823 -0.70718084 0.51418926
vn -0.39907685 -0.70847788 0.58206250
vn -0.39907685 -0.70847788 0.58206250
vn -0.39907685 -0.70847788 0.58206250
vn -0.39922174 -0.70844209 0.58200671
vn -0.39922174 -0.70844209 0.58200671
vn -0.39922174 -0.70844209 0.58200671
vn -0.37698013 -0.70685597 0.59853205
vn -0.37698013 -0.70685597 0.59853205
vn -0.37698013 -0.70685597 0.59853205
vn -0.35249073 -0.70758276 0.61243525
vn -0.35249073 -0.70758276 0.61243525
vn -0.35249073 -0.70758276 0.61243525
vn -0.34227030 -0.70976466 0.61569892
vn -0.34227030 -0.70976466 0.61569892
vn -0.34227030 -0.70976466 0.61569892
vn -0.33300839 -0.70839006 0.62232543
vn -0.33300839 -0.70839006 0.62232543
vn -0.33300839 -0.70839006 0.62232543
vn -0.24800566 -0.70707362 0.66222359
vn -0.24800566 -0.70707362 0.66222359
vn -0.24800566 -0.70707362 0.66222359
vn -0.27121037 -0.70730442 0.65281344
vn -0.27121037 -0.70730442 0.65281344
vn -0.27121037 -0.70730442 0.65281344
vn -0.27955683 -0.70958937 0.64678506
vn -0.27955683 -0.70958937 0.64678506
vn -0.27955683 -0.70958937 0.64678506
vn -0.30088898 -0.70721882 0.63977133
vn -0.30088898 -0.70721882 0.63977133
vn -0.30088898 -0.70721882 0.63977133
vn -0.32065459 -0.70697972 0.63036522
vn -0.32065459 -0.70697972 0.63036522
vn -0.32065459 -0.70697972 0.63036522
vn -0.22735689 -0.70724373 0.66941404
vn -0.22735689 -0.70724373 0.66941404
vn -0.22735689 -0.70724373 0.66941404
vn -0.21332052 -0.70992977 0.67118855
vn -0.21332052 -0.70992977 0.67118855
vn -0.21332052 -0.70992977 0.67118855
vn -0.18875391 -0.70598649 0.68260899
vn -0.18875391 -0.70598649 0.68260899
vn -0.18875391 -0.70598649 0.68260899
vn -0.15737590 -0.70809203 0.68835928
vn -0.15737590 -0.70809203 0.68835928
vn -0.15737590 -0.70809203 0.68835928
vn -0.14439288 -0.71005226 0.68918537
vn -0.14439288 -0.71005226 0.68918537
vn -0.14439288 -0.71005226 0.68918537
vn -0.12669827 -0.70654046 0.69623855
vn -0.12669827 -0.70654046 0.69623855
vn -0.12669827 -0.70654046 0.69623855
vn -0.08910256 -0.70743193 0.70114249
vn -0.08910256 -0.70743193 0.70114249
vn -0.08910256 -0.70743193 0.70114249
vn -0.07358508 -0.71008549 0.70025983
vn -0.07358508 -0.71008549 0.70025983
vn -0.07358508 -0.71008549 0.70025983
vn -0.06728702 -0.70902635 0.70196446
vn -0.06728702 -0.70902635 0.70196446
vn -0.06728702 -0.70902635 0.70196446
vn 0.02227724 -0.70746014 0.70640206
vn 0.02227724 -0.70746014 0.70640206
vn 0.02227724 -0.70746014 0.70640206
vn 0.00031587 -0.70892785 0.70528094
vn 0.00031587 -0.70892785 0.70528094
vn 0.00031587 -0.70892785 0.70528094
vn -0.00149661 -0.70938716 0.70481744
vn -0.00149661 -0.70938716 0.70481744
vn -0.00149661 -0.70938716 0.70481744
vn -0.02811843 -0.70704612 0.70660819
vn -0.02811843 -0.70704612 0.70660819
vn -0.02811843 -0.70704612 0.70660819
vn -0.04985470 -0.70704871 0.70540530
vn -0.04985470 -0.70704871 0.70540530
vn -0.04985470 -0.70704871 0.70540530
vn 0.04791907 -0.70624428 0.70634467
vn 0.04791907 -0.70624428 0.70634467
vn 0.04791907 -0.70624428 0.70634467
vn 0.07042673 -0.71012237 0.70054714
vn 0.07042673 -0.71012237 0.70054714
vn 0.07042673 -0.71012237 0.70054714
vn 0.07944049 -0.70857905 0.70114545
vn 0.07944049 -0.70857905 0.70114545
vn 0.07944049 -0.70857905 0.70114545
vn 0.18792013 -0.70689852 0.68189479
vn 0.18792013 -0.70689852 0.68189479
vn 0.18792013 -0.70689852 0.68189479
vn 0.15359875 -0.70721358 0.69011331
vn 0.15359875 -0.70721358 0.69011331
vn 0.15359875 -0.70721358 0.69011331
vn 0.14170597 -0.70979986 0.69000259
vn 0.14170597 -0.70979986 0.69000259
vn 0.14170597 -0.70979986 0.69000259
vn 0.12158310 -0.70730352 0.69637582
vn 0.12158310 -0.70730352 0.69637582
vn 0.12158310 -0.70730352 0.69637582
vn 0.10012272 -0.70688951 0.70020187
vn 0.10012272 -0.70688951 0.70020187
vn 0.10012272 -0.70688951 0.70020187
vn 0.20821331 -0.70937487 0.67337546
vn 0.20821331 -0.70937487 0.67337546
vn 0.20821331 -0.70937487 0.67337546
vn 0.21102811 -0.70997818 0.67186168
vn 0.21102811 -0.70997818 0.67186168
vn 0.21102811 -0.70997818 0.67186168
vn 0.23054186 -0.70716596 0.66840613
vn 0.23054186 -0.70716596 0.66840613
vn 0.23054186 -0.70716596 0.66840613
vn 0.27870504 -0.70693859 0.65004718
vn 0.27870504 -0.70693859 0.65004718
vn 0.27870504 -0.70693859 0.65004718
vn 0.24666543 -0.71968226 0.64900971
vn 0.24666543 -0.71968226 0.64900971
vn 0.24666543 -0.71968226 0.64900971
vn 0.27180191 -0.70679815 0.65311568
vn 0.27180191 -0.70679815 0.65311568
vn 0.27180191 -0.70679815 0.65311568
vn 0.27254147 -0.70652194 0.65310635
vn 0.27254147 -0.70652194 0.65310635
vn 0.27254147 -0.70652194 0.65310635
vn 0.27267978 -0.70680453 0.65274275
vn 0.27267978 -0.70680453 0.65274275
vn 0.27267978 -0.70680453 0.65274275
vn 0.08948069 0.70719229 0.70133606
vn 0.08948069 0.70719229 0.70133606
vn 0.08948069 0.70719229 0.70133606
vn 0.29527676 0.70710175 0.64250972
vn 0.29527676 0.70710175 0.64250972
vn 0.29527676 0.70710175 0.64250972
vn 0.27183454 0.70779168 0.65202525
vn 0.27183454 0.70779168 0.65202525
vn 0.27183454 0.70779168 0.65202525
vn 0.26863895 0.70857069 0.65250340
vn 0.26863895 0.70857069 0.65250340
vn 0.26863895 0.70857069 0.65250340
vn 0.24452825 0.70702211 0.66357040
vn 0.24452825 0.70702211 0.66357040
vn 0.24452825 0.70702211 0.66357040
vn 0.20409606 0.71000750 0.67396895
vn 0.20409606 0.71000750 0.67396895
vn 0.20409606 0.71000750 0.67396895
vn 0.20487056 0.70986486 0.67388422
vn 0.20487056 0.70986486 0.67388422
vn 0.20487056 0.70986486 0.67388422
vn 0.22384467 0.70718217 0.67066157
vn 0.22384467 0.70718217 0.67066157
vn 0.22384467 0.70718217 0.67066157
vn 0.10397218 0.70702178 0.69950696
vn 0.10397218 0.70702178 0.69950696
vn 0.10397218 0.70702178 0.69950696
vn 0.11811729 0.70778093 0.69648723
vn 0.11811729 0.70778093 0.69648723
vn 0.11811729 0.70778093 0.69648723
vn 0.13452532 0.70982670 0.69141087
vn 0.13452532 0.70982670 0.69141087
vn 0.13452532 0.70982670 0.69141087
vn 0.14698326 0.70713992 0.69162783
vn 0.14698326 0.70713992 0.69162783
vn 0.14698326 0.70713992 0.69162783
vn 0.18469660 0.70686036 0.68281447
vn 0.18469660 0.70686036 0.68281447
vn 0.18469660 0.70686036 0.68281447
vn 0.07214351 0.70858649 0.70192628
vn 0.07214351 0.70858649 0.70192628
vn 0.07214351 0.70858649 0.70192628
vn 0.06314901 0.71012743 0.70123551
vn 0.06314901 0.71012743 0.70123551
vn 0.06314901 0.71012743 0.70123551
vn 0.04080377 0.70628696 0.70674874
vn 0.04080377 0.70628696 0.70674874
vn 0.04080377 0.70628696 0.70674874
vn -0.00297340 0.70797069 0.70623556
vn -0.00297340 0.70797069 0.70623556
vn -0.00297340 0.70797069 0.70623556
vn -0.00883394 0.70944579 0.70470464
vn -0.00883394 0.70944579 0.70470464
vn -0.00883394 0.70944579 0.70470464
vn -0.03499773 0.70704954 0.70629746
vn -0.03499773 0.70704954 0.70629746
vn -0.03499773 0.70704954 0.70629746
vn -0.08087341 0.70992129 0.69962223
vn -0.08087341 0.70992129 0.69962223
vn -0.08087341 0.70992129 0.69962223
vn -0.07060996 0.70858798 0.70208070
vn -0.07060996 0.70858798 0.70208070
vn -0.07060996 0.70858798 0.70208070
vn -0.05671674 0.70704128 0.70489420
vn -0.05671674 0.70704128 0.70489420
vn -0.05671674 0.70704128 0.70489420
vn -0.16915006 0.70781436 0.68584771
vn -0.16915006 0.70781436 0.68584771
vn -0.16915006 0.70781436 0.68584771
vn -0.15946619 0.70885593 0.68709083
vn -0.15946619 0.70885593 0.68709083
vn -0.15946619 0.70885593 0.68709083
vn -0.15148077 0.71004429 0.68767048
vn -0.15148077 0.71004429 0.68767048
vn -0.15148077 0.71004429 0.68767048
vn -0.13370900 0.70649824 0.69496917
vn -0.13370900 0.70649824 0.69496917
vn -0.13370900 0.70649824 0.69496917
vn -0.09249326 0.70751851 0.70061584
vn -0.09249326 0.70751851 0.70061584
vn -0.09249326 0.70751851 0.70061584
vn -0.19558810 0.70600332 0.68066483
vn -0.19558810 0.70600332 0.68066483
vn -0.19558810 0.70600332 0.68066483
vn -0.22018673 0.70991185 0.66898652
vn -0.22018673 0.70991185 0.66898652
vn -0.22018673 0.70991185 0.66898652
vn -0.23434273 0.70717498 0.66707348
vn -0.23434273 0.70717498 0.66707348
vn -0.23434273 0.70717498 0.66707348
vn -0.28605356 0.70961474 0.64391015
vn -0.28605356 0.70961474 0.64391015
vn -0.28605356 0.70961474 0.64391015
vn -0.27734130 0.70724522 0.65029685
vn -0.27734130 0.70724522 0.65029685
vn -0.27734130 0.70724522 0.65029685
vn -0.25479507 0.70708994 0.65962360
vn -0.25479507 0.70708994 0.65962360
vn -0.25479507 0.70708994 0.65962360
vn -0.34864911 0.70934531 0.61259532
vn -0.34864911 0.70934531 0.61259532
vn -0.34864911 0.70934531 0.61259532
vn -0.32693294 0.70698463 0.62712646
vn -0.32693294 0.70698463 0.62712646
vn -0.32693294 0.70698463 0.62712646
vn -0.30716311 0.70720820 0.63679462
vn -0.30716311 0.70720820 0.63679462
vn -0.30716311 0.70720820 0.63679462
vn -0.42039321 0.70750563 0.56807159
vn -0.42039321 0.70750563 0.56807159
vn -0.42039321 0.70750563 0.56807159
vn -0.40137292 0.70972290 0.57895870
vn -0.40137292 0.70972290 0.57895870
vn -0.40137292 0.70972290 0.57895870
vn -0.40603593 0.70852963 0.57716600
vn -0.40603593 0.70852963 0.57716600
vn -0.40603593 0.70852963 0.57716600
vn -0.38313551 0.70685962 0.59460631
vn -0.38313551 0.70685962 0.59460631
vn -0.38313551 0.70685962 0.59460631
vn -0.35574239 0.70760092 0.61053115
vn -0.35574239 0.70760092 0.61053115
vn -0.35574239 0.70760092 0.61053115
vn -0.44444102 0.70632808 0.55097443
vn -0.44444102 0.70632808 0.55097443
vn -0.44444102 0.70632808 0.55097443
vn -0.45867241 0.71006887 0.53424883
vn -0.45867241 0.71006887 0.53424883
vn -0.45867241 0.71006887 0.53424883
vn -0.47336406 0.70718530 0.52518132
vn -0.47336406 0.70718530 0.52518132
vn -0.47336406 0.70718530 0.52518132
vn -0.54349116 0.70719193 0.45221337
vn -0.54349116 0.70719193 0.45221337
vn -0.54349116 0.70719193 0.45221337
vn -0.53121162 0.70693846 0.46696064
vn -0.53121162 0.70693846 0.46696064
vn -0.53121162 0.70693846 0.46696064
vn -0.51111944 0.70942650 0.48525349
vn -0.51111944 0.70942650 0.48525349
vn -0.51111944 0.70942650 0.48525349
vn -0.50796640 0.70787890 0.49079283
vn -0.50796640 0.70787890 0.49079283
vn -0.50796640 0.70787890 0.49079283
vn -0.48946896 0.70705746 0.51038209
vn -0.48946896 0.70705746 0.51038209
vn -0.48946896 0.70705746 0.51038209
vn -0.58572403 0.70716874 0.39602997
vn -0.58572403 0.70716874 0.39602997
vn -0.58572403 0.70716874 0.39602997
vn -0.57334625 0.70695057 0.41411950
vn -0.57334625 0.70695057 0.41411950
vn -0.57334625 0.70695057 0.41411950
vn -0.55756474 0.71000100 0.43013968
vn -0.55756474 0.71000100 0.43013968
vn -0.55756474 0.71000100 0.43013968
vn -0.55629456 0.70942904 0.43272024
vn -0.55629456 0.70942904 0.43272024
vn -0.55629456 0.70942904 0.43272024
vn -0.54951094 0.70808434 0.44345721
vn -0.54951094 0.70808434 0.44345721
vn -0.54951094 0.70808434 0.44345721
vn -0.59474385 0.70834037 0.38017585
vn -0.59474385 0.70834037 0.38017585
vn -0.59474385 0.70834037 0.38017585
vn -0.59852115 0.71010080 0.37084940
vn -0.59852115 0.71010080 0.37084940
vn -0.59852115 0.71010080 0.37084940
vn -0.60632074 0.70819102 0.36171901
vn -0.60632074 0.70819102 0.36171901
vn -0.60632074 0.70819102 0.36171901
vn -0.64828575 0.70708463 0.28241265
vn -0.64828575 0.70708463 0.28241265
vn -0.64828575 0.70708463 0.28241265
vn -0.63792641 0.70849030 0.30181351
vn -0.63792641 0.70849030 0.30181351
vn -0.63792641 0.70849030 0.30181351
vn -0.63347148 0.70996047 0.30768493
vn -0.63347148 0.70996047 0.30768493
vn -0.63347148 0.70996047 0.30768493
vn -0.62640008 0.70701178 0.32826406
vn -0.62640008 0.70701178 0.32826406
vn -0.62640008 0.70701178 0.32826406
vn -0.61595462 0.70706643 0.34735713
vn -0.61595462 0.70706643 0.34735713
vn -0.61595462 0.70706643 0.34735713
vn -0.65965783 0.70705948 0.25479096
vn -0.65965783 0.70705948 0.25479096
vn -0.65965783 0.70705948 0.25479096
vn -0.66154360 0.70984307 0.24183232
vn -0.66154360 0.70984307 0.24183232
vn -0.66154360 0.70984307 0.24183232
vn -0.67003494 0.70751732 0.22466066
vn -0.67003494 0.70751732 0.22466066
vn -0.67003494 0.70751732 0.22466066
vn -0.68244951 0.70998340 0.17374187
vn -0.68244951 0.70998340 0.17374187
vn -0.68244951 0.70998340 0.17374187
vn -0.68117849 0.70752947 0.18814333
vn -0.68117849 0.70752947 0.18814333
vn -0.68117849 0.70752947 0.18814333
vn -0.67557274 0.70698591 0.20921853
vn -0.67557274 0.70698591 0.20921853
vn -0.67557274 0.70698591 0.20921853
vn -0.70246881 0.70719605 0.08007073
vn -0.70246881 0.70719605 0.08007073
vn -0.70246881 0.70719605 0.08007073
vn -0.69823179 0.70882921 0.10016747
vn -0.69823179 0.70882921 0.10016747
vn -0.69823179 0.70882921 0.10016747
vn -0.69659576 0.70978700 0.10467454
vn -0.69659576 0.70978700 0.10467454
vn -0.69659576 0.70978700 0.10467454
vn -0.69597380 0.70763741 0.12194166
vn -0.69597380 0.70763741 0.12194166
vn -0.69597380 0.70763741 0.12194166
vn -0.69133261 0.70622578 0.15265768
vn -0.69133261 0.70622578 0.15265768
vn -0.69133261 0.70622578 0.15265768
vn -0.70488558 0.70692654 0.05823396
vn -0.70488558 0.70692654 0.05823396
vn -0.70488558 0.70692654 0.05823396
vn -0.70360891 0.70972168 0.03506621
vn -0.70360891 0.70972168 0.03506621
vn -0.70360891 0.70972168 0.03506621
vn -0.70693339 0.70693404 0.02212332
vn -0.70693339 0.70693404 0.02212332
vn -0.70693339 0.70693404 0.02212332
vn 0.27870241 0.70693573 -0.65005142
vn 0.27870241 0.70693573 -0.65005142
vn 0.27870241 0.70693573 -0.65005142
vn 0.12139557 0.70754263 -0.69616560
vn 0.12139557 0.70754263 -0.69616560
vn 0.12139557 0.70754263 -0.69616560
vn 0.27215250 0.70834361 -0.65129283
vn 0.27215250 0.70834361 -0.65129283
vn 0.27215250 0.70834361 -0.65129283
vn 0.25130742 0.70702705 -0.66102748
vn 0.25130742 0.70702705 -0.66102748
vn 0.25130742 0.70702705 -0.66102748
vn 0.23257162 0.70716696 -0.66770153
vn 0.23257162 0.70716696 -0.66770153
vn 0.23257162 0.70716696 -0.66770153
vn 0.23069870 0.70689494 -0.66863865
vn 0.23069870 0.70689494 -0.66863865
vn 0.23069870 0.70689494 -0.66863865
vn 0.19845025 0.70721446 -0.67857586
vn 0.19845025 0.70721446 -0.67857586
vn 0.19845025 0.70721446 -0.67857586
vn 0.19607863 0.70668186 -0.67981903
vn 0.19607863 0.70668186 -0.67981903
vn 0.19607863 0.70668186 -0.67981903
vn 0.15693179 0.70723376 -0.68934231
vn 0.15693179 0.70723376 -0.68934231
vn 0.15693179 0.70723376 -0.68934231
vn 0.15374080 0.70655993 -0.69075091
vn 0.15374080 0.70655993 -0.69075091
vn 0.15374080 0.70655993 -0.69075091
vn 0.12914233 0.70717508 -0.69514435
vn 0.12914233 0.70717508 -0.69514435
vn 0.12914233 0.70717508 -0.69514435
vn 0.05074444 0.70674487 -0.70564629
vn 0.05074444 0.70674487 -0.70564629
vn 0.05074444 0.70674487 -0.70564629
vn 0.04301667 0.70534449 -0.70755827
vn 0.04301667 0.70534449 -0.70755827
vn 0.04301667 0.70534449 -0.70755827
vn 0.07942072 0.70876890 -0.70095577
vn 0.07942072 0.70876890 -0.70095577
vn 0.07942072 0.70876890 -0.70095577
vn 0.07875427 0.70864406 -0.70115716
vn 0.07875427 0.70864406 -0.70115716
vn 0.07875427 0.70864406 -0.70115716
vn 0.09678103 0.70718833 -0.70036997
vn 0.09678103 0.70718833 -0.70036997
vn 0.09678103 0.70718833 -0.70036997
vn 0.11521218 0.70693875 -0.69782789
vn 0.11521218 0.70693875 -0.69782789
vn 0.11521218 0.70693875 -0.69782789
vn 0.02858826 0.70720714 -0.70642818
vn 0.02858826 0.70720714 -0.70642818
vn 0.02858826 0.70720714 -0.70642818
vn 0.00375955 0.70806270 -0.70613956
vn 0.00375955 0.70806270 -0.70613956
vn 0.00375955 0.70806270 -0.70613956
vn 0.00004160 0.70901401 -0.70519440
vn 0.00004160 0.70901401 -0.70519440
vn 0.00004160 0.70901401 -0.70519440
vn -0.02807833 0.70693801 -0.70671795
vn -0.02807833 0.70693801 -0.70671795
vn -0.02807833 0.70693801 -0.70671795
vn -0.05765654 0.70725188 -0.70460663
vn -0.05765654 0.70725188 -0.70460663
vn -0.05765654 0.70725188 -0.70460663
vn -0.04968353 0.70887722 -0.70357987
vn -0.04968353 0.70887722 -0.70357987
vn -0.04968353 0.70887722 -0.70357987
vn -0.09541724 0.70460325 -0.70315703
vn -0.09541724 0.70460325 -0.70315703
vn -0.09541724 0.70460325 -0.70315703
vn -0.08330485 0.70746910 -0.70181748
vn -0.08330485 0.70746910 -0.70181748
vn -0.08330485 0.70746910 -0.70181748
vn -0.12669818 0.70654651 -0.69623243
vn -0.12669818 0.70654651 -0.69623243
vn -0.12669818 0.70654651 -0.69623243
vn -0.13701162 0.70862849 -0.69215135
vn -0.13701162 0.70862849 -0.69215135
vn -0.13701162 0.70862849 -0.69215135
vn -0.15278348 0.70741265 -0.69009025
vn -0.15278348 0.70741265 -0.69009025
vn -0.15278348 0.70741265 -0.69009025
vn -0.16234591 0.70707815 -0.68824726
vn -0.16234591 0.70707815 -0.68824726
vn -0.16234591 0.70707815 -0.68824726
vn -0.17228726 0.70718080 -0.68572037
vn -0.17228726 0.70718080 -0.68572037
vn -0.17228726 0.70718080 -0.68572037
vn -0.18875391 0.70598908 -0.68260632
vn -0.18875391 0.70598908 -0.68260632
vn -0.18875391 0.70598908 -0.68260632
vn -0.21291243 0.70987898 -0.67137183
vn -0.21291243 0.70987898 -0.67137183
vn -0.21291243 0.70987898 -0.67137183
vn -0.22735978 0.70716701 -0.66949410
vn -0.22735978 0.70716701 -0.66949410
vn -0.22735978 0.70716701 -0.66949410
vn -0.24676109 0.70708999 -0.66267089
vn -0.24676109 0.70708999 -0.66267089
vn -0.24676109 0.70708999 -0.66267089
vn -0.34942822 0.70814076 -0.61354428
vn -0.34942822 0.70814076 -0.61354428
vn -0.34942822 0.70814076 -0.61354428
vn -0.35187976 0.70759354 -0.61277403
vn -0.35187976 0.70759354 -0.61277403
vn -0.35187976 0.70759354 -0.61277403
vn -0.38706455 0.70638914 -0.59261743
vn -0.38706455 0.70638914 -0.59261743
vn -0.38706455 0.70638914 -0.59261743
vn -0.24975742 0.70711532 -0.66152034
vn -0.24975742 0.70711532 -0.66152034
vn -0.24975742 0.70711532 -0.66152034
vn -0.27117253 0.70740113 -0.65272436
vn -0.27117253 0.70740113 -0.65272436
vn -0.27117253 0.70740113 -0.65272436
vn -0.27915395 0.70962710 -0.64691765
vn -0.27915395 0.70962710 -0.64691765
vn -0.27915395 0.70962710 -0.64691765
vn -0.30087799 0.70721903 -0.63977627
vn -0.30087799 0.70721903 -0.63977627
vn -0.30087799 0.70721903 -0.63977627
vn -0.31900435 0.70701257 -0.63116515
vn -0.31900435 0.70701257 -0.63116515
vn -0.31900435 0.70701257 -0.63116515
vn -0.32069997 0.70685688 -0.63047988
vn -0.32069997 0.70685688 -0.63047988
vn -0.32069997 0.70685688 -0.63047988
vn -0.33292497 0.70726681 -0.62364624
vn -0.33292497 0.70726681 -0.62364624
vn -0.33292497 0.70726681 -0.62364624
vn -0.37611674 0.70847038 -0.59716489
vn -0.37611674 0.70847038 -0.59716489
vn -0.37611674 0.70847038 -0.59716489
vn -0.40095909 0.70617489 -0.58356562
vn -0.40095909 0.70617489 -0.58356562
vn -0.40095909 0.70617489 -0.58356562
vn -0.41210255 0.70765980 -0.57392429
vn -0.41210255 0.70765980 -0.57392429
vn -0.41210255 0.70765980 -0.57392429
vn -0.41833771 0.70725545 -0.56989761
vn -0.41833771 0.70725545 -0.56989761
vn -0.41833771 0.70725545 -0.56989761
vn -0.44711377 0.70607779 -0.54912970
vn -0.44711377 0.70607779 -0.54912970
vn -0.44711377 0.70607779 -0.54912970
vn -0.43752240 0.70895772 -0.55313028
vn -0.43752240 0.70895772 -0.55313028
vn -0.43752240 0.70895772 -0.55313028
vn -0.47449828 0.70581266 -0.52600368
vn -0.47449828 0.70581266 -0.52600368
vn -0.47449828 0.70581266 -0.52600368
vn -0.46948502 0.70678625 -0.52918524
vn -0.46948502 0.70678625 -0.52918524
vn -0.46948502 0.70678625 -0.52918524
vn -0.48536733 0.70717930 -0.51411671
vn -0.48536733 0.70717930 -0.51411671
vn -0.48536733 0.70717930 -0.51411671
vn -0.50298750 0.70829431 -0.49530066
vn -0.50298750 0.70829431 -0.49530066
vn -0.50298750 0.70829431 -0.49530066
vn -0.50363773 0.70862986 -0.49415865
vn -0.50363773 0.70862986 -0.49415865
vn -0.50363773 0.70862986 -0.49415865
vn -0.54700292 0.71116137 -0.44163029
vn -0.54700292 0.71116137 -0.44163029
vn -0.54700292 0.71116137 -0.44163029
vn -0.55020165 0.71029419 -0.43904477
vn -0.55020165 0.71029419 -0.43904477
vn -0.55020165 0.71029419 -0.43904477
vn -0.53971413 0.70752195 -0.45620318
vn -0.53971413 0.70752195 -0.45620318
vn -0.53971413 0.70752195 -0.45620318
vn -0.52588827 0.70684268 -0.47309085
vn -0.52588827 0.70684268 -0.47309085
vn -0.52588827 0.70684268 -0.47309085
vn -0.59712816 0.70868847 -0.37576405
vn -0.59712816 0.70868847 -0.37576405
vn -0.59712816 0.70868847 -0.37576405
vn -0.55435827 0.70948398 -0.43510847
vn -0.55435827 0.70948398 -0.43510847
vn -0.55435827 0.70948398 -0.43510847
vn -0.56839542 0.70696162 -0.42087043
vn -0.56839542 0.70696162 -0.42087043
vn -0.56839542 0.70696162 -0.42087043
vn -0.57833641 0.70716351 -0.40675147
vn -0.57833641 0.70716351 -0.40675147
vn -0.57833641 0.70716351 -0.40675147
vn -0.58128841 0.70697587 -0.40285096
vn -0.58128841 0.70697587 -0.40285096
vn -0.58128841 0.70697587 -0.40285096
vn -0.59593521 0.70786558 -0.37919330
vn -0.59593521 0.70786558 -0.37919330
vn -0.59593521 0.70786558 -0.37919330
vn -0.60773271 0.70749149 -0.36071699
vn -0.60773271 0.70749149 -0.36071699
vn -0.60773271 0.70749149 -0.36071699
vn -0.61453826 0.70679866 -0.35039746
vn -0.61453826 0.70679866 -0.35039746
vn -0.61453826 0.70679866 -0.35039746
vn -0.62008472 0.70737247 -0.33929209
vn -0.62008472 0.70737247 -0.33929209
vn -0.62008472 0.70737247 -0.33929209
vn -0.62506601 0.70675712 -0.33134099
vn -0.62506601 0.70675712 -0.33134099
vn -0.62506601 0.70675712 -0.33134099
vn -0.63805803 0.70802879 -0.30261722
vn -0.63805803 0.70802879 -0.30261722
vn -0.63805803 0.70802879 -0.30261722
vn -0.63911702 0.70763280 -0.30130590
vn -0.63911702 0.70763280 -0.30130590
vn -0.63911702 0.70763280 -0.30130590
vn -0.64936926 0.70715868 -0.27972516
vn -0.64936926 0.70715868 -0.27972516
vn -0.64936926 0.70715868 -0.27972516
vn -0.65622924 0.70693479 -0.26383022
vn -0.65622924 0.70693479 -0.26383022
vn -0.65622924 0.70693479 -0.26383022
vn -0.65853880 0.70627255 -0.25981865
vn -0.65853880 0.70627255 -0.25981865
vn -0.65853880 0.70627255 -0.25981865
vn -0.66780192 0.70793753 -0.22992401
vn -0.66780192 0.70793753 -0.22992401
vn -0.66780192 0.70793753 -0.22992401
vn -0.66701179 0.70820545 -0.23138781
vn -0.66701179 0.70820545 -0.23138781
vn -0.66701179 0.70820545 -0.23138781
vn -0.67743755 0.70626594 -0.20558889
vn -0.67743755 0.70626594 -0.20558889
vn -0.67743755 0.70626594 -0.20558889
vn -0.68043874 0.70805547 -0.18884006
vn -0.68043874 0.70805547 -0.18884006
vn -0.68043874 0.70805547 -0.18884006
vn -0.68223025 0.70759343 -0.18404731
vn -0.68223025 0.70759343 -0.18404731
vn -0.68223025 0.70759343 -0.18404731
vn -0.69137612 0.70572705 -0.15475269
vn -0.69137612 0.70572705 -0.15475269
vn -0.69137612 0.70572705 -0.15475269
vn -0.68825466 0.70725056 -0.16156167
vn -0.68825466 0.70725056 -0.16156167
vn -0.68825466 0.70725056 -0.16156167
vn -0.69308052 0.70709020 -0.14022426
vn -0.69308052 0.70709020 -0.14022426
vn -0.69308052 0.70709020 -0.14022426
vn -0.69808326 0.70715460 -0.11230379
vn -0.69808326 0.70715460 -0.11230379
vn -0.69808326 0.70715460 -0.11230379
vn -0.69644769 0.70817415 -0.11597409
vn -0.69644769 0.70817415 -0.11597409
vn -0.69644769 0.70817415 -0.11597409
vn -0.70347154 0.70647788 -0.07756805
vn -0.70347154 0.70647788 -0.07756805
vn -0.70347154 0.70647788 -0.07756805
vn -0.70206754 0.70720835 -0.08341171
vn -0.70206754 0.70720835 -0.08341171
vn -0.70206754 0.70720835 -0.08341171
vn -0.70452589 0.70699263 -0.06168226
vn -0.70452589 0.70699263 -0.06168226
vn -0.70452589 0.70699263 -0.06168226
vn -0.70405713 0.70927524 -0.03510259
vn -0.70405713 0.70927524 -0.03510259
vn -0.70405713 0.70927524 -0.03510259
vn -0.70581390 0.70779560 -0.02919126
vn -0.70581390 0.70779560 -0.02919126
vn -0.70581390 0.70779560 -0.02919126
vn -0.70710125 0.70710195 -0.00382651
vn -0.70710125 0.70710195 -0.00382651
vn -0.70710125 0.70710195 -0.00382651
vn -0.28505736 0.64601061 -0.70810493
vn -0.28505736 0.64601061 -0.70810493
vn -0.28505736 0.64601061 -0.70810493
vn 0.29632245 0.70724611 -0.64186911
vn 0.29632245 0.70724611 -0.64186911
vn 0.29632245 0.70724611 -0.64186911
vn 0.29003925 0.70649865 -0.64555162
vn 0.29003925 0.70649865 -0.64555162
vn 0.29003925 0.70649865 -0.64555162
vn 0.27275083 0.71263836 -0.64633858
vn 0.27275083 0.71263836 -0.64633858
vn 0.27275083 0.71263836 -0.64633858
vn 0.26926363 0.71429848 -0.64596810
vn 0.26926363 0.71429848 -0.64596810
vn 0.26926363 0.71429848 -0.64596810
vn 0.27782002 0.70507746 -0.65244296
vn 0.27782002 0.70507746 -0.65244296
vn 0.27782002 0.70507746 -0.65244296
vn 0.27461193 0.69595787 -0.66349901
vn 0.27461193 0.69595787 -0.66349901
vn 0.27461193 0.69595787 -0.66349901
vn 0.24395447 0.70875908 -0.66192657
vn 0.24395447 0.70875908 -0.66192657
vn 0.24395447 0.70875908 -0.66192657
vn 0.19500759 0.70384908 -0.68305821
vn 0.19500759 0.70384908 -0.68305821
vn 0.19500759 0.70384908 -0.68305821
vn 0.18608965 0.68341066 -0.70591820
vn 0.18608965 0.68341066 -0.70591820
vn 0.18608965 0.68341066 -0.70591820
vn 0.21695146 0.70723877 -0.67286357
vn 0.21695146 0.70723877 -0.67286357
vn 0.21695146 0.70723877 -0.67286357
vn -0.01522724 0.68998749 -0.72366111
vn -0.01522724 0.68998749 -0.72366111
vn -0.01522724 0.68998749 -0.72366111
vn 0.03236558 0.71395391 -0.69944427
vn 0.03236558 0.71395391 -0.69944427
vn 0.03236558 0.71395391 -0.69944427
vn 0.09457477 0.69321445 -0.71449937
vn 0.09457477 0.69321445 -0.71449937
vn 0.09457477 0.69321445 -0.71449937
vn 0.10294980 0.70336920 -0.70333001
vn 0.10294980 0.70336920 -0.70333001
vn 0.10294980 0.70336920 -0.70333001
vn 0.14151445 0.71054630 -0.68927325
vn 0.14151445 0.71054630 -0.68927325
vn 0.14151445 0.71054630 -0.68927325
vn -0.11094618 0.67841932 -0.72624938
vn -0.11094618 0.67841932 -0.72624938
vn -0.11094618 0.67841932 -0.72624938
vn -0.08683372 0.69631949 -0.71245987
vn -0.08683372 0.69631949 -0.71245987
vn -0.08683372 0.69631949 -0.71245987
vn -0.03448612 0.70101223 -0.71231493
vn -0.03448612 0.70101223 -0.71231493
vn -0.03448612 0.70101223 -0.71231493
vn -0.12621731 0.65920899 -0.74129124
vn -0.12621731 0.65920899 -0.74129124
vn -0.12621731 0.65920899 -0.74129124
vn -0.11596974 0.68015134 -0.72384057
vn -0.11596974 0.68015134 -0.72384057
vn -0.11596974 0.68015134 -0.72384057
vn -0.15933547 0.68477152 -0.71112599
vn -0.15933547 0.68477152 -0.71112599
vn -0.15933547 0.68477152 -0.71112599
vn -0.27650790 0.65047656 -0.70740626
vn -0.27650790 0.65047656 -0.70740626
vn -0.27650790 0.65047656 -0.70740626
vn -0.26674672 0.65249466 -0.70929324
vn -0.26674672 0.65249466 -0.70929324
vn -0.26674672 0.65249466 -0.70929324
vn -0.24989735 0.64503564 -0.72213596
vn -0.24989735 0.64503564 -0.72213596
vn -0.24989735 0.64503564 -0.72213596
vn -0.24550817 0.65817491 -0.71171028
vn -0.24550817 0.65817491 -0.71171028
vn -0.24550817 0.65817491 -0.71171028
vn -0.20007331 0.68061140 -0.70479699
vn -0.20007331 0.68061140 -0.70479699
vn -0.20007331 0.68061140 -0.70479699
vn -0.20674401 0.64875346 -0.73237686
vn -0.20674401 0.64875346 -0.73237686
vn -0.20674401 0.64875346 -0.73237686
vn -0.18287246 0.67636942 -0.71349988
vn -0.18287246 0.67636942 -0.71349988
vn -0.18287246 0.67636942 -0.71349988
vn -0.28898799 0.64540250 -0.70706545
vn -0.28898799 0.64540250 -0.70706545
vn -0.28898799 0.64540250 -0.70706545
vn -0.29385084 0.64316575 -0.70709936
vn -0.29385084 0.64316575 -0.70709936
vn -0.29385084 0.64316575 -0.70709936
vn -0.29035823 0.64844662 -0.70371093
vn -0.29035823 0.64844662 -0.70371093
vn -0.29035823 0.64844662 -0.70371093
vn -0.28017430 0.64831410 -0.70794858
vn -0.28017430 0.64831410 -0.70794858
vn -0.28017430 0.64831410 -0.70794858
vn -0.22959638 0.66573004 -0.70999227
vn -0.22959638 0.66573004 -0.70999227
vn -0.22959638 0.66573004 -0.70999227
vn -0.25695959 0.66630891 -0.70000300
vn -0.25695959 0.66630891 -0.70000300
vn -0.25695959 0.66630891 -0.70000300
vn -0.25603245 0.66774505 -0.69897349
vn -0.25603245 0.66774505 -0.69897349
vn -0.25603245 0.66774505 -0.69897349
vn -0.26598201 0.65682233 -0.70557636
vn -0.26598201 0.65682233 -0.70557636
vn -0.26598201 0.65682233 -0.70557636
vn -0.19076285 0.68526528 -0.70286630
vn -0.19076285 0.68526528 -0.70286630
vn -0.19076285 0.68526528 -0.70286630
vn -0.19497725 0.67992294 -0.70688660
vn -0.19497725 0.67992294 -0.70688660
vn -0.19497725 0.67992294 -0.70688660
vn -0.15847823 0.68732486 -0.70885061
vn -0.15847823 0.68732486 -0.70885061
vn -0.15847823 0.68732486 -0.70885061
vn -0.11522812 0.70487016 -0.69991466
vn -0.11522812 0.70487016 -0.69991466
vn -0.11522812 0.70487016 -0.69991466
vn -0.11692760 0.70359819 -0.70091193
vn -0.11692760 0.70359819 -0.70091193
vn -0.11692760 0.70359819 -0.70091193
vn -0.14216028 0.69169087 -0.70806369
vn -0.14216028 0.69169087 -0.70806369
vn -0.14216028 0.69169087 -0.70806369
vn -0.01019473 0.71228287 -0.70181848
vn -0.01019473 0.71228287 -0.70181848
vn -0.01019473 0.71228287 -0.70181848
vn -0.00140126 0.71910667 -0.69489829
vn -0.00140126 0.71910667 -0.69489829
vn -0.00140126 0.71910667 -0.69489829
vn -0.06610812 0.70093293 -0.71015684
vn -0.06610812 0.70093293 -0.71015684
vn -0.06610812 0.70093293 -0.71015684
vn 0.09604442 0.72389610 -0.68319097
vn 0.09604442 0.72389610 -0.68319097
vn 0.09604442 0.72389610 -0.68319097
vn 0.08110798 0.71883348 -0.69043459
vn 0.08110798 0.71883348 -0.69043459
vn 0.08110798 0.71883348 -0.69043459
vn 0.05276116 0.71384767 -0.69831065
vn 0.05276116 0.71384767 -0.69831065
vn 0.05276116 0.71384767 -0.69831065
vn 0.25894540 0.71023051 -0.65461431
vn 0.25894540 0.71023051 -0.65461431
vn 0.25894540 0.71023051 -0.65461431
vn 0.23816096 0.70937875 -0.66337104
vn 0.23816096 0.70937875 -0.66337104
vn 0.23816096 0.70937875 -0.66337104
vn 0.19738537 0.71649427 -0.66908518
vn 0.19738537 0.71649427 -0.66908518
vn 0.19738537 0.71649427 -0.66908518
vn 0.19738954 0.71649709 -0.66908093
vn 0.19738954 0.71649709 -0.66908093
vn 0.19738954 0.71649709 -0.66908093
vn 0.13391276 0.71200987 -0.68928174
vn 0.13391276 0.71200987 -0.68928174
vn 0.13391276 0.71200987 -0.68928174
vn -0.29531247 0.64249542 -0.70709984
vn -0.29531247 0.64249542 -0.70709984
vn -0.29531247 0.64249542 -0.70709984
vn -0.28673042 0.63974467 -0.71310057
vn -0.28673042 0.63974467 -0.71310057
vn -0.28673042 0.63974467 -0.71310057
vn -0.28898676 0.64476142 -0.70765059
vn -0.28898676 0.64476142 -0.70765059
vn -0.28898676 0.64476142 -0.70765059
vn -0.25578653 0.65943636 -0.70690659
vn -0.25578653 0.65943636 -0.70690659
vn -0.25578653 0.65943636 -0.70690659
vn -0.25305001 0.65678295 -0.71035333
vn -0.25305001 0.65678295 -0.71035333
vn -0.25305001 0.65678295 -0.71035333
vn -0.19926564 0.67842029 -0.70713444
vn -0.19926564 0.67842029 -0.70713444
vn -0.19926564 0.67842029 -0.70713444
vn -0.19257293 0.67341518 -0.71374202
vn -0.19257293 0.67341518 -0.71374202
vn -0.19257293 0.67341518 -0.71374202
vn -0.12189861 0.69780798 -0.70583621
vn -0.12189861 0.69780798 -0.70583621
vn -0.12189861 0.69780798 -0.70583621
vn -0.10952400 0.68798883 -0.71740914
vn -0.10952400 0.68798883 -0.71740914
vn -0.10952400 0.68798883 -0.71740914
vn -0.02222541 0.71203441 -0.70179272
vn -0.02222541 0.71203441 -0.70179272
vn -0.02222541 0.71203441 -0.70179272
vn -0.00638155 0.70029837 -0.71382173
vn -0.00638155 0.70029837 -0.71382173
vn -0.00638155 0.70029837 -0.71382173
vn 0.08644044 0.71862061 -0.69000904
vn 0.08644044 0.71862061 -0.69000904
vn 0.08644044 0.71862061 -0.69000904
vn 0.10198200 0.70553173 -0.70130211
vn 0.10198200 0.70553173 -0.70130211
vn 0.10198200 0.70553173 -0.70130211
vn 0.19073011 0.71610629 -0.67142669
vn 0.19073011 0.71610629 -0.67142669
vn 0.19073011 0.71610629 -0.67142669
vn 0.20080806 0.70667581 -0.67844338
vn 0.20080806 0.70667581 -0.67844338
vn 0.20080806 0.70667581 -0.67844338
vn 0.26906444 0.71024465 -0.65050508
vn 0.26906444 0.71024465 -0.65050508
vn 0.26906444 0.71024465 -0.65050508
vn 0.27222497 0.70682650 -0.65290877
vn 0.27222497 0.70682650 -0.65290877
vn 0.27222497 0.70682650 -0.65290877
vn 0.29717150 0.70712995 -0.64160450
vn 0.29717150 0.70712995 -0.64160450
vn 0.29717150 0.70712995 -0.64160450
vn 0.29747791 0.70710807 -0.64148661
vn 0.29747791 0.70710807 -0.64148661
vn 0.29747791 0.70710807 -0.64148661
vn -0.28226239 -0.64990573 -0.70565607
vn -0.28226239 -0.64990573 -0.70565607
vn -0.28226239 -0.64990573 -0.70565607
vn -0.29522923 -0.64253084 -0.70710242
vn -0.29522923 -0.64253084 -0.70710242
vn -0.29522923 -0.64253084 -0.70710242
vn 0.28172925 -0.70699444 -0.64868135
vn 0.28172925 -0.70699444 -0.64868135
vn 0.28172925 -0.70699444 -0.64868135
vn 0.26723851 -0.71698126 -0.64383341
vn 0.26723851 -0.71698126 -0.64383341
vn 0.26723851 -0.71698126 -0.64383341
vn 0.25931232 -0.71121710 -0.65339679
vn 0.25931232 -0.71121710 -0.65339679
vn 0.25931232 -0.71121710 -0.65339679
vn 0.25070328 -0.70747321 -0.66077948
vn 0.25070328 -0.70747321 -0.66077948
vn 0.25070328 -0.70747321 -0.66077948
vn 0.11611237 -0.71198025 -0.69253306
vn 0.11611237 -0.71198025 -0.69253306
vn 0.11611237 -0.71198025 -0.69253306
vn 0.13342256 -0.72322635 -0.67760023
vn 0.13342256 -0.72322635 -0.67760023
vn 0.13342256 -0.72322635 -0.67760023
vn 0.13038540 -0.72566870 -0.67557723
vn 0.13038540 -0.72566870 -0.67557723
vn 0.13038540 -0.72566870 -0.67557723
vn 0.15789211 -0.70917855 -0.68712144
vn 0.15789211 -0.70917855 -0.68712144
vn 0.15789211 -0.70917855 -0.68712144
vn 0.20995368 -0.70604791 -0.67632522
vn 0.20995368 -0.70604791 -0.67632522
vn 0.20995368 -0.70604791 -0.67632522
vn 0.18950949 -0.72819416 -0.65864969
vn 0.18950949 -0.72819416 -0.65864969
vn 0.18950949 -0.72819416 -0.65864969
vn 0.23125208 -0.70652655 -0.66883683
vn 0.23125208 -0.70652655 -0.66883683
vn 0.23125208 -0.70652655 -0.66883683
vn -0.04433877 -0.71133240 -0.70145584
vn -0.04433877 -0.71133240 -0.70145584
vn -0.04433877 -0.71133240 -0.70145584
vn -0.02890121 -0.72577138 -0.68732861
vn -0.02890121 -0.72577138 -0.68732861
vn -0.02890121 -0.72577138 -0.68732861
vn -0.01912027 -0.71897874 -0.69476901
vn -0.01912027 -0.71897874 -0.69476901
vn -0.01912027 -0.71897874 -0.69476901
vn 0.01084337 -0.70858532 -0.70554183
vn 0.01084337 -0.70858532 -0.70554183
vn 0.01084337 -0.70858532 -0.70554183
vn 0.05727327 -0.71570758 -0.69604772
vn 0.05727327 -0.71570758 -0.69604772
vn 0.05727327 -0.71570758 -0.69604772
vn 0.04863534 -0.72503017 -0.68699771
vn 0.04863534 -0.72503017 -0.68699771
vn 0.04863534 -0.72503017 -0.68699771
vn 0.09281281 -0.70848601 -0.69959514
vn 0.09281281 -0.70848601 -0.69959514
vn 0.09281281 -0.70848601 -0.69959514
vn -0.08289462 -0.69876602 -0.71053116
vn -0.08289462 -0.69876602 -0.71053116
vn -0.08289462 -0.69876602 -0.71053116
vn -0.11540966 -0.71631441 -0.68816733
vn -0.11540966 -0.71631441 -0.68816733
vn -0.11540966 -0.71631441 -0.68816733
vn -0.12994517 -0.69818965 -0.70402093
vn -0.12994517 -0.69818965 -0.70402093
vn -0.12994517 -0.69818965 -0.70402093
vn -0.21930778 -0.67321907 -0.70617291
vn -0.21930778 -0.67321907 -0.70617291
vn -0.21930778 -0.67321907 -0.70617291
vn -0.19528656 -0.69181349 -0.69516707
vn -0.19528656 -0.69181349 -0.69516707
vn -0.19528656 -0.69181349 -0.69516707
vn -0.18910072 -0.68782563 -0.70081155
vn -0.18910072 -0.68782563 -0.70081155
vn -0.18910072 -0.68782563 -0.70081155
vn -0.15501961 -0.68989207 -0.70711940
vn -0.15501961 -0.68989207 -0.70711940
vn -0.15501961 -0.68989207 -0.70711940
vn -0.25884187 -0.65177153 -0.71287780
vn -0.25884187 -0.65177153 -0.71287780
vn -0.25884187 -0.65177153 -0.71287780
vn -0.28811346 -0.67259394 -0.68162161
vn -0.28811346 -0.67259394 -0.68162161
vn -0.28811346 -0.67259394 -0.68162161
vn -0.24183015 -0.66409213 -0.70746012
vn -0.24183015 -0.66409213 -0.70746012
vn -0.24183015 -0.66409213 -0.70746012
vn -0.25852630 -0.65123914 -0.71347862
vn -0.25852630 -0.65123914 -0.71347862
vn -0.25852630 -0.65123914 -0.71347862
vn -0.26000031 -0.65129241 -0.71289412
vn -0.26000031 -0.65129241 -0.71289412
vn -0.26000031 -0.65129241 -0.71289412
vn -0.24647180 -0.66192447 -0.70788957
vn -0.24647180 -0.66192447 -0.70788957
vn -0.24647180 -0.66192447 -0.70788957
vn -0.17119419 -0.68391152 -0.70919503
vn -0.17119419 -0.68391152 -0.70919503
vn -0.17119419 -0.68391152 -0.70919503
vn -0.19010720 -0.67590322 -0.71204922
vn -0.19010720 -0.67590322 -0.71204922
vn -0.19010720 -0.67590322 -0.71204922
vn -0.19345360 -0.67261225 -0.71426079
vn -0.19345360 -0.67261225 -0.71426079
vn -0.19345360 -0.67261225 -0.71426079
vn -0.21230810 -0.67205299 -0.70941528
vn -0.21230810 -0.67205299 -0.70941528
vn -0.21230810 -0.67205299 -0.70941528
vn -0.22694493 -0.66994320 -0.70687489
vn -0.22694493 -0.66994320 -0.70687489
vn -0.22694493 -0.66994320 -0.70687489
vn -0.14872322 -0.69167665 -0.70672825
vn -0.14872322 -0.69167665 -0.70672825
vn -0.14872322 -0.69167665 -0.70672825
vn -0.11508376 -0.68710765 -0.71738330
vn -0.11508376 -0.68710765 -0.71738330
vn -0.11508376 -0.68710765 -0.71738330
vn -0.10297936 -0.69641299 -0.71021419
vn -0.10297936 -0.69641299 -0.71021419
vn -0.10297936 -0.69641299 -0.71021419
vn -0.05256312 -0.70324252 -0.70900429
vn -0.05256312 -0.70324252 -0.70900429
vn -0.05256312 -0.70324252 -0.70900429
vn -0.03097363 -0.69490708 -0.71843217
vn -0.03097363 -0.69490708 -0.71843217
vn -0.03097363 -0.69490708 -0.71843217
vn -0.01070054 -0.70369477 -0.71042183
vn -0.01070054 -0.70369477 -0.71042183
vn -0.01070054 -0.70369477 -0.71042183
vn 0.09671749 -0.70757579 -0.69998731
vn 0.09671749 -0.70757579 -0.69998731
vn 0.09671749 -0.70757579 -0.69998731
vn 0.07037341 -0.70508770 -0.70561953
vn 0.07037341 -0.70508770 -0.70561953
vn 0.07037341 -0.70508770 -0.70561953
vn 0.05259630 -0.69817031 -0.71399709
vn 0.05259630 -0.69817031 -0.71399709
vn 0.05259630 -0.69817031 -0.71399709
vn 0.04413963 -0.70167059 -0.71113296
vn 0.04413963 -0.70167059 -0.71113296
vn 0.04413963 -0.70167059 -0.71113296
vn 0.01641156 -0.70626861 -0.70775371
vn 0.01641156 -0.70626861 -0.70775371
vn 0.01641156 -0.70626861 -0.70775371
vn 0.13870348 -0.69960545 -0.70093763
vn 0.13870348 -0.69960545 -0.70093763
vn 0.13870348 -0.69960545 -0.70093763
vn 0.13220947 -0.70360990 -0.69817889
vn 0.13220947 -0.70360990 -0.69817889
vn 0.13220947 -0.70360990 -0.69817889
vn 0.18693775 -0.70847712 -0.68052513
vn 0.18693775 -0.70847712 -0.68052513
vn 0.18693775 -0.70847712 -0.68052513
vn 0.20845313 -0.69976922 -0.68327910
vn 0.20845313 -0.69976922 -0.68327910
vn 0.20845313 -0.69976922 -0.68327910
vn 0.22443798 -0.70604582 -0.67165981
vn 0.22443798 -0.70604582 -0.67165981
vn 0.22443798 -0.70604582 -0.67165981
vn 0.25614707 -0.70768218 -0.65846382
vn 0.25614707 -0.70768218 -0.65846382
vn 0.25614707 -0.70768218 -0.65846382
vn 0.24818082 -0.70338957 -0.66607011
vn 0.24818082 -0.70338957 -0.66607011
vn 0.24818082 -0.70338957 -0.66607011
vn 0.28395330 -0.71079471 -0.64353819
vn 0.28395330 -0.71079471 -0.64353819
vn 0.28395330 -0.71079471 -0.64353819
vn 0.27848544 -0.70692743 -0.65015342
vn 0.27848544 -0.70692743 -0.65015342
vn 0.27848544 -0.70692743 -0.65015342
vn -0.29536612 -0.64246715 -0.70710312
vn -0.29536612 -0.64246715 -0.70710312
vn -0.29536612 -0.64246715 -0.70710312
vn -0.29521773 -0.64250582 -0.70712995
vn -0.29521773 -0.64250582 -0.70712995
vn -0.29521773 -0.64250582 -0.70712995
vn -0.26238296 -0.65720678 -0.70656523
vn -0.26238296 -0.65720678 -0.70656523
vn -0.26238296 -0.65720678 -0.70656523
vn -0.26051817 -0.65593751 -0.70843226
vn -0.26051817 -0.65593751 -0.70843226
vn -0.26051817 -0.65593751 -0.70843226
vn -0.19636031 -0.68182753 -0.70466577
vn -0.19636031 -0.68182753 -0.70466577
vn -0.19636031 -0.68182753 -0.70466577
vn -0.19060499 -0.67695495 -0.71091612
vn -0.19060499 -0.67695495 -0.71091612
vn -0.19060499 -0.67695495 -0.71091612
vn -0.11870090 -0.70149514 -0.70271948
vn -0.11870090 -0.70149514 -0.70271948
vn -0.11870090 -0.70149514 -0.70271948
vn -0.10929440 -0.69203516 -0.71354192
vn -0.10929440 -0.69203516 -0.71354192
vn -0.10929440 -0.69203516 -0.71354192
vn -0.03488262 -0.71273888 -0.70056156
vn -0.03488262 -0.71273888 -0.70056156
vn -0.03488262 -0.71273888 -0.70056156
vn -0.02316634 -0.69982636 -0.71393724
vn -0.02316634 -0.69982636 -0.71393724
vn -0.02316634 -0.69982636 -0.71393724
vn 0.04878605 -0.71545617 -0.69695222
vn 0.04878605 -0.71545617 -0.69695222
vn 0.04878605 -0.71545617 -0.69695222
vn 0.06013195 -0.70280996 -0.70883165
vn 0.06013195 -0.70280996 -0.70883165
vn 0.06013195 -0.70280996 -0.70883165
vn 0.12963716 -0.71375408 -0.68829450
vn 0.12963716 -0.71375408 -0.68829450
vn 0.12963716 -0.71375408 -0.68829450
vn 0.13837291 -0.70398476 -0.69660491
vn 0.13837291 -0.70398476 -0.69660491
vn 0.13837291 -0.70398476 -0.69660491
vn 0.20506029 -0.71073360 -0.67291012
vn 0.20506029 -0.71073360 -0.67291012
vn 0.20506029 -0.71073360 -0.67291012
vn 0.21020161 -0.70524870 -0.67708164
vn 0.21020161 -0.70524870 -0.67708164
vn 0.21020161 -0.70524870 -0.67708164
vn 0.25611173 -0.70777862 -0.65837391
vn 0.25611173 -0.70777862 -0.65837391
vn 0.25611173 -0.70777862 -0.65837391
vn 0.27543973 -0.69559865 -0.66353257
vn 0.27543973 -0.69559865 -0.66353257
vn 0.27543973 -0.69559865 -0.66353257
vn 0.28548273 -0.70702867 -0.64700083
vn 0.28548273 -0.70702867 -0.64700083
vn 0.28548273 -0.70702867 -0.64700083
vn -0.29590244 -0.64197375 0.70732697
vn -0.29590244 -0.64197375 0.70732697
vn -0.29590244 -0.64197375 0.70732697
vn -0.28975329 -0.64570149 0.70647903
vn -0.28975329 -0.64570149 0.70647903
vn -0.28975329 -0.64570149 0.70647903
vn -0.27186203 -0.64648349 0.71284650
vn -0.27186203 -0.64648349 0.71284650
vn -0.27186203 -0.64648349 0.71284650
vn -0.26903297 -0.64616927 0.71420343
vn -0.26903297 -0.64616927 0.71420343
vn -0.26903297 -0.64616927 0.71420343
vn -0.27671299 -0.65356036 0.70447766
vn -0.27671299 -0.65356036 0.70447766
vn -0.27671299 -0.65356036 0.70447766
vn -0.27398939 -0.66305786 0.69662334
vn -0.27398939 -0.66305786 0.69662334
vn -0.27398939 -0.66305786 0.69662334
vn -0.24221370 -0.66201166 0.70927645
vn -0.24221370 -0.66201166 0.70927645
vn -0.24221370 -0.66201166 0.70927645
vn -0.19348315 -0.68206365 0.70523290
vn -0.19348315 -0.68206365 0.70523290
vn -0.19348315 -0.68206365 0.70523290
vn -0.18387875 -0.70707237 0.68281569
vn -0.18387875 -0.70707237 0.68281569
vn -0.18387875 -0.70707237 0.68281569
vn -0.21504436 -0.67298125 0.70770910
vn -0.21504436 -0.67298125 0.70770910
vn -0.21504436 -0.67298125 0.70770910
vn 0.01573139 -0.72277396 0.69090544
vn 0.01573139 -0.72277396 0.69090544
vn 0.01573139 -0.72277396 0.69090544
vn -0.03219019 -0.69869384 0.71469623
vn -0.03219019 -0.69869384 0.71469623
vn -0.03219019 -0.69869384 0.71469623
vn -0.09346990 -0.71404752 0.69382960
vn -0.09346990 -0.71404752 0.69382960
vn -0.09346990 -0.71404752 0.69382960
vn -0.10160207 -0.70325001 0.70364511
vn -0.10160207 -0.70325001 0.70364511
vn -0.10160207 -0.70325001 0.70364511
vn -0.13899232 -0.68909339 0.71121828
vn -0.13899232 -0.68909339 0.71121828
vn -0.13899232 -0.68909339 0.71121828
vn 0.11003816 -0.72531560 0.67956521
vn 0.11003816 -0.72531560 0.67956521
vn 0.11003816 -0.72531560 0.67956521
vn 0.08604282 -0.71169101 0.69720337
vn 0.08604282 -0.71169101 0.69720337
vn 0.08604282 -0.71169101 0.69720337
vn 0.03396300 -0.71189864 0.70146050
vn 0.03396300 -0.71189864 0.70146050
vn 0.03396300 -0.71189864 0.70146050
vn 0.12491092 -0.73993655 0.66097744
vn 0.12491092 -0.73993655 0.66097744
vn 0.12491092 -0.73993655 0.66097744
vn 0.11502142 -0.72343652 0.68074200
vn 0.11502142 -0.72343652 0.68074200
vn 0.11502142 -0.72343652 0.68074200
vn 0.15735083 -0.71085224 0.68551427
vn 0.15735083 -0.71085224 0.68551427
vn 0.15735083 -0.71085224 0.68551427
vn 0.19837901 -0.70505735 0.68083765
vn 0.19837901 -0.70505735 0.68083765
vn 0.19837901 -0.70505735 0.68083765
vn 0.20495109 -0.73217120 0.64955399
vn 0.20495109 -0.73217120 0.64955399
vn 0.20495109 -0.73217120 0.64955399
vn 0.18094161 -0.71327632 0.67712408
vn 0.18094161 -0.71327632 0.67712408
vn 0.18094161 -0.71327632 0.67712408
vn 0.28459628 -0.70812036 0.64619696
vn 0.28459628 -0.70812036 0.64619696
vn 0.28459628 -0.70812036 0.64619696
vn 0.26889491 -0.70696340 0.65413935
vn 0.26889491 -0.70696340 0.65413935
vn 0.26889491 -0.70696340 0.65413935
vn 0.24867462 -0.72251330 0.64508562
vn 0.24867462 -0.72251330 0.64508562
vn 0.24867462 -0.72251330 0.64508562
vn 0.24676314 -0.71802545 0.65080520
vn 0.24676314 -0.71802545 0.65080520
vn 0.24676314 -0.71802545 0.65080520
vn 0.23579642 -0.71061546 0.66289193
vn 0.23579642 -0.71061546 0.66289193
vn 0.23579642 -0.71061546 0.66289193
vn 0.28861945 -0.70706335 0.64556969
vn 0.28861945 -0.70706335 0.64556969
vn 0.28861945 -0.70706335 0.64556969
vn 0.29346873 -0.70709786 0.64334184
vn 0.29346873 -0.70709786 0.64334184
vn 0.29346873 -0.70709786 0.64334184
vn 0.28998767 -0.70371194 0.64861133
vn 0.28998767 -0.70371194 0.64861133
vn 0.28998767 -0.70371194 0.64861133
vn 0.27893402 -0.70825607 0.64851303
vn 0.27893402 -0.70825607 0.64851303
vn 0.27893402 -0.70825607 0.64851303
vn 0.25951251 -0.70476509 0.66027224
vn 0.25951251 -0.70476509 0.66027224
vn 0.25951251 -0.70476509 0.66027224
vn 0.25565407 -0.70041544 0.66637767
vn 0.25565407 -0.70041544 0.66637767
vn 0.25565407 -0.70041544 0.66637767
vn 0.22723014 -0.71060605 0.66588701
vn 0.22723014 -0.71060605 0.66588701
vn 0.22723014 -0.71060605 0.66588701
vn 0.18836913 -0.70300293 0.68578710
vn 0.18836913 -0.70300293 0.68578710
vn 0.18836913 -0.70300293 0.68578710
vn 0.19316739 -0.70768843 0.67960536
vn 0.19316739 -0.70768843 0.67960536
vn 0.19316739 -0.70768843 0.67960536
vn 0.15652245 -0.70933937 0.68726878
vn 0.15652245 -0.70933937 0.68726878
vn 0.15652245 -0.70933937 0.68726878
vn 0.06539800 -0.71057523 0.70057543
vn 0.06539800 -0.71057523 0.70057543
vn 0.06539800 -0.71057523 0.70057543
vn 0.11418429 -0.70059104 0.70436790
vn 0.11418429 -0.70059104 0.70436790
vn 0.11418429 -0.70059104 0.70436790
vn 0.11706293 -0.70227719 0.70221295
vn 0.11706293 -0.70227719 0.70221295
vn 0.11706293 -0.70227719 0.70221295
vn 0.14223427 -0.70868684 0.69103718
vn 0.14223427 -0.70868684 0.69103718
vn 0.14223427 -0.70868684 0.69103718
vn 0.00129911 -0.69502316 0.71898617
vn 0.00129911 -0.69502316 0.71898617
vn 0.00129911 -0.69502316 0.71898617
vn 0.01051557 -0.70238918 0.71171543
vn 0.01051557 -0.70238918 0.71171543
vn 0.01051557 -0.70238918 0.71171543
vn -0.05215053 -0.69867504 0.71353592
vn -0.05215053 -0.69867504 0.71353592
vn -0.05215053 -0.69867504 0.71353592
vn -0.09561114 -0.68507553 0.72217036
vn -0.09561114 -0.68507553 0.72217036
vn -0.09561114 -0.68507553 0.72217036
vn -0.10363654 -0.67943617 0.72637866
vn -0.10363654 -0.67943617 0.72637866
vn -0.10363654 -0.67943617 0.72637866
vn -0.07968777 -0.69105037 0.71840048
vn -0.07968777 -0.69105037 0.71840048
vn -0.07968777 -0.69105037 0.71840048
vn -0.25808706 -0.65513288 0.71006477
vn -0.25808706 -0.65513288 0.71006477
vn -0.25808706 -0.65513288 0.71006477
vn -0.23704790 -0.66397749 0.70918417
vn -0.23704790 -0.66397749 0.70918417
vn -0.23704790 -0.66397749 0.70918417
vn -0.19644310 -0.66930985 0.71654340
vn -0.19644310 -0.66930985 0.71654340
vn -0.19644310 -0.66930985 0.71654340
vn -0.19564297 -0.67011150 0.71601285
vn -0.19564297 -0.67011150 0.71601285
vn -0.19564297 -0.67011150 0.71601285
vn -0.14391889 -0.68634110 0.71289779
vn -0.14391889 -0.68634110 0.71289779
vn -0.14391889 -0.68634110 0.71289779
vn 0.29521232 -0.70709835 0.64254307
vn 0.29521232 -0.70709835 0.64254307
vn 0.29521232 -0.70709835 0.64254307
vn 0.28635964 -0.71328001 0.63971070
vn 0.28635964 -0.71328001 0.63971070
vn 0.28635964 -0.71328001 0.63971070
vn 0.28861890 -0.70782284 0.64473712
vn 0.28861890 -0.70782284 0.64473712
vn 0.28861890 -0.70782284 0.64473712
vn 0.25465873 -0.70704114 0.65972855
vn 0.25465873 -0.70704114 0.65972855
vn 0.25465873 -0.70704114 0.65972855
vn 0.25177516 -0.71067900 0.65692056
vn 0.25177516 -0.71067900 0.65692056
vn 0.25177516 -0.71067900 0.65692056
vn 0.19757782 -0.70737282 0.67866539
vn 0.19757782 -0.70737282 0.67866539
vn 0.19757782 -0.70737282 0.67866539
vn 0.19098300 -0.71390212 0.67369819
vn 0.19098300 -0.71390212 0.67369819
vn 0.19098300 -0.71390212 0.67369819
vn 0.12078524 -0.70597428 0.69786191
vn 0.12078524 -0.70597428 0.69786191
vn 0.12078524 -0.70597428 0.69786191
vn 0.10876050 -0.71716625 0.68836307
vn 0.10876050 -0.71716625 0.68836307
vn 0.10876050 -0.71716625 0.68836307
vn 0.02249055 -0.70170178 0.71211572
vn 0.02249055 -0.70170178 0.71211572
vn 0.02249055 -0.70170178 0.71211572
vn 0.00694630 -0.71358572 0.70053349
vn 0.00694630 -0.71358572 0.70053349
vn 0.00694630 -0.71358572 0.70053349
vn -0.08544571 -0.68991881 0.71882617
vn -0.08544571 -0.68991881 0.71882617
vn -0.08544571 -0.68991881 0.71882617
vn -0.10093002 -0.70126642 0.70571846
vn -0.10093002 -0.70126642 0.70571846
vn -0.10093002 -0.70126642 0.70571846
vn -0.18959318 -0.67148342 0.71635497
vn -0.18959318 -0.67148342 0.71635497
vn -0.18959318 -0.67148342 0.71635497
vn -0.19985575 -0.67864486 0.70675231
vn -0.19985575 -0.67864486 0.70675231
vn -0.19985575 -0.67864486 0.70675231
vn -0.26864046 -0.65052422 0.71038760
vn -0.26864046 -0.65052422 0.71038760
vn -0.26864046 -0.65052422 0.71038760
vn -0.27196179 -0.65303845 0.70680801
vn -0.27196179 -0.65303845 0.70680801
vn -0.27196179 -0.65303845 0.70680801
vn -0.29746734 -0.64148046 0.70711810
vn -0.29746734 -0.64148046 0.70711810
vn -0.29746734 -0.64148046 0.70711810
vn -0.29760884 -0.64142573 0.70710821
vn -0.29760884 -0.64142573 0.70710821
vn -0.29760884 -0.64142573 0.70710821
vn 0.29658888 0.70710503 0.64190148
vn 0.29658888 0.70710503 0.64190148
vn 0.29658888 0.70710503 0.64190148
vn 0.29397363 0.70770350 0.64244475
vn 0.29397363 0.70770350 0.64244475
vn 0.29397363 0.70770350 0.64244475
vn 0.28583384 0.70813396 0.64563558
vn 0.28583384 0.70813396 0.64563558
vn 0.28583384 0.70813396 0.64563558
vn 0.28300785 0.70891891 0.64601899
vn 0.28300785 0.70891891 0.64601899
vn 0.28300785 0.70891891 0.64601899
vn 0.26481335 0.71132539 0.65106841
vn 0.26481335 0.71132539 0.65106841
vn 0.26481335 0.71132539 0.65106841
vn 0.25889637 0.71326090 0.65133061
vn 0.25889637 0.71326090 0.65133061
vn 0.25889637 0.71326090 0.65133061
vn 0.23248893 0.71296354 0.66153752
vn 0.23248893 0.71296354 0.66153752
vn 0.23248893 0.71296354 0.66153752
vn 0.24225078 0.71411544 0.65677522
vn 0.24225078 0.71411544 0.65677522
vn 0.24225078 0.71411544 0.65677522
vn 0.21957941 0.71457383 0.66420563
vn 0.21957941 0.71457383 0.66420563
vn 0.21957941 0.71457383 0.66420563
vn 0.22530918 0.71492291 0.66190710
vn 0.22530918 0.71492291 0.66190710
vn 0.22530918 0.71492291 0.66190710
vn 0.20011627 0.71574781 0.66907290
vn 0.20011627 0.71574781 0.66907290
vn 0.20011627 0.71574781 0.66907290
vn 0.19678261 0.71529408 0.67054529
vn 0.19678261 0.71529408 0.67054529
vn 0.19678261 0.71529408 0.67054529
vn 0.11317170 0.72046916 0.68419030
vn 0.11317170 0.72046916 0.68419030
vn 0.11317170 0.72046916 0.68419030
vn 0.14206863 0.72678988 0.67200667
vn 0.14206863 0.72678988 0.67200667
vn 0.14206863 0.72678988 0.67200667
vn 0.10159880 0.70609167 0.70079401
vn 0.10159880 0.70609167 0.70079401
vn 0.10159880 0.70609167 0.70079401
vn 0.15793065 0.71830483 0.67756629
vn 0.15793065 0.71830483 0.67756629
vn 0.15793065 0.71830483 0.67756629
vn 0.08368686 0.71391695 0.69521155
vn 0.08368686 0.71391695 0.69521155
vn 0.08368686 0.71391695 0.69521155
vn 0.04531427 0.71235096 0.70035900
vn 0.04531427 0.71235096 0.70035900
vn 0.04531427 0.71235096 0.70035900
vn 0.03451178 0.71042854 0.70292264
vn 0.03451178 0.71042854 0.70292264
vn 0.03451178 0.71042854 0.70292264
vn 0.01094630 0.70875003 0.70537478
vn 0.01094630 0.70875003 0.70537478
vn 0.01094630 0.70875003 0.70537478
vn 0.00120376 0.70698571 0.70722681
vn 0.00120376 0.70698571 0.70722681
vn 0.00120376 0.70698571 0.70722681
vn -0.02980128 0.70366570 0.70990596
vn -0.02980128 0.70366570 0.70990596
vn -0.02980128 0.70366570 0.70990596
vn -0.03375238 0.70256003 0.71082360
vn -0.03375238 0.70256003 0.71082360
vn -0.03375238 0.70256003 0.71082360
vn -0.07937298 0.69505525 0.71456149
vn -0.07937298 0.69505525 0.71456149
vn -0.07937298 0.69505525 0.71456149
vn -0.08770353 0.69209451 0.71645885
vn -0.08770353 0.69209451 0.71645885
vn -0.08770353 0.69209451 0.71645885
vn -0.11251158 0.68871952 0.71624476
vn -0.11251158 0.68871952 0.71624476
vn -0.11251158 0.68871952 0.71624476
vn -0.15115931 0.68038554 0.71709580
vn -0.15115931 0.68038554 0.71709580
vn -0.15115931 0.68038554 0.71709580
vn -0.13200929 0.68930722 0.71234059
vn -0.13200929 0.68930722 0.71234059
vn -0.13200929 0.68930722 0.71234059
vn -0.16070036 0.67795521 0.71732289
vn -0.16070036 0.67795521 0.71732289
vn -0.16070036 0.67795521 0.71732289
vn -0.20302066 0.66811438 0.71582525
vn -0.20302066 0.66811438 0.71582525
vn -0.20302066 0.66811438 0.71582525
vn -0.20227935 0.66848352 0.71569047
vn -0.20227935 0.66848352 0.71569047
vn -0.20227935 0.66848352 0.71569047
vn -0.23278132 0.65972087 0.71454967
vn -0.23278132 0.65972087 0.71454967
vn -0.23278132 0.65972087 0.71454967
vn -0.22745369 0.66188768 0.71426152
vn -0.22745369 0.66188768 0.71426152
vn -0.22745369 0.66188768 0.71426152
vn -0.24973874 0.65455698 0.71357251
vn -0.24973874 0.65455698 0.71357251
vn -0.24973874 0.65455698 0.71357251
vn -0.25575671 0.65161910 0.71412958
vn -0.25575671 0.65161910 0.71412958
vn -0.25575671 0.65161910 0.71412958
vn -0.27138361 0.64962753 0.71016548
vn -0.27138361 0.64962753 0.71016548
vn -0.27138361 0.64962753 0.71016548
vn -0.28887869 0.64306286 0.70923850
vn -0.28887869 0.64306286 0.70923850
vn -0.28887869 0.64306286 0.70923850
vn -0.28423479 0.64623480 0.70823101
vn -0.28423479 0.64623480 0.70823101
vn -0.28423479 0.64623480 0.70823101
vn -0.29742512 0.64109567 0.70748473
vn -0.29742512 0.64109567 0.70748473
vn -0.29742512 0.64109567 0.70748473
vn -0.29560936 0.64235699 0.70710155
vn -0.29560936 0.64235699 0.70710155
vn -0.29560936 0.64235699 0.70710155
f 1//1 2//2 3//3
f 4//4 5//5 6//6
f 7//7 8//8 9//9
f 10//10 11//11 12//12
f 13//13 14//14 15//15
f 16//16 17//17 18//18
f 19//19 20//20 21//21
f 22//22 23//23 24//24
f 25//25 26//26 27//27
f 28//28 29//29 30//30
f 31//31 32//32 33//33
f 34//34 35//35 36//36
f 37//37 38//38 39//39
f 40//40 41//41 42//42
f 43//43 44//44 45//45
f 46//46 47//47 48//48
f 49//49 50//50 51//51
f 52//52 53//53 54//54
f 55//55 56//56 57//57
f 58//58 59//59 60//60
f 61//61 62//62 63//63
f 64//64 65//65 66//66
f 67//67 68//68 69//69
f 70//70 71//71 72//72
f 73//73 74//74 75//75
f 76//76 77//77 78//78
f 79//79 80//80 81//81
f 82//82 83//83 84//84
f 85//85 86//86 87//87
f 88//88 89//89 90//90
f 91//91 92//92 93//93
f 94//94 95//95 96//96
f 97//97 98//98 99//99
f 100//100 101//101 102//102
f 103//103 104//104 105//105
f 106//106 107//107 108//108
f 109//109 110//110 111//111
f 112//112 113//113 114//114
f 115//115 116//116 117//117
f 118//118 119//119 120//120
f 121//121 122//122 123//123
f 124//124 125//125 126//126
f 127//127 128//128 129//129
f 130//130 131//131 132//132
f 133//133 134//134 135//135
f 136//136 137//137 138//138
f 139//139 140//140 141//141
f 142//142 143//143 144//144
f 145//145 146//146 147//147
f 148//148 149//149 150//150
f 151//151 152//152 153//153
f 154//154 155//155 156//156
f 157//157 158//158 159//159
f 160//160 161//161 162//162
f 163//163 164//164 165//165
f 166//166 167//167 168//168
f 169//169 170//170 171//171
f 172//172 173//173 174//174
f 175//175 176//176 177//177
f 178//178 179//179 180//180
f 181//181 182//182 183//183
f 184//184 185//185 186//186
f 187//187 188//188 189//189
f 190//190 191//191 192//192
f 193//193 194//194 195//195
f 196//196 197//197 198//198
f 199//199 200//200 201//201
f 202//202 203//203 204//204
f 205//205 206//206 207//207
f 208//208 209//209 210//210
f 211//211 212//212 213//213
f 214//214 215//215 216//216
f 217//217 218//218 219//219
f 220//220 221//221 222//222
f 223//223 224//224 225//225
f 226//226 227//227 228//228
f 229//229 230//230 231//231
f 232//232 233//233 234//234
f 235//235 236//236 237//237
f 238//238 239//239 240//240
f 241//241 242//242 243//243
f 244//244 245//245 246//246
f 247//247 248//248 249//249
f 250//250 251//251 252//252
f 253//253 254//254 255//255
f 256//256 257//257 258//258
f 259//259 260//260 261//261
f 262//262 263//263 264//264
f 265//265 266//266 267//267
f 268//268 269//269 270//270
f 271//271 272//272 273//273
f 274//274 275//275 276//276
f 277//277 278//278 279//279
f 280//280 281//281 282//282
f 283//283 284//284 285//285
f 286//286 287//287 288//288
f 289//289 290//290 291//291
f 292//292 293//293 294//294
f 295//295 296//296 297//297
f 298//298 299//299 300//300
f 301//301 302//302 303//303
f 304//304 305//305 306//306
f 307//307 308//308 309//309
f 310//310 311//311 312//312
f 313//313 314//314 315//315
f 316//316 317//317 318//318
f 319//319 320//320 321//321
f 322//322 323//323 324//324
f 325//325 326//326 327//327
f 328//328 329//329 330//330
f 331//331 332//332 333//333
f 334//334 335//335 336//336
f 337//337 338//338 339//339
f 340//340 341//341 342//342
f 343//343 344//344 345//345
f 346//346 347//347 348//348
f 349//349 350//350 351//351
f 352//352 353//353 354//354
f 355//355 356//356 357//357
f 358//358 359//359 360//360
f 361//361 362//362 363//363
f 364//364 365//365 366//366
f 367//367 368//368 369//369
f 370//370 371//371 372//372
f 373//373 374//374 375//375
f 376//376 377//377 378//378
f 379//379 380//380 381//381
f 382//382 383//383 384//384
f 385//385 386//386 387//387
f 388//388 389//389 390//390
f 391//391 392//392 393//393
f 394//394 395//395 396//396
f 397//397 398//398 399//399
f 400//400 401//401 402//402
f 403//403 404//404 405//405
f 406//406 407//407 408//408
f 409//409 410//410 411//411
f 412//412 413//413 414//414
f 415//415 416//416 417//417
f 418//418 419//419 420//420
f 421//421 422//422 423//423
f 424//424 425//425 426//426
f 427//427 428//428 429//429
f 430//430 431//431 432//432
f 433//433 434//434 435//435
f 436//436 437//437 438//438
f 439//439 440//440 441//441
f 442//442 443//443 444//444
f 445//445 446//446 447//447
f 448//448 449//449 450//450
f 451//451 452//452 453//453
f 454//454 455//455 456//456
f 457//457 458//458 459//459
f 460//460 461//461 462//462
f 463//463 464//464 465//465
f 466//466 467//467 468//468
f 469//469 470//470 471//471
f 472//472 473//473 474//474
f 475//475 476//476 477//477
f 478//478 479//479 480//480
f 481//481 482//482 483//483
f 484//484 485//485 486//486
f 487//487 488//488 489//489
f 490//490 491//491 492//492
f 493//493 494//494 495//495
f 496//496 497//497 498//498
f 499//499 500//500 501//501
f 502//502 503//503 504//504
f 505//505 506//506 507//507
f 508//508 509//509 510//510
f 511//511 512//512 513//513
f 514//514 515//515 516//516
f 517//517 518//518 519//519
f 520//520 521//521 522//522
f 523//523 524//524 525//525
f 526//526 527//527 528//528
f 529//529 530//530 531//531
f 532//532 533//533 534//534
f 535//535 536//536 537//537
f 538//538 539//539 540//540
f 541//541 542//542 543//543
f 544//544 545//545 546//546
f 547//547 548//548 549//549
f 550//550 551//551 552//552
f 553//553 554//554 555//555
f 556//556 557//557 558//558
f 559//559 560//560 561//561
f 562//562 563//563 564//564
f 565//565 566//566 567//567
f 568//568 569//569 570//570
f 571//571 572//572 573//573
f 574//574 575//575 576//576
f 577//577 578//578 579//579
f 580//580 581//581 582//582
f 583//583 584//584 585//585
f 586//586 587//587 588//588
f 589//589 590//590 591//591
f 592//592 593//593 594//594
f 595//595 596//596 597//597
f 598//598 599//599 600//600
f 601//601 602//602 603//603
f 604//604 605//605 606//606
f 607//607 608//608 609//609
f 610//610 611//611 612//612
f 613//613 614//614 615//615
f 616//616 617//617 618//618
f 619//619 620//620 621//621
f 622//622 623//623 624//624
f 625//625 626//626 627//627
f 628//628 629//629 630//630
f 631//631 632//632 633//633
f 634//634 635//635 636//636
f 637//637 638//638 639//639
f 640//640 641//641 642//642
f 643//643 644//644 645//645
f 646//646 647//647 648//648
f 649//649 650//650 651//651
f 652//652 653//653 654//654
f 655//655 656//656 657//657
f 658//658 659//659 660//660
f 661//661 662//662 663//663
f 664//664 665//665 666//666
f 667//667 668//668 669//669
f 670//670 671//671 672//672
f 673//673 674//674 675//675
f 676//676 677//677 678//678
f 679//679 680//680 681//681
f 682//682 683//683 684//684
f 685//685 686//686 687//687
f 688//688 689//689 690//690
f 691//691 692//692 693//693
f 694//694 695//695 696//696
f 697//697 698//698 699//699
f 700//700 701//701 702//702
f 703//703 704//704 705//705
f 706//706 707//707 708//708
f 709//709 710//710 711//711
f 712//712 713//713 714//714
f 715//715 716//716 717//717
f 718//718 719//719 720//720
f 721//721 722//722 723//723
f 724//724 725//725 726//726
f 727//727 728//728 729//729
f 730//730 731//731 732//732
f 733//733 734//734 735//735
f 736//736 737//737 738//738
f 739//739 740//740 741//741
f 742//742 743//743 744//744
f 745//745 746//746 747//747
f 748//748 749//749 750//750
f 751//751 752//752 753//753
f 754//754 755//755 756//756
f 757//757 758//758 759//759
f 760//760 761//761 762//762
f 763//763 764//764 765//765
f 766//766 767//767 768//768
f 769//769 770//770 771//771
f 772//772 773//773 774//774
f 775//775 776//776 777//777
f 778//778 779//779 780//780
f 781//781 782//782 783//783
f 784//784 785//785 786//786
f 787//787 788//788 789//789
f 790//790 791//791 792//792
f 793//793 794//794 795//795
f 796//796 797//797 798//798
f 799//799 800//800 801//801
f 802//802 803//803 804//804
f 805//805 806//806 807//807
f 808//808 809//809 810//810
f 811//811 812//812 813//813
f 814//814 815//815 816//816
f 817//817 818//818 819//819
f 820//820 821//821 822//822
f 823//823 824//824 825//825
f 826//826 827//827 828//828
f 829//829 830//830 831//831
f 832//832 833//833 834//834
f 835//835 836//836 837//837
f 838//838 839//839 840//840
f 841//841 842//842 843//843
f 844//844 845//845 846//846
f 847//847 848//848 849//849
f 850//850 851//851 852//852
f 853//853 854//854 855//855
f 856//856 857//857 858//858
f 859//859 860//860 861//861
f 862//862 863//863 864//864
f 865//865 866//866 867//867
f 868//868 869//869 870//870
f 871//871 872//872 873//873
f 874//874 875//875 876//876
f 877//877 878//878 879//879
f 880//880 881//881 882//882
f 883//883 884//884 885//885
f 886//886 887//887 888//888
f 889//889 890//890 891//891
f 892//892 893//893 894//894
f 895//895 896//896 897//897
f 898//898 899//899 900//900
f 901//901 902//902 903//903
f 904//904 905//905 906//906
f 907//907 908//908 909//909
f 910//910 911//911 912//912
f 913//913 914//914 915//915
f 916//916 917//917 918//918
f 919//919 920//920 921//921
f 922//922 923//923 924//924
f 925//925 926//926 927//927
f 928//928 929//929 930//930
f 931//931 932//932 933//933
f 934//934 935//935 936//936
f 937//937 938//938 939//939
f 940//940 941//941 942//942
f 943//943 944//944 945//945
f 946//946 947//947 948//948
f 949//949 950//950 951//951
f 952//952 953//953 954//954
f 955//955 956//956 957//957
f 958//958 959//959 960//960
f 961//961 962//962 963//963
f 964//964 965//965 966//966
f 967//967 968//968 969//969
f 970//970 971//971 972//972
f 973//973 974//974 975//975
f 976//976 977//977 978//978
f 979//979 980//980 981//981
f 982//982 983//983 984//984
f 985//985 986//986 987//987
f 988//988 989//989 990//990
f 991//991 992//992 993//993
f 994//994 995//995 996//996
f 997//997 998//998 999//999
f 1000//1000 1001//1001 1002//1002
f 1003//1003 1004//1004 1005//1005
f 1006//1006 1007//1007 1008//1008
f 1009//1009 1010//1010 1011//1011
f 1012//1012 1013//1013 1014//1014
f 1015//1015 1016//1016 1017//1017
f 1018//1018 1019//1019 1020//1020
f 1021//1021 1022//1022 1023//1023
f 1024//1024 1025//1025 1026//1026
f 1027//1027 1028//1028 1029//1029
f 1030//1030 1031//1031 1032//1032
f 1033//1033 1034//1034 1035//1035
f 1036//1036 1037//1037 1038//1038
f 1039//1039 1040//1040 1041//1041
f 1042//1042 1043//1043 1044//1044
f 1045//1045 1046//1046 1047//1047
f 1048//1048 1049//1049 1050//1050
f 1051//1051 1052//1052 1053//1053
f 1054//1054 1055//1055 1056//1056
f 1057//1057 1058//1058 1059//1059
f 1060//1060 1061//1061 1062//1062
f 1063//1063 1064//1064 1065//1065
f 1066//1066 1067//1067 1068//1068
f 1069//1069 1070//1070 1071//1071
f 1072//1072 1073//1073 1074//1074
f 1075//1075 1076//1076 1077//1077
f 1078//1078 1079//1079 1080//1080
f 1081//1081 1082//1082 1083//1083
f 1084//1084 1085//1085 1086//1086
f 1087//1087 1088//1088 1089//1089
f 1090//1090 1091//1091 1092//1092
f 1093//1093 1094//1094 1095//1095
f 1096//1096 1097//1097 1098//1098
f 1099//1099 1100//1100 1101//1101
f 1102//1102 1103//1103 1104//1104
f 1105//1105 1106//1106 1107//1107
f 1108//1108 1109//1109 1110//1110
f 1111//1111 1112//1112 1113//1113
f 1114//1114 1115//1115 1116//1116
f 1117//1117 1118//1118 1119//1119
f 1120//1120 1121//1121 1122//1122
f 1123//1123 1124//1124 1125//1125
f 1126//1126 1127//1127 1128//1128
f 1129//1129 1130//1130 1131//1131
f 1132//1132 1133//1133 1134//1134
f 1135//1135 1136//1136 1137//1137
f 1138//1138 1139//1139 1140//1140
f 1141//1141 1142//1142 1143//1143
f 1144//1144 1145//1145 1146//1146
f 1147//1147 1148//1148 1149//1149
f 1150//1150 1151//1151 1152//1152
f 1153//1153 1154//1154 1155//1155
f 1156//1156 1157//1157 1158//1158
f 1159//1159 1160//1160 1161//1161
f 1162//1162 1163//1163 1164//1164
f 1165//1165 1166//1166 1167//1167
f 1168//1168 1169//1169 1170//1170
f 1171//1171 1172//1172 1173//1173
f 1174//1174 1175//1175 1176//1176
f 1177//1177 1178//1178 1179//1179
f 1180//1180 1181//1181 1182//1182
f 1183//1183 1184//1184 1185//1185
f 1186//1186 1187//1187 1188//1188
f 1189//1189 1190//1190 1191//1191
f 1192//1192 1193//1193 1194//1194
f 1195//1195 1196//1196 1197//1197
f 1198//1198 1199//1199 1200//1200
f 1201//1201 1202//1202 1203//1203
f 1204//1204 1205//1205 1206//1206
f 1207//1207 1208//1208 1209//1209
f 1210//1210 1211//1211 1212//1212
f 1213//1213 1214//1214 1215//1215
f 1216//1216 1217//1217 1218//1218
f 1219//1219 1220//1220 1221//1221
f 1222//1222 1223//1223 1224//1224
f 1225//1225 1226//1226 1227//1227
f 1228//1228 1229//1229 1230//1230
f 1231//1231 1232//1232 1233//1233
f 1234//1234 1235//1235 1236//1236
f 1237//1237 1238//1238 1239//1239
f 1240//1240 1241//1241 1242//1242
f 1243//1243 1244//1244 1245//1245
f 1246//1246 1247//1247 1248//1248
f 1249//1249 1250//1250 1251//1251
f 1252//1252 1253//1253 1254//1254
f 1255//1255 1256//1256 1257//1257
f 1258//1258 1259//1259 1260//1260
f 1261//1261 1262//1262 1263//1263
f 1264//1264 1265//1265 1266//1266
f 1267//1267 1268//1268 1269//1269
f 1270//1270 1271//1271 1272//1272
f 1273//1273 1274//1274 1275//1275
f 1276//1276 1277//1277 1278//1278
f 1279//1279 1280//1280 1281//1281
f 1282//1282 1283//1283 1284//1284
f 1285//1285 1286//1286 1287//1287
f 1288//1288 1289//1289 1290//1290
f 1291//1291 1292//1292 1293//1293
f 1294//1294 1295//1295 1296//1296
f 1297//1297 1298//1298 1299//1299
f 1300//1300 1301//1301 1302//1302
f 1303//1303 1304//1304 1305//1305
f 1306//1306 1307//1307 1308//1308
f 1309//1309 1310//1310 1311//1311
f 1312//1312 1313//1313 1314//1314
f 1315//1315 1316//1316 1317//1317
f 1318//1318 1319//1319 1320//1320
f 1321//1321 1322//1322 1323//1323
f 1324//1324 1325//1325 1326//1326
f 1327//1327 1328//1328 1329//1329
f 1330//1330 1331//1331 1332//1332
f 1333//1333 1334//1334 1335//1335
f 1336//1336 1337//1337 1338//1338
f 1339//1339 1340//1340 1341//1341
f 1342//1342 1343//1343 1344//1344
f 1345//1345 1346//1346 1347//1347
f 1348//1348 1349//1349 1350//1350
f 1351//1351 1352//1352 1353//1353
f 1354//1354 1355//1355 1356//1356
f 1357//1357 1358//1358 1359//1359
f 1360//1360 1361//1361 1362//1362
f 1363//1363 1364//1364 1365//1365
f 1366//1366 1367//1367 1368//1368
f 1369//1369 1370//1370 1371//1371
f 1372//1372 1373//1373 1374//1374
f 1375//1375 1376//1376 1377//1377
f 1378//1378 1379//1379 1380//1380
f 1381//1381 1382//1382 1383//1383
f 1384//1384 1385//1385 1386//1386
f 1387//1387 1388//1388 1389//1389
f 1390//1390 1391//1391 1392//1392
f 1393//1393 1394//1394 1395//1395
f 1396//1396 1397//1397 1398//1398
f 1399//1399 1400//1400 1401//1401
f 1402//1402 1403//1403 1404//1404
f 1405//1405 1406//1406 1407//1407
f 1408//1408 1409//1409 1410//1410
f 1411//1411 1412//1412 1413//1413
f 1414//1414 1415//1415 1416//1416
f 1417//1417 1418//1418 1419//1419
f 1420//1420 1421//1421 1422//1422
f 1423//1423 1424//1424 1425//1425
f 1426//1426 1427//1427 1428//1428
f 1429//1429 1430//1430 1431//1431
f 1432//1432 1433//1433 1434//1434
f 1435//1435 1436//1436 1437//1437
f 1438//1438 1439//1439 1440//1440
f 1441//1441 1442//1442 1443//1443
f 1444//1444 1445//1445 1446//1446
f 1447//1447 1448//1448 1449//1449
f 1450//1450 1451//1451 1452//1452
f 1453//1453 1454//1454 1455//1455
f 1456//1456 1457//1457 1458//1458
f 1459//1459 1460//1460 1461//1461
f 1462//1462 1463//1463 1464//1464
f 1465//1465 1466//1466 1467//1467
f 1468//1468 1469//1469 1470//1470
f 1471//1471 1472//1472 1473//1473
f 1474//1474 1475//1475 1476//1476
f 1477//1477 1478//1478 1479//1479
f 1480//1480 1481//1481 1482//1482
f 1483//1483 1484//1484 1485//1485
f 1486//1486 1487//1487 1488//1488
f 1489//1489 1490//1490 1491//1491
f 1492//1492 1493//1493 1494//1494
f 1495//1495 1496//1496 1497//1497
f 1498//1498 1499//1499 1500//1500
f 1501//1501 1502//1502 1503//1503
f 1504//1504 1505//1505 1506//1506
f 1507//1507 1508//1508 1509//1509
f 1510//1510 1511//1511 1512//1512
f 1513//1513 1514//1514 1515//1515
f 1516//1516 1517//1517 1518//1518
f 1519//1519 1520//1520 1521//1521
f 1522//1522 1523//1523 1524//1524
f 1525//1525 1526//1526 1527//1527
f 1528//1528 1529//1529 1530//1530
f 1531//1531 1532//1532 1533//1533
f 1534//1534 1535//1535 1536//1536
f 1537//1537 1538//1538 1539//1539
f 1540//1540 1541//1541 1542//1542
f 1543//1543 1544//1544 1545//1545
f 1546//1546 1547//1547 1548//1548
f 1549//1549 1550//1550 1551//1551
f 1552//1552 1553//1553 1554//1554
f 1555//1555 1556//1556 1557//1557
f 1558//1558 1559//1559 1560//1560
f 1561//1561 1562//1562 1563//1563
f 1564//1564 1565//1565 1566//1566
f 1567//1567 1568//1568 1569//1569
f 1570//1570 1571//1571 1572//1572
f 1573//1573 1574//1574 1575//1575
f 1576//1576 1577//1577 1578//1578
f 1579//1579 1580//1580 1581//1581
f 1582//1582 1583//1583 1584//1584
f 1585//1585 1586//1586 1587//1587
f 1588//1588 1589//1589 1590//1590
f 1591//1591 1592//1592 1593//1593
f 1594//1594 1595//1595 1596//1596
f 1597//1597 1598//1598 1599//1599
f 1600//1600 1601//1601 1602//1602
f 1603//1603 1604//1604 1605//1605
f 1606//1606 1607//1607 1608//1608
f 1609//1609 1610//1610 1611//1611
f 1612//1612 1613//1613 1614//1614
f 1615//1615 1616//1616 1617//1617
f 1618//1618 1619//1619 1620//1620
f 1621//1621 1622//1622 1623//1623
f 1624//1624 1625//1625 1626//1626
f 1627//1627 1628//1628 1629//1629
f 1630//1630 1631//1631 1632//1632
f 1633//1633 1634//1634 1635//1635
f 1636//1636 1637//1637 1638//1638
f 1639//1639 1640//1640 1641//1641
f 1642//1642 1643//1643 1644//1644
f 1645//1645 1646//1646 1647//1647
f 1648//1648 1649//1649 1650//1650
f 1651//1651 1652//1652 1653//1653
f 1654//1654 1655//1655 1656//1656
f 1657//1657 1658//1658 1659//1659
f 1660//1660 1661//1661 1662//1662
f 1663//1663 1664//1664 1665//1665
f 1666//1666 1667//1667 1668//1668
f 1669//1669 1670//1670 1671//1671
f 1672//1672 1673//1673 1674//1674
f 1675//1675 1676//1676 1677//1677
f 1678//1678 1679//1679 1680//1680
f 1681//1681 1682//1682 1683//1683
f 1684//1684 1685//1685 1686//1686
f 1687//1687 1688//1688 1689//1689
f 1690//1690 1691//1691 1692//1692
f 1693//1693 1694//1694 1695//1695
f 1696//1696 1697//1697 1698//1698
f 1699//1699 1700//1700 1701//1701
f 1702//1702 1703//1703 1704//1704
f 1705//1705 1706//1706 1707//1707
f 1708//1708 1709//1709 1710//1710
f 1711//1711 1712//1712 1713//1713
f 1714//1714 1715//1715 1716//1716
f 1717//1717 1718//1718 1719//1719
f 1720//1720 1721//1721 1722//1722
f 1723//1723 1724//1724 1725//1725
f 1726//1726 1727//1727 1728//1728
f 1729//1729 1730//1730 1731//1731
f 1732//1732 1733//1733 1734//1734
f 1735//1735 1736//1736 1737//1737
f 1738//1738 1739//1739 1740//1740
f 1741//1741 1742//1742 1743//1743
f 1744//1744 1745//1745 1746//1746
f 1747//1747 1748//1748 1749//1749
f 1750//1750 1751//1751 1752//1752
f 1753//1753 1754//1754 1755//1755
f 1756//1756 1757//1757 1758//1758
f 1759//1759 1760//1760 1761//1761
f 1762//1762 1763//1763 1764//1764
f 1765//1765 1766//1766 1767//1767
f 1768//1768 1769//1769 1770//1770
f 1771//1771 1772//1772 1773//1773
f 1774//1774 1775//1775 1776//1776
f 1777//1777 1778//1778 1779//1779
f 1780//1780 1781//1781 1782//1782
f 1783//1783 1784//1784 1785//1785
f 1786//1786 1787//1787 1788//1788
f 1789//1789 1790//1790 1791//1791
f 1792//1792 1793//1793 1794//1794
f 1795//1795 1796//1796 1797//1797
f 1798//1798 1799//1799 1800//1800
f 1801//1801 1802//1802 1803//1803
f 1804//1804 1805//1805 1806//1806
f 1807//1807 1808//1808 1809//1809
f 1810//1810 1811//1811 1812//1812
f 1813//1813 1814//1814 1815//1815
f 1816//1816 1817//1817 1818//1818
f 1819//1819 1820//1820 1821//1821
f 1822//1822 1823//1823 1824//1824
f 1825//1825 1826//1826 1827//1827
f 1828//1828 1829//1829 1830//1830
f 1831//1831 1832//1832 1833//1833
f 1834//1834 1835//1835 1836//1836
f 1837//1837 1838//1838 1839//1839
f 1840//1840 1841//1841 1842//1842
f 1843//1843 1844//1844 1845//1845
f 1846//1846 1847//1847 1848//1848
f 1849//1849 1850//1850 1851//1851
f 1852//1852 1853//1853 1854//1854
f 1855//1855 1856//1856 1857//1857
f 1858//1858 1859//1859 1860//1860
f 1861//1861 1862//1862 1863//1863
f 1864//1864 1865//1865 1866//1866
f 1867//1867 1868//1868 1869//1869
f 1870//1870 1871//1871 1872//1872
f 1873//1873 1874//1874 1875//1875
f 1876//1876 1877//1877 1878//1878
f 1879//1879 1880//1880 1881//1881
f 1882//1882 1883//1883 1884//1884
f 1885//1885 1886//1886 1887//1887
f 1888//1888 1889//1889 1890//1890
f 1891//1891 1892//1892 1893//1893
f 1894//1894 1895//1895 1896//1896
f 1897//1897 1898//1898 1899//1899
f 1900//1900 1901//1901 1902//1902
f 1903//1903 1904//1904 1905//1905
f 1906//1906 1907//1907 1908//1908
f 1909//1909 1910//1910 1911//1911
f 1912//1912 1913//1913 1914//1914
f 1915//1915 1916//1916 1917//1917
f 1918//1918 1919//1919 1920//1920
f 1921//1921 1922//1922 1923//1923
f 1924//1924 1925//1925 1926//1926
f 1927//1927 1928//1928 1929//1929
f 1930//1930 1931//1931 1932//1932
f 1933//1933 1934//1934 1935//1935
f 1936//1936 1937//1937 1938//1938
f 1939//1939 1940//1940 1941//1941
f 1942//1942 1943//1943 1944//1944
f 1945//1945 1946//1946 1947//1947
f 1948//1948 1949//1949 1950//1950
f 1951//1951 1952//1952 1953//1953
f 1954//1954 1955//1955 1956//1956
f 1957//1957 1958//1958 1959//1959
f 1960//1960 1961//1961 1962//1962
f 1963//1963 1964//1964 1965//1965
f 1966//1966 1967//1967 1968//1968
f 1969//1969 1970//1970 1971//1971
f 1972//1972 1973//1973 1974//1974
f 1975//1975 1976//1976 1977//1977
f 1978//1978 1979//1979 1980//1980
f 1981//1981 1982//1982 1983//1983
f 1984//1984 1985//1985 1986//1986
f 1987//1987 1988//1988 1989//1989
f 1990//1990 1991//1991 1992//1992
f 1993//1993 1994//1994 1995//1995
f 1996//1996 1997//1997 1998//1998
f 1999//1999 2000//2000 2001//2001
f 2002//2002 2003//2003 2004//2004
f 2005//2005 2006//2006 2007//2007
f 2008//2008 2009//2009 2010//2010
f 2011//2011 2012//2012 2013//2013
f 2014//2014 2015//2015 2016//2016
f 2017//2017 2018//2018 2019//2019
f 2020//2020 2021//2021 2022//2022
f 2023//2023 2024//2024 2025//2025
f 2026//2026 2027//2027 2028//2028
f 2029//2029 2030//2030 2031//2031
f 2032//2032 2033//2033 2034//2034
f 2035//2035 2036//2036 2037//2037
f 2038//2038 2039//2039 2040//2040
f 2041//2041 2042//2042 2043//2043
f 2044//2044 2045//2045 2046//2046
f 2047//2047 2048//2048 2049//2049
f 2050//2050 2051//2051 2052//2052
f 2053//2053 2054//2054 2055//2055
f 2056//2056 2057//2057 2058//2058
f 2059//2059 2060//2060 2061//2061
f 2062//2062 2063//2063 2064//2064
f 2065//2065 2066//2066 2067//2067
f 2068//2068 2069//2069 2070//2070
f 2071//2071 2072//2072 2073//2073
f 2074//2074 2075//2075 2076//2076
f 2077//2077 2078//2078 2079//2079
f 2080//2080 2081//2081 2082//2082
f 2083//2083 2084//2084 2085//2085
f 2086//2086 2087//2087 2088//2088
f 2089//2089 2090//2090 2091//2091
f 2092//2092 2093//2093 2094//2094
f 2095//2095 2096//2096 2097//2097
f 2098//2098 2099//2099 2100//2100
f 2101//2101 2102//2102 2103//2103
f 2104//2104 2105//2105 2106//2106
f 2107//2107 2108//2108 2109//2109
f 2110//2110 2111//2111 2112//2112
f 2113//2113 2114//2114 2115//2115
f 2116//2116 2117//2117 2118//2118
f 2119//2119 2120//2120 2121//2121
f 2122//2122 2123//2123 2124//2124
f 2125//2125 2126//2126 2127//2127
f 2128//2128 2129//2129 2130//2130
f 2131//2131 2132//2132 2133//2133
f 2134//2134 2135//2135 2136//2136
f 2137//2137 2138//2138 2139//2139
f 2140//2140 2141//2141 2142//2142
f 2143//2143 2144//2144 2145//2145
f 2146//2146 2147//2147 2148//2148
f 2149//2149 2150//2150 2151//2151
f 2152//2152 2153//2153 2154//2154
f 2155//2155 2156//2156 2157//2157
f 2158//2158 2159//2159 2160//2160
f 2161//2161 2162//2162 2163//2163
f 2164//2164 2165//2165 2166//2166
f 2167//2167 2168//2168 2169//2169
f 2170//2170 2171//2171 2172//2172
f 2173//2173 2174//2174 2175//2175
f 2176//2176 2177//2177 2178//2178
f 2179//2179 2180//2180 2181//2181
f 2182//2182 2183//2183 2184//2184
f 2185//2185 2186//2186 2187//2187
f 2188//2188 2189//2189 2190//2190
f 2191//2191 2192//2192 2193//2193
f 2194//2194 2195//2195 2196//2196
f 2197//2197 2198//2198 2199//2199
f 2200//2200 2201//2201 2202//2202
f 2203//2203 2204//2204 2205//2205
f 2206//2206 2207//2207 2208//2208
f 2209//2209 2210//2210 2211//2211
f 2212//2212 2213//2213 2214//2214
f 2215//2215 2216//2216 2217//2217
f 2218//2218 2219//2219 2220//2220
f 2221//2221 2222//2222 2223//2223
f 2224//2224 2225//2225 2226//2226
f 2227//2227 2228//2228 2229//2229
f 2230//2230 2231//2231 2232//2232
f 2233//2233 2234//2234 2235//2235
f 2236//2236 2237//2237 2238//2238
f 2239//2239 2240//2240 2241//2241
f 2242//2242 2243//2243 2244//2244
f 2245//2245 2246//2246 2247//2247
f 2248//2248 2249//2249 2250//2250
f 2251//2251 2252//2252 2253//2253
f 2254//2254 2255//2255 2256//2256
f 2257//2257 2258//2258 2259//2259
f 2260//2260 2261//2261 2262//2262
f 2263//2263 2264//2264 2265//2265
f 2266//2266 2267//2267 2268//2268
f 2269//2269 2270//2270 2271//2271
f 2272//2272 2273//2273 2274//2274
f 2275//2275 2276//2276 2277//2277
f 2278//2278 2279//2279 2280//2280
f 2281//2281 2282//2282 2283//2283
f 2284//2284 2285//2285 2286//2286
f 2287//2287 2288//2288 2289//2289
f 2290//2290 2291//2291 2292//2292
f 2293//2293 2294//2294 2295//2295
f 2296//2296 2297//2297 2298//2298
f 2299//2299 2300//2300 2301//2301
f 2302//2302 2303//2303 2304//2304
f 2305//2305 2306//2306 2307//2307
f 2308//2308 2309//2309 2310//2310
f 2311//2311 2312//2312 2313//2313
f 2314//2314 2315//2315 2316//2316
f 2317//2317 2318//2318 2319//2319
f 2320//2320 2321//2321 2322//2322
f 2323//2323 2324//2324 2325//2325
f 2326//2326 2327//2327 2328//2328
f 2329//2329 2330//2330 2331//2331
f 2332//2332 2333//2333 2334//2334
f 2335//2335 2336//2336 2337//2337
f 2338//2338 2339//2339 2340//2340
f 2341//2341 2342//2342 2343//2343
f 2344//2344 2345//2345 2346//2346
f 2347//2347 2348//2348 2349//2349
f 2350//2350 2351//2351 2352//2352
f 2353//2353 2354//2354 2355//2355
f 2356//2356 2357//2357 2358//2358
f 2359//2359 2360//2360 2361//2361
f 2362//2362 2363//2363 2364//2364
f 2365//2365 2366//2366 2367//2367
f 2368//2368 2369//2369 2370//2370
f 2371//2371 2372//2372 2373//2373
f 2374//2374 2375//2375 2376//2376
f 2377//2377 2378//2378 2379//2379
f 2380//2380 2381//2381 2382//2382
f 2383//2383 2384//2384 2385//2385
f 2386//2386 2387//2387 2388//2388
f 2389//2389 2390//2390 2391//2391
f 2392//2392 2393//2393 2394//2394
f 2395//2395 2396//2396 2397//2397
f 2398//2398 2399//2399 2400//2400
f 2401//2401 2402//2402 2403//2403
f 2404//2404 2405//2405 2406//2406
f 2407//2407 2408//2408 2409//2409
f 2410//2410 2411//2411 2412//2412
f 2413//2413 2414//2414 2415//2415
f 2416//2416 2417//2417 2418//2418
f 2419//2419 2420//2420 2421//2421
f 2422//2422 2423//2423 2424//2424
f 2425//2425 2426//2426 2427//2427
f 2428//2428 2429//2429 2430//2430
f 2431//2431 2432//2432 2433//2433
f 2434//2434 2435//2435 2436//2436
f 2437//2437 2438//2438 2439//2439
f 2440//2440 2441//2441 2442//2442
f 2443//2443 2444//2444 2445//2445
f 2446//2446 2447//2447 2448//2448
f 2449//2449 2450//2450 2451//2451
f 2452//2452 2453//2453 2454//2454
f 2455//2455 2456//2456 2457//2457
f 2458//2458 2459//2459 2460//2460
f 2461//2461 2462//2462 2463//2463
f 2464//2464 2465//2465 2466//2466
f 2467//2467 2468//2468 2469//2469
f 2470//2470 2471//2471 2472//2472
f 2473//2473 2474//2474 2475//2475
f 2476//2476 2477//2477 2478//2478
f 2479//2479 2480//2480 2481//2481
f 2482//2482 2483//2483 2484//2484
f 2485//2485 2486//2486 2487//2487
f 2488//2488 2489//2489 2490//2490
f 2491//2491 2492//2492 2493//2493
f 2494//2494 2495//2495 2496//2496
f 2497//2497 2498//2498 2499//2499
f 2500//2500 2501//2501 2502//2502
f 2503//2503 2504//2504 2505//2505
f 2506//2506 2507//2507 2508//2508
f 2509//2509 2510//2510 2511//2511
f 2512//2512 2513//2513 2514//2514
f 2515//2515 2516//2516 2517//2517
f 2518//2518 2519//2519 2520//2520
f 2521//2521 2522//2522 2523//2523
f 2524//2524 2525//2525 2526//2526
f 2527//2527 2528//2528 2529//2529
f 2530//2530 2531//2531 2532//2532
f 2533//2533 2534//2534 2535//2535
f 2536//2536 2537//2537 2538//2538
f 2539//2539 2540//2540 2541//2541
f 2542//2542 2543//2543 2544//2544
f 2545//2545 2546//2546 2547//2547
f 2548//2548 2549//2549 2550//2550
f 2551//2551 2552//2552 2553//2553
f 2554//2554 2555//2555 2556//2556
f 2557//2557 2558//2558 2559//2559
f 2560//2560 2561//2561 2562//2562
f 2563//2563 2564//2564 2565//2565
f 2566//2566 2567//2567 2568//2568
f 2569//2569 2570//2570 2571//2571
f 2572//2572 2573//2573 2574//2574
f 2575//2575 2576//2576 2577//2577
f 2578//2578 2579//2579 2580//2580
f 2581//2581 2582//2582 2583//2583
f 2584//2584 2585//2585 2586//2586
f 2587//2587 2588//2588 2589//2589
f 2590//2590 2591//2591 2592//2592
f 2593//2593 2594//2594 2595//2595
f 2596//2596 2597//2597 2598//2598
f 2599//2599 2600//2600 2601//2601
f 2602//2602 2603//2603 2604//2604
f 2605//2605 2606//2606 2607//2607
f 2608//2608 2609//2609 2610//2610
f 2611//2611 2612//2612 2613//2613
f 2614//2614 2615//2615 2616//2616
f 2617//2617 2618//2618 2619//2619
f 2620//2620 2621//2621 2622//2622
f 2623//2623 2624//2624 2625//2625
f 2626//2626 2627//2627 2628//2628
f 2629//2629 2630//2630 2631//2631
f 2632//2632 2633//2633 2634//2634
f 2635//2635 2636//2636 2637//2637
f 2638//2638 2639//2639 2640//2640
f 2641//2641 2642//2642 2643//2643
f 2644//2644 2645//2645 2646//2646
f 2647//2647 2648//2648 2649//2649
f 2650//2650 2651//2651 2652//2652
f 2653//2653 2654//2654 2655//2655
f 2656//2656 2657//2657 2658//2658
f 2659//2659 2660//2660 2661//2661
f 2662//2662 2663//2663 2664//2664
f 2665//2665 2666//2666 2667//2667
f 2668//2668 2669//2669 2670//2670
f 2671//2671 2672//2672 2673//2673
f 2674//2674 2675//2675 2676//2676
f 2677//2677 2678//2678 2679//2679
f 2680//2680 2681//2681 2682//2682
f 2683//2683 2684//2684 2685//2685
f 2686//2686 2687//2687 2688//2688
f 2689//2689 2690//2690 2691//2691
f 2692//2692 2693//2693 2694//2694
f 2695//2695 2696//2696 2697//2697
f 2698//2698 2699//2699 2700//2700
f 2701//2701 2702//2702 2703//2703
f 2704//2704 2705//2705 2706//2706
f 2707//2707 2708//2708 2709//2709
f 2710//2710 2711//2711 2712//2712
f 2713//2713 2714//2714 2715//2715
f 2716//2716 2717//2717 2718//2718
f 2719//2719 2720//2720 2721//2721
f 2722//2722 2723//2723 2724//2724
f 2725//2725 2726//2726 2727//2727
f 2728//2728 2729//2729 2730//2730
f 2731//2731 2732//2732 2733//2733
f 2734//2734 2735//2735 2736//2736
f 2737//2737 2738//2738 2739//2739
f 2740//2740 2741//2741 2742//2742
f 2743//2743 2744//2744 2745//2745
f 2746//2746 2747//2747 2748//2748
f 2749//2749 2750//2750 2751//2751
f 2752//2752 2753//2753 2754//2754
f 2755//2755 2756//2756 2757//2757
f 2758//2758 2759//2759 2760//2760
f 2761//2761 2762//2762 2763//2763
f 2764//2764 2765//2765 2766//2766
f 2767//2767 2768//2768 2769//2769
f 2770//2770 2771//2771 2772//2772
f 2773//2773 2774//2774 2775//2775
f 2776//2776 2777//2777 2778//2778
f 2779//2779 2780//2780 2781//2781
f 2782//2782 2783//2783 2784//2784
f 2785//2785 2786//2786 2787//2787
f 2788//2788 2789//2789 2790//2790
f 2791//2791 2792//2792 2793//2793
f 2794//2794 2795//2795 2796//2796
f 2797//2797 2798//2798 2799//2799
f 2800//2800 2801//2801 2802//2802
f 2803//2803 2804//2804 2805//2805
f 2806//2806 2807//2807 2808//2808
f 2809//2809 2810//2810 2811//2811
f 2812//2812 2813//2813 2814//2814
f 2815//2815 2816//2816 2817//2817
f 2818//2818 2819//2819 2820//2820
f 2821//2821 2822//2822 2823//2823
f 2824//2824 2825//2825 2826//2826
f 2827//2827 2828//2828 2829//2829
f 2830//2830 2831//2831 2832//2832
f 2833//2833 2834//2834 2835//2835
f 2836//2836 2837//2837 2838//2838
f 2839//2839 2840//2840 2841//2841
f 2842//2842 2843//2843 2844//2844
f 2845//2845 2846//2846 2847//2847
f 2848//2848 2849//2849 2850//2850
f 2851//2851 2852//2852 2853//2853
f 2854//2854 2855//2855 2856//2856
f 2857//2857 2858//2858 2859//2859
f 2860//2860 2861//2861 2862//2862
f 2863//2863 2864//2864 2865//2865
f 2866//2866 2867//2867 2868//2868
f 2869//2869 2870//2870 2871//2871
f 2872//2872 2873//2873 2874//2874
f 2875//2875 2876//2876 2877//2877
f 2878//2878 2879//2879 2880//2880
f 2881//2881 2882//2882 2883//2883
f 2884//2884 2885//2885 2886//2886
f 2887//2887 2888//2888 2889//2889
f 2890//2890 2891//2891 2892//2892
f 2893//2893 2894//2894 2895//2895
f 2896//2896 2897//2897 2898//2898
f 2899//2899 2900//2900 2901//2901
f 2902//2902 2903//2903 2904//2904
f 2905//2905 2906//2906 2907//2907
f 2908//2908 2909//2909 2910//2910
f 2911//2911 2912//2912 2913//2913
f 2914//2914 2915//2915 2916//2916
f 2917//2917 2918//2918 2919//2919
f 2920//2920 2921//2921 2922//2922
f 2923//2923 2924//2924 2925//2925
f 2926//2926 2927//2927 2928//2928
f 2929//2929 2930//2930 2931//2931
f 2932//2932 2933//2933 2934//2934
f 2935//2935 2936//2936 2937//2937
f 2938//2938 2939//2939 2940//2940
f 2941//2941 2942//2942 2943//2943
f 2944//2944 2945//2945 2946//2946
f 2947//2947 2948//2948 2949//2949
f 2950//2950 2951//2951 2952//2952
f 2953//2953 2954//2954 2955//2955
f 2956//2956 2957//2957 2958//2958
f 2959//2959 2960//2960 2961//2961
f 2962//2962 2963//2963 2964//2964
f 2965//2965 2966//2966 2967//2967
f 2968//2968 2969//2969 2970//2970
f 2971//2971 2972//2972 2973//2973
f 2974//2974 2975//2975 2976//2976
f 2977//2977 2978//2978 2979//2979
f 2980//2980 2981//2981 2982//2982
f 2983//2983 2984//2984 2985//2985
f 2986//2986 2987//2987 2988//2988
f 2989//2989 2990//2990 2991//2991
f 2992//2992 2993//2993 2994//2994
f 2995//2995 2996//2996 2997//2997
f 2998//2998 2999//2999 3000//3000
f 3001//3001 3002//3002 3003//3003
f 3004//3004 3005//3005 3006//3006
f 3007//3007 3008//3008 3009//3009
f 3010//3010 3011//3011 3012//3012
f 3013//3013 3014//3014 3015//3015
f 3016//3016 3017//3017 3018//3018
f 3019//3019 3020//3020 3021//3021
f 3022//3022 3023//3023 3024//3024
f 3025//3025 3026//3026 3027//3027
f 3028//3028 3029//3029 3030//3030
f 3031//3031 3032//3032 3033//3033
f 3034//3034 3035//3035 3036//3036
f 3037//3037 3038//3038 3039//3039
f 3040//3040 3041//3041 3042//3042
f 3043//3043 3044//3044 3045//3045
f 3046//3046 3047//3047 3048//3048
f 3049//3049 3050//3050 3051//3051
f 3052//3052 3053//3053 3054//3054
f 3055//3055 3056//3056 3057//3057
f 3058//3058 3059//3059 3060//3060
f 3061//3061 3062//3062 3063//3063
f 3064//3064 3065//3065 3066//3066
f 3067//3067 3068//3068 3069//3069
f 3070//3070 3071//3071 3072//3072
f 3073//3073 3074//3074 3075//3075
f 3076//3076 3077//3077 3078//3078
f 3079//3079 3080//3080 3081//3081
f 3082//3082 3083//3083 3084//3084
f 3085//3085 3086//3086 3087//3087
f 3088//3088 3089//3089 3090//3090
f 3091//3091 3092//3092 3093//3093
f 3094//3094 3095//3095 3096//3096
f 3097//3097 3098//3098 3099//3099
f 3100//3100 3101//3101 3102//3102
f 3103//3103 3104//3104 3105//3105
f 3106//3106 3107//3107 3108//3108
f 3109//3109 3110//3110 3111//3111
f 3112//3112 3113//3113 3114//3114
f 3115//3115 3116//3116 3117//3117
f 3118//3118 3119//3119 3120//3120
f 3121//3121 3122//3122 3123//3123
f 3124//3124 3125//3125 3126//3126
f 3127//3127 3128//3128 3129//3129
f 3130//3130 3131//3131 3132//3132
f 3133//3133 3134//3134 3135//3135
f 3136//3136 3137//3137 3138//3138
f 3139//3139 3140//3140 3141//3141
f 3142//3142 3143//3143 3144//3144
f 3145//3145 3146//3146 3147//3147
f 3148//3148 3149//3149 3150//3150
f 3151//3151 3152//3152 3153//3153
f 3154//3154 3155//3155 3156//3156
f 3157//3157 3158//3158 3159//3159
f 3160//3160 3161//3161 3162//3162
f 3163//3163 3164//3164 3165//3165
f 3166//3166 3167//3167 3168//3168
f 3169//3169 3170//3170 3171//3171
f 3172//3172 3173//3173 3174//3174
f 3175//3175 3176//3176 3177//3177
f 3178//3178 3179//3179 3180//3180
f 3181//3181 3182//3182 3183//3183
f 3184//3184 3185//3185 3186//3186
f 3187//3187 3188//3188 3189//3189
f 3190//3190 3191//3191 3192//3192
f 3193//3193 3194//3194 3195//3195
f 3196//3196 3197//3197 3198//3198
f 3199//3199 3200//3200 3201//3201
f 3202//3202 3203//3203 3204//3204
f 3205//3205 3206//3206 3207//3207
f 3208//3208 3209//3209 3210//3210
f 3211//3211 3212//3212 3213//3213
f 3214//3214 3215//3215 3216//3216
f 3217//3217 3218//3218 3219//3219
f 3220//3220 3221//3221 3222//3222
f 3223//3223 3224//3224 3225//3225
f 3226//3226 3227//3227 3228//3228
f 3229//3229 3230//3230 3231//3231
f 3232//3232 3233//3233 3234//3234
f 3235//3235 3236//3236 3237//3237
f 3238//3238 3239//3239 3240//3240
f 3241//3241 3242//3242 3243//3243
f 3244//3244 3245//3245 3246//3246
f 3247//3247 3248//3248 3249//3249
f 3250//3250 3251//3251 3252//3252
f 3253//3253 3254//3254 3255//3255
f 3256//3256 3257//3257 3258//3258
f 3259//3259 3260//3260 3261//3261
f 3262//3262 3263//3263 3264//3264
f 3265//3265 3266//3266 3267//3267
f 3268//3268 3269//3269 3270//3270
f 3271//3271 3272//3272 3273//3273
f 3274//3274 3275//3275 3276//3276
f 3277//3277 3278//3278 3279//3279
f 3280//3280 3281//3281 3282//3282
f 3283//3283 3284//3284 3285//3285
f 3286//3286 3287//3287 3288//3288
f 3289//3289 3290//3290 3291//3291
f 3292//3292 3293//3293 3294//3294
f 3295//3295 3296//3296 3297//3297
f 3298//3298 3299//3299 3300//3300
f 3301//3301 3302//3302 3303//3303
f 3304//3304 3305//3305 3306//3306
f 3307//3307 3308//3308 3309//3309
f 3310//3310 3311//3311 3312//3312
f 3313//3313 3314//3314 3315//3315
f 3316//3316 3317//3317 3318//3318
f 3319//3319 3320//3320 3321//3321
f 3322//3322 3323//3323 3324//3324
f 3325//3325 3326//3326 3327//3327
f 3328//3328 3329//3329 3330//3330
f 3331//3331 3332//3332 3333//3333
f 3334//3334 3335//3335 3336//3336
f 3337//3337 3338//3338 3339//3339
f 3340//3340 3341//3341 3342//3342
f 3343//3343 3344//3344 3345//3345
f 3346//3346 3347//3347 3348//3348
f 3349//3349 3350//3350 3351//3351
f 3352//3352 3353//3353 3354//3354
f 3355//3355 3356//3356 3357//3357
f 3358//3358 3359//3359 3360//3360
f 3361//3361 3362//3362 3363//3363
f 3364//3364 3365//3365 3366//3366
f 3367//3367 3368//3368 3369//3369
f 3370//3370 3371//3371 3372//3372
f 3373//3373 3374//3374 3375//3375
f 3376//3376 3377//3377 3378//3378
f 3379//3379 3380//3380 3381//3381
f 3382//3382 3383//3383 3384//3384
f 3385//3385 3386//3386 3387//3387
f 3388//3388 3389//3389 3390//3390
f 3391//3391 3392//3392 3393//3393
f 3394//3394 3395//3395 3396//3396
f 3397//3397 3398//3398 3399//3399
f 3400//3400 3401//3401 3402//3402
f 3403//3403 3404//3404 3405//3405
f 3406//3406 3407//3407 3408//3408
f 3409//3409 3410//3410 3411//3411
f 3412//3412 3413//3413 3414//3414
f 3415//3415 3416//3416 3417//3417
f 3418//3418 3419//3419 3420//3420
f 3421//3421 3422//3422 3423//3423
f 3424//3424 3425//3425 3426//3426
f 3427//3427 3428//3428 3429//3429
f 3430//3430 3431//3431 3432//3432
f 3433//3433 3434//3434 3435//3435
f 3436//3436 3437//3437 3438//3438
f 3439//3439 3440//3440 3441//3441
f 3442//3442 3443//3443 3444//3444
f 3445//3445 3446//3446 3447//3447
f 3448//3448 3449//3449 3450//3450
f 3451//3451 3452//3452 3453//3453
f 3454//3454 3455//3455 3456//3456
f 3457//3457 3458//3458 3459//3459
f 3460//3460 3461//3461 3462//3462
f 3463//3463 3464//3464 3465//3465
f 3466//3466 3467//3467 3468//3468
f 3469//3469 3470//3470 3471//3471
f 3472//3472 3473//3473 3474//3474
f 3475//3475 3476//3476 3477//3477
f 3478//3478 3479//3479 3480//3480
f 3481//3481 3482//3482 3483//3483
f 3484//3484 3485//3485 3486//3486
f 3487//3487 3488//3488 3489//3489
f 3490//3490 3491//3491 3492//3492
f 3493//3493 3494//3494 3495//3495
f 3496//3496 3497//3497 3498//3498
f 3499//3499 3500//3500 3501//3501
f 3502//3502 3503//3503 3504//3504
f 3505//3505 3506//3506 3507//3507
f 3508//3508 3509//3509 3510//3510
f 3511//3511 3512//3512 3513//3513
f 3514//3514 3515//3515 3516//3516
f 3517//3517 3518//3518 3519//3519
f 3520//3520 3521//3521 3522//3522
f 3523//3523 3524//3524 3525//3525
f 3526//3526 3527//3527 3528//3528
f 3529//3529 3530//3530 3531//3531
f 3532//3532 3533//3533 3534//3534
f 3535//3535 3536//3536 3537//3537
f 3538//3538 3539//3539 3540//3540
f 3541//3541 3542//3542 3543//3543
f 3544//3544 3545//3545 3546//3546
f 3547//3547 3548//3548 3549//3549
f 3550//3550 3551//3551 3552//3552
f 3553//3553 3554//3554 3555//3555
f 3556//3556 3557//3557 3558//3558
f 3559//3559 3560//3560 3561//3561
f 3562//3562 3563//3563 3564//3564
f 3565//3565 3566//3566 3567//3567
f 3568//3568 3569//3569 3570//3570
f 3571//3571 3572//3572 3573//3573
f 3574//3574 3575//3575 3576//3576
f 3577//3577 3578//3578 3579//3579
f 3580//3580 3581//3581 3582//3582
f 3583//3583 3584//3584 3585//3585
f 3586//3586 3587//3587 3588//3588
f 3589//3589 3590//3590 3591//3591
f 3592//3592 3593//3593 3594//3594
f 3595//3595 3596//3596 3597//3597
f 3598//3598 3599//3599 3600//3600
f 3601//3601 3602//3602 3603//3603
f 3604//3604 3605//3605 3606//3606
f 3607//3607 3608//3608 3609//3609
f 3610//3610 3611//3611 3612//3612
f 3613//3613 3614//3614 3615//3615
f 3616//3616 3617//3617 3618//3618
f 3619//3619 3620//3620 3621//3621
f 3622//3622 3623//3623 3624//3624
f 3625//3625 3626//3626 3627//3627
f 3628//3628 3629//3629 3630//3630
f 3631//3631 3632//3632 3633//3633
f 3634//3634 3635//3635 3636//3636
f 3637//3637 3638//3638 3639//3639
f 3640//3640 3641//3641 3642//3642
f 3643//3643 3644//3644 3645//3645
f 3646//3646 3647//3647 3648//3648
f 3649//3649 3650//3650 3651//3651
f 3652//3652 3653//3653 3654//3654
f 3655//3655 3656//3656 3657//3657
f 3658//3658 3659//3659 3660//3660
f 3661//3661 3662//3662 3663//3663
f 3664//3664 3665//3665 3666//3666
f 3667//3667 3668//3668 3669//3669
f 3670//3670 3671//3671 3672//3672
f 3673//3673 3674//3674 3675//3675
f 3676//3676 3677//3677 3678//3678
f 3679//3679 3680//3680 3681//3681
f 3682//3682 3683//3683 3684//3684
f 3685//3685 3686//3686 3687//3687
f 3688//3688 3689//3689 3690//3690
f 3691//3691 3692//3692 3693//3693
f 3694//3694 3695//3695 3696//3696
f 3697//3697 3698//3698 3699//3699
f 3700//3700 3701//3701 3702//3702
f 3703//3703 3704//3704 3705//3705
f 3706//3706 3707//3707 3708//3708
f 3709//3709 3710//3710 3711//3711
f 3712//3712 3713//3713 3714//3714
f 3715//3715 3716//3716 3717//3717
f 3718//3718 3719//3719 3720//3720
f 3721//3721 3722//3722 3723//3723
f 3724//3724 3725//3725 3726//3726
f 3727//3727 3728//3728 3729//3729
f 3730//3730 3731//3731 3732//3732
f 3733//3733 3734//3734 3735//3735
f 3736//3736 3737//3737 3738//3738
f 3739//3739 3740//3740 3741//3741
f 3742//3742 3743//3743 3744//3744
f 3745//3745 3746//3746 3747//3747
f 3748//3748 3749//3749 3750//3750
f 3751//3751 3752//3752 3753//3753
f 3754//3754 3755//3755 3756//3756
f 3757//3757 3758//3758 3759//3759
f 3760//3760 3761//3761 3762//3762
f 3763//3763 3764//3764 3765//3765
f 3766//3766 3767//3767 3768//3768
f 3769//3769 3770//3770 3771//3771
f 3772//3772 3773//3773 3774//3774
f 3775//3775 3776//3776 3777//3777
f 3778//3778 3779//3779 3780//3780
f 3781//3781 3782//3782 3783//3783
f 3784//3784 3785//3785 3786//3786
f 3787//3787 3788//3788 3789//3789
f 3790//3790 3791//3791 3792//3792
f 3793//3793 3794//3794 3795//3795
f 3796//3796 3797//3797 3798//3798
f 3799//3799 3800//3800 3801//3801
f 3802//3802 3803//3803 3804//3804
f 3805//3805 3806//3806 3807//3807
f 3808//3808 3809//3809 3810//3810
f 3811//3811 3812//3812 3813//3813
f 3814//3814 3815//3815 3816//3816
f 3817//3817 3818//3818 3819//3819
f 3820//3820 3821//3821 3822//3822
f 3823//3823 3824//3824 3825//3825
f 3826//3826 3827//3827 3828//3828
f 3829//3829 3830//3830 3831//3831
f 3832//3832 3833//3833 3834//3834
f 3835//3835 3836//3836 3837//3837
f 3838//3838 3839//3839 3840//3840
f 3841//3841 3842//3842 3843//3843
f 3844//3844 3845//3845 3846//3846
f 3847//3847 3848//3848 3849//3849
f 3850//3850 3851//3851 3852//3852
f 3853//3853 3854//3854 3855//3855
f 3856//3856 3857//3857 3858//3858
f 3859//3859 3860//3860 3861//3861
f 3862//3862 3863//3863 3864//3864
f 3865//3865 3866//3866 3867//3867
f 3868//3868 3869//3869 3870//3870
f 3871//3871 3872//3872 3873//3873
f 3874//3874 3875//3875 3876//3876
f 3877//3877 3878//3878 3879//3879
f 3880//3880 3881//3881 3882//3882
f 3883//3883 3884//3884 3885//3885
f 3886//3886 3887//3887 3888//3888
f 3889//3889 3890//3890 3891//3891
f 3892//3892 3893//3893 3894//3894
f 3895//3895 3896//3896 3897//3897
f 3898//3898 3899//3899 3900//3900
f 3901//3901 3902//3902 3903//3903
f 3904//3904 3905//3905 3906//3906
f 3907//3907 3908//3908 3909//3909
f 3910//3910 3911//3911 3912//3912
f 3913//3913 3914//3914 3915//3915
f 3916//3916 3917//3917 3918//3918
f 3919//3919 3920//3920 3921//3921
f 3922//3922 3923//3923 3924//3924
f 3925//3925 3926//3926 3927//3927
f 3928//3928 3929//3929 3930//3930
f 3931//3931 3932//3932 3933//3933
f 3934//3934 3935//3935 3936//3936
f 3937//3937 3938//3938 3939//3939
f 3940//3940 3941//3941 3942//3942
f 3943//3943 3944//3944 3945//3945
f 3946//3946 3947//3947 3948//3948
f 3949//3949 3950//3950 3951//3951
f 3952//3952 3953//3953 3954//3954
f 3955//3955 3956//3956 3957//3957
f 3958//3958 3959//3959 3960//3960
f 3961//3961 3962//3962 3963//3963
f 3964//3964 3965//3965 3966//3966
f 3967//3967 3968//3968 3969//3969
f 3970//3970 3971//3971 3972//3972
f 3973//3973 3974//3974 3975//3975
f 3976//3976 3977//3977 3978//3978
f 3979//3979 3980//3980 3981//3981
f 3982//3982 3983//3983 3984//3984
f 3985//3985 3986//3986 3987//3987
f 3988//3988 3989//3989 3990//3990
f 3991//3991 3992//3992 3993//3993
f 3994//3994 3995//3995 3996//3996
f 3997//3997 3998//3998 3999//3999
f 4000//4000 4001//4001 4002//4002
f 4003//4003 4004//4004 4005//4005
f 4006//4006 4007//4007 4008//4008
f 4009//4009 4010//4010 4011//4011
f 4012//4012 4013//4013 4014//4014
f 4015//4015 4016//4016 4017//4017
f 4018//4018 4019//4019 4020//4020
f 4021//4021 4022//4022 4023//4023
f 4024//4024 4025//4025 4026//4026
f 4027//4027 4028//4028 4029//4029
f 4030//4030 4031//4031 4032//4032
f 4033//4033 4034//4034 4035//4035
f 4036//4036 4037//4037 4038//4038
f 4039//4039 4040//4040 4041//4041
f 4042//4042 4043//4043 4044//4044
f 4045//4045 4046//4046 4047//4047
f 4048//4048 4049//4049 4050//4050
f 4051//4051 4052//4052 4053//4053
f 4054//4054 4055//4055 4056//4056
f 4057//4057 4058//4058 4059//4059
f 4060//4060 4061//4061 4062//4062
f 4063//4063 4064//4064 4065//4065
f 4066//4066 4067//4067 4068//4068
f 4069//4069 4070//4070 4071//4071
f 4072//4072 4073//4073 4074//4074
f 4075//4075 4076//4076 4077//4077
f 4078//4078 4079//4079 4080//4080
f 4081//4081 4082//4082 4083//4083
f 4084//4084 4085//4085 4086//4086
f 4087//4087 4088//4088 4089//4089
f 4090//4090 4091//4091 4092//4092
f 4093//4093 4094//4094 4095//4095
f 4096//4096 4097//4097 4098//4098
f 4099//4099 4100//4100 4101//4101
f 4102//4102 4103//4103 4104//4104
f 4105//4105 4106//4106 4107//4107
f 4108//4108 4109//4109 4110//4110
f 4111//4111 4112//4112 4113//4113
f 4114//4114 4115//4115 4116//4116
f 4117//4117 4118//4118 4119//4119
f 4120//4120 4121//4121 4122//4122
f 4123//4123 4124//4124 4125//4125
f 4126//4126 4127//4127 4128//4128
f 4129//4129 4130//4130 4131//4131
f 4132//4132 4133//4133 4134//4134
f 4135//4135 4136//4136 4137//4137
f 4138//4138 4139//4139 4140//4140
f 4141//4141 4142//4142 4143//4143
f 4144//4144 4145//4145 4146//4146
f 4147//4147 4148//4148 4149//4149
f 4150//4150 4151//4151 4152//4152
f 4153//4153 4154//4154 4155//4155
f 4156//4156 4157//4157 4158//4158
f 4159//4159 4160//4160 4161//4161
f 4162//4162 4163//4163 4164//4164
f 4165//4165 4166//4166 4167//4167
f 4168//4168 4169//4169 4170//4170
f 4171//4171 4172//4172 4173//4173
f 4174//4174 4175//4175 4176//4176
f 4177//4177 4178//4178 4179//4179
f 4180//4180 4181//4181 4182//4182
f 4183//4183 4184//4184 4185//4185
f 4186//4186 4187//4187 4188//4188
f 4189//4189 4190//4190 4191//4191
f 4192//4192 4193//4193 4194//4194
f 4195//4195 4196//4196 4197//4197
f 4198//4198 4199//4199 4200//4200
f 4201//4201 4202//4202 4203//4203
f 4204//4204 4205//4205 4206//4206
f 4207//4207 4208//4208 4209//4209
f 4210//4210 4211//4211 4212//4212
f 4213//4213 4214//4214 4215//4215
f 4216//4216 4217//4217 4218//4218
f 4219//4219 4220//4220 4221//4221
f 4222//4222 4223//4223 4224//4224
f 4225//4225 4226//4226 4227//4227
f 4228//4228 4229//4229 4230//4230
f 4231//4231 4232//4232 4233//4233
f 4234//4234 4235//4235 4236//4236
f 4237//4237 4238//4238 4239//4239
f 4240//4240 4241//4241 4242//4242
f 4243//4243 4244//4244 4245//4245
f 4246//4246 4247//4247 4248//4248
f 4249//4249 4250//4250 4251//4251
f 4252//4252 4253//4253 4254//4254
f 4255//4255 4256//4256 4257//4257
f 4258//4258 4259//4259 4260//4260
f 4261//4261 4262//4262 4263//4263
f 4264//4264 4265//4265 4266//4266
f 4267//4267 4268//4268 4269//4269
f 4270//4270 4271//4271 4272//4272
f 4273//4273 4274//4274 4275//4275
f 4276//4276 4277//4277 4278//4278
f 4279//4279 4280//4280 4281//4281
f 4282//4282 4283//4283 4284//4284
f 4285//4285 4286//4286 4287//4287
f 4288//4288 4289//4289 4290//4290
f 4291//4291 4292//4292 4293//4293
f 4294//4294 4295//4295 4296//4296
f 4297//4297 4298//4298 4299//4299
f 4300//4300 4301//4301 4302//4302
f 4303//4303 4304//4304 4305//4305
f 4306//4306 4307//4307 4308//4308
f 4309//4309 4310//4310 4311//4311
f 4312//4312 4313//4313 4314//4314
f 4315//4315 4316//4316 4317//4317
f 4318//4318 4319//4319 4320//4320
f 4321//4321 4322//4322 4323//4323
f 4324//4324 4325//4325 4326//4326
f 4327//4327 4328//4328 4329//4329
f 4330//4330 4331//4331 4332//4332
f 4333//4333 4334//4334 4335//4335
f 4336//4336 4337//4337 4338//4338
f 4339//4339 4340//4340 4341//4341
f 4342//4342 4343//4343 4344//4344
f 4345//4345 4346//4346 4347//4347
f 4348//4348 4349//4349 4350//4350
f 4351//4351 4352//4352 4353//4353
f 4354//4354 4355//4355 4356//4356
f 4357//4357 4358//4358 4359//4359
f 4360//4360 4361//4361 4362//4362
f 4363//4363 4364//4364 4365//4365
f 4366//4366 4367//4367 4368//4368
f 4369//4369 4370//4370 4371//4371
f 4372//4372 4373//4373 4374//4374
f 4375//4375 4376//4376 4377//4377
f 4378//4378 4379//4379 4380//4380
f 4381//4381 4382//4382 4383//4383
f 4384//4384 4385//4385 4386//4386
f 4387//4387 4388//4388 4389//4389
f 4390//4390 4391//4391 4392//4392
f 4393//4393 4394//4394 4395//4395
f 4396//4396 4397//4397 4398//4398
f 4399//4399 4400//4400 4401//4401
f 4402//4402 4403//4403 4404//4404
f 4405//4405 4406//4406 4407//4407
f 4408//4408 4409//4409 4410//4410
f 4411//4411 4412//4412 4413//4413
f 4414//4414 4415//4415 4416//4416
f 4417//4417 4418//4418 4419//4419
f 4420//4420 4421//4421 4422//4422
f 4423//4423 4424//4424 4425//4425
f 4426//4426 4427//4427 4428//4428
f 4429//4429 4430//4430 4431//4431
f 4432//4432 4433//4433 4434//4434
f 4435//4435 4436//4436 4437//4437
f 4438//4438 4439//4439 4440//4440
f 4441//4441 4442//4442 4443//4443
f 4444//4444 4445//4445 4446//4446
f 4447//4447 4448//4448 4449//4449
f 4450//4450 4451//4451 4452//4452
f 4453//4453 4454//4454 4455//4455
f 4456//4456 4457//4457 4458//4458
f 4459//4459 4460//4460 4461//4461
f 4462//4462 4463//4463 4464//4464
f 4465//4465 4466//4466 4467//4467
f 4468//4468 4469//4469 4470//4470
f 4471//4471 4472//4472 4473//4473
f 4474//4474 4475//4475 4476//4476
f 4477//4477 4478//4478 4479//4479
f 4480//4480 4481//4481 4482//4482
f 4483//4483 4484//4484 4485//4485
f 4486//4486 4487//4487 4488//4488
f 4489//4489 4490//4490 4491//4491
f 4492//4492 4493//4493 4494//4494
f 4495//4495 4496//4496 4497//4497
f 4498//4498 4499//4499 4500//4500
f 4501//4501 4502//4502 4503//4503
f 4504//4504 4505//4505 4506//4506
f 4507//4507 4508//4508 4509//4509
f 4510//4510 4511//4511 4512//4512
f 4513//4513 4514//4514 4515//4515
f 4516//4516 4517//4517 4518//4518
f 4519//4519 4520//4520 4521//4521
f 4522//4522 4523//4523 4524//4524
f 4525//4525 4526//4526 4527//4527
f 4528//4528 4529//4529 4530//4530
f 4531//4531 4532//4532 4533//4533
f 4534//4534 4535//4535 4536//4536
f 4537//4537 4538//4538 4539//4539
f 4540//4540 4541//4541 4542//4542
f 4543//4543 4544//4544 4545//4545
f 4546//4546 4547//4547 4548//4548
f 4549//4549 4550//4550 4551//4551
f 4552//4552 4553//4553 4554//4554
f 4555//4555 4556//4556 4557//4557
f 4558//4558 4559//4559 4560//4560
f 4561//4561 4562//4562 4563//4563
f 4564//4564 4565//4565 4566//4566
f 4567//4567 4568//4568 4569//4569
f 4570//4570 4571//4571 4572//4572
f 4573//4573 4574//4574 4575//4575
f 4576//4576 4577//4577 4578//4578
f 4579//4579 4580//4580 4581//4581
f 4582//4582 4583//4583 4584//4584
f 4585//4585 4586//4586 4587//4587
f 4588//4588 4589//4589 4590//4590
f 4591//4591 4592//4592 4593//4593
f 4594//4594 4595//4595 4596//4596
f 4597//4597 4598//4598 4599//4599
f 4600//4600 4601//4601 4602//4602
f 4603//4603 4604//4604 4605//4605
f 4606//4606 4607//4607 4608//4608
f 4609//4609 4610//4610 4611//4611
f 4612//4612 4613//4613 4614//4614
f 4615//4615 4616//4616 4617//4617
f 4618//4618 4619//4619 4620//4620
f 4621//4621 4622//4622 4623//4623
f 4624//4624 4625//4625 4626//4626
f 4627//4627 4628//4628 4629//4629
f 4630//4630 4631//4631 4632//4632
f 4633//4633 4634//4634 4635//4635
f 4636//4636 4637//4637 4638//4638
f 4639//4639 4640//4640 4641//4641
f 4642//4642 4643//4643 4644//4644
f 4645//4645 4646//4646 4647//4647
f 4648//4648 4649//4649 4650//4650
f 4651//4651 4652//4652 4653//4653
f 4654//4654 4655//4655 4656//4656
f 4657//4657 4658//4658 4659//4659
f 4660//4660 4661//4661 4662//4662
f 4663//4663 4664//4664 4665//4665
f 4666//4666 4667//4667 4668//4668
f 4669//4669 4670//4670 4671//4671
f 4672//4672 4673//4673 4674//4674
f 4675//4675 4676//4676 4677//4677
f 4678//4678 4679//4679 4680//4680
f 4681//4681 4682//4682 4683//4683
f 4684//4684 4685//4685 4686//4686
f 4687//4687 4688//4688 4689//4689
f 4690//4690 4691//4691 4692//4692
f 4693//4693 4694//4694 4695//4695
f 4696//4696 4697//4697 4698//4698
f 4699//4699 4700//4700 4701//4701
f 4702//4702 4703//4703 4704//4704
f 4705//4705 4706//4706 4707//4707
f 4708//4708 4709//4709 4710//4710
f 4711//4711 4712//4712 4713//4713
f 4714//4714 4715//4715 4716//4716
f 4717//4717 4718//4718 4719//4719
f 4720//4720 4721//4721 4722//4722
f 4723//4723 4724//4724 4725//4725
f 4726//4726 4727//4727 4728//4728
f 4729//4729 4730//4730 4731//4731
f 4732//4732 4733//4733 4734//4734
f 4735//4735 4736//4736 4737//4737
f 4738//4738 4739//4739 4740//4740
f 4741//4741 4742//4742 4743//4743
f 4744//4744 4745//4745 4746//4746
f 4747//4747 4748//4748 4749//4749
f 4750//4750 4751//4751 4752//4752
f 4753//4753 4754//4754 4755//4755
f 4756//4756 4757//4757 4758//4758
f 4759//4759 4760//4760 4761//4761
f 4762//4762 4763//4763 4764//4764
f 4765//4765 4766//4766 4767//4767
f 4768//4768 4769//4769 4770//4770
f 4771//4771 4772//4772 4773//4773
f 4774//4774 4775//4775 4776//4776
f 4777//4777 4778//4778 4779//4779
f 4780//4780 4781//4781 4782//4782
f 4783//4783 4784//4784 4785//4785
f 4786//4786 4787//4787 4788//4788
f 4789//4789 4790//4790 4791//4791
f 4792//4792 4793//4793 4794//4794
f 4795//4795 4796//4796 4797//4797
f 4798//4798 4799//4799 4800//4800
f 4801//4801 4802//4802 4803//4803
f 4804//4804 4805//4805 4806//4806
f 4807//4807 4808//4808 4809//4809
f 4810//4810 4811//4811 4812//4812
f 4813//4813 4814//4814 4815//4815
f 4816//4816 4817//4817 4818//4818
f 4819//4819 4820//4820 4821//4821
f 4822//4822 4823//4823 4824//4824
f 4825//4825 4826//4826 4827//4827
f 4828//4828 4829//4829 4830//4830
f 4831//4831 4832//4832 4833//4833
f 4834//4834 4835//4835 4836//4836
f 4837//4837 4838//4838 4839//4839
f 4840//4840 4841//4841 4842//4842
f 4843//4843 4844//4844 4845//4845
f 4846//4846 4847//4847 4848//4848
f 4849//4849 4850//4850 4851//4851
f 4852//4852 4853//4853 4854//4854
f 4855//4855 4856//4856 4857//4857
f 4858//4858 4859//4859 4860//4860
f 4861//4861 4862//4862 4863//4863
f 4864//4864 4865//4865 4866//4866
f 4867//4867 4868//4868 4869//4869
f 4870//4870 4871//4871 4872//4872
f 4873//4873 4874//4874 4875//4875
f 4876//4876 4877//4877 4878//4878
f 4879//4879 4880//4880 4881//4881
f 4882//4882 4883//4883 4884//4884
f 4885//4885 4886//4886 4887//4887
f 4888//4888 4889//4889 4890//4890
f 4891//4891 4892//4892 4893//4893
f 4894//4894 4895//4895 4896//4896
f 4897//4897 4898//4898 4899//4899
f 4900//4900 4901//4901 4902//4902
f 4903//4903 4904//4904 4905//4905
f 4906//4906 4907//4907 4908//4908
f 4909//4909 4910//4910 4911//4911
f 4912//4912 4913//4913 4914//4914
f 4915//4915 4916//4916 4917//4917
f 4918//4918 4919//4919 4920//4920
f 4921//4921 4922//4922 4923//4923
f 4924//4924 4925//4925 4926//4926
f 4927//4927 4928//4928 4929//4929
f 4930//4930 4931//4931 4932//4932
f 4933//4933 4934//4934 4935//4935
f 4936//4936 4937//4937 4938//4938
f 4939//4939 4940//4940 4941//4941
f 4942//4942 4943//4943 4944//4944
f 4945//4945 4946//4946 4947//4947
f 4948//4948 4949//4949 4950//4950
f 4951//4951 4952//4952 4953//4953
f 4954//4954 4955//4955 4956//4956
f 4957//4957 4958//4958 4959//4959
f 4960//4960 4961//4961 4962//4962
f 4963//4963 4964//4964 4965//4965
f 4966//4966 4967//4967 4968//4968
f 4969//4969 4970//4970 4971//4971
f 4972//4972 4973//4973 4974//4974
f 4975//4975 4976//4976 4977//4977
f 4978//4978 4979//4979 4980//4980
f 4981//4981 4982//4982 4983//4983
f 4984//4984 4985//4985 4986//4986
f 4987//4987 4988//4988 4989//4989
f 4990//4990 4991//4991 4992//4992
f 4993//4993 4994//4994 4995//4995
f 4996//4996 4997//4997 4998//4998
f 4999//4999 5000//5000 5001//5001
f 5002//5002 5003//5003 5004//5004
f 5005//5005 5006//5006 5007//5007
f 5008//5008 5009//5009 5010//5010
f 5011//5011 5012//5012 5013//5013
f 5014//5014 5015//5015 5016//5016
f 5017//5017 5018//5018 5019//5019
f 5020//5020 5021//5021 5022//5022
f 5023//5023 5024//5024 5025//5025
f 5026//5026 5027//5027 5028//5028
f 5029//5029 5030//5030 5031//5031
f 5032//5032 5033//5033 5034//5034
f 5035//5035 5036//5036 5037//5037
f 5038//5038 5039//5039 5040//5040
f 5041//5041 5042//5042 5043//5043
f 5044//5044 5045//5045 5046//5046
f 5047//5047 5048//5048 5049//5049
f 5050//5050 5051//5051 5052//5052
f 5053//5053 5054//5054 5055//5055
f 5056//5056 5057//5057 5058//5058
f 5059//5059 5060//5060 5061//5061
f 5062//5062 5063//5063 5064//5064
f 5065//5065 5066//5066 5067//5067
f 5068//5068 5069//5069 5070//5070
f 5071//5071 5072//5072 5073//5073
f 5074//5074 5075//5075 5076//5076
f 5077//5077 5078//5078 5079//5079
f 5080//5080 5081//5081 5082//5082
f 5083//5083 5084//5084 5085//5085
f 5086//5086 5087//5087 5088//5088
f 5089//5089 5090//5090 5091//5091
f 5092//5092 5093//5093 5094//5094
f 5095//5095 5096//5096 5097//5097
f 5098//5098 5099//5099 5100//5100
f 5101//5101 5102//5102 5103//5103
f 5104//5104 5105//5105 5106//5106
f 5107//5107 5108//5108 5109//5109
f 5110//5110 5111//5111 5112//5112
f 5113//5113 5114//5114 5115//5115
f 5116//5116 5117//5117 5118//5118
f 5119//5119 5120//5120 5121//5121
f 5122//5122 5123//5123 5124//5124
f 5125//5125 5126//5126 5127//5127
f 5128//5128 5129//5129 5130//5130
f 5131//5131 5132//5132 5133//5133
f 5134//5134 5135//5135 5136//5136
f 5137//5137 5138//5138 5139//5139
f 5140//5140 5141//5141 5142//5142
f 5143//5143 5144//5144 5145//5145
f 5146//5146 5147//5147 5148//5148
f 5149//5149 5150//5150 5151//5151
f 5152//5152 5153//5153 5154//5154

