# https://github.com/mikedh/trimesh
v -0.02545538 0.01717366 -0.02225603
v -0.02674922 0.02083148 -0.01868090
v -0.02594192 0.02093716 -0.01841511
v -0.03226089 0.02051162 -0.02088109
v -0.02914405 0.01681873 -0.02367504
v -0.03395538 0.02050000 -0.02164382
v -0.03395538 0.02050000 -0.02164382
v -0.02914405 0.01681873 -0.02367504
v -0.03167199 0.01672279 -0.02478091
v -0.03395538 0.02050000 -0.02164382
v -0.03167199 0.01672279 -0.02478091
v -0.03556135 0.02050001 -0.02238585
v -0.03556135 0.02050001 -0.02238585
v -0.03167199 0.01672279 -0.02478091
v -0.03395539 0.01670003 -0.02582980
v -0.03226089 0.02051162 -0.02088109
v -0.03137477 0.02052895 -0.02049321
v -0.02914405 0.01681873 -0.02367504
v -0.02914405 0.01681873 -0.02367504
v -0.03137477 0.02052895 -0.02049321
v -0.03062014 0.02055147 -0.02017100
v -0.02914405 0.01681873 -0.02367504
v -0.03062014 0.02055147 -0.02017100
v -0.02861072 0.01685194 -0.02345268
v -0.02861072 0.01685194 -0.02345268
v -0.03062014 0.02055147 -0.02017100
v -0.02902521 0.02062848 -0.01952015
v -0.02861072 0.01685194 -0.02345268
v -0.02902521 0.02062848 -0.01952015
v -0.02718236 0.01696913 -0.02288266
v -0.02718236 0.01696913 -0.02288266
v -0.02902521 0.02062848 -0.01952015
v -0.02545538 0.01717366 -0.02225603
v -0.02545538 0.01717366 -0.02225603
v -0.02902521 0.02062848 -0.01952015
v -0.02746901 0.02075322 -0.01893301
v -0.02545538 0.01717366 -0.02225603
v -0.02746901 0.02075322 -0.01893301
v -0.02674922 0.02083148 -0.01868090
v -0.02443261 0.02119175 -0.01797063
v -0.02300868 0.01760884 -0.02152326
v -0.02594192 0.02093716 -0.01841511
v -0.02594192 0.02093716 -0.01841511
v -0.02300868 0.01760884 -0.02152326
v -0.02389407 0.01742977 -0.02176471
v -0.02594192 0.02093716 -0.01841511
v -0.02389407 0.01742977 -0.02176471
v -0.02545538 0.01717366 -0.02225603
v -0.02070503 0.02217571 -0.01718654
v -0.01814789 0.01904247 -0.02070430
v -0.02089483 0.02211346 -0.01721559
v -0.02089483 0.02211346 -0.01721559
v -0.01814789 0.01904247 -0.02070430
v -0.01963663 0.01852383 -0.02086903
v -0.02089483 0.02211346 -0.01721559
v -0.01963663 0.01852383 -0.02086903
v -0.02239456 0.02166609 -0.01748579
v -0.02239456 0.02166609 -0.01748579
v -0.01963663 0.01852383 -0.02086903
v -0.02018494 0.01834992 -0.02094737
v -0.02239456 0.02166609 -0.01748579
v -0.02018494 0.01834992 -0.02094737
v -0.02305586 0.02149516 -0.01762823
v -0.02305586 0.02149516 -0.01762823
v -0.02018494 0.01834992 -0.02094737
v -0.02112348 0.01807473 -0.02110602
v -0.02305586 0.02149516 -0.01762823
v -0.02112348 0.01807473 -0.02110602
v -0.02387885 0.02130529 -0.01782557
v -0.02387885 0.02130529 -0.01782557
v -0.02112348 0.01807473 -0.02110602
v -0.02211810 0.01781457 -0.02130946
v -0.02387885 0.02130529 -0.01782557
v -0.02211810 0.01781457 -0.02130946
v -0.02443261 0.02119175 -0.01797063
v -0.02443261 0.02119175 -0.01797063
v -0.02211810 0.01781457 -0.02130946
v -0.02260473 0.01769897 -0.02142260
v -0.02443261 0.02119175 -0.01797063
v -0.02260473 0.01769897 -0.02142260
v -0.02300868 0.01760884 -0.02152326
v -0.01772793 0.02329051 -0.01686187
v -0.01664560 0.01962397 -0.02059816
v -0.01929662 0.02267327 -0.01700413
v -0.01929662 0.02267327 -0.01700413
v -0.01664560 0.01962397 -0.02059816
v -0.01814789 0.01904247 -0.02070430
v -0.01929662 0.02267327 -0.01700413
v -0.01814789 0.01904247 -0.02070430
v -0.02025260 0.02232886 -0.01712175
v -0.02025260 0.02232886 -0.01712175
v -0.01814789 0.01904247 -0.02070430
v -0.02070503 0.02217571 -0.01718654
v -0.01204463 0.02582979 -0.01670003
v -0.01043867 0.02238585 -0.02050002
v -0.01364506 0.02508804 -0.01670859
v -0.01364506 0.02508804 -0.01670859
v -0.01043867 0.02238585 -0.02050002
v -0.01204462 0.02164082 -0.02050000
v -0.01364506 0.02508804 -0.01670859
v -0.01204462 0.02164082 -0.02050000
v -0.01521741 0.02437369 -0.01673956
v -0.01521741 0.02437369 -0.01673956
v -0.01204462 0.02164082 -0.02050000
v -0.01475419 0.02042052 -0.02052727
v -0.01521741 0.02437369 -0.01673956
v -0.01475419 0.02042052 -0.02052727
v -0.01749727 0.02338584 -0.01684573
v -0.01749727 0.02338584 -0.01684573
v -0.01475419 0.02042052 -0.02052727
v -0.01511999 0.02026180 -0.02053671
v -0.01749727 0.02338584 -0.01684573
v -0.01511999 0.02026180 -0.02053671
v -0.01772793 0.02329051 -0.01686187
v -0.01772793 0.02329051 -0.01686187
v -0.01511999 0.02026180 -0.02053671
v -0.01612293 0.01983771 -0.02057260
v -0.01772793 0.02329051 -0.01686187
v -0.01612293 0.01983771 -0.02057260
v -0.01664560 0.01962397 -0.02059816
v -0.03556137 -0.02249998 -0.02238585
v -0.03395536 -0.01870001 -0.02582976
v -0.03395538 -0.02250000 -0.02164796
v -0.03395538 -0.02250000 -0.02164796
v -0.03395536 -0.01870001 -0.02582976
v -0.03178315 -0.01870152 -0.02483739
v -0.03395538 -0.02250000 -0.02164796
v -0.03178315 -0.01870152 -0.02483739
v -0.03186056 -0.02250142 -0.02072412
v -0.03186056 -0.02250142 -0.02072412
v -0.03178315 -0.01870152 -0.02483739
v -0.02970219 -0.01870995 -0.02393378
v -0.03186056 -0.02250142 -0.02072412
v -0.02970219 -0.01870995 -0.02393378
v -0.02984040 -0.02251038 -0.01988523
v -0.02984040 -0.02251038 -0.01988523
v -0.02970219 -0.01870995 -0.02393378
v -0.02770577 -0.01873400 -0.02312489
v -0.02984040 -0.02251038 -0.01988523
v -0.02770577 -0.01873400 -0.02312489
v -0.02867467 -0.02252258 -0.01943035
v -0.02867467 -0.02252258 -0.01943035
v -0.02770577 -0.01873400 -0.02312489
v -0.02788851 -0.02253522 -0.01913786
v -0.02770577 -0.01873400 -0.02312489
v -0.02620929 -0.01877055 -0.02256694
v -0.02788851 -0.02253522 -0.01913786
v -0.02788851 -0.02253522 -0.01913786
v -0.02620929 -0.01877055 -0.02256694
v -0.02578528 -0.01878486 -0.02241785
v -0.02788851 -0.02253522 -0.01913786
v -0.02578528 -0.01878486 -0.02241785
v -0.02599945 -0.02258663 -0.01848850
v -0.02599945 -0.02258663 -0.01848850
v -0.02578528 -0.01878486 -0.02241785
v -0.02384075 -0.01888026 -0.02179419
v -0.02599945 -0.02258663 -0.01848850
v -0.02384075 -0.01888026 -0.02179419
v -0.02510839 -0.02262487 -0.01821153
v -0.02510839 -0.02262487 -0.01821153
v -0.02384075 -0.01888026 -0.02179419
v -0.02310606 -0.01893245 -0.02158747
v -0.02510839 -0.02262487 -0.01821153
v -0.02310606 -0.01893245 -0.02158747
v -0.02417088 -0.02267813 -0.01794329
v -0.02417088 -0.02267813 -0.01794329
v -0.02310606 -0.01893245 -0.02158747
v -0.02232176 -0.01900050 -0.02138632
v -0.02417088 -0.02267813 -0.01794329
v -0.02232176 -0.01900050 -0.02138632
v -0.02385483 -0.02269960 -0.01785858
v -0.02385483 -0.02269960 -0.01785858
v -0.02232176 -0.01900050 -0.02138632
v -0.02310116 -0.02275905 -0.01766881
v -0.02310116 -0.02275905 -0.01766881
v -0.02232176 -0.01900050 -0.02138632
v -0.02081453 -0.01917316 -0.02106058
v -0.02310116 -0.02275905 -0.01766881
v -0.02081453 -0.01917316 -0.02106058
v -0.02233538 -0.02283297 -0.01749416
v -0.01934274 -0.02329144 -0.01699174
v -0.01740739 -0.01981863 -0.02062484
v -0.01801338 -0.02360145 -0.01685872
v -0.01801338 -0.02360145 -0.01685872
v -0.01740739 -0.01981863 -0.02062484
v -0.01636835 -0.02009751 -0.02056424
v -0.01801338 -0.02360145 -0.01685872
v -0.01636835 -0.02009751 -0.02056424
v -0.01740199 -0.02376847 -0.01681405
v -0.02233538 -0.02283297 -0.01749416
v -0.02081453 -0.01917316 -0.02106058
v -0.02083315 -0.02302544 -0.01720605
v -0.02083315 -0.02302544 -0.01720605
v -0.02081453 -0.01917316 -0.02106058
v -0.01931206 -0.01940973 -0.02081864
v -0.02083315 -0.02302544 -0.01720605
v -0.01931206 -0.01940973 -0.02081864
v -0.02019145 -0.02313002 -0.01710503
v -0.02019145 -0.02313002 -0.01710503
v -0.01931206 -0.01940973 -0.02081864
v -0.01855978 -0.01955584 -0.02072785
v -0.02019145 -0.02313002 -0.01710503
v -0.01855978 -0.01955584 -0.02072785
v -0.01934274 -0.02329144 -0.01699174
v -0.01934274 -0.02329144 -0.01699174
v -0.01855978 -0.01955584 -0.02072785
v -0.01804174 -0.01966797 -0.02067645
v -0.01934274 -0.02329144 -0.01699174
v -0.01804174 -0.01966797 -0.02067645
v -0.01740739 -0.01981863 -0.02062484
v -0.01204461 -0.02166515 -0.02050000
v -0.01262606 -0.02556269 -0.01670018
v -0.01457099 -0.02473684 -0.01671132
v -0.01740199 -0.02376847 -0.01681405
v -0.01636835 -0.02009751 -0.02056424
v -0.01634376 -0.02409400 -0.01675791
v -0.01634376 -0.02409400 -0.01675791
v -0.01636835 -0.02009751 -0.02056424
v -0.01461428 -0.02065803 -0.02051342
v -0.01634376 -0.02409400 -0.01675791
v -0.01461428 -0.02065803 -0.02051342
v -0.01528331 -0.02446462 -0.01672420
v -0.01528331 -0.02446462 -0.01672420
v -0.01461428 -0.02065803 -0.02051342
v -0.01366954 -0.02100443 -0.02050363
v -0.01528331 -0.02446462 -0.01672420
v -0.01366954 -0.02100443 -0.02050363
v -0.01457099 -0.02473684 -0.01671132
v -0.01457099 -0.02473684 -0.01671132
v -0.01366954 -0.02100443 -0.02050363
v -0.01273955 -0.02137323 -0.02050036
v -0.01457099 -0.02473684 -0.01671132
v -0.01273955 -0.02137323 -0.02050036
v -0.01204461 -0.02166515 -0.02050000
v -0.01204461 -0.02166515 -0.02050000
v -0.01066725 -0.02227982 -0.02050000
v -0.01262606 -0.02556269 -0.01670018
v -0.01262606 -0.02556269 -0.01670018
v -0.01066725 -0.02227982 -0.02050000
v -0.01043872 -0.02238578 -0.02049999
v -0.01262606 -0.02556269 -0.01670018
v -0.01043872 -0.02238578 -0.02049999
v -0.01204463 -0.02582976 -0.01670003
v -0.03395539 -0.01870000 0.02582978
v -0.03357033 -0.02060025 0.02358334
v -0.03222980 -0.01870172 0.02508877
v -0.03222980 -0.01870172 0.02508877
v -0.03357033 -0.02060025 0.02358334
v -0.03222279 -0.02060278 0.02305644
v -0.03222980 -0.01870172 0.02508877
v -0.03222279 -0.02060278 0.02305644
v -0.03046520 -0.01871381 0.02445482
v -0.03046520 -0.01871381 0.02445482
v -0.03222279 -0.02060278 0.02305644
v -0.02939468 -0.02063286 0.02216289
v -0.03046520 -0.01871381 0.02445482
v -0.02939468 -0.02063286 0.02216289
v -0.02865942 -0.01874713 0.02392408
v -0.02865942 -0.01874713 0.02392408
v -0.02939468 -0.02063286 0.02216289
v -0.02680893 -0.01881313 0.02349202
v -0.02680893 -0.01881313 0.02349202
v -0.02939468 -0.02063286 0.02216289
v -0.02639780 -0.02073730 0.02149018
v -0.02680893 -0.01881313 0.02349202
v -0.02639780 -0.02073730 0.02149018
v -0.02583327 -0.01886442 0.02330537
v -0.02334950 -0.02096668 0.02104139
v -0.02391873 -0.01900530 0.02301191
v -0.02639780 -0.02073730 0.02149018
v -0.02639780 -0.02073730 0.02149018
v -0.02391873 -0.01900530 0.02301191
v -0.02491000 -0.01892528 0.02315247
v -0.02639780 -0.02073730 0.02149018
v -0.02491000 -0.01892528 0.02315247
v -0.02583327 -0.01886442 0.02330537
v -0.02018071 -0.02138896 0.02076961
v -0.02014934 -0.01947379 0.02266277
v -0.02334950 -0.02096668 0.02104139
v -0.02334950 -0.02096668 0.02104139
v -0.02014934 -0.01947379 0.02266277
v -0.02190499 -0.01922056 0.02279267
v -0.02334950 -0.02096668 0.02104139
v -0.02190499 -0.01922056 0.02279267
v -0.02391873 -0.01900530 0.02301191
v -0.01625211 -0.02029675 0.02252305
v -0.01733965 -0.02002707 0.02254573
v -0.01706221 -0.02204374 0.02064278
v -0.01706221 -0.02204374 0.02064278
v -0.01733965 -0.02002707 0.02254573
v -0.01796579 -0.01988667 0.02256381
v -0.01706221 -0.02204374 0.02064278
v -0.01796579 -0.01988667 0.02256381
v -0.02018071 -0.02138896 0.02076961
v -0.02018071 -0.02138896 0.02076961
v -0.01796579 -0.01988667 0.02256381
v -0.01988622 -0.01951755 0.02264749
v -0.02018071 -0.02138896 0.02076961
v -0.01988622 -0.01951755 0.02264749
v -0.02014934 -0.01947379 0.02266277
v -0.01335397 -0.02119156 0.02250070
v -0.01420277 -0.02090148 0.02250314
v -0.01416176 -0.02291871 0.02060444
v -0.01416176 -0.02291871 0.02060444
v -0.01420277 -0.02090148 0.02250314
v -0.01458715 -0.02077797 0.02250513
v -0.01416176 -0.02291871 0.02060444
v -0.01458715 -0.02077797 0.02250513
v -0.01706221 -0.02204374 0.02064278
v -0.01706221 -0.02204374 0.02064278
v -0.01458715 -0.02077797 0.02250513
v -0.01606296 -0.02034716 0.02252009
v -0.01706221 -0.02204374 0.02064278
v -0.01606296 -0.02034716 0.02252009
v -0.01625211 -0.02029675 0.02252305
v -0.01335397 -0.02119156 0.02250070
v -0.01416176 -0.02291871 0.02060444
v -0.01238887 -0.02155164 0.02250001
v -0.01238887 -0.02155164 0.02250001
v -0.01416176 -0.02291871 0.02060444
v -0.01154611 -0.02396777 0.02060003
v -0.01238887 -0.02155164 0.02250001
v -0.01154611 -0.02396777 0.02060003
v -0.01204462 -0.02168830 0.02250000
v -0.01204462 -0.02168830 0.02250000
v -0.01154611 -0.02396777 0.02060003
v -0.01124164 -0.02410779 0.02060000
v -0.01204462 -0.02168830 0.02250000
v -0.01124164 -0.02410779 0.02060000
v -0.01043874 -0.02238577 0.02249998
v -0.01553423 -0.02445538 0.01871381
v -0.01496977 -0.02464516 0.01870819
v -0.01455715 -0.02376355 0.01967681
v -0.01455715 -0.02376355 0.01967681
v -0.01496977 -0.02464516 0.01870819
v -0.01376960 -0.02508912 0.01870172
v -0.01455715 -0.02376355 0.01967681
v -0.01376960 -0.02508912 0.01870172
v -0.01193927 -0.02481019 0.01967046
v -0.01193927 -0.02481019 0.01967046
v -0.01376960 -0.02508912 0.01870172
v -0.01204461 -0.02582978 0.01870000
v -0.01193927 -0.02481019 0.01967046
v -0.01204461 -0.02582978 0.01870000
v -0.01163449 -0.02495027 0.01967042
v -0.01553423 -0.02445538 0.01871381
v -0.01455715 -0.02376355 0.01967681
v -0.01734053 -0.02392484 0.01874712
v -0.01734053 -0.02392484 0.01874712
v -0.01455715 -0.02376355 0.01967681
v -0.01745868 -0.02289815 0.01972288
v -0.01734053 -0.02392484 0.01874712
v -0.01745868 -0.02289815 0.01972288
v -0.01787241 -0.02378971 0.01876234
v -0.02206634 -0.02301486 0.01900395
v -0.02109314 -0.02315305 0.01892548
v -0.02058084 -0.02225937 0.01986413
v -0.02058084 -0.02225937 0.01986413
v -0.02109314 -0.02315305 0.01892548
v -0.02016515 -0.02330671 0.01886431
v -0.02058084 -0.02225937 0.01986413
v -0.02016515 -0.02330671 0.01886431
v -0.01745868 -0.02289815 0.01972288
v -0.01745868 -0.02289815 0.01972288
v -0.02016515 -0.02330671 0.01886431
v -0.01919247 -0.02349274 0.01881318
v -0.01745868 -0.02289815 0.01972288
v -0.01919247 -0.02349274 0.01881318
v -0.01787241 -0.02378971 0.01876234
v -0.02206634 -0.02301486 0.01900395
v -0.02058084 -0.02225937 0.01986413
v -0.02300905 -0.02290148 0.01909520
v -0.02300905 -0.02290148 0.01909520
v -0.02058084 -0.02225937 0.01986413
v -0.02375207 -0.02185716 0.02015544
v -0.02300905 -0.02290148 0.01909520
v -0.02375207 -0.02185716 0.02015544
v -0.02408021 -0.02279476 0.01921869
v -0.02408021 -0.02279476 0.01921869
v -0.02375207 -0.02185716 0.02015544
v -0.02609895 -0.02264883 0.01951504
v -0.02609895 -0.02264883 0.01951504
v -0.02375207 -0.02185716 0.02015544
v -0.02679704 -0.02164588 0.02062318
v -0.02609895 -0.02264883 0.01951504
v -0.02679704 -0.02164588 0.02062318
v -0.02721365 -0.02259433 0.01971795
v -0.02979087 -0.02155436 0.02131032
v -0.02865792 -0.02254602 0.02002650
v -0.02679704 -0.02164588 0.02062318
v -0.02679704 -0.02164588 0.02062318
v -0.02865792 -0.02254602 0.02002650
v -0.02802651 -0.02256434 0.01988500
v -0.02679704 -0.02164588 0.02062318
v -0.02802651 -0.02256434 0.01988500
v -0.02721365 -0.02259433 0.01971795
v -0.03360408 -0.02250001 0.02154889
v -0.03303017 -0.02250025 0.02133094
v -0.03261793 -0.02153102 0.02221226
v -0.03261793 -0.02153102 0.02221226
v -0.03303017 -0.02250025 0.02133094
v -0.03178989 -0.02250321 0.02089908
v -0.03261793 -0.02153102 0.02221226
v -0.03178989 -0.02250321 0.02089908
v -0.02979087 -0.02155436 0.02131032
v -0.02979087 -0.02155436 0.02131032
v -0.03178989 -0.02250321 0.02089908
v -0.02992949 -0.02252033 0.02034512
v -0.02979087 -0.02155436 0.02131032
v -0.02992949 -0.02252033 0.02034512
v -0.02865792 -0.02254602 0.02002650
v -0.03515119 -0.02152957 0.02326530
v -0.03556126 -0.02249998 0.02238577
v -0.03261793 -0.02153102 0.02221226
v -0.03261793 -0.02153102 0.02221226
v -0.03556126 -0.02249998 0.02238577
v -0.03395538 -0.02250000 0.02168830
v -0.03261793 -0.02153102 0.02221226
v -0.03395538 -0.02250000 0.02168830
v -0.03360408 -0.02250001 0.02154889
v -0.01163449 -0.02495027 0.01967042
v -0.01124164 -0.02410779 0.02060000
v -0.01193927 -0.02481019 0.01967046
v -0.01193927 -0.02481019 0.01967046
v -0.01124164 -0.02410779 0.02060000
v -0.01154611 -0.02396777 0.02060003
v -0.01193927 -0.02481019 0.01967046
v -0.01154611 -0.02396777 0.02060003
v -0.01455715 -0.02376355 0.01967681
v -0.01455715 -0.02376355 0.01967681
v -0.01154611 -0.02396777 0.02060003
v -0.01416176 -0.02291871 0.02060444
v -0.01455715 -0.02376355 0.01967681
v -0.01416176 -0.02291871 0.02060444
v -0.01745868 -0.02289815 0.01972288
v -0.01745868 -0.02289815 0.01972288
v -0.01416176 -0.02291871 0.02060444
v -0.01706221 -0.02204374 0.02064278
v -0.01745868 -0.02289815 0.01972288
v -0.01706221 -0.02204374 0.02064278
v -0.02058084 -0.02225937 0.01986413
v -0.02058084 -0.02225937 0.01986413
v -0.01706221 -0.02204374 0.02064278
v -0.02018071 -0.02138896 0.02076961
v -0.02058084 -0.02225937 0.01986413
v -0.02018071 -0.02138896 0.02076961
v -0.02375207 -0.02185716 0.02015544
v -0.02375207 -0.02185716 0.02015544
v -0.02018071 -0.02138896 0.02076961
v -0.02334950 -0.02096668 0.02104139
v -0.02375207 -0.02185716 0.02015544
v -0.02334950 -0.02096668 0.02104139
v -0.02679704 -0.02164588 0.02062318
v -0.02679704 -0.02164588 0.02062318
v -0.02334950 -0.02096668 0.02104139
v -0.02639780 -0.02073730 0.02149018
v -0.02679704 -0.02164588 0.02062318
v -0.02639780 -0.02073730 0.02149018
v -0.02979087 -0.02155436 0.02131032
v -0.02979087 -0.02155436 0.02131032
v -0.02639780 -0.02073730 0.02149018
v -0.02939468 -0.02063286 0.02216289
v -0.02979087 -0.02155436 0.02131032
v -0.02939468 -0.02063286 0.02216289
v -0.03261793 -0.02153102 0.02221226
v -0.03261793 -0.02153102 0.02221226
v -0.02939468 -0.02063286 0.02216289
v -0.03222279 -0.02060278 0.02305644
v -0.03261793 -0.02153102 0.02221226
v -0.03222279 -0.02060278 0.02305644
v -0.03515119 -0.02152957 0.02326530
v -0.03515119 -0.02152957 0.02326530
v -0.03222279 -0.02060278 0.02305644
v -0.03357033 -0.02060025 0.02358334
v -0.03515119 -0.02152957 0.02326530
v -0.03357033 -0.02060025 0.02358334
v -0.03475834 -0.02060000 0.02410778
v -0.03475834 -0.02060000 0.02410778
v -0.03357033 -0.02060025 0.02358334
v -0.03395539 -0.01870000 0.02582978
v -0.01043863 0.02238585 0.02249998
v -0.01204464 0.02582976 0.01870001
v -0.01204462 0.02164766 0.02250000
v -0.01204462 0.02164766 0.02250000
v -0.01204464 0.02582976 0.01870001
v -0.01422720 0.02483171 0.01870110
v -0.01204462 0.02164766 0.02250000
v -0.01422720 0.02483171 0.01870110
v -0.01412612 0.02072821 0.02250102
v -0.01412612 0.02072821 0.02250102
v -0.01422720 0.02483171 0.01870110
v -0.01631388 0.02392338 0.01870827
v -0.01412612 0.02072821 0.02250102
v -0.01631388 0.02392338 0.01870827
v -0.01460054 0.02052558 0.02250194
v -0.01460054 0.02052558 0.02250194
v -0.01631388 0.02392338 0.01870827
v -0.01742863 0.02346214 0.01871796
v -0.01460054 0.02052558 0.02250194
v -0.01742863 0.02346214 0.01871796
v -0.01613203 0.01989251 0.02250867
v -0.01613203 0.01989251 0.02250867
v -0.01742863 0.02346214 0.01871796
v -0.01731843 0.01942769 0.02251995
v -0.01731843 0.01942769 0.02251995
v -0.01742863 0.02346214 0.01871796
v -0.01831251 0.02311102 0.01873045
v -0.01731843 0.01942769 0.02251995
v -0.01831251 0.02311102 0.01873045
v -0.01806875 0.01914715 0.02253110
v -0.01831251 0.02311102 0.01873045
v -0.01979188 0.02255764 0.01876475
v -0.01806875 0.01914715 0.02253110
v -0.01806875 0.01914715 0.02253110
v -0.01979188 0.02255764 0.01876475
v -0.02023307 0.02240210 0.01877906
v -0.01806875 0.01914715 0.02253110
v -0.02023307 0.02240210 0.01877906
v -0.01994184 0.01849872 0.02257881
v -0.01994184 0.01849872 0.02257881
v -0.02023307 0.02240210 0.01877906
v -0.02205175 0.02181518 0.01886437
v -0.01994184 0.01849872 0.02257881
v -0.02205175 0.02181518 0.01886437
v -0.02008141 0.01845363 0.02258381
v -0.02008141 0.01845363 0.02258381
v -0.02205175 0.02181518 0.01886437
v -0.02087855 0.01820566 0.02261727
v -0.02087855 0.01820566 0.02261727
v -0.02205175 0.02181518 0.01886437
v -0.02249591 0.02168658 0.01889317
v -0.02087855 0.01820566 0.02261727
v -0.02249591 0.02168658 0.01889317
v -0.02175389 0.01795333 0.02266512
v -0.02175389 0.01795333 0.02266512
v -0.02249591 0.02168658 0.01889317
v -0.02296601 0.02155738 0.01892783
v -0.02175389 0.01795333 0.02266512
v -0.02296601 0.02155738 0.01892783
v -0.02224811 0.01782076 0.02269819
v -0.02224811 0.01782076 0.02269819
v -0.02296601 0.02155738 0.01892783
v -0.02356305 0.02140396 0.01897864
v -0.02224811 0.01782076 0.02269819
v -0.02356305 0.02140396 0.01897864
v -0.02353718 0.01751077 0.02280935
v -0.02353718 0.01751077 0.02280935
v -0.02356305 0.02140396 0.01897864
v -0.02506238 0.02107455 0.01914464
v -0.02353718 0.01751077 0.02280935
v -0.02506238 0.02107455 0.01914464
v -0.02375671 0.01746327 0.02283239
v -0.02375671 0.01746327 0.02283239
v -0.02506238 0.02107455 0.01914464
v -0.02655682 0.02082892 0.01937402
v -0.02375671 0.01746327 0.02283239
v -0.02655682 0.02082892 0.01937402
v -0.02524911 0.01718201 0.02302687
v -0.03348348 0.01670007 0.02561230
v -0.03150700 0.01670913 0.02476566
v -0.03395538 0.02050000 0.02166427
v -0.02524911 0.01718201 0.02302687
v -0.02655682 0.02082892 0.01937402
v -0.02579692 0.01709694 0.02311688
v -0.02579692 0.01709694 0.02311688
v -0.02655682 0.02082892 0.01937402
v -0.02742901 0.02072283 0.01954190
v -0.02579692 0.01709694 0.02311688
v -0.02742901 0.02072283 0.01954190
v -0.02673125 0.01697440 0.02329630
v -0.02673125 0.01697440 0.02329630
v -0.02742901 0.02072283 0.01954190
v -0.02789869 0.02067647 0.01964345
v -0.02673125 0.01697440 0.02329630
v -0.02789869 0.02067647 0.01964345
v -0.02804134 0.01684786 0.02360708
v -0.02804134 0.01684786 0.02360708
v -0.02789869 0.02067647 0.01964345
v -0.02956978 0.02056432 0.02007115
v -0.02804134 0.01684786 0.02360708
v -0.02956978 0.02056432 0.02007115
v -0.02971725 0.01675182 0.02410872
v -0.02971725 0.01675182 0.02410872
v -0.02956978 0.02056432 0.02007115
v -0.03132454 0.02051352 0.02063147
v -0.02971725 0.01675182 0.02410872
v -0.03132454 0.02051352 0.02063147
v -0.03069004 0.01672266 0.02445133
v -0.03069004 0.01672266 0.02445133
v -0.03132454 0.02051352 0.02063147
v -0.03230363 0.02050350 0.02099092
v -0.03069004 0.01672266 0.02445133
v -0.03230363 0.02050350 0.02099092
v -0.03150700 0.01670913 0.02476566
v -0.03150700 0.01670913 0.02476566
v -0.03230363 0.02050350 0.02099092
v -0.03320556 0.02050039 0.02134896
v -0.03150700 0.01670913 0.02476566
v -0.03320556 0.02050039 0.02134896
v -0.03395538 0.02050000 0.02166427
v -0.03395538 0.02050000 0.02166427
v -0.03532718 0.02050000 0.02227722
v -0.03348348 0.01670007 0.02561230
v -0.03348348 0.01670007 0.02561230
v -0.03532718 0.02050000 0.02227722
v -0.03556128 0.02050000 0.02238579
v -0.03348348 0.01670007 0.02561230
v -0.03556128 0.02050000 0.02238579
v -0.03395537 0.01670003 0.02582976
v -0.03395537 0.01670003 0.02582976
v -0.03556128 0.02050000 0.02238579
v -0.03559232 0.01669994 0.02653168
v -0.03559232 0.01669994 0.02653168
v -0.03556128 0.02050000 0.02238579
v -0.03741269 0.02050000 0.02315920
v -0.03980207 0.02050000 0.02390970
v -0.03725786 0.01670006 0.02712609
v -0.03741269 0.02050000 0.02315920
v -0.03741269 0.02050000 0.02315920
v -0.03725786 0.01670006 0.02712609
v -0.03616337 0.01669999 0.02674866
v -0.03741269 0.02050000 0.02315920
v -0.03616337 0.01669999 0.02674866
v -0.03559232 0.01669994 0.02653168
v -0.04180343 0.01669983 0.02818934
v -0.04092142 0.01669976 0.02804386
v -0.04227171 0.02050000 0.02441688
v -0.04227171 0.02050000 0.02441688
v -0.04092142 0.01669976 0.02804386
v -0.04066656 0.01669976 0.02799651
v -0.04227171 0.02050000 0.02441688
v -0.04066656 0.01669976 0.02799651
v -0.03980207 0.02050000 0.02390970
v -0.03980207 0.02050000 0.02390970
v -0.04066656 0.01669976 0.02799651
v -0.03894989 0.01669995 0.02761423
v -0.03980207 0.02050000 0.02390970
v -0.03894989 0.01669995 0.02761423
v -0.03725786 0.01670006 0.02712609
v -0.04496113 0.01670004 0.02848106
v -0.04473100 0.01670006 0.02847173
v -0.04478947 0.02050000 0.02467000
v -0.04478947 0.02050000 0.02467000
v -0.04473100 0.01670006 0.02847173
v -0.04318412 0.01670000 0.02836055
v -0.04478947 0.02050000 0.02467000
v -0.04318412 0.01670000 0.02836055
v -0.04227171 0.02050000 0.02441688
v -0.04227171 0.02050000 0.02441688
v -0.04318412 0.01670000 0.02836055
v -0.04240625 0.01669990 0.02827251
v -0.04227171 0.02050000 0.02441688
v -0.04240625 0.01669990 0.02827251
v -0.04180343 0.01669983 0.02818934
v -0.04496113 0.01670004 0.02848106
v -0.04478947 0.02050000 0.02467000
v -0.04672954 0.01669986 0.02849066
v -0.04672954 0.01669986 0.02849066
v -0.04478947 0.02050000 0.02467000
v -0.04732106 0.02050000 0.02466462
v -0.04672954 0.01669986 0.02849066
v -0.04732106 0.02050000 0.02466462
v -0.04753149 0.01669978 0.02845882
v -0.04753149 0.01669978 0.02845882
v -0.04732106 0.02050000 0.02466462
v -0.04848776 0.01669980 0.02839121
v -0.04848776 0.01669980 0.02839121
v -0.04732106 0.02050000 0.02466462
v -0.04983086 0.02050000 0.02440089
v -0.04848776 0.01669980 0.02839121
v -0.04983086 0.02050000 0.02440089
v -0.05023419 0.01670001 0.02818371
v -0.05023419 0.01670001 0.02818371
v -0.04983086 0.02050000 0.02440089
v -0.05196717 0.01670004 0.02786831
v -0.05196717 0.01670004 0.02786831
v -0.04983086 0.02050000 0.02440089
v -0.05228752 0.02050000 0.02388619
v -0.05196717 0.01670004 0.02786831
v -0.05228752 0.02050000 0.02388619
v -0.05234969 0.01670001 0.02778365
v -0.05465766 0.02050000 0.02313290
v -0.05444707 0.01669975 0.02721942
v -0.05228752 0.02050000 0.02388619
v -0.05228752 0.02050000 0.02388619
v -0.05444707 0.01669975 0.02721942
v -0.05273034 0.01669997 0.02769391
v -0.05228752 0.02050000 0.02388619
v -0.05273034 0.01669997 0.02769391
v -0.05234969 0.01670001 0.02778365
v -0.05611896 0.01669987 0.02664313
v -0.05602096 0.01669985 0.02668015
v -0.05465766 0.02050000 0.02313290
v -0.05465766 0.02050000 0.02313290
v -0.05602096 0.01669985 0.02668015
v -0.05587990 0.01669983 0.02673271
v -0.05465766 0.02050000 0.02313290
v -0.05587990 0.01669983 0.02673271
v -0.05444707 0.01669975 0.02721942
v -0.05611896 0.01669987 0.02664313
v -0.05465766 0.02050000 0.02313290
v -0.05774515 0.01670007 0.02596731
v -0.05774515 0.01670007 0.02596731
v -0.05465766 0.02050000 0.02313290
v -0.05691474 0.02050000 0.02215733
v -0.05774515 0.01670007 0.02596731
v -0.05691474 0.02050000 0.02215733
v -0.05851058 0.01670007 0.02560733
v -0.05906155 0.02050000 0.02096391
v -0.05951092 0.01669995 0.02509392
v -0.05691474 0.02050000 0.02215733
v -0.05691474 0.02050000 0.02215733
v -0.05951092 0.01669995 0.02509392
v -0.05932445 0.01669998 0.02519343
v -0.05691474 0.02050000 0.02215733
v -0.05932445 0.01669998 0.02519343
v -0.05851058 0.01670007 0.02560733
v -0.06298067 0.01669994 0.02288901
v -0.06275643 0.01669989 0.02305367
v -0.06085131 0.02050000 0.01973623
v -0.06085131 0.02050000 0.01973623
v -0.06275643 0.01669989 0.02305367
v -0.06151778 0.01669968 0.02390499
v -0.06085131 0.02050000 0.01973623
v -0.06151778 0.01669968 0.02390499
v -0.05906155 0.02050000 0.02096391
v -0.05906155 0.02050000 0.02096391
v -0.06151778 0.01669968 0.02390499
v -0.06085534 0.01669970 0.02432219
v -0.05906155 0.02050000 0.02096391
v -0.06085534 0.01669970 0.02432219
v -0.05951092 0.01669995 0.02509392
v -0.06298067 0.01669994 0.02288901
v -0.06085131 0.02050000 0.01973623
v -0.06436757 0.01670008 0.02179180
v -0.06436757 0.01670008 0.02179180
v -0.06085131 0.02050000 0.01973623
v -0.06277294 0.02050000 0.01813154
v -0.06436757 0.01670008 0.02179180
v -0.06277294 0.02050000 0.01813154
v -0.06543763 0.01669995 0.02084295
v -0.06806871 0.01669993 0.01803391
v -0.06745592 0.01669980 0.01875883
v -0.06453362 0.02050000 0.01632759
v -0.06453362 0.02050000 0.01632759
v -0.06745592 0.01669980 0.01875883
v -0.06691250 0.01669973 0.01936278
v -0.06453362 0.02050000 0.01632759
v -0.06691250 0.01669973 0.01936278
v -0.06277294 0.02050000 0.01813154
v -0.06277294 0.02050000 0.01813154
v -0.06691250 0.01669973 0.01936278
v -0.06567839 0.01669990 0.02061579
v -0.06277294 0.02050000 0.01813154
v -0.06567839 0.01669990 0.02061579
v -0.06543763 0.01669995 0.02084295
v -0.06610648 0.02050000 0.01434593
v -0.06923889 0.01670006 0.01649860
v -0.06855571 0.01670002 0.01742097
v -0.06610648 0.02050000 0.01434593
v -0.06855571 0.01670002 0.01742097
v -0.06453362 0.02050000 0.01632759
v -0.06453362 0.02050000 0.01632759
v -0.06855571 0.01670002 0.01742097
v -0.06828471 0.01669998 0.01776631
v -0.06453362 0.02050000 0.01632759
v -0.06828471 0.01669998 0.01776631
v -0.06806871 0.01669993 0.01803391
v -0.06923889 0.01670006 0.01649860
v -0.06610648 0.02050000 0.01434593
v -0.06959984 0.01670003 0.01597803
v -0.06959984 0.01670003 0.01597803
v -0.06610648 0.02050000 0.01434593
v -0.06747004 0.02050000 0.01221180
v -0.06959984 0.01670003 0.01597803
v -0.06747004 0.02050000 0.01221180
v -0.07046744 0.01669984 0.01461487
v -0.07046744 0.01669984 0.01461487
v -0.06747004 0.02050000 0.01221180
v -0.07054538 0.01669983 0.01448360
v -0.07054538 0.01669983 0.01448360
v -0.06747004 0.02050000 0.01221180
v -0.06763650 0.02050000 0.01191437
v -0.07054538 0.01669983 0.01448360
v -0.06763650 0.02050000 0.01191437
v -0.07139304 0.01669983 0.01294000
v -0.07139304 0.01669983 0.01294000
v -0.06763650 0.02050000 0.01191437
v -0.06873859 0.02050000 0.00964537
v -0.07139304 0.01669983 0.01294000
v -0.06873859 0.02050000 0.00964537
v -0.07214282 0.01670003 0.01134912
v -0.07347337 0.01669978 0.00758050
v -0.07305065 0.01669995 0.00897286
v -0.06959955 0.02050000 0.00729016
v -0.06959955 0.02050000 0.00729016
v -0.07305065 0.01669995 0.00897286
v -0.07279400 0.01670003 0.00971245
v -0.06959955 0.02050000 0.00729016
v -0.07279400 0.01670003 0.00971245
v -0.06873859 0.02050000 0.00964537
v -0.06873859 0.02050000 0.00964537
v -0.07279400 0.01670003 0.00971245
v -0.07220749 0.01670004 0.01119899
v -0.06873859 0.02050000 0.00964537
v -0.07220749 0.01670004 0.01119899
v -0.07214282 0.01670003 0.01134912
v -0.07347337 0.01669978 0.00758050
v -0.06959955 0.02050000 0.00729016
v -0.07355779 0.01669977 0.00726761
v -0.07355779 0.01669977 0.00726761
v -0.06959955 0.02050000 0.00729016
v -0.07021260 0.02050000 0.00488211
v -0.07355779 0.01669977 0.00726761
v -0.07021260 0.02050000 0.00488211
v -0.07391441 0.01669990 0.00574765
v -0.07057779 0.02050000 0.00245179
v -0.07424438 0.01670006 0.00380851
v -0.07021260 0.02050000 0.00488211
v -0.07021260 0.02050000 0.00488211
v -0.07424438 0.01670006 0.00380851
v -0.07395527 0.01669992 0.00554552
v -0.07021260 0.02050000 0.00488211
v -0.07395527 0.01669992 0.00554552
v -0.07391441 0.01669990 0.00574765
v -0.07450000 0.01670000 0.00000000
v -0.07449845 0.01669994 0.00029670
v -0.07070000 0.02050000 -0.00000001
v -0.07070000 0.02050000 -0.00000001
v -0.07449845 0.01669994 0.00029670
v -0.07442557 0.01669997 0.00205836
v -0.07070000 0.02050000 -0.00000001
v -0.07442557 0.01669997 0.00205836
v -0.07057779 0.02050000 0.00245179
v -0.07057779 0.02050000 0.00245179
v -0.07442557 0.01669997 0.00205836
v -0.07435041 0.01670003 0.00291619
v -0.07057779 0.02050000 0.00245179
v -0.07435041 0.01670003 0.00291619
v -0.07424438 0.01670006 0.00380851
v -0.04153323 0.01669980 -0.02814779
v -0.04209370 0.01669986 -0.02823103
v -0.04252568 0.02050000 -0.02445427
v -0.07314238 0.01669991 -0.00869144
v -0.07320003 0.01669988 -0.00850929
v -0.06959955 0.02050000 -0.00729016
v -0.07450000 0.01670000 0.00000000
v -0.07070000 0.02050000 -0.00000001
v -0.07444435 0.01669994 -0.00178022
v -0.07444435 0.01669994 -0.00178022
v -0.07070000 0.02050000 -0.00000001
v -0.07057781 0.02050000 -0.00245176
v -0.07444435 0.01669994 -0.00178022
v -0.07057781 0.02050000 -0.00245176
v -0.07435041 0.01670003 -0.00291619
v -0.07021261 0.02050000 -0.00488210
v -0.07413440 0.01670003 -0.00455030
v -0.07057781 0.02050000 -0.00245176
v -0.07057781 0.02050000 -0.00245176
v -0.07413440 0.01670003 -0.00455030
v -0.07427917 0.01670006 -0.00354092
v -0.07057781 0.02050000 -0.00245176
v -0.07427917 0.01670006 -0.00354092
v -0.07435041 0.01670003 -0.00291619
v -0.07320003 0.01669988 -0.00850929
v -0.07330180 0.01669984 -0.00817690
v -0.06959955 0.02050000 -0.00729016
v -0.06959955 0.02050000 -0.00729016
v -0.07330180 0.01669984 -0.00817690
v -0.07362746 0.01669977 -0.00699811
v -0.06959955 0.02050000 -0.00729016
v -0.07362746 0.01669977 -0.00699811
v -0.07021261 0.02050000 -0.00488210
v -0.07021261 0.02050000 -0.00488210
v -0.07362746 0.01669977 -0.00699811
v -0.07400650 0.01669995 -0.00528072
v -0.07021261 0.02050000 -0.00488210
v -0.07400650 0.01669995 -0.00528072
v -0.07413440 0.01670003 -0.00455030
v -0.07314238 0.01669991 -0.00869144
v -0.06959955 0.02050000 -0.00729016
v -0.07289343 0.01670000 -0.00943364
v -0.07289343 0.01670000 -0.00943364
v -0.06959955 0.02050000 -0.00729016
v -0.06873862 0.02050000 -0.00964529
v -0.07289343 0.01670000 -0.00943364
v -0.06873862 0.02050000 -0.00964529
v -0.07225165 0.01670004 -0.01109509
v -0.07067980 0.01669980 -0.01425333
v -0.07096564 0.01669977 -0.01374652
v -0.06763650 0.02050000 -0.01191434
v -0.06763650 0.02050000 -0.01191434
v -0.07096564 0.01669977 -0.01374652
v -0.07151299 0.01669986 -0.01270187
v -0.06763650 0.02050000 -0.01191434
v -0.07151299 0.01669986 -0.01270187
v -0.06873862 0.02050000 -0.00964529
v -0.06873862 0.02050000 -0.00964529
v -0.07151299 0.01669986 -0.01270187
v -0.07200382 0.01670000 -0.01166411
v -0.06873862 0.02050000 -0.00964529
v -0.07200382 0.01670000 -0.01166411
v -0.07225165 0.01670004 -0.01109509
v -0.07067980 0.01669980 -0.01425333
v -0.06763650 0.02050000 -0.01191434
v -0.07026257 0.01669989 -0.01495250
v -0.07026257 0.01669989 -0.01495250
v -0.06763650 0.02050000 -0.01191434
v -0.06630319 0.02050000 -0.01406621
v -0.07026257 0.01669989 -0.01495250
v -0.06630319 0.02050000 -0.01406621
v -0.06975366 0.01670001 -0.01574844
v -0.06475738 0.02050000 -0.01606995
v -0.06771050 0.01669986 -0.01846359
v -0.06810776 0.01669994 -0.01798601
v -0.06810776 0.01669994 -0.01798601
v -0.06825484 0.01669997 -0.01780372
v -0.06475738 0.02050000 -0.01606995
v -0.06475738 0.02050000 -0.01606995
v -0.06825484 0.01669997 -0.01780372
v -0.06873542 0.01670004 -0.01718576
v -0.06475738 0.02050000 -0.01606995
v -0.06873542 0.01670004 -0.01718576
v -0.06630319 0.02050000 -0.01406621
v -0.06630319 0.02050000 -0.01406621
v -0.06873542 0.01670004 -0.01718576
v -0.06946104 0.01670005 -0.01618114
v -0.06630319 0.02050000 -0.01406621
v -0.06946104 0.01670005 -0.01618114
v -0.06975366 0.01670001 -0.01574844
v -0.06771050 0.01669986 -0.01846359
v -0.06475738 0.02050000 -0.01606995
v -0.06709928 0.01669975 -0.01915908
v -0.06709928 0.01669975 -0.01915908
v -0.06475738 0.02050000 -0.01606995
v -0.06302068 0.02050000 -0.01789923
v -0.06709928 0.01669975 -0.01915908
v -0.06302068 0.02050000 -0.01789923
v -0.06587041 0.01669986 -0.02043078
v -0.06111896 0.02050000 -0.01953192
v -0.06457065 0.01670007 -0.02161900
v -0.06302068 0.02050000 -0.01789923
v -0.06302068 0.02050000 -0.01789923
v -0.06457065 0.01670007 -0.02161900
v -0.06557611 0.01669993 -0.02071294
v -0.06302068 0.02050000 -0.01789923
v -0.06557611 0.01669993 -0.02071294
v -0.06587041 0.01669986 -0.02043078
v -0.06271076 0.01669988 -0.02308680
v -0.06320183 0.01669998 -0.02272327
v -0.06111896 0.02050000 -0.01953192
v -0.06111896 0.02050000 -0.01953192
v -0.06320183 0.01669998 -0.02272327
v -0.06351074 0.01670003 -0.02248609
v -0.06111896 0.02050000 -0.01953192
v -0.06351074 0.01670003 -0.02248609
v -0.06457065 0.01670007 -0.02161900
v -0.06271076 0.01669988 -0.02308680
v -0.06111896 0.02050000 -0.01953192
v -0.06176523 0.01669970 -0.02374252
v -0.06176523 0.01669970 -0.02374252
v -0.06111896 0.02050000 -0.01953192
v -0.05927132 0.02050000 -0.02083173
v -0.06176523 0.01669970 -0.02374252
v -0.05927132 0.02050000 -0.02083173
v -0.06110717 0.01669968 -0.02416657
v -0.06110717 0.01669968 -0.02416657
v -0.05927132 0.02050000 -0.02083173
v -0.05956813 0.01669994 -0.02506304
v -0.05956813 0.01669994 -0.02506304
v -0.05927132 0.02050000 -0.02083173
v -0.05713665 0.02050000 -0.02204665
v -0.05956813 0.01669994 -0.02506304
v -0.05713665 0.02050000 -0.02204665
v -0.05877177 0.01670005 -0.02547807
v -0.05877177 0.01670005 -0.02547807
v -0.05713665 0.02050000 -0.02204665
v -0.05798759 0.01670008 -0.02585629
v -0.05798759 0.01670008 -0.02585629
v -0.05713665 0.02050000 -0.02204665
v -0.05489228 0.02050000 -0.02304370
v -0.05798759 0.01670008 -0.02585629
v -0.05489228 0.02050000 -0.02304370
v -0.05636779 0.01669991 -0.02654729
v -0.05301762 0.01669994 -0.02762251
v -0.05343904 0.01669988 -0.02751201
v -0.05253256 0.02050000 -0.02382036
v -0.05253256 0.02050000 -0.02382036
v -0.05343904 0.01669988 -0.02751201
v -0.05471062 0.01669974 -0.02713623
v -0.05253256 0.02050000 -0.02382036
v -0.05471062 0.01669974 -0.02713623
v -0.05489228 0.02050000 -0.02304370
v -0.05489228 0.02050000 -0.02304370
v -0.05471062 0.01669974 -0.02713623
v -0.05617923 0.01669987 -0.02662017
v -0.05489228 0.02050000 -0.02304370
v -0.05617923 0.01669987 -0.02662017
v -0.05636779 0.01669991 -0.02654729
v -0.05008327 0.02050000 -0.02435990
v -0.05050727 0.01670003 -0.02814133
v -0.05225629 0.01670002 -0.02780483
v -0.05008327 0.02050000 -0.02435990
v -0.05225629 0.01670002 -0.02780483
v -0.05253256 0.02050000 -0.02382036
v -0.05253256 0.02050000 -0.02382036
v -0.05225629 0.01670002 -0.02780483
v -0.05262437 0.01669998 -0.02771945
v -0.05253256 0.02050000 -0.02382036
v -0.05262437 0.01669998 -0.02771945
v -0.05301762 0.01669994 -0.02762251
v -0.05050727 0.01670003 -0.02814133
v -0.05008327 0.02050000 -0.02435990
v -0.04895660 0.01669985 -0.02834623
v -0.04895660 0.01669985 -0.02834623
v -0.05008327 0.02050000 -0.02435990
v -0.04757744 0.02050000 -0.02464956
v -0.04895660 0.01669985 -0.02834623
v -0.04757744 0.02050000 -0.02464956
v -0.04875326 0.01669983 -0.02836670
v -0.04504655 0.02050000 -0.02468129
v -0.04699605 0.01669983 -0.02848259
v -0.04757744 0.02050000 -0.02464956
v -0.04757744 0.02050000 -0.02464956
v -0.04699605 0.01669983 -0.02848259
v -0.04782101 0.01669977 -0.02844176
v -0.04757744 0.02050000 -0.02464956
v -0.04782101 0.01669977 -0.02844176
v -0.04875326 0.01669983 -0.02836670
v -0.04209370 0.01669986 -0.02823103
v -0.04270006 0.01669994 -0.02830831
v -0.04252568 0.02050000 -0.02445427
v -0.04252568 0.02050000 -0.02445427
v -0.04270006 0.01669994 -0.02830831
v -0.04347882 0.01670003 -0.02838827
v -0.04252568 0.02050000 -0.02445427
v -0.04347882 0.01670003 -0.02838827
v -0.04504655 0.02050000 -0.02468129
v -0.04504655 0.02050000 -0.02468129
v -0.04347882 0.01670003 -0.02838827
v -0.04523734 0.01670003 -0.02848979
v -0.04504655 0.02050000 -0.02468129
v -0.04523734 0.01670003 -0.02848979
v -0.04699605 0.01669983 -0.02848259
v -0.04153323 0.01669980 -0.02814779
v -0.04252568 0.02050000 -0.02445427
v -0.04094025 0.01669976 -0.02804726
v -0.04094025 0.01669976 -0.02804726
v -0.04252568 0.02050000 -0.02445427
v -0.04004970 0.02050000 -0.02397253
v -0.04094025 0.01669976 -0.02804726
v -0.04004970 0.02050000 -0.02397253
v -0.03921153 0.01669992 -0.02767972
v -0.03921153 0.01669992 -0.02767972
v -0.04004970 0.02050000 -0.02397253
v -0.03790418 0.01670005 -0.02732595
v -0.03790418 0.01670005 -0.02732595
v -0.04004970 0.02050000 -0.02397253
v -0.03765067 0.02050000 -0.02324604
v -0.03790418 0.01670005 -0.02732595
v -0.03765067 0.02050000 -0.02324604
v -0.03751508 0.01670006 -0.02720765
v -0.03395539 0.01670003 -0.02582980
v -0.03422492 0.01669994 -0.02595376
v -0.03556135 0.02050001 -0.02238585
v -0.03556135 0.02050001 -0.02238585
v -0.03422492 0.01669994 -0.02595376
v -0.03585233 0.01669996 -0.02663221
v -0.03556135 0.02050001 -0.02238585
v -0.03585233 0.01669996 -0.02663221
v -0.03765067 0.02050000 -0.02324604
v -0.03765067 0.02050000 -0.02324604
v -0.03585233 0.01669996 -0.02663221
v -0.03644438 0.01670002 -0.02685033
v -0.03765067 0.02050000 -0.02324604
v -0.03644438 0.01670002 -0.02685033
v -0.03751508 0.01670006 -0.02720765
v -0.07054537 -0.01869983 -0.01448361
v -0.06747003 -0.02250000 -0.01221180
v -0.06763650 -0.02250000 -0.01191437
v -0.03395536 -0.01870001 -0.02582976
v -0.03556137 -0.02249998 -0.02238585
v -0.03559231 -0.01869994 -0.02653168
v -0.03559231 -0.01869994 -0.02653168
v -0.03556137 -0.02249998 -0.02238585
v -0.03741269 -0.02250000 -0.02315920
v -0.03559231 -0.01869994 -0.02653168
v -0.03741269 -0.02250000 -0.02315920
v -0.03616337 -0.01869999 -0.02674866
v -0.03616337 -0.01869999 -0.02674866
v -0.03741269 -0.02250000 -0.02315920
v -0.03725785 -0.01870006 -0.02712609
v -0.03725785 -0.01870006 -0.02712609
v -0.03741269 -0.02250000 -0.02315920
v -0.03980207 -0.02250000 -0.02390970
v -0.03725785 -0.01870006 -0.02712609
v -0.03980207 -0.02250000 -0.02390970
v -0.03790418 -0.01870005 -0.02732595
v -0.04240623 -0.01869990 -0.02827251
v -0.04153323 -0.01869980 -0.02814779
v -0.04227171 -0.02250000 -0.02441688
v -0.04227171 -0.02250000 -0.02441688
v -0.04153323 -0.01869980 -0.02814779
v -0.04066655 -0.01869976 -0.02799650
v -0.04227171 -0.02250000 -0.02441688
v -0.04066655 -0.01869976 -0.02799650
v -0.03980207 -0.02250000 -0.02390970
v -0.03980207 -0.02250000 -0.02390970
v -0.04066655 -0.01869976 -0.02799650
v -0.03894988 -0.01869995 -0.02761423
v -0.03980207 -0.02250000 -0.02390970
v -0.03894988 -0.01869995 -0.02761423
v -0.03790418 -0.01870005 -0.02732595
v -0.04240623 -0.01869990 -0.02827251
v -0.04227171 -0.02250000 -0.02441688
v -0.04318411 -0.01870000 -0.02836055
v -0.04318411 -0.01870000 -0.02836055
v -0.04227171 -0.02250000 -0.02441688
v -0.04478947 -0.02250000 -0.02467000
v -0.04318411 -0.01870000 -0.02836055
v -0.04478947 -0.02250000 -0.02467000
v -0.04496112 -0.01870004 -0.02848106
v -0.04848775 -0.01869980 -0.02839122
v -0.04753149 -0.01869978 -0.02845882
v -0.04732106 -0.02250000 -0.02466462
v -0.04732106 -0.02250000 -0.02466462
v -0.04753149 -0.01869978 -0.02845882
v -0.04672952 -0.01869986 -0.02849066
v -0.04732106 -0.02250000 -0.02466462
v -0.04672952 -0.01869986 -0.02849066
v -0.04478947 -0.02250000 -0.02467000
v -0.04478947 -0.02250000 -0.02467000
v -0.04672952 -0.01869986 -0.02849066
v -0.04523842 -0.01870003 -0.02848982
v -0.04478947 -0.02250000 -0.02467000
v -0.04523842 -0.01870003 -0.02848982
v -0.04496112 -0.01870004 -0.02848106
v -0.04848775 -0.01869980 -0.02839122
v -0.04732106 -0.02250000 -0.02466462
v -0.04895660 -0.01869985 -0.02834623
v -0.04895660 -0.01869985 -0.02834623
v -0.04732106 -0.02250000 -0.02466462
v -0.04983086 -0.02250000 -0.02440089
v -0.04895660 -0.01869985 -0.02834623
v -0.04983086 -0.02250000 -0.02440089
v -0.05023418 -0.01870001 -0.02818371
v -0.05023418 -0.01870001 -0.02818371
v -0.04983086 -0.02250000 -0.02440089
v -0.05196716 -0.01870004 -0.02786832
v -0.05196716 -0.01870004 -0.02786832
v -0.04983086 -0.02250000 -0.02440089
v -0.05228752 -0.02250000 -0.02388619
v -0.05196716 -0.01870004 -0.02786832
v -0.05228752 -0.02250000 -0.02388619
v -0.05273033 -0.01869997 -0.02769391
v -0.05273033 -0.01869997 -0.02769391
v -0.05228752 -0.02250000 -0.02388619
v -0.05444705 -0.01869975 -0.02721943
v -0.05444705 -0.01869975 -0.02721943
v -0.05228752 -0.02250000 -0.02388619
v -0.05465766 -0.02250000 -0.02313290
v -0.05444705 -0.01869975 -0.02721943
v -0.05465766 -0.02250000 -0.02313290
v -0.05587990 -0.01869983 -0.02673271
v -0.05932444 -0.01869998 -0.02519343
v -0.05851058 -0.01870007 -0.02560733
v -0.05691474 -0.02250000 -0.02215733
v -0.05691474 -0.02250000 -0.02215733
v -0.05851058 -0.01870007 -0.02560733
v -0.05774514 -0.01870007 -0.02596732
v -0.05691474 -0.02250000 -0.02215733
v -0.05774514 -0.01870007 -0.02596732
v -0.05465766 -0.02250000 -0.02313290
v -0.05465766 -0.02250000 -0.02313290
v -0.05774514 -0.01870007 -0.02596732
v -0.05611895 -0.01869987 -0.02664314
v -0.05465766 -0.02250000 -0.02313290
v -0.05611895 -0.01869987 -0.02664314
v -0.05587990 -0.01869983 -0.02673271
v -0.05932444 -0.01869998 -0.02519343
v -0.05691474 -0.02250000 -0.02215733
v -0.05956057 -0.01869994 -0.02506713
v -0.05956057 -0.01869994 -0.02506713
v -0.05691474 -0.02250000 -0.02215733
v -0.05906155 -0.02250000 -0.02096391
v -0.05956057 -0.01869994 -0.02506713
v -0.05906155 -0.02250000 -0.02096391
v -0.06085533 -0.01869970 -0.02432219
v -0.06085533 -0.01869970 -0.02432219
v -0.05906155 -0.02250000 -0.02096391
v -0.06151777 -0.01869967 -0.02390500
v -0.06151777 -0.01869967 -0.02390500
v -0.05906155 -0.02250000 -0.02096391
v -0.06085131 -0.02250000 -0.01973623
v -0.06151777 -0.01869967 -0.02390500
v -0.06085131 -0.02250000 -0.01973623
v -0.06271076 -0.01869988 -0.02308680
v -0.06567838 -0.01869990 -0.02061580
v -0.06543763 -0.01869995 -0.02084295
v -0.06277294 -0.02250000 -0.01813154
v -0.06277294 -0.02250000 -0.01813154
v -0.06543763 -0.01869995 -0.02084295
v -0.06436756 -0.01870008 -0.02179180
v -0.06277294 -0.02250000 -0.01813154
v -0.06436756 -0.01870008 -0.02179180
v -0.06085131 -0.02250000 -0.01973623
v -0.06085131 -0.02250000 -0.01973623
v -0.06436756 -0.01870008 -0.02179180
v -0.06298067 -0.01869993 -0.02288901
v -0.06085131 -0.02250000 -0.01973623
v -0.06298067 -0.01869993 -0.02288901
v -0.06271076 -0.01869988 -0.02308680
v -0.06567838 -0.01869990 -0.02061580
v -0.06277294 -0.02250000 -0.01813154
v -0.06691249 -0.01869973 -0.01936279
v -0.06691249 -0.01869973 -0.01936279
v -0.06277294 -0.02250000 -0.01813154
v -0.06453362 -0.02250000 -0.01632759
v -0.06691249 -0.01869973 -0.01936279
v -0.06453362 -0.02250000 -0.01632759
v -0.06745592 -0.01869980 -0.01875883
v -0.06610648 -0.02250000 -0.01434593
v -0.06855570 -0.01870002 -0.01742098
v -0.06453362 -0.02250000 -0.01632759
v -0.06453362 -0.02250000 -0.01632759
v -0.06855570 -0.01870002 -0.01742098
v -0.06806871 -0.01869993 -0.01803392
v -0.06453362 -0.02250000 -0.01632759
v -0.06806871 -0.01869993 -0.01803392
v -0.06745592 -0.01869980 -0.01875883
v -0.07054537 -0.01869983 -0.01448361
v -0.07026257 -0.01869989 -0.01495250
v -0.06747003 -0.02250000 -0.01221180
v -0.06747003 -0.02250000 -0.01221180
v -0.07026257 -0.01869989 -0.01495250
v -0.06959984 -0.01870003 -0.01597804
v -0.06747003 -0.02250000 -0.01221180
v -0.06959984 -0.01870003 -0.01597804
v -0.06610648 -0.02250000 -0.01434593
v -0.06610648 -0.02250000 -0.01434593
v -0.06959984 -0.01870003 -0.01597804
v -0.06923889 -0.01870006 -0.01649860
v -0.06610648 -0.02250000 -0.01434593
v -0.06923889 -0.01870006 -0.01649860
v -0.06855570 -0.01870002 -0.01742098
v -0.06873859 -0.02250000 -0.00964537
v -0.07200382 -0.01869999 -0.01166411
v -0.06763650 -0.02250000 -0.01191437
v -0.06763650 -0.02250000 -0.01191437
v -0.07200382 -0.01869999 -0.01166411
v -0.07139304 -0.01869983 -0.01294001
v -0.06763650 -0.02250000 -0.01191437
v -0.07139304 -0.01869983 -0.01294001
v -0.07054537 -0.01869983 -0.01448361
v -0.07330180 -0.01869984 -0.00817690
v -0.07305065 -0.01869995 -0.00897287
v -0.06959955 -0.02250000 -0.00729016
v -0.06959955 -0.02250000 -0.00729016
v -0.07305065 -0.01869995 -0.00897287
v -0.07279399 -0.01870003 -0.00971246
v -0.06959955 -0.02250000 -0.00729016
v -0.07279399 -0.01870003 -0.00971246
v -0.06873859 -0.02250000 -0.00964537
v -0.06873859 -0.02250000 -0.00964537
v -0.07279399 -0.01870003 -0.00971246
v -0.07214282 -0.01870003 -0.01134913
v -0.06873859 -0.02250000 -0.00964537
v -0.07214282 -0.01870003 -0.01134913
v -0.07200382 -0.01869999 -0.01166411
v -0.07330180 -0.01869984 -0.00817690
v -0.06959955 -0.02250000 -0.00729016
v -0.07355779 -0.01869977 -0.00726762
v -0.07355779 -0.01869977 -0.00726762
v -0.06959955 -0.02250000 -0.00729016
v -0.07021260 -0.02250000 -0.00488211
v -0.07355779 -0.01869977 -0.00726762
v -0.07021260 -0.02250000 -0.00488211
v -0.07395527 -0.01869992 -0.00554553
v -0.07395527 -0.01869992 -0.00554553
v -0.07021260 -0.02250000 -0.00488211
v -0.07413440 -0.01870003 -0.00455030
v -0.07413440 -0.01870003 -0.00455030
v -0.07021260 -0.02250000 -0.00488211
v -0.07057779 -0.02250000 -0.00245179
v -0.07413440 -0.01870003 -0.00455030
v -0.07057779 -0.02250000 -0.00245179
v -0.07424438 -0.01870006 -0.00380852
v -0.07070000 -0.02250000 0.00000001
v -0.07450000 -0.01870000 0.00000000
v -0.07449845 -0.01869994 -0.00029671
v -0.07449845 -0.01869994 -0.00029671
v -0.07448743 -0.01869990 -0.00084615
v -0.07070000 -0.02250000 0.00000001
v -0.07070000 -0.02250000 0.00000001
v -0.07448743 -0.01869990 -0.00084615
v -0.07442557 -0.01869997 -0.00205837
v -0.07070000 -0.02250000 0.00000001
v -0.07442557 -0.01869997 -0.00205837
v -0.07057779 -0.02250000 -0.00245179
v -0.07057779 -0.02250000 -0.00245179
v -0.07442557 -0.01869997 -0.00205837
v -0.07435041 -0.01870003 -0.00291619
v -0.07057779 -0.02250000 -0.00245179
v -0.07435041 -0.01870003 -0.00291619
v -0.07424438 -0.01870006 -0.00380852
v -0.07450000 -0.01870000 0.00000000
v -0.07070000 -0.02250000 0.00000001
v -0.07444435 -0.01869994 0.00178022
v -0.07444435 -0.01869994 0.00178022
v -0.07070000 -0.02250000 0.00000001
v -0.07057781 -0.02250000 0.00245176
v -0.07444435 -0.01869994 0.00178022
v -0.07057781 -0.02250000 0.00245176
v -0.07435041 -0.01870003 0.00291619
v -0.07021261 -0.02250000 0.00488210
v -0.07424217 -0.01870006 0.00382485
v -0.07057781 -0.02250000 0.00245176
v -0.07057781 -0.02250000 0.00245176
v -0.07424217 -0.01870006 0.00382485
v -0.07427917 -0.01870006 0.00354092
v -0.07057781 -0.02250000 0.00245176
v -0.07427917 -0.01870006 0.00354092
v -0.07435041 -0.01870003 0.00291619
v -0.07320003 -0.01869988 0.00850929
v -0.07347337 -0.01869978 0.00758050
v -0.06959955 -0.02250000 0.00729016
v -0.06959955 -0.02250000 0.00729016
v -0.07347337 -0.01869978 0.00758050
v -0.07362746 -0.01869977 0.00699811
v -0.06959955 -0.02250000 0.00729016
v -0.07362746 -0.01869977 0.00699811
v -0.07021261 -0.02250000 0.00488210
v -0.07021261 -0.02250000 0.00488210
v -0.07362746 -0.01869977 0.00699811
v -0.07400650 -0.01869995 0.00528072
v -0.07021261 -0.02250000 0.00488210
v -0.07400650 -0.01869995 0.00528072
v -0.07424217 -0.01870006 0.00382485
v -0.06873862 -0.02250000 0.00964529
v -0.07289343 -0.01870000 0.00943364
v -0.06959955 -0.02250000 0.00729016
v -0.06959955 -0.02250000 0.00729016
v -0.07289343 -0.01870000 0.00943364
v -0.07314238 -0.01869991 0.00869144
v -0.06959955 -0.02250000 0.00729016
v -0.07314238 -0.01869991 0.00869144
v -0.07320003 -0.01869988 0.00850929
v -0.07046744 -0.01869985 0.01461487
v -0.07067980 -0.01869980 0.01425333
v -0.06746999 -0.02250000 0.01221186
v -0.06746999 -0.02250000 0.01221186
v -0.07067980 -0.01869980 0.01425333
v -0.07151299 -0.01869986 0.01270187
v -0.06746999 -0.02250000 0.01221186
v -0.07151299 -0.01869986 0.01270187
v -0.06763650 -0.02250000 0.01191434
v -0.06763650 -0.02250000 0.01191434
v -0.07151299 -0.01869986 0.01270187
v -0.07220749 -0.01870004 0.01119899
v -0.06763650 -0.02250000 0.01191434
v -0.07220749 -0.01870004 0.01119899
v -0.06873862 -0.02250000 0.00964529
v -0.06873862 -0.02250000 0.00964529
v -0.07220749 -0.01870004 0.01119899
v -0.07225165 -0.01870004 0.01109509
v -0.06873862 -0.02250000 0.00964529
v -0.07225165 -0.01870004 0.01109509
v -0.07289343 -0.01870000 0.00943364
v -0.07046744 -0.01869985 0.01461487
v -0.06746999 -0.02250000 0.01221186
v -0.06975366 -0.01870001 0.01574844
v -0.06975366 -0.01870001 0.01574844
v -0.06746999 -0.02250000 0.01221186
v -0.06610642 -0.02250000 0.01434602
v -0.06975366 -0.01870001 0.01574844
v -0.06610642 -0.02250000 0.01434602
v -0.06923883 -0.01870006 0.01649870
v -0.06453357 -0.02250000 0.01632763
v -0.06825484 -0.01869997 0.01780372
v -0.06610642 -0.02250000 0.01434602
v -0.06610642 -0.02250000 0.01434602
v -0.06825484 -0.01869997 0.01780372
v -0.06873542 -0.01870004 0.01718576
v -0.06610642 -0.02250000 0.01434602
v -0.06873542 -0.01870004 0.01718576
v -0.06923883 -0.01870006 0.01649870
v -0.06569877 -0.01869990 0.02059632
v -0.06587041 -0.01869986 0.02043078
v -0.06277286 -0.02250000 0.01813161
v -0.06277286 -0.02250000 0.01813161
v -0.06587041 -0.01869986 0.02043078
v -0.06709928 -0.01869975 0.01915908
v -0.06277286 -0.02250000 0.01813161
v -0.06709928 -0.01869975 0.01915908
v -0.06453357 -0.02250000 0.01632763
v -0.06453357 -0.02250000 0.01632763
v -0.06709928 -0.01869975 0.01915908
v -0.06745586 -0.01869980 0.01875889
v -0.06453357 -0.02250000 0.01632763
v -0.06745586 -0.01869980 0.01875889
v -0.06825484 -0.01869997 0.01780372
v -0.06569877 -0.01869990 0.02059632
v -0.06277286 -0.02250000 0.01813161
v -0.06457065 -0.01870007 0.02161900
v -0.06457065 -0.01870007 0.02161900
v -0.06277286 -0.02250000 0.01813161
v -0.06085127 -0.02250000 0.01973626
v -0.06457065 -0.01870007 0.02161900
v -0.06085127 -0.02250000 0.01973626
v -0.06320183 -0.01869998 0.02272327
v -0.05906160 -0.02250000 0.02096388
v -0.06176523 -0.01869970 0.02374252
v -0.06085127 -0.02250000 0.01973626
v -0.06085127 -0.02250000 0.01973626
v -0.06176523 -0.01869970 0.02374252
v -0.06275643 -0.01869989 0.02305367
v -0.06085127 -0.02250000 0.01973626
v -0.06275643 -0.01869989 0.02305367
v -0.06320183 -0.01869998 0.02272327
v -0.05691470 -0.02250000 0.02215736
v -0.05956813 -0.01869994 0.02506304
v -0.05906160 -0.02250000 0.02096388
v -0.05906160 -0.02250000 0.02096388
v -0.05956813 -0.01869994 0.02506304
v -0.06110717 -0.01869968 0.02416657
v -0.05906160 -0.02250000 0.02096388
v -0.06110717 -0.01869968 0.02416657
v -0.06176523 -0.01869970 0.02374252
v -0.05602096 -0.01869985 0.02668015
v -0.05636779 -0.01869991 0.02654729
v -0.05465762 -0.02250000 0.02313291
v -0.05465762 -0.02250000 0.02313291
v -0.05636779 -0.01869991 0.02654729
v -0.05798759 -0.01870008 0.02585629
v -0.05465762 -0.02250000 0.02313291
v -0.05798759 -0.01870008 0.02585629
v -0.05691470 -0.02250000 0.02215736
v -0.05691470 -0.02250000 0.02215736
v -0.05798759 -0.01870008 0.02585629
v -0.05851050 -0.01870007 0.02560737
v -0.05691470 -0.02250000 0.02215736
v -0.05851050 -0.01870007 0.02560737
v -0.05956813 -0.01869994 0.02506304
v -0.05602096 -0.01869985 0.02668015
v -0.05465762 -0.02250000 0.02313291
v -0.05471062 -0.01869974 0.02713623
v -0.05471062 -0.01869974 0.02713623
v -0.05465762 -0.02250000 0.02313291
v -0.05228753 -0.02250000 0.02388618
v -0.05471062 -0.01869974 0.02713623
v -0.05228753 -0.02250000 0.02388618
v -0.05301762 -0.01869993 0.02762251
v -0.04983094 -0.02250000 0.02440087
v -0.05225629 -0.01870002 0.02780483
v -0.05228753 -0.02250000 0.02388618
v -0.05228753 -0.02250000 0.02388618
v -0.05225629 -0.01870002 0.02780483
v -0.05234969 -0.01870001 0.02778365
v -0.05228753 -0.02250000 0.02388618
v -0.05234969 -0.01870001 0.02778365
v -0.05301762 -0.01869993 0.02762251
v -0.04753149 -0.01869978 0.02845882
v -0.04856354 -0.01869981 0.02838447
v -0.04732111 -0.02250000 0.02466462
v -0.04732111 -0.02250000 0.02466462
v -0.04856354 -0.01869981 0.02838447
v -0.04875326 -0.01869983 0.02836670
v -0.04732111 -0.02250000 0.02466462
v -0.04875326 -0.01869983 0.02836670
v -0.04983094 -0.02250000 0.02440087
v -0.04983094 -0.02250000 0.02440087
v -0.04875326 -0.01869983 0.02836670
v -0.05050727 -0.01870003 0.02814133
v -0.04983094 -0.02250000 0.02440087
v -0.05050727 -0.01870003 0.02814133
v -0.05225629 -0.01870002 0.02780483
v -0.04753149 -0.01869978 0.02845882
v -0.04732111 -0.02250000 0.02466462
v -0.04699605 -0.01869983 0.02848259
v -0.04699605 -0.01869983 0.02848259
v -0.04732111 -0.02250000 0.02466462
v -0.04478949 -0.02250000 0.02467000
v -0.04699605 -0.01869983 0.02848259
v -0.04478949 -0.02250000 0.02467000
v -0.04523734 -0.01870003 0.02848979
v -0.04180346 -0.01869983 0.02818934
v -0.04270006 -0.01869994 0.02830831
v -0.04227171 -0.02250000 0.02441688
v -0.04227171 -0.02250000 0.02441688
v -0.04270006 -0.01869994 0.02830831
v -0.04347882 -0.01870003 0.02838827
v -0.04227171 -0.02250000 0.02441688
v -0.04347882 -0.01870003 0.02838827
v -0.04478949 -0.02250000 0.02467000
v -0.04478949 -0.02250000 0.02467000
v -0.04347882 -0.01870003 0.02838827
v -0.04473100 -0.01870006 0.02847173
v -0.04478949 -0.02250000 0.02467000
v -0.04473100 -0.01870006 0.02847173
v -0.04523734 -0.01870003 0.02848979
v -0.04180346 -0.01869983 0.02818934
v -0.04227171 -0.02250000 0.02441688
v -0.04094025 -0.01869976 0.02804726
v -0.04094025 -0.01869976 0.02804726
v -0.04227171 -0.02250000 0.02441688
v -0.03980206 -0.02250000 0.02390969
v -0.04094025 -0.01869976 0.02804726
v -0.03980206 -0.02250000 0.02390969
v -0.03921153 -0.01869992 0.02767972
v -0.03921153 -0.01869992 0.02767972
v -0.03980206 -0.02250000 0.02390969
v -0.03751508 -0.01870006 0.02720765
v -0.03751508 -0.01870006 0.02720765
v -0.03980206 -0.02250000 0.02390969
v -0.03741273 -0.02250000 0.02315922
v -0.03751508 -0.01870006 0.02720765
v -0.03741273 -0.02250000 0.02315922
v -0.03616340 -0.01869999 0.02674867
v -0.03475834 -0.02060000 0.02410778
v -0.03395539 -0.01870000 0.02582978
v -0.03422492 -0.01869994 0.02595376
v -0.03422492 -0.01869994 0.02595376
v -0.03585233 -0.01869996 0.02663221
v -0.03475834 -0.02060000 0.02410778
v -0.03475834 -0.02060000 0.02410778
v -0.03585233 -0.01869996 0.02663221
v -0.03616340 -0.01869999 0.02674867
v -0.03475834 -0.02060000 0.02410778
v -0.03616340 -0.01869999 0.02674867
v -0.03515119 -0.02152957 0.02326530
v -0.03515119 -0.02152957 0.02326530
v -0.03616340 -0.01869999 0.02674867
v -0.03741273 -0.02250000 0.02315922
v -0.03515119 -0.02152957 0.02326530
v -0.03741273 -0.02250000 0.02315922
v -0.03556126 -0.02249998 0.02238577
v 0.02454537 0.01448361 0.01869983
v 0.02146998 0.01221187 0.02250000
v 0.02163651 0.01191433 0.02250000
v -0.01204464 0.02582976 0.01870001
v -0.01043863 0.02238585 0.02249998
v -0.01040769 0.02653168 0.01869994
v -0.01040769 0.02653168 0.01869994
v -0.01043863 0.02238585 0.02249998
v -0.00858734 0.02315919 0.02250000
v -0.01040769 0.02653168 0.01869994
v -0.00858734 0.02315919 0.02250000
v -0.00983660 0.02674867 0.01869999
v -0.00983660 0.02674867 0.01869999
v -0.00858734 0.02315919 0.02250000
v -0.00874215 0.02712609 0.01870006
v -0.00874215 0.02712609 0.01870006
v -0.00858734 0.02315919 0.02250000
v -0.00619796 0.02390969 0.02250000
v -0.00874215 0.02712609 0.01870006
v -0.00619796 0.02390969 0.02250000
v -0.00809582 0.02732595 0.01870005
v -0.00359377 0.02827251 0.01869990
v -0.00446677 0.02814779 0.01869980
v -0.00372829 0.02441689 0.02250000
v -0.00372829 0.02441689 0.02250000
v -0.00446677 0.02814779 0.01869980
v -0.00533345 0.02799650 0.01869976
v -0.00372829 0.02441689 0.02250000
v -0.00533345 0.02799650 0.01869976
v -0.00619796 0.02390969 0.02250000
v -0.00619796 0.02390969 0.02250000
v -0.00533345 0.02799650 0.01869976
v -0.00705012 0.02761423 0.01869995
v -0.00619796 0.02390969 0.02250000
v -0.00705012 0.02761423 0.01869995
v -0.00809582 0.02732595 0.01870005
v -0.00359377 0.02827251 0.01869990
v -0.00372829 0.02441689 0.02250000
v -0.00281589 0.02836055 0.01870000
v -0.00281589 0.02836055 0.01870000
v -0.00372829 0.02441689 0.02250000
v -0.00121054 0.02467000 0.02250000
v -0.00281589 0.02836055 0.01870000
v -0.00121054 0.02467000 0.02250000
v -0.00103888 0.02848106 0.01870004
v 0.00248775 0.02839122 0.01869980
v 0.00153147 0.02845882 0.01869978
v 0.00132110 0.02466462 0.02250000
v 0.00132110 0.02466462 0.02250000
v 0.00153147 0.02845882 0.01869978
v 0.00072952 0.02849066 0.01869986
v 0.00132110 0.02466462 0.02250000
v 0.00072952 0.02849066 0.01869986
v -0.00121054 0.02467000 0.02250000
v -0.00121054 0.02467000 0.02250000
v 0.00072952 0.02849066 0.01869986
v -0.00076158 0.02848982 0.01870003
v -0.00121054 0.02467000 0.02250000
v -0.00076158 0.02848982 0.01870003
v -0.00103888 0.02848106 0.01870004
v 0.00248775 0.02839122 0.01869980
v 0.00132110 0.02466462 0.02250000
v 0.00295660 0.02834623 0.01869985
v 0.00295660 0.02834623 0.01869985
v 0.00132110 0.02466462 0.02250000
v 0.00383091 0.02440088 0.02250000
v 0.00295660 0.02834623 0.01869985
v 0.00383091 0.02440088 0.02250000
v 0.00423418 0.02818371 0.01870001
v 0.00423418 0.02818371 0.01870001
v 0.00383091 0.02440088 0.02250000
v 0.00596716 0.02786832 0.01870004
v 0.00596716 0.02786832 0.01870004
v 0.00383091 0.02440088 0.02250000
v 0.00628752 0.02388618 0.02250000
v 0.00596716 0.02786832 0.01870004
v 0.00628752 0.02388618 0.02250000
v 0.00673033 0.02769391 0.01869997
v 0.00673033 0.02769391 0.01869997
v 0.00628752 0.02388618 0.02250000
v 0.00844705 0.02721943 0.01869975
v 0.00844705 0.02721943 0.01869975
v 0.00628752 0.02388618 0.02250000
v 0.00865764 0.02313291 0.02250000
v 0.00844705 0.02721943 0.01869975
v 0.00865764 0.02313291 0.02250000
v 0.00987987 0.02673272 0.01869983
v 0.01332444 0.02519343 0.01869998
v 0.01251050 0.02560737 0.01870007
v 0.01091471 0.02215735 0.02250000
v 0.01091471 0.02215735 0.02250000
v 0.01251050 0.02560737 0.01870007
v 0.01174514 0.02596732 0.01870007
v 0.01091471 0.02215735 0.02250000
v 0.01174514 0.02596732 0.01870007
v 0.00865764 0.02313291 0.02250000
v 0.00865764 0.02313291 0.02250000
v 0.01174514 0.02596732 0.01870007
v 0.01011895 0.02664314 0.01869987
v 0.00865764 0.02313291 0.02250000
v 0.01011895 0.02664314 0.01869987
v 0.00987987 0.02673272 0.01869983
v 0.01332444 0.02519343 0.01869998
v 0.01091471 0.02215735 0.02250000
v 0.01356057 0.02506713 0.01869994
v 0.01356057 0.02506713 0.01869994
v 0.01091471 0.02215735 0.02250000
v 0.01306158 0.02096388 0.02250000
v 0.01356057 0.02506713 0.01869994
v 0.01306158 0.02096388 0.02250000
v 0.01485533 0.02432219 0.01869970
v 0.01485533 0.02432219 0.01869970
v 0.01306158 0.02096388 0.02250000
v 0.01551777 0.02390500 0.01869967
v 0.01551777 0.02390500 0.01869967
v 0.01306158 0.02096388 0.02250000
v 0.01485125 0.01973627 0.02250000
v 0.01551777 0.02390500 0.01869967
v 0.01485125 0.01973627 0.02250000
v 0.01671076 0.02308680 0.01869988
v 0.01967838 0.02061580 0.01869990
v 0.01943759 0.02084299 0.01869995
v 0.01677284 0.01813162 0.02250000
v 0.01677284 0.01813162 0.02250000
v 0.01943759 0.02084299 0.01869995
v 0.01836756 0.02179180 0.01870008
v 0.01677284 0.01813162 0.02250000
v 0.01836756 0.02179180 0.01870008
v 0.01485125 0.01973627 0.02250000
v 0.01485125 0.01973627 0.02250000
v 0.01836756 0.02179180 0.01870008
v 0.01698067 0.02288901 0.01869993
v 0.01485125 0.01973627 0.02250000
v 0.01698067 0.02288901 0.01869993
v 0.01671076 0.02308680 0.01869988
v 0.01967838 0.02061580 0.01869990
v 0.01677284 0.01813162 0.02250000
v 0.02091249 0.01936279 0.01869973
v 0.02091249 0.01936279 0.01869973
v 0.01677284 0.01813162 0.02250000
v 0.01853356 0.01632765 0.02250000
v 0.02091249 0.01936279 0.01869973
v 0.01853356 0.01632765 0.02250000
v 0.02145584 0.01875891 0.01869980
v 0.02010641 0.01434604 0.02250000
v 0.02255570 0.01742098 0.01870002
v 0.01853356 0.01632765 0.02250000
v 0.01853356 0.01632765 0.02250000
v 0.02255570 0.01742098 0.01870002
v 0.02206871 0.01803392 0.01869993
v 0.01853356 0.01632765 0.02250000
v 0.02206871 0.01803392 0.01869993
v 0.02145584 0.01875891 0.01869980
v 0.02454537 0.01448361 0.01869983
v 0.02426258 0.01495250 0.01869989
v 0.02146998 0.01221187 0.02250000
v 0.02146998 0.01221187 0.02250000
v 0.02426258 0.01495250 0.01869989
v 0.02359984 0.01597804 0.01870003
v 0.02146998 0.01221187 0.02250000
v 0.02359984 0.01597804 0.01870003
v 0.02010641 0.01434604 0.02250000
v 0.02010641 0.01434604 0.02250000
v 0.02359984 0.01597804 0.01870003
v 0.02323881 0.01649872 0.01870006
v 0.02010641 0.01434604 0.02250000
v 0.02323881 0.01649872 0.01870006
v 0.02255570 0.01742098 0.01870002
v 0.02273862 0.00964529 0.02250000
v 0.02600382 0.01166411 0.01869999
v 0.02163651 0.01191433 0.02250000
v 0.02163651 0.01191433 0.02250000
v 0.02600382 0.01166411 0.01869999
v 0.02539304 0.01294001 0.01869983
v 0.02163651 0.01191433 0.02250000
v 0.02539304 0.01294001 0.01869983
v 0.02454537 0.01448361 0.01869983
v 0.02730180 0.00817690 0.01869984
v 0.02705065 0.00897287 0.01869995
v 0.02359955 0.00729015 0.02250000
v 0.02359955 0.00729015 0.02250000
v 0.02705065 0.00897287 0.01869995
v 0.02679399 0.00971246 0.01870003
v 0.02359955 0.00729015 0.02250000
v 0.02679399 0.00971246 0.01870003
v 0.02273862 0.00964529 0.02250000
v 0.02273862 0.00964529 0.02250000
v 0.02679399 0.00971246 0.01870003
v 0.02614282 0.01134913 0.01870003
v 0.02273862 0.00964529 0.02250000
v 0.02614282 0.01134913 0.01870003
v 0.02600382 0.01166411 0.01869999
v 0.02730180 0.00817690 0.01869984
v 0.02359955 0.00729015 0.02250000
v 0.02755779 0.00726762 0.01869977
v 0.02755779 0.00726762 0.01869977
v 0.02359955 0.00729015 0.02250000
v 0.02421261 0.00488210 0.02250000
v 0.02755779 0.00726762 0.01869977
v 0.02421261 0.00488210 0.02250000
v 0.02795527 0.00554553 0.01869992
v 0.02795527 0.00554553 0.01869992
v 0.02421261 0.00488210 0.02250000
v 0.02813440 0.00455030 0.01870003
v 0.02813440 0.00455030 0.01870003
v 0.02421261 0.00488210 0.02250000
v 0.02457781 0.00245176 0.02250000
v 0.02813440 0.00455030 0.01870003
v 0.02457781 0.00245176 0.02250000
v 0.02824438 0.00380852 0.01870006
v 0.02850000 0.00000000 0.01870000
v 0.02849845 0.00029671 0.01869994
v 0.02470000 0.00000001 0.02250000
v 0.02470000 0.00000001 0.02250000
v 0.02849845 0.00029671 0.01869994
v 0.02842557 0.00205837 0.01869997
v 0.02470000 0.00000001 0.02250000
v 0.02842557 0.00205837 0.01869997
v 0.02457781 0.00245176 0.02250000
v 0.02457781 0.00245176 0.02250000
v 0.02842557 0.00205837 0.01869997
v 0.02835041 0.00291618 0.01870003
v 0.02457781 0.00245176 0.02250000
v 0.02835041 0.00291618 0.01870003
v 0.02824438 0.00380852 0.01870006
v 0.00099605 -0.02848259 0.01869983
v 0.00153149 -0.02845882 0.01869978
v 0.00132107 -0.02466462 0.02250000
v 0.02850000 0.00000000 0.01870000
v 0.02470000 0.00000001 0.02250000
v 0.02844435 -0.00178022 0.01869994
v 0.02844435 -0.00178022 0.01869994
v 0.02470000 0.00000001 0.02250000
v 0.02457780 -0.00245179 0.02250000
v 0.02844435 -0.00178022 0.01869994
v 0.02457780 -0.00245179 0.02250000
v 0.02835041 -0.00291619 0.01870003
v 0.02421260 -0.00488211 0.02250000
v 0.02824217 -0.00382485 0.01870006
v 0.02457780 -0.00245179 0.02250000
v 0.02457780 -0.00245179 0.02250000
v 0.02824217 -0.00382485 0.01870006
v 0.02827917 -0.00354092 0.01870006
v 0.02457780 -0.00245179 0.02250000
v 0.02827917 -0.00354092 0.01870006
v 0.02835041 -0.00291619 0.01870003
v 0.02720002 -0.00850932 0.01869988
v 0.02747337 -0.00758050 0.01869978
v 0.02359955 -0.00729016 0.02250000
v 0.02359955 -0.00729016 0.02250000
v 0.02747337 -0.00758050 0.01869978
v 0.02762746 -0.00699811 0.01869977
v 0.02359955 -0.00729016 0.02250000
v 0.02762746 -0.00699811 0.01869977
v 0.02421260 -0.00488211 0.02250000
v 0.02421260 -0.00488211 0.02250000
v 0.02762746 -0.00699811 0.01869977
v 0.02800650 -0.00528072 0.01869995
v 0.02421260 -0.00488211 0.02250000
v 0.02800650 -0.00528072 0.01869995
v 0.02824217 -0.00382485 0.01870006
v 0.02273859 -0.00964538 0.02250000
v 0.02689343 -0.00943364 0.01870000
v 0.02359955 -0.00729016 0.02250000
v 0.02359955 -0.00729016 0.02250000
v 0.02689343 -0.00943364 0.01870000
v 0.02714238 -0.00869144 0.01869991
v 0.02359955 -0.00729016 0.02250000
v 0.02714238 -0.00869144 0.01869991
v 0.02720002 -0.00850932 0.01869988
v 0.02446744 -0.01461487 0.01869985
v 0.02467980 -0.01425333 0.01869980
v 0.02147004 -0.01221178 0.02250000
v 0.02147004 -0.01221178 0.02250000
v 0.02467980 -0.01425333 0.01869980
v 0.02551299 -0.01270187 0.01869986
v 0.02147004 -0.01221178 0.02250000
v 0.02551299 -0.01270187 0.01869986
v 0.02163650 -0.01191437 0.02250000
v 0.02163650 -0.01191437 0.02250000
v 0.02551299 -0.01270187 0.01869986
v 0.02620749 -0.01119899 0.01870004
v 0.02163650 -0.01191437 0.02250000
v 0.02620749 -0.01119899 0.01870004
v 0.02273859 -0.00964538 0.02250000
v 0.02273859 -0.00964538 0.02250000
v 0.02620749 -0.01119899 0.01870004
v 0.02625165 -0.01109509 0.01870004
v 0.02273859 -0.00964538 0.02250000
v 0.02625165 -0.01109509 0.01870004
v 0.02689343 -0.00943364 0.01870000
v 0.02446744 -0.01461487 0.01869985
v 0.02147004 -0.01221178 0.02250000
v 0.02375366 -0.01574844 0.01870001
v 0.02375366 -0.01574844 0.01870001
v 0.02147004 -0.01221178 0.02250000
v 0.02010649 -0.01434592 0.02250000
v 0.02375366 -0.01574844 0.01870001
v 0.02010649 -0.01434592 0.02250000
v 0.02323891 -0.01649858 0.01870006
v 0.01853363 -0.01632757 0.02250000
v 0.02225484 -0.01780372 0.01869997
v 0.02010649 -0.01434592 0.02250000
v 0.02010649 -0.01434592 0.02250000
v 0.02225484 -0.01780372 0.01869997
v 0.02273543 -0.01718576 0.01870004
v 0.02010649 -0.01434592 0.02250000
v 0.02273543 -0.01718576 0.01870004
v 0.02323891 -0.01649858 0.01870006
v 0.01969877 -0.02059632 0.01869990
v 0.01987041 -0.02043078 0.01869986
v 0.01677295 -0.01813153 0.02250000
v 0.01677295 -0.01813153 0.02250000
v 0.01987041 -0.02043078 0.01869986
v 0.02109928 -0.01915908 0.01869975
v 0.01677295 -0.01813153 0.02250000
v 0.02109928 -0.01915908 0.01869975
v 0.01853363 -0.01632757 0.02250000
v 0.01853363 -0.01632757 0.02250000
v 0.02109928 -0.01915908 0.01869975
v 0.02145593 -0.01875881 0.01869980
v 0.01853363 -0.01632757 0.02250000
v 0.02145593 -0.01875881 0.01869980
v 0.02225484 -0.01780372 0.01869997
v 0.01675643 -0.02305367 0.01869989
v 0.01720183 -0.02272327 0.01869998
v 0.01485133 -0.01973622 0.02250000
v 0.01485133 -0.01973622 0.02250000
v 0.01720183 -0.02272327 0.01869998
v 0.01857065 -0.02161900 0.01870007
v 0.01485133 -0.01973622 0.02250000
v 0.01857065 -0.02161900 0.01870007
v 0.01677295 -0.01813153 0.02250000
v 0.01677295 -0.01813153 0.02250000
v 0.01857065 -0.02161900 0.01870007
v 0.01943764 -0.02084294 0.01869995
v 0.01677295 -0.01813153 0.02250000
v 0.01943764 -0.02084294 0.01869995
v 0.01969877 -0.02059632 0.01869990
v 0.01675643 -0.02305367 0.01869989
v 0.01485133 -0.01973622 0.02250000
v 0.01576523 -0.02374252 0.01869970
v 0.01576523 -0.02374252 0.01869970
v 0.01485133 -0.01973622 0.02250000
v 0.01306155 -0.02096390 0.02250000
v 0.01576523 -0.02374252 0.01869970
v 0.01306155 -0.02096390 0.02250000
v 0.01510717 -0.02416657 0.01869968
v 0.01510717 -0.02416657 0.01869968
v 0.01306155 -0.02096390 0.02250000
v 0.01356813 -0.02506304 0.01869994
v 0.01356813 -0.02506304 0.01869994
v 0.01306155 -0.02096390 0.02250000
v 0.01091475 -0.02215732 0.02250000
v 0.01356813 -0.02506304 0.01869994
v 0.01091475 -0.02215732 0.02250000
v 0.01251058 -0.02560733 0.01870007
v 0.01251058 -0.02560733 0.01870007
v 0.01091475 -0.02215732 0.02250000
v 0.01198759 -0.02585629 0.01870008
v 0.01198759 -0.02585629 0.01870008
v 0.01091475 -0.02215732 0.02250000
v 0.00865766 -0.02313290 0.02250000
v 0.01198759 -0.02585629 0.01870008
v 0.00865766 -0.02313290 0.02250000
v 0.01036779 -0.02654729 0.01869991
v 0.00628750 -0.02388619 0.02250000
v 0.00871062 -0.02713623 0.01869974
v 0.00865766 -0.02313290 0.02250000
v 0.00865766 -0.02313290 0.02250000
v 0.00871062 -0.02713623 0.01869974
v 0.01002096 -0.02668015 0.01869985
v 0.00865766 -0.02313290 0.02250000
v 0.01002096 -0.02668015 0.01869985
v 0.01036779 -0.02654729 0.01869991
v 0.00634969 -0.02778365 0.01870001
v 0.00628750 -0.02388619 0.02250000
v 0.00625629 -0.02780483 0.01870002
v 0.00625629 -0.02780483 0.01870002
v 0.00628750 -0.02388619 0.02250000
v 0.00383085 -0.02440089 0.02250000
v 0.00634969 -0.02778365 0.01870001
v 0.00701762 -0.02762251 0.01869993
v 0.00628750 -0.02388619 0.02250000
v 0.00628750 -0.02388619 0.02250000
v 0.00701762 -0.02762251 0.01869993
v 0.00715928 -0.02758613 0.01869992
v 0.00628750 -0.02388619 0.02250000
v 0.00715928 -0.02758613 0.01869992
v 0.00871062 -0.02713623 0.01869974
v 0.00153149 -0.02845882 0.01869978
v 0.00256354 -0.02838447 0.01869981
v 0.00132107 -0.02466462 0.02250000
v 0.00132107 -0.02466462 0.02250000
v 0.00256354 -0.02838447 0.01869981
v 0.00275326 -0.02836670 0.01869983
v 0.00132107 -0.02466462 0.02250000
v 0.00275326 -0.02836670 0.01869983
v 0.00383085 -0.02440089 0.02250000
v 0.00383085 -0.02440089 0.02250000
v 0.00275326 -0.02836670 0.01869983
v 0.00450727 -0.02814133 0.01870003
v 0.00383085 -0.02440089 0.02250000
v 0.00450727 -0.02814133 0.01870003
v 0.00625629 -0.02780483 0.01870002
v 0.00099605 -0.02848259 0.01869983
v 0.00132107 -0.02466462 0.02250000
v -0.00076266 -0.02848979 0.01870003
v -0.00076266 -0.02848979 0.01870003
v 0.00132107 -0.02466462 0.02250000
v -0.00121053 -0.02467000 0.02250000
v -0.00076266 -0.02848979 0.01870003
v -0.00121053 -0.02467000 0.02250000
v -0.00133159 -0.02846888 0.01870006
v -0.00133159 -0.02846888 0.01870006
v -0.00121053 -0.02467000 0.02250000
v -0.00252118 -0.02838827 0.01870003
v -0.00252118 -0.02838827 0.01870003
v -0.00121053 -0.02467000 0.02250000
v -0.00372829 -0.02441688 0.02250000
v -0.00252118 -0.02838827 0.01870003
v -0.00372829 -0.02441688 0.02250000
v -0.00329994 -0.02830831 0.01869994
v -0.00619792 -0.02390970 0.02250000
v -0.00505975 -0.02804726 0.01869976
v -0.00372829 -0.02441688 0.02250000
v -0.00372829 -0.02441688 0.02250000
v -0.00505975 -0.02804726 0.01869976
v -0.00419657 -0.02818934 0.01869983
v -0.00372829 -0.02441688 0.02250000
v -0.00419657 -0.02818934 0.01869983
v -0.00329994 -0.02830831 0.01869994
v -0.00858731 -0.02315920 0.02250000
v -0.00848492 -0.02720765 0.01870006
v -0.00619792 -0.02390970 0.02250000
v -0.00619792 -0.02390970 0.02250000
v -0.00848492 -0.02720765 0.01870006
v -0.00678847 -0.02767972 0.01869992
v -0.00619792 -0.02390970 0.02250000
v -0.00678847 -0.02767972 0.01869992
v -0.00505975 -0.02804726 0.01869976
v -0.01043874 -0.02238577 0.02249998
v -0.00983664 -0.02674866 0.01869999
v -0.00858731 -0.02315920 0.02250000
v -0.00858731 -0.02315920 0.02250000
v -0.00983664 -0.02674866 0.01869999
v -0.00879627 -0.02710859 0.01870006
v -0.00858731 -0.02315920 0.02250000
v -0.00879627 -0.02710859 0.01870006
v -0.00848492 -0.02720765 0.01870006
v -0.01163449 -0.02495027 0.01967042
v -0.01204461 -0.02582978 0.01870000
v -0.01177508 -0.02595376 0.01869994
v -0.01043874 -0.02238577 0.02249998
v -0.01124164 -0.02410779 0.02060000
v -0.00983664 -0.02674866 0.01869999
v -0.00983664 -0.02674866 0.01869999
v -0.01124164 -0.02410779 0.02060000
v -0.01163449 -0.02495027 0.01967042
v -0.00983664 -0.02674866 0.01869999
v -0.01163449 -0.02495027 0.01967042
v -0.01014767 -0.02663221 0.01869996
v -0.01014767 -0.02663221 0.01869996
v -0.01163449 -0.02495027 0.01967042
v -0.01177508 -0.02595376 0.01869994
v 0.02850000 0.00000000 -0.01670014
v 0.02470014 -0.00000001 -0.02050000
v 0.02844435 0.00178022 -0.01670017
v 0.02844435 0.00178022 -0.01670017
v 0.02470014 -0.00000001 -0.02050000
v 0.02457346 0.00249630 -0.02050000
v 0.02419512 0.00496875 -0.02050000
v 0.02827917 0.00354092 -0.01670009
v 0.02457346 0.00249630 -0.02050000
v 0.02457346 0.00249630 -0.02050000
v 0.02827917 0.00354092 -0.01670009
v 0.02835407 0.00288034 -0.01670011
v 0.02457346 0.00249630 -0.02050000
v 0.02835407 0.00288034 -0.01670011
v 0.02844435 0.00178022 -0.01670017
v 0.02714238 0.00869144 -0.01670020
v 0.02730180 0.00817690 -0.01670026
v 0.02356691 0.00739538 -0.02050000
v 0.02356691 0.00739538 -0.02050000
v 0.02730180 0.00817690 -0.01670026
v 0.02762746 0.00699811 -0.01670033
v 0.02356691 0.00739538 -0.02050000
v 0.02762746 0.00699811 -0.01670033
v 0.02419512 0.00496875 -0.02050000
v 0.02419512 0.00496875 -0.02050000
v 0.02762746 0.00699811 -0.01670033
v 0.02800650 0.00528072 -0.01670018
v 0.02419512 0.00496875 -0.02050000
v 0.02800650 0.00528072 -0.01670018
v 0.02827917 0.00354092 -0.01670009
v 0.02714238 0.00869144 -0.01670020
v 0.02356691 0.00739538 -0.02050000
v 0.02689343 0.00943365 -0.01670011
v 0.02689343 0.00943365 -0.01670011
v 0.02356691 0.00739538 -0.02050000
v 0.02269775 0.00974141 -0.02050000
v 0.02689343 0.00943365 -0.01670011
v 0.02269775 0.00974141 -0.02050000
v 0.02625164 0.01109510 -0.01670007
v 0.02467980 0.01425334 -0.01670030
v 0.02491761 0.01383340 -0.01670033
v 0.02159538 0.01198896 -0.02050000
v 0.02159538 0.01198896 -0.02050000
v 0.02491761 0.01383340 -0.01670033
v 0.02551298 0.01270188 -0.01670025
v 0.02159538 0.01198896 -0.02050000
v 0.02551298 0.01270188 -0.01670025
v 0.02269775 0.00974141 -0.02050000
v 0.02269775 0.00974141 -0.02050000
v 0.02551298 0.01270188 -0.01670025
v 0.02600382 0.01166411 -0.01670012
v 0.02269775 0.00974141 -0.02050000
v 0.02600382 0.01166411 -0.01670012
v 0.02625164 0.01109510 -0.01670007
v 0.02467980 0.01425334 -0.01670030
v 0.02159538 0.01198896 -0.02050000
v 0.02426258 0.01495250 -0.01670021
v 0.02426258 0.01495250 -0.01670021
v 0.02159538 0.01198896 -0.02050000
v 0.02027129 0.01411232 -0.02050000
v 0.02426258 0.01495250 -0.01670021
v 0.02027129 0.01411232 -0.02050000
v 0.02375366 0.01574845 -0.01670010
v 0.02210776 0.01798601 -0.01670013
v 0.02225482 0.01780373 -0.01670011
v 0.01873934 0.01609115 -0.02050000
v 0.01873934 0.01609115 -0.02050000
v 0.02225482 0.01780373 -0.01670011
v 0.02273542 0.01718577 -0.01670005
v 0.01873934 0.01609115 -0.02050000
v 0.02273542 0.01718577 -0.01670005
v 0.02027129 0.01411232 -0.02050000
v 0.02027129 0.01411232 -0.02050000
v 0.02273542 0.01718577 -0.01670005
v 0.02339005 0.01628360 -0.01670005
v 0.02027129 0.01411232 -0.02050000
v 0.02339005 0.01628360 -0.01670005
v 0.02375366 0.01574845 -0.01670010
v 0.01957611 0.02071294 -0.01670016
v 0.01987040 0.02043079 -0.01670021
v 0.01701188 0.01790772 -0.02050000
v 0.01701188 0.01790772 -0.02050000
v 0.01987040 0.02043079 -0.01670021
v 0.02109927 0.01915909 -0.01670030
v 0.01701188 0.01790772 -0.02050000
v 0.02109927 0.01915909 -0.01670030
v 0.01873934 0.01609115 -0.02050000
v 0.01873934 0.01609115 -0.02050000
v 0.02109927 0.01915909 -0.01670030
v 0.02162230 0.01856680 -0.01670022
v 0.01873934 0.01609115 -0.02050000
v 0.02162230 0.01856680 -0.01670022
v 0.02210776 0.01798601 -0.01670013
v 0.01957611 0.02071294 -0.01670016
v 0.01701188 0.01790772 -0.02050000
v 0.01857064 0.02161901 -0.01670003
v 0.01857064 0.02161901 -0.01670003
v 0.01701188 0.01790772 -0.02050000
v 0.01511301 0.01953664 -0.02050000
v 0.01857064 0.02161901 -0.01670003
v 0.01511301 0.01953664 -0.02050000
v 0.01720182 0.02272328 -0.01670008
v 0.01306165 0.02096393 -0.02050000
v 0.01576522 0.02374253 -0.01670028
v 0.01511301 0.01953664 -0.02050000
v 0.01511301 0.01953664 -0.02050000
v 0.01576522 0.02374253 -0.01670028
v 0.01671076 0.02308680 -0.01670015
v 0.01511301 0.01953664 -0.02050000
v 0.01671076 0.02308680 -0.01670015
v 0.01720182 0.02272328 -0.01670008
v 0.01087368 0.02217757 -0.02050000
v 0.01356811 0.02506305 -0.01670010
v 0.01306165 0.02096393 -0.02050000
v 0.01306165 0.02096393 -0.02050000
v 0.01356811 0.02506305 -0.01670010
v 0.01510716 0.02416658 -0.01670029
v 0.01306165 0.02096393 -0.02050000
v 0.01510716 0.02416658 -0.01670029
v 0.01576522 0.02374253 -0.01670028
v 0.01017923 0.02662017 -0.01670017
v 0.01036778 0.02654730 -0.01670015
v 0.00857292 0.02316450 -0.02050000
v 0.00857292 0.02316450 -0.02050000
v 0.01036778 0.02654730 -0.01670015
v 0.01198758 0.02585629 -0.01670000
v 0.00857292 0.02316450 -0.02050000
v 0.01198758 0.02585629 -0.01670000
v 0.01087368 0.02217757 -0.02050000
v 0.01087368 0.02217757 -0.02050000
v 0.01198758 0.02585629 -0.01670000
v 0.01254659 0.02558971 -0.01670001
v 0.01087368 0.02217757 -0.02050000
v 0.01254659 0.02558971 -0.01670001
v 0.01356811 0.02506305 -0.01670010
v 0.01017923 0.02662017 -0.01670017
v 0.00857292 0.02316450 -0.02050000
v 0.00871060 0.02713624 -0.01670028
v 0.00871060 0.02713624 -0.01670028
v 0.00857292 0.02316450 -0.02050000
v 0.00618159 0.02391385 -0.02050000
v 0.00871060 0.02713624 -0.01670028
v 0.00618159 0.02391385 -0.02050000
v 0.00701761 0.02762251 -0.01670010
v 0.00373127 0.02441635 -0.02050000
v 0.00625628 0.02780484 -0.01670002
v 0.00618159 0.02391385 -0.02050000
v 0.00618159 0.02391385 -0.02050000
v 0.00625628 0.02780484 -0.01670002
v 0.00662437 0.02771945 -0.01670005
v 0.00618159 0.02391385 -0.02050000
v 0.00662437 0.02771945 -0.01670005
v 0.00701761 0.02762251 -0.01670010
v 0.00142689 0.02846426 -0.01670024
v 0.00275325 0.02836670 -0.01670021
v 0.00123672 0.02466901 -0.02050000
v 0.00123672 0.02466901 -0.02050000
v 0.00275325 0.02836670 -0.01670021
v 0.00295660 0.02834623 -0.01670019
v 0.00123672 0.02466901 -0.02050000
v 0.00295660 0.02834623 -0.01670019
v 0.00373127 0.02441635 -0.02050000
v 0.00373127 0.02441635 -0.02050000
v 0.00295660 0.02834623 -0.01670019
v 0.00450726 0.02814133 -0.01670002
v 0.00373127 0.02441635 -0.02050000
v 0.00450726 0.02814133 -0.01670002
v 0.00625628 0.02780484 -0.01670002
v -0.00252119 0.02838827 -0.01669999
v -0.00145919 0.02846262 -0.01669997
v -0.00126460 0.02466730 -0.02050000
v -0.00126460 0.02466730 -0.02050000
v -0.00145919 0.02846262 -0.01669997
v -0.00076267 0.02848979 -0.01670001
v -0.00126460 0.02466730 -0.02050000
v -0.00076267 0.02848979 -0.01670001
v 0.00123672 0.02466901 -0.02050000
v 0.00123672 0.02466901 -0.02050000
v -0.00076267 0.02848979 -0.01670001
v 0.00099603 0.02848259 -0.01670020
v 0.00123672 0.02466901 -0.02050000
v 0.00099603 0.02848259 -0.01670020
v 0.00142689 0.02846426 -0.01670024
v -0.00252119 0.02838827 -0.01669999
v -0.00126460 0.02466730 -0.02050000
v -0.00329995 0.02830831 -0.01670006
v -0.00329995 0.02830831 -0.01670006
v -0.00126460 0.02466730 -0.02050000
v -0.00375575 0.02441269 -0.02050000
v -0.00329995 0.02830831 -0.01670006
v -0.00375575 0.02441269 -0.02050000
v -0.00446677 0.02814779 -0.01670019
v -0.00446677 0.02814779 -0.01670019
v -0.00375575 0.02441269 -0.02050000
v -0.00505976 0.02804726 -0.01670022
v -0.00505976 0.02804726 -0.01670022
v -0.00375575 0.02441269 -0.02050000
v -0.00620998 0.02390657 -0.02050000
v -0.00505976 0.02804726 -0.01670022
v -0.00620998 0.02390657 -0.02050000
v -0.00678849 0.02767971 -0.01670009
v -0.01014769 0.02663220 -0.01670003
v -0.00991891 0.02671826 -0.01670001
v -0.00859633 0.02315586 -0.02050000
v -0.00859633 0.02315586 -0.02050000
v -0.00991891 0.02671826 -0.01670001
v -0.00848494 0.02720764 -0.01669997
v -0.00859633 0.02315586 -0.02050000
v -0.00848494 0.02720764 -0.01669997
v -0.00620998 0.02390657 -0.02050000
v -0.00620998 0.02390657 -0.02050000
v -0.00848494 0.02720764 -0.01669997
v -0.00809582 0.02732595 -0.01669998
v -0.00620998 0.02390657 -0.02050000
v -0.00809582 0.02732595 -0.01669998
v -0.00678849 0.02767971 -0.01670009
v -0.01014769 0.02663220 -0.01670003
v -0.00859633 0.02315586 -0.02050000
v -0.01177510 0.02595375 -0.01670004
v -0.01177510 0.02595375 -0.01670004
v -0.00859633 0.02315586 -0.02050000
v -0.01043867 0.02238585 -0.02050002
v -0.01177510 0.02595375 -0.01670004
v -0.01043867 0.02238585 -0.02050002
v -0.01204463 0.02582979 -0.01670003
v -0.01204463 -0.02582976 -0.01670003
v -0.01043872 -0.02238578 -0.02049999
v -0.01040768 -0.02653168 -0.01670004
v -0.01040768 -0.02653168 -0.01670004
v -0.01043872 -0.02238578 -0.02049999
v -0.00859635 -0.02315585 -0.02050000
v -0.00620997 -0.02390657 -0.02050000
v -0.00874214 -0.02712609 -0.01669996
v -0.00859635 -0.02315585 -0.02050000
v -0.00859635 -0.02315585 -0.02050000
v -0.00874214 -0.02712609 -0.01669996
v -0.00991887 -0.02671827 -0.01670001
v -0.00859635 -0.02315585 -0.02050000
v -0.00991887 -0.02671827 -0.01670001
v -0.01040768 -0.02653168 -0.01670004
v -0.00433348 -0.02816861 -0.01670018
v -0.00507858 -0.02804386 -0.01670022
v -0.00375573 -0.02441269 -0.02050000
v -0.00375573 -0.02441269 -0.02050000
v -0.00507858 -0.02804386 -0.01670022
v -0.00533344 -0.02799651 -0.01670022
v -0.00375573 -0.02441269 -0.02050000
v -0.00533344 -0.02799651 -0.01670022
v -0.00620997 -0.02390657 -0.02050000
v -0.00620997 -0.02390657 -0.02050000
v -0.00533344 -0.02799651 -0.01670022
v -0.00705011 -0.02761423 -0.01670006
v -0.00620997 -0.02390657 -0.02050000
v -0.00705011 -0.02761423 -0.01670006
v -0.00874214 -0.02712609 -0.01669996
v -0.00103886 -0.02848106 -0.01669999
v -0.00126900 -0.02847173 -0.01669998
v -0.00126459 -0.02466730 -0.02050000
v -0.00126459 -0.02466730 -0.02050000
v -0.00126900 -0.02847173 -0.01669998
v -0.00281587 -0.02836055 -0.01670002
v -0.00126459 -0.02466730 -0.02050000
v -0.00281587 -0.02836055 -0.01670002
v -0.00375573 -0.02441269 -0.02050000
v -0.00375573 -0.02441269 -0.02050000
v -0.00281587 -0.02836055 -0.01670002
v -0.00359375 -0.02827251 -0.01670009
v -0.00375573 -0.02441269 -0.02050000
v -0.00359375 -0.02827251 -0.01670009
v -0.00433348 -0.02816861 -0.01670018
v -0.00103886 -0.02848106 -0.01669999
v -0.00126459 -0.02466730 -0.02050000
v 0.00072955 -0.02849066 -0.01670017
v 0.00072955 -0.02849066 -0.01670017
v -0.00126459 -0.02466730 -0.02050000
v 0.00123672 -0.02466901 -0.02050000
v 0.00072955 -0.02849066 -0.01670017
v 0.00123672 -0.02466901 -0.02050000
v 0.00142698 -0.02846425 -0.01670024
v 0.00142698 -0.02846425 -0.01670024
v 0.00123672 -0.02466901 -0.02050000
v 0.00248777 -0.02839121 -0.01670023
v 0.00248777 -0.02839121 -0.01670023
v 0.00123672 -0.02466901 -0.02050000
v 0.00373127 -0.02441635 -0.02050000
v 0.00248777 -0.02839121 -0.01670023
v 0.00373127 -0.02441635 -0.02050000
v 0.00423420 -0.02818371 -0.01670004
v 0.00423420 -0.02818371 -0.01670004
v 0.00373127 -0.02441635 -0.02050000
v 0.00596718 -0.02786831 -0.01670000
v 0.00596718 -0.02786831 -0.01670000
v 0.00373127 -0.02441635 -0.02050000
v 0.00618168 -0.02391382 -0.02050000
v 0.00596718 -0.02786831 -0.01670000
v 0.00618168 -0.02391382 -0.02050000
v 0.00634969 -0.02778365 -0.01670003
v 0.00857298 -0.02316448 -0.02050000
v 0.00844708 -0.02721942 -0.01670026
v 0.00618168 -0.02391382 -0.02050000
v 0.00618168 -0.02391382 -0.02050000
v 0.00844708 -0.02721942 -0.01670026
v 0.00673036 -0.02769390 -0.01670006
v 0.00618168 -0.02391382 -0.02050000
v 0.00673036 -0.02769390 -0.01670006
v 0.00634969 -0.02778365 -0.01670003
v 0.01011898 -0.02664313 -0.01670018
v 0.01002096 -0.02668015 -0.01670019
v 0.00857298 -0.02316448 -0.02050000
v 0.00857298 -0.02316448 -0.02050000
v 0.01002096 -0.02668015 -0.01670019
v 0.00989185 -0.02672829 -0.01670020
v 0.00857298 -0.02316448 -0.02050000
v 0.00989185 -0.02672829 -0.01670020
v 0.00844708 -0.02721942 -0.01670026
v 0.01011898 -0.02664313 -0.01670018
v 0.00857298 -0.02316448 -0.02050000
v 0.01174517 -0.02596730 -0.01670001
v 0.01174517 -0.02596730 -0.01670001
v 0.00857298 -0.02316448 -0.02050000
v 0.01087367 -0.02217759 -0.02050000
v 0.01174517 -0.02596730 -0.01670001
v 0.01087367 -0.02217759 -0.02050000
v 0.01254662 -0.02558969 -0.01670001
v 0.01306162 -0.02096395 -0.02050000
v 0.01351092 -0.02509392 -0.01670009
v 0.01087367 -0.02217759 -0.02050000
v 0.01087367 -0.02217759 -0.02050000
v 0.01351092 -0.02509392 -0.01670009
v 0.01332447 -0.02519342 -0.01670007
v 0.01087367 -0.02217759 -0.02050000
v 0.01332447 -0.02519342 -0.01670007
v 0.01254662 -0.02558969 -0.01670001
v 0.01698069 -0.02288900 -0.01670011
v 0.01675643 -0.02305367 -0.01670014
v 0.01511305 -0.01953660 -0.02050000
v 0.01511305 -0.01953660 -0.02050000
v 0.01675643 -0.02305367 -0.01670014
v 0.01551779 -0.02390498 -0.01670030
v 0.01511305 -0.01953660 -0.02050000
v 0.01551779 -0.02390498 -0.01670030
v 0.01306162 -0.02096395 -0.02050000
v 0.01306162 -0.02096395 -0.02050000
v 0.01551779 -0.02390498 -0.01670030
v 0.01485537 -0.02432217 -0.01670028
v 0.01306162 -0.02096395 -0.02050000
v 0.01485537 -0.02432217 -0.01670028
v 0.01351092 -0.02509392 -0.01670009
v 0.01701188 -0.01790772 -0.02050000
v 0.01836758 -0.02179178 -0.01670002
v 0.01511305 -0.01953660 -0.02050000
v 0.01511305 -0.01953660 -0.02050000
v 0.01836758 -0.02179178 -0.01670002
v 0.01743818 -0.02254239 -0.01670006
v 0.01511305 -0.01953660 -0.02050000
v 0.01743818 -0.02254239 -0.01670006
v 0.01698069 -0.02288900 -0.01670011
v 0.01873929 -0.01609121 -0.02050000
v 0.02091252 -0.01936276 -0.01670031
v 0.01701188 -0.01790772 -0.02050000
v 0.01701188 -0.01790772 -0.02050000
v 0.02091252 -0.01936276 -0.01670031
v 0.01967840 -0.02061578 -0.01670017
v 0.01701188 -0.01790772 -0.02050000
v 0.01967840 -0.02061578 -0.01670017
v 0.01836758 -0.02179178 -0.01670002
v 0.02228471 -0.01776631 -0.01670010
v 0.01873929 -0.01609121 -0.02050000
v 0.02255572 -0.01742095 -0.01670007
v 0.02255572 -0.01742095 -0.01670007
v 0.01873929 -0.01609121 -0.02050000
v 0.02027125 -0.01411238 -0.02050000
v 0.02228471 -0.01776631 -0.01670010
v 0.02206873 -0.01803389 -0.01670014
v 0.01873929 -0.01609121 -0.02050000
v 0.01873929 -0.01609121 -0.02050000
v 0.02206873 -0.01803389 -0.01670014
v 0.02162234 -0.01856675 -0.01670022
v 0.01873929 -0.01609121 -0.02050000
v 0.02162234 -0.01856675 -0.01670022
v 0.02091252 -0.01936276 -0.01670031
v 0.02491763 -0.01383336 -0.01670033
v 0.02454538 -0.01448358 -0.01670027
v 0.02159538 -0.01198899 -0.02050000
v 0.02159538 -0.01198899 -0.02050000
v 0.02454538 -0.01448358 -0.01670027
v 0.02446744 -0.01461487 -0.01670025
v 0.02159538 -0.01198899 -0.02050000
v 0.02446744 -0.01461487 -0.01670025
v 0.02027125 -0.01411238 -0.02050000
v 0.02027125 -0.01411238 -0.02050000
v 0.02446744 -0.01461487 -0.01670025
v 0.02359985 -0.01597801 -0.01670007
v 0.02027125 -0.01411238 -0.02050000
v 0.02359985 -0.01597801 -0.01670007
v 0.02255572 -0.01742095 -0.01670007
v 0.02491763 -0.01383336 -0.01670033
v 0.02159538 -0.01198899 -0.02050000
v 0.02539305 -0.01293998 -0.01670028
v 0.02539305 -0.01293998 -0.01670028
v 0.02159538 -0.01198899 -0.02050000
v 0.02269780 -0.00974130 -0.02050000
v 0.02539305 -0.01293998 -0.01670028
v 0.02269780 -0.00974130 -0.02050000
v 0.02614284 -0.01134910 -0.01670009
v 0.02747337 -0.00758050 -0.01670031
v 0.02705066 -0.00897284 -0.01670016
v 0.02356697 -0.00739521 -0.02050000
v 0.02356697 -0.00739521 -0.02050000
v 0.02705066 -0.00897284 -0.01670016
v 0.02679401 -0.00971243 -0.01670009
v 0.02356697 -0.00739521 -0.02050000
v 0.02679401 -0.00971243 -0.01670009
v 0.02269780 -0.00974130 -0.02050000
v 0.02269780 -0.00974130 -0.02050000
v 0.02679401 -0.00971243 -0.01670009
v 0.02620749 -0.01119899 -0.01670008
v 0.02269780 -0.00974130 -0.02050000
v 0.02620749 -0.01119899 -0.01670008
v 0.02614284 -0.01134910 -0.01670009
v 0.02747337 -0.00758050 -0.01670031
v 0.02356697 -0.00739521 -0.02050000
v 0.02755779 -0.00726759 -0.01670033
v 0.02755779 -0.00726759 -0.01670033
v 0.02356697 -0.00739521 -0.02050000
v 0.02419515 -0.00496866 -0.02050000
v 0.02755779 -0.00726759 -0.01670033
v 0.02419515 -0.00496866 -0.02050000
v 0.02791740 -0.00573312 -0.01670022
v 0.02457347 -0.00249620 -0.02050000
v 0.02824439 -0.00380849 -0.01670009
v 0.02419515 -0.00496866 -0.02050000
v 0.02419515 -0.00496866 -0.02050000
v 0.02824439 -0.00380849 -0.01670009
v 0.02795528 -0.00554550 -0.01670020
v 0.02419515 -0.00496866 -0.02050000
v 0.02795528 -0.00554550 -0.01670020
v 0.02791740 -0.00573312 -0.01670022
v 0.02850000 0.00000000 -0.01670014
v 0.02849845 -0.00029667 -0.01670018
v 0.02470014 -0.00000001 -0.02050000
v 0.02470014 -0.00000001 -0.02050000
v 0.02849845 -0.00029667 -0.01670018
v 0.02842557 -0.00205833 -0.01670016
v 0.02470014 -0.00000001 -0.02050000
v 0.02842557 -0.00205833 -0.01670016
v 0.02457347 -0.00249620 -0.02050000
v 0.02457347 -0.00249620 -0.02050000
v 0.02842557 -0.00205833 -0.01670016
v 0.02835409 -0.00288021 -0.01670011
v 0.02457347 -0.00249620 -0.02050000
v 0.02835409 -0.00288021 -0.01670011
v 0.02824439 -0.00380849 -0.01670009
v -0.01422720 0.02483171 0.01870110
v -0.01204464 0.02582976 0.01870001
v -0.01204463 0.02582979 -0.01670003
v -0.01204463 0.02582979 -0.01670003
v -0.01364506 0.02508804 -0.01670859
v -0.01422720 0.02483171 0.01870110
v -0.01422720 0.02483171 0.01870110
v -0.01364506 0.02508804 -0.01670859
v -0.01521741 0.02437369 -0.01673956
v -0.01422720 0.02483171 0.01870110
v -0.01521741 0.02437369 -0.01673956
v -0.01631388 0.02392338 0.01870827
v -0.01631388 0.02392338 0.01870827
v -0.01521741 0.02437369 -0.01673956
v -0.01749727 0.02338584 -0.01684573
v -0.02023307 0.02240210 0.01877906
v -0.01979188 0.02255764 0.01876475
v -0.01772793 0.02329051 -0.01686187
v -0.01772793 0.02329051 -0.01686187
v -0.01979188 0.02255764 0.01876475
v -0.01831251 0.02311102 0.01873045
v -0.01772793 0.02329051 -0.01686187
v -0.01831251 0.02311102 0.01873045
v -0.01749727 0.02338584 -0.01684573
v -0.01749727 0.02338584 -0.01684573
v -0.01831251 0.02311102 0.01873045
v -0.01742863 0.02346214 0.01871796
v -0.01749727 0.02338584 -0.01684573
v -0.01742863 0.02346214 0.01871796
v -0.01631388 0.02392338 0.01870827
v -0.02205175 0.02181518 0.01886437
v -0.02089483 0.02211346 -0.01721559
v -0.02249591 0.02168658 0.01889317
v -0.02249591 0.02168658 0.01889317
v -0.02089483 0.02211346 -0.01721559
v -0.02296601 0.02155738 0.01892783
v -0.01772793 0.02329051 -0.01686187
v -0.01929662 0.02267327 -0.01700413
v -0.02023307 0.02240210 0.01877906
v -0.02023307 0.02240210 0.01877906
v -0.01929662 0.02267327 -0.01700413
v -0.02025260 0.02232886 -0.01712175
v -0.02023307 0.02240210 0.01877906
v -0.02025260 0.02232886 -0.01712175
v -0.02205175 0.02181518 0.01886437
v -0.02205175 0.02181518 0.01886437
v -0.02025260 0.02232886 -0.01712175
v -0.02070503 0.02217571 -0.01718654
v -0.02205175 0.02181518 0.01886437
v -0.02070503 0.02217571 -0.01718654
v -0.02089483 0.02211346 -0.01721559
v -0.02089483 0.02211346 -0.01721559
v -0.02239456 0.02166609 -0.01748579
v -0.02296601 0.02155738 0.01892783
v -0.02296601 0.02155738 0.01892783
v -0.02239456 0.02166609 -0.01748579
v -0.02305586 0.02149516 -0.01762823
v -0.02296601 0.02155738 0.01892783
v -0.02305586 0.02149516 -0.01762823
v -0.02356305 0.02140396 0.01897864
v -0.02305586 0.02149516 -0.01762823
v -0.02387885 0.02130529 -0.01782557
v -0.02356305 0.02140396 0.01897864
v -0.02356305 0.02140396 0.01897864
v -0.02387885 0.02130529 -0.01782557
v -0.02443261 0.02119175 -0.01797063
v -0.02356305 0.02140396 0.01897864
v -0.02443261 0.02119175 -0.01797063
v -0.02506238 0.02107455 0.01914464
v -0.02506238 0.02107455 0.01914464
v -0.02443261 0.02119175 -0.01797063
v -0.02594192 0.02093716 -0.01841511
v -0.02506238 0.02107455 0.01914464
v -0.02594192 0.02093716 -0.01841511
v -0.02655682 0.02082892 0.01937402
v -0.02655682 0.02082892 0.01937402
v -0.02594192 0.02093716 -0.01841511
v -0.02674922 0.02083148 -0.01868090
v -0.02655682 0.02082892 0.01937402
v -0.02674922 0.02083148 -0.01868090
v -0.02746901 0.02075322 -0.01893301
v -0.03132454 0.02051352 0.02063147
v -0.02956978 0.02056432 0.02007115
v -0.02902521 0.02062848 -0.01952015
v -0.02902521 0.02062848 -0.01952015
v -0.02956978 0.02056432 0.02007115
v -0.02789869 0.02067647 0.01964345
v -0.02902521 0.02062848 -0.01952015
v -0.02789869 0.02067647 0.01964345
v -0.02746901 0.02075322 -0.01893301
v -0.02746901 0.02075322 -0.01893301
v -0.02789869 0.02067647 0.01964345
v -0.02742901 0.02072283 0.01954190
v -0.02746901 0.02075322 -0.01893301
v -0.02742901 0.02072283 0.01954190
v -0.02655682 0.02082892 0.01937402
v -0.03230363 0.02050350 0.02099092
v -0.03395538 0.02050000 -0.02164382
v -0.03320556 0.02050039 0.02134896
v -0.03320556 0.02050039 0.02134896
v -0.03395538 0.02050000 -0.02164382
v -0.03395538 0.02050000 0.02166427
v -0.02902521 0.02062848 -0.01952015
v -0.03062014 0.02055147 -0.02017100
v -0.03132454 0.02051352 0.02063147
v -0.03132454 0.02051352 0.02063147
v -0.03062014 0.02055147 -0.02017100
v -0.03137477 0.02052895 -0.02049321
v -0.03132454 0.02051352 0.02063147
v -0.03137477 0.02052895 -0.02049321
v -0.03230363 0.02050350 0.02099092
v -0.03230363 0.02050350 0.02099092
v -0.03137477 0.02052895 -0.02049321
v -0.03226089 0.02051162 -0.02088109
v -0.03230363 0.02050350 0.02099092
v -0.03226089 0.02051162 -0.02088109
v -0.03395538 0.02050000 -0.02164382
v -0.01262606 -0.02556269 -0.01670018
v -0.01204463 -0.02582976 -0.01670003
v -0.01204461 -0.02582978 0.01870000
v -0.02802651 -0.02256434 0.01988500
v -0.02865792 -0.02254602 0.02002650
v -0.02788851 -0.02253522 -0.01913786
v -0.03395538 -0.02250000 0.02168830
v -0.03395538 -0.02250000 -0.02164796
v -0.03360408 -0.02250001 0.02154889
v -0.03360408 -0.02250001 0.02154889
v -0.03395538 -0.02250000 -0.02164796
v -0.03303017 -0.02250025 0.02133094
v -0.03303017 -0.02250025 0.02133094
v -0.03395538 -0.02250000 -0.02164796
v -0.03178989 -0.02250321 0.02089908
v -0.03178989 -0.02250321 0.02089908
v -0.03395538 -0.02250000 -0.02164796
v -0.03186056 -0.02250142 -0.02072412
v -0.03178989 -0.02250321 0.02089908
v -0.03186056 -0.02250142 -0.02072412
v -0.02992949 -0.02252033 0.02034512
v -0.02992949 -0.02252033 0.02034512
v -0.03186056 -0.02250142 -0.02072412
v -0.02984040 -0.02251038 -0.01988523
v -0.02992949 -0.02252033 0.02034512
v -0.02984040 -0.02251038 -0.01988523
v -0.02865792 -0.02254602 0.02002650
v -0.02865792 -0.02254602 0.02002650
v -0.02984040 -0.02251038 -0.01988523
v -0.02867467 -0.02252258 -0.01943035
v -0.02865792 -0.02254602 0.02002650
v -0.02867467 -0.02252258 -0.01943035
v -0.02788851 -0.02253522 -0.01913786
v -0.02510839 -0.02262487 -0.01821153
v -0.02408021 -0.02279476 0.01921869
v -0.02599945 -0.02258663 -0.01848850
v -0.02599945 -0.02258663 -0.01848850
v -0.02408021 -0.02279476 0.01921869
v -0.02609895 -0.02264883 0.01951504
v -0.02599945 -0.02258663 -0.01848850
v -0.02609895 -0.02264883 0.01951504
v -0.02788851 -0.02253522 -0.01913786
v -0.02788851 -0.02253522 -0.01913786
v -0.02609895 -0.02264883 0.01951504
v -0.02721365 -0.02259433 0.01971795
v -0.02788851 -0.02253522 -0.01913786
v -0.02721365 -0.02259433 0.01971795
v -0.02802651 -0.02256434 0.01988500
v -0.02510839 -0.02262487 -0.01821153
v -0.02417088 -0.02267813 -0.01794329
v -0.02408021 -0.02279476 0.01921869
v -0.02408021 -0.02279476 0.01921869
v -0.02417088 -0.02267813 -0.01794329
v -0.02385483 -0.02269960 -0.01785858
v -0.02408021 -0.02279476 0.01921869
v -0.02385483 -0.02269960 -0.01785858
v -0.02300905 -0.02290148 0.01909520
v -0.02385483 -0.02269960 -0.01785858
v -0.02310116 -0.02275905 -0.01766881
v -0.02300905 -0.02290148 0.01909520
v -0.02300905 -0.02290148 0.01909520
v -0.02310116 -0.02275905 -0.01766881
v -0.02233538 -0.02283297 -0.01749416
v -0.02300905 -0.02290148 0.01909520
v -0.02233538 -0.02283297 -0.01749416
v -0.02083315 -0.02302544 -0.01720605
v -0.02016515 -0.02330671 0.01886431
v -0.02109314 -0.02315305 0.01892548
v -0.02083315 -0.02302544 -0.01720605
v -0.02083315 -0.02302544 -0.01720605
v -0.02109314 -0.02315305 0.01892548
v -0.02206634 -0.02301486 0.01900395
v -0.02083315 -0.02302544 -0.01720605
v -0.02206634 -0.02301486 0.01900395
v -0.02300905 -0.02290148 0.01909520
v -0.02083315 -0.02302544 -0.01720605
v -0.02019145 -0.02313002 -0.01710503
v -0.02016515 -0.02330671 0.01886431
v -0.02016515 -0.02330671 0.01886431
v -0.02019145 -0.02313002 -0.01710503
v -0.01934274 -0.02329144 -0.01699174
v -0.02016515 -0.02330671 0.01886431
v -0.01934274 -0.02329144 -0.01699174
v -0.01919247 -0.02349274 0.01881318
v -0.01919247 -0.02349274 0.01881318
v -0.01934274 -0.02329144 -0.01699174
v -0.01801338 -0.02360145 -0.01685872
v -0.01919247 -0.02349274 0.01881318
v -0.01801338 -0.02360145 -0.01685872
v -0.01787241 -0.02378971 0.01876234
v -0.01787241 -0.02378971 0.01876234
v -0.01801338 -0.02360145 -0.01685872
v -0.01734053 -0.02392484 0.01874712
v -0.01262606 -0.02556269 -0.01670018
v -0.01204461 -0.02582978 0.01870000
v -0.01457099 -0.02473684 -0.01671132
v -0.01801338 -0.02360145 -0.01685872
v -0.01740199 -0.02376847 -0.01681405
v -0.01734053 -0.02392484 0.01874712
v -0.01734053 -0.02392484 0.01874712
v -0.01740199 -0.02376847 -0.01681405
v -0.01634376 -0.02409400 -0.01675791
v -0.01734053 -0.02392484 0.01874712
v -0.01634376 -0.02409400 -0.01675791
v -0.01553423 -0.02445538 0.01871381
v -0.01553423 -0.02445538 0.01871381
v -0.01634376 -0.02409400 -0.01675791
v -0.01528331 -0.02446462 -0.01672420
v -0.01553423 -0.02445538 0.01871381
v -0.01528331 -0.02446462 -0.01672420
v -0.01496977 -0.02464516 0.01870819
v -0.01496977 -0.02464516 0.01870819
v -0.01528331 -0.02446462 -0.01672420
v -0.01457099 -0.02473684 -0.01671132
v -0.01496977 -0.02464516 0.01870819
v -0.01457099 -0.02473684 -0.01671132
v -0.01376960 -0.02508912 0.01870172
v -0.01376960 -0.02508912 0.01870172
v -0.01457099 -0.02473684 -0.01671132
v -0.01204461 -0.02582978 0.01870000
v -0.03395538 -0.02250000 -0.02164796
v -0.03395538 -0.02250000 0.02168830
v -0.03556137 -0.02249998 -0.02238585
v -0.03556137 -0.02249998 -0.02238585
v -0.03395538 -0.02250000 0.02168830
v -0.03556126 -0.02249998 0.02238577
v -0.03556137 -0.02249998 -0.02238585
v -0.03556126 -0.02249998 0.02238577
v -0.03741269 -0.02250000 -0.02315920
v -0.05228752 -0.02250000 -0.02388619
v -0.03556126 -0.02249998 0.02238577
v -0.05465766 -0.02250000 -0.02313290
v -0.05465766 -0.02250000 -0.02313290
v -0.03556126 -0.02249998 0.02238577
v -0.03741273 -0.02250000 0.02315922
v -0.06085131 -0.02250000 -0.01973623
v -0.05906155 -0.02250000 -0.02096391
v -0.06763650 -0.02250000 0.01191434
v -0.05465762 -0.02250000 0.02313291
v -0.05691470 -0.02250000 0.02215736
v -0.05465766 -0.02250000 -0.02313290
v -0.07057779 -0.02250000 -0.00245179
v -0.06763650 -0.02250000 0.01191434
v -0.07070000 -0.02250000 0.00000001
v -0.07070000 -0.02250000 0.00000001
v -0.06763650 -0.02250000 0.01191434
v -0.07057781 -0.02250000 0.00245176
v -0.05906155 -0.02250000 -0.02096391
v -0.05691474 -0.02250000 -0.02215733
v -0.06763650 -0.02250000 0.01191434
v -0.06763650 -0.02250000 0.01191434
v -0.05691474 -0.02250000 -0.02215733
v -0.05465766 -0.02250000 -0.02313290
v -0.06763650 -0.02250000 0.01191434
v -0.05465766 -0.02250000 -0.02313290
v -0.06746999 -0.02250000 0.01221186
v -0.05465762 -0.02250000 0.02313291
v -0.05465766 -0.02250000 -0.02313290
v -0.05228753 -0.02250000 0.02388618
v -0.05691470 -0.02250000 0.02215736
v -0.05906160 -0.02250000 0.02096388
v -0.05465766 -0.02250000 -0.02313290
v -0.05465766 -0.02250000 -0.02313290
v -0.05906160 -0.02250000 0.02096388
v -0.06085127 -0.02250000 0.01973626
v -0.05465766 -0.02250000 -0.02313290
v -0.06085127 -0.02250000 0.01973626
v -0.06277286 -0.02250000 0.01813161
v -0.06873862 -0.02250000 0.00964529
v -0.06959955 -0.02250000 0.00729016
v -0.06763650 -0.02250000 0.01191434
v -0.06763650 -0.02250000 0.01191434
v -0.06959955 -0.02250000 0.00729016
v -0.07021261 -0.02250000 0.00488210
v -0.06763650 -0.02250000 0.01191434
v -0.07021261 -0.02250000 0.00488210
v -0.07057781 -0.02250000 0.00245176
v -0.07057779 -0.02250000 -0.00245179
v -0.07021260 -0.02250000 -0.00488211
v -0.06763650 -0.02250000 0.01191434
v -0.06763650 -0.02250000 0.01191434
v -0.07021260 -0.02250000 -0.00488211
v -0.06959955 -0.02250000 -0.00729016
v -0.06763650 -0.02250000 0.01191434
v -0.06959955 -0.02250000 -0.00729016
v -0.06873859 -0.02250000 -0.00964537
v -0.05228752 -0.02250000 -0.02388619
v -0.04983086 -0.02250000 -0.02440089
v -0.03556126 -0.02249998 0.02238577
v -0.03556126 -0.02249998 0.02238577
v -0.04983086 -0.02250000 -0.02440089
v -0.04732106 -0.02250000 -0.02466462
v -0.03556126 -0.02249998 0.02238577
v -0.04732106 -0.02250000 -0.02466462
v -0.04478947 -0.02250000 -0.02467000
v -0.04478947 -0.02250000 -0.02467000
v -0.04227171 -0.02250000 -0.02441688
v -0.03556126 -0.02249998 0.02238577
v -0.03556126 -0.02249998 0.02238577
v -0.04227171 -0.02250000 -0.02441688
v -0.03980207 -0.02250000 -0.02390970
v -0.03556126 -0.02249998 0.02238577
v -0.03980207 -0.02250000 -0.02390970
v -0.03741269 -0.02250000 -0.02315920
v -0.06873859 -0.02250000 -0.00964537
v -0.06763650 -0.02250000 -0.01191437
v -0.06763650 -0.02250000 0.01191434
v -0.06763650 -0.02250000 0.01191434
v -0.06763650 -0.02250000 -0.01191437
v -0.06747003 -0.02250000 -0.01221180
v -0.06763650 -0.02250000 0.01191434
v -0.06747003 -0.02250000 -0.01221180
v -0.06610648 -0.02250000 -0.01434593
v -0.06277286 -0.02250000 0.01813161
v -0.06453357 -0.02250000 0.01632763
v -0.05465766 -0.02250000 -0.02313290
v -0.05465766 -0.02250000 -0.02313290
v -0.06453357 -0.02250000 0.01632763
v -0.06610642 -0.02250000 0.01434602
v -0.05465766 -0.02250000 -0.02313290
v -0.06610642 -0.02250000 0.01434602
v -0.06746999 -0.02250000 0.01221186
v -0.06610648 -0.02250000 -0.01434593
v -0.06453362 -0.02250000 -0.01632759
v -0.06763650 -0.02250000 0.01191434
v -0.06763650 -0.02250000 0.01191434
v -0.06453362 -0.02250000 -0.01632759
v -0.06277294 -0.02250000 -0.01813154
v -0.06763650 -0.02250000 0.01191434
v -0.06277294 -0.02250000 -0.01813154
v -0.06085131 -0.02250000 -0.01973623
v -0.03741273 -0.02250000 0.02315922
v -0.03980206 -0.02250000 0.02390969
v -0.05465766 -0.02250000 -0.02313290
v -0.05465766 -0.02250000 -0.02313290
v -0.03980206 -0.02250000 0.02390969
v -0.04227171 -0.02250000 0.02441688
v -0.05465766 -0.02250000 -0.02313290
v -0.04227171 -0.02250000 0.02441688
v -0.04478949 -0.02250000 0.02467000
v -0.04478949 -0.02250000 0.02467000
v -0.04732111 -0.02250000 0.02466462
v -0.05465766 -0.02250000 -0.02313290
v -0.05465766 -0.02250000 -0.02313290
v -0.04732111 -0.02250000 0.02466462
v -0.04983094 -0.02250000 0.02440087
v -0.05465766 -0.02250000 -0.02313290
v -0.04983094 -0.02250000 0.02440087
v -0.05228753 -0.02250000 0.02388618
v -0.03741269 0.02050000 0.02315920
v -0.03556128 0.02050000 0.02238579
v -0.05489228 0.02050000 -0.02304370
v -0.05489228 0.02050000 -0.02304370
v -0.03556128 0.02050000 0.02238579
v -0.03532718 0.02050000 0.02227722
v -0.05489228 0.02050000 -0.02304370
v -0.03532718 0.02050000 0.02227722
v -0.05253256 0.02050000 -0.02382036
v -0.03395538 0.02050000 0.02166427
v -0.03395538 0.02050000 -0.02164382
v -0.03532718 0.02050000 0.02227722
v -0.03532718 0.02050000 0.02227722
v -0.03395538 0.02050000 -0.02164382
v -0.03556135 0.02050001 -0.02238585
v -0.03532718 0.02050000 0.02227722
v -0.03556135 0.02050001 -0.02238585
v -0.03765067 0.02050000 -0.02324604
v -0.06085131 0.02050000 0.01973623
v -0.05906155 0.02050000 0.02096391
v -0.05489228 0.02050000 -0.02304370
v -0.07021261 0.02050000 -0.00488210
v -0.07057781 0.02050000 -0.00245176
v -0.06111896 0.02050000 -0.01953192
v -0.06111896 0.02050000 -0.01953192
v -0.07057781 0.02050000 -0.00245176
v -0.07070000 0.02050000 -0.00000001
v -0.07070000 0.02050000 -0.00000001
v -0.07057779 0.02050000 0.00245179
v -0.06111896 0.02050000 -0.01953192
v -0.06111896 0.02050000 -0.01953192
v -0.07057779 0.02050000 0.00245179
v -0.07021260 0.02050000 0.00488211
v -0.06111896 0.02050000 -0.01953192
v -0.07021260 0.02050000 0.00488211
v -0.06959955 0.02050000 0.00729016
v -0.03765067 0.02050000 -0.02324604
v -0.04004970 0.02050000 -0.02397253
v -0.03532718 0.02050000 0.02227722
v -0.03532718 0.02050000 0.02227722
v -0.04004970 0.02050000 -0.02397253
v -0.04252568 0.02050000 -0.02445427
v -0.03532718 0.02050000 0.02227722
v -0.04252568 0.02050000 -0.02445427
v -0.04504655 0.02050000 -0.02468129
v -0.04504655 0.02050000 -0.02468129
v -0.04757744 0.02050000 -0.02464956
v -0.03532718 0.02050000 0.02227722
v -0.03532718 0.02050000 0.02227722
v -0.04757744 0.02050000 -0.02464956
v -0.05008327 0.02050000 -0.02435990
v -0.03532718 0.02050000 0.02227722
v -0.05008327 0.02050000 -0.02435990
v -0.05253256 0.02050000 -0.02382036
v -0.05713665 0.02050000 -0.02204665
v -0.05927132 0.02050000 -0.02083173
v -0.06763650 0.02050000 0.01191437
v -0.06763650 0.02050000 0.01191437
v -0.05927132 0.02050000 -0.02083173
v -0.06111896 0.02050000 -0.01953192
v -0.06763650 0.02050000 0.01191437
v -0.06111896 0.02050000 -0.01953192
v -0.06873859 0.02050000 0.00964537
v -0.06873859 0.02050000 0.00964537
v -0.06111896 0.02050000 -0.01953192
v -0.06959955 0.02050000 0.00729016
v -0.05713665 0.02050000 -0.02204665
v -0.06763650 0.02050000 0.01191437
v -0.05489228 0.02050000 -0.02304370
v -0.05489228 0.02050000 -0.02304370
v -0.06763650 0.02050000 0.01191437
v -0.06747004 0.02050000 0.01221180
v -0.05489228 0.02050000 -0.02304370
v -0.06747004 0.02050000 0.01221180
v -0.06610648 0.02050000 0.01434593
v -0.05906155 0.02050000 0.02096391
v -0.05691474 0.02050000 0.02215733
v -0.05489228 0.02050000 -0.02304370
v -0.05489228 0.02050000 -0.02304370
v -0.05691474 0.02050000 0.02215733
v -0.05465766 0.02050000 0.02313290
v -0.05489228 0.02050000 -0.02304370
v -0.05465766 0.02050000 0.02313290
v -0.05228752 0.02050000 0.02388619
v -0.06610648 0.02050000 0.01434593
v -0.06453362 0.02050000 0.01632759
v -0.05489228 0.02050000 -0.02304370
v -0.05489228 0.02050000 -0.02304370
v -0.06453362 0.02050000 0.01632759
v -0.06277294 0.02050000 0.01813154
v -0.05489228 0.02050000 -0.02304370
v -0.06277294 0.02050000 0.01813154
v -0.06085131 0.02050000 0.01973623
v -0.06302068 0.02050000 -0.01789923
v -0.06873862 0.02050000 -0.00964529
v -0.06111896 0.02050000 -0.01953192
v -0.06111896 0.02050000 -0.01953192
v -0.06873862 0.02050000 -0.00964529
v -0.06959955 0.02050000 -0.00729016
v -0.06111896 0.02050000 -0.01953192
v -0.06959955 0.02050000 -0.00729016
v -0.07021261 0.02050000 -0.00488210
v -0.06302068 0.02050000 -0.01789923
v -0.06475738 0.02050000 -0.01606995
v -0.06873862 0.02050000 -0.00964529
v -0.06873862 0.02050000 -0.00964529
v -0.06475738 0.02050000 -0.01606995
v -0.06630319 0.02050000 -0.01406621
v -0.06873862 0.02050000 -0.00964529
v -0.06630319 0.02050000 -0.01406621
v -0.06763650 0.02050000 -0.01191434
v -0.05228752 0.02050000 0.02388619
v -0.04983086 0.02050000 0.02440089
v -0.05489228 0.02050000 -0.02304370
v -0.05489228 0.02050000 -0.02304370
v -0.04983086 0.02050000 0.02440089
v -0.04732106 0.02050000 0.02466462
v -0.05489228 0.02050000 -0.02304370
v -0.04732106 0.02050000 0.02466462
v -0.04478947 0.02050000 0.02467000
v -0.04478947 0.02050000 0.02467000
v -0.04227171 0.02050000 0.02441688
v -0.05489228 0.02050000 -0.02304370
v -0.05489228 0.02050000 -0.02304370
v -0.04227171 0.02050000 0.02441688
v -0.03980207 0.02050000 0.02390970
v -0.05489228 0.02050000 -0.02304370
v -0.03980207 0.02050000 0.02390970
v -0.03741269 0.02050000 0.02315920
v 0.02850000 0.00000000 -0.01670014
v 0.02850000 0.00000000 0.01870000
v 0.02849845 -0.00029667 -0.01670018
v 0.02849845 -0.00029667 -0.01670018
v 0.02850000 0.00000000 0.01870000
v 0.02844435 -0.00178022 0.01869994
v 0.02849845 -0.00029667 -0.01670018
v 0.02844435 -0.00178022 0.01869994
v 0.02842557 -0.00205833 -0.01670016
v 0.02842557 -0.00205833 -0.01670016
v 0.02844435 -0.00178022 0.01869994
v 0.02835409 -0.00288021 -0.01670011
v 0.02844435 -0.00178022 0.01869994
v 0.02835041 -0.00291619 0.01870003
v 0.02835409 -0.00288021 -0.01670011
v 0.02835409 -0.00288021 -0.01670011
v 0.02835041 -0.00291619 0.01870003
v 0.02827917 -0.00354092 0.01870006
v 0.02835409 -0.00288021 -0.01670011
v 0.02827917 -0.00354092 0.01870006
v 0.02824439 -0.00380849 -0.01670009
v 0.02824439 -0.00380849 -0.01670009
v 0.02827917 -0.00354092 0.01870006
v 0.02824217 -0.00382485 0.01870006
v 0.02824439 -0.00380849 -0.01670009
v 0.02824217 -0.00382485 0.01870006
v 0.02795528 -0.00554550 -0.01670020
v 0.02795528 -0.00554550 -0.01670020
v 0.02824217 -0.00382485 0.01870006
v 0.02800650 -0.00528072 0.01869995
v 0.02795528 -0.00554550 -0.01670020
v 0.02800650 -0.00528072 0.01869995
v 0.02791740 -0.00573312 -0.01670022
v 0.02791740 -0.00573312 -0.01670022
v 0.02800650 -0.00528072 0.01869995
v 0.02762746 -0.00699811 0.01869977
v 0.02791740 -0.00573312 -0.01670022
v 0.02762746 -0.00699811 0.01869977
v 0.02755779 -0.00726759 -0.01670033
v 0.02755779 -0.00726759 -0.01670033
v 0.02762746 -0.00699811 0.01869977
v 0.02747337 -0.00758050 -0.01670031
v 0.02747337 -0.00758050 -0.01670031
v 0.02762746 -0.00699811 0.01869977
v 0.02747337 -0.00758050 0.01869978
v 0.02747337 -0.00758050 -0.01670031
v 0.02747337 -0.00758050 0.01869978
v 0.02705066 -0.00897284 -0.01670016
v 0.02747337 -0.00758050 0.01869978
v 0.02720002 -0.00850932 0.01869988
v 0.02705066 -0.00897284 -0.01670016
v 0.02705066 -0.00897284 -0.01670016
v 0.02720002 -0.00850932 0.01869988
v 0.02714238 -0.00869144 0.01869991
v 0.02705066 -0.00897284 -0.01670016
v 0.02714238 -0.00869144 0.01869991
v 0.02679401 -0.00971243 -0.01670009
v 0.02714238 -0.00869144 0.01869991
v 0.02689343 -0.00943364 0.01870000
v 0.02679401 -0.00971243 -0.01670009
v 0.02679401 -0.00971243 -0.01670009
v 0.02689343 -0.00943364 0.01870000
v 0.02625165 -0.01109509 0.01870004
v 0.02679401 -0.00971243 -0.01670009
v 0.02625165 -0.01109509 0.01870004
v 0.02620749 -0.01119899 -0.01670008
v 0.02620749 -0.01119899 -0.01670008
v 0.02625165 -0.01109509 0.01870004
v 0.02620749 -0.01119899 0.01870004
v 0.02620749 -0.01119899 -0.01670008
v 0.02620749 -0.01119899 0.01870004
v 0.02614284 -0.01134910 -0.01670009
v 0.02614284 -0.01134910 -0.01670009
v 0.02620749 -0.01119899 0.01870004
v 0.02539305 -0.01293998 -0.01670028
v 0.02539305 -0.01293998 -0.01670028
v 0.02620749 -0.01119899 0.01870004
v 0.02551299 -0.01270187 0.01869986
v 0.02539305 -0.01293998 -0.01670028
v 0.02551299 -0.01270187 0.01869986
v 0.02491763 -0.01383336 -0.01670033
v 0.02491763 -0.01383336 -0.01670033
v 0.02551299 -0.01270187 0.01869986
v 0.02467980 -0.01425333 0.01869980
v 0.02491763 -0.01383336 -0.01670033
v 0.02467980 -0.01425333 0.01869980
v 0.02454538 -0.01448358 -0.01670027
v 0.02225484 -0.01780372 0.01869997
v 0.02228471 -0.01776631 -0.01670010
v 0.02273543 -0.01718576 0.01870004
v 0.02273543 -0.01718576 0.01870004
v 0.02228471 -0.01776631 -0.01670010
v 0.02255572 -0.01742095 -0.01670007
v 0.02273543 -0.01718576 0.01870004
v 0.02255572 -0.01742095 -0.01670007
v 0.02323891 -0.01649858 0.01870006
v 0.02323891 -0.01649858 0.01870006
v 0.02255572 -0.01742095 -0.01670007
v 0.02359985 -0.01597801 -0.01670007
v 0.02454538 -0.01448358 -0.01670027
v 0.02467980 -0.01425333 0.01869980
v 0.02446744 -0.01461487 -0.01670025
v 0.02446744 -0.01461487 -0.01670025
v 0.02467980 -0.01425333 0.01869980
v 0.02446744 -0.01461487 0.01869985
v 0.02446744 -0.01461487 -0.01670025
v 0.02446744 -0.01461487 0.01869985
v 0.02359985 -0.01597801 -0.01670007
v 0.02359985 -0.01597801 -0.01670007
v 0.02446744 -0.01461487 0.01869985
v 0.02375366 -0.01574844 0.01870001
v 0.02359985 -0.01597801 -0.01670007
v 0.02375366 -0.01574844 0.01870001
v 0.02323891 -0.01649858 0.01870006
v 0.01987041 -0.02043078 0.01869986
v 0.01967840 -0.02061578 -0.01670017
v 0.02109928 -0.01915908 0.01869975
v 0.02109928 -0.01915908 0.01869975
v 0.01967840 -0.02061578 -0.01670017
v 0.02091252 -0.01936276 -0.01670031
v 0.02109928 -0.01915908 0.01869975
v 0.02091252 -0.01936276 -0.01670031
v 0.02145593 -0.01875881 0.01869980
v 0.02145593 -0.01875881 0.01869980
v 0.02091252 -0.01936276 -0.01670031
v 0.02162234 -0.01856675 -0.01670022
v 0.02145593 -0.01875881 0.01869980
v 0.02162234 -0.01856675 -0.01670022
v 0.02225484 -0.01780372 0.01869997
v 0.02225484 -0.01780372 0.01869997
v 0.02162234 -0.01856675 -0.01670022
v 0.02206873 -0.01803389 -0.01670014
v 0.02225484 -0.01780372 0.01869997
v 0.02206873 -0.01803389 -0.01670014
v 0.02228471 -0.01776631 -0.01670010
v 0.01675643 -0.02305367 0.01869989
v 0.01698069 -0.02288900 -0.01670011
v 0.01720183 -0.02272327 0.01869998
v 0.01720183 -0.02272327 0.01869998
v 0.01698069 -0.02288900 -0.01670011
v 0.01743818 -0.02254239 -0.01670006
v 0.01720183 -0.02272327 0.01869998
v 0.01743818 -0.02254239 -0.01670006
v 0.01857065 -0.02161900 0.01870007
v 0.01857065 -0.02161900 0.01870007
v 0.01743818 -0.02254239 -0.01670006
v 0.01836758 -0.02179178 -0.01670002
v 0.01857065 -0.02161900 0.01870007
v 0.01836758 -0.02179178 -0.01670002
v 0.01943764 -0.02084294 0.01869995
v 0.01943764 -0.02084294 0.01869995
v 0.01836758 -0.02179178 -0.01670002
v 0.01967840 -0.02061578 -0.01670017
v 0.01943764 -0.02084294 0.01869995
v 0.01967840 -0.02061578 -0.01670017
v 0.01969877 -0.02059632 0.01869990
v 0.01969877 -0.02059632 0.01869990
v 0.01967840 -0.02061578 -0.01670017
v 0.01987041 -0.02043078 0.01869986
v 0.01356813 -0.02506304 0.01869994
v 0.01351092 -0.02509392 -0.01670009
v 0.01510717 -0.02416657 0.01869968
v 0.01510717 -0.02416657 0.01869968
v 0.01351092 -0.02509392 -0.01670009
v 0.01485537 -0.02432217 -0.01670028
v 0.01510717 -0.02416657 0.01869968
v 0.01485537 -0.02432217 -0.01670028
v 0.01576523 -0.02374252 0.01869970
v 0.01576523 -0.02374252 0.01869970
v 0.01485537 -0.02432217 -0.01670028
v 0.01551779 -0.02390498 -0.01670030
v 0.01576523 -0.02374252 0.01869970
v 0.01551779 -0.02390498 -0.01670030
v 0.01675643 -0.02305367 0.01869989
v 0.01675643 -0.02305367 0.01869989
v 0.01551779 -0.02390498 -0.01670030
v 0.01675643 -0.02305367 -0.01670014
v 0.01675643 -0.02305367 0.01869989
v 0.01675643 -0.02305367 -0.01670014
v 0.01698069 -0.02288900 -0.01670011
v 0.00673036 -0.02769390 -0.01670006
v 0.00844708 -0.02721942 -0.01670026
v 0.00871062 -0.02713623 0.01869974
v 0.00871062 -0.02713623 0.01869974
v 0.00844708 -0.02721942 -0.01670026
v 0.00989185 -0.02672829 -0.01670020
v 0.00871062 -0.02713623 0.01869974
v 0.00989185 -0.02672829 -0.01670020
v 0.01002096 -0.02668015 0.01869985
v 0.01002096 -0.02668015 0.01869985
v 0.00989185 -0.02672829 -0.01670020
v 0.01002096 -0.02668015 -0.01670019
v 0.01002096 -0.02668015 0.01869985
v 0.01002096 -0.02668015 -0.01670019
v 0.01036779 -0.02654729 0.01869991
v 0.01036779 -0.02654729 0.01869991
v 0.01002096 -0.02668015 -0.01670019
v 0.01011898 -0.02664313 -0.01670018
v 0.01036779 -0.02654729 0.01869991
v 0.01011898 -0.02664313 -0.01670018
v 0.01198759 -0.02585629 0.01870008
v 0.01198759 -0.02585629 0.01870008
v 0.01011898 -0.02664313 -0.01670018
v 0.01174517 -0.02596730 -0.01670001
v 0.01198759 -0.02585629 0.01870008
v 0.01174517 -0.02596730 -0.01670001
v 0.01251058 -0.02560733 0.01870007
v 0.01251058 -0.02560733 0.01870007
v 0.01174517 -0.02596730 -0.01670001
v 0.01254662 -0.02558969 -0.01670001
v 0.01251058 -0.02560733 0.01870007
v 0.01254662 -0.02558969 -0.01670001
v 0.01356813 -0.02506304 0.01869994
v 0.01356813 -0.02506304 0.01869994
v 0.01254662 -0.02558969 -0.01670001
v 0.01332447 -0.02519342 -0.01670007
v 0.01356813 -0.02506304 0.01869994
v 0.01332447 -0.02519342 -0.01670007
v 0.01351092 -0.02509392 -0.01670009
v 0.00871062 -0.02713623 0.01869974
v 0.00715928 -0.02758613 0.01869992
v 0.00673036 -0.02769390 -0.01670006
v 0.00673036 -0.02769390 -0.01670006
v 0.00715928 -0.02758613 0.01869992
v 0.00701762 -0.02762251 0.01869993
v 0.00673036 -0.02769390 -0.01670006
v 0.00701762 -0.02762251 0.01869993
v 0.00634969 -0.02778365 -0.01670003
v 0.00634969 -0.02778365 -0.01670003
v 0.00701762 -0.02762251 0.01869993
v 0.00634969 -0.02778365 0.01870001
v 0.00634969 -0.02778365 -0.01670003
v 0.00634969 -0.02778365 0.01870001
v 0.00596718 -0.02786831 -0.01670000
v 0.00596718 -0.02786831 -0.01670000
v 0.00634969 -0.02778365 0.01870001
v 0.00625629 -0.02780483 0.01870002
v 0.00596718 -0.02786831 -0.01670000
v 0.00625629 -0.02780483 0.01870002
v 0.00423420 -0.02818371 -0.01670004
v 0.00423420 -0.02818371 -0.01670004
v 0.00625629 -0.02780483 0.01870002
v 0.00450727 -0.02814133 0.01870003
v 0.00423420 -0.02818371 -0.01670004
v 0.00450727 -0.02814133 0.01870003
v 0.00248777 -0.02839121 -0.01670023
v 0.00450727 -0.02814133 0.01870003
v 0.00275326 -0.02836670 0.01869983
v 0.00248777 -0.02839121 -0.01670023
v 0.00248777 -0.02839121 -0.01670023
v 0.00275326 -0.02836670 0.01869983
v 0.00256354 -0.02838447 0.01869981
v 0.00248777 -0.02839121 -0.01670023
v 0.00256354 -0.02838447 0.01869981
v 0.00142698 -0.02846425 -0.01670024
v 0.00142698 -0.02846425 -0.01670024
v 0.00256354 -0.02838447 0.01869981
v 0.00153149 -0.02845882 0.01869978
v 0.00142698 -0.02846425 -0.01670024
v 0.00153149 -0.02845882 0.01869978
v 0.00072955 -0.02849066 -0.01670017
v 0.00072955 -0.02849066 -0.01670017
v 0.00153149 -0.02845882 0.01869978
v 0.00099605 -0.02848259 0.01869983
v 0.00072955 -0.02849066 -0.01670017
v 0.00099605 -0.02848259 0.01869983
v -0.00103886 -0.02848106 -0.01669999
v -0.00103886 -0.02848106 -0.01669999
v 0.00099605 -0.02848259 0.01869983
v -0.00076266 -0.02848979 0.01870003
v -0.00103886 -0.02848106 -0.01669999
v -0.00076266 -0.02848979 0.01870003
v -0.00126900 -0.02847173 -0.01669998
v -0.00126900 -0.02847173 -0.01669998
v -0.00076266 -0.02848979 0.01870003
v -0.00133159 -0.02846888 0.01870006
v -0.00126900 -0.02847173 -0.01669998
v -0.00133159 -0.02846888 0.01870006
v -0.00281587 -0.02836055 -0.01670002
v -0.00281587 -0.02836055 -0.01670002
v -0.00133159 -0.02846888 0.01870006
v -0.00252118 -0.02838827 0.01870003
v -0.00281587 -0.02836055 -0.01670002
v -0.00252118 -0.02838827 0.01870003
v -0.00359375 -0.02827251 -0.01670009
v -0.00359375 -0.02827251 -0.01670009
v -0.00252118 -0.02838827 0.01870003
v -0.00329994 -0.02830831 0.01869994
v -0.00359375 -0.02827251 -0.01670009
v -0.00329994 -0.02830831 0.01869994
v -0.00433348 -0.02816861 -0.01670018
v -0.00433348 -0.02816861 -0.01670018
v -0.00329994 -0.02830831 0.01869994
v -0.00419657 -0.02818934 0.01869983
v -0.00433348 -0.02816861 -0.01670018
v -0.00419657 -0.02818934 0.01869983
v -0.00507858 -0.02804386 -0.01670022
v -0.00507858 -0.02804386 -0.01670022
v -0.00419657 -0.02818934 0.01869983
v -0.00505975 -0.02804726 0.01869976
v -0.00507858 -0.02804386 -0.01670022
v -0.00505975 -0.02804726 0.01869976
v -0.00533344 -0.02799651 -0.01670022
v -0.00533344 -0.02799651 -0.01670022
v -0.00505975 -0.02804726 0.01869976
v -0.00678847 -0.02767972 0.01869992
v -0.00533344 -0.02799651 -0.01670022
v -0.00678847 -0.02767972 0.01869992
v -0.00705011 -0.02761423 -0.01670006
v -0.00705011 -0.02761423 -0.01670006
v -0.00678847 -0.02767972 0.01869992
v -0.00848492 -0.02720765 0.01870006
v -0.00705011 -0.02761423 -0.01670006
v -0.00848492 -0.02720765 0.01870006
v -0.00874214 -0.02712609 -0.01669996
v -0.00848492 -0.02720765 0.01870006
v -0.00879627 -0.02710859 0.01870006
v -0.00874214 -0.02712609 -0.01669996
v -0.00874214 -0.02712609 -0.01669996
v -0.00879627 -0.02710859 0.01870006
v -0.00983664 -0.02674866 0.01869999
v -0.00874214 -0.02712609 -0.01669996
v -0.00983664 -0.02674866 0.01869999
v -0.00991887 -0.02671827 -0.01670001
v -0.00991887 -0.02671827 -0.01670001
v -0.00983664 -0.02674866 0.01869999
v -0.01014767 -0.02663221 0.01869996
v -0.00991887 -0.02671827 -0.01670001
v -0.01014767 -0.02663221 0.01869996
v -0.01040768 -0.02653168 -0.01670004
v -0.01040768 -0.02653168 -0.01670004
v -0.01014767 -0.02663221 0.01869996
v -0.01177508 -0.02595376 0.01869994
v -0.01040768 -0.02653168 -0.01670004
v -0.01177508 -0.02595376 0.01869994
v -0.01204463 -0.02582976 -0.01670003
v -0.01204463 -0.02582976 -0.01670003
v -0.01177508 -0.02595376 0.01869994
v -0.01204461 -0.02582978 0.01870000
v 0.02225482 0.01780373 -0.01670011
v 0.02210776 0.01798601 -0.01670013
v 0.02206871 0.01803392 0.01869993
v -0.01204463 0.02582979 -0.01670003
v -0.01204464 0.02582976 0.01870001
v -0.01177510 0.02595375 -0.01670004
v -0.01177510 0.02595375 -0.01670004
v -0.01204464 0.02582976 0.01870001
v -0.01040769 0.02653168 0.01869994
v -0.01177510 0.02595375 -0.01670004
v -0.01040769 0.02653168 0.01869994
v -0.01014769 0.02663220 -0.01670003
v -0.01014769 0.02663220 -0.01670003
v -0.01040769 0.02653168 0.01869994
v -0.00991891 0.02671826 -0.01670001
v -0.00991891 0.02671826 -0.01670001
v -0.01040769 0.02653168 0.01869994
v -0.00983660 0.02674867 0.01869999
v -0.00991891 0.02671826 -0.01670001
v -0.00983660 0.02674867 0.01869999
v -0.00848494 0.02720764 -0.01669997
v -0.00848494 0.02720764 -0.01669997
v -0.00983660 0.02674867 0.01869999
v -0.00874215 0.02712609 0.01870006
v -0.00848494 0.02720764 -0.01669997
v -0.00874215 0.02712609 0.01870006
v -0.00809582 0.02732595 -0.01669998
v -0.00809582 0.02732595 -0.01669998
v -0.00874215 0.02712609 0.01870006
v -0.00809582 0.02732595 0.01870005
v -0.00809582 0.02732595 -0.01669998
v -0.00809582 0.02732595 0.01870005
v -0.00678849 0.02767971 -0.01670009
v -0.00678849 0.02767971 -0.01670009
v -0.00809582 0.02732595 0.01870005
v -0.00705012 0.02761423 0.01869995
v -0.00678849 0.02767971 -0.01670009
v -0.00705012 0.02761423 0.01869995
v -0.00505976 0.02804726 -0.01670022
v -0.00505976 0.02804726 -0.01670022
v -0.00705012 0.02761423 0.01869995
v -0.00533345 0.02799650 0.01869976
v -0.00505976 0.02804726 -0.01670022
v -0.00533345 0.02799650 0.01869976
v -0.00446677 0.02814779 -0.01670019
v -0.00446677 0.02814779 -0.01670019
v -0.00533345 0.02799650 0.01869976
v -0.00446677 0.02814779 0.01869980
v -0.00446677 0.02814779 -0.01670019
v -0.00446677 0.02814779 0.01869980
v -0.00329995 0.02830831 -0.01670006
v -0.00329995 0.02830831 -0.01670006
v -0.00446677 0.02814779 0.01869980
v -0.00359377 0.02827251 0.01869990
v -0.00329995 0.02830831 -0.01670006
v -0.00359377 0.02827251 0.01869990
v -0.00252119 0.02838827 -0.01669999
v -0.00252119 0.02838827 -0.01669999
v -0.00359377 0.02827251 0.01869990
v -0.00281589 0.02836055 0.01870000
v -0.00252119 0.02838827 -0.01669999
v -0.00281589 0.02836055 0.01870000
v -0.00145919 0.02846262 -0.01669997
v -0.00145919 0.02846262 -0.01669997
v -0.00281589 0.02836055 0.01870000
v -0.00103888 0.02848106 0.01870004
v -0.00145919 0.02846262 -0.01669997
v -0.00103888 0.02848106 0.01870004
v -0.00076267 0.02848979 -0.01670001
v -0.00076267 0.02848979 -0.01670001
v -0.00103888 0.02848106 0.01870004
v -0.00076158 0.02848982 0.01870003
v -0.00076267 0.02848979 -0.01670001
v -0.00076158 0.02848982 0.01870003
v 0.00099603 0.02848259 -0.01670020
v 0.00099603 0.02848259 -0.01670020
v -0.00076158 0.02848982 0.01870003
v 0.00072952 0.02849066 0.01869986
v 0.00099603 0.02848259 -0.01670020
v 0.00072952 0.02849066 0.01869986
v 0.00142689 0.02846426 -0.01670024
v 0.00142689 0.02846426 -0.01670024
v 0.00072952 0.02849066 0.01869986
v 0.00153147 0.02845882 0.01869978
v 0.00142689 0.02846426 -0.01670024
v 0.00153147 0.02845882 0.01869978
v 0.00275325 0.02836670 -0.01670021
v 0.00275325 0.02836670 -0.01670021
v 0.00153147 0.02845882 0.01869978
v 0.00248775 0.02839122 0.01869980
v 0.00275325 0.02836670 -0.01670021
v 0.00248775 0.02839122 0.01869980
v 0.00295660 0.02834623 -0.01670019
v 0.00295660 0.02834623 -0.01670019
v 0.00248775 0.02839122 0.01869980
v 0.00295660 0.02834623 0.01869985
v 0.00295660 0.02834623 -0.01670019
v 0.00295660 0.02834623 0.01869985
v 0.00450726 0.02814133 -0.01670002
v 0.00450726 0.02814133 -0.01670002
v 0.00295660 0.02834623 0.01869985
v 0.00423418 0.02818371 0.01870001
v 0.00450726 0.02814133 -0.01670002
v 0.00423418 0.02818371 0.01870001
v 0.00625628 0.02780484 -0.01670002
v 0.00625628 0.02780484 -0.01670002
v 0.00423418 0.02818371 0.01870001
v 0.00596716 0.02786832 0.01870004
v 0.00625628 0.02780484 -0.01670002
v 0.00596716 0.02786832 0.01870004
v 0.00662437 0.02771945 -0.01670005
v 0.00662437 0.02771945 -0.01670005
v 0.00596716 0.02786832 0.01870004
v 0.00673033 0.02769391 0.01869997
v 0.00662437 0.02771945 -0.01670005
v 0.00673033 0.02769391 0.01869997
v 0.00701761 0.02762251 -0.01670010
v 0.00701761 0.02762251 -0.01670010
v 0.00673033 0.02769391 0.01869997
v 0.00844705 0.02721943 0.01869975
v 0.00701761 0.02762251 -0.01670010
v 0.00844705 0.02721943 0.01869975
v 0.00871060 0.02713624 -0.01670028
v 0.00871060 0.02713624 -0.01670028
v 0.00844705 0.02721943 0.01869975
v 0.01017923 0.02662017 -0.01670017
v 0.01017923 0.02662017 -0.01670017
v 0.00844705 0.02721943 0.01869975
v 0.00987987 0.02673272 0.01869983
v 0.01017923 0.02662017 -0.01670017
v 0.00987987 0.02673272 0.01869983
v 0.01011895 0.02664314 0.01869987
v 0.01254659 0.02558971 -0.01670001
v 0.01198758 0.02585629 -0.01670000
v 0.01174514 0.02596732 0.01870007
v 0.01174514 0.02596732 0.01870007
v 0.01198758 0.02585629 -0.01670000
v 0.01011895 0.02664314 0.01869987
v 0.01011895 0.02664314 0.01869987
v 0.01198758 0.02585629 -0.01670000
v 0.01036778 0.02654730 -0.01670015
v 0.01011895 0.02664314 0.01869987
v 0.01036778 0.02654730 -0.01670015
v 0.01017923 0.02662017 -0.01670017
v 0.01174514 0.02596732 0.01870007
v 0.01251050 0.02560737 0.01870007
v 0.01254659 0.02558971 -0.01670001
v 0.01254659 0.02558971 -0.01670001
v 0.01251050 0.02560737 0.01870007
v 0.01332444 0.02519343 0.01869998
v 0.01254659 0.02558971 -0.01670001
v 0.01332444 0.02519343 0.01869998
v 0.01356811 0.02506305 -0.01670010
v 0.01356811 0.02506305 -0.01670010
v 0.01332444 0.02519343 0.01869998
v 0.01356057 0.02506713 0.01869994
v 0.01356811 0.02506305 -0.01670010
v 0.01356057 0.02506713 0.01869994
v 0.01510716 0.02416658 -0.01670029
v 0.01510716 0.02416658 -0.01670029
v 0.01356057 0.02506713 0.01869994
v 0.01485533 0.02432219 0.01869970
v 0.01510716 0.02416658 -0.01670029
v 0.01485533 0.02432219 0.01869970
v 0.01576522 0.02374253 -0.01670028
v 0.01576522 0.02374253 -0.01670028
v 0.01485533 0.02432219 0.01869970
v 0.01551777 0.02390500 0.01869967
v 0.01576522 0.02374253 -0.01670028
v 0.01551777 0.02390500 0.01869967
v 0.01671076 0.02308680 -0.01670015
v 0.01671076 0.02308680 -0.01670015
v 0.01551777 0.02390500 0.01869967
v 0.01671076 0.02308680 0.01869988
v 0.01671076 0.02308680 -0.01670015
v 0.01671076 0.02308680 0.01869988
v 0.01720182 0.02272328 -0.01670008
v 0.01720182 0.02272328 -0.01670008
v 0.01671076 0.02308680 0.01869988
v 0.01698067 0.02288901 0.01869993
v 0.01720182 0.02272328 -0.01670008
v 0.01698067 0.02288901 0.01869993
v 0.01857064 0.02161901 -0.01670003
v 0.01698067 0.02288901 0.01869993
v 0.01836756 0.02179180 0.01870008
v 0.01857064 0.02161901 -0.01670003
v 0.01857064 0.02161901 -0.01670003
v 0.01836756 0.02179180 0.01870008
v 0.01943759 0.02084299 0.01869995
v 0.01857064 0.02161901 -0.01670003
v 0.01943759 0.02084299 0.01869995
v 0.01957611 0.02071294 -0.01670016
v 0.01957611 0.02071294 -0.01670016
v 0.01943759 0.02084299 0.01869995
v 0.01967838 0.02061580 0.01869990
v 0.01957611 0.02071294 -0.01670016
v 0.01967838 0.02061580 0.01869990
v 0.01987040 0.02043079 -0.01670021
v 0.01987040 0.02043079 -0.01670021
v 0.01967838 0.02061580 0.01869990
v 0.02091249 0.01936279 0.01869973
v 0.02206871 0.01803392 0.01869993
v 0.02210776 0.01798601 -0.01670013
v 0.02145584 0.01875891 0.01869980
v 0.02145584 0.01875891 0.01869980
v 0.02210776 0.01798601 -0.01670013
v 0.02162230 0.01856680 -0.01670022
v 0.02145584 0.01875891 0.01869980
v 0.02162230 0.01856680 -0.01670022
v 0.02091249 0.01936279 0.01869973
v 0.02091249 0.01936279 0.01869973
v 0.02162230 0.01856680 -0.01670022
v 0.02109927 0.01915909 -0.01670030
v 0.02091249 0.01936279 0.01869973
v 0.02109927 0.01915909 -0.01670030
v 0.01987040 0.02043079 -0.01670021
v 0.02225482 0.01780373 -0.01670011
v 0.02206871 0.01803392 0.01869993
v 0.02273542 0.01718577 -0.01670005
v 0.02273542 0.01718577 -0.01670005
v 0.02206871 0.01803392 0.01869993
v 0.02255570 0.01742098 0.01870002
v 0.02273542 0.01718577 -0.01670005
v 0.02255570 0.01742098 0.01870002
v 0.02339005 0.01628360 -0.01670005
v 0.02339005 0.01628360 -0.01670005
v 0.02255570 0.01742098 0.01870002
v 0.02323881 0.01649872 0.01870006
v 0.02339005 0.01628360 -0.01670005
v 0.02323881 0.01649872 0.01870006
v 0.02375366 0.01574845 -0.01670010
v 0.02375366 0.01574845 -0.01670010
v 0.02323881 0.01649872 0.01870006
v 0.02359984 0.01597804 0.01870003
v 0.02375366 0.01574845 -0.01670010
v 0.02359984 0.01597804 0.01870003
v 0.02426258 0.01495250 -0.01670021
v 0.02426258 0.01495250 -0.01670021
v 0.02359984 0.01597804 0.01870003
v 0.02426258 0.01495250 0.01869989
v 0.02426258 0.01495250 -0.01670021
v 0.02426258 0.01495250 0.01869989
v 0.02467980 0.01425334 -0.01670030
v 0.02467980 0.01425334 -0.01670030
v 0.02426258 0.01495250 0.01869989
v 0.02454537 0.01448361 0.01869983
v 0.02467980 0.01425334 -0.01670030
v 0.02454537 0.01448361 0.01869983
v 0.02491761 0.01383340 -0.01670033
v 0.02491761 0.01383340 -0.01670033
v 0.02454537 0.01448361 0.01869983
v 0.02539304 0.01294001 0.01869983
v 0.02491761 0.01383340 -0.01670033
v 0.02539304 0.01294001 0.01869983
v 0.02551298 0.01270188 -0.01670025
v 0.02551298 0.01270188 -0.01670025
v 0.02539304 0.01294001 0.01869983
v 0.02600382 0.01166411 -0.01670012
v 0.02600382 0.01166411 -0.01670012
v 0.02539304 0.01294001 0.01869983
v 0.02600382 0.01166411 0.01869999
v 0.02600382 0.01166411 -0.01670012
v 0.02600382 0.01166411 0.01869999
v 0.02625164 0.01109510 -0.01670007
v 0.02625164 0.01109510 -0.01670007
v 0.02600382 0.01166411 0.01869999
v 0.02614282 0.01134913 0.01870003
v 0.02625164 0.01109510 -0.01670007
v 0.02614282 0.01134913 0.01870003
v 0.02689343 0.00943365 -0.01670011
v 0.02689343 0.00943365 -0.01670011
v 0.02614282 0.01134913 0.01870003
v 0.02679399 0.00971246 0.01870003
v 0.02689343 0.00943365 -0.01670011
v 0.02679399 0.00971246 0.01870003
v 0.02714238 0.00869144 -0.01670020
v 0.02714238 0.00869144 -0.01670020
v 0.02679399 0.00971246 0.01870003
v 0.02705065 0.00897287 0.01869995
v 0.02714238 0.00869144 -0.01670020
v 0.02705065 0.00897287 0.01869995
v 0.02730180 0.00817690 -0.01670026
v 0.02730180 0.00817690 -0.01670026
v 0.02705065 0.00897287 0.01869995
v 0.02730180 0.00817690 0.01869984
v 0.02730180 0.00817690 -0.01670026
v 0.02730180 0.00817690 0.01869984
v 0.02762746 0.00699811 -0.01670033
v 0.02762746 0.00699811 -0.01670033
v 0.02730180 0.00817690 0.01869984
v 0.02755779 0.00726762 0.01869977
v 0.02762746 0.00699811 -0.01670033
v 0.02755779 0.00726762 0.01869977
v 0.02800650 0.00528072 -0.01670018
v 0.02755779 0.00726762 0.01869977
v 0.02795527 0.00554553 0.01869992
v 0.02800650 0.00528072 -0.01670018
v 0.02800650 0.00528072 -0.01670018
v 0.02795527 0.00554553 0.01869992
v 0.02813440 0.00455030 0.01870003
v 0.02800650 0.00528072 -0.01670018
v 0.02813440 0.00455030 0.01870003
v 0.02827917 0.00354092 -0.01670009
v 0.02827917 0.00354092 -0.01670009
v 0.02813440 0.00455030 0.01870003
v 0.02824438 0.00380852 0.01870006
v 0.02827917 0.00354092 -0.01670009
v 0.02824438 0.00380852 0.01870006
v 0.02835407 0.00288034 -0.01670011
v 0.02835407 0.00288034 -0.01670011
v 0.02824438 0.00380852 0.01870006
v 0.02835041 0.00291618 0.01870003
v 0.02835407 0.00288034 -0.01670011
v 0.02835041 0.00291618 0.01870003
v 0.02844435 0.00178022 -0.01670017
v 0.02844435 0.00178022 -0.01670017
v 0.02835041 0.00291618 0.01870003
v 0.02842557 0.00205837 0.01869997
v 0.02844435 0.00178022 -0.01670017
v 0.02842557 0.00205837 0.01869997
v 0.02850000 0.00000000 -0.01670014
v 0.02850000 0.00000000 -0.01670014
v 0.02842557 0.00205837 0.01869997
v 0.02849845 0.00029671 0.01869994
v 0.02850000 0.00000000 -0.01670014
v 0.02849845 0.00029671 0.01869994
v 0.02850000 0.00000000 0.01870000
v -0.01238887 -0.02155164 0.02250001
v -0.01204462 -0.02168830 0.02250000
v -0.01204462 0.02164766 0.02250000
v -0.03069004 0.01672266 0.02445133
v -0.03150700 0.01670913 0.02476566
v -0.03046520 -0.01871381 0.02445482
v -0.03046520 -0.01871381 0.02445482
v -0.03150700 0.01670913 0.02476566
v -0.03222980 -0.01870172 0.02508877
v -0.03222980 -0.01870172 0.02508877
v -0.03150700 0.01670913 0.02476566
v -0.03395539 -0.01870000 0.02582978
v -0.03395539 -0.01870000 0.02582978
v -0.03150700 0.01670913 0.02476566
v -0.03348348 0.01670007 0.02561230
v -0.03395539 -0.01870000 0.02582978
v -0.03348348 0.01670007 0.02561230
v -0.03395537 0.01670003 0.02582976
v -0.03069004 0.01672266 0.02445133
v -0.03046520 -0.01871381 0.02445482
v -0.02971725 0.01675182 0.02410872
v -0.02971725 0.01675182 0.02410872
v -0.03046520 -0.01871381 0.02445482
v -0.02865942 -0.01874713 0.02392408
v -0.02971725 0.01675182 0.02410872
v -0.02865942 -0.01874713 0.02392408
v -0.02804134 0.01684786 0.02360708
v -0.02804134 0.01684786 0.02360708
v -0.02865942 -0.01874713 0.02392408
v -0.02680893 -0.01881313 0.02349202
v -0.02804134 0.01684786 0.02360708
v -0.02680893 -0.01881313 0.02349202
v -0.02673125 0.01697440 0.02329630
v -0.02673125 0.01697440 0.02329630
v -0.02680893 -0.01881313 0.02349202
v -0.02583327 -0.01886442 0.02330537
v -0.02673125 0.01697440 0.02329630
v -0.02583327 -0.01886442 0.02330537
v -0.02579692 0.01709694 0.02311688
v -0.02391873 -0.01900530 0.02301191
v -0.02375671 0.01746327 0.02283239
v -0.02524911 0.01718201 0.02302687
v -0.02579692 0.01709694 0.02311688
v -0.02583327 -0.01886442 0.02330537
v -0.02524911 0.01718201 0.02302687
v -0.02524911 0.01718201 0.02302687
v -0.02583327 -0.01886442 0.02330537
v -0.02491000 -0.01892528 0.02315247
v -0.02524911 0.01718201 0.02302687
v -0.02491000 -0.01892528 0.02315247
v -0.02391873 -0.01900530 0.02301191
v -0.02375671 0.01746327 0.02283239
v -0.02391873 -0.01900530 0.02301191
v -0.02353718 0.01751077 0.02280935
v -0.02353718 0.01751077 0.02280935
v -0.02391873 -0.01900530 0.02301191
v -0.02190499 -0.01922056 0.02279267
v -0.02353718 0.01751077 0.02280935
v -0.02190499 -0.01922056 0.02279267
v -0.02224811 0.01782076 0.02269819
v -0.02224811 0.01782076 0.02269819
v -0.02190499 -0.01922056 0.02279267
v -0.02175389 0.01795333 0.02266512
v -0.02175389 0.01795333 0.02266512
v -0.02190499 -0.01922056 0.02279267
v -0.02014934 -0.01947379 0.02266277
v -0.02175389 0.01795333 0.02266512
v -0.02014934 -0.01947379 0.02266277
v -0.02087855 0.01820566 0.02261727
v -0.01731843 0.01942769 0.02251995
v -0.01806875 0.01914715 0.02253110
v -0.01988622 -0.01951755 0.02264749
v -0.01988622 -0.01951755 0.02264749
v -0.01806875 0.01914715 0.02253110
v -0.01994184 0.01849872 0.02257881
v -0.01988622 -0.01951755 0.02264749
v -0.01994184 0.01849872 0.02257881
v -0.02014934 -0.01947379 0.02266277
v -0.02014934 -0.01947379 0.02266277
v -0.01994184 0.01849872 0.02257881
v -0.02008141 0.01845363 0.02258381
v -0.02014934 -0.01947379 0.02266277
v -0.02008141 0.01845363 0.02258381
v -0.02087855 0.01820566 0.02261727
v -0.01988622 -0.01951755 0.02264749
v -0.01796579 -0.01988667 0.02256381
v -0.01731843 0.01942769 0.02251995
v -0.01731843 0.01942769 0.02251995
v -0.01796579 -0.01988667 0.02256381
v -0.01733965 -0.02002707 0.02254573
v -0.01731843 0.01942769 0.02251995
v -0.01733965 -0.02002707 0.02254573
v -0.01613203 0.01989251 0.02250867
v -0.01733965 -0.02002707 0.02254573
v -0.01625211 -0.02029675 0.02252305
v -0.01613203 0.01989251 0.02250867
v -0.01613203 0.01989251 0.02250867
v -0.01625211 -0.02029675 0.02252305
v -0.01606296 -0.02034716 0.02252009
v -0.01613203 0.01989251 0.02250867
v -0.01606296 -0.02034716 0.02252009
v -0.01460054 0.02052558 0.02250194
v -0.01460054 0.02052558 0.02250194
v -0.01606296 -0.02034716 0.02252009
v -0.01458715 -0.02077797 0.02250513
v -0.01460054 0.02052558 0.02250194
v -0.01458715 -0.02077797 0.02250513
v -0.01412612 0.02072821 0.02250102
v -0.01412612 0.02072821 0.02250102
v -0.01458715 -0.02077797 0.02250513
v -0.01420277 -0.02090148 0.02250314
v -0.01412612 0.02072821 0.02250102
v -0.01420277 -0.02090148 0.02250314
v -0.01204462 0.02164766 0.02250000
v -0.01204462 0.02164766 0.02250000
v -0.01420277 -0.02090148 0.02250314
v -0.01335397 -0.02119156 0.02250070
v -0.01204462 0.02164766 0.02250000
v -0.01335397 -0.02119156 0.02250070
v -0.01238887 -0.02155164 0.02250001
v -0.01511999 0.02026180 -0.02053671
v -0.01475419 0.02042052 -0.02052727
v -0.01636835 -0.02009751 -0.02056424
v -0.03395536 -0.01870001 -0.02582976
v -0.03395539 0.01670003 -0.02582980
v -0.03167199 0.01672279 -0.02478091
v -0.02260473 0.01769897 -0.02142260
v -0.02232176 -0.01900050 -0.02138632
v -0.02300868 0.01760884 -0.02152326
v -0.02300868 0.01760884 -0.02152326
v -0.02232176 -0.01900050 -0.02138632
v -0.02310606 -0.01893245 -0.02158747
v -0.02300868 0.01760884 -0.02152326
v -0.02310606 -0.01893245 -0.02158747
v -0.02389407 0.01742977 -0.02176471
v -0.02389407 0.01742977 -0.02176471
v -0.02310606 -0.01893245 -0.02158747
v -0.02384075 -0.01888026 -0.02179419
v -0.02389407 0.01742977 -0.02176471
v -0.02384075 -0.01888026 -0.02179419
v -0.02545538 0.01717366 -0.02225603
v -0.02545538 0.01717366 -0.02225603
v -0.02384075 -0.01888026 -0.02179419
v -0.02578528 -0.01878486 -0.02241785
v -0.02545538 0.01717366 -0.02225603
v -0.02578528 -0.01878486 -0.02241785
v -0.02718236 0.01696913 -0.02288266
v -0.02718236 0.01696913 -0.02288266
v -0.02578528 -0.01878486 -0.02241785
v -0.02620929 -0.01877055 -0.02256694
v -0.02718236 0.01696913 -0.02288266
v -0.02620929 -0.01877055 -0.02256694
v -0.02861072 0.01685194 -0.02345268
v -0.02861072 0.01685194 -0.02345268
v -0.02620929 -0.01877055 -0.02256694
v -0.02770577 -0.01873400 -0.02312489
v -0.02861072 0.01685194 -0.02345268
v -0.02770577 -0.01873400 -0.02312489
v -0.02914405 0.01681873 -0.02367504
v -0.02914405 0.01681873 -0.02367504
v -0.02770577 -0.01873400 -0.02312489
v -0.02970219 -0.01870995 -0.02393378
v -0.02914405 0.01681873 -0.02367504
v -0.02970219 -0.01870995 -0.02393378
v -0.03167199 0.01672279 -0.02478091
v -0.03167199 0.01672279 -0.02478091
v -0.02970219 -0.01870995 -0.02393378
v -0.03178315 -0.01870152 -0.02483739
v -0.03167199 0.01672279 -0.02478091
v -0.03178315 -0.01870152 -0.02483739
v -0.03395536 -0.01870001 -0.02582976
v -0.02260473 0.01769897 -0.02142260
v -0.02211810 0.01781457 -0.02130946
v -0.02232176 -0.01900050 -0.02138632
v -0.02232176 -0.01900050 -0.02138632
v -0.02211810 0.01781457 -0.02130946
v -0.02112348 0.01807473 -0.02110602
v -0.02232176 -0.01900050 -0.02138632
v -0.02112348 0.01807473 -0.02110602
v -0.02081453 -0.01917316 -0.02106058
v -0.02081453 -0.01917316 -0.02106058
v -0.02112348 0.01807473 -0.02110602
v -0.02018494 0.01834992 -0.02094737
v -0.02081453 -0.01917316 -0.02106058
v -0.02018494 0.01834992 -0.02094737
v -0.01931206 -0.01940973 -0.02081864
v -0.02018494 0.01834992 -0.02094737
v -0.01963663 0.01852383 -0.02086903
v -0.01931206 -0.01940973 -0.02081864
v -0.01931206 -0.01940973 -0.02081864
v -0.01963663 0.01852383 -0.02086903
v -0.01814789 0.01904247 -0.02070430
v -0.01931206 -0.01940973 -0.02081864
v -0.01814789 0.01904247 -0.02070430
v -0.01855978 -0.01955584 -0.02072785
v -0.01855978 -0.01955584 -0.02072785
v -0.01814789 0.01904247 -0.02070430
v -0.01664560 0.01962397 -0.02059816
v -0.01855978 -0.01955584 -0.02072785
v -0.01664560 0.01962397 -0.02059816
v -0.01804174 -0.01966797 -0.02067645
v -0.01804174 -0.01966797 -0.02067645
v -0.01664560 0.01962397 -0.02059816
v -0.01740739 -0.01981863 -0.02062484
v -0.01740739 -0.01981863 -0.02062484
v -0.01664560 0.01962397 -0.02059816
v -0.01636835 -0.02009751 -0.02056424
v -0.01636835 -0.02009751 -0.02056424
v -0.01664560 0.01962397 -0.02059816
v -0.01612293 0.01983771 -0.02057260
v -0.01636835 -0.02009751 -0.02056424
v -0.01612293 0.01983771 -0.02057260
v -0.01511999 0.02026180 -0.02053671
v -0.01204461 -0.02166515 -0.02050000
v -0.01273955 -0.02137323 -0.02050036
v -0.01204462 0.02164082 -0.02050000
v -0.01204462 0.02164082 -0.02050000
v -0.01273955 -0.02137323 -0.02050036
v -0.01366954 -0.02100443 -0.02050363
v -0.01204462 0.02164082 -0.02050000
v -0.01366954 -0.02100443 -0.02050363
v -0.01475419 0.02042052 -0.02052727
v -0.01475419 0.02042052 -0.02052727
v -0.01366954 -0.02100443 -0.02050363
v -0.01461428 -0.02065803 -0.02051342
v -0.01475419 0.02042052 -0.02052727
v -0.01461428 -0.02065803 -0.02051342
v -0.01636835 -0.02009751 -0.02056424
v -0.06543763 0.01669995 0.02084295
v -0.06567839 0.01669990 0.02061579
v -0.06569877 -0.01869990 0.02059632
v -0.07449845 0.01669994 0.00029670
v -0.07450000 0.01670000 0.00000000
v -0.07450000 -0.01870000 0.00000000
v -0.07449845 0.01669994 0.00029670
v -0.07450000 -0.01870000 0.00000000
v -0.07442557 0.01669997 0.00205836
v -0.07442557 0.01669997 0.00205836
v -0.07450000 -0.01870000 0.00000000
v -0.07444435 -0.01869994 0.00178022
v -0.07442557 0.01669997 0.00205836
v -0.07444435 -0.01869994 0.00178022
v -0.07435041 0.01670003 0.00291619
v -0.07435041 0.01670003 0.00291619
v -0.07444435 -0.01869994 0.00178022
v -0.07435041 -0.01870003 0.00291619
v -0.07435041 0.01670003 0.00291619
v -0.07435041 -0.01870003 0.00291619
v -0.07424438 0.01670006 0.00380851
v -0.07435041 -0.01870003 0.00291619
v -0.07427917 -0.01870006 0.00354092
v -0.07424438 0.01670006 0.00380851
v -0.07424438 0.01670006 0.00380851
v -0.07427917 -0.01870006 0.00354092
v -0.07424217 -0.01870006 0.00382485
v -0.07424438 0.01670006 0.00380851
v -0.07424217 -0.01870006 0.00382485
v -0.07395527 0.01669992 0.00554552
v -0.07395527 0.01669992 0.00554552
v -0.07424217 -0.01870006 0.00382485
v -0.07400650 -0.01869995 0.00528072
v -0.07395527 0.01669992 0.00554552
v -0.07400650 -0.01869995 0.00528072
v -0.07391441 0.01669990 0.00574765
v -0.07391441 0.01669990 0.00574765
v -0.07400650 -0.01869995 0.00528072
v -0.07355779 0.01669977 0.00726761
v -0.07355779 0.01669977 0.00726761
v -0.07400650 -0.01869995 0.00528072
v -0.07362746 -0.01869977 0.00699811
v -0.07355779 0.01669977 0.00726761
v -0.07362746 -0.01869977 0.00699811
v -0.07347337 0.01669978 0.00758050
v -0.07347337 0.01669978 0.00758050
v -0.07362746 -0.01869977 0.00699811
v -0.07347337 -0.01869978 0.00758050
v -0.07347337 0.01669978 0.00758050
v -0.07347337 -0.01869978 0.00758050
v -0.07305065 0.01669995 0.00897286
v -0.07347337 -0.01869978 0.00758050
v -0.07320003 -0.01869988 0.00850929
v -0.07305065 0.01669995 0.00897286
v -0.07305065 0.01669995 0.00897286
v -0.07320003 -0.01869988 0.00850929
v -0.07314238 -0.01869991 0.00869144
v -0.07305065 0.01669995 0.00897286
v -0.07314238 -0.01869991 0.00869144
v -0.07279400 0.01670003 0.00971245
v -0.07279400 0.01670003 0.00971245
v -0.07314238 -0.01869991 0.00869144
v -0.07289343 -0.01870000 0.00943364
v -0.07279400 0.01670003 0.00971245
v -0.07289343 -0.01870000 0.00943364
v -0.07220749 0.01670004 0.01119899
v -0.07289343 -0.01870000 0.00943364
v -0.07225165 -0.01870004 0.01109509
v -0.07220749 0.01670004 0.01119899
v -0.07220749 0.01670004 0.01119899
v -0.07225165 -0.01870004 0.01109509
v -0.07220749 -0.01870004 0.01119899
v -0.07220749 0.01670004 0.01119899
v -0.07220749 -0.01870004 0.01119899
v -0.07214282 0.01670003 0.01134912
v -0.07214282 0.01670003 0.01134912
v -0.07220749 -0.01870004 0.01119899
v -0.07151299 -0.01869986 0.01270187
v -0.06569877 -0.01869990 0.02059632
v -0.06567839 0.01669990 0.02061579
v -0.06587041 -0.01869986 0.02043078
v -0.06587041 -0.01869986 0.02043078
v -0.06567839 0.01669990 0.02061579
v -0.06709928 -0.01869975 0.01915908
v -0.06709928 -0.01869975 0.01915908
v -0.06567839 0.01669990 0.02061579
v -0.06691250 0.01669973 0.01936278
v -0.06709928 -0.01869975 0.01915908
v -0.06691250 0.01669973 0.01936278
v -0.06745586 -0.01869980 0.01875889
v -0.06691250 0.01669973 0.01936278
v -0.06745592 0.01669980 0.01875883
v -0.06745586 -0.01869980 0.01875889
v -0.06745586 -0.01869980 0.01875889
v -0.06745592 0.01669980 0.01875883
v -0.06806871 0.01669993 0.01803391
v -0.06745586 -0.01869980 0.01875889
v -0.06806871 0.01669993 0.01803391
v -0.06825484 -0.01869997 0.01780372
v -0.06825484 -0.01869997 0.01780372
v -0.06806871 0.01669993 0.01803391
v -0.06828471 0.01669998 0.01776631
v -0.06825484 -0.01869997 0.01780372
v -0.06828471 0.01669998 0.01776631
v -0.06873542 -0.01870004 0.01718576
v -0.06873542 -0.01870004 0.01718576
v -0.06828471 0.01669998 0.01776631
v -0.06855571 0.01670002 0.01742097
v -0.06873542 -0.01870004 0.01718576
v -0.06855571 0.01670002 0.01742097
v -0.06923883 -0.01870006 0.01649870
v -0.06923883 -0.01870006 0.01649870
v -0.06855571 0.01670002 0.01742097
v -0.06923889 0.01670006 0.01649860
v -0.06923883 -0.01870006 0.01649870
v -0.06923889 0.01670006 0.01649860
v -0.06975366 -0.01870001 0.01574844
v -0.06975366 -0.01870001 0.01574844
v -0.06923889 0.01670006 0.01649860
v -0.06959984 0.01670003 0.01597803
v -0.06975366 -0.01870001 0.01574844
v -0.06959984 0.01670003 0.01597803
v -0.07046744 -0.01869985 0.01461487
v -0.07046744 -0.01869985 0.01461487
v -0.06959984 0.01670003 0.01597803
v -0.07046744 0.01669984 0.01461487
v -0.07046744 -0.01869985 0.01461487
v -0.07046744 0.01669984 0.01461487
v -0.07067980 -0.01869980 0.01425333
v -0.07067980 -0.01869980 0.01425333
v -0.07046744 0.01669984 0.01461487
v -0.07054538 0.01669983 0.01448360
v -0.07067980 -0.01869980 0.01425333
v -0.07054538 0.01669983 0.01448360
v -0.07151299 -0.01869986 0.01270187
v -0.07151299 -0.01869986 0.01270187
v -0.07054538 0.01669983 0.01448360
v -0.07139304 0.01669983 0.01294000
v -0.07151299 -0.01869986 0.01270187
v -0.07139304 0.01669983 0.01294000
v -0.07214282 0.01670003 0.01134912
v -0.06543763 0.01669995 0.02084295
v -0.06569877 -0.01869990 0.02059632
v -0.06436757 0.01670008 0.02179180
v -0.06436757 0.01670008 0.02179180
v -0.06569877 -0.01869990 0.02059632
v -0.06457065 -0.01870007 0.02161900
v -0.06436757 0.01670008 0.02179180
v -0.06457065 -0.01870007 0.02161900
v -0.06298067 0.01669994 0.02288901
v -0.06298067 0.01669994 0.02288901
v -0.06457065 -0.01870007 0.02161900
v -0.06320183 -0.01869998 0.02272327
v -0.06298067 0.01669994 0.02288901
v -0.06320183 -0.01869998 0.02272327
v -0.06275643 0.01669989 0.02305367
v -0.06275643 0.01669989 0.02305367
v -0.06320183 -0.01869998 0.02272327
v -0.06275643 -0.01869989 0.02305367
v -0.06275643 0.01669989 0.02305367
v -0.06275643 -0.01869989 0.02305367
v -0.06151778 0.01669968 0.02390499
v -0.06151778 0.01669968 0.02390499
v -0.06275643 -0.01869989 0.02305367
v -0.06176523 -0.01869970 0.02374252
v -0.06151778 0.01669968 0.02390499
v -0.06176523 -0.01869970 0.02374252
v -0.06085534 0.01669970 0.02432219
v -0.06085534 0.01669970 0.02432219
v -0.06176523 -0.01869970 0.02374252
v -0.06110717 -0.01869968 0.02416657
v -0.06085534 0.01669970 0.02432219
v -0.06110717 -0.01869968 0.02416657
v -0.05951092 0.01669995 0.02509392
v -0.05951092 0.01669995 0.02509392
v -0.06110717 -0.01869968 0.02416657
v -0.05956813 -0.01869994 0.02506304
v -0.05951092 0.01669995 0.02509392
v -0.05956813 -0.01869994 0.02506304
v -0.05932445 0.01669998 0.02519343
v -0.05932445 0.01669998 0.02519343
v -0.05956813 -0.01869994 0.02506304
v -0.05851058 0.01670007 0.02560733
v -0.05851058 0.01670007 0.02560733
v -0.05956813 -0.01869994 0.02506304
v -0.05851050 -0.01870007 0.02560737
v -0.05851058 0.01670007 0.02560733
v -0.05851050 -0.01870007 0.02560737
v -0.05774515 0.01670007 0.02596731
v -0.05774515 0.01670007 0.02596731
v -0.05851050 -0.01870007 0.02560737
v -0.05798759 -0.01870008 0.02585629
v -0.05774515 0.01670007 0.02596731
v -0.05798759 -0.01870008 0.02585629
v -0.05611896 0.01669987 0.02664313
v -0.05798759 -0.01870008 0.02585629
v -0.05636779 -0.01869991 0.02654729
v -0.05611896 0.01669987 0.02664313
v -0.05611896 0.01669987 0.02664313
v -0.05636779 -0.01869991 0.02654729
v -0.05602096 -0.01869985 0.02668015
v -0.05611896 0.01669987 0.02664313
v -0.05602096 -0.01869985 0.02668015
v -0.05602096 0.01669985 0.02668015
v -0.05602096 0.01669985 0.02668015
v -0.05602096 -0.01869985 0.02668015
v -0.05587990 0.01669983 0.02673271
v -0.05587990 0.01669983 0.02673271
v -0.05602096 -0.01869985 0.02668015
v -0.05444707 0.01669975 0.02721942
v -0.05444707 0.01669975 0.02721942
v -0.05602096 -0.01869985 0.02668015
v -0.05471062 -0.01869974 0.02713623
v -0.05444707 0.01669975 0.02721942
v -0.05471062 -0.01869974 0.02713623
v -0.05273034 0.01669997 0.02769391
v -0.05273034 0.01669997 0.02769391
v -0.05471062 -0.01869974 0.02713623
v -0.05301762 -0.01869993 0.02762251
v -0.05273034 0.01669997 0.02769391
v -0.05301762 -0.01869993 0.02762251
v -0.05234969 0.01670001 0.02778365
v -0.05301762 -0.01869993 0.02762251
v -0.05234969 -0.01870001 0.02778365
v -0.05234969 0.01670001 0.02778365
v -0.05234969 0.01670001 0.02778365
v -0.05234969 -0.01870001 0.02778365
v -0.05225629 -0.01870002 0.02780483
v -0.05234969 0.01670001 0.02778365
v -0.05225629 -0.01870002 0.02780483
v -0.05196717 0.01670004 0.02786831
v -0.05196717 0.01670004 0.02786831
v -0.05225629 -0.01870002 0.02780483
v -0.05050727 -0.01870003 0.02814133
v -0.05196717 0.01670004 0.02786831
v -0.05050727 -0.01870003 0.02814133
v -0.05023419 0.01670001 0.02818371
v -0.05023419 0.01670001 0.02818371
v -0.05050727 -0.01870003 0.02814133
v -0.04848776 0.01669980 0.02839121
v -0.05050727 -0.01870003 0.02814133
v -0.04875326 -0.01869983 0.02836670
v -0.04848776 0.01669980 0.02839121
v -0.04848776 0.01669980 0.02839121
v -0.04875326 -0.01869983 0.02836670
v -0.04856354 -0.01869981 0.02838447
v -0.04848776 0.01669980 0.02839121
v -0.04856354 -0.01869981 0.02838447
v -0.04753149 0.01669978 0.02845882
v -0.04753149 0.01669978 0.02845882
v -0.04856354 -0.01869981 0.02838447
v -0.04753149 -0.01869978 0.02845882
v -0.04753149 0.01669978 0.02845882
v -0.04753149 -0.01869978 0.02845882
v -0.04672954 0.01669986 0.02849066
v -0.04672954 0.01669986 0.02849066
v -0.04753149 -0.01869978 0.02845882
v -0.04699605 -0.01869983 0.02848259
v -0.04672954 0.01669986 0.02849066
v -0.04699605 -0.01869983 0.02848259
v -0.04496113 0.01670004 0.02848106
v -0.04496113 0.01670004 0.02848106
v -0.04699605 -0.01869983 0.02848259
v -0.04523734 -0.01870003 0.02848979
v -0.04496113 0.01670004 0.02848106
v -0.04523734 -0.01870003 0.02848979
v -0.04473100 0.01670006 0.02847173
v -0.04473100 0.01670006 0.02847173
v -0.04523734 -0.01870003 0.02848979
v -0.04473100 -0.01870006 0.02847173
v -0.04473100 0.01670006 0.02847173
v -0.04473100 -0.01870006 0.02847173
v -0.04318412 0.01670000 0.02836055
v -0.04318412 0.01670000 0.02836055
v -0.04473100 -0.01870006 0.02847173
v -0.04347882 -0.01870003 0.02838827
v -0.04318412 0.01670000 0.02836055
v -0.04347882 -0.01870003 0.02838827
v -0.04240625 0.01669990 0.02827251
v -0.04240625 0.01669990 0.02827251
v -0.04347882 -0.01870003 0.02838827
v -0.04270006 -0.01869994 0.02830831
v -0.04240625 0.01669990 0.02827251
v -0.04270006 -0.01869994 0.02830831
v -0.04180343 0.01669983 0.02818934
v -0.04180343 0.01669983 0.02818934
v -0.04270006 -0.01869994 0.02830831
v -0.04180346 -0.01869983 0.02818934
v -0.04180343 0.01669983 0.02818934
v -0.04180346 -0.01869983 0.02818934
v -0.04092142 0.01669976 0.02804386
v -0.04092142 0.01669976 0.02804386
v -0.04180346 -0.01869983 0.02818934
v -0.04094025 -0.01869976 0.02804726
v -0.04092142 0.01669976 0.02804386
v -0.04094025 -0.01869976 0.02804726
v -0.04066656 0.01669976 0.02799651
v -0.04066656 0.01669976 0.02799651
v -0.04094025 -0.01869976 0.02804726
v -0.03894989 0.01669995 0.02761423
v -0.03894989 0.01669995 0.02761423
v -0.04094025 -0.01869976 0.02804726
v -0.03921153 -0.01869992 0.02767972
v -0.03894989 0.01669995 0.02761423
v -0.03921153 -0.01869992 0.02767972
v -0.03725786 0.01670006 0.02712609
v -0.03725786 0.01670006 0.02712609
v -0.03921153 -0.01869992 0.02767972
v -0.03751508 -0.01870006 0.02720765
v -0.03725786 0.01670006 0.02712609
v -0.03751508 -0.01870006 0.02720765
v -0.03616337 0.01669999 0.02674866
v -0.03616337 0.01669999 0.02674866
v -0.03751508 -0.01870006 0.02720765
v -0.03616340 -0.01869999 0.02674867
v -0.03616337 0.01669999 0.02674866
v -0.03616340 -0.01869999 0.02674867
v -0.03559232 0.01669994 0.02653168
v -0.03559232 0.01669994 0.02653168
v -0.03616340 -0.01869999 0.02674867
v -0.03585233 -0.01869996 0.02663221
v -0.03559232 0.01669994 0.02653168
v -0.03585233 -0.01869996 0.02663221
v -0.03395537 0.01670003 0.02582976
v -0.03395537 0.01670003 0.02582976
v -0.03585233 -0.01869996 0.02663221
v -0.03422492 -0.01869994 0.02595376
v -0.03395537 0.01670003 0.02582976
v -0.03422492 -0.01869994 0.02595376
v -0.03395539 -0.01870000 0.02582978
v -0.04240623 -0.01869990 -0.02827251
v -0.04318411 -0.01870000 -0.02836055
v -0.04347882 0.01670003 -0.02838827
v -0.04347882 0.01670003 -0.02838827
v -0.04318411 -0.01870000 -0.02836055
v -0.04523734 0.01670003 -0.02848979
v -0.04347882 0.01670003 -0.02838827
v -0.04270006 0.01669994 -0.02830831
v -0.04240623 -0.01869990 -0.02827251
v -0.04240623 -0.01869990 -0.02827251
v -0.04270006 0.01669994 -0.02830831
v -0.04209370 0.01669986 -0.02823103
v -0.04240623 -0.01869990 -0.02827251
v -0.04209370 0.01669986 -0.02823103
v -0.04153323 -0.01869980 -0.02814779
v -0.04153323 -0.01869980 -0.02814779
v -0.04209370 0.01669986 -0.02823103
v -0.04153323 0.01669980 -0.02814779
v -0.04153323 -0.01869980 -0.02814779
v -0.04153323 0.01669980 -0.02814779
v -0.04066655 -0.01869976 -0.02799650
v -0.04066655 -0.01869976 -0.02799650
v -0.04153323 0.01669980 -0.02814779
v -0.04094025 0.01669976 -0.02804726
v -0.04066655 -0.01869976 -0.02799650
v -0.04094025 0.01669976 -0.02804726
v -0.03894988 -0.01869995 -0.02761423
v -0.03894988 -0.01869995 -0.02761423
v -0.04094025 0.01669976 -0.02804726
v -0.03921153 0.01669992 -0.02767972
v -0.03894988 -0.01869995 -0.02761423
v -0.03921153 0.01669992 -0.02767972
v -0.03790418 -0.01870005 -0.02732595
v -0.03790418 -0.01870005 -0.02732595
v -0.03921153 0.01669992 -0.02767972
v -0.03790418 0.01670005 -0.02732595
v -0.03790418 -0.01870005 -0.02732595
v -0.03790418 0.01670005 -0.02732595
v -0.03725785 -0.01870006 -0.02712609
v -0.03725785 -0.01870006 -0.02712609
v -0.03790418 0.01670005 -0.02732595
v -0.03751508 0.01670006 -0.02720765
v -0.03725785 -0.01870006 -0.02712609
v -0.03751508 0.01670006 -0.02720765
v -0.03616337 -0.01869999 -0.02674866
v -0.03616337 -0.01869999 -0.02674866
v -0.03751508 0.01670006 -0.02720765
v -0.03644438 0.01670002 -0.02685033
v -0.03616337 -0.01869999 -0.02674866
v -0.03644438 0.01670002 -0.02685033
v -0.03559231 -0.01869994 -0.02653168
v -0.03559231 -0.01869994 -0.02653168
v -0.03644438 0.01670002 -0.02685033
v -0.03585233 0.01669996 -0.02663221
v -0.03559231 -0.01869994 -0.02653168
v -0.03585233 0.01669996 -0.02663221
v -0.03395536 -0.01870001 -0.02582976
v -0.03395536 -0.01870001 -0.02582976
v -0.03585233 0.01669996 -0.02663221
v -0.03422492 0.01669994 -0.02595376
v -0.03395536 -0.01870001 -0.02582976
v -0.03422492 0.01669994 -0.02595376
v -0.03395539 0.01670003 -0.02582980
v -0.05343904 0.01669988 -0.02751201
v -0.05273033 -0.01869997 -0.02769391
v -0.05471062 0.01669974 -0.02713623
v -0.05471062 0.01669974 -0.02713623
v -0.05273033 -0.01869997 -0.02769391
v -0.05444705 -0.01869975 -0.02721943
v -0.05471062 0.01669974 -0.02713623
v -0.05444705 -0.01869975 -0.02721943
v -0.05617923 0.01669987 -0.02662017
v -0.05617923 0.01669987 -0.02662017
v -0.05444705 -0.01869975 -0.02721943
v -0.05587990 -0.01869983 -0.02673271
v -0.05617923 0.01669987 -0.02662017
v -0.05587990 -0.01869983 -0.02673271
v -0.05611895 -0.01869987 -0.02664314
v -0.04318411 -0.01870000 -0.02836055
v -0.04496112 -0.01870004 -0.02848106
v -0.04523734 0.01670003 -0.02848979
v -0.04523734 0.01670003 -0.02848979
v -0.04496112 -0.01870004 -0.02848106
v -0.04523842 -0.01870003 -0.02848982
v -0.04523734 0.01670003 -0.02848979
v -0.04523842 -0.01870003 -0.02848982
v -0.04699605 0.01669983 -0.02848259
v -0.04699605 0.01669983 -0.02848259
v -0.04523842 -0.01870003 -0.02848982
v -0.04672952 -0.01869986 -0.02849066
v -0.04699605 0.01669983 -0.02848259
v -0.04672952 -0.01869986 -0.02849066
v -0.04782101 0.01669977 -0.02844176
v -0.04782101 0.01669977 -0.02844176
v -0.04672952 -0.01869986 -0.02849066
v -0.04753149 -0.01869978 -0.02845882
v -0.04782101 0.01669977 -0.02844176
v -0.04753149 -0.01869978 -0.02845882
v -0.04875326 0.01669983 -0.02836670
v -0.04875326 0.01669983 -0.02836670
v -0.04753149 -0.01869978 -0.02845882
v -0.04848775 -0.01869980 -0.02839122
v -0.04875326 0.01669983 -0.02836670
v -0.04848775 -0.01869980 -0.02839122
v -0.04895660 0.01669985 -0.02834623
v -0.04895660 0.01669985 -0.02834623
v -0.04848775 -0.01869980 -0.02839122
v -0.04895660 -0.01869985 -0.02834623
v -0.04895660 0.01669985 -0.02834623
v -0.04895660 -0.01869985 -0.02834623
v -0.05050727 0.01670003 -0.02814133
v -0.05050727 0.01670003 -0.02814133
v -0.04895660 -0.01869985 -0.02834623
v -0.05023418 -0.01870001 -0.02818371
v -0.05050727 0.01670003 -0.02814133
v -0.05023418 -0.01870001 -0.02818371
v -0.05225629 0.01670002 -0.02780483
v -0.05225629 0.01670002 -0.02780483
v -0.05023418 -0.01870001 -0.02818371
v -0.05196716 -0.01870004 -0.02786832
v -0.05225629 0.01670002 -0.02780483
v -0.05196716 -0.01870004 -0.02786832
v -0.05262437 0.01669998 -0.02771945
v -0.05262437 0.01669998 -0.02771945
v -0.05196716 -0.01870004 -0.02786832
v -0.05273033 -0.01869997 -0.02769391
v -0.05262437 0.01669998 -0.02771945
v -0.05273033 -0.01869997 -0.02769391
v -0.05301762 0.01669994 -0.02762251
v -0.05301762 0.01669994 -0.02762251
v -0.05273033 -0.01869997 -0.02769391
v -0.05343904 0.01669988 -0.02751201
v -0.05956813 0.01669994 -0.02506304
v -0.05877177 0.01670005 -0.02547807
v -0.05851058 -0.01870007 -0.02560733
v -0.05851058 -0.01870007 -0.02560733
v -0.05877177 0.01670005 -0.02547807
v -0.05774514 -0.01870007 -0.02596732
v -0.05774514 -0.01870007 -0.02596732
v -0.05877177 0.01670005 -0.02547807
v -0.05798759 0.01670008 -0.02585629
v -0.05774514 -0.01870007 -0.02596732
v -0.05798759 0.01670008 -0.02585629
v -0.05611895 -0.01869987 -0.02664314
v -0.05611895 -0.01869987 -0.02664314
v -0.05798759 0.01670008 -0.02585629
v -0.05636779 0.01669991 -0.02654729
v -0.05611895 -0.01869987 -0.02664314
v -0.05636779 0.01669991 -0.02654729
v -0.05617923 0.01669987 -0.02662017
v -0.06543763 -0.01869995 -0.02084295
v -0.06567838 -0.01869990 -0.02061580
v -0.06557611 0.01669993 -0.02071294
v -0.06543763 -0.01869995 -0.02084295
v -0.06557611 0.01669993 -0.02071294
v -0.06436756 -0.01870008 -0.02179180
v -0.06436756 -0.01870008 -0.02179180
v -0.06557611 0.01669993 -0.02071294
v -0.06457065 0.01670007 -0.02161900
v -0.06436756 -0.01870008 -0.02179180
v -0.06457065 0.01670007 -0.02161900
v -0.06298067 -0.01869993 -0.02288901
v -0.05851058 -0.01870007 -0.02560733
v -0.05932444 -0.01869998 -0.02519343
v -0.05956813 0.01669994 -0.02506304
v -0.05956813 0.01669994 -0.02506304
v -0.05932444 -0.01869998 -0.02519343
v -0.05956057 -0.01869994 -0.02506713
v -0.05956813 0.01669994 -0.02506304
v -0.05956057 -0.01869994 -0.02506713
v -0.06110717 0.01669968 -0.02416657
v -0.06110717 0.01669968 -0.02416657
v -0.05956057 -0.01869994 -0.02506713
v -0.06085533 -0.01869970 -0.02432219
v -0.06110717 0.01669968 -0.02416657
v -0.06085533 -0.01869970 -0.02432219
v -0.06176523 0.01669970 -0.02374252
v -0.06176523 0.01669970 -0.02374252
v -0.06085533 -0.01869970 -0.02432219
v -0.06151777 -0.01869967 -0.02390500
v -0.06176523 0.01669970 -0.02374252
v -0.06151777 -0.01869967 -0.02390500
v -0.06271076 0.01669988 -0.02308680
v -0.06271076 0.01669988 -0.02308680
v -0.06151777 -0.01869967 -0.02390500
v -0.06271076 -0.01869988 -0.02308680
v -0.06271076 0.01669988 -0.02308680
v -0.06271076 -0.01869988 -0.02308680
v -0.06320183 0.01669998 -0.02272327
v -0.06320183 0.01669998 -0.02272327
v -0.06271076 -0.01869988 -0.02308680
v -0.06298067 -0.01869993 -0.02288901
v -0.06320183 0.01669998 -0.02272327
v -0.06298067 -0.01869993 -0.02288901
v -0.06351074 0.01670003 -0.02248609
v -0.06351074 0.01670003 -0.02248609
v -0.06298067 -0.01869993 -0.02288901
v -0.06457065 0.01670007 -0.02161900
v -0.06873542 0.01670004 -0.01718576
v -0.06825484 0.01669997 -0.01780372
v -0.06806871 -0.01869993 -0.01803392
v -0.06806871 -0.01869993 -0.01803392
v -0.06825484 0.01669997 -0.01780372
v -0.06810776 0.01669994 -0.01798601
v -0.06806871 -0.01869993 -0.01803392
v -0.06810776 0.01669994 -0.01798601
v -0.06745592 -0.01869980 -0.01875883
v -0.06745592 -0.01869980 -0.01875883
v -0.06810776 0.01669994 -0.01798601
v -0.06771050 0.01669986 -0.01846359
v -0.06745592 -0.01869980 -0.01875883
v -0.06771050 0.01669986 -0.01846359
v -0.06691249 -0.01869973 -0.01936279
v -0.06691249 -0.01869973 -0.01936279
v -0.06771050 0.01669986 -0.01846359
v -0.06709928 0.01669975 -0.01915908
v -0.06691249 -0.01869973 -0.01936279
v -0.06709928 0.01669975 -0.01915908
v -0.06567838 -0.01869990 -0.02061580
v -0.06567838 -0.01869990 -0.02061580
v -0.06709928 0.01669975 -0.01915908
v -0.06587041 0.01669986 -0.02043078
v -0.06567838 -0.01869990 -0.02061580
v -0.06587041 0.01669986 -0.02043078
v -0.06557611 0.01669993 -0.02071294
v -0.06806871 -0.01869993 -0.01803392
v -0.06855570 -0.01870002 -0.01742098
v -0.06873542 0.01670004 -0.01718576
v -0.06873542 0.01670004 -0.01718576
v -0.06855570 -0.01870002 -0.01742098
v -0.06923889 -0.01870006 -0.01649860
v -0.06873542 0.01670004 -0.01718576
v -0.06923889 -0.01870006 -0.01649860
v -0.06946104 0.01670005 -0.01618114
v -0.06946104 0.01670005 -0.01618114
v -0.06923889 -0.01870006 -0.01649860
v -0.06959984 -0.01870003 -0.01597804
v -0.06946104 0.01670005 -0.01618114
v -0.06959984 -0.01870003 -0.01597804
v -0.06975366 0.01670001 -0.01574844
v -0.06975366 0.01670001 -0.01574844
v -0.06959984 -0.01870003 -0.01597804
v -0.07026257 0.01669989 -0.01495250
v -0.07026257 0.01669989 -0.01495250
v -0.06959984 -0.01870003 -0.01597804
v -0.07026257 -0.01869989 -0.01495250
v -0.07026257 0.01669989 -0.01495250
v -0.07026257 -0.01869989 -0.01495250
v -0.07067980 0.01669980 -0.01425333
v -0.07067980 0.01669980 -0.01425333
v -0.07026257 -0.01869989 -0.01495250
v -0.07054537 -0.01869983 -0.01448361
v -0.07067980 0.01669980 -0.01425333
v -0.07054537 -0.01869983 -0.01448361
v -0.07096564 0.01669977 -0.01374652
v -0.07096564 0.01669977 -0.01374652
v -0.07054537 -0.01869983 -0.01448361
v -0.07151299 0.01669986 -0.01270187
v -0.07151299 0.01669986 -0.01270187
v -0.07054537 -0.01869983 -0.01448361
v -0.07139304 -0.01869983 -0.01294001
v -0.07151299 0.01669986 -0.01270187
v -0.07139304 -0.01869983 -0.01294001
v -0.07200382 0.01670000 -0.01166411
v -0.07200382 0.01670000 -0.01166411
v -0.07139304 -0.01869983 -0.01294001
v -0.07200382 -0.01869999 -0.01166411
v -0.07200382 0.01670000 -0.01166411
v -0.07200382 -0.01869999 -0.01166411
v -0.07225165 0.01670004 -0.01109509
v -0.07225165 0.01670004 -0.01109509
v -0.07200382 -0.01869999 -0.01166411
v -0.07214282 -0.01870003 -0.01134913
v -0.07225165 0.01670004 -0.01109509
v -0.07214282 -0.01870003 -0.01134913
v -0.07289343 0.01670000 -0.00943364
v -0.07289343 0.01670000 -0.00943364
v -0.07214282 -0.01870003 -0.01134913
v -0.07279399 -0.01870003 -0.00971246
v -0.07289343 0.01670000 -0.00943364
v -0.07279399 -0.01870003 -0.00971246
v -0.07314238 0.01669991 -0.00869144
v -0.07314238 0.01669991 -0.00869144
v -0.07279399 -0.01870003 -0.00971246
v -0.07305065 -0.01869995 -0.00897287
v -0.07314238 0.01669991 -0.00869144
v -0.07305065 -0.01869995 -0.00897287
v -0.07320003 0.01669988 -0.00850929
v -0.07320003 0.01669988 -0.00850929
v -0.07305065 -0.01869995 -0.00897287
v -0.07330180 -0.01869984 -0.00817690
v -0.07320003 0.01669988 -0.00850929
v -0.07330180 -0.01869984 -0.00817690
v -0.07330180 0.01669984 -0.00817690
v -0.07330180 0.01669984 -0.00817690
v -0.07330180 -0.01869984 -0.00817690
v -0.07362746 0.01669977 -0.00699811
v -0.07362746 0.01669977 -0.00699811
v -0.07330180 -0.01869984 -0.00817690
v -0.07355779 -0.01869977 -0.00726762
v -0.07362746 0.01669977 -0.00699811
v -0.07355779 -0.01869977 -0.00726762
v -0.07400650 0.01669995 -0.00528072
v -0.07400650 0.01669995 -0.00528072
v -0.07355779 -0.01869977 -0.00726762
v -0.07395527 -0.01869992 -0.00554553
v -0.07400650 0.01669995 -0.00528072
v -0.07395527 -0.01869992 -0.00554553
v -0.07413440 0.01670003 -0.00455030
v -0.07413440 0.01670003 -0.00455030
v -0.07395527 -0.01869992 -0.00554553
v -0.07413440 -0.01870003 -0.00455030
v -0.07413440 0.01670003 -0.00455030
v -0.07413440 -0.01870003 -0.00455030
v -0.07427917 0.01670006 -0.00354092
v -0.07427917 0.01670006 -0.00354092
v -0.07413440 -0.01870003 -0.00455030
v -0.07424438 -0.01870006 -0.00380852
v -0.07427917 0.01670006 -0.00354092
v -0.07424438 -0.01870006 -0.00380852
v -0.07435041 0.01670003 -0.00291619
v -0.07435041 0.01670003 -0.00291619
v -0.07424438 -0.01870006 -0.00380852
v -0.07435041 -0.01870003 -0.00291619
v -0.07435041 0.01670003 -0.00291619
v -0.07435041 -0.01870003 -0.00291619
v -0.07444435 0.01669994 -0.00178022
v -0.07435041 -0.01870003 -0.00291619
v -0.07442557 -0.01869997 -0.00205837
v -0.07444435 0.01669994 -0.00178022
v -0.07444435 0.01669994 -0.00178022
v -0.07442557 -0.01869997 -0.00205837
v -0.07448743 -0.01869990 -0.00084615
v -0.07444435 0.01669994 -0.00178022
v -0.07448743 -0.01869990 -0.00084615
v -0.07450000 0.01670000 0.00000000
v -0.07450000 0.01670000 0.00000000
v -0.07448743 -0.01869990 -0.00084615
v -0.07449845 -0.01869994 -0.00029671
v -0.07450000 0.01670000 0.00000000
v -0.07449845 -0.01869994 -0.00029671
v -0.07450000 -0.01870000 0.00000000
v -0.01204462 0.02164766 0.02250000
v -0.01204462 -0.02168830 0.02250000
v -0.01043863 0.02238585 0.02249998
v -0.01043863 0.02238585 0.02249998
v -0.01204462 -0.02168830 0.02250000
v -0.01043874 -0.02238577 0.02249998
v -0.01043863 0.02238585 0.02249998
v -0.01043874 -0.02238577 0.02249998
v -0.00858734 0.02315919 0.02250000
v 0.01485125 0.01973627 0.02250000
v 0.01306158 0.02096388 0.02250000
v -0.01043874 -0.02238577 0.02249998
v 0.02163650 -0.01191437 0.02250000
v -0.01043874 -0.02238577 0.02249998
v 0.02147004 -0.01221178 0.02250000
v 0.02147004 -0.01221178 0.02250000
v -0.01043874 -0.02238577 0.02249998
v -0.00858731 -0.02315920 0.02250000
v 0.01306158 0.02096388 0.02250000
v 0.01091471 0.02215735 0.02250000
v -0.01043874 -0.02238577 0.02249998
v -0.01043874 -0.02238577 0.02249998
v 0.01091471 0.02215735 0.02250000
v 0.00865764 0.02313291 0.02250000
v -0.01043874 -0.02238577 0.02249998
v 0.00865764 0.02313291 0.02250000
v 0.00628752 0.02388618 0.02250000
v 0.02421260 -0.00488211 0.02250000
v 0.02457780 -0.00245179 0.02250000
v -0.01043874 -0.02238577 0.02249998
v -0.01043874 -0.02238577 0.02249998
v 0.02457780 -0.00245179 0.02250000
v 0.02470000 0.00000001 0.02250000
v 0.00865766 -0.02313290 0.02250000
v 0.01091475 -0.02215732 0.02250000
v -0.00858731 -0.02315920 0.02250000
v 0.02163650 -0.01191437 0.02250000
v 0.02273859 -0.00964538 0.02250000
v -0.01043874 -0.02238577 0.02249998
v -0.01043874 -0.02238577 0.02249998
v 0.02273859 -0.00964538 0.02250000
v 0.02359955 -0.00729016 0.02250000
v -0.01043874 -0.02238577 0.02249998
v 0.02359955 -0.00729016 0.02250000
v 0.02421260 -0.00488211 0.02250000
v 0.02470000 0.00000001 0.02250000
v 0.02457781 0.00245176 0.02250000
v -0.01043874 -0.02238577 0.02249998
v -0.01043874 -0.02238577 0.02249998
v 0.02457781 0.00245176 0.02250000
v 0.02421261 0.00488210 0.02250000
v -0.01043874 -0.02238577 0.02249998
v 0.02421261 0.00488210 0.02250000
v 0.02359955 0.00729015 0.02250000
v -0.01043874 -0.02238577 0.02249998
v 0.02146998 0.01221187 0.02250000
v 0.02010641 0.01434604 0.02250000
v 0.00628752 0.02388618 0.02250000
v 0.00383091 0.02440088 0.02250000
v -0.01043874 -0.02238577 0.02249998
v -0.01043874 -0.02238577 0.02249998
v 0.00383091 0.02440088 0.02250000
v 0.00132110 0.02466462 0.02250000
v -0.01043874 -0.02238577 0.02249998
v 0.00132110 0.02466462 0.02250000
v -0.00121054 0.02467000 0.02250000
v -0.00121054 0.02467000 0.02250000
v -0.00372829 0.02441689 0.02250000
v -0.01043874 -0.02238577 0.02249998
v -0.01043874 -0.02238577 0.02249998
v -0.00372829 0.02441689 0.02250000
v -0.00619796 0.02390969 0.02250000
v -0.01043874 -0.02238577 0.02249998
v -0.00619796 0.02390969 0.02250000
v -0.00858734 0.02315919 0.02250000
v 0.01091475 -0.02215732 0.02250000
v 0.01306155 -0.02096390 0.02250000
v -0.00858731 -0.02315920 0.02250000
v -0.00858731 -0.02315920 0.02250000
v 0.01306155 -0.02096390 0.02250000
v 0.01485133 -0.01973622 0.02250000
v -0.00858731 -0.02315920 0.02250000
v 0.01485133 -0.01973622 0.02250000
v 0.01677295 -0.01813153 0.02250000
v 0.02359955 0.00729015 0.02250000
v 0.02273862 0.00964529 0.02250000
v -0.01043874 -0.02238577 0.02249998
v -0.01043874 -0.02238577 0.02249998
v 0.02273862 0.00964529 0.02250000
v 0.02163651 0.01191433 0.02250000
v -0.01043874 -0.02238577 0.02249998
v 0.02163651 0.01191433 0.02250000
v 0.02146998 0.01221187 0.02250000
v 0.02010641 0.01434604 0.02250000
v 0.01853356 0.01632765 0.02250000
v -0.01043874 -0.02238577 0.02249998
v -0.01043874 -0.02238577 0.02249998
v 0.01853356 0.01632765 0.02250000
v 0.01677284 0.01813162 0.02250000
v -0.01043874 -0.02238577 0.02249998
v 0.01677284 0.01813162 0.02250000
v 0.01485125 0.01973627 0.02250000
v 0.01677295 -0.01813153 0.02250000
v 0.01853363 -0.01632757 0.02250000
v -0.00858731 -0.02315920 0.02250000
v -0.00858731 -0.02315920 0.02250000
v 0.01853363 -0.01632757 0.02250000
v 0.02010649 -0.01434592 0.02250000
v -0.00858731 -0.02315920 0.02250000
v 0.02010649 -0.01434592 0.02250000
v 0.02147004 -0.01221178 0.02250000
v -0.00121053 -0.02467000 0.02250000
v 0.00132107 -0.02466462 0.02250000
v 0.00383085 -0.02440089 0.02250000
v 0.00865766 -0.02313290 0.02250000
v -0.00858731 -0.02315920 0.02250000
v 0.00628750 -0.02388619 0.02250000
v 0.00628750 -0.02388619 0.02250000
v -0.00858731 -0.02315920 0.02250000
v -0.00619792 -0.02390970 0.02250000
v 0.00628750 -0.02388619 0.02250000
v -0.00619792 -0.02390970 0.02250000
v 0.00383085 -0.02440089 0.02250000
v 0.00383085 -0.02440089 0.02250000
v -0.00619792 -0.02390970 0.02250000
v -0.00372829 -0.02441688 0.02250000
v 0.00383085 -0.02440089 0.02250000
v -0.00372829 -0.02441688 0.02250000
v -0.00121053 -0.02467000 0.02250000
v -0.01204461 -0.02166515 -0.02050000
v -0.01204462 0.02164082 -0.02050000
v -0.01066725 -0.02227982 -0.02050000
v -0.01066725 -0.02227982 -0.02050000
v -0.01204462 0.02164082 -0.02050000
v -0.01043867 0.02238585 -0.02050002
v -0.01066725 -0.02227982 -0.02050000
v -0.01043867 0.02238585 -0.02050002
v -0.00859633 0.02315586 -0.02050000
v 0.02457347 -0.00249620 -0.02050000
v -0.00859635 -0.02315585 -0.02050000
v 0.02470014 -0.00000001 -0.02050000
v 0.02470014 -0.00000001 -0.02050000
v -0.00859635 -0.02315585 -0.02050000
v 0.02457346 0.00249630 -0.02050000
v -0.00859633 0.02315586 -0.02050000
v -0.00620998 0.02390657 -0.02050000
v -0.01066725 -0.02227982 -0.02050000
v -0.01066725 -0.02227982 -0.02050000
v -0.00620998 0.02390657 -0.02050000
v -0.00375575 0.02441269 -0.02050000
v -0.01066725 -0.02227982 -0.02050000
v -0.00375575 0.02441269 -0.02050000
v -0.00126460 0.02466730 -0.02050000
v -0.00126460 0.02466730 -0.02050000
v 0.00123672 0.02466901 -0.02050000
v -0.01066725 -0.02227982 -0.02050000
v -0.01066725 -0.02227982 -0.02050000
v 0.00123672 0.02466901 -0.02050000
v 0.00373127 0.02441635 -0.02050000
v -0.01066725 -0.02227982 -0.02050000
v 0.00373127 0.02441635 -0.02050000
v 0.00618159 0.02391385 -0.02050000
v 0.01511301 0.01953664 -0.02050000
v -0.00859635 -0.02315585 -0.02050000
v 0.01306165 0.02096393 -0.02050000
v 0.01306165 0.02096393 -0.02050000
v -0.00859635 -0.02315585 -0.02050000
v 0.01087368 0.02217757 -0.02050000
v -0.00859635 -0.02315585 -0.02050000
v -0.01043872 -0.02238578 -0.02049999
v 0.01087368 0.02217757 -0.02050000
v 0.01087368 0.02217757 -0.02050000
v -0.01043872 -0.02238578 -0.02049999
v -0.01066725 -0.02227982 -0.02050000
v 0.01087368 0.02217757 -0.02050000
v -0.01066725 -0.02227982 -0.02050000
v 0.00857292 0.02316450 -0.02050000
v 0.00857292 0.02316450 -0.02050000
v -0.01066725 -0.02227982 -0.02050000
v 0.00618159 0.02391385 -0.02050000
v 0.02457347 -0.00249620 -0.02050000
v 0.02419515 -0.00496866 -0.02050000
v -0.00859635 -0.02315585 -0.02050000
v -0.00859635 -0.02315585 -0.02050000
v 0.02419515 -0.00496866 -0.02050000
v 0.02356697 -0.00739521 -0.02050000
v -0.00859635 -0.02315585 -0.02050000
v 0.02356697 -0.00739521 -0.02050000
v 0.02269780 -0.00974130 -0.02050000
v 0.02269780 -0.00974130 -0.02050000
v 0.02159538 -0.01198899 -0.02050000
v -0.00859635 -0.02315585 -0.02050000
v -0.00859635 -0.02315585 -0.02050000
v 0.02159538 -0.01198899 -0.02050000
v 0.02027125 -0.01411238 -0.02050000
v -0.00859635 -0.02315585 -0.02050000
v 0.02027125 -0.01411238 -0.02050000
v 0.01873929 -0.01609121 -0.02050000
v 0.01511305 -0.01953660 -0.02050000
v -0.00126459 -0.02466730 -0.02050000
v -0.00375573 -0.02441269 -0.02050000
v 0.02269775 0.00974141 -0.02050000
v -0.00859635 -0.02315585 -0.02050000
v 0.02159538 0.01198896 -0.02050000
v 0.02159538 0.01198896 -0.02050000
v -0.00859635 -0.02315585 -0.02050000
v 0.02027129 0.01411232 -0.02050000
v 0.02269775 0.00974141 -0.02050000
v 0.02356691 0.00739538 -0.02050000
v -0.00859635 -0.02315585 -0.02050000
v -0.00859635 -0.02315585 -0.02050000
v 0.02356691 0.00739538 -0.02050000
v 0.02419512 0.00496875 -0.02050000
v -0.00859635 -0.02315585 -0.02050000
v 0.02419512 0.00496875 -0.02050000
v 0.02457346 0.00249630 -0.02050000
v -0.00375573 -0.02441269 -0.02050000
v -0.00620997 -0.02390657 -0.02050000
v 0.01511305 -0.01953660 -0.02050000
v 0.01511305 -0.01953660 -0.02050000
v -0.00620997 -0.02390657 -0.02050000
v -0.00859635 -0.02315585 -0.02050000
v 0.01511305 -0.01953660 -0.02050000
v -0.00859635 -0.02315585 -0.02050000
v 0.01701188 -0.01790772 -0.02050000
v 0.01701188 -0.01790772 -0.02050000
v -0.00859635 -0.02315585 -0.02050000
v 0.01873929 -0.01609121 -0.02050000
v 0.00373127 -0.02441635 -0.02050000
v 0.01087367 -0.02217759 -0.02050000
v 0.00618168 -0.02391382 -0.02050000
v 0.00618168 -0.02391382 -0.02050000
v 0.01087367 -0.02217759 -0.02050000
v 0.00857298 -0.02316448 -0.02050000
v 0.01511305 -0.01953660 -0.02050000
v 0.01306162 -0.02096395 -0.02050000
v -0.00126459 -0.02466730 -0.02050000
v -0.00126459 -0.02466730 -0.02050000
v 0.01306162 -0.02096395 -0.02050000
v 0.01087367 -0.02217759 -0.02050000
v -0.00126459 -0.02466730 -0.02050000
v 0.01087367 -0.02217759 -0.02050000
v 0.00123672 -0.02466901 -0.02050000
v 0.00123672 -0.02466901 -0.02050000
v 0.01087367 -0.02217759 -0.02050000
v 0.00373127 -0.02441635 -0.02050000
v 0.01511301 0.01953664 -0.02050000
v 0.01701188 0.01790772 -0.02050000
v -0.00859635 -0.02315585 -0.02050000
v -0.00859635 -0.02315585 -0.02050000
v 0.01701188 0.01790772 -0.02050000
v 0.01873934 0.01609115 -0.02050000
v -0.00859635 -0.02315585 -0.02050000
v 0.01873934 0.01609115 -0.02050000
v 0.02027129 0.01411232 -0.02050000
vn 0.13180812 0.71633189 -0.68519723
vn 0.13180812 0.71633189 -0.68519723
vn 0.13180812 0.71633189 -0.68519723
vn 0.28133464 0.71860710 -0.63596750
vn 0.28133464 0.71860710 -0.63596750
vn 0.28133464 0.71860710 -0.63596750
vn 0.26147587 0.70531228 -0.65891195
vn 0.26147587 0.70531228 -0.65891195
vn 0.26147587 0.70531228 -0.65891195
vn 0.29547823 0.70974314 -0.63949769
vn 0.29547823 0.70974314 -0.63949769
vn 0.29547823 0.70974314 -0.63949769
vn 0.28934558 0.70706870 -0.64523871
vn 0.28934558 0.70706870 -0.64523871
vn 0.28934558 0.70706870 -0.64523871
vn 0.26856343 0.71501495 -0.64546673
vn 0.26856343 0.71501495 -0.64546673
vn 0.26856343 0.71501495 -0.64546673
vn 0.25700988 0.71350686 -0.65180816
vn 0.25700988 0.71350686 -0.65180816
vn 0.25700988 0.71350686 -0.65180816
vn 0.23156932 0.71292327 -0.66190336
vn 0.23156932 0.71292327 -0.66190336
vn 0.23156932 0.71292327 -0.66190336
vn 0.23499272 0.71332587 -0.66026103
vn 0.23499272 0.71332587 -0.66026103
vn 0.23499272 0.71332587 -0.66026103
vn 0.20708620 0.71644587 -0.66619864
vn 0.20708620 0.71644587 -0.66619864
vn 0.20708620 0.71644587 -0.66619864
vn 0.16393843 0.71095100 -0.68386612
vn 0.16393843 0.71095100 -0.68386612
vn 0.16393843 0.71095100 -0.68386612
vn 0.19213928 0.72355542 -0.66298571
vn 0.19213928 0.72355542 -0.66298571
vn 0.19213928 0.72355542 -0.66298571
vn 0.15914282 0.71828528 -0.67730335
vn 0.15914282 0.71828528 -0.67730335
vn 0.15914282 0.71828528 -0.67730335
vn 0.08241398 0.71802854 -0.69111718
vn 0.08241398 0.71802854 -0.69111718
vn 0.08241398 0.71802854 -0.69111718
vn 0.05033371 0.70498948 -0.70742940
vn 0.05033371 0.70498948 -0.70742940
vn 0.05033371 0.70498948 -0.70742940
vn 0.09950460 0.71699547 -0.68993937
vn 0.09950460 0.71699547 -0.68993937
vn 0.09950460 0.71699547 -0.68993937
vn -0.12008496 0.69638083 -0.70755448
vn -0.12008496 0.69638083 -0.70755448
vn -0.12008496 0.69638083 -0.70755448
vn -0.15631109 0.67709583 -0.71910227
vn -0.15631109 0.67709583 -0.71910227
vn -0.15631109 0.67709583 -0.71910227
vn -0.07961937 0.69719897 -0.71244253
vn -0.07961937 0.69719897 -0.71244253
vn -0.07961937 0.69719897 -0.71244253
vn -0.11246803 0.68068997 -0.72388681
vn -0.11246803 0.68068997 -0.72388681
vn -0.11246803 0.68068997 -0.72388681
vn -0.03259683 0.71125193 -0.70218099
vn -0.03259683 0.71125193 -0.70218099
vn -0.03259683 0.71125193 -0.70218099
vn -0.07986859 0.68814031 -0.72116844
vn -0.07986859 0.68814031 -0.72116844
vn -0.07986859 0.68814031 -0.72116844
vn 0.00322721 0.71385403 -0.70028709
vn 0.00322721 0.71385403 -0.70028709
vn 0.00322721 0.71385403 -0.70028709
vn -0.03576532 0.69686621 -0.71630882
vn -0.03576532 0.69686621 -0.71630882
vn -0.03576532 0.69686621 -0.71630882
vn 0.03626657 0.71505408 -0.69812778
vn 0.03626657 0.71505408 -0.69812778
vn 0.03626657 0.71505408 -0.69812778
vn -0.00144104 0.70255684 -0.71162617
vn -0.00144104 0.70255684 -0.71162617
vn -0.00144104 0.70255684 -0.71162617
vn 0.01813342 0.70760822 -0.70637227
vn 0.01813342 0.70760822 -0.70637227
vn 0.01813342 0.70760822 -0.70637227
vn -0.19880483 0.67008509 -0.71516615
vn -0.19880483 0.67008509 -0.71516615
vn -0.19880483 0.67008509 -0.71516615
vn -0.20690752 0.66544019 -0.71720195
vn -0.20690752 0.66544019 -0.71720195
vn -0.20690752 0.66544019 -0.71720195
vn -0.15692420 0.68013010 -0.71609904
vn -0.15692420 0.68013010 -0.71609904
vn -0.15692420 0.68013010 -0.71609904
vn -0.13196212 0.69063049 -0.71106647
vn -0.13196212 0.69063049 -0.71106647
vn -0.13196212 0.69063049 -0.71106647
vn -0.29422822 0.64299591 -0.70709690
vn -0.29422822 0.64299591 -0.70709690
vn -0.29422822 0.64299591 -0.70709690
vn -0.29722288 0.64065973 -0.70796445
vn -0.29722288 0.64065973 -0.70796445
vn -0.29722288 0.64065973 -0.70796445
vn -0.28057645 0.64825502 -0.70784341
vn -0.28057645 0.64825502 -0.70784341
vn -0.28057645 0.64825502 -0.70784341
vn -0.28374033 0.64585919 -0.70877171
vn -0.28374033 0.64585919 -0.70877171
vn -0.28374033 0.64585919 -0.70877171
vn -0.25029964 0.65436122 -0.71355553
vn -0.25029964 0.65436122 -0.71355553
vn -0.25029964 0.65436122 -0.71355553
vn -0.26214230 0.64674322 -0.71624341
vn -0.26214230 0.64674322 -0.71624341
vn -0.26214230 0.64674322 -0.71624341
vn -0.22595239 0.66693828 -0.71002736
vn -0.22595239 0.66693828 -0.71002736
vn -0.22595239 0.66693828 -0.71002736
vn -0.25027786 0.65242783 -0.71533133
vn -0.25027786 0.65242783 -0.71533133
vn -0.25027786 0.65242783 -0.71533133
vn -0.23454104 0.65899966 -0.71463973
vn -0.23454104 0.65899966 -0.71463973
vn -0.23454104 0.65899966 -0.71463973
vn 0.29521071 -0.70710223 -0.64253955
vn 0.29521071 -0.70710223 -0.64253955
vn 0.29521071 -0.70710223 -0.64253955
vn 0.29323951 -0.70755134 -0.64294766
vn 0.29323951 -0.70755134 -0.64294766
vn 0.29323951 -0.70755134 -0.64294766
vn 0.28508177 -0.70672047 -0.64751414
vn 0.28508177 -0.70672047 -0.64751414
vn 0.28508177 -0.70672047 -0.64751414
vn 0.27886630 -0.70800423 -0.64881708
vn 0.27886630 -0.70800423 -0.64881708
vn 0.27886630 -0.70800423 -0.64881708
vn 0.26859764 -0.70686108 -0.65437200
vn 0.26859764 -0.70686108 -0.65437200
vn 0.26859764 -0.70686108 -0.65437200
vn 0.25751425 -0.70887704 -0.65664279
vn 0.25751425 -0.70887704 -0.65664279
vn 0.25751425 -0.70887704 -0.65664279
vn 0.25028069 -0.70799492 -0.66038078
vn 0.25028069 -0.70799492 -0.66038078
vn 0.25028069 -0.70799492 -0.66038078
vn 0.23597344 -0.70870988 -0.66486604
vn 0.23597344 -0.70870988 -0.66486604
vn 0.23597344 -0.70870988 -0.66486604
vn 0.23091449 -0.70947412 -0.66582654
vn 0.23091449 -0.70947412 -0.66582654
vn 0.23091449 -0.70947412 -0.66582654
vn 0.21282623 -0.70814623 -0.67322650
vn 0.21282623 -0.70814623 -0.67322650
vn 0.21282623 -0.70814623 -0.67322650
vn 0.21224644 -0.70806022 -0.67349994
vn 0.21224644 -0.70806022 -0.67349994
vn 0.21224644 -0.70806022 -0.67349994
vn 0.18269797 -0.71154033 -0.67847756
vn 0.18269797 -0.71154033 -0.67847756
vn 0.18269797 -0.71154033 -0.67847756
vn 0.18064747 -0.71117594 -0.67940803
vn 0.18064747 -0.71117594 -0.67940803
vn 0.18064747 -0.71117594 -0.67940803
vn 0.14384724 -0.70910959 -0.69026919
vn 0.14384724 -0.70910959 -0.69026919
vn 0.14384724 -0.70910959 -0.69026919
vn 0.15574709 -0.71121044 -0.68550897
vn 0.15574709 -0.71121044 -0.68550897
vn 0.15574709 -0.71121044 -0.68550897
vn 0.11670817 -0.70941023 -0.69506570
vn 0.11670817 -0.70941023 -0.69506570
vn 0.11670817 -0.70941023 -0.69506570
vn 0.13602641 -0.71267583 -0.68817874
vn 0.13602641 -0.71267583 -0.68817874
vn 0.13602641 -0.71267583 -0.68817874
vn 0.11857444 -0.71057421 -0.69355923
vn 0.11857444 -0.71057421 -0.69355923
vn 0.11857444 -0.71057421 -0.69355923
vn 0.07049134 -0.70881597 -0.70186245
vn 0.07049134 -0.70881597 -0.70186245
vn 0.07049134 -0.70881597 -0.70186245
vn 0.08948024 -0.71393422 -0.69447190
vn 0.08948024 -0.71393422 -0.69447190
vn 0.08948024 -0.71393422 -0.69447190
vn -0.09079911 -0.69528357 -0.71297705
vn -0.09079911 -0.69528357 -0.71297705
vn -0.09079911 -0.69528357 -0.71297705
vn -0.14274726 -0.68673741 -0.71275167
vn -0.14274726 -0.68673741 -0.71275167
vn -0.14274726 -0.68673741 -0.71275167
vn -0.13618768 -0.68893307 -0.71191583
vn -0.13618768 -0.68893307 -0.71191583
vn -0.13618768 -0.68893307 -0.71191583
vn 0.04486707 -0.70670808 -0.70608118
vn 0.04486707 -0.70670808 -0.70608118
vn 0.04486707 -0.70670808 -0.70608118
vn 0.00245826 -0.70731580 -0.70689342
vn 0.00245826 -0.70731580 -0.70689342
vn 0.00245826 -0.70731580 -0.70689342
vn -0.00356728 -0.70604469 -0.70815829
vn -0.00356728 -0.70604469 -0.70815829
vn -0.00356728 -0.70604469 -0.70815829
vn -0.04986901 -0.69966351 -0.71273000
vn -0.04986901 -0.69966351 -0.71273000
vn -0.04986901 -0.69966351 -0.71273000
vn -0.03877895 -0.70254702 -0.71057996
vn -0.03877895 -0.70254702 -0.71057996
vn -0.03877895 -0.70254702 -0.71057996
vn -0.07999508 -0.69645573 -0.71312706
vn -0.07999508 -0.69645573 -0.71312706
vn -0.07999508 -0.69645573 -0.71312706
vn -0.10566254 -0.69011000 -0.71594945
vn -0.10566254 -0.69011000 -0.71594945
vn -0.10566254 -0.69011000 -0.71594945
vn -0.27219288 -0.65059018 -0.70897352
vn -0.27219288 -0.65059018 -0.70897352
vn -0.27219288 -0.65059018 -0.70897352
vn -0.17136218 -0.68002053 -0.71288644
vn -0.17136218 -0.68002053 -0.71288644
vn -0.17136218 -0.68002053 -0.71288644
vn -0.19576927 -0.67695565 -0.70951071
vn -0.19576927 -0.67695565 -0.70951071
vn -0.19576927 -0.67695565 -0.70951071
vn -0.21175169 -0.67054558 -0.71100622
vn -0.21175169 -0.67054558 -0.71100622
vn -0.21175169 -0.67054558 -0.71100622
vn -0.23623974 -0.66434952 -0.70910543
vn -0.23623974 -0.66434952 -0.70910543
vn -0.23623974 -0.66434952 -0.70910543
vn -0.24040242 -0.66263363 -0.70931189
vn -0.24040242 -0.66263363 -0.70931189
vn -0.24040242 -0.66263363 -0.70931189
vn -0.25812739 -0.65717902 -0.70815675
vn -0.25812739 -0.65717902 -0.70815675
vn -0.25812739 -0.65717902 -0.70815675
vn -0.27276940 -0.65023950 -0.70907365
vn -0.27276940 -0.65023950 -0.70907365
vn -0.27276940 -0.65023950 -0.70907365
vn -0.28830320 -0.64603548 -0.70676688
vn -0.28830320 -0.64603548 -0.70676688
vn -0.28830320 -0.64603548 -0.70676688
vn -0.29734543 -0.64129781 -0.70733501
vn -0.29734543 -0.64129781 -0.70733501
vn -0.29734543 -0.64129781 -0.70733501
vn -0.29499387 -0.64263881 -0.70710252
vn -0.29499387 -0.64263881 -0.70710252
vn -0.29499387 -0.64263881 -0.70710252
vn 0.27745113 -0.70953718 0.64774830
vn 0.27745113 -0.70953718 0.64774830
vn 0.27745113 -0.70953718 0.64774830
vn 0.25699427 -0.70532794 0.66065607
vn 0.25699427 -0.70532794 0.66065607
vn 0.25699427 -0.70532794 0.66065607
vn 0.23390591 -0.70963728 0.66460737
vn 0.23390591 -0.70963728 0.66460737
vn 0.23390591 -0.70963728 0.66460737
vn 0.20844324 -0.69976987 0.68328145
vn 0.20844324 -0.69976987 0.68328145
vn 0.20844324 -0.69976987 0.68328145
vn 0.18694185 -0.70847434 0.68052689
vn 0.18694185 -0.70847434 0.68052689
vn 0.18694185 -0.70847434 0.68052689
vn 0.13752259 -0.70418742 0.69656846
vn 0.13752259 -0.70418742 0.69656846
vn 0.13752259 -0.70418742 0.69656846
vn 0.13290494 -0.70078045 0.70088733
vn 0.13290494 -0.70078045 0.70088733
vn 0.13290494 -0.70078045 0.70088733
vn 0.09671962 -0.70757559 0.69998722
vn 0.09671962 -0.70757559 0.69998722
vn 0.09671962 -0.70757559 0.69998722
vn 0.05214086 -0.70021386 0.71202660
vn 0.05214086 -0.70021386 0.71202660
vn 0.05214086 -0.70021386 0.71202660
vn 0.04556410 -0.69535972 0.71721599
vn 0.04556410 -0.69535972 0.71721599
vn 0.04556410 -0.69535972 0.71721599
vn 0.07037564 -0.70509066 0.70561634
vn 0.07037564 -0.70509066 0.70561634
vn 0.07037564 -0.70509066 0.70561634
vn -0.03261135 -0.70236648 0.71106809
vn -0.03261135 -0.70236648 0.71106809
vn -0.03261135 -0.70236648 0.71106809
vn -0.04571318 -0.68830459 0.72398004
vn -0.04571318 -0.68830459 0.72398004
vn -0.04571318 -0.68830459 0.72398004
vn 0.00107586 -0.70859344 0.70561617
vn 0.00107586 -0.70859344 0.70561617
vn 0.00107586 -0.70859344 0.70561617
vn -0.15613337 -0.68916440 0.70758378
vn -0.15613337 -0.68916440 0.70758378
vn -0.15613337 -0.68916440 0.70758378
vn -0.13413507 -0.68980063 0.71146530
vn -0.13413507 -0.68980063 0.71146530
vn -0.13413507 -0.68980063 0.71146530
vn -0.11509362 -0.68709991 0.71738914
vn -0.11509362 -0.68709991 0.71738914
vn -0.11509362 -0.68709991 0.71738914
vn -0.10291813 -0.69644958 0.71018719
vn -0.10291813 -0.69644958 0.71018719
vn -0.10291813 -0.69644958 0.71018719
vn -0.07525082 -0.70039364 0.70977888
vn -0.07525082 -0.70039364 0.70977888
vn -0.07525082 -0.70039364 0.70977888
vn -0.22693063 -0.66994979 0.70687323
vn -0.22693063 -0.66994979 0.70687323
vn -0.22693063 -0.66994979 0.70687323
vn -0.21228684 -0.67205182 0.70942276
vn -0.21228684 -0.67205182 0.70942276
vn -0.21228684 -0.67205182 0.70942276
vn -0.19346323 -0.67260808 0.71426210
vn -0.19346323 -0.67260808 0.71426210
vn -0.19346323 -0.67260808 0.71426210
vn -0.19009099 -0.67592385 0.71203397
vn -0.19009099 -0.67592385 0.71203397
vn -0.19009099 -0.67592385 0.71203397
vn -0.17117461 -0.68392001 0.70919156
vn -0.17117461 -0.68392001 0.70919156
vn -0.17117461 -0.68392001 0.70919156
vn -0.24645817 -0.66193105 0.70788817
vn -0.24645817 -0.66193105 0.70788817
vn -0.24645817 -0.66193105 0.70788817
vn -0.26001103 -0.65129172 0.71289085
vn -0.26001103 -0.65129172 0.71289085
vn -0.26001103 -0.65129172 0.71289085
vn -0.25850528 -0.65123656 0.71348859
vn -0.25850528 -0.65123656 0.71348859
vn -0.25850528 -0.65123656 0.71348859
vn -0.29828345 -0.64876831 0.70009047
vn -0.29828345 -0.64876831 0.70009047
vn -0.29828345 -0.64876831 0.70009047
vn -0.28173446 -0.64868987 0.70698454
vn -0.28173446 -0.64868987 0.70698454
vn -0.28173446 -0.64868987 0.70698454
vn -0.21931601 -0.67321593 0.70617335
vn -0.21931601 -0.67321593 0.70617335
vn -0.21931601 -0.67321593 0.70617335
vn -0.24183615 -0.66408976 0.70746029
vn -0.24183615 -0.66408976 0.70746029
vn -0.24183615 -0.66408976 0.70746029
vn -0.26566003 -0.66868586 0.69446668
vn -0.26566003 -0.66868586 0.69446668
vn -0.26566003 -0.66868586 0.69446668
vn -0.27720091 -0.64724142 0.71009732
vn -0.27720091 -0.64724142 0.71009732
vn -0.27720091 -0.64724142 0.71009732
vn -0.29523360 -0.64252829 0.70710290
vn -0.29523360 -0.64252829 0.70710290
vn -0.29523360 -0.64252829 0.70710290
vn -0.19130005 -0.69482367 0.69327077
vn -0.19130005 -0.69482367 0.69327077
vn -0.19130005 -0.69482367 0.69327077
vn -0.19392506 -0.68745911 0.69985216
vn -0.19392506 -0.68745911 0.69985216
vn -0.19392506 -0.68745911 0.69985216
vn -0.15503039 -0.68988982 0.70711924
vn -0.15503039 -0.68988982 0.70711924
vn -0.15503039 -0.68988982 0.70711924
vn -0.04444087 -0.71130322 0.70147897
vn -0.04444087 -0.71130322 0.70147897
vn -0.04444087 -0.71130322 0.70147897
vn -0.06979372 -0.70317795 0.70758011
vn -0.06979372 -0.70317795 0.70758011
vn -0.06979372 -0.70317795 0.70758011
vn -0.11363767 -0.70926228 0.69572516
vn -0.11363767 -0.70926228 0.69572516
vn -0.11363767 -0.70926228 0.69572516
vn -0.10410163 -0.72996096 0.67551450
vn -0.10410163 -0.72996096 0.67551450
vn -0.10410163 -0.72996096 0.67551450
vn -0.12995498 -0.69818792 0.70402083
vn -0.12995498 -0.69818792 0.70402083
vn -0.12995498 -0.69818792 0.70402083
vn -0.02210900 -0.73192602 0.68102532
vn -0.02210900 -0.73192602 0.68102532
vn -0.02210900 -0.73192602 0.68102532
vn -0.02804751 -0.72191202 0.69141620
vn -0.02804751 -0.72191202 0.69141620
vn -0.02804751 -0.72191202 0.69141620
vn 0.01073567 -0.70862265 0.70550598
vn 0.01073567 -0.70862265 0.70550598
vn 0.01073567 -0.70862265 0.70550598
vn 0.05073820 -0.71470593 0.69758231
vn 0.05073820 -0.71470593 0.69758231
vn 0.05073820 -0.71470593 0.69758231
vn 0.05571323 -0.72255998 0.68905958
vn 0.05571323 -0.72255998 0.68905958
vn 0.05571323 -0.72255998 0.68905958
vn 0.09271706 -0.70847298 0.69962103
vn 0.09271706 -0.70847298 0.69962103
vn 0.09271706 -0.70847298 0.69962103
vn 0.13320366 -0.72401604 0.67679950
vn 0.13320366 -0.72401604 0.67679950
vn 0.13320366 -0.72401604 0.67679950
vn 0.13131540 -0.72187183 0.67945370
vn 0.13131540 -0.72187183 0.67945370
vn 0.13131540 -0.72187183 0.67945370
vn 0.11606115 -0.71197522 0.69254681
vn 0.11606115 -0.71197522 0.69254681
vn 0.11606115 -0.71197522 0.69254681
vn 0.25066155 -0.70747215 0.66079644
vn 0.25066155 -0.70747215 0.66079644
vn 0.25066155 -0.70747215 0.66079644
vn 0.23120782 -0.70652470 0.66885408
vn 0.23120782 -0.70652470 0.66885408
vn 0.23120782 -0.70652470 0.66885408
vn 0.20548237 -0.72013487 0.66270866
vn 0.20548237 -0.72013487 0.66270866
vn 0.20548237 -0.72013487 0.66270866
vn 0.19582177 -0.70705978 0.67950004
vn 0.19582177 -0.70705978 0.67950004
vn 0.19582177 -0.70705978 0.67950004
vn 0.15784209 -0.70920704 0.68710352
vn 0.15784209 -0.70920704 0.68710352
vn 0.15784209 -0.70920704 0.68710352
vn 0.27119767 -0.70678600 0.65337997
vn 0.27119767 -0.70678600 0.65337997
vn 0.27119767 -0.70678600 0.65337997
vn 0.27530762 -0.72275933 0.63389641
vn 0.27530762 -0.72275933 0.63389641
vn 0.27530762 -0.72275933 0.63389641
vn 0.25928125 -0.71119992 0.65342782
vn 0.25928125 -0.71119992 0.65342782
vn 0.25928125 -0.71119992 0.65342782
vn -0.29523464 -0.64253055 0.70710042
vn -0.29523464 -0.64253055 0.70710042
vn -0.29523464 -0.64253055 0.70710042
vn -0.29537037 -0.64243528 0.70713029
vn -0.29537037 -0.64243528 0.70713029
vn -0.29537037 -0.64243528 0.70713029
vn -0.26123904 -0.65770111 0.70652913
vn -0.26123904 -0.65770111 0.70652913
vn -0.26123904 -0.65770111 0.70652913
vn -0.26168018 -0.65543492 0.70846916
vn -0.26168018 -0.65543492 0.70846916
vn -0.26168018 -0.65543492 0.70846916
vn -0.19259397 -0.68323523 0.70434167
vn -0.19259397 -0.68323523 0.70434167
vn -0.19259397 -0.68323523 0.70434167
vn -0.19438888 -0.67554379 0.71123382
vn -0.19438888 -0.67554379 0.71123382
vn -0.19438888 -0.67554379 0.71123382
vn -0.11218634 -0.70350702 0.70177782
vn -0.11218634 -0.70350702 0.70177782
vn -0.11218634 -0.70350702 0.70177782
vn -0.11582303 -0.69000912 0.71447354
vn -0.11582303 -0.69000912 0.71447354
vn -0.11582303 -0.69000912 0.71447354
vn -0.02646578 -0.71480519 0.69882265
vn -0.02646578 -0.71480519 0.69882265
vn -0.02646578 -0.71480519 0.69882265
vn -0.03159980 -0.69773214 0.71566145
vn -0.03159980 -0.69773214 0.71566145
vn -0.03159980 -0.69773214 0.71566145
vn 0.05697604 -0.71698099 0.69476039
vn 0.05697604 -0.71698099 0.69476039
vn 0.05697604 -0.71698099 0.69476039
vn 0.05191060 -0.70127056 0.71100274
vn 0.05191060 -0.70127056 0.71100274
vn 0.05191060 -0.70127056 0.71100274
vn 0.13567949 -0.71452922 0.68632286
vn 0.13567949 -0.71452922 0.68632286
vn 0.13567949 -0.71452922 0.68632286
vn 0.13230168 -0.70319897 0.69857532
vn 0.13230168 -0.70319897 0.69857532
vn 0.13230168 -0.70319897 0.69857532
vn 0.20840168 -0.71097991 0.67162215
vn 0.20840168 -0.71097991 0.67162215
vn 0.20840168 -0.71097991 0.67162215
vn 0.20683823 -0.70499775 0.67837756
vn 0.20683823 -0.70499775 0.67837756
vn 0.20683823 -0.70499775 0.67837756
vn 0.27064569 -0.70822058 0.65205407
vn 0.27064569 -0.70822058 0.65205407
vn 0.27064569 -0.70822058 0.65205407
vn 0.26477805 -0.68327962 0.68045686
vn 0.26477805 -0.68327962 0.68045686
vn 0.26477805 -0.68327962 0.68045686
vn 0.28547076 -0.70703085 0.64700373
vn 0.28547076 -0.70703085 0.64700373
vn 0.28547076 -0.70703085 0.64700373
vn 0.28547055 -0.70703137 0.64700325
vn 0.28547055 -0.70703137 0.64700325
vn 0.28547055 -0.70703137 0.64700325
vn -0.29531148 0.64249290 0.70710254
vn -0.29531148 0.64249290 0.70710254
vn -0.29531148 0.64249290 0.70710254
vn -0.29361058 0.64284534 0.70749042
vn -0.29361058 0.64284534 0.70749042
vn -0.29361058 0.64284534 0.70749042
vn -0.28560160 0.64734792 0.70666286
vn -0.28560160 0.64734792 0.70666286
vn -0.28560160 0.64734792 0.70666286
vn -0.27988875 0.64856825 0.70782873
vn -0.27988875 0.64856825 0.70782873
vn -0.27988875 0.64856825 0.70782873
vn -0.27644385 0.65046637 0.70744067
vn -0.27644385 0.65046637 0.70744067
vn -0.27644385 0.65046637 0.70744067
vn -0.26513960 0.65565238 0.70698016
vn -0.26513960 0.65565238 0.70698016
vn -0.26513960 0.65565238 0.70698016
vn -0.26732469 0.65420965 0.70749363
vn -0.26732469 0.65420965 0.70749363
vn -0.26732469 0.65420965 0.70749363
vn -0.25187739 0.66006464 0.70772343
vn -0.25187739 0.66006464 0.70772343
vn -0.25187739 0.66006464 0.70772343
vn -0.25219138 0.66000399 0.70766817
vn -0.25219138 0.66000399 0.70766817
vn -0.25219138 0.66000399 0.70766817
vn -0.23793826 0.66455074 0.70834857
vn -0.23793826 0.66455074 0.70834857
vn -0.23793826 0.66455074 0.70834857
vn -0.23254403 0.66562899 0.70912716
vn -0.23254403 0.66562899 0.70912716
vn -0.23254403 0.66562899 0.70912716
vn -0.21438181 0.67321538 0.70768743
vn -0.21438181 0.67321538 0.70768743
vn -0.21438181 0.67321538 0.70768743
vn -0.21493787 0.67294625 0.70777472
vn -0.21493787 0.67294625 0.70777472
vn -0.21493787 0.67294625 0.70777472
vn -0.18554301 0.67827562 0.71099647
vn -0.18554301 0.67827562 0.71099647
vn -0.18554301 0.67827562 0.71099647
vn -0.19255303 0.67510598 0.71214833
vn -0.19255303 0.67510598 0.71214833
vn -0.19255303 0.67510598 0.71214833
vn -0.18163623 0.67976863 0.71057926
vn -0.18163623 0.67976863 0.71057926
vn -0.18163623 0.67976863 0.71057926
vn -0.15315252 0.68788315 0.70947945
vn -0.15315252 0.68788315 0.70947945
vn -0.15315252 0.68788315 0.70947945
vn -0.15890525 0.68590517 0.71012902
vn -0.15890525 0.68590517 0.71012902
vn -0.15890525 0.68590517 0.71012902
vn -0.13738068 0.69035931 0.71030315
vn -0.13738068 0.69035931 0.71030315
vn -0.13738068 0.69035931 0.71030315
vn -0.13762067 0.69029512 0.71031908
vn -0.13762067 0.69029512 0.71031908
vn -0.13762067 0.69029512 0.71031908
vn -0.11789299 0.69401149 0.71024594
vn -0.11789299 0.69401149 0.71024594
vn -0.11789299 0.69401149 0.71024594
vn -0.10647125 0.69701826 0.70910466
vn -0.10647125 0.69701826 0.70910466
vn -0.10647125 0.69701826 0.70910466
vn -0.07487504 0.69914291 0.71105057
vn -0.07487504 0.69914291 0.71105057
vn -0.07487504 0.69914291 0.71105057
vn -0.07652025 0.69870315 0.71130764
vn -0.07652025 0.69870315 0.71130764
vn -0.07652025 0.69870315 0.71130764
vn -0.00950476 0.71275889 0.70134472
vn -0.00950476 0.71275889 0.70134472
vn -0.00950476 0.71275889 0.70134472
vn -0.03903897 0.70011989 0.71295729
vn -0.03903897 0.70011989 0.71295729
vn -0.03903897 0.70011989 0.71295729
vn 0.27495798 0.70893115 0.64947266
vn 0.27495798 0.70893115 0.64947266
vn 0.27495798 0.70893115 0.64947266
vn 0.00585681 0.70871738 0.70546819
vn 0.00585681 0.70871738 0.70546819
vn 0.00585681 0.70871738 0.70546819
vn 0.04817597 0.71218648 0.70033527
vn 0.04817597 0.71218648 0.70033527
vn 0.04817597 0.71218648 0.70033527
vn 0.04157364 0.71090918 0.70205396
vn 0.04157364 0.71090918 0.70205396
vn 0.04157364 0.71090918 0.70205396
vn 0.08028346 0.71280488 0.69675230
vn 0.08028346 0.71280488 0.69675230
vn 0.08028346 0.71280488 0.69675230
vn 0.09549191 0.71424479 0.69335105
vn 0.09549191 0.71424479 0.69335105
vn 0.09549191 0.71424479 0.69335105
vn 0.12923010 0.71089183 0.69132654
vn 0.12923010 0.71089183 0.69132654
vn 0.12923010 0.71089183 0.69132654
vn 0.16275832 0.71441179 0.68053326
vn 0.16275832 0.71441179 0.68053326
vn 0.16275832 0.71441179 0.68053326
vn 0.19565382 0.70945157 0.67705099
vn 0.19565382 0.70945157 0.67705099
vn 0.19565382 0.70945157 0.67705099
vn 0.21459535 0.71084921 0.66980761
vn 0.21459535 0.71084921 0.66980761
vn 0.21459535 0.71084921 0.66980761
vn 0.23663123 0.70900510 0.66431726
vn 0.23663123 0.70900510 0.66431726
vn 0.23663123 0.70900510 0.66431726
vn 0.24285797 0.70930665 0.66174322
vn 0.24285797 0.70930665 0.66174322
vn 0.24285797 0.70930665 0.66174322
vn 0.25843622 0.70804053 0.65718287
vn 0.25843622 0.70804053 0.65718287
vn 0.25843622 0.70804053 0.65718287
vn 0.27319058 0.70865009 0.65052438
vn 0.27319058 0.70865009 0.65052438
vn 0.27319058 0.70865009 0.65052438
vn 0.28857020 0.70684161 0.64583448
vn 0.28857020 0.70684161 0.64583448
vn 0.28857020 0.70684161 0.64583448
vn 0.29744798 0.70722860 0.64136760
vn 0.29744798 0.70722860 0.64136760
vn 0.29744798 0.70722860 0.64136760
vn 0.29589758 0.70710501 0.64222046
vn 0.29589758 0.70710501 0.64222046
vn 0.29589758 0.70710501 0.64222046
vn 0.27870246 0.70693559 0.65005154
vn 0.27870246 0.70693559 0.65005154
vn 0.27870246 0.70693559 0.65005154
vn 0.27208116 0.70835863 0.65130630
vn 0.27208116 0.70835863 0.65130630
vn 0.27208116 0.70835863 0.65130630
vn 0.21102810 0.70997820 0.67186166
vn 0.21102810 0.70997820 0.67186166
vn 0.21102810 0.70997820 0.67186166
vn 0.23054179 0.70716596 0.66840616
vn 0.23054179 0.70716596 0.66840616
vn 0.23054179 0.70716596 0.66840616
vn 0.25124107 0.70702611 0.66105371
vn 0.25124107 0.70702611 0.66105371
vn 0.25124107 0.70702611 0.66105371
vn 0.11515560 0.70693782 0.69783817
vn 0.11515560 0.70693782 0.69783817
vn 0.11515560 0.70693782 0.69783817
vn 0.12894685 0.70825328 0.69408213
vn 0.12894685 0.70825328 0.69408213
vn 0.12894685 0.70825328 0.69408213
vn 0.14170597 0.70979982 0.69000263
vn 0.14170597 0.70979982 0.69000263
vn 0.14170597 0.70979982 0.69000263
vn 0.15359876 0.70721352 0.69011337
vn 0.15359876 0.70721352 0.69011337
vn 0.15359876 0.70721352 0.69011337
vn 0.19607552 0.70669310 0.67980825
vn 0.19607552 0.70669310 0.67980825
vn 0.19607552 0.70669310 0.67980825
vn 0.02858838 0.70720416 0.70643116
vn 0.02858838 0.70720416 0.70643116
vn 0.02858838 0.70720416 0.70643116
vn 0.05074390 0.70675236 0.70563883
vn 0.05074390 0.70675236 0.70563883
vn 0.05074390 0.70675236 0.70563883
vn 0.07042672 0.71012244 0.70054707
vn 0.07042672 0.71012244 0.70054707
vn 0.07042672 0.71012244 0.70054707
vn 0.07944217 0.70857881 0.70114550
vn 0.07944217 0.70857881 0.70114550
vn 0.07944217 0.70857881 0.70114550
vn 0.09672614 0.70718803 0.70037786
vn 0.09672614 0.70718803 0.70037786
vn 0.09672614 0.70718803 0.70037786
vn 0.00375964 0.70804807 0.70615423
vn 0.00375964 0.70804807 0.70615423
vn 0.00375964 0.70804807 0.70615423
vn -0.00149661 0.70938733 0.70481726
vn -0.00149661 0.70938733 0.70481726
vn -0.00149661 0.70938733 0.70481726
vn -0.02811882 0.70704630 0.70660800
vn -0.02811882 0.70704630 0.70660800
vn -0.02811882 0.70704630 0.70660800
vn -0.04985685 0.70704886 0.70540499
vn -0.04985685 0.70704886 0.70540499
vn -0.04985685 0.70704886 0.70540499
vn -0.07362676 0.70968985 0.70065641
vn -0.07362676 0.70968985 0.70065641
vn -0.07362676 0.70968985 0.70065641
vn -0.08330389 0.70747875 0.70180787
vn -0.08330389 0.70747875 0.70180787
vn -0.08330389 0.70747875 0.70180787
vn -0.12669900 0.70654045 0.69623843
vn -0.12669900 0.70654045 0.69623843
vn -0.12669900 0.70654045 0.69623843
vn -0.14439291 0.71005214 0.68918550
vn -0.14439291 0.71005214 0.68918550
vn -0.14439291 0.71005214 0.68918550
vn -0.15247271 0.70884712 0.68868559
vn -0.15247271 0.70884712 0.68868559
vn -0.15247271 0.70884712 0.68868559
vn -0.21332056 0.70992965 0.67118867
vn -0.21332056 0.70992965 0.67118867
vn -0.21332056 0.70992965 0.67118867
vn -0.18875497 0.70598651 0.68260868
vn -0.18875497 0.70598651 0.68260868
vn -0.18875497 0.70598651 0.68260868
vn -0.16217616 0.70781750 0.68752693
vn -0.16217616 0.70781750 0.68752693
vn -0.16217616 0.70781750 0.68752693
vn -0.24975789 0.70710635 0.66152975
vn -0.24975789 0.70710635 0.66152975
vn -0.24975789 0.70710635 0.66152975
vn -0.24677423 0.70709330 0.66266247
vn -0.24677423 0.70709330 0.66266247
vn -0.24677423 0.70709330 0.66266247
vn -0.22735639 0.70724373 0.66941421
vn -0.22735639 0.70724373 0.66941421
vn -0.22735639 0.70724373 0.66941421
vn -0.27120970 0.70730437 0.65281378
vn -0.27120970 0.70730437 0.65281378
vn -0.27120970 0.70730437 0.65281378
vn -0.27955678 0.70958950 0.64678494
vn -0.27955678 0.70958950 0.64678494
vn -0.27955678 0.70958950 0.64678494
vn -0.30088876 0.70721900 0.63977125
vn -0.30088876 0.70721900 0.63977125
vn -0.30088876 0.70721900 0.63977125
vn -0.34230155 0.70970082 0.61575514
vn -0.34230155 0.70970082 0.61575514
vn -0.34230155 0.70970082 0.61575514
vn -0.33242016 0.70832629 0.62271237
vn -0.33242016 0.70832629 0.62271237
vn -0.33242016 0.70832629 0.62271237
vn -0.32065562 0.70697987 0.63036452
vn -0.32065562 0.70697987 0.63036452
vn -0.32065562 0.70697987 0.63036452
vn -0.41834289 0.70724670 0.56990467
vn -0.41834289 0.70724670 0.56990467
vn -0.41834289 0.70724670 0.56990467
vn -0.39974698 0.70831216 0.58180430
vn -0.39974698 0.70831216 0.58180430
vn -0.39974698 0.70831216 0.58180430
vn -0.39922174 0.70844208 0.58200671
vn -0.39922174 0.70844208 0.58200671
vn -0.39922174 0.70844208 0.58200671
vn -0.37697995 0.70685591 0.59853224
vn -0.37697995 0.70685591 0.59853224
vn -0.37697995 0.70685591 0.59853224
vn -0.35187976 0.70759354 0.61277403
vn -0.35187976 0.70759354 0.61277403
vn -0.35187976 0.70759354 0.61277403
vn -0.43903887 0.70651743 0.55504774
vn -0.43903887 0.70651743 0.55504774
vn -0.43903887 0.70651743 0.55504774
vn -0.45135016 0.71003596 0.54049234
vn -0.45135016 0.71003596 0.54049234
vn -0.45135016 0.71003596 0.54049234
vn -0.46939387 0.70678979 0.52926136
vn -0.46939387 0.70678979 0.52926136
vn -0.46939387 0.70678979 0.52926136
vn -0.53987342 0.70720869 0.45650034
vn -0.53987342 0.70720869 0.45650034
vn -0.53987342 0.70720869 0.45650034
vn -0.52572225 0.70695315 0.47311030
vn -0.52572225 0.70695315 0.47311030
vn -0.52572225 0.70695315 0.47311030
vn -0.50455972 0.70915805 0.49245746
vn -0.50455972 0.70915805 0.49245746
vn -0.50455972 0.70915805 0.49245746
vn -0.50296065 0.70832978 0.49527721
vn -0.50296065 0.70832978 0.49527721
vn -0.50296065 0.70832978 0.49527721
vn -0.48528575 0.70718093 0.51419148
vn -0.48528575 0.70718093 0.51419148
vn -0.48528575 0.70718093 0.51419148
vn -0.56831651 0.70696336 0.42097406
vn -0.56831651 0.70696336 0.42097406
vn -0.56831651 0.70696336 0.42097406
vn -0.55166193 0.70989305 0.43785953
vn -0.55166193 0.70989305 0.43785953
vn -0.55166193 0.70989305 0.43785953
vn -0.55338699 0.71070811 0.43434644
vn -0.55338699 0.71070811 0.43434644
vn -0.55338699 0.71070811 0.43434644
vn -0.54856043 0.70917730 0.44288713
vn -0.54856043 0.70917730 0.44288713
vn -0.54856043 0.70917730 0.44288713
vn -0.58104356 0.70718254 0.40284146
vn -0.58104356 0.70718254 0.40284146
vn -0.58104356 0.70718254 0.40284146
vn -0.59409953 0.70919681 0.37958613
vn -0.59409953 0.70919681 0.37958613
vn -0.59409953 0.70919681 0.37958613
vn -0.59510495 0.70884661 0.37866422
vn -0.59510495 0.70884661 0.37866422
vn -0.59510495 0.70884661 0.37866422
vn -0.60774596 0.70747479 0.36072742
vn -0.60774596 0.70747479 0.36072742
vn -0.60774596 0.70747479 0.36072742
vn -0.61761402 0.70645159 0.34565746
vn -0.61761402 0.70645159 0.34565746
vn -0.61761402 0.70645159 0.34565746
vn -0.62092501 0.70582272 0.34097861
vn -0.62092501 0.70582272 0.34097861
vn -0.62092501 0.70582272 0.34097861
vn -0.63379494 0.70960238 0.30784483
vn -0.63379494 0.70960238 0.30784483
vn -0.63379494 0.70960238 0.30784483
vn -0.63910886 0.70764182 0.30130206
vn -0.63910886 0.70764182 0.30130206
vn -0.63910886 0.70764182 0.30130206
vn -0.67743810 0.70626540 0.20558892
vn -0.67743810 0.70626540 0.20558892
vn -0.67743810 0.70626540 0.20558892
vn -0.66700466 0.70821297 0.23138533
vn -0.66700466 0.70821297 0.23138533
vn -0.66700466 0.70821297 0.23138533
vn -0.66133748 0.71006059 0.24175750
vn -0.66133748 0.71006059 0.24175750
vn -0.66133748 0.71006059 0.24175750
vn -0.65801802 0.70683321 0.25961334
vn -0.65801802 0.70683321 0.25961334
vn -0.65801802 0.70683321 0.25961334
vn -0.64935706 0.70715990 0.27975040
vn -0.64935706 0.70715990 0.27975040
vn -0.64935706 0.70715990 0.27975040
vn -0.68131080 0.70854719 0.18378378
vn -0.68131080 0.70854719 0.18378378
vn -0.68131080 0.70854719 0.18378378
vn -0.68254209 0.70988913 0.17376340
vn -0.68254209 0.70988913 0.17376340
vn -0.68254209 0.70988913 0.17376340
vn -0.68825955 0.70725029 0.16154202
vn -0.68825955 0.70725029 0.16154202
vn -0.68825955 0.70725029 0.16154202
vn -0.69672708 0.70965536 0.10469311
vn -0.69672708 0.70965536 0.10469311
vn -0.69672708 0.70965536 0.10469311
vn -0.69743600 0.70717387 0.11613851
vn -0.69743600 0.70717387 0.11613851
vn -0.69743600 0.70717387 0.11613851
vn -0.69308794 0.70709006 0.14018827
vn -0.69308794 0.70709006 0.14018827
vn -0.69308794 0.70709006 0.14018827
vn -0.70710125 0.70710195 0.00382650
vn -0.70710125 0.70710195 0.00382650
vn -0.70710125 0.70710195 0.00382650
vn -0.70581389 0.70779560 0.02919126
vn -0.70581389 0.70779560 0.02919126
vn -0.70581389 0.70779560 0.02919126
vn -0.70406018 0.70927272 0.03509238
vn -0.70406018 0.70927272 0.03509238
vn -0.70406018 0.70927272 0.03509238
vn -0.70452646 0.70699276 0.06167415
vn -0.70452646 0.70699276 0.06167415
vn -0.70452646 0.70699276 0.06167415
vn -0.70206869 0.70720822 0.08340322
vn -0.70206869 0.70720822 0.08340322
vn -0.70206869 0.70720822 0.08340322
vn 0.10397218 0.70702178 -0.69950696
vn 0.10397218 0.70702178 -0.69950696
vn 0.10397218 0.70702178 -0.69950696
vn -0.67413788 0.70714372 -0.21327419
vn -0.67413788 0.70714372 -0.21327419
vn -0.67413788 0.70714372 -0.21327419
vn -0.70693339 0.70693404 -0.02212332
vn -0.70693339 0.70693404 -0.02212332
vn -0.70693339 0.70693404 -0.02212332
vn -0.70360891 0.70972168 -0.03506621
vn -0.70360891 0.70972168 -0.03506621
vn -0.70360891 0.70972168 -0.03506621
vn -0.70488558 0.70692654 -0.05823396
vn -0.70488558 0.70692654 -0.05823396
vn -0.70488558 0.70692654 -0.05823396
vn -0.69659576 0.70978700 -0.10467454
vn -0.69659576 0.70978700 -0.10467454
vn -0.69659576 0.70978700 -0.10467454
vn -0.69823179 0.70882921 -0.10016747
vn -0.69823179 0.70882921 -0.10016747
vn -0.69823179 0.70882921 -0.10016747
vn -0.70246881 0.70719605 -0.08007073
vn -0.70246881 0.70719605 -0.08007073
vn -0.70246881 0.70719605 -0.08007073
vn -0.67619616 0.70706112 -0.20693797
vn -0.67619616 0.70706112 -0.20693797
vn -0.67619616 0.70706112 -0.20693797
vn -0.68117849 0.70752947 -0.18814333
vn -0.68117849 0.70752947 -0.18814333
vn -0.68117849 0.70752947 -0.18814333
vn -0.68244951 0.70998340 -0.17374187
vn -0.68244951 0.70998340 -0.17374187
vn -0.68244951 0.70998340 -0.17374187
vn -0.69133261 0.70622578 -0.15265768
vn -0.69133261 0.70622578 -0.15265768
vn -0.69133261 0.70622578 -0.15265768
vn -0.69597380 0.70763741 -0.12194166
vn -0.69597380 0.70763741 -0.12194166
vn -0.69597380 0.70763741 -0.12194166
vn -0.67003494 0.70751732 -0.22466066
vn -0.67003494 0.70751732 -0.22466066
vn -0.67003494 0.70751732 -0.22466066
vn -0.66154360 0.70984307 -0.24183232
vn -0.66154360 0.70984307 -0.24183232
vn -0.66154360 0.70984307 -0.24183232
vn -0.65965783 0.70705948 -0.25479096
vn -0.65965783 0.70705948 -0.25479096
vn -0.65965783 0.70705948 -0.25479096
vn -0.61595410 0.70706703 -0.34735683
vn -0.61595410 0.70706703 -0.34735683
vn -0.61595410 0.70706703 -0.34735683
vn -0.62639965 0.70701239 -0.32826355
vn -0.62639965 0.70701239 -0.32826355
vn -0.62639965 0.70701239 -0.32826355
vn -0.63347036 0.70996080 -0.30768647
vn -0.63347036 0.70996080 -0.30768647
vn -0.63347036 0.70996080 -0.30768647
vn -0.63792629 0.70849031 -0.30181373
vn -0.63792629 0.70849031 -0.30181373
vn -0.63792629 0.70849031 -0.30181373
vn -0.64828575 0.70708463 -0.28241265
vn -0.64828575 0.70708463 -0.28241265
vn -0.64828575 0.70708463 -0.28241265
vn -0.60631710 0.70819194 -0.36172330
vn -0.60631710 0.70819194 -0.36172330
vn -0.60631710 0.70819194 -0.36172330
vn -0.59852232 0.71010053 -0.37084805
vn -0.59852232 0.71010053 -0.37084805
vn -0.59852232 0.71010053 -0.37084805
vn -0.59474614 0.70834064 -0.38017175
vn -0.59474614 0.70834064 -0.38017175
vn -0.59474614 0.70834064 -0.38017175
vn -0.54348743 0.70719136 -0.45221875
vn -0.54348743 0.70719136 -0.45221875
vn -0.54348743 0.70719136 -0.45221875
vn -0.54951094 0.70808434 -0.44345721
vn -0.54951094 0.70808434 -0.44345721
vn -0.54951094 0.70808434 -0.44345721
vn -0.55629738 0.70942958 -0.43271573
vn -0.55629738 0.70942958 -0.43271573
vn -0.55629738 0.70942958 -0.43271573
vn -0.55756517 0.71000046 -0.43014001
vn -0.55756517 0.71000046 -0.43014001
vn -0.55756517 0.71000046 -0.43014001
vn -0.57334671 0.70695001 -0.41411983
vn -0.57334671 0.70695001 -0.41411983
vn -0.57334671 0.70695001 -0.41411983
vn -0.58571985 0.70716814 -0.39603722
vn -0.58571985 0.70716814 -0.39603722
vn -0.58571985 0.70716814 -0.39603722
vn -0.53121477 0.70693802 -0.46695772
vn -0.53121477 0.70693802 -0.46695772
vn -0.53121477 0.70693802 -0.46695772
vn -0.51111944 0.70942650 -0.48525349
vn -0.51111944 0.70942650 -0.48525349
vn -0.51111944 0.70942650 -0.48525349
vn -0.50796613 0.70787877 -0.49079329
vn -0.50796613 0.70787877 -0.49079329
vn -0.50796613 0.70787877 -0.49079329
vn -0.45867241 0.71006887 -0.53424883
vn -0.45867241 0.71006887 -0.53424883
vn -0.45867241 0.71006887 -0.53424883
vn -0.47336406 0.70718530 -0.52518132
vn -0.47336406 0.70718530 -0.52518132
vn -0.47336406 0.70718530 -0.52518132
vn -0.48947067 0.70705743 -0.51038050
vn -0.48947067 0.70705743 -0.51038050
vn -0.48947067 0.70705743 -0.51038050
vn -0.42039472 0.70750544 -0.56807072
vn -0.42039472 0.70750544 -0.56807072
vn -0.42039472 0.70750544 -0.56807072
vn -0.43056945 0.70708460 -0.56092897
vn -0.43056945 0.70708460 -0.56092897
vn -0.43056945 0.70708460 -0.56092897
vn -0.44765665 0.70719880 -0.54724161
vn -0.44765665 0.70719880 -0.54724161
vn -0.44765665 0.70719880 -0.54724161
vn -0.40137210 0.70972299 -0.57895917
vn -0.40137210 0.70972299 -0.57895917
vn -0.40137210 0.70972299 -0.57895917
vn -0.40603601 0.70852949 -0.57716612
vn -0.40603601 0.70852949 -0.57716612
vn -0.40603601 0.70852949 -0.57716612
vn -0.38313673 0.70685957 -0.59460558
vn -0.38313673 0.70685957 -0.59460558
vn -0.38313673 0.70685957 -0.59460558
vn -0.35574239 0.70760092 -0.61053115
vn -0.35574239 0.70760092 -0.61053115
vn -0.35574239 0.70760092 -0.61053115
vn -0.34864911 0.70934531 -0.61259532
vn -0.34864911 0.70934531 -0.61259532
vn -0.34864911 0.70934531 -0.61259532
vn -0.32693180 0.70698449 -0.62712720
vn -0.32693180 0.70698449 -0.62712720
vn -0.32693180 0.70698449 -0.62712720
vn -0.30716436 0.70720804 -0.63679419
vn -0.30716436 0.70720804 -0.63679419
vn -0.30716436 0.70720804 -0.63679419
vn -0.28605356 0.70961474 -0.64391015
vn -0.28605356 0.70961474 -0.64391015
vn -0.28605356 0.70961474 -0.64391015
vn -0.27734073 0.70724506 -0.65029727
vn -0.27734073 0.70724506 -0.65029727
vn -0.27734073 0.70724506 -0.65029727
vn -0.17942143 0.70717304 -0.68389637
vn -0.17942143 0.70717304 -0.68389637
vn -0.17942143 0.70717304 -0.68389637
vn -0.20054539 0.70683202 -0.67835834
vn -0.20054539 0.70683202 -0.67835834
vn -0.20054539 0.70683202 -0.67835834
vn -0.22018673 0.70991185 -0.66898652
vn -0.22018673 0.70991185 -0.66898652
vn -0.22018673 0.70991185 -0.66898652
vn -0.23434273 0.70717498 -0.66707348
vn -0.23434273 0.70717498 -0.66707348
vn -0.23434273 0.70717498 -0.66707348
vn -0.25480076 0.70708987 -0.65962148
vn -0.25480076 0.70708987 -0.65962148
vn -0.25480076 0.70708987 -0.65962148
vn -0.13370900 0.70649824 -0.69496917
vn -0.13370900 0.70649824 -0.69496917
vn -0.13370900 0.70649824 -0.69496917
vn -0.15148077 0.71004429 -0.68767048
vn -0.15148077 0.71004429 -0.68767048
vn -0.15148077 0.71004429 -0.68767048
vn -0.15946619 0.70885593 -0.68709083
vn -0.15946619 0.70885593 -0.68709083
vn -0.15946619 0.70885593 -0.68709083
vn -0.16915006 0.70781436 -0.68584771
vn -0.16915006 0.70781436 -0.68584771
vn -0.16915006 0.70781436 -0.68584771
vn -0.09249326 0.70751851 -0.70061584
vn -0.09249326 0.70751851 -0.70061584
vn -0.09249326 0.70751851 -0.70061584
vn -0.08087341 0.70992129 -0.69962223
vn -0.08087341 0.70992129 -0.69962223
vn -0.08087341 0.70992129 -0.69962223
vn -0.07060996 0.70858798 -0.70208070
vn -0.07060996 0.70858798 -0.70208070
vn -0.07060996 0.70858798 -0.70208070
vn -0.00883394 0.70944579 -0.70470464
vn -0.00883394 0.70944579 -0.70470464
vn -0.00883394 0.70944579 -0.70470464
vn -0.03499773 0.70704954 -0.70629746
vn -0.03499773 0.70704954 -0.70629746
vn -0.03499773 0.70704954 -0.70629746
vn -0.05671674 0.70704128 -0.70489420
vn -0.05671674 0.70704128 -0.70489420
vn -0.05671674 0.70704128 -0.70489420
vn 0.08948069 0.70719229 -0.70133606
vn 0.08948069 0.70719229 -0.70133606
vn 0.08948069 0.70719229 -0.70133606
vn 0.07214351 0.70858649 -0.70192628
vn 0.07214351 0.70858649 -0.70192628
vn 0.07214351 0.70858649 -0.70192628
vn 0.06314901 0.71012743 -0.70123551
vn 0.06314901 0.71012743 -0.70123551
vn 0.06314901 0.71012743 -0.70123551
vn 0.04080377 0.70628696 -0.70674874
vn 0.04080377 0.70628696 -0.70674874
vn 0.04080377 0.70628696 -0.70674874
vn -0.00297340 0.70797069 -0.70623556
vn -0.00297340 0.70797069 -0.70623556
vn -0.00297340 0.70797069 -0.70623556
vn 0.11811729 0.70778093 -0.69648723
vn 0.11811729 0.70778093 -0.69648723
vn 0.11811729 0.70778093 -0.69648723
vn 0.13452532 0.70982670 -0.69141087
vn 0.13452532 0.70982670 -0.69141087
vn 0.13452532 0.70982670 -0.69141087
vn 0.14698358 0.70713985 -0.69162784
vn 0.14698358 0.70713985 -0.69162784
vn 0.14698358 0.70713985 -0.69162784
vn 0.18469614 0.70686028 -0.68281468
vn 0.18469614 0.70686028 -0.68281468
vn 0.18469614 0.70686028 -0.68281468
vn 0.20409606 0.71000750 -0.67396895
vn 0.20409606 0.71000750 -0.67396895
vn 0.20409606 0.71000750 -0.67396895
vn 0.20486744 0.70986543 -0.67388456
vn 0.20486744 0.70986543 -0.67388456
vn 0.20486744 0.70986543 -0.67388456
vn 0.29527334 0.70710189 -0.64251115
vn 0.29527334 0.70710189 -0.64251115
vn 0.29527334 0.70710189 -0.64251115
vn 0.27183454 0.70779168 -0.65202525
vn 0.27183454 0.70779168 -0.65202525
vn 0.27183454 0.70779168 -0.65202525
vn 0.26863895 0.70857069 -0.65250340
vn 0.26863895 0.70857069 -0.65250340
vn 0.26863895 0.70857069 -0.65250340
vn 0.24452825 0.70702211 -0.66357040
vn 0.24452825 0.70702211 -0.66357040
vn 0.24452825 0.70702211 -0.66357040
vn 0.22384572 0.70718217 -0.67066122
vn 0.22384572 0.70718217 -0.67066122
vn 0.22384572 0.70718217 -0.67066122
vn -0.61760627 -0.70645291 -0.34566860
vn -0.61760627 -0.70645291 -0.34566860
vn -0.61760627 -0.70645291 -0.34566860
vn 0.27870664 -0.70693453 -0.65005091
vn 0.27870664 -0.70693453 -0.65005091
vn 0.27870664 -0.70693453 -0.65005091
vn 0.27207995 -0.70835864 -0.65130679
vn 0.27207995 -0.70835864 -0.65130679
vn 0.27207995 -0.70835864 -0.65130679
vn 0.25124054 -0.70702611 -0.66105390
vn 0.25124054 -0.70702611 -0.66105390
vn 0.25124054 -0.70702611 -0.66105390
vn 0.23054186 -0.70716596 -0.66840613
vn 0.23054186 -0.70716596 -0.66840613
vn 0.23054186 -0.70716596 -0.66840613
vn 0.21102811 -0.70997818 -0.67186168
vn 0.21102811 -0.70997818 -0.67186168
vn 0.21102811 -0.70997818 -0.67186168
vn 0.20821331 -0.70937487 -0.67337546
vn 0.20821331 -0.70937487 -0.67337546
vn 0.20821331 -0.70937487 -0.67337546
vn 0.10012272 -0.70688951 -0.70020187
vn 0.10012272 -0.70688951 -0.70020187
vn 0.10012272 -0.70688951 -0.70020187
vn 0.12158310 -0.70730352 -0.69637582
vn 0.12158310 -0.70730352 -0.69637582
vn 0.12158310 -0.70730352 -0.69637582
vn 0.14170597 -0.70979986 -0.69000259
vn 0.14170597 -0.70979986 -0.69000259
vn 0.14170597 -0.70979986 -0.69000259
vn 0.15359875 -0.70721358 -0.69011331
vn 0.15359875 -0.70721358 -0.69011331
vn 0.15359875 -0.70721358 -0.69011331
vn 0.18792013 -0.70689852 -0.68189479
vn 0.18792013 -0.70689852 -0.68189479
vn 0.18792013 -0.70689852 -0.68189479
vn 0.07944049 -0.70857905 -0.70114545
vn 0.07944049 -0.70857905 -0.70114545
vn 0.07944049 -0.70857905 -0.70114545
vn 0.07042673 -0.71012237 -0.70054714
vn 0.07042673 -0.71012237 -0.70054714
vn 0.07042673 -0.71012237 -0.70054714
vn 0.04791907 -0.70624428 -0.70634467
vn 0.04791907 -0.70624428 -0.70634467
vn 0.04791907 -0.70624428 -0.70634467
vn -0.04985470 -0.70704871 -0.70540530
vn -0.04985470 -0.70704871 -0.70540530
vn -0.04985470 -0.70704871 -0.70540530
vn -0.02811830 -0.70704612 -0.70660819
vn -0.02811830 -0.70704612 -0.70660819
vn -0.02811830 -0.70704612 -0.70660819
vn -0.00149661 -0.70938716 -0.70481744
vn -0.00149661 -0.70938716 -0.70481744
vn -0.00149661 -0.70938716 -0.70481744
vn 0.00031587 -0.70892785 -0.70528094
vn 0.00031587 -0.70892785 -0.70528094
vn 0.00031587 -0.70892785 -0.70528094
vn 0.02227724 -0.70746014 -0.70640206
vn 0.02227724 -0.70746014 -0.70640206
vn 0.02227724 -0.70746014 -0.70640206
vn -0.06728702 -0.70902635 -0.70196446
vn -0.06728702 -0.70902635 -0.70196446
vn -0.06728702 -0.70902635 -0.70196446
vn -0.07358508 -0.71008549 -0.70025983
vn -0.07358508 -0.71008549 -0.70025983
vn -0.07358508 -0.71008549 -0.70025983
vn -0.08910256 -0.70743193 -0.70114249
vn -0.08910256 -0.70743193 -0.70114249
vn -0.08910256 -0.70743193 -0.70114249
vn -0.12669827 -0.70654046 -0.69623855
vn -0.12669827 -0.70654046 -0.69623855
vn -0.12669827 -0.70654046 -0.69623855
vn -0.14439288 -0.71005226 -0.68918537
vn -0.14439288 -0.71005226 -0.68918537
vn -0.14439288 -0.71005226 -0.68918537
vn -0.15737590 -0.70809203 -0.68835928
vn -0.15737590 -0.70809203 -0.68835928
vn -0.15737590 -0.70809203 -0.68835928
vn -0.18875430 -0.70598646 -0.68260892
vn -0.18875430 -0.70598646 -0.68260892
vn -0.18875430 -0.70598646 -0.68260892
vn -0.21332055 -0.70992967 -0.67118865
vn -0.21332055 -0.70992967 -0.67118865
vn -0.21332055 -0.70992967 -0.67118865
vn -0.22735636 -0.70724373 -0.66941422
vn -0.22735636 -0.70724373 -0.66941422
vn -0.22735636 -0.70724373 -0.66941422
vn -0.32065576 -0.70697970 -0.63036465
vn -0.32065576 -0.70697970 -0.63036465
vn -0.32065576 -0.70697970 -0.63036465
vn -0.30088778 -0.70721883 -0.63977189
vn -0.30088778 -0.70721883 -0.63977189
vn -0.30088778 -0.70721883 -0.63977189
vn -0.27955689 -0.70958923 -0.64678518
vn -0.27955689 -0.70958923 -0.64678518
vn -0.27955689 -0.70958923 -0.64678518
vn -0.27121043 -0.70730429 -0.65281356
vn -0.27121043 -0.70730429 -0.65281356
vn -0.27121043 -0.70730429 -0.65281356
vn -0.24800907 -0.70707356 -0.66222238
vn -0.24800907 -0.70707356 -0.66222238
vn -0.24800907 -0.70707356 -0.66222238
vn -0.33300458 -0.70838948 -0.62232813
vn -0.33300458 -0.70838948 -0.62232813
vn -0.33300458 -0.70838948 -0.62232813
vn -0.34227030 -0.70976466 -0.61569892
vn -0.34227030 -0.70976466 -0.61569892
vn -0.34227030 -0.70976466 -0.61569892
vn -0.35249158 -0.70758257 -0.61243497
vn -0.35249158 -0.70758257 -0.61243497
vn -0.35249158 -0.70758257 -0.61243497
vn -0.37697868 -0.70685585 -0.59853311
vn -0.37697868 -0.70685585 -0.59853311
vn -0.37697868 -0.70685585 -0.59853311
vn -0.39922174 -0.70844209 -0.58200671
vn -0.39922174 -0.70844209 -0.58200671
vn -0.39922174 -0.70844209 -0.58200671
vn -0.39907685 -0.70847788 -0.58206250
vn -0.39907685 -0.70847788 -0.58206250
vn -0.39907685 -0.70847788 -0.58206250
vn -0.48528615 -0.70718081 -0.51419127
vn -0.48528615 -0.70718081 -0.51419127
vn -0.48528615 -0.70718081 -0.51419127
vn -0.46939419 -0.70678967 -0.52926124
vn -0.46939419 -0.70678967 -0.52926124
vn -0.46939419 -0.70678967 -0.52926124
vn -0.45134985 -0.71003597 -0.54049258
vn -0.45134985 -0.71003597 -0.54049258
vn -0.45134985 -0.71003597 -0.54049258
vn -0.43903830 -0.70651740 -0.55504823
vn -0.43903830 -0.70651740 -0.55504823
vn -0.43903830 -0.70651740 -0.55504823
vn -0.41777437 -0.70726014 -0.57030489
vn -0.41777437 -0.70726014 -0.57030489
vn -0.41777437 -0.70726014 -0.57030489
vn -0.50296027 -0.70832957 -0.49527789
vn -0.50296027 -0.70832957 -0.49527789
vn -0.50296027 -0.70832957 -0.49527789
vn -0.50455973 -0.70915804 -0.49245747
vn -0.50455973 -0.70915804 -0.49245747
vn -0.50455973 -0.70915804 -0.49245747
vn -0.52572193 -0.70695314 -0.47311066
vn -0.52572193 -0.70695314 -0.47311066
vn -0.52572193 -0.70695314 -0.47311066
vn -0.55166216 -0.70989301 -0.43785931
vn -0.55166216 -0.70989301 -0.43785931
vn -0.55166216 -0.70989301 -0.43785931
vn -0.55146868 -0.70980115 -0.43825178
vn -0.55146868 -0.70980115 -0.43825178
vn -0.55146868 -0.70980115 -0.43825178
vn -0.53987384 -0.70720870 -0.45649983
vn -0.53987384 -0.70720870 -0.45649983
vn -0.53987384 -0.70720870 -0.45649983
vn -0.60503010 -0.70771350 -0.36480156
vn -0.60503010 -0.70771350 -0.36480156
vn -0.60503010 -0.70771350 -0.36480156
vn -0.59137623 -0.71013663 -0.38207345
vn -0.59137623 -0.71013663 -0.38207345
vn -0.59137623 -0.71013663 -0.38207345
vn -0.59410048 -0.70919681 -0.37958465
vn -0.59410048 -0.70919681 -0.37958465
vn -0.59410048 -0.70919681 -0.37958465
vn -0.58104467 -0.70718264 -0.40283968
vn -0.58104467 -0.70718264 -0.40283968
vn -0.58104467 -0.70718264 -0.40283968
vn -0.56831587 -0.70696345 -0.42097477
vn -0.56831587 -0.70696345 -0.42097477
vn -0.56831587 -0.70696345 -0.42097477
vn -0.63445182 -0.70887652 -0.30816388
vn -0.63445182 -0.70887652 -0.30816388
vn -0.63445182 -0.70887652 -0.30816388
vn -0.63516947 -0.70996550 -0.30415248
vn -0.63516947 -0.70996550 -0.30415248
vn -0.63516947 -0.70996550 -0.30415248
vn -0.62092352 -0.70582289 -0.34098099
vn -0.62092352 -0.70582289 -0.34098099
vn -0.62092352 -0.70582289 -0.34098099
vn -0.67459644 -0.70686104 -0.21276069
vn -0.67459644 -0.70686104 -0.21276069
vn -0.67459644 -0.70686104 -0.21276069
vn -0.66700190 -0.70821369 -0.23139109
vn -0.66700190 -0.70821369 -0.23139109
vn -0.66700190 -0.70821369 -0.23139109
vn -0.66133776 -0.71006030 -0.24175760
vn -0.66133776 -0.71006030 -0.24175760
vn -0.66133776 -0.71006030 -0.24175760
vn -0.65762558 -0.70644971 -0.26164364
vn -0.65762558 -0.70644971 -0.26164364
vn -0.65762558 -0.70644971 -0.26164364
vn -0.64668468 -0.70732679 -0.28546057
vn -0.64668468 -0.70732679 -0.28546057
vn -0.64668468 -0.70732679 -0.28546057
vn -0.68031603 -0.70746599 -0.19147317
vn -0.68031603 -0.70746599 -0.19147317
vn -0.68031603 -0.70746599 -0.19147317
vn -0.68254185 -0.70988939 -0.17376330
vn -0.68254185 -0.70988939 -0.17376330
vn -0.68254185 -0.70988939 -0.17376330
vn -0.68935094 -0.70672432 -0.15917289
vn -0.68935094 -0.70672432 -0.15917289
vn -0.68935094 -0.70672432 -0.15917289
vn -0.69582671 -0.70719194 -0.12531862
vn -0.69582671 -0.70719194 -0.12531862
vn -0.69582671 -0.70719194 -0.12531862
vn -0.69659519 -0.70978774 -0.10467331
vn -0.69659519 -0.70978774 -0.10467331
vn -0.69659519 -0.70978774 -0.10467331
vn -0.69706694 -0.70951430 -0.10337862
vn -0.69706694 -0.70951430 -0.10337862
vn -0.69706694 -0.70951430 -0.10337862
vn -0.70710125 -0.70710195 -0.00382635
vn -0.70710125 -0.70710195 -0.00382635
vn -0.70710125 -0.70710195 -0.00382635
vn -0.70662870 -0.70744154 -0.01422484
vn -0.70662870 -0.70744154 -0.01422484
vn -0.70662870 -0.70744154 -0.01422484
vn -0.70382375 -0.70946791 -0.03588047
vn -0.70382375 -0.70946791 -0.03588047
vn -0.70382375 -0.70946791 -0.03588047
vn -0.70406013 -0.70927277 -0.03509238
vn -0.70406013 -0.70927277 -0.03509238
vn -0.70406013 -0.70927277 -0.03509238
vn -0.70452637 -0.70699278 -0.06167500
vn -0.70452637 -0.70699278 -0.06167500
vn -0.70452637 -0.70699278 -0.06167500
vn -0.70206881 -0.70720822 -0.08340214
vn -0.70206881 -0.70720822 -0.08340214
vn -0.70206881 -0.70720822 -0.08340214
vn -0.70693338 -0.70693403 0.02212406
vn -0.70693338 -0.70693403 0.02212406
vn -0.70693338 -0.70693403 0.02212406
vn -0.70360909 -0.70972150 0.03506622
vn -0.70360909 -0.70972150 0.03506622
vn -0.70360909 -0.70972150 0.03506622
vn -0.70488569 -0.70692652 0.05823281
vn -0.70488569 -0.70692652 0.05823281
vn -0.70488569 -0.70692652 0.05823281
vn -0.69670507 -0.70967728 0.10469097
vn -0.69670507 -0.70967728 0.10469097
vn -0.69670507 -0.70967728 0.10469097
vn -0.70015176 -0.70814041 0.09123962
vn -0.70015176 -0.70814041 0.09123962
vn -0.70015176 -0.70814041 0.09123962
vn -0.70246881 -0.70719605 0.08007073
vn -0.70246881 -0.70719605 0.08007073
vn -0.70246881 -0.70719605 0.08007073
vn -0.67853452 -0.70692676 0.19961327
vn -0.67853452 -0.70692676 0.19961327
vn -0.67853452 -0.70692676 0.19961327
vn -0.68188110 -0.70886974 0.18039364
vn -0.68188110 -0.70886974 0.18039364
vn -0.68188110 -0.70886974 0.18039364
vn -0.68244951 -0.70998340 0.17374187
vn -0.68244951 -0.70998340 0.17374187
vn -0.68244951 -0.70998340 0.17374187
vn -0.69133290 -0.70622565 0.15265698
vn -0.69133290 -0.70622565 0.15265698
vn -0.69133290 -0.70622565 0.15265698
vn -0.69720697 -0.70792136 0.11291497
vn -0.69720697 -0.70792136 0.11291497
vn -0.69720697 -0.70792136 0.11291497
vn -0.66154360 -0.70984307 0.24183232
vn -0.66154360 -0.70984307 0.24183232
vn -0.66154360 -0.70984307 0.24183232
vn -0.67003494 -0.70751732 0.22466066
vn -0.67003494 -0.70751732 0.22466066
vn -0.67003494 -0.70751732 0.22466066
vn -0.67413788 -0.70714372 0.21327419
vn -0.67413788 -0.70714372 0.21327419
vn -0.67413788 -0.70714372 0.21327419
vn -0.60963143 -0.70723829 0.35799932
vn -0.60963143 -0.70723829 0.35799932
vn -0.60963143 -0.70723829 0.35799932
vn -0.62347884 -0.70650208 0.33485661
vn -0.62347884 -0.70650208 0.33485661
vn -0.62347884 -0.70650208 0.33485661
vn -0.61970938 -0.70403609 0.34683349
vn -0.61970938 -0.70403609 0.34683349
vn -0.61970938 -0.70403609 0.34683349
vn -0.63772352 -0.71162558 0.29478422
vn -0.63772352 -0.71162558 0.29478422
vn -0.63772352 -0.71162558 0.29478422
vn -0.63612051 -0.70702614 0.30897368
vn -0.63612051 -0.70702614 0.30897368
vn -0.63612051 -0.70702614 0.30897368
vn -0.65073115 -0.70713164 0.27661131
vn -0.65073115 -0.70713164 0.27661131
vn -0.65073115 -0.70713164 0.27661131
vn -0.65965772 -0.70705932 0.25479171
vn -0.65965772 -0.70705932 0.25479171
vn -0.65965772 -0.70705932 0.25479171
vn -0.59709757 -0.70865547 0.37587487
vn -0.59709757 -0.70865547 0.37587487
vn -0.59709757 -0.70865547 0.37587487
vn -0.59363318 -0.70974786 0.37928568
vn -0.59363318 -0.70974786 0.37928568
vn -0.59363318 -0.70974786 0.37928568
vn -0.58299551 -0.70718512 0.40000681
vn -0.58299551 -0.70718512 0.40000681
vn -0.58299551 -0.70718512 0.40000681
vn -0.55149513 -0.71009882 0.43773598
vn -0.55149513 -0.71009882 0.43773598
vn -0.55149513 -0.71009882 0.43773598
vn -0.55676482 -0.70884085 0.43307918
vn -0.55676482 -0.70884085 0.43307918
vn -0.55676482 -0.70884085 0.43307918
vn -0.57044815 -0.70702344 0.41797937
vn -0.57044815 -0.70702344 0.41797937
vn -0.57044815 -0.70702344 0.41797937
vn -0.49061574 -0.70758862 0.50854158
vn -0.49061574 -0.70758862 0.50854158
vn -0.49061574 -0.70758862 0.50854158
vn -0.50684719 -0.70942736 0.48971293
vn -0.50684719 -0.70942736 0.48971293
vn -0.50684719 -0.70942736 0.48971293
vn -0.50512886 -0.70836422 0.49301620
vn -0.50512886 -0.70836422 0.49301620
vn -0.50512886 -0.70836422 0.49301620
vn -0.52795523 -0.70701606 0.47052264
vn -0.52795523 -0.70701606 0.47052264
vn -0.52795523 -0.70701606 0.47052264
vn -0.54222851 -0.70721917 0.45368412
vn -0.54222851 -0.70721917 0.45368412
vn -0.54222851 -0.70721917 0.45368412
vn -0.47552923 -0.70628330 0.52443861
vn -0.47552923 -0.70628330 0.52443861
vn -0.47552923 -0.70628330 0.52443861
vn -0.45149531 -0.70980863 0.54066968
vn -0.45149531 -0.70980863 0.54066968
vn -0.45149531 -0.70980863 0.54066968
vn -0.44391306 -0.70716901 0.55032098
vn -0.44391306 -0.70716901 0.55032098
vn -0.44391306 -0.70716901 0.55032098
vn -0.39890787 -0.70899826 0.58154447
vn -0.39890787 -0.70899826 0.58154447
vn -0.39890787 -0.70899826 0.58154447
vn -0.40284126 -0.70816001 0.57985198
vn -0.40284126 -0.70816001 0.57985198
vn -0.40284126 -0.70816001 0.57985198
vn -0.42122751 -0.70704977 0.56802113
vn -0.42122751 -0.70704977 0.56802113
vn -0.42122751 -0.70704977 0.56802113
vn -0.34226774 -0.70977330 0.61569039
vn -0.34226774 -0.70977330 0.61569039
vn -0.34226774 -0.70977330 0.61569039
vn -0.35614434 -0.70680232 0.61122147
vn -0.35614434 -0.70680232 0.61122147
vn -0.35614434 -0.70680232 0.61122147
vn -0.38301118 -0.70709403 0.59440766
vn -0.38301118 -0.70709403 0.59440766
vn -0.38301118 -0.70709403 0.59440766
vn -0.25283872 -0.70711201 0.66035232
vn -0.25283872 -0.70711201 0.66035232
vn -0.25283872 -0.70711201 0.66035232
vn -0.27697612 -0.70817250 0.64944279
vn -0.27697612 -0.70817250 0.64944279
vn -0.27697612 -0.70817250 0.64944279
vn -0.27976515 -0.70906180 0.64727337
vn -0.27976515 -0.70906180 0.64727337
vn -0.27976515 -0.70906180 0.64727337
vn -0.30389464 -0.70720380 0.63836575
vn -0.30389464 -0.70720380 0.63836575
vn -0.30389464 -0.70720380 0.63836575
vn -0.32374561 -0.70691073 0.62886087
vn -0.32374561 -0.70691073 0.62886087
vn -0.32374561 -0.70691073 0.62886087
vn -0.23244434 -0.70693046 0.66799622
vn -0.23244434 -0.70693046 0.66799622
vn -0.23244434 -0.70693046 0.66799622
vn -0.21330329 -0.70997821 0.67114279
vn -0.21330329 -0.70997821 0.67114279
vn -0.21330329 -0.70997821 0.67114279
vn -0.19547458 -0.70641573 0.68026944
vn -0.19547458 -0.70641573 0.68026944
vn -0.19547458 -0.70641573 0.68026944
vn -0.14444922 -0.70978928 0.68944441
vn -0.14444922 -0.70978928 0.68944441
vn -0.14444922 -0.70978928 0.68944441
vn -0.15615012 -0.70846558 0.68825407
vn -0.15615012 -0.70846558 0.68825407
vn -0.15615012 -0.70846558 0.68825407
vn -0.16584567 -0.70741028 0.68707053
vn -0.16584567 -0.70741028 0.68707053
vn -0.16584567 -0.70741028 0.68707053
vn -0.05079332 -0.70704154 0.70534552
vn -0.05079332 -0.70704154 0.70534552
vn -0.05079332 -0.70704154 0.70534552
vn -0.06572356 -0.70889148 0.70224873
vn -0.06572356 -0.70889148 0.70224873
vn -0.06572356 -0.70889148 0.70224873
vn -0.07359537 -0.71000197 0.70034343
vn -0.07359537 -0.71000197 0.70034343
vn -0.07359537 -0.71000197 0.70034343
vn -0.09008026 -0.70674905 0.70170601
vn -0.09008026 -0.70674905 0.70170601
vn -0.09008026 -0.70674905 0.70170601
vn -0.13357753 -0.70719076 0.69428976
vn -0.13357753 -0.70719076 0.69428976
vn -0.13357753 -0.70719076 0.69428976
vn -0.03141670 -0.70706844 0.70644689
vn -0.03141670 -0.70706844 0.70644689
vn -0.03141670 -0.70706844 0.70644689
vn -0.00150016 -0.70869231 0.70551610
vn -0.00150016 -0.70869231 0.70551610
vn -0.00150016 -0.70869231 0.70551610
vn -0.00296882 -0.70911459 0.70508701
vn -0.00296882 -0.70911459 0.70508701
vn -0.00296882 -0.70911459 0.70508701
vn 0.09308555 -0.70720882 0.70085004
vn 0.09308555 -0.70720882 0.70085004
vn 0.09308555 -0.70720882 0.70085004
vn 0.07203722 -0.70962234 0.70088999
vn 0.07203722 -0.70962234 0.70088999
vn 0.07203722 -0.70962234 0.70088999
vn 0.07044470 -0.70995028 0.70071973
vn 0.07044470 -0.70995028 0.70071973
vn 0.07044470 -0.70995028 0.70071973
vn 0.04706343 -0.70685149 0.70579459
vn 0.04706343 -0.70685149 0.70579459
vn 0.04706343 -0.70685149 0.70579459
vn 0.02515847 -0.70724291 0.70652284
vn 0.02515847 -0.70724291 0.70652284
vn 0.02515847 -0.70724291 0.70652284
vn 0.11492122 -0.70694283 0.69787173
vn 0.11492122 -0.70694283 0.69787173
vn 0.11492122 -0.70694283 0.69787173
vn 0.14180507 -0.70930803 0.69048782
vn 0.14180507 -0.70930803 0.69048782
vn 0.14180507 -0.70930803 0.69048782
vn 0.14679038 -0.70806718 0.69071952
vn 0.14679038 -0.70806718 0.69071952
vn 0.14679038 -0.70806718 0.69071952
vn 0.18975025 -0.70620171 0.68210995
vn 0.18975025 -0.70620171 0.68210995
vn 0.18975025 -0.70620171 0.68210995
vn 0.21100732 -0.71004509 0.67179750
vn 0.21100732 -0.71004509 0.67179750
vn 0.21100732 -0.71004509 0.67179750
vn 0.22737167 -0.70715712 0.66950051
vn 0.22737167 -0.70715712 0.66950051
vn 0.22737167 -0.70715712 0.66950051
vn 0.29536213 -0.70710261 0.64246955
vn 0.29536213 -0.70710261 0.64246955
vn 0.29536213 -0.70710261 0.64246955
vn 0.27145203 -0.70878247 0.65110767
vn 0.27145203 -0.70878247 0.65110767
vn 0.27145203 -0.70878247 0.65110767
vn 0.24278775 -0.72160496 0.64833663
vn 0.24278775 -0.72160496 0.64833663
vn 0.24278775 -0.72160496 0.64833663
vn 0.27180125 -0.70679578 0.65311852
vn 0.27180125 -0.70679578 0.65311852
vn 0.27180125 -0.70679578 0.65311852
vn 0.27253425 -0.70652209 0.65310919
vn 0.27253425 -0.70652209 0.65310919
vn 0.27253425 -0.70652209 0.65310919
vn 0.27267996 -0.70681979 0.65272615
vn 0.27267996 -0.70681979 0.65272615
vn 0.27267996 -0.70681979 0.65272615
vn 0.61760731 0.34566631 0.70645312
vn 0.61760731 0.34566631 0.70645312
vn 0.61760731 0.34566631 0.70645312
vn -0.27870664 0.65005091 0.70693453
vn -0.27870664 0.65005091 0.70693453
vn -0.27870664 0.65005091 0.70693453
vn -0.27208047 0.65130669 0.70835853
vn -0.27208047 0.65130669 0.70835853
vn -0.27208047 0.65130669 0.70835853
vn -0.25123857 0.66105486 0.70702592
vn -0.25123857 0.66105486 0.70702592
vn -0.25123857 0.66105486 0.70702592
vn -0.23054241 0.66840601 0.70716590
vn -0.23054241 0.66840601 0.70716590
vn -0.23054241 0.66840601 0.70716590
vn -0.21102901 0.67186143 0.70997815
vn -0.21102901 0.67186143 0.70997815
vn -0.21102901 0.67186143 0.70997815
vn -0.20821337 0.67337565 0.70937468
vn -0.20821337 0.67337565 0.70937468
vn -0.20821337 0.67337565 0.70937468
vn -0.10012274 0.70020199 0.70688939
vn -0.10012274 0.70020199 0.70688939
vn -0.10012274 0.70020199 0.70688939
vn -0.12158312 0.69637593 0.70730341
vn -0.12158312 0.69637593 0.70730341
vn -0.12158312 0.69637593 0.70730341
vn -0.14170671 0.69000245 0.70979985
vn -0.14170671 0.69000245 0.70979985
vn -0.14170671 0.69000245 0.70979985
vn -0.15359873 0.69011322 0.70721367
vn -0.15359873 0.69011322 0.70721367
vn -0.15359873 0.69011322 0.70721367
vn -0.18792015 0.68189487 0.70689844
vn -0.18792015 0.68189487 0.70689844
vn -0.18792015 0.68189487 0.70689844
vn -0.07944050 0.70114558 0.70857892
vn -0.07944050 0.70114558 0.70857892
vn -0.07944050 0.70114558 0.70857892
vn -0.07042653 0.70054726 0.71012227
vn -0.07042653 0.70054726 0.71012227
vn -0.07042653 0.70054726 0.71012227
vn -0.04791907 0.70634471 0.70624423
vn -0.04791907 0.70634471 0.70624423
vn -0.04791907 0.70634471 0.70624423
vn 0.04985394 0.70540537 0.70704869
vn 0.04985394 0.70540537 0.70704869
vn 0.04985394 0.70540537 0.70704869
vn 0.02811882 0.70660803 0.70704627
vn 0.02811882 0.70660803 0.70704627
vn 0.02811882 0.70660803 0.70704627
vn 0.00149762 0.70481718 0.70938741
vn 0.00149762 0.70481718 0.70938741
vn 0.00149762 0.70481718 0.70938741
vn -0.00031587 0.70528094 0.70892785
vn -0.00031587 0.70528094 0.70892785
vn -0.00031587 0.70528094 0.70892785
vn -0.02227725 0.70640208 0.70746012
vn -0.02227725 0.70640208 0.70746012
vn -0.02227725 0.70640208 0.70746012
vn 0.06728702 0.70196448 0.70902633
vn 0.06728702 0.70196448 0.70902633
vn 0.06728702 0.70196448 0.70902633
vn 0.07358639 0.70025953 0.71008566
vn 0.07358639 0.70025953 0.71008566
vn 0.07358639 0.70025953 0.71008566
vn 0.08910253 0.70114220 0.70743222
vn 0.08910253 0.70114220 0.70743222
vn 0.08910253 0.70114220 0.70743222
vn 0.12669826 0.69623851 0.70654051
vn 0.12669826 0.69623851 0.70654051
vn 0.12669826 0.69623851 0.70654051
vn 0.14439428 0.68918489 0.71005245
vn 0.14439428 0.68918489 0.71005245
vn 0.14439428 0.68918489 0.71005245
vn 0.15737580 0.68835888 0.70809244
vn 0.15737580 0.68835888 0.70809244
vn 0.15737580 0.68835888 0.70809244
vn 0.18875419 0.68260851 0.70598689
vn 0.18875419 0.68260851 0.70598689
vn 0.18875419 0.68260851 0.70598689
vn 0.21331838 0.67118921 0.70992979
vn 0.21331838 0.67118921 0.70992979
vn 0.21331838 0.67118921 0.70992979
vn 0.22735540 0.66941460 0.70724367
vn 0.22735540 0.66941460 0.70724367
vn 0.22735540 0.66941460 0.70724367
vn 0.32065464 0.63036625 0.70697878
vn 0.32065464 0.63036625 0.70697878
vn 0.32065464 0.63036625 0.70697878
vn 0.30088790 0.63977277 0.70721798
vn 0.30088790 0.63977277 0.70721798
vn 0.30088790 0.63977277 0.70721798
vn 0.27955463 0.64678696 0.70958850
vn 0.27955463 0.64678696 0.70958850
vn 0.27955463 0.64678696 0.70958850
vn 0.27121048 0.65281369 0.70730415
vn 0.27121048 0.65281369 0.70730415
vn 0.27121048 0.65281369 0.70730415
vn 0.24801254 0.66222122 0.70707343
vn 0.24801254 0.66222122 0.70707343
vn 0.24801254 0.66222122 0.70707343
vn 0.33300489 0.62232871 0.70838883
vn 0.33300489 0.62232871 0.70838883
vn 0.33300489 0.62232871 0.70838883
vn 0.34227321 0.61569754 0.70976446
vn 0.34227321 0.61569754 0.70976446
vn 0.34227321 0.61569754 0.70976446
vn 0.35249064 0.61243487 0.70758313
vn 0.35249064 0.61243487 0.70758313
vn 0.35249064 0.61243487 0.70758313
vn 0.37697970 0.59853207 0.70685619
vn 0.37697970 0.59853207 0.70685619
vn 0.37697970 0.59853207 0.70685619
vn 0.39922220 0.58200624 0.70844221
vn 0.39922220 0.58200624 0.70844221
vn 0.39922220 0.58200624 0.70844221
vn 0.39907669 0.58206228 0.70847816
vn 0.39907669 0.58206228 0.70847816
vn 0.39907669 0.58206228 0.70847816
vn 0.48528623 0.51418989 0.70718175
vn 0.48528623 0.51418989 0.70718175
vn 0.48528623 0.51418989 0.70718175
vn 0.46939282 0.52926149 0.70679039
vn 0.46939282 0.52926149 0.70679039
vn 0.46939282 0.52926149 0.70679039
vn 0.45134789 0.54049356 0.71003647
vn 0.45134789 0.54049356 0.71003647
vn 0.45134789 0.54049356 0.71003647
vn 0.43903785 0.55504766 0.70651812
vn 0.43903785 0.55504766 0.70651812
vn 0.43903785 0.55504766 0.70651812
vn 0.41777409 0.57030450 0.70726062
vn 0.41777409 0.57030450 0.70726062
vn 0.41777409 0.57030450 0.70726062
vn 0.50295934 0.49527697 0.70833088
vn 0.50295934 0.49527697 0.70833088
vn 0.50295934 0.49527697 0.70833088
vn 0.50455663 0.49246028 0.70915829
vn 0.50455663 0.49246028 0.70915829
vn 0.50455663 0.49246028 0.70915829
vn 0.52572048 0.47311162 0.70695359
vn 0.52572048 0.47311162 0.70695359
vn 0.52572048 0.47311162 0.70695359
vn 0.55165922 0.43786353 0.70989269
vn 0.55165922 0.43786353 0.70989269
vn 0.55165922 0.43786353 0.70989269
vn 0.55146807 0.43825129 0.70980193
vn 0.55146807 0.43825129 0.70980193
vn 0.55146807 0.43825129 0.70980193
vn 0.53987278 0.45650047 0.70720909
vn 0.53987278 0.45650047 0.70720909
vn 0.53987278 0.45650047 0.70720909
vn 0.60503458 0.36479465 0.70771323
vn 0.60503458 0.36479465 0.70771323
vn 0.60503458 0.36479465 0.70771323
vn 0.59137358 0.38207603 0.71013745
vn 0.59137358 0.38207603 0.71013745
vn 0.59137358 0.38207603 0.71013745
vn 0.59409958 0.37958559 0.70919706
vn 0.59409958 0.37958559 0.70919706
vn 0.59409958 0.37958559 0.70919706
vn 0.58104568 0.40283817 0.70718267
vn 0.58104568 0.40283817 0.70718267
vn 0.58104568 0.40283817 0.70718267
vn 0.56831360 0.42097785 0.70696344
vn 0.56831360 0.42097785 0.70696344
vn 0.56831360 0.42097785 0.70696344
vn 0.63445198 0.30816155 0.70887739
vn 0.63445198 0.30816155 0.70887739
vn 0.63445198 0.30816155 0.70887739
vn 0.63516925 0.30415238 0.70996574
vn 0.63516925 0.30415238 0.70996574
vn 0.63516925 0.30415238 0.70996574
vn 0.62092312 0.34098077 0.70582335
vn 0.62092312 0.34098077 0.70582335
vn 0.62092312 0.34098077 0.70582335
vn 0.67459611 0.21276083 0.70686131
vn 0.67459611 0.21276083 0.70686131
vn 0.67459611 0.21276083 0.70686131
vn 0.66700164 0.23139100 0.70821396
vn 0.66700164 0.23139100 0.70821396
vn 0.66700164 0.23139100 0.70821396
vn 0.66133771 0.24175710 0.71006051
vn 0.66133771 0.24175710 0.71006051
vn 0.66133771 0.24175710 0.71006051
vn 0.65762526 0.26164337 0.70645011
vn 0.65762526 0.26164337 0.70645011
vn 0.65762526 0.26164337 0.70645011
vn 0.64668370 0.28546097 0.70732753
vn 0.64668370 0.28546097 0.70732753
vn 0.64668370 0.28546097 0.70732753
vn 0.68031582 0.19147301 0.70746624
vn 0.68031582 0.19147301 0.70746624
vn 0.68031582 0.19147301 0.70746624
vn 0.68254139 0.17376533 0.70988933
vn 0.68254139 0.17376533 0.70988933
vn 0.68254139 0.17376533 0.70988933
vn 0.68935142 0.15917300 0.70672383
vn 0.68935142 0.15917300 0.70672383
vn 0.68935142 0.15917300 0.70672383
vn 0.69582725 0.12531866 0.70719140
vn 0.69582725 0.12531866 0.70719140
vn 0.69582725 0.12531866 0.70719140
vn 0.69659571 0.10467461 0.70978704
vn 0.69659571 0.10467461 0.70978704
vn 0.69659571 0.10467461 0.70978704
vn 0.69706787 0.10337882 0.70951335
vn 0.69706787 0.10337882 0.70951335
vn 0.69706787 0.10337882 0.70951335
vn 0.70710126 0.00382634 0.70710195
vn 0.70710126 0.00382634 0.70710195
vn 0.70710126 0.00382634 0.70710195
vn 0.70581390 0.02919126 0.70779560
vn 0.70581390 0.02919126 0.70779560
vn 0.70581390 0.02919126 0.70779560
vn 0.70406127 0.03508877 0.70927182
vn 0.70406127 0.03508877 0.70927182
vn 0.70406127 0.03508877 0.70927182
vn 0.70452751 0.06167522 0.70699163
vn 0.70452751 0.06167522 0.70699163
vn 0.70452751 0.06167522 0.70699163
vn 0.70206990 0.08340210 0.70720715
vn 0.70206990 0.08340210 0.70720715
vn 0.70206990 0.08340210 0.70720715
vn 0.03141693 -0.70644725 0.70706808
vn 0.03141693 -0.70644725 0.70706808
vn 0.03141693 -0.70644725 0.70706808
vn 0.70693334 -0.02212406 0.70693407
vn 0.70693334 -0.02212406 0.70693407
vn 0.70693334 -0.02212406 0.70693407
vn 0.70360863 -0.03506772 0.70972188
vn 0.70360863 -0.03506772 0.70972188
vn 0.70360863 -0.03506772 0.70972188
vn 0.70488523 -0.05823270 0.70692699
vn 0.70488523 -0.05823270 0.70692699
vn 0.70488523 -0.05823270 0.70692699
vn 0.69670457 -0.10469182 0.70967765
vn 0.69670457 -0.10469182 0.70967765
vn 0.69670457 -0.10469182 0.70967765
vn 0.70015143 -0.09123958 0.70814074
vn 0.70015143 -0.09123958 0.70814074
vn 0.70015143 -0.09123958 0.70814074
vn 0.70246840 -0.08007086 0.70719644
vn 0.70246840 -0.08007086 0.70719644
vn 0.70246840 -0.08007086 0.70719644
vn 0.67853493 -0.19961223 0.70692666
vn 0.67853493 -0.19961223 0.70692666
vn 0.67853493 -0.19961223 0.70692666
vn 0.68188129 -0.18039369 0.70886954
vn 0.68188129 -0.18039369 0.70886954
vn 0.68188129 -0.18039369 0.70886954
vn 0.68244987 -0.17373982 0.70998356
vn 0.68244987 -0.17373982 0.70998356
vn 0.68244987 -0.17373982 0.70998356
vn 0.69133239 -0.15265686 0.70622617
vn 0.69133239 -0.15265686 0.70622617
vn 0.69133239 -0.15265686 0.70622617
vn 0.69720641 -0.11291488 0.70792192
vn 0.69720641 -0.11291488 0.70792192
vn 0.69720641 -0.11291488 0.70792192
vn 0.66154367 -0.24183278 0.70984286
vn 0.66154367 -0.24183278 0.70984286
vn 0.66154367 -0.24183278 0.70984286
vn 0.67003518 -0.22466074 0.70751708
vn 0.67003518 -0.22466074 0.70751708
vn 0.67003518 -0.22466074 0.70751708
vn 0.67413542 -0.21328182 0.70714377
vn 0.67413542 -0.21328182 0.70714377
vn 0.67413542 -0.21328182 0.70714377
vn 0.60963209 -0.35799971 0.70723753
vn 0.60963209 -0.35799971 0.70723753
vn 0.60963209 -0.35799971 0.70723753
vn 0.62347979 -0.33485712 0.70650100
vn 0.62347979 -0.33485712 0.70650100
vn 0.62347979 -0.33485712 0.70650100
vn 0.61970942 -0.34683638 0.70403463
vn 0.61970942 -0.34683638 0.70403463
vn 0.61970942 -0.34683638 0.70403463
vn 0.63772423 -0.29478455 0.71162481
vn 0.63772423 -0.29478455 0.71162481
vn 0.63772423 -0.29478455 0.71162481
vn 0.63612122 -0.30897449 0.70702515
vn 0.63612122 -0.30897449 0.70702515
vn 0.63612122 -0.30897449 0.70702515
vn 0.65073167 -0.27661153 0.70713107
vn 0.65073167 -0.27661153 0.70713107
vn 0.65073167 -0.27661153 0.70713107
vn 0.65965799 -0.25479181 0.70705903
vn 0.65965799 -0.25479181 0.70705903
vn 0.65965799 -0.25479181 0.70705903
vn 0.59709800 -0.37587514 0.70865496
vn 0.59709800 -0.37587514 0.70865496
vn 0.59709800 -0.37587514 0.70865496
vn 0.59363203 -0.37928742 0.70974789
vn 0.59363203 -0.37928742 0.70974789
vn 0.59363203 -0.37928742 0.70974789
vn 0.58299503 -0.40000635 0.70718577
vn 0.58299503 -0.40000635 0.70718577
vn 0.58299503 -0.40000635 0.70718577
vn 0.55149914 -0.43773054 0.71009906
vn 0.55149914 -0.43773054 0.71009906
vn 0.55149914 -0.43773054 0.71009906
vn 0.55675972 -0.43308194 0.70884317
vn 0.55675972 -0.43308194 0.70884317
vn 0.55675972 -0.43308194 0.70884317
vn 0.57045264 -0.41797200 0.70702418
vn 0.57045264 -0.41797200 0.70702418
vn 0.57045264 -0.41797200 0.70702418
vn 0.49061636 -0.50854223 0.70758772
vn 0.49061636 -0.50854223 0.70758772
vn 0.49061636 -0.50854223 0.70758772
vn 0.50684812 -0.48971383 0.70942607
vn 0.50684812 -0.48971383 0.70942607
vn 0.50684812 -0.48971383 0.70942607
vn 0.50513159 -0.49301353 0.70836413
vn 0.50513159 -0.49301353 0.70836413
vn 0.50513159 -0.49301353 0.70836413
vn 0.52795562 -0.47052273 0.70701572
vn 0.52795562 -0.47052273 0.70701572
vn 0.52795562 -0.47052273 0.70701572
vn 0.54222994 -0.45368283 0.70721890
vn 0.54222994 -0.45368283 0.70721890
vn 0.54222994 -0.45368283 0.70721890
vn 0.42122786 -0.56802161 0.70704918
vn 0.42122786 -0.56802161 0.70704918
vn 0.42122786 -0.56802161 0.70704918
vn 0.44391359 -0.55032163 0.70716817
vn 0.44391359 -0.55032163 0.70716817
vn 0.44391359 -0.55032163 0.70716817
vn 0.45149758 -0.54066824 0.70980827
vn 0.45149758 -0.54066824 0.70980827
vn 0.45149758 -0.54066824 0.70980827
vn 0.47181717 -0.52699347 0.70687088
vn 0.47181717 -0.52699347 0.70687088
vn 0.47181717 -0.52699347 0.70687088
vn 0.48553907 -0.51394745 0.70718444
vn 0.48553907 -0.51394745 0.70718444
vn 0.48553907 -0.51394745 0.70718444
vn 0.40284149 -0.57985231 0.70815961
vn 0.40284149 -0.57985231 0.70815961
vn 0.40284149 -0.57985231 0.70815961
vn 0.39890555 -0.58154586 0.70899843
vn 0.39890555 -0.58154586 0.70899843
vn 0.39890555 -0.58154586 0.70899843
vn 0.38301104 -0.59440745 0.70709429
vn 0.38301104 -0.59440745 0.70709429
vn 0.38301104 -0.59440745 0.70709429
vn 0.35614433 -0.61122145 0.70680235
vn 0.35614433 -0.61122145 0.70680235
vn 0.35614433 -0.61122145 0.70680235
vn 0.34226688 -0.61569074 0.70977341
vn 0.34226688 -0.61569074 0.70977341
vn 0.34226688 -0.61569074 0.70977341
vn 0.32374589 -0.62886020 0.70691120
vn 0.32374589 -0.62886020 0.70691120
vn 0.32374589 -0.62886020 0.70691120
vn 0.30389615 -0.63836457 0.70720422
vn 0.30389615 -0.63836457 0.70720422
vn 0.30389615 -0.63836457 0.70720422
vn 0.27976688 -0.64727193 0.70906244
vn 0.27976688 -0.64727193 0.70906244
vn 0.27976688 -0.64727193 0.70906244
vn 0.27697608 -0.64944270 0.70817260
vn 0.27697608 -0.64944270 0.70817260
vn 0.27697608 -0.64944270 0.70817260
vn 0.21330543 -0.67114196 0.70997835
vn 0.21330543 -0.67114196 0.70997835
vn 0.21330543 -0.67114196 0.70997835
vn 0.23244421 -0.66799586 0.70693084
vn 0.23244421 -0.66799586 0.70693084
vn 0.23244421 -0.66799586 0.70693084
vn 0.25283863 -0.66035208 0.70711227
vn 0.25283863 -0.66035208 0.70711227
vn 0.25283863 -0.66035208 0.70711227
vn 0.15615023 -0.68825453 0.70846511
vn 0.15615023 -0.68825453 0.70846511
vn 0.15615023 -0.68825453 0.70846511
vn 0.14444700 -0.68944514 0.70978902
vn 0.14444700 -0.68944514 0.70978902
vn 0.14444700 -0.68944514 0.70978902
vn 0.16584577 -0.68707096 0.70740984
vn 0.16584577 -0.68707096 0.70740984
vn 0.16584577 -0.68707096 0.70740984
vn 0.17595486 -0.68482580 0.70714462
vn 0.17595486 -0.68482580 0.70714462
vn 0.17595486 -0.68482580 0.70714462
vn 0.19712316 -0.67943940 0.70675637
vn 0.19712316 -0.67943940 0.70675637
vn 0.19712316 -0.67943940 0.70675637
vn 0.05079316 -0.70534580 0.70704127
vn 0.05079316 -0.70534580 0.70704127
vn 0.05079316 -0.70534580 0.70704127
vn 0.06572358 -0.70224889 0.70889132
vn 0.06572358 -0.70224889 0.70889132
vn 0.06572358 -0.70224889 0.70889132
vn 0.07359384 -0.70034393 0.71000164
vn 0.07359384 -0.70034393 0.71000164
vn 0.07359384 -0.70034393 0.71000164
vn 0.09008032 -0.70170645 0.70674861
vn 0.09008032 -0.70170645 0.70674861
vn 0.09008032 -0.70170645 0.70674861
vn 0.13357751 -0.69428965 0.70719087
vn 0.13357751 -0.69428965 0.70719087
vn 0.13357751 -0.69428965 0.70719087
vn 0.00297078 -0.70557717 0.70862686
vn 0.00297078 -0.70557717 0.70862686
vn 0.00297078 -0.70557717 0.70862686
vn 0.00149737 -0.70517587 0.70903085
vn 0.00149737 -0.70517587 0.70903085
vn 0.00149737 -0.70517587 0.70903085
vn -0.02594042 -0.70655462 0.70718291
vn -0.02594042 -0.70655462 0.70718291
vn -0.02594042 -0.70655462 0.70718291
vn -0.04783332 -0.70563406 0.70696007
vn -0.04783332 -0.70563406 0.70696007
vn -0.04783332 -0.70563406 0.70696007
vn -0.07044399 -0.70071989 0.70995019
vn -0.07044399 -0.70071989 0.70995019
vn -0.07044399 -0.70071989 0.70995019
vn -0.07203724 -0.70089023 0.70962209
vn -0.07203724 -0.70089023 0.70962209
vn -0.07203724 -0.70089023 0.70962209
vn -0.14180536 -0.69048806 0.70930775
vn -0.14180536 -0.69048806 0.70930775
vn -0.14180536 -0.69048806 0.70930775
vn -0.11492170 -0.69787190 0.70694258
vn -0.11492170 -0.69787190 0.70694258
vn -0.11492170 -0.69787190 0.70694258
vn -0.09308579 -0.70085029 0.70720853
vn -0.09308579 -0.70085029 0.70720853
vn -0.09308579 -0.70085029 0.70720853
vn -0.21100805 -0.67179722 0.71004513
vn -0.21100805 -0.67179722 0.71004513
vn -0.21100805 -0.67179722 0.71004513
vn -0.18975028 -0.68211007 0.70620158
vn -0.18975028 -0.68211007 0.70620158
vn -0.18975028 -0.68211007 0.70620158
vn -0.14679042 -0.69071974 0.70806696
vn -0.14679042 -0.69071974 0.70806696
vn -0.14679042 -0.69071974 0.70806696
vn -0.27279853 -0.65300813 0.70651351
vn -0.27279853 -0.65300813 0.70651351
vn -0.27279853 -0.65300813 0.70651351
vn -0.23121157 -0.66817407 0.70716662
vn -0.23121157 -0.66817407 0.70716662
vn -0.23121157 -0.66817407 0.70716662
vn -0.21362739 -0.67144283 0.70959698
vn -0.21362739 -0.67144283 0.70959698
vn -0.21362739 -0.67144283 0.70959698
vn -0.29536550 -0.64246723 0.70710331
vn -0.29536550 -0.64246723 0.70710331
vn -0.29536550 -0.64246723 0.70710331
vn -0.27179665 -0.65311782 0.70679820
vn -0.27179665 -0.65311782 0.70679820
vn -0.27179665 -0.65311782 0.70679820
vn -0.27180364 -0.65311889 0.70679452
vn -0.27180364 -0.65311889 0.70679452
vn -0.27180364 -0.65311889 0.70679452
vn -0.23758463 -0.63443234 0.73556043
vn -0.23758463 -0.63443234 0.73556043
vn -0.23758463 -0.63443234 0.73556043
vn -0.27072368 -0.64936052 0.71066138
vn -0.27072368 -0.64936052 0.71066138
vn -0.27072368 -0.64936052 0.71066138
vn 0.70693409 0.02208709 -0.70693448
vn 0.70693409 0.02208709 -0.70693448
vn 0.70693409 0.02208709 -0.70693448
vn 0.70343464 0.03569783 -0.70986292
vn 0.70343464 0.03569783 -0.70986292
vn 0.70343464 0.03569783 -0.70986292
vn 0.69702605 0.10665867 -0.70906883
vn 0.69702605 0.10665867 -0.70906883
vn 0.69702605 0.10665867 -0.70906883
vn 0.70261005 0.07968540 -0.70709925
vn 0.70261005 0.07968540 -0.70709925
vn 0.70261005 0.07968540 -0.70709925
vn 0.70478359 0.05787623 -0.70705759
vn 0.70478359 0.05787623 -0.70705759
vn 0.70478359 0.05787623 -0.70705759
vn 0.67548818 0.20937149 -0.70702143
vn 0.67548818 0.20937149 -0.70702143
vn 0.67548818 0.20937149 -0.70702143
vn 0.68081301 0.18812616 -0.70788572
vn 0.68081301 0.18812616 -0.70788572
vn 0.68081301 0.18812616 -0.70788572
vn 0.68168884 0.17647641 -0.71003972
vn 0.68168884 0.17647641 -0.71003972
vn 0.68168884 0.17647641 -0.71003972
vn 0.69147876 0.15255211 -0.70610550
vn 0.69147876 0.15255211 -0.70610550
vn 0.69147876 0.15255211 -0.70610550
vn 0.69730753 0.10925191 -0.70839695
vn 0.69730753 0.10925191 -0.70839695
vn 0.69730753 0.10925191 -0.70839695
vn 0.67017824 0.22487569 -0.70731326
vn 0.67017824 0.22487569 -0.70731326
vn 0.67017824 0.22487569 -0.70731326
vn 0.66066631 0.24476497 -0.70965494
vn 0.66066631 0.24476497 -0.70965494
vn 0.66066631 0.24476497 -0.70965494
vn 0.65934053 0.25470623 -0.70738589
vn 0.65934053 0.25470623 -0.70738589
vn 0.65934053 0.25470623 -0.70738589
vn 0.61527140 0.34847051 -0.70711344
vn 0.61527140 0.34847051 -0.70711344
vn 0.61527140 0.34847051 -0.70711344
vn 0.62585060 0.32925697 -0.70703668
vn 0.62585060 0.32925697 -0.70703668
vn 0.62585060 0.32925697 -0.70703668
vn 0.63223053 0.31009302 -0.71001892
vn 0.63223053 0.31009302 -0.71001892
vn 0.63223053 0.31009302 -0.71001892
vn 0.63834140 0.30183068 -0.70810910
vn 0.63834140 0.30183068 -0.70810910
vn 0.63834140 0.30183068 -0.70810910
vn 0.64840610 0.28233946 -0.70700351
vn 0.64840610 0.28233946 -0.70700351
vn 0.64840610 0.28233946 -0.70700351
vn 0.60642456 0.36196732 -0.70797522
vn 0.60642456 0.36196732 -0.70797522
vn 0.60642456 0.36196732 -0.70797522
vn 0.59752191 0.37260544 -0.71002307
vn 0.59752191 0.37260544 -0.71002307
vn 0.59752191 0.37260544 -0.71002307
vn 0.59449650 0.38021397 -0.70852752
vn 0.59449650 0.38021397 -0.70852752
vn 0.59449650 0.38021397 -0.70852752
vn 0.54954386 0.44325619 -0.70818465
vn 0.54954386 0.44325619 -0.70818465
vn 0.54954386 0.44325619 -0.70818465
vn 0.55625671 0.43254307 -0.70956674
vn 0.55625671 0.43254307 -0.70956674
vn 0.55625671 0.43254307 -0.70956674
vn 0.55693158 0.43116114 -0.70987836
vn 0.55693158 0.43116114 -0.70987836
vn 0.55693158 0.43116114 -0.70987836
vn 0.57235353 0.41530875 -0.70705733
vn 0.57235353 0.41530875 -0.70705733
vn 0.57235353 0.41530875 -0.70705733
vn 0.58484698 0.39744222 -0.70710232
vn 0.58484698 0.39744222 -0.70710232
vn 0.58484698 0.39744222 -0.70710232
vn 0.48931341 0.51050383 -0.70707724
vn 0.48931341 0.51050383 -0.70707724
vn 0.48931341 0.51050383 -0.70707724
vn 0.50785813 0.49080506 -0.70794810
vn 0.50785813 0.49080506 -0.70794810
vn 0.50785813 0.49080506 -0.70794810
vn 0.51075601 0.48569860 -0.70938365
vn 0.51075601 0.48569860 -0.70938365
vn 0.51075601 0.48569860 -0.70938365
vn 0.53007907 0.46800442 -0.70709832
vn 0.53007907 0.46800442 -0.70709832
vn 0.53007907 0.46800442 -0.70709832
vn 0.54259808 0.45342811 -0.70709990
vn 0.54259808 0.45342811 -0.70709990
vn 0.54259808 0.45342811 -0.70709990
vn 0.47326881 0.52529171 -0.70716706
vn 0.47326881 0.52529171 -0.70716706
vn 0.47326881 0.52529171 -0.70716706
vn 0.45847194 0.53445291 -0.71004476
vn 0.45847194 0.53445291 -0.71004476
vn 0.45847194 0.53445291 -0.71004476
vn 0.44448090 0.55092554 -0.70634112
vn 0.44448090 0.55092554 -0.70634112
vn 0.44448090 0.55092554 -0.70634112
vn 0.40251501 0.57851102 -0.70944110
vn 0.40251501 0.57851102 -0.70944110
vn 0.40251501 0.57851102 -0.70944110
vn 0.40154850 0.57888216 -0.70968602
vn 0.40154850 0.57888216 -0.70968602
vn 0.40154850 0.57888216 -0.70968602
vn 0.42055758 0.56797330 -0.70748686
vn 0.42055758 0.56797330 -0.70748686
vn 0.42055758 0.56797330 -0.70748686
vn 0.34162413 0.61588481 -0.70991468
vn 0.34162413 0.61588481 -0.70991468
vn 0.34162413 0.61588481 -0.70991468
vn 0.35596621 0.61127105 -0.70684918
vn 0.35596621 0.61127105 -0.70684918
vn 0.35596621 0.61127105 -0.70684918
vn 0.38300984 0.59434868 -0.70714434
vn 0.38300984 0.59434868 -0.70714434
vn 0.38300984 0.59434868 -0.70714434
vn 0.25489119 0.65931163 -0.70734621
vn 0.25489119 0.65931163 -0.70734621
vn 0.25489119 0.65931163 -0.70734621
vn 0.27693102 0.64901058 -0.70858626
vn 0.27693102 0.64901058 -0.70858626
vn 0.27693102 0.64901058 -0.70858626
vn 0.27802491 0.64814130 -0.70895346
vn 0.27802491 0.64814130 -0.70895346
vn 0.27802491 0.64814130 -0.70895346
vn 0.30436655 0.63825318 -0.70710245
vn 0.30436655 0.63825318 -0.70710245
vn 0.30436655 0.63825318 -0.70710245
vn 0.32400253 0.62856975 -0.70705193
vn 0.32400253 0.62856975 -0.70705193
vn 0.32400253 0.62856975 -0.70705193
vn 0.23468637 0.66771931 -0.70645116
vn 0.23468637 0.66771931 -0.70645116
vn 0.23468637 0.66771931 -0.70645116
vn 0.21056668 0.67196617 -0.71001630
vn 0.21056668 0.67196617 -0.71001630
vn 0.21056668 0.67196617 -0.71001630
vn 0.19525422 0.68005423 -0.70668383
vn 0.19525422 0.68005423 -0.70668383
vn 0.19525422 0.68005423 -0.70668383
vn 0.14155823 0.69026257 -0.70957654
vn 0.14155823 0.69026257 -0.70957654
vn 0.14155823 0.69026257 -0.70957654
vn 0.15957681 0.68816767 -0.70778563
vn 0.15957681 0.68816767 -0.70778563
vn 0.15957681 0.68816767 -0.70778563
vn 0.16913760 0.68647729 -0.70720676
vn 0.16913760 0.68647729 -0.70720676
vn 0.16913760 0.68647729 -0.70720676
vn 0.05189294 0.70527346 -0.70703357
vn 0.05189294 0.70527346 -0.70703357
vn 0.05189294 0.70527346 -0.70703357
vn 0.07062268 0.70064585 -0.71000551
vn 0.07062268 0.70064585 -0.71000551
vn 0.07062268 0.70064585 -0.71000551
vn 0.07095420 0.70055217 -0.71006490
vn 0.07095420 0.70055217 -0.71006490
vn 0.07095420 0.70055217 -0.71006490
vn 0.09276862 0.70150393 -0.70660188
vn 0.09276862 0.70150393 -0.70660188
vn 0.09276862 0.70150393 -0.70660188
vn 0.13351182 0.69395992 -0.70752684
vn 0.13351182 0.69395992 -0.70752684
vn 0.13351182 0.69395992 -0.70752684
vn -0.04937286 0.70541667 -0.70707117
vn -0.04937286 0.70541667 -0.70707117
vn -0.04937286 0.70541667 -0.70707117
vn -0.02760218 0.70656819 -0.70710644
vn -0.02760218 0.70656819 -0.70710644
vn -0.02760218 0.70656819 -0.70710644
vn -0.00048302 0.70504805 -0.70915937
vn -0.00048302 0.70504805 -0.70915937
vn -0.00048302 0.70504805 -0.70915937
vn 0.00281158 0.70591170 -0.70829427
vn 0.00281158 0.70591170 -0.70829427
vn 0.00281158 0.70591170 -0.70829427
vn 0.02999430 0.70645719 -0.70711992
vn 0.02999430 0.70645719 -0.70711992
vn 0.02999430 0.70645719 -0.70711992
vn -0.07187666 0.70066542 -0.70986034
vn -0.07187666 0.70066542 -0.70986034
vn -0.07187666 0.70066542 -0.70986034
vn -0.07161927 0.70074967 -0.70980320
vn -0.07161927 0.70074967 -0.70980320
vn -0.07161927 0.70074967 -0.70980320
vn -0.09632666 0.70076681 -0.70685716
vn -0.09632666 0.70076681 -0.70685716
vn -0.09632666 0.70076681 -0.70685716
vn -0.11812402 0.69702115 -0.70725401
vn -0.11812402 0.69702115 -0.70725401
vn -0.11812402 0.69702115 -0.70725401
vn -0.14238010 0.69041727 -0.70926151
vn -0.14238010 0.69041727 -0.70926151
vn -0.14238010 0.69041727 -0.70926151
vn -0.14689173 0.69063284 -0.70813071
vn -0.14689173 0.69063284 -0.70813071
vn -0.14689173 0.69063284 -0.70813071
vn -0.24890149 0.66185561 -0.70710339
vn -0.24890149 0.66185561 -0.70710339
vn -0.24890149 0.66185561 -0.70710339
vn -0.22840829 0.66933348 -0.70698115
vn -0.22840829 0.66933348 -0.70698115
vn -0.22840829 0.66933348 -0.70698115
vn -0.21131414 0.67172015 -0.71002702
vn -0.21131414 0.67172015 -0.71002702
vn -0.21131414 0.67172015 -0.71002702
vn -0.20517031 0.67473591 -0.70896868
vn -0.20517031 0.67473591 -0.70896868
vn -0.20517031 0.67473591 -0.70896868
vn -0.18491785 0.68314408 -0.70648394
vn -0.18491785 0.68314408 -0.70648394
vn -0.18491785 0.68314408 -0.70648394
vn -0.27188302 0.65217801 -0.70763230
vn -0.27188302 0.65217801 -0.70763230
vn -0.27188302 0.65217801 -0.70763230
vn -0.27240843 0.65179096 -0.70778683
vn -0.27240843 0.65179096 -0.70778683
vn -0.27240843 0.65179096 -0.70778683
vn -0.29546002 0.64242617 -0.70710112
vn -0.29546002 0.64242617 -0.70710112
vn -0.29546002 0.64242617 -0.70710112
vn -0.27874149 -0.65003392 -0.70693641
vn -0.27874149 -0.65003392 -0.70693641
vn -0.27874149 -0.65003392 -0.70693641
vn -0.27221881 -0.65127041 -0.70833874
vn -0.27221881 -0.65127041 -0.70833874
vn -0.27221881 -0.65127041 -0.70833874
vn -0.21133086 -0.67177396 -0.70997113
vn -0.21133086 -0.67177396 -0.70997113
vn -0.21133086 -0.67177396 -0.70997113
vn -0.23155514 -0.66820840 -0.70702175
vn -0.23155514 -0.66820840 -0.70702175
vn -0.23155514 -0.66820840 -0.70702175
vn -0.25213430 -0.66064326 -0.70709178
vn -0.25213430 -0.66064326 -0.70709178
vn -0.25213430 -0.66064326 -0.70709178
vn -0.11672967 -0.69741067 -0.70710151
vn -0.11672967 -0.69741067 -0.70710151
vn -0.11672967 -0.69741067 -0.70710151
vn -0.12897379 -0.69411572 -0.70821545
vn -0.12897379 -0.69411572 -0.70821545
vn -0.12897379 -0.69411572 -0.70821545
vn -0.14227559 -0.68991213 -0.70977384
vn -0.14227559 -0.68991213 -0.70977384
vn -0.14227559 -0.68991213 -0.70977384
vn -0.15372301 -0.69003382 -0.70726414
vn -0.15372301 -0.69003382 -0.70726414
vn -0.15372301 -0.69003382 -0.70726414
vn -0.19616105 -0.67980811 -0.70666949
vn -0.19616105 -0.67980811 -0.70666949
vn -0.19616105 -0.67980811 -0.70666949
vn -0.02865970 -0.70638943 -0.70724296
vn -0.02865970 -0.70638943 -0.70724296
vn -0.02865970 -0.70638943 -0.70724296
vn -0.05070929 -0.70575773 -0.70663612
vn -0.05070929 -0.70575773 -0.70663612
vn -0.05070929 -0.70575773 -0.70663612
vn -0.07159418 -0.70050007 -0.71005205
vn -0.07159418 -0.70050007 -0.71005205
vn -0.07159418 -0.70050007 -0.71005205
vn -0.07927138 -0.70103415 -0.70870810
vn -0.07927138 -0.70103415 -0.70870810
vn -0.07927138 -0.70103415 -0.70870810
vn -0.09827247 -0.70024990 -0.70710155
vn -0.09827247 -0.70024990 -0.70710155
vn -0.09827247 -0.70024990 -0.70710155
vn -0.00390617 -0.70593926 -0.70826161
vn -0.00390617 -0.70593926 -0.70826161
vn -0.00390617 -0.70593926 -0.70826161
vn -0.00048250 -0.70504693 -0.70916048
vn -0.00048250 -0.70504693 -0.70916048
vn -0.00048250 -0.70504693 -0.70916048
vn 0.02668590 -0.70660679 -0.70710304
vn 0.02668590 -0.70660679 -0.70710304
vn 0.02668590 -0.70660679 -0.70710304
vn 0.04858248 -0.70547436 -0.70706836
vn 0.04858248 -0.70547436 -0.70706836
vn 0.04858248 -0.70547436 -0.70706836
vn 0.07097773 -0.70077714 -0.70984052
vn 0.07097773 -0.70077714 -0.70984052
vn 0.07097773 -0.70077714 -0.70984052
vn 0.08349930 -0.70211924 -0.70714669
vn 0.08349930 -0.70211924 -0.70714669
vn 0.08349930 -0.70211924 -0.70714669
vn 0.12668584 -0.69599084 -0.70678671
vn 0.12668584 -0.69599084 -0.70678671
vn 0.12668584 -0.69599084 -0.70678671
vn 0.14148349 -0.68989112 -0.70995258
vn 0.14148349 -0.68989112 -0.70995258
vn 0.14148349 -0.68989112 -0.70995258
vn 0.15245519 -0.68906922 -0.70847796
vn 0.15245519 -0.68906922 -0.70847796
vn 0.15245519 -0.68906922 -0.70847796
vn 0.21055251 -0.67191633 -0.71006767
vn 0.21055251 -0.67191633 -0.71006767
vn 0.21055251 -0.67191633 -0.71006767
vn 0.18855220 -0.68249311 -0.70615240
vn 0.18855220 -0.68249311 -0.70615240
vn 0.18855220 -0.68249311 -0.70615240
vn 0.16209249 -0.68777982 -0.70759095
vn 0.16209249 -0.68777982 -0.70759095
vn 0.16209249 -0.68777982 -0.70759095
vn 0.24991274 -0.66139857 -0.70717435
vn 0.24991274 -0.66139857 -0.70717435
vn 0.24991274 -0.66139857 -0.70717435
vn 0.24708083 -0.66251299 -0.70712630
vn 0.24708083 -0.66251299 -0.70712630
vn 0.24708083 -0.66251299 -0.70712630
vn 0.22764174 -0.66957343 -0.70700118
vn 0.22764174 -0.66957343 -0.70700118
vn 0.22764174 -0.66957343 -0.70700118
vn 0.27121821 -0.65244249 -0.70764361
vn 0.27121821 -0.65244249 -0.70764361
vn 0.27121821 -0.65244249 -0.70764361
vn 0.27778734 -0.64759111 -0.70954912
vn 0.27778734 -0.64759111 -0.70954912
vn 0.27778734 -0.64759111 -0.70954912
vn 0.30139747 -0.63968562 -0.70707982
vn 0.30139747 -0.63968562 -0.70707982
vn 0.30139747 -0.63968562 -0.70707982
vn 0.34165989 -0.61594488 -0.70984535
vn 0.34165989 -0.61594488 -0.70984535
vn 0.34165989 -0.61594488 -0.70984535
vn 0.33220197 -0.62268414 -0.70845347
vn 0.33220197 -0.62268414 -0.70845347
vn 0.33220197 -0.62268414 -0.70845347
vn 0.32094496 -0.63010332 -0.70708142
vn 0.32094496 -0.63010332 -0.70708142
vn 0.32094496 -0.63010332 -0.70708142
vn 0.41817247 -0.56932768 -0.70781197
vn 0.41817247 -0.56932768 -0.70781197
vn 0.41817247 -0.56932768 -0.70781197
vn 0.39902641 -0.58045103 -0.70982711
vn 0.39902641 -0.58045103 -0.70982711
vn 0.39902641 -0.58045103 -0.70982711
vn 0.40293730 -0.57911526 -0.70870801
vn 0.40293730 -0.57911526 -0.70870801
vn 0.40293730 -0.57911526 -0.70870801
vn 0.37691900 -0.59851367 -0.70690413
vn 0.37691900 -0.59851367 -0.70690413
vn 0.37691900 -0.59851367 -0.70690413
vn 0.35168554 -0.61282809 -0.70764328
vn 0.35168554 -0.61282809 -0.70764328
vn 0.35168554 -0.61282809 -0.70764328
vn 0.45853675 -0.53452810 -0.70994631
vn 0.45853675 -0.53452810 -0.70994631
vn 0.45853675 -0.53452810 -0.70994631
vn 0.44433516 -0.55013731 -0.70704682
vn 0.44433516 -0.55013731 -0.70704682
vn 0.44433516 -0.55013731 -0.70704682
vn 0.42705704 -0.56357926 -0.70710728
vn 0.42705704 -0.56357926 -0.70710728
vn 0.42705704 -0.56357926 -0.70710728
vn 0.51041513 -0.48538091 -0.70984629
vn 0.51041513 -0.48538091 -0.70984629
vn 0.51041513 -0.48538091 -0.70984629
vn 0.50372961 -0.49620953 -0.70712982
vn 0.50372961 -0.49620953 -0.70712982
vn 0.50372961 -0.49620953 -0.70712982
vn 0.47236828 -0.52661054 -0.70678819
vn 0.47236828 -0.52661054 -0.70678819
vn 0.47236828 -0.52661054 -0.70678819
vn 0.55460056 -0.43513540 -0.70927808
vn 0.55460056 -0.43513540 -0.70927808
vn 0.55460056 -0.43513540 -0.70927808
vn 0.55679262 -0.43105504 -0.71005178
vn 0.55679262 -0.43105504 -0.71005178
vn 0.55679262 -0.43105504 -0.71005178
vn 0.54947419 -0.44340973 -0.70814259
vn 0.54947419 -0.44340973 -0.70814259
vn 0.54947419 -0.44340973 -0.70814259
vn 0.54209856 -0.45401883 -0.70710399
vn 0.54209856 -0.45401883 -0.70710399
vn 0.54209856 -0.45401883 -0.70710399
vn 0.52782124 -0.47059305 -0.70706925
vn 0.52782124 -0.47059305 -0.70706925
vn 0.52782124 -0.47059305 -0.70706925
vn 0.61364499 -0.35136494 -0.70709441
vn 0.61364499 -0.35136494 -0.70709441
vn 0.61364499 -0.35136494 -0.70709441
vn 0.60715131 -0.36054357 -0.70807883
vn 0.60715131 -0.36054357 -0.70807883
vn 0.60715131 -0.36054357 -0.70807883
vn 0.59789686 -0.37284224 -0.70958298
vn 0.59789686 -0.37284224 -0.70958298
vn 0.59789686 -0.37284224 -0.70958298
vn 0.59571666 -0.37924469 -0.70802198
vn 0.59571666 -0.37924469 -0.70802198
vn 0.59571666 -0.37924469 -0.70802198
vn 0.57358016 -0.41505411 -0.70621235
vn 0.57358016 -0.41505411 -0.70621235
vn 0.57358016 -0.41505411 -0.70621235
vn 0.62427036 -0.33217386 -0.70706934
vn 0.62427036 -0.33217386 -0.70706934
vn 0.62427036 -0.33217386 -0.70706934
vn 0.63246561 -0.31020320 -0.70976139
vn 0.63246561 -0.31020320 -0.70976139
vn 0.63246561 -0.31020320 -0.70976139
vn 0.63950552 -0.30131902 -0.70727614
vn 0.63950552 -0.30131902 -0.70727614
vn 0.63950552 -0.30131902 -0.70727614
vn 0.67730466 -0.20570816 -0.70635866
vn 0.67730466 -0.20570816 -0.70635866
vn 0.67730466 -0.20570816 -0.70635866
vn 0.66725406 -0.23161839 -0.70790179
vn 0.66725406 -0.23161839 -0.70790179
vn 0.66725406 -0.23161839 -0.70790179
vn 0.66035445 -0.24464541 -0.70998636
vn 0.66035445 -0.24464541 -0.70998636
vn 0.66035445 -0.24464541 -0.70998636
vn 0.65777452 -0.25952512 -0.70709221
vn 0.65777452 -0.25952512 -0.70709221
vn 0.65777452 -0.25952512 -0.70709221
vn 0.64944377 -0.27965270 -0.70711892
vn 0.64944377 -0.27965270 -0.70711892
vn 0.64944377 -0.27965270 -0.70711892
vn 0.68088518 -0.18373697 -0.70896833
vn 0.68088518 -0.18373697 -0.70896833
vn 0.68088518 -0.18373697 -0.70896833
vn 0.68168104 -0.17647225 -0.71004824
vn 0.68168104 -0.17647225 -0.71004824
vn 0.68168104 -0.17647225 -0.71004824
vn 0.68857967 -0.16132426 -0.70698835
vn 0.68857967 -0.16132426 -0.70698835
vn 0.68857967 -0.16132426 -0.70698835
vn 0.69646884 -0.10657092 -0.70962933
vn 0.69646884 -0.10657092 -0.70962933
vn 0.69646884 -0.10657092 -0.70962933
vn 0.69715022 -0.11598770 -0.70748033
vn 0.69715022 -0.11598770 -0.70748033
vn 0.69715022 -0.11598770 -0.70748033
vn 0.69312913 -0.13982987 -0.70712065
vn 0.69312913 -0.13982987 -0.70712065
vn 0.69312913 -0.13982987 -0.70712065
vn 0.70710204 -0.00359605 -0.70710238
vn 0.70710204 -0.00359605 -0.70710238
vn 0.70710204 -0.00359605 -0.70710238
vn 0.70580408 -0.02920944 -0.70780464
vn 0.70580408 -0.02920944 -0.70780464
vn 0.70580408 -0.02920944 -0.70780464
vn 0.70386831 -0.03571719 -0.70943194
vn 0.70386831 -0.03571719 -0.70943194
vn 0.70386831 -0.03571719 -0.70943194
vn 0.70446403 -0.06131227 -0.70708644
vn 0.70446403 -0.06131227 -0.70708644
vn 0.70446403 -0.06131227 -0.70708644
vn 0.70224958 -0.08300505 -0.70707545
vn 0.70224958 -0.08300505 -0.70707545
vn 0.70224958 -0.08300505 -0.70707545
vn -0.41586629 0.90942577 0.00000059
vn -0.41586629 0.90942577 0.00000059
vn -0.41586629 0.90942577 0.00000059
vn -0.42050028 0.90729234 -0.00034526
vn -0.42050028 0.90729234 -0.00034526
vn -0.42050028 0.90729234 -0.00034526
vn -0.41363049 0.91044482 -0.00020950
vn -0.41363049 0.91044482 -0.00020950
vn -0.41363049 0.91044482 -0.00020950
vn -0.39912567 0.91689597 -0.00069813
vn -0.39912567 0.91689597 -0.00069813
vn -0.39912567 0.91689597 -0.00069813
vn -0.39755196 0.91757944 -0.00064077
vn -0.39755196 0.91757944 -0.00064077
vn -0.39755196 0.91757944 -0.00064077
vn -0.33247012 0.94311378 0.00013983
vn -0.33247012 0.94311378 0.00013983
vn -0.33247012 0.94311378 0.00013983
vn -0.35037633 0.93660844 -0.00103135
vn -0.35037633 0.93660844 -0.00103135
vn -0.35037633 0.93660844 -0.00103135
vn -0.38186100 0.92421836 -0.00161095
vn -0.38186100 0.92421836 -0.00161095
vn -0.38186100 0.92421836 -0.00161095
vn -0.36920302 0.92934788 -0.00128127
vn -0.36920302 0.92934788 -0.00128127
vn -0.36920302 0.92934788 -0.00128127
vn -0.38233987 0.92402093 -0.00124448
vn -0.38233987 0.92402093 -0.00124448
vn -0.38233987 0.92402093 -0.00124448
vn -0.27816520 0.96053275 -0.00097846
vn -0.27816520 0.96053275 -0.00097846
vn -0.27816520 0.96053275 -0.00097846
vn -0.26504292 0.96423655 -0.00035282
vn -0.26504292 0.96423655 -0.00035282
vn -0.26504292 0.96423655 -0.00035282
vn -0.36594989 0.93063113 -0.00252456
vn -0.36594989 0.93063113 -0.00252456
vn -0.36594989 0.93063113 -0.00252456
vn -0.33875340 0.94087360 -0.00173521
vn -0.33875340 0.94087360 -0.00173521
vn -0.33875340 0.94087360 -0.00173521
vn -0.30719790 0.95164400 -0.00177435
vn -0.30719790 0.95164400 -0.00177435
vn -0.30719790 0.95164400 -0.00177435
vn -0.32032517 0.94730437 -0.00249260
vn -0.32032517 0.94730437 -0.00249260
vn -0.32032517 0.94730437 -0.00249260
vn -0.31130813 0.95030665 -0.00212573
vn -0.31130813 0.95030665 -0.00212573
vn -0.31130813 0.95030665 -0.00212573
vn -0.28558534 0.95835191 -0.00162053
vn -0.28558534 0.95835191 -0.00162053
vn -0.28558534 0.95835191 -0.00162053
vn -0.25004335 0.96823409 -0.00103326
vn -0.25004335 0.96823409 -0.00103326
vn -0.25004335 0.96823409 -0.00103326
vn -0.24896695 0.96851143 -0.00103638
vn -0.24896695 0.96851143 -0.00103638
vn -0.24896695 0.96851143 -0.00103638
vn -0.22464929 0.97443944 -0.00068469
vn -0.22464929 0.97443944 -0.00068469
vn -0.22464929 0.97443944 -0.00068469
vn -0.20063123 0.97966642 -0.00090478
vn -0.20063123 0.97966642 -0.00090478
vn -0.20063123 0.97966642 -0.00090478
vn -0.21464161 0.97669272 -0.00055799
vn -0.21464161 0.97669272 -0.00055799
vn -0.21464161 0.97669272 -0.00055799
vn -0.16641067 0.98605649 0.00028997
vn -0.16641067 0.98605649 0.00028997
vn -0.16641067 0.98605649 0.00028997
vn -0.16216130 0.98676425 0.00018787
vn -0.16216130 0.98676425 0.00018787
vn -0.16216130 0.98676425 0.00018787
vn -0.13004159 0.99150828 0.00072411
vn -0.13004159 0.99150828 0.00072411
vn -0.13004159 0.99150828 0.00072411
vn -0.10829631 0.99411847 0.00061434
vn -0.10829631 0.99411847 0.00061434
vn -0.10829631 0.99411847 0.00061434
vn -0.02854511 0.99959175 0.00122723
vn -0.02854511 0.99959175 0.00122723
vn -0.02854511 0.99959175 0.00122723
vn -0.06678083 0.99776742 0.00069835
vn -0.06678083 0.99776742 0.00069835
vn -0.06678083 0.99776742 0.00069835
vn -0.08030932 0.99676940 0.00108871
vn -0.08030932 0.99676940 0.00108871
vn -0.08030932 0.99676940 0.00108871
vn -0.09804975 0.99518112 0.00088795
vn -0.09804975 0.99518112 0.00088795
vn -0.09804975 0.99518112 0.00088795
vn -0.12057002 0.99270441 0.00090941
vn -0.12057002 0.99270441 0.00090941
vn -0.12057002 0.99270441 0.00090941
vn -0.00343277 0.99999411 0.00005081
vn -0.00343277 0.99999411 0.00005081
vn -0.00343277 0.99999411 0.00005081
vn -0.00051918 0.99999987 0.00000000
vn -0.00051918 0.99999987 0.00000000
vn -0.00051918 0.99999987 0.00000000
vn -0.04826888 0.99883437 0.00009556
vn -0.04826888 0.99883437 0.00009556
vn -0.04826888 0.99883437 0.00009556
vn -0.03000122 0.99954978 0.00041159
vn -0.03000122 0.99954978 0.00041159
vn -0.03000122 0.99954978 0.00041159
vn -0.01008847 0.99994904 0.00038742
vn -0.01008847 0.99994904 0.00038742
vn -0.01008847 0.99994904 0.00038742
vn -0.01962325 0.99980743 0.00017384
vn -0.01962325 0.99980743 0.00017384
vn -0.01962325 0.99980743 0.00017384
vn -0.00694316 0.99997588 0.00018682
vn -0.00694316 0.99997588 0.00018682
vn -0.00694316 0.99997588 0.00018682
vn -0.41739876 -0.90872343 -0.00000026
vn -0.41739876 -0.90872343 -0.00000026
vn -0.41739876 -0.90872343 -0.00000026
vn -0.02919412 -0.99957340 -0.00084917
vn -0.02919412 -0.99957340 -0.00084917
vn -0.02919412 -0.99957340 -0.00084917
vn -0.00003711 -1.00000000 0.00000000
vn -0.00003711 -1.00000000 0.00000000
vn -0.00003711 -1.00000000 0.00000000
vn -0.00041750 -0.99999991 0.00000309
vn -0.00041750 -0.99999991 0.00000309
vn -0.00041750 -0.99999991 0.00000309
vn -0.00236614 -0.99999720 0.00004504
vn -0.00236614 -0.99999720 0.00004504
vn -0.00236614 -0.99999720 0.00004504
vn -0.00066091 -0.99999978 -0.00004175
vn -0.00066091 -0.99999978 -0.00004175
vn -0.00066091 -0.99999978 -0.00004175
vn -0.00921280 -0.99995756 -0.00002723
vn -0.00921280 -0.99995756 -0.00002723
vn -0.00921280 -0.99995756 -0.00002723
vn -0.00432822 -0.99999060 -0.00025691
vn -0.00432822 -0.99999060 -0.00025691
vn -0.00432822 -0.99999060 -0.00025691
vn -0.02026918 -0.99979452 -0.00029216
vn -0.02026918 -0.99979452 -0.00029216
vn -0.02026918 -0.99979452 -0.00029216
vn -0.01023034 -0.99994749 -0.00058973
vn -0.01023034 -0.99994749 -0.00058973
vn -0.01023034 -0.99994749 -0.00058973
vn -0.01585997 -0.99987405 -0.00058729
vn -0.01585997 -0.99987405 -0.00058729
vn -0.01585997 -0.99987405 -0.00058729
vn -0.04183545 -0.99911878 -0.00338556
vn -0.04183545 -0.99911878 -0.00338556
vn -0.04183545 -0.99911878 -0.00338556
vn -0.07236761 -0.99737636 -0.00182189
vn -0.07236761 -0.99737636 -0.00182189
vn -0.07236761 -0.99737636 -0.00182189
vn -0.02661603 -0.99964428 -0.00170582
vn -0.02661603 -0.99964428 -0.00170582
vn -0.02661603 -0.99964428 -0.00170582
vn -0.04895423 -0.99880080 -0.00066912
vn -0.04895423 -0.99880080 -0.00066912
vn -0.04895423 -0.99880080 -0.00066912
vn -0.03704539 -0.99931320 -0.00087674
vn -0.03704539 -0.99931320 -0.00087674
vn -0.03704539 -0.99931320 -0.00087674
vn -0.05585417 -0.99843444 -0.00299737
vn -0.05585417 -0.99843444 -0.00299737
vn -0.05585417 -0.99843444 -0.00299737
vn -0.06699827 -0.99774868 -0.00296802
vn -0.06699827 -0.99774868 -0.00296802
vn -0.06699827 -0.99774868 -0.00296802
vn -0.09949629 -0.99503292 -0.00315859
vn -0.09949629 -0.99503292 -0.00315859
vn -0.09949629 -0.99503292 -0.00315859
vn -0.07772261 -0.99696828 -0.00366751
vn -0.07772261 -0.99696828 -0.00366751
vn -0.07772261 -0.99696828 -0.00366751
vn -0.09526091 -0.99544576 -0.00361767
vn -0.09526091 -0.99544576 -0.00361767
vn -0.09526091 -0.99544576 -0.00361767
vn -0.12629554 -0.99198384 -0.00418259
vn -0.12629554 -0.99198384 -0.00418259
vn -0.12629554 -0.99198384 -0.00418259
vn -0.16366254 -0.98650537 -0.00466165
vn -0.16366254 -0.98650537 -0.00466165
vn -0.16366254 -0.98650537 -0.00466165
vn -0.14094124 -0.99000769 -0.00451053
vn -0.14094124 -0.99000769 -0.00451053
vn -0.14094124 -0.99000769 -0.00451053
vn -0.11977040 -0.99279439 -0.00378870
vn -0.11977040 -0.99279439 -0.00378870
vn -0.11977040 -0.99279439 -0.00378870
vn -0.16011264 -0.98708741 -0.00473193
vn -0.16011264 -0.98708741 -0.00473193
vn -0.16011264 -0.98708741 -0.00473193
vn -0.18624635 -0.98249188 -0.00469025
vn -0.18624635 -0.98249188 -0.00469025
vn -0.18624635 -0.98249188 -0.00469025
vn -0.18808680 -0.98214101 -0.00473231
vn -0.18808680 -0.98214101 -0.00473231
vn -0.18808680 -0.98214101 -0.00473231
vn -0.22667746 -0.97395937 -0.00452435
vn -0.22667746 -0.97395937 -0.00452435
vn -0.22667746 -0.97395937 -0.00452435
vn -0.21963462 -0.97557279 -0.00428664
vn -0.21963462 -0.97557279 -0.00428664
vn -0.21963462 -0.97557279 -0.00428664
vn -0.24634173 -0.96917416 -0.00414713
vn -0.24634173 -0.96917416 -0.00414713
vn -0.24634173 -0.96917416 -0.00414713
vn -0.39084123 -0.92045796 -0.00052500
vn -0.39084123 -0.92045796 -0.00052500
vn -0.39084123 -0.92045796 -0.00052500
vn -0.26326088 -0.96471725 -0.00378693
vn -0.26326088 -0.96471725 -0.00378693
vn -0.26326088 -0.96471725 -0.00378693
vn -0.29383488 -0.95584905 -0.00369510
vn -0.29383488 -0.95584905 -0.00369510
vn -0.29383488 -0.95584905 -0.00369510
vn -0.28187152 -0.95944634 -0.00334209
vn -0.28187152 -0.95944634 -0.00334209
vn -0.28187152 -0.95944634 -0.00334209
vn -0.32986749 -0.94402493 -0.00208963
vn -0.32986749 -0.94402493 -0.00208963
vn -0.32986749 -0.94402493 -0.00208963
vn -0.31869777 -0.94785426 -0.00200955
vn -0.31869777 -0.94785426 -0.00200955
vn -0.31869777 -0.94785426 -0.00200955
vn -0.35695203 -0.93412134 -0.00160106
vn -0.35695203 -0.93412134 -0.00160106
vn -0.35695203 -0.93412134 -0.00160106
vn -0.34694308 -0.93788502 -0.00147863
vn -0.34694308 -0.93788502 -0.00147863
vn -0.34694308 -0.93788502 -0.00147863
vn -0.39453872 -0.91887929 -0.00021248
vn -0.39453872 -0.91887929 -0.00021248
vn -0.39453872 -0.91887929 -0.00021248
vn -0.00001276 -1.00000000 0.00000000
vn -0.00001276 -1.00000000 0.00000000
vn -0.00001276 -1.00000000 0.00000000
vn -0.00001162 -1.00000000 -0.00000004
vn -0.00001162 -1.00000000 -0.00000004
vn -0.00001162 -1.00000000 -0.00000004
vn 0.00001108 -1.00000000 -0.00000004
vn 0.00001108 -1.00000000 -0.00000004
vn 0.00001108 -1.00000000 -0.00000004
vn 0.00000011 -1.00000000 0.00000036
vn 0.00000011 -1.00000000 0.00000036
vn 0.00000011 -1.00000000 0.00000036
vn 0.00000871 -1.00000000 -0.00000324
vn 0.00000871 -1.00000000 -0.00000324
vn 0.00000871 -1.00000000 -0.00000324
vn 0.00000000 -1.00000000 0.00000000
vn 0.00000000 -1.00000000 0.00000000
vn 0.00000000 -1.00000000 0.00000000
vn 0.00000000 -1.00000000 0.00000000
vn 0.00000000 -1.00000000 0.00000000
vn 0.00000000 -1.00000000 0.00000000
vn 0.00000000 -1.00000000 0.00000000
vn 0.00000000 -1.00000000 0.00000000
vn 0.00000000 -1.00000000 0.00000000
vn 0.00000000 -1.00000000 0.00000000
vn 0.00000000 -1.00000000 0.00000000
vn 0.00000000 -1.00000000 0.00000000
vn 0.00000000 -1.00000000 0.00000000
vn 0.00000000 -1.00000000 0.00000000
vn 0.00000000 -1.00000000 0.00000000
vn 0.00000000 -1.00000000 0.00000000
vn 0.00000000 -1.00000000 0.00000000
vn 0.00000000 -1.00000000 0.00000000
vn 0.00000000 -1.00000000 0.00000000
vn 0.00000000 -1.00000000 0.00000000
vn 0.00000000 -1.00000000 0.00000000
vn 0.00000000 -1.00000000 0.00000000
vn 0.00000000 -1.00000000 0.00000000
vn 0.00000000 -1.00000000 0.00000000
vn 0.00000000 -1.00000000 0.00000000
vn 0.00000000 -1.00000000 0.00000000
vn 0.00000000 -1.00000000 0.00000000
vn 0.00000000 -1.00000000 0.00000000
vn 0.00000000 -1.00000000 0.00000000
vn 0.00000000 -1.00000000 0.00000000
vn 0.00000000 -1.00000000 0.00000000
vn 0.00000000 -1.00000000 0.00000000
vn 0.00000000 -1.00000000 0.00000000
vn 0.00000000 -1.00000000 0.00000000
vn 0.00000000 -1.00000000 0.00000000
vn 0.00000000 -1.00000000 0.00000000
vn 0.00000000 -1.00000000 0.00000000
vn 0.00000000 -1.00000000 0.00000000
vn 0.00000000 -1.00000000 0.00000000
vn 0.00000000 -1.00000000 0.00000000
vn 0.00000000 -1.00000000 0.00000000
vn 0.00000000 -1.00000000 0.00000000
vn 0.00000000 -1.00000000 0.00000000
vn 0.00000000 -1.00000000 0.00000000
vn 0.00000000 -1.00000000 0.00000000
vn 0.00000000 -1.00000000 0.00000000
vn 0.00000000 -1.00000000 0.00000000
vn 0.00000000 -1.00000000 0.00000000
vn 0.00000000 -1.00000000 0.00000000
vn 0.00000000 -1.00000000 0.00000000
vn 0.00000000 -1.00000000 0.00000000
vn 0.00000008 -1.00000000 0.00000037
vn 0.00000008 -1.00000000 0.00000037
vn 0.00000008 -1.00000000 0.00000037
vn 0.00000004 -1.00000000 0.00000039
vn 0.00000004 -1.00000000 0.00000039
vn 0.00000004 -1.00000000 0.00000039
vn 0.00000000 -1.00000000 0.00000040
vn 0.00000000 -1.00000000 0.00000040
vn 0.00000000 -1.00000000 0.00000040
vn -0.00000004 -1.00000000 0.00000040
vn -0.00000004 -1.00000000 0.00000040
vn -0.00000004 -1.00000000 0.00000040
vn -0.00000008 -1.00000000 0.00000041
vn -0.00000008 -1.00000000 0.00000041
vn -0.00000008 -1.00000000 0.00000041
vn -0.00000013 -1.00000000 0.00000041
vn -0.00000013 -1.00000000 0.00000041
vn -0.00000013 -1.00000000 0.00000041
vn 0.00000000 -1.00000000 0.00000000
vn 0.00000000 -1.00000000 0.00000000
vn 0.00000000 -1.00000000 0.00000000
vn 0.00000000 -1.00000000 0.00000000
vn 0.00000000 -1.00000000 0.00000000
vn 0.00000000 -1.00000000 0.00000000
vn 0.00000000 -1.00000000 0.00000000
vn 0.00000000 -1.00000000 0.00000000
vn 0.00000000 -1.00000000 0.00000000
vn 0.00000000 -1.00000000 0.00000000
vn 0.00000000 -1.00000000 0.00000000
vn 0.00000000 -1.00000000 0.00000000
vn 0.00000000 -1.00000000 0.00000000
vn 0.00000000 -1.00000000 0.00000000
vn 0.00000000 -1.00000000 0.00000000
vn 0.00000000 -1.00000000 0.00000000
vn 0.00000000 -1.00000000 0.00000000
vn 0.00000000 -1.00000000 0.00000000
vn 0.00000000 -1.00000000 0.00000000
vn 0.00000000 -1.00000000 0.00000000
vn 0.00000000 -1.00000000 0.00000000
vn 0.00000000 -1.00000000 0.00000000
vn 0.00000000 -1.00000000 0.00000000
vn 0.00000000 -1.00000000 0.00000000
vn 0.00000000 -1.00000000 0.00000000
vn 0.00000000 -1.00000000 0.00000000
vn 0.00000000 -1.00000000 0.00000000
vn 0.00000000 -1.00000000 0.00000000
vn 0.00000000 -1.00000000 0.00000000
vn 0.00000000 -1.00000000 0.00000000
vn 0.00000000 -1.00000000 0.00000000
vn 0.00000000 -1.00000000 0.00000000
vn 0.00000000 -1.00000000 0.00000000
vn 0.00000000 -1.00000000 0.00000000
vn 0.00000000 -1.00000000 0.00000000
vn 0.00000000 -1.00000000 0.00000000
vn 0.00000000 -1.00000000 0.00000000
vn 0.00000000 -1.00000000 0.00000000
vn 0.00000000 -1.00000000 0.00000000
vn 0.00000000 -1.00000000 0.00000000
vn 0.00000000 -1.00000000 0.00000000
vn 0.00000000 -1.00000000 0.00000000
vn 0.00000000 -1.00000000 0.00000000
vn 0.00000000 -1.00000000 0.00000000
vn 0.00000000 -1.00000000 0.00000000
vn 0.00000174 1.00000000 -0.00000066
vn 0.00000174 1.00000000 -0.00000066
vn 0.00000174 1.00000000 -0.00000066
vn -0.00001326 1.00000000 0.00000572
vn -0.00001326 1.00000000 0.00000572
vn -0.00001326 1.00000000 0.00000572
vn 0.00000000 1.00000000 0.00000000
vn 0.00000000 1.00000000 0.00000000
vn 0.00000000 1.00000000 0.00000000
vn 0.00000000 1.00000000 0.00000000
vn 0.00000000 1.00000000 0.00000000
vn 0.00000000 1.00000000 0.00000000
vn 0.00000343 1.00000000 0.00000011
vn 0.00000343 1.00000000 0.00000011
vn 0.00000343 1.00000000 0.00000011
vn -0.00000273 1.00000000 0.00000014
vn -0.00000273 1.00000000 0.00000014
vn -0.00000273 1.00000000 0.00000014
vn 0.00000000 1.00000000 0.00000000
vn 0.00000000 1.00000000 0.00000000
vn 0.00000000 1.00000000 0.00000000
vn 0.00000000 1.00000000 0.00000000
vn 0.00000000 1.00000000 0.00000000
vn 0.00000000 1.00000000 0.00000000
vn 0.00000000 1.00000000 0.00000000
vn 0.00000000 1.00000000 0.00000000
vn 0.00000000 1.00000000 0.00000000
vn 0.00000000 1.00000000 0.00000000
vn 0.00000000 1.00000000 0.00000000
vn 0.00000000 1.00000000 0.00000000
vn 0.00000000 1.00000000 0.00000000
vn 0.00000000 1.00000000 0.00000000
vn 0.00000000 1.00000000 0.00000000
vn 0.00000000 1.00000000 0.00000000
vn 0.00000000 1.00000000 0.00000000
vn 0.00000000 1.00000000 0.00000000
vn 0.00000000 1.00000000 0.00000000
vn 0.00000000 1.00000000 0.00000000
vn 0.00000000 1.00000000 0.00000000
vn 0.00000000 1.00000000 0.00000000
vn 0.00000000 1.00000000 0.00000000
vn 0.00000000 1.00000000 0.00000000
vn 0.00000000 1.00000000 0.00000000
vn 0.00000000 1.00000000 0.00000000
vn 0.00000000 1.00000000 0.00000000
vn 0.00000000 1.00000000 0.00000000
vn 0.00000000 1.00000000 0.00000000
vn 0.00000000 1.00000000 0.00000000
vn 0.00000000 1.00000000 0.00000000
vn 0.00000000 1.00000000 0.00000000
vn 0.00000000 1.00000000 0.00000000
vn 0.00000000 1.00000000 0.00000000
vn 0.00000000 1.00000000 0.00000000
vn 0.00000000 1.00000000 0.00000000
vn 0.00000000 1.00000000 0.00000000
vn 0.00000000 1.00000000 0.00000000
vn 0.00000000 1.00000000 0.00000000
vn 0.00000000 1.00000000 0.00000000
vn 0.00000000 1.00000000 0.00000000
vn 0.00000000 1.00000000 0.00000000
vn 0.00000000 1.00000000 0.00000000
vn 0.00000000 1.00000000 0.00000000
vn 0.00000000 1.00000000 0.00000000
vn 0.00000000 1.00000000 0.00000000
vn 0.00000000 1.00000000 0.00000000
vn 0.00000000 1.00000000 0.00000000
vn 0.00000000 1.00000000 0.00000000
vn 0.00000000 1.00000000 0.00000000
vn 0.00000000 1.00000000 0.00000000
vn 0.00000000 1.00000000 0.00000000
vn 0.00000000 1.00000000 0.00000000
vn 0.00000000 1.00000000 0.00000000
vn 0.00000000 1.00000000 0.00000000
vn 0.00000000 1.00000000 0.00000000
vn 0.00000000 1.00000000 0.00000000
vn 0.00000000 1.00000000 0.00000000
vn 0.00000000 1.00000000 0.00000000
vn 0.00000000 1.00000000 0.00000000
vn 0.00000000 1.00000000 0.00000000
vn 0.00000000 1.00000000 0.00000000
vn 0.00000000 1.00000000 0.00000000
vn 0.00000000 1.00000000 0.00000000
vn 0.00000000 1.00000000 0.00000000
vn 0.00000000 1.00000000 0.00000000
vn 0.00000000 1.00000000 0.00000000
vn 0.00000000 1.00000000 0.00000000
vn 0.00000000 1.00000000 0.00000000
vn 0.00000000 1.00000000 0.00000000
vn 0.00000000 1.00000000 0.00000000
vn 0.00000000 1.00000000 0.00000000
vn 0.00000000 1.00000000 0.00000000
vn 0.00000000 1.00000000 0.00000000
vn 0.00000000 1.00000000 0.00000000
vn 0.00000000 1.00000000 0.00000000
vn 0.00000000 1.00000000 0.00000000
vn 0.00000000 1.00000000 0.00000000
vn 0.00000000 1.00000000 0.00000000
vn 0.00000000 1.00000000 0.00000000
vn 0.00000000 1.00000000 0.00000000
vn 0.00000000 1.00000000 0.00000000
vn 0.00000000 1.00000000 0.00000000
vn 0.00000000 1.00000000 0.00000000
vn 0.00000000 1.00000000 0.00000000
vn 0.00000000 1.00000000 0.00000000
vn 0.00000000 1.00000000 0.00000000
vn 0.00000000 1.00000000 0.00000000
vn 0.00000000 1.00000000 0.00000000
vn 0.00000000 1.00000000 0.00000000
vn 0.00000000 1.00000000 0.00000000
vn 0.00000000 1.00000000 0.00000000
vn 0.00000000 1.00000000 0.00000000
vn 0.00000000 1.00000000 0.00000000
vn 0.00000000 1.00000000 0.00000000
vn 0.00000000 1.00000000 0.00000000
vn 0.00000000 1.00000000 0.00000000
vn 0.00000000 1.00000000 0.00000000
vn 0.00000000 1.00000000 0.00000000
vn 0.00000000 1.00000000 0.00000000
vn 0.00000000 1.00000000 0.00000000
vn 0.00000000 1.00000000 0.00000000
vn 0.00000000 1.00000000 0.00000000
vn 0.00000000 1.00000000 0.00000000
vn 0.00000000 1.00000000 0.00000000
vn 0.00000000 1.00000000 0.00000000
vn 0.00000000 1.00000000 0.00000000
vn 0.00000000 1.00000000 0.00000000
vn 0.00000000 1.00000000 0.00000000
vn 0.00000000 1.00000000 0.00000000
vn 0.00000000 1.00000000 0.00000000
vn 0.99998636 -0.00522368 -0.00000000
vn 0.99998636 -0.00522368 -0.00000000
vn 0.99998636 -0.00522368 -0.00000000
vn 0.99951163 -0.03124813 0.00021812
vn 0.99951163 -0.03124813 0.00021812
vn 0.99951163 -0.03124813 0.00021812
vn 0.99914530 -0.04133549 -0.00020519
vn 0.99914530 -0.04133549 -0.00020519
vn 0.99914530 -0.04133549 -0.00020519
vn 0.99623920 -0.08664541 0.00015232
vn 0.99623920 -0.08664541 0.00015232
vn 0.99623920 -0.08664541 0.00015232
vn 0.99659832 -0.08241230 0.00001987
vn 0.99659832 -0.08241230 0.00001987
vn 0.99659832 -0.08241230 0.00001987
vn 0.99356197 -0.11328994 -0.00001183
vn 0.99356197 -0.11328994 -0.00001183
vn 0.99356197 -0.11328994 -0.00001183
vn 0.99308921 -0.11736189 -0.00008883
vn 0.99308921 -0.11736189 -0.00008883
vn 0.99308921 -0.11736189 -0.00008883
vn 0.99161576 -0.12922147 0.00000226
vn 0.99161576 -0.12922147 0.00000226
vn 0.99161576 -0.12922147 0.00000226
vn 0.98642974 -0.16418392 -0.00001423
vn 0.98642974 -0.16418392 -0.00001423
vn 0.98642974 -0.16418392 -0.00001423
vn 0.98714934 -0.15980026 -0.00023313
vn 0.98714934 -0.15980026 -0.00023313
vn 0.98714934 -0.15980026 -0.00023313
vn 0.98023067 -0.19785812 0.00006154
vn 0.98023067 -0.19785812 0.00006154
vn 0.98023067 -0.19785812 0.00006154
vn 0.97649912 -0.21552117 0.00029666
vn 0.97649912 -0.21552117 0.00029666
vn 0.97649912 -0.21552117 0.00029666
vn 0.97362082 -0.22817200 -0.00017899
vn 0.97362082 -0.22817200 -0.00017899
vn 0.97362082 -0.22817200 -0.00017899
vn 0.96547752 -0.26048638 0.00008304
vn 0.96547752 -0.26048638 0.00008304
vn 0.96547752 -0.26048638 0.00008304
vn 0.96673703 -0.25577239 0.00000000
vn 0.96673703 -0.25577239 0.00000000
vn 0.96673703 -0.25577239 0.00000000
vn 0.95687296 -0.29050668 0.00000000
vn 0.95687296 -0.29050668 0.00000000
vn 0.95687296 -0.29050668 0.00000000
vn 0.95931961 -0.28232208 -0.00035113
vn 0.95931961 -0.28232208 -0.00035113
vn 0.95931961 -0.28232208 -0.00035113
vn 0.95338307 -0.30176269 -0.00007153
vn 0.95338307 -0.30176269 -0.00007153
vn 0.95338307 -0.30176269 -0.00007153
vn 0.94473356 -0.32783910 0.00015817
vn 0.94473356 -0.32783910 0.00015817
vn 0.94473356 -0.32783910 0.00015817
vn 0.94808617 -0.31801351 -0.00015821
vn 0.94808617 -0.31801351 -0.00015821
vn 0.94808617 -0.31801351 -0.00015821
vn 0.93282560 -0.36032812 0.00021789
vn 0.93282560 -0.36032812 0.00021789
vn 0.93282560 -0.36032812 0.00021789
vn 0.93021576 -0.36701313 -0.00008320
vn 0.93021576 -0.36701313 -0.00008320
vn 0.93021576 -0.36701313 -0.00008320
vn 0.92032453 -0.39115566 0.00000000
vn 0.92032453 -0.39115566 0.00000000
vn 0.92032453 -0.39115566 0.00000000
vn 0.91844090 -0.39555823 0.00000000
vn 0.91844090 -0.39555823 0.00000000
vn 0.91844090 -0.39555823 0.00000000
vn 0.90456891 -0.42632742 0.00015580
vn 0.90456891 -0.42632742 0.00015580
vn 0.90456891 -0.42632742 0.00015580
vn 0.90776077 -0.41948816 -0.00025398
vn 0.90776077 -0.41948816 -0.00025398
vn 0.90776077 -0.41948816 -0.00025398
vn 0.88278237 -0.46978215 0.00016894
vn 0.88278237 -0.46978215 0.00016894
vn 0.88278237 -0.46978215 0.00016894
vn 0.88099492 -0.47312563 0.00030587
vn 0.88099492 -0.47312563 0.00030587
vn 0.88099492 -0.47312563 0.00030587
vn 0.86784570 -0.49683381 -0.00006374
vn 0.86784570 -0.49683381 -0.00006374
vn 0.86784570 -0.49683381 -0.00006374
vn 0.78937745 -0.61390816 0.00001736
vn 0.78937745 -0.61390816 0.00001736
vn 0.78937745 -0.61390816 0.00001736
vn 0.78669421 -0.61734286 0.00010785
vn 0.78669421 -0.61734286 0.00010785
vn 0.78669421 -0.61734286 0.00010785
vn 0.80665926 -0.59101676 -0.00016840
vn 0.80665926 -0.59101676 -0.00016840
vn 0.80665926 -0.59101676 -0.00016840
vn 0.81014377 -0.58623114 -0.00036034
vn 0.81014377 -0.58623114 -0.00036034
vn 0.81014377 -0.58623114 -0.00036034
vn 0.85988144 -0.51049379 0.00005535
vn 0.85988144 -0.51049379 0.00005535
vn 0.85988144 -0.51049379 0.00005535
vn 0.86225768 -0.50646983 0.00000000
vn 0.86225768 -0.50646983 0.00000000
vn 0.86225768 -0.50646983 0.00000000
vn 0.84362401 -0.53693438 0.00000000
vn 0.84362401 -0.53693438 0.00000000
vn 0.84362401 -0.53693438 0.00000000
vn 0.84621703 -0.53283834 -0.00022128
vn 0.84621703 -0.53283834 -0.00022128
vn 0.84621703 -0.53283834 -0.00022128
vn 0.82453684 -0.56580827 0.00008673
vn 0.82453684 -0.56580827 0.00008673
vn 0.82453684 -0.56580827 0.00008673
vn 0.71911309 -0.69489301 -0.00026896
vn 0.71911309 -0.69489301 -0.00026896
vn 0.71911309 -0.69489301 -0.00026896
vn 0.71246019 -0.70171248 0.00027870
vn 0.71246019 -0.70171248 0.00027870
vn 0.71246019 -0.70171248 0.00027870
vn 0.74661520 -0.66525614 -0.00011126
vn 0.74661520 -0.66525614 -0.00011126
vn 0.74661520 -0.66525614 -0.00011126
vn 0.74635656 -0.66554630 -0.00010234
vn 0.74635656 -0.66554630 -0.00010234
vn 0.74635656 -0.66554630 -0.00010234
vn 0.76703697 -0.64160290 0.00012478
vn 0.76703697 -0.64160290 0.00012478
vn 0.76703697 -0.64160290 0.00012478
vn 0.76656438 -0.64216744 0.00014539
vn 0.76656438 -0.64216744 0.00014539
vn 0.76656438 -0.64216744 0.00014539
vn 0.77814726 -0.62808188 -0.00000709
vn 0.77814726 -0.62808188 -0.00000709
vn 0.77814726 -0.62808188 -0.00000709
vn 0.59578710 -0.80314241 0.00003812
vn 0.59578710 -0.80314241 0.00003812
vn 0.59578710 -0.80314241 0.00003812
vn 0.60387269 -0.79708078 -0.00004076
vn 0.60387269 -0.79708078 -0.00004076
vn 0.60387269 -0.79708078 -0.00004076
vn 0.62788515 -0.77830597 0.00021549
vn 0.62788515 -0.77830597 0.00021549
vn 0.62788515 -0.77830597 0.00021549
vn 0.62830726 -0.77796526 0.00019310
vn 0.62830726 -0.77796526 0.00019310
vn 0.62830726 -0.77796526 0.00019310
vn 0.66695148 -0.74510113 -0.00018899
vn 0.66695148 -0.74510113 -0.00018899
vn 0.66695148 -0.74510113 -0.00018899
vn 0.66779338 -0.74434665 -0.00023466
vn 0.66779338 -0.74434665 -0.00023466
vn 0.66779338 -0.74434665 -0.00023466
vn 0.68662201 -0.72701459 0.00000461
vn 0.68662201 -0.72701459 0.00000461
vn 0.68662201 -0.72701459 0.00000461
vn 0.69419628 -0.71978575 -0.00000372
vn 0.69419628 -0.71978575 -0.00000372
vn 0.69419628 -0.71978575 -0.00000372
vn 0.50332108 -0.86409947 -0.00005948
vn 0.50332108 -0.86409947 -0.00005948
vn 0.50332108 -0.86409947 -0.00005948
vn 0.49783764 -0.86727021 0.00027085
vn 0.49783764 -0.86727021 0.00027085
vn 0.49783764 -0.86727021 0.00027085
vn 0.54167383 -0.84058874 -0.00015825
vn 0.54167383 -0.84058874 -0.00015825
vn 0.54167383 -0.84058874 -0.00015825
vn 0.53291341 -0.84616977 0.00015830
vn 0.53291341 -0.84616977 0.00015830
vn 0.53291341 -0.84616977 0.00015830
vn 0.57068434 -0.82116949 -0.00022044
vn 0.57068434 -0.82116949 -0.00022044
vn 0.57068434 -0.82116949 -0.00022044
vn 0.56641300 -0.82412154 0.00000000
vn 0.56641300 -0.82412154 0.00000000
vn 0.56641300 -0.82412154 0.00000000
vn 0.59188422 -0.80602299 0.00000000
vn 0.59188422 -0.80602299 0.00000000
vn 0.59188422 -0.80602299 0.00000000
vn 0.26640073 -0.96386232 0.00028177
vn 0.26640073 -0.96386232 0.00028177
vn 0.26640073 -0.96386232 0.00028177
vn 0.32185131 -0.94679021 -0.00017114
vn 0.32185131 -0.94679021 -0.00017114
vn 0.32185131 -0.94679021 -0.00017114
vn 0.32872004 -0.94442741 0.00008529
vn 0.32872004 -0.94442741 0.00008529
vn 0.32872004 -0.94442741 0.00008529
vn 0.34933337 -0.93699850 0.00000000
vn 0.34933337 -0.93699850 0.00000000
vn 0.34933337 -0.93699850 0.00000000
vn 0.35771110 -0.93383230 0.00000000
vn 0.35771110 -0.93383230 0.00000000
vn 0.35771110 -0.93383230 0.00000000
vn 0.35334732 -0.93549221 0.00004898
vn 0.35334732 -0.93549221 0.00004898
vn 0.35334732 -0.93549221 0.00004898
vn 0.39238628 -0.91980049 -0.00026788
vn 0.39238628 -0.91980049 -0.00026788
vn 0.39238628 -0.91980049 -0.00026788
vn 0.38376502 -0.92343074 0.00026788
vn 0.38376502 -0.92343074 0.00026788
vn 0.38376502 -0.92343074 0.00026788
vn 0.42981586 -0.90291656 -0.00011181
vn 0.42981586 -0.90291656 -0.00011181
vn 0.42981586 -0.90291656 -0.00011181
vn 0.42622224 -0.90461848 -0.00001680
vn 0.42622224 -0.90461848 -0.00001680
vn 0.42622224 -0.90461848 -0.00001680
vn 0.45762046 -0.88914763 0.00002287
vn 0.45762046 -0.88914763 0.00002287
vn 0.45762046 -0.88914763 0.00002287
vn 0.45393307 -0.89103577 0.00015737
vn 0.45393307 -0.89103577 0.00015737
vn 0.45393307 -0.89103577 0.00015737
vn 0.47079636 -0.88224191 0.00000891
vn 0.47079636 -0.88224191 0.00000891
vn 0.47079636 -0.88224191 0.00000891
vn 0.27853105 -0.96042712 -0.00045091
vn 0.27853105 -0.96042712 -0.00045091
vn 0.27853105 -0.96042712 -0.00045091
vn 0.24872770 -0.96857345 -0.00006500
vn 0.24872770 -0.96857345 -0.00006500
vn 0.24872770 -0.96857345 -0.00006500
vn 0.22948342 -0.97331256 0.00010072
vn 0.22948342 -0.97331256 0.00010072
vn 0.22948342 -0.97331256 0.00010072
vn 0.23453118 -0.97210860 0.00000000
vn 0.23453118 -0.97210860 0.00000000
vn 0.23453118 -0.97210860 0.00000000
vn 0.21608916 -0.97637364 0.00000000
vn 0.21608916 -0.97637364 0.00000000
vn 0.21608916 -0.97637364 0.00000000
vn 0.22116040 -0.97523745 -0.00005751
vn 0.22116040 -0.97523745 -0.00005751
vn 0.22116040 -0.97523745 -0.00005751
vn 0.17905692 -0.98383867 0.00030176
vn 0.17905692 -0.98383867 0.00030176
vn 0.17905692 -0.98383867 0.00030176
vn 0.18892651 -0.98199119 -0.00028177
vn 0.18892651 -0.98199119 -0.00028177
vn 0.18892651 -0.98199119 -0.00028177
vn 0.11798624 -0.99301519 0.00027865
vn 0.11798624 -0.99301519 0.00027865
vn 0.11798624 -0.99301519 0.00027865
vn 0.12743899 -0.99184637 -0.00026886
vn 0.12743899 -0.99184637 -0.00026886
vn 0.12743899 -0.99184637 -0.00026886
vn 0.09328075 -0.99563984 -0.00001005
vn 0.09328075 -0.99563984 -0.00001005
vn 0.09328075 -0.99563984 -0.00001005
vn 0.06869178 -0.99763793 0.00004295
vn 0.06869178 -0.99763793 0.00004295
vn 0.06869178 -0.99763793 0.00004295
vn 0.07185445 -0.99741513 -0.00005909
vn 0.07185445 -0.99741513 -0.00005909
vn 0.07185445 -0.99741513 -0.00005909
vn 0.03783537 -0.99928399 0.00004163
vn 0.03783537 -0.99928399 0.00004163
vn 0.03783537 -0.99928399 0.00004163
vn 0.04434449 -0.99901629 -0.00010607
vn 0.04434449 -0.99901629 -0.00010607
vn 0.04434449 -0.99901629 -0.00010607
vn -0.00542856 -0.99998523 0.00026885
vn -0.00542856 -0.99998523 0.00026885
vn -0.00542856 -0.99998523 0.00026885
vn 0.00409654 -0.99999157 -0.00027868
vn 0.00409654 -0.99999157 -0.00027868
vn 0.00409654 -0.99999157 -0.00027868
vn -0.04049024 -0.99917993 0.00006940
vn -0.04049024 -0.99917993 0.00006940
vn -0.04049024 -0.99917993 0.00006940
vn -0.03674483 -0.99932468 0.00001575
vn -0.03674483 -0.99932468 0.00001575
vn -0.03674483 -0.99932468 0.00001575
vn -0.07169121 -0.99742687 -0.00004619
vn -0.07169121 -0.99742687 -0.00004619
vn -0.07169121 -0.99742687 -0.00004619
vn -0.06760600 -0.99771207 -0.00021835
vn -0.06760600 -0.99771207 -0.00021835
vn -0.06760600 -0.99771207 -0.00021835
vn -0.11246146 -0.99365607 0.00015824
vn -0.11246146 -0.99365607 0.00015824
vn -0.11246146 -0.99365607 0.00015824
vn -0.10213613 -0.99477042 -0.00015825
vn -0.10213613 -0.99477042 -0.00015825
vn -0.10213613 -0.99477042 -0.00015825
vn -0.13908590 -0.99028031 0.00015297
vn -0.13908590 -0.99028031 0.00015297
vn -0.13908590 -0.99028031 0.00015297
vn -0.13153348 -0.99131173 -0.00007160
vn -0.13153348 -0.99131173 -0.00007160
vn -0.13153348 -0.99131173 -0.00007160
vn -0.16513781 -0.98627050 0.00006132
vn -0.16513781 -0.98627050 0.00006132
vn -0.16513781 -0.98627050 0.00006132
vn -0.16241051 -0.98672328 -0.00000849
vn -0.16241051 -0.98672328 -0.00000849
vn -0.16241051 -0.98672328 -0.00000849
vn -0.18266919 -0.98317443 0.00000263
vn -0.18266919 -0.98317443 0.00000263
vn -0.18266919 -0.98317443 0.00000263
vn -0.20796350 -0.97813656 0.00020541
vn -0.20796350 -0.97813656 0.00020541
vn -0.20796350 -0.97813656 0.00020541
vn -0.21735871 -0.97609177 -0.00019905
vn -0.21735871 -0.97609177 -0.00019905
vn -0.21735871 -0.97609177 -0.00019905
vn -0.26808201 -0.96339607 0.00019933
vn -0.26808201 -0.96339607 0.00019933
vn -0.26808201 -0.96339607 0.00019933
vn -0.27718950 -0.96081525 -0.00019945
vn -0.27718950 -0.96081525 -0.00019945
vn -0.27718950 -0.96081525 -0.00019945
vn -0.30318624 -0.95293132 0.00000760
vn -0.30318624 -0.95293132 0.00000760
vn -0.30318624 -0.95293132 0.00000760
vn -0.32695423 -0.94504017 -0.00003265
vn -0.32695423 -0.94504017 -0.00003265
vn -0.32695423 -0.94504017 -0.00003265
vn -0.32746437 -0.94486353 -0.00005030
vn -0.32746437 -0.94486353 -0.00005030
vn -0.32746437 -0.94486353 -0.00005030
vn -0.35060834 -0.93652218 0.00001062
vn -0.35060834 -0.93652218 0.00001062
vn -0.35060834 -0.93652218 0.00001062
vn -0.35662072 -0.93424925 -0.00003376
vn -0.35662072 -0.93424925 -0.00003376
vn -0.35662072 -0.93424925 -0.00003376
vn -0.38479345 -0.92300269 0.00020510
vn -0.38479345 -0.92300269 0.00020510
vn -0.38479345 -0.92300269 0.00020510
vn -0.39409737 -0.91906867 -0.00021851
vn -0.39409737 -0.91906867 -0.00021851
vn -0.39409737 -0.91906867 -0.00021851
vn -0.41789607 -0.90849484 -0.00000026
vn -0.41789607 -0.90849484 -0.00000026
vn -0.41789607 -0.90849484 -0.00000026
vn 0.77829556 0.62789810 0.00000897
vn 0.77829556 0.62789810 0.00000897
vn 0.77829556 0.62789810 0.00000897
vn -0.41782311 0.90852840 0.00000059
vn -0.41782311 0.90852840 0.00000059
vn -0.41782311 0.90852840 0.00000059
vn -0.39409219 0.91907089 0.00021820
vn -0.39409219 0.91907089 0.00021820
vn -0.39409219 0.91907089 0.00021820
vn -0.38479465 0.92300219 -0.00020512
vn -0.38479465 0.92300219 -0.00020512
vn -0.38479465 0.92300219 -0.00020512
vn -0.35205524 0.93597922 0.00007218
vn -0.35205524 0.93597922 0.00007218
vn -0.35205524 0.93597922 0.00007218
vn -0.35518174 0.93479727 0.00002279
vn -0.35518174 0.93479727 0.00002279
vn -0.35518174 0.93479727 0.00002279
vn -0.32298864 0.94640284 -0.00006204
vn -0.32298864 0.94640284 -0.00006204
vn -0.32298864 0.94640284 -0.00006204
vn -0.32601020 0.94536623 -0.00019085
vn -0.32601020 0.94536623 -0.00019085
vn -0.32601020 0.94536623 -0.00019085
vn -0.29089626 0.95675460 0.00009052
vn -0.29089626 0.95675460 0.00009052
vn -0.29089626 0.95675460 0.00009052
vn -0.29542457 0.95536607 0.00000000
vn -0.29542457 0.95536607 0.00000000
vn -0.29542457 0.95536607 0.00000000
vn -0.26120256 0.96528401 0.00000000
vn -0.26120256 0.96528401 0.00000000
vn -0.26120256 0.96528401 0.00000000
vn -0.26576701 0.96403727 -0.00018102
vn -0.26576701 0.96403727 -0.00018102
vn -0.26576701 0.96403727 -0.00018102
vn -0.20796350 0.97813655 0.00027226
vn -0.20796350 0.97813655 0.00027226
vn -0.20796350 0.97813655 0.00027226
vn -0.21735872 0.97609175 -0.00028099
vn -0.21735872 0.97609175 -0.00028099
vn -0.21735872 0.97609175 -0.00028099
vn -0.16714237 0.98593276 0.00012136
vn -0.16714237 0.98593276 0.00012136
vn -0.16714237 0.98593276 0.00012136
vn -0.17195478 0.98510484 0.00000000
vn -0.17195478 0.98510484 0.00000000
vn -0.17195478 0.98510484 0.00000000
vn -0.13628644 0.99066947 0.00000000
vn -0.13628644 0.99066947 0.00000000
vn -0.13628644 0.99066947 0.00000000
vn -0.14143020 0.98994821 -0.00017281
vn -0.14143020 0.98994821 -0.00017281
vn -0.14143020 0.98994821 -0.00017281
vn -0.10213616 0.99477042 0.00015820
vn -0.10213616 0.99477042 0.00015820
vn -0.10213616 0.99477042 0.00015820
vn -0.11245961 0.99365628 -0.00015824
vn -0.11245961 0.99365628 -0.00015824
vn -0.11245961 0.99365628 -0.00015824
vn -0.06984295 0.99755798 0.00019960
vn -0.06984295 0.99755798 0.00019960
vn -0.06984295 0.99755798 0.00019960
vn -0.06766036 0.99770837 0.00028368
vn -0.06766036 0.99770837 0.00028368
vn -0.06766036 0.99770837 0.00028368
vn -0.03898196 0.99923991 -0.00005762
vn -0.03898196 0.99923991 -0.00005762
vn -0.03898196 0.99923991 -0.00005762
vn -0.03158771 0.99950098 0.00000014
vn -0.03158771 0.99950098 0.00000014
vn -0.03158771 0.99950098 0.00000014
vn 0.00409551 0.99999161 -0.00000097
vn 0.00409551 0.99999161 -0.00000097
vn 0.00409551 0.99999161 -0.00000097
vn -0.00056216 0.99999982 -0.00023222
vn -0.00056216 0.99999982 -0.00023222
vn -0.00056216 0.99999982 -0.00023222
vn 0.04250977 0.99909605 0.00009225
vn 0.04250977 0.99909605 0.00009225
vn 0.04250977 0.99909605 0.00009225
vn 0.03966987 0.99921284 0.00003622
vn 0.03966987 0.99921284 0.00003622
vn 0.03966987 0.99921284 0.00003622
vn 0.07335497 0.99730589 -0.00006359
vn 0.07335497 0.99730589 -0.00006359
vn 0.07335497 0.99730589 -0.00006359
vn 0.07052158 0.99751024 -0.00016191
vn 0.07052158 0.99751024 -0.00016191
vn 0.07052158 0.99751024 -0.00016191
vn 0.10017865 0.99496946 0.00006227
vn 0.10017865 0.99496946 0.00006227
vn 0.10017865 0.99496946 0.00006227
vn 0.09552085 0.99542743 0.00000000
vn 0.09552085 0.99542743 0.00000000
vn 0.09552085 0.99542743 0.00000000
vn 0.13099382 0.99138318 0.00000000
vn 0.13099382 0.99138318 0.00000000
vn 0.13099382 0.99138318 0.00000000
vn 0.12618583 0.99200660 -0.00021422
vn 0.12618583 0.99200660 -0.00021422
vn 0.12618583 0.99200660 -0.00021422
vn 0.18892651 0.98199119 0.00028176
vn 0.18892651 0.98199119 0.00028176
vn 0.18892651 0.98199119 0.00028176
vn 0.17905591 0.98383885 -0.00030184
vn 0.17905591 0.98383885 -0.00030184
vn 0.17905591 0.98383885 -0.00030184
vn 0.22597937 0.97413208 0.00009880
vn 0.22597937 0.97413208 0.00009880
vn 0.22597937 0.97413208 0.00009880
vn 0.22278572 0.97486744 0.00003641
vn 0.22278572 0.97486744 0.00003641
vn 0.22278572 0.97486744 0.00003641
vn 0.23933772 0.97093638 -0.00001597
vn 0.23933772 0.97093638 -0.00001597
vn 0.23933772 0.97093638 -0.00001597
vn 0.26639975 0.96386261 0.00021792
vn 0.26639975 0.96386261 0.00021792
vn 0.26639975 0.96386261 0.00021792
vn 0.27606565 0.96113876 -0.00020341
vn 0.27606565 0.96113876 -0.00020341
vn 0.27606565 0.96113876 -0.00020341
vn 0.33152411 0.94344671 0.00025104
vn 0.33152411 0.94344671 0.00025104
vn 0.33152411 0.94344671 0.00025104
vn 0.32163800 0.94686267 -0.00029053
vn 0.32163800 0.94686267 -0.00029053
vn 0.32163800 0.94686267 -0.00029053
vn 0.35086278 0.93642688 -0.00001021
vn 0.35086278 0.93642688 -0.00001021
vn 0.35086278 0.93642688 -0.00001021
vn 0.43044753 0.90261559 0.00011707
vn 0.43044753 0.90261559 0.00011707
vn 0.43044753 0.90261559 0.00011707
vn 0.38376417 0.92343110 -0.00026792
vn 0.38376417 0.92343110 -0.00026792
vn 0.38376417 0.92343110 -0.00026792
vn 0.39238624 0.91980050 0.00026790
vn 0.39238624 0.91980050 0.00026790
vn 0.39238624 0.91980050 0.00026790
vn 0.36048091 0.93276659 0.00000854
vn 0.36048091 0.93276659 0.00000854
vn 0.36048091 0.93276659 0.00000854
vn 0.42558469 0.90491860 -0.00001759
vn 0.42558469 0.90491860 -0.00001759
vn 0.42558469 0.90491860 -0.00001759
vn 0.45330302 0.89135648 0.00001744
vn 0.45330302 0.89135648 0.00001744
vn 0.45330302 0.89135648 0.00001744
vn 0.45824667 0.88882505 -0.00011953
vn 0.45824667 0.88882505 -0.00011953
vn 0.45824667 0.88882505 -0.00011953
vn 0.47166772 0.88177637 -0.00000119
vn 0.47166772 0.88177637 -0.00000119
vn 0.47166772 0.88177637 -0.00000119
vn 0.50332109 0.86409946 0.00000760
vn 0.50332109 0.86409946 0.00000760
vn 0.50332109 0.86409946 0.00000760
vn 0.49869582 0.86677702 -0.00026258
vn 0.49869582 0.86677702 -0.00026258
vn 0.49869582 0.86677702 -0.00026258
vn 0.54167047 0.84059091 0.00015823
vn 0.54167047 0.84059091 0.00015823
vn 0.54167047 0.84059091 0.00015823
vn 0.53291081 0.84617140 -0.00015829
vn 0.53291081 0.84617140 -0.00015829
vn 0.53291081 0.84617140 -0.00015829
vn 0.56987079 0.82173429 0.00021222
vn 0.56987079 0.82173429 0.00021222
vn 0.56987079 0.82173429 0.00021222
vn 0.56559576 0.82468262 0.00000000
vn 0.56559576 0.82468262 0.00000000
vn 0.56559576 0.82468262 0.00000000
vn 0.59498751 0.80373495 0.00000000
vn 0.59498751 0.80373495 0.00000000
vn 0.59498751 0.80373495 0.00000000
vn 0.59108515 0.80660916 -0.00008365
vn 0.59108515 0.80660916 -0.00008365
vn 0.59108515 0.80660916 -0.00008365
vn 0.62788786 0.77830377 0.00027879
vn 0.62788786 0.77830377 0.00027879
vn 0.62788786 0.77830377 0.00027879
vn 0.62044240 0.78425197 -0.00026902
vn 0.62044240 0.78425197 -0.00026902
vn 0.62044240 0.78425197 -0.00026902
vn 0.66345776 0.74821372 0.00015366
vn 0.66345776 0.74821372 0.00015366
vn 0.66345776 0.74821372 0.00015366
vn 0.66942975 0.74287535 -0.00010962
vn 0.66942975 0.74287535 -0.00010962
vn 0.66942975 0.74287535 -0.00010962
vn 0.68626064 0.72735571 0.00001325
vn 0.68626064 0.72735571 0.00001325
vn 0.68626064 0.72735571 0.00001325
vn 0.69205379 0.72184593 -0.00001860
vn 0.69205379 0.72184593 -0.00001860
vn 0.69205379 0.72184593 -0.00001860
vn 0.71245968 0.70171303 0.00019731
vn 0.71245968 0.70171303 0.00019731
vn 0.71245968 0.70171303 0.00019731
vn 0.76369461 0.64557768 -0.00003107
vn 0.76369461 0.64557768 -0.00003107
vn 0.76369461 0.64557768 -0.00003107
vn 0.76726476 0.64133047 0.00012741
vn 0.76726476 0.64133047 0.00012741
vn 0.76726476 0.64133047 0.00012741
vn 0.74337828 0.66887122 -0.00013437
vn 0.74337828 0.66887122 -0.00013437
vn 0.74337828 0.66887122 -0.00013437
vn 0.74957362 0.66192097 0.00014613
vn 0.74957362 0.66192097 0.00014613
vn 0.74957362 0.66192097 0.00014613
vn 0.71911310 0.69489302 -0.00020431
vn 0.71911310 0.69489302 -0.00020431
vn 0.71911310 0.69489302 -0.00020431
vn 0.78937462 0.61391179 0.00015816
vn 0.78937462 0.61391179 0.00015816
vn 0.78937462 0.61391179 0.00015816
vn 0.78295913 0.62207312 -0.00015821
vn 0.78295913 0.62207312 -0.00015821
vn 0.78295913 0.62207312 -0.00015821
vn 0.80937352 0.58729419 0.00020698
vn 0.80937352 0.58729419 0.00020698
vn 0.80937352 0.58729419 0.00020698
vn 0.80357420 0.59520456 -0.00018386
vn 0.80357420 0.59520456 -0.00018386
vn 0.80357420 0.59520456 -0.00018386
vn 0.82713538 0.56200271 0.00011856
vn 0.82713538 0.56200271 0.00011856
vn 0.82713538 0.56200271 0.00011856
vn 0.82178240 0.56980144 -0.00012458
vn 0.82178240 0.56980144 -0.00012458
vn 0.82178240 0.56980144 -0.00012458
vn 0.84250507 0.53868839 0.00016725
vn 0.84250507 0.53868839 0.00016725
vn 0.84250507 0.53868839 0.00016725
vn 0.83988309 0.54276735 0.00000000
vn 0.83988309 0.54276735 0.00000000
vn 0.83988309 0.54276735 0.00000000
vn 0.85872613 0.51243480 0.00000000
vn 0.85872613 0.51243480 0.00000000
vn 0.85872613 0.51243480 0.00000000
vn 0.85632162 0.51644290 -0.00010750
vn 0.85632162 0.51644290 -0.00010750
vn 0.85632162 0.51644290 -0.00010750
vn 0.87016378 0.49276261 0.00009910
vn 0.87016378 0.49276261 0.00009910
vn 0.87016378 0.49276261 0.00009910
vn 0.87653028 0.48134658 0.00037573
vn 0.87653028 0.48134658 0.00037573
vn 0.87653028 0.48134658 0.00037573
vn 0.88497020 0.46564765 -0.00013381
vn 0.88497020 0.46564765 -0.00013381
vn 0.88497020 0.46564765 -0.00013381
vn 0.90398563 0.42756280 0.00018681
vn 0.90398563 0.42756280 0.00018681
vn 0.90398563 0.42756280 0.00018681
vn 0.90197687 0.43178435 0.00000000
vn 0.90197687 0.43178435 0.00000000
vn 0.90197687 0.43178435 0.00000000
vn 0.91681967 0.39930152 0.00000000
vn 0.91681967 0.39930152 0.00000000
vn 0.91681967 0.39930152 0.00000000
vn 0.91487170 0.40374469 -0.00008506
vn 0.91487170 0.40374469 -0.00008506
vn 0.91487170 0.40374469 -0.00008506
vn 0.93282418 0.36033176 0.00028166
vn 0.93282418 0.36033176 0.00028166
vn 0.93282418 0.36033176 0.00028166
vn 0.92916044 0.36967659 -0.00030167
vn 0.92916044 0.36967659 -0.00030167
vn 0.92916044 0.36967659 -0.00030167
vn 0.94808690 0.31801132 0.00015841
vn 0.94808690 0.31801132 0.00015841
vn 0.94808690 0.31801132 0.00015841
vn 0.94473073 0.32784726 -0.00015831
vn 0.94473073 0.32784726 -0.00015831
vn 0.94473073 0.32784726 -0.00015831
vn 0.95520405 0.29594797 0.00012243
vn 0.95520405 0.29594797 0.00012243
vn 0.95520405 0.29594797 0.00012243
vn 0.95365444 0.30090397 0.00000000
vn 0.95365444 0.30090397 0.00000000
vn 0.95365444 0.30090397 0.00000000
vn 0.96389340 0.26628839 0.00000000
vn 0.96389340 0.26628839 0.00000000
vn 0.96389340 0.26628839 0.00000000
vn 0.96258110 0.27099373 -0.00016876
vn 0.96258110 0.27099373 -0.00016876
vn 0.96258110 0.27099373 -0.00016876
vn 0.97649912 0.21552122 0.00028097
vn 0.97649912 0.21552122 0.00028097
vn 0.97649912 0.21552122 0.00028097
vn 0.97438188 0.22489971 -0.00027225
vn 0.97438188 0.22489971 -0.00027225
vn 0.97438188 0.22489971 -0.00027225
vn 0.98418439 0.17714703 0.00009915
vn 0.98418439 0.17714703 0.00009915
vn 0.98418439 0.17714703 0.00009915
vn 0.98793968 0.15483878 -0.00037471
vn 0.98793968 0.15483878 -0.00037471
vn 0.98793968 0.15483878 -0.00037471
vn 0.98918715 0.14665866 -0.00013637
vn 0.98918715 0.14665866 -0.00013637
vn 0.98918715 0.14665866 -0.00013637
vn 0.99363323 0.11266313 0.00012498
vn 0.99363323 0.11266313 0.00012498
vn 0.99363323 0.11266313 0.00012498
vn 0.99301456 0.11799189 -0.00001665
vn 0.99301456 0.11799189 -0.00001665
vn 0.99301456 0.11799189 -0.00001665
vn 0.99665029 0.08178144 0.00002039
vn 0.99665029 0.08178144 0.00002039
vn 0.99665029 0.08178144 0.00002039
vn 0.99618334 0.08728529 -0.00015746
vn 0.99618334 0.08728529 -0.00015746
vn 0.99618334 0.08728529 -0.00015746
vn 0.99951162 0.03124812 0.00028460
vn 0.99951162 0.03124812 0.00028460
vn 0.99951162 0.03124812 0.00028460
vn 0.99914527 0.04133566 -0.00030272
vn 0.99914527 0.04133566 -0.00030272
vn 0.99914527 0.04133566 -0.00030272
vn 0.99998636 0.00522291 0.00000000
vn 0.99998636 0.00522291 0.00000000
vn 0.99998636 0.00522291 0.00000000
vn 0.00003246 0.00000000 1.00000000
vn 0.00003246 0.00000000 1.00000000
vn 0.00003246 0.00000000 1.00000000
vn 0.35905680 0.00237014 0.93331270
vn 0.35905680 0.00237014 0.93331270
vn 0.35905680 0.00237014 0.93331270
vn 0.33811326 0.00168582 0.94110391
vn 0.33811326 0.00168582 0.94110391
vn 0.33811326 0.00168582 0.94110391
vn 0.39457963 0.00033029 0.91886169
vn 0.39457963 0.00033029 0.91886169
vn 0.39457963 0.00033029 0.91886169
vn 0.39375295 0.00039810 0.91921622
vn 0.39375295 0.00039810 0.91921622
vn 0.39375295 0.00039810 0.91921622
vn 0.41852319 0.00000026 0.90820611
vn 0.41852319 0.00000026 0.90820611
vn 0.41852319 0.00000026 0.90820611
vn 0.33213500 0.00220030 0.94322929
vn 0.33213500 0.00220030 0.94322929
vn 0.33213500 0.00220030 0.94322929
vn 0.28204276 0.00341449 0.95939576
vn 0.28204276 0.00341449 0.95939576
vn 0.28204276 0.00341449 0.95939576
vn 0.28656398 0.00355619 0.95805451
vn 0.28656398 0.00355619 0.95805451
vn 0.28656398 0.00355619 0.95805451
vn 0.22752542 0.00472123 0.97376070
vn 0.22752542 0.00472123 0.97376070
vn 0.22752542 0.00472123 0.97376070
vn 0.23037165 0.00482176 0.97309077
vn 0.23037165 0.00482176 0.97309077
vn 0.23037165 0.00482176 0.97309077
vn 0.18815066 0.00496283 0.98212764
vn 0.18815066 0.00496283 0.98212764
vn 0.18815066 0.00496283 0.98212764
vn 0.18795502 0.00495793 0.98216512
vn 0.18795502 0.00495793 0.98216512
vn 0.18795502 0.00495793 0.98216512
vn 0.12841794 0.00431129 0.99171077
vn 0.12841794 0.00431129 0.99171077
vn 0.12841794 0.00431129 0.99171077
vn 0.16137614 0.00500952 0.98688026
vn 0.16137614 0.00500952 0.98688026
vn 0.16137614 0.00500952 0.98688026
vn 0.16369447 0.00496900 0.98649857
vn 0.16369447 0.00496900 0.98649857
vn 0.16369447 0.00496900 0.98649857
vn 0.14076618 0.00476595 0.99003140
vn 0.14076618 0.00476595 0.99003140
vn 0.14076618 0.00476595 0.99003140
vn 0.10343027 0.00443665 0.99462681
vn 0.10343027 0.00443665 0.99462681
vn 0.10343027 0.00443665 0.99462681
vn 0.10869291 0.00437855 0.99406573
vn 0.10869291 0.00437855 0.99406573
vn 0.10869291 0.00437855 0.99406573
vn 0.08511795 0.00332993 0.99636532
vn 0.08511795 0.00332993 0.99636532
vn 0.08511795 0.00332993 0.99636532
vn 0.06593124 0.00315591 0.99781918
vn 0.06593124 0.00315591 0.99781918
vn 0.06593124 0.00315591 0.99781918
vn 0.07423778 0.00312014 0.99723569
vn 0.07423778 0.00312014 0.99723569
vn 0.07423778 0.00312014 0.99723569
vn 0.05393749 0.00224976 0.99854178
vn 0.05393749 0.00224976 0.99854178
vn 0.05393749 0.00224976 0.99854178
vn 0.01398125 0.00235272 0.99989949
vn 0.01398125 0.00235272 0.99989949
vn 0.01398125 0.00235272 0.99989949
vn 0.02482252 0.00184248 0.99969018
vn 0.02482252 0.00184248 0.99969018
vn 0.02482252 0.00184248 0.99969018
vn 0.05828551 0.00188892 0.99829817
vn 0.05828551 0.00188892 0.99829817
vn 0.05828551 0.00188892 0.99829817
vn 0.03521273 0.00201739 0.99937780
vn 0.03521273 0.00201739 0.99937780
vn 0.03521273 0.00201739 0.99937780
vn 0.04130401 0.00200599 0.99914461
vn 0.04130401 0.00200599 0.99914461
vn 0.04130401 0.00200599 0.99914461
vn 0.04360704 0.00039660 0.99904868
vn 0.04360704 0.00039660 0.99904868
vn 0.04360704 0.00039660 0.99904868
vn 0.02900433 0.00063764 0.99957908
vn 0.02900433 0.00063764 0.99957908
vn 0.02900433 0.00063764 0.99957908
vn 0.00925498 0.00064852 0.99995696
vn 0.00925498 0.00064852 0.99995696
vn 0.00925498 0.00064852 0.99995696
vn 0.02093113 0.00029513 0.99978088
vn 0.02093113 0.00029513 0.99978088
vn 0.02093113 0.00029513 0.99978088
vn 0.01569882 0.00031080 0.99987672
vn 0.01569882 0.00031080 0.99987672
vn 0.01569882 0.00031080 0.99987672
vn 0.00427019 0.00029122 0.99999084
vn 0.00427019 0.00029122 0.99999084
vn 0.00427019 0.00029122 0.99999084
vn 0.01016275 0.00008036 0.99994835
vn 0.01016275 0.00008036 0.99994835
vn 0.01016275 0.00008036 0.99994835
vn 0.00191026 0.00007769 0.99999817
vn 0.00191026 0.00007769 0.99999817
vn 0.00191026 0.00007769 0.99999817
vn 0.00517896 0.00004138 0.99998659
vn 0.00517896 0.00004138 0.99998659
vn 0.00517896 0.00004138 0.99998659
vn 0.00046827 0.00005006 0.99999989
vn 0.00046827 0.00005006 0.99999989
vn 0.00046827 0.00005006 0.99999989
vn 0.00284621 -0.00007056 0.99999595
vn 0.00284621 -0.00007056 0.99999595
vn 0.00284621 -0.00007056 0.99999595
vn 0.00071593 -0.00000545 0.99999974
vn 0.00071593 -0.00000545 0.99999974
vn 0.00071593 -0.00000545 0.99999974
vn 0.02583289 -0.00011719 -0.99966627
vn 0.02583289 -0.00011719 -0.99966627
vn 0.02583289 -0.00011719 -0.99966627
vn 0.41742137 -0.00000047 -0.90871305
vn 0.41742137 -0.00000047 -0.90871305
vn 0.41742137 -0.00000047 -0.90871305
vn 0.24159291 0.00090356 -0.97037727
vn 0.24159291 0.00090356 -0.97037727
vn 0.24159291 0.00090356 -0.97037727
vn 0.24851246 0.00103994 -0.96862814
vn 0.24851246 0.00103994 -0.96862814
vn 0.24851246 0.00103994 -0.96862814
vn 0.26291023 0.00099488 -0.96481979
vn 0.26291023 0.00099488 -0.96481979
vn 0.26291023 0.00099488 -0.96481979
vn 0.27092578 0.00117941 -0.96259952
vn 0.27092578 0.00117941 -0.96259952
vn 0.27092578 0.00117941 -0.96259952
vn 0.29999311 0.00121506 -0.95394059
vn 0.29999311 0.00121506 -0.95394059
vn 0.29999311 0.00121506 -0.95394059
vn 0.30547027 0.00148264 -0.95220046
vn 0.30547027 0.00148264 -0.95220046
vn 0.30547027 0.00148264 -0.95220046
vn 0.34097257 0.00110235 -0.94007260
vn 0.34097257 0.00110235 -0.94007260
vn 0.34097257 0.00110235 -0.94007260
vn 0.33173349 0.00069843 -0.94337289
vn 0.33173349 0.00069843 -0.94337289
vn 0.33173349 0.00069843 -0.94337289
vn 0.37051658 0.00188288 -0.92882394
vn 0.37051658 0.00188288 -0.92882394
vn 0.37051658 0.00188288 -0.92882394
vn 0.34935359 0.00025315 -0.93699093
vn 0.34935359 0.00025315 -0.93699093
vn 0.34935359 0.00025315 -0.93699093
vn 0.38474916 0.00128194 -0.92302028
vn 0.38474916 0.00128194 -0.92302028
vn 0.38474916 0.00128194 -0.92302028
vn 0.37552720 0.00085021 -0.92681099
vn 0.37552720 0.00085021 -0.92681099
vn 0.37552720 0.00085021 -0.92681099
vn 0.40077375 0.00037616 -0.91617698
vn 0.40077375 0.00037616 -0.91617698
vn 0.40077375 0.00037616 -0.91617698
vn 0.39829895 0.00021279 -0.91725564
vn 0.39829895 0.00021279 -0.91725564
vn 0.39829895 0.00021279 -0.91725564
vn 0.41553844 0.00014645 -0.90957561
vn 0.41553844 0.00014645 -0.90957561
vn 0.41553844 0.00014645 -0.90957561
vn 0.22628940 0.00078193 -0.97405980
vn 0.22628940 0.00078193 -0.97405980
vn 0.22628940 0.00078193 -0.97405980
vn 0.20015313 0.00093842 -0.97976418
vn 0.20015313 0.00093842 -0.97976418
vn 0.20015313 0.00093842 -0.97976418
vn 0.21130662 0.00056021 -0.97741966
vn 0.21130662 0.00056021 -0.97741966
vn 0.21130662 0.00056021 -0.97741966
vn 0.16661831 0.00017905 -0.98602145
vn 0.16661831 0.00017905 -0.98602145
vn 0.16661831 0.00017905 -0.98602145
vn 0.15902583 0.00031022 -0.98727437
vn 0.15902583 0.00031022 -0.98727437
vn 0.15902583 0.00031022 -0.98727437
vn 0.14148393 -0.00010438 -0.98994055
vn 0.14148393 -0.00010438 -0.98994055
vn 0.14148393 -0.00010438 -0.98994055
vn 0.11010999 -0.00037811 -0.99391934
vn 0.11010999 -0.00037811 -0.99391934
vn 0.11010999 -0.00037811 -0.99391934
vn 0.11969184 -0.00067150 -0.99281086
vn 0.11969184 -0.00067150 -0.99281086
vn 0.11969184 -0.00067150 -0.99281086
vn 0.07053116 -0.00014404 -0.99750957
vn 0.07053116 -0.00014404 -0.99750957
vn 0.07053116 -0.00014404 -0.99750957
vn 0.09840821 -0.00151384 -0.99514498
vn 0.09840821 -0.00151384 -0.99514498
vn 0.09840821 -0.00151384 -0.99514498
vn 0.08087303 -0.00088762 -0.99672402
vn 0.08087303 -0.00088762 -0.99672402
vn 0.08087303 -0.00088762 -0.99672402
vn 0.05811274 -0.00044695 -0.99830993
vn 0.05811274 -0.00044695 -0.99830993
vn 0.05811274 -0.00044695 -0.99830993
vn 0.04904027 -0.00051069 -0.99879667
vn 0.04904027 -0.00051069 -0.99879667
vn 0.04904027 -0.00051069 -0.99879667
vn 0.03595080 -0.00043037 -0.99935347
vn 0.03595080 -0.00043037 -0.99935347
vn 0.03595080 -0.00043037 -0.99935347
vn 0.00051998 0.00000000 -0.99999986
vn 0.00051998 0.00000000 -0.99999986
vn 0.00051998 0.00000000 -0.99999986
vn 0.00349195 -0.00004801 -0.99999390
vn 0.00349195 -0.00004801 -0.99999390
vn 0.00349195 -0.00004801 -0.99999390
vn 0.01020162 -0.00030368 -0.99994792
vn 0.01020162 -0.00030368 -0.99994792
vn 0.01020162 -0.00030368 -0.99994792
vn 0.01025530 -0.00030227 -0.99994737
vn 0.01025530 -0.00030227 -0.99994737
vn 0.01025530 -0.00030227 -0.99994737
vn 0.02888124 -0.00023871 -0.99958282
vn 0.02888124 -0.00023871 -0.99958282
vn 0.02888124 -0.00023871 -0.99958282
vn -0.68626323 -0.00000499 0.72735327
vn -0.68626323 -0.00000499 0.72735327
vn -0.68626323 -0.00000499 0.72735327
vn -0.99998636 0.00000000 0.00522312
vn -0.99998636 0.00000000 0.00522312
vn -0.99998636 0.00000000 0.00522312
vn -0.99914527 -0.00030271 0.04133566
vn -0.99914527 -0.00030271 0.04133566
vn -0.99914527 -0.00030271 0.04133566
vn -0.99951162 0.00028461 0.03124811
vn -0.99951162 0.00028461 0.03124811
vn -0.99951162 0.00028461 0.03124811
vn -0.99618346 -0.00015742 0.08728393
vn -0.99618346 -0.00015742 0.08728393
vn -0.99618346 -0.00015742 0.08728393
vn -0.99659831 0.00000000 0.08241240
vn -0.99659831 0.00000000 0.08241240
vn -0.99659831 0.00000000 0.08241240
vn -0.99301435 0.00000000 0.11799365
vn -0.99301435 0.00000000 0.11799365
vn -0.99301435 0.00000000 0.11799365
vn -0.99356199 0.00012021 0.11328969
vn -0.99356199 0.00012021 0.11328969
vn -0.99356199 0.00012021 0.11328969
vn -0.99161576 -0.00000213 0.12922147
vn -0.99161576 -0.00000213 0.12922147
vn -0.99161576 -0.00000213 0.12922147
vn -0.98642972 0.00001434 0.16418406
vn -0.98642972 0.00001434 0.16418406
vn -0.98642972 0.00001434 0.16418406
vn -0.98714934 0.00023325 0.15980026
vn -0.98714934 0.00023325 0.15980026
vn -0.98714934 0.00023325 0.15980026
vn -0.98017625 -0.00006354 0.19812752
vn -0.98017625 -0.00006354 0.19812752
vn -0.98017625 -0.00006354 0.19812752
vn -0.97356177 -0.00048036 0.22842338
vn -0.97356177 -0.00048036 0.22842338
vn -0.97356177 -0.00048036 0.22842338
vn -0.97649914 0.00028105 0.21552111
vn -0.97649914 0.00028105 0.21552111
vn -0.97649914 0.00028105 0.21552111
vn -0.96547920 -0.00008293 0.26048013
vn -0.96547920 -0.00008293 0.26048013
vn -0.96547920 -0.00008293 0.26048013
vn -0.96673703 0.00000000 0.25577239
vn -0.96673703 0.00000000 0.25577239
vn -0.96673703 0.00000000 0.25577239
vn -0.95687262 0.00000000 0.29050781
vn -0.95687262 0.00000000 0.29050781
vn -0.95687262 0.00000000 0.29050781
vn -0.95931917 0.00035112 0.28232359
vn -0.95931917 0.00035112 0.28232359
vn -0.95931917 0.00035112 0.28232359
vn -0.95338650 0.00007167 0.30175186
vn -0.95338650 0.00007167 0.30175186
vn -0.95338650 0.00007167 0.30175186
vn -0.94473368 -0.00015814 0.32783876
vn -0.94473368 -0.00015814 0.32783876
vn -0.94473368 -0.00015814 0.32783876
vn -0.94808617 0.00015824 0.31801351
vn -0.94808617 0.00015824 0.31801351
vn -0.94808617 0.00015824 0.31801351
vn -0.93021567 -0.00027788 0.36701326
vn -0.93021567 -0.00027788 0.36701326
vn -0.93021567 -0.00027788 0.36701326
vn -0.93282561 0.00010607 0.36032814
vn -0.93282561 0.00010607 0.36032814
vn -0.93282561 0.00010607 0.36032814
vn -0.92032453 0.00000000 0.39115566
vn -0.92032453 0.00000000 0.39115566
vn -0.92032453 0.00000000 0.39115566
vn -0.91842561 0.00000000 0.39559373
vn -0.91842561 0.00000000 0.39559373
vn -0.91842561 0.00000000 0.39559373
vn -0.90776078 -0.00012081 0.41948821
vn -0.90776078 -0.00012081 0.41948821
vn -0.90776078 -0.00012081 0.41948821
vn -0.69419628 0.00000375 0.71978575
vn -0.69419628 0.00000375 0.71978575
vn -0.69419628 0.00000375 0.71978575
vn -0.71911309 0.00026901 0.69489301
vn -0.71911309 0.00026901 0.69489301
vn -0.71911309 0.00026901 0.69489301
vn -0.71245963 -0.00027870 0.70171305
vn -0.71245963 -0.00027870 0.70171305
vn -0.71245963 -0.00027870 0.70171305
vn -0.74661503 0.00011129 0.66525633
vn -0.74661503 0.00011129 0.66525633
vn -0.74661503 0.00011129 0.66525633
vn -0.74338032 0.00000002 0.66886897
vn -0.74338032 0.00000002 0.66886897
vn -0.74338032 0.00000002 0.66886897
vn -0.76369509 -0.00000006 0.64557711
vn -0.76369509 -0.00000006 0.64557711
vn -0.76369509 -0.00000006 0.64557711
vn -0.76703523 -0.00013924 0.64160497
vn -0.76703523 -0.00013924 0.64160497
vn -0.76703523 -0.00013924 0.64160497
vn -0.77814531 0.00000710 0.62808429
vn -0.77814531 0.00000710 0.62808429
vn -0.77814531 0.00000710 0.62808429
vn -0.78938207 -0.00001737 0.61390223
vn -0.78938207 -0.00001737 0.61390223
vn -0.78938207 -0.00001737 0.61390223
vn -0.78669777 -0.00010790 0.61733832
vn -0.78669777 -0.00010790 0.61733832
vn -0.78669777 -0.00010790 0.61733832
vn -0.80665207 0.00016822 0.59102657
vn -0.80665207 0.00016822 0.59102657
vn -0.80665207 0.00016822 0.59102657
vn -0.80357824 0.00000020 0.59519914
vn -0.80357824 0.00000020 0.59519914
vn -0.80357824 0.00000020 0.59519914
vn -0.82453676 0.00000008 0.56580839
vn -0.82453676 0.00000008 0.56580839
vn -0.82453676 0.00000008 0.56580839
vn -0.82177924 -0.00012473 0.56980599
vn -0.82177924 -0.00012473 0.56980599
vn -0.82177924 -0.00012473 0.56980599
vn -0.84621703 0.00022120 0.53283834
vn -0.84621703 0.00022120 0.53283834
vn -0.84621703 0.00022120 0.53283834
vn -0.84362491 0.00000000 0.53693296
vn -0.84362491 0.00000000 0.53693296
vn -0.84362491 0.00000000 0.53693296
vn -0.86225768 0.00000000 0.50646983
vn -0.86225768 0.00000000 0.50646983
vn -0.86225768 0.00000000 0.50646983
vn -0.85987424 -0.00005552 0.51050592
vn -0.85987424 -0.00005552 0.51050592
vn -0.85987424 -0.00005552 0.51050592
vn -0.88099494 0.00026783 0.47312562
vn -0.88099494 0.00026783 0.47312562
vn -0.88099494 0.00026783 0.47312562
vn -0.87653222 -0.00026775 0.48134312
vn -0.87653222 -0.00026775 0.48134312
vn -0.87653222 -0.00026775 0.48134312
vn -0.90456880 0.00019734 0.42632763
vn -0.90456880 0.00019734 0.42632763
vn -0.90456880 0.00019734 0.42632763
vn -0.66345863 -0.00031854 0.74821290
vn -0.66345863 -0.00031854 0.74821290
vn -0.66345863 -0.00031854 0.74821290
vn -0.67163440 0.00023645 0.74088270
vn -0.67163440 0.00023645 0.74088270
vn -0.67163440 0.00023645 0.74088270
vn -0.62044240 -0.00026893 0.78425197
vn -0.62044240 -0.00026893 0.78425197
vn -0.62044240 -0.00026893 0.78425197
vn -0.62788516 0.00027868 0.77830594
vn -0.62788516 0.00027868 0.77830594
vn -0.62788516 0.00027868 0.77830594
vn -0.59188369 -0.00007600 0.80602338
vn -0.59188369 -0.00007600 0.80602338
vn -0.59188369 -0.00007600 0.80602338
vn -0.59578711 0.00000000 0.80314241
vn -0.59578711 0.00000000 0.80314241
vn -0.59578711 0.00000000 0.80314241
vn -0.56641142 0.00000000 0.82412262
vn -0.56641142 0.00000000 0.82412262
vn -0.56641142 0.00000000 0.82412262
vn -0.57068434 0.00022053 0.82116949
vn -0.57068434 0.00022053 0.82116949
vn -0.57068434 0.00022053 0.82116949
vn -0.53291296 -0.00015825 0.84617005
vn -0.53291296 -0.00015825 0.84617005
vn -0.53291296 -0.00015825 0.84617005
vn -0.54167383 0.00015833 0.84058874
vn -0.54167383 0.00015833 0.84058874
vn -0.54167383 0.00015833 0.84058874
vn -0.49783838 -0.00027080 0.86726978
vn -0.49783838 -0.00027080 0.86726978
vn -0.49783838 -0.00027080 0.86726978
vn -0.50332108 0.00005948 0.86409947
vn -0.50332108 0.00005948 0.86409947
vn -0.50332108 0.00005948 0.86409947
vn -0.47079406 -0.00000892 0.88224314
vn -0.47079406 -0.00000892 0.88224314
vn -0.47079406 -0.00000892 0.88224314
vn -0.45330509 -0.00016286 0.89135541
vn -0.45330509 -0.00016286 0.89135541
vn -0.45330509 -0.00016286 0.89135541
vn -0.45761976 -0.00000003 0.88914799
vn -0.45761976 -0.00000003 0.88914799
vn -0.45761976 -0.00000003 0.88914799
vn -0.42558651 0.00000005 0.90491774
vn -0.42558651 0.00000005 0.90491774
vn -0.42558651 0.00000005 0.90491774
vn -0.42981347 0.00011178 0.90291770
vn -0.42981347 0.00011178 0.90291770
vn -0.42981347 0.00011178 0.90291770
vn -0.38376417 -0.00026793 0.92343110
vn -0.38376417 -0.00026793 0.92343110
vn -0.38376417 -0.00026793 0.92343110
vn -0.39238628 0.00026790 0.91980049
vn -0.39238628 0.00026790 0.91980049
vn -0.39238628 0.00026790 0.91980049
vn -0.35771110 -0.00001383 0.93383230
vn -0.35771110 -0.00001383 0.93383230
vn -0.35771110 -0.00001383 0.93383230
vn -0.35334386 0.00000000 0.93549352
vn -0.35334386 0.00000000 0.93549352
vn -0.35334386 0.00000000 0.93549352
vn -0.34912394 0.00000000 0.93707656
vn -0.34912394 0.00000000 0.93707656
vn -0.34912394 0.00000000 0.93707656
vn -0.32163942 -0.00012405 0.94686222
vn -0.32163942 -0.00012405 0.94686222
vn -0.32163942 -0.00012405 0.94686222
vn -0.32872005 0.00022785 0.94442738
vn -0.32872005 0.00022785 0.94442738
vn -0.32872005 0.00022785 0.94442738
vn -0.26640066 -0.00028179 0.96386234
vn -0.26640066 -0.00028179 0.96386234
vn -0.26640066 -0.00028179 0.96386234
vn -0.27606661 0.00030184 0.96113846
vn -0.27606661 0.00030184 0.96113846
vn -0.27606661 0.00030184 0.96113846
vn -0.22948050 -0.00010078 0.97331325
vn -0.22948050 -0.00010078 0.97331325
vn -0.22948050 -0.00010078 0.97331325
vn -0.23453118 0.00000000 0.97210860
vn -0.23453118 0.00000000 0.97210860
vn -0.23453118 0.00000000 0.97210860
vn -0.22116040 0.00000000 0.97523745
vn -0.22116040 0.00000000 0.97523745
vn -0.22116040 0.00000000 0.97523745
vn -0.21608767 0.00001406 0.97637396
vn -0.21608767 0.00001406 0.97637396
vn -0.21608767 0.00001406 0.97637396
vn -0.18892652 -0.00021784 0.98199120
vn -0.18892652 -0.00021784 0.98199120
vn -0.18892652 -0.00021784 0.98199120
vn -0.17905693 0.00020343 0.98383869
vn -0.17905693 0.00020343 0.98383869
vn -0.17905693 0.00020343 0.98383869
vn -0.11798526 -0.00027867 0.99301531
vn -0.11798526 -0.00027867 0.99301531
vn -0.11798526 -0.00027867 0.99301531
vn -0.12743899 0.00026890 0.99184637
vn -0.12743899 0.00026890 0.99184637
vn -0.12743899 0.00026890 0.99184637
vn -0.09328075 0.00001008 0.99563984
vn -0.09328075 0.00001008 0.99563984
vn -0.09328075 0.00001008 0.99563984
vn -0.07052378 -0.00003899 0.99751010
vn -0.07052378 -0.00003899 0.99751010
vn -0.07052378 -0.00003899 0.99751010
vn -0.07185470 0.00000002 0.99741511
vn -0.07185470 0.00000002 0.99741511
vn -0.07185470 0.00000002 0.99741511
vn -0.03966987 0.00000001 0.99921284
vn -0.03966987 0.00000001 0.99921284
vn -0.03966987 0.00000001 0.99921284
vn -0.04434419 0.00010608 0.99901631
vn -0.04434419 0.00010608 0.99901631
vn -0.04434419 0.00010608 0.99901631
vn 0.00542966 -0.00026887 0.99998522
vn 0.00542966 -0.00026887 0.99998522
vn 0.00542966 -0.00026887 0.99998522
vn -0.00409654 0.00027874 0.99999157
vn -0.00409654 0.00027874 0.99999157
vn -0.00409654 0.00027874 0.99999157
vn 0.04048414 -0.00006931 0.99918018
vn 0.04048414 -0.00006931 0.99918018
vn 0.04048414 -0.00006931 0.99918018
vn 0.03564511 0.00000000 0.99936451
vn 0.03564511 0.00000000 0.99936451
vn 0.03564511 0.00000000 0.99936451
vn 0.07169088 0.00000000 0.99742690
vn 0.07169088 0.00000000 0.99742690
vn 0.07169088 0.00000000 0.99742690
vn 0.06651004 0.00022751 0.99778573
vn 0.06651004 0.00022751 0.99778573
vn 0.06651004 0.00022751 0.99778573
vn 0.11246196 -0.00015827 0.99365602
vn 0.11246196 -0.00015827 0.99365602
vn 0.11246196 -0.00015827 0.99365602
vn 0.10213613 0.00015824 0.99477042
vn 0.10213613 0.00015824 0.99477042
vn 0.10213613 0.00015824 0.99477042
vn 0.13667974 -0.00013267 0.99061528
vn 0.13667974 -0.00013267 0.99061528
vn 0.13667974 -0.00013267 0.99061528
vn 0.13153320 0.00000002 0.99131177
vn 0.13153320 0.00000002 0.99131177
vn 0.13153320 0.00000002 0.99131177
vn 0.16274174 0.00000000 0.98666870
vn 0.16274174 0.00000000 0.98666870
vn 0.16274174 0.00000000 0.98666870
vn 0.16240988 0.00000849 0.98672338
vn 0.16240988 0.00000849 0.98672338
vn 0.16240988 0.00000849 0.98672338
vn 0.18266919 -0.00000263 0.98317443
vn 0.18266919 -0.00000263 0.98317443
vn 0.18266919 -0.00000263 0.98317443
vn 0.21735872 -0.00028099 0.97609175
vn 0.21735872 -0.00028099 0.97609175
vn 0.21735872 -0.00028099 0.97609175
vn 0.20796354 0.00027227 0.97813654
vn 0.20796354 0.00027227 0.97813654
vn 0.20796354 0.00027227 0.97813654
vn 0.27718950 -0.00027141 0.96081523
vn 0.27718950 -0.00027141 0.96081523
vn 0.27718950 -0.00027141 0.96081523
vn 0.26808204 0.00027157 0.96339605
vn 0.26808204 0.00027157 0.96339605
vn 0.26808204 0.00027157 0.96339605
vn 0.32600936 -0.00019086 0.94536652
vn 0.32600936 -0.00019086 0.94536652
vn 0.32600936 -0.00019086 0.94536652
vn 0.32153174 -0.00000002 0.94689880
vn 0.32153174 -0.00000002 0.94689880
vn 0.32153174 -0.00000002 0.94689880
vn 0.35518536 -0.00000005 0.93479589
vn 0.35518536 -0.00000005 0.93479589
vn 0.35518536 -0.00000005 0.93479589
vn 0.35060717 0.00008439 0.93652261
vn 0.35060717 0.00008439 0.93652261
vn 0.35060717 0.00008439 0.93652261
vn 0.39409650 -0.00028460 0.91906902
vn 0.39409650 -0.00028460 0.91906902
vn 0.39409650 -0.00028460 0.91906902
vn 0.38479344 0.00030309 0.92300267
vn 0.38479344 0.00030309 0.92300267
vn 0.38479344 0.00030309 0.92300267
vn 0.41789089 0.00000026 0.90849722
vn 0.41789089 0.00000026 0.90849722
vn 0.41789089 0.00000026 0.90849722
vn 0.11245961 0.00015823 -0.99365628
vn 0.11245961 0.00015823 -0.99365628
vn 0.11245961 0.00015823 -0.99365628
vn 0.05763849 -0.00030184 -0.99833747
vn 0.05763849 -0.00030184 -0.99833747
vn 0.05763849 -0.00030184 -0.99833747
vn 0.10213613 -0.00015821 -0.99477042
vn 0.10213613 -0.00015821 -0.99477042
vn 0.10213613 -0.00015821 -0.99477042
vn 0.12643011 0.00004627 -0.99197552
vn 0.12643011 0.00004627 -0.99197552
vn 0.12643011 0.00004627 -0.99197552
vn 0.14143024 -0.00008854 -0.98994822
vn 0.14143024 -0.00008854 -0.98994822
vn 0.14143024 -0.00008854 -0.98994822
vn 0.14690416 0.00000000 -0.98915073
vn 0.14690416 0.00000000 -0.98915073
vn 0.14690416 0.00000000 -0.98915073
vn 0.17195478 0.00000000 -0.98510484
vn 0.17195478 0.00000000 -0.98510484
vn 0.17195478 0.00000000 -0.98510484
vn 0.16714144 -0.00012138 -0.98593292
vn 0.16714144 -0.00012138 -0.98593292
vn 0.16714144 -0.00012138 -0.98593292
vn 0.21735872 0.00028101 -0.97609175
vn 0.21735872 0.00028101 -0.97609175
vn 0.21735872 0.00028101 -0.97609175
vn 0.20796354 -0.00027226 -0.97813654
vn 0.20796354 -0.00027226 -0.97813654
vn 0.20796354 -0.00027226 -0.97813654
vn 0.26576701 0.00018106 -0.96403727
vn 0.26576701 0.00018106 -0.96403727
vn 0.26576701 0.00018106 -0.96403727
vn 0.26120165 0.00000000 -0.96528426
vn 0.26120165 0.00000000 -0.96528426
vn 0.26120165 0.00000000 -0.96528426
vn 0.29542457 0.00000000 -0.95536607
vn 0.29542457 0.00000000 -0.95536607
vn 0.29542457 0.00000000 -0.95536607
vn 0.29089644 -0.00009051 -0.95675454
vn 0.29089644 -0.00009051 -0.95675454
vn 0.29089644 -0.00009051 -0.95675454
vn 0.32600946 0.00019086 -0.94536649
vn 0.32600946 0.00019086 -0.94536649
vn 0.32600946 0.00019086 -0.94536649
vn 0.31656338 -0.00021137 -0.94857134
vn 0.31656338 -0.00021137 -0.94857134
vn 0.31656338 -0.00021137 -0.94857134
vn 0.35518460 0.00013477 -0.93479617
vn 0.35518460 0.00013477 -0.93479617
vn 0.35518460 0.00013477 -0.93479617
vn 0.34569344 -0.00012565 -0.93834750
vn 0.34569344 -0.00012565 -0.93834750
vn 0.34569344 -0.00012565 -0.93834750
vn 0.39409220 0.00028459 -0.91907087
vn 0.39409220 0.00028459 -0.91907087
vn 0.39409220 0.00028459 -0.91907087
vn 0.38479344 -0.00030283 -0.92300267
vn 0.38479344 -0.00030283 -0.92300267
vn 0.38479344 -0.00030283 -0.92300267
vn 0.41783907 -0.00000046 -0.90852106
vn 0.41783907 -0.00000046 -0.90852106
vn 0.41783907 -0.00000046 -0.90852106
vn -0.28340548 -0.00074611 -0.95899988
vn -0.28340548 -0.00074611 -0.95899988
vn -0.28340548 -0.00074611 -0.95899988
vn -0.26639969 0.00028182 -0.96386261
vn -0.26639969 0.00028182 -0.96386261
vn -0.26639969 0.00028182 -0.96386261
vn -0.33152395 -0.00025104 -0.94344677
vn -0.33152395 -0.00025104 -0.94344677
vn -0.33152395 -0.00025104 -0.94344677
vn -0.32163938 0.00029045 -0.94686220
vn -0.32163938 0.00029045 -0.94686220
vn -0.32163938 0.00029045 -0.94686220
vn -0.35085796 0.00001022 -0.93642869
vn -0.35085796 0.00001022 -0.93642869
vn -0.35085796 0.00001022 -0.93642869
vn 0.06766035 0.00028174 -0.99770837
vn 0.06766035 0.00028174 -0.99770837
vn 0.06766035 0.00028174 -0.99770837
vn 0.03158771 -0.00000018 -0.99950098
vn 0.03158771 -0.00000018 -0.99950098
vn 0.03158771 -0.00000018 -0.99950098
vn -0.00409657 0.00000091 -0.99999161
vn -0.00409657 0.00000091 -0.99999161
vn -0.00409657 0.00000091 -0.99999161
vn 0.00056216 0.00023222 -0.99999982
vn 0.00056216 0.00023222 -0.99999982
vn 0.00056216 0.00023222 -0.99999982
vn -0.04942720 -0.00014442 -0.99877772
vn -0.04942720 -0.00014442 -0.99877772
vn -0.04942720 -0.00014442 -0.99877772
vn -0.03966912 0.00015705 -0.99921286
vn -0.03966912 0.00015705 -0.99921286
vn -0.03966912 0.00015705 -0.99921286
vn -0.08026171 -0.00017612 -0.99677381
vn -0.08026171 -0.00017612 -0.99677381
vn -0.08026171 -0.00017612 -0.99677381
vn -0.07052266 0.00016193 -0.99751016
vn -0.07052266 0.00016193 -0.99751016
vn -0.07052266 0.00016193 -0.99751016
vn -0.10017691 -0.00006225 -0.99496964
vn -0.10017691 -0.00006225 -0.99496964
vn -0.10017691 -0.00006225 -0.99496964
vn -0.09552085 0.00000000 -0.99542743
vn -0.09552085 0.00000000 -0.99542743
vn -0.09552085 0.00000000 -0.99542743
vn -0.13099375 0.00000000 -0.99138319
vn -0.13099375 0.00000000 -0.99138319
vn -0.13099375 0.00000000 -0.99138319
vn -0.12618583 0.00021422 -0.99200660
vn -0.12618583 0.00021422 -0.99200660
vn -0.12618583 0.00021422 -0.99200660
vn -0.18892651 -0.00028179 -0.98199119
vn -0.18892651 -0.00028179 -0.98199119
vn -0.18892651 -0.00028179 -0.98199119
vn -0.17905591 0.00030182 -0.98383885
vn -0.17905591 0.00030182 -0.98383885
vn -0.17905591 0.00030182 -0.98383885
vn -0.22598335 -0.00009887 -0.97413116
vn -0.22598335 -0.00009887 -0.97413116
vn -0.22598335 -0.00009887 -0.97413116
vn -0.22278572 -0.00003641 -0.97486744
vn -0.22278572 -0.00003641 -0.97486744
vn -0.22278572 -0.00003641 -0.97486744
vn -0.23933784 0.00001597 -0.97093635
vn -0.23933784 0.00001597 -0.97093635
vn -0.23933784 0.00001597 -0.97093635
vn -0.25363162 -0.00010737 -0.96730088
vn -0.25363162 -0.00010737 -0.96730088
vn -0.25363162 -0.00010737 -0.96730088
vn -0.46215926 -0.00017174 -0.88679692
vn -0.46215926 -0.00017174 -0.88679692
vn -0.46215926 -0.00017174 -0.88679692
vn -0.42558503 0.00016429 -0.90491843
vn -0.42558503 0.00016429 -0.90491843
vn -0.42558503 0.00016429 -0.90491843
vn -0.43442738 -0.00015035 -0.90070685
vn -0.43442738 -0.00015035 -0.90070685
vn -0.43442738 -0.00015035 -0.90070685
vn -0.38376417 0.00026790 -0.92343110
vn -0.38376417 0.00026790 -0.92343110
vn -0.38376417 0.00026790 -0.92343110
vn -0.39238628 -0.00026793 -0.91980049
vn -0.39238628 -0.00026793 -0.91980049
vn -0.39238628 -0.00026793 -0.91980049
vn -0.36048018 -0.00000854 -0.93276687
vn -0.36048018 -0.00000854 -0.93276687
vn -0.36048018 -0.00000854 -0.93276687
vn -0.68625958 -0.00001326 -0.72735671
vn -0.68625958 -0.00001326 -0.72735671
vn -0.68625958 -0.00001326 -0.72735671
vn -0.66345899 0.00015253 -0.74821263
vn -0.66345899 0.00015253 -0.74821263
vn -0.66345899 0.00015253 -0.74821263
vn -0.66943141 -0.00021408 -0.74287384
vn -0.66943141 -0.00021408 -0.74287384
vn -0.66943141 -0.00021408 -0.74287384
vn -0.62044240 0.00026896 -0.78425197
vn -0.62044240 0.00026896 -0.78425197
vn -0.62044240 0.00026896 -0.78425197
vn -0.45330517 0.00016286 -0.89135537
vn -0.45330517 0.00016286 -0.89135537
vn -0.45330517 0.00016286 -0.89135537
vn -0.47166772 0.00000117 -0.88177637
vn -0.47166772 0.00000117 -0.88177637
vn -0.47166772 0.00000117 -0.88177637
vn -0.50332109 -0.00000763 -0.86409946
vn -0.50332109 -0.00000763 -0.86409946
vn -0.50332109 -0.00000763 -0.86409946
vn -0.49869676 0.00026251 -0.86677649
vn -0.49869676 0.00026251 -0.86677649
vn -0.49869676 0.00026251 -0.86677649
vn -0.54167384 -0.00015837 -0.84058874
vn -0.54167384 -0.00015837 -0.84058874
vn -0.54167384 -0.00015837 -0.84058874
vn -0.53290911 0.00015836 -0.84617247
vn -0.53290911 0.00015836 -0.84617247
vn -0.53290911 0.00015836 -0.84617247
vn -0.56987034 -0.00021220 -0.82173460
vn -0.56987034 -0.00021220 -0.82173460
vn -0.56987034 -0.00021220 -0.82173460
vn -0.56559576 0.00000000 -0.82468262
vn -0.56559576 0.00000000 -0.82468262
vn -0.56559576 0.00000000 -0.82468262
vn -0.59499349 0.00000000 -0.80373052
vn -0.59499349 0.00000000 -0.80373052
vn -0.59499349 0.00000000 -0.80373052
vn -0.59108515 0.00008378 -0.80660916
vn -0.59108515 0.00008378 -0.80660916
vn -0.59108515 0.00008378 -0.80660916
vn -0.60900049 -0.00009107 -0.79316984
vn -0.60900049 -0.00009107 -0.79316984
vn -0.60900049 -0.00009107 -0.79316984
vn -0.63318967 -0.00067151 -0.77399638
vn -0.63318967 -0.00067151 -0.77399638
vn -0.63318967 -0.00067151 -0.77399638
vn -0.78938207 -0.00015840 -0.61390221
vn -0.78938207 -0.00015840 -0.61390221
vn -0.78938207 -0.00015840 -0.61390221
vn -0.77828328 -0.00000893 -0.62791331
vn -0.77828328 -0.00000893 -0.62791331
vn -0.77828328 -0.00000893 -0.62791331
vn -0.76369569 0.00003107 -0.64557640
vn -0.76369569 0.00003107 -0.64557640
vn -0.76369569 0.00003107 -0.64557640
vn -0.76878749 -0.00019525 -0.63950431
vn -0.76878749 -0.00019525 -0.63950431
vn -0.76878749 -0.00019525 -0.63950431
vn -0.74337986 0.00023237 -0.66886944
vn -0.74337986 0.00023237 -0.66886944
vn -0.74337986 0.00023237 -0.66886944
vn -0.75114891 -0.00016468 -0.66013278
vn -0.75114891 -0.00016468 -0.66013278
vn -0.75114891 -0.00016468 -0.66013278
vn -0.71245963 0.00027874 -0.70171305
vn -0.71245963 0.00027874 -0.70171305
vn -0.71245963 0.00027874 -0.70171305
vn -0.71911309 -0.00026897 -0.69489301
vn -0.71911309 -0.00026897 -0.69489301
vn -0.71911309 -0.00026897 -0.69489301
vn -0.69205895 0.00001863 -0.72184099
vn -0.69205895 0.00001863 -0.72184099
vn -0.69205895 0.00001863 -0.72184099
vn -0.78295913 0.00015834 -0.62207312
vn -0.78295913 0.00015834 -0.62207312
vn -0.78295913 0.00015834 -0.62207312
vn -0.80357742 -0.00012490 -0.59520023
vn -0.80357742 -0.00012490 -0.59520023
vn -0.80357742 -0.00012490 -0.59520023
vn -0.81065587 0.00016363 -0.58552287
vn -0.81065587 0.00016363 -0.58552287
vn -0.81065587 0.00016363 -0.58552287
vn -0.82178094 -0.00004715 -0.56980356
vn -0.82178094 -0.00004715 -0.56980356
vn -0.82178094 -0.00004715 -0.56980356
vn -0.82836089 0.00003378 -0.56019481
vn -0.82836089 0.00003378 -0.56019481
vn -0.82836089 0.00003378 -0.56019481
vn -0.84250691 -0.00016720 -0.53868551
vn -0.84250691 -0.00016720 -0.53868551
vn -0.84250691 -0.00016720 -0.53868551
vn -0.83988587 0.00000000 -0.54276305
vn -0.83988587 0.00000000 -0.54276305
vn -0.83988587 0.00000000 -0.54276305
vn -0.85872421 0.00000000 -0.51243803
vn -0.85872421 0.00000000 -0.51243803
vn -0.85872421 0.00000000 -0.51243803
vn -0.85631561 0.00010768 -0.51645287
vn -0.85631561 0.00010768 -0.51645287
vn -0.85631561 0.00010768 -0.51645287
vn -0.87101808 -0.00011209 -0.49125095
vn -0.87101808 -0.00011209 -0.49125095
vn -0.87101808 -0.00011209 -0.49125095
vn -0.88577808 -0.00085249 -0.46410825
vn -0.88577808 -0.00085249 -0.46410825
vn -0.88577808 -0.00085249 -0.46410825
vn -0.87653031 0.00026793 -0.48134660
vn -0.87653031 0.00026793 -0.48134660
vn -0.87653031 0.00026793 -0.48134660
vn -0.90398697 -0.00018694 -0.42755997
vn -0.90398697 -0.00018694 -0.42755997
vn -0.90398697 -0.00018694 -0.42755997
vn -0.90197687 0.00000000 -0.43178435
vn -0.90197687 0.00000000 -0.43178435
vn -0.90197687 0.00000000 -0.43178435
vn -0.91681695 0.00000000 -0.39930776
vn -0.91681695 0.00000000 -0.39930776
vn -0.91681695 0.00000000 -0.39930776
vn -0.91487214 0.00008492 -0.40374369
vn -0.91487214 0.00008492 -0.40374369
vn -0.91487214 0.00008492 -0.40374369
vn -0.93282558 -0.00028183 -0.36032813
vn -0.93282558 -0.00028183 -0.36032813
vn -0.93282558 -0.00028183 -0.36032813
vn -0.92916037 0.00030174 -0.36967677
vn -0.92916037 0.00030174 -0.36967677
vn -0.92916037 0.00030174 -0.36967677
vn -0.94808617 -0.00015833 -0.31801351
vn -0.94808617 -0.00015833 -0.31801351
vn -0.94808617 -0.00015833 -0.31801351
vn -0.94473073 0.00015832 -0.32784726
vn -0.94473073 0.00015832 -0.32784726
vn -0.94473073 0.00015832 -0.32784726
vn -0.95338650 -0.00007157 -0.30175186
vn -0.95338650 -0.00007157 -0.30175186
vn -0.95338650 -0.00007157 -0.30175186
vn -0.95365454 -0.00008381 -0.30090364
vn -0.95365454 -0.00008381 -0.30090364
vn -0.95365454 -0.00008381 -0.30090364
vn -0.95618797 0.00000000 -0.29275342
vn -0.95618797 0.00000000 -0.29275342
vn -0.95618797 0.00000000 -0.29275342
vn -0.96389338 0.00000000 -0.26628848
vn -0.96389338 0.00000000 -0.26628848
vn -0.96389338 0.00000000 -0.26628848
vn -0.96258106 0.00016876 -0.27099386
vn -0.96258106 0.00016876 -0.27099386
vn -0.96258106 0.00016876 -0.27099386
vn -0.97649914 -0.00028098 -0.21552111
vn -0.97649914 -0.00028098 -0.21552111
vn -0.97649914 -0.00028098 -0.21552111
vn -0.97438188 0.00027226 -0.22489971
vn -0.97438188 0.00027226 -0.22489971
vn -0.97438188 0.00027226 -0.22489971
vn -0.98501179 -0.00013520 -0.17248698
vn -0.98501179 -0.00013520 -0.17248698
vn -0.98501179 -0.00013520 -0.17248698
vn -0.98418439 0.00000000 -0.17714710
vn -0.98418439 0.00000000 -0.17714710
vn -0.98418439 0.00000000 -0.17714710
vn -0.98987038 0.00000000 -0.14197406
vn -0.98987038 0.00000000 -0.14197406
vn -0.98987038 0.00000000 -0.14197406
vn -0.98918716 0.00013637 -0.14665857
vn -0.98918716 0.00013637 -0.14665857
vn -0.98918716 0.00013637 -0.14665857
vn -0.99356199 -0.00012018 -0.11328969
vn -0.99356199 -0.00012018 -0.11328969
vn -0.99356199 -0.00012018 -0.11328969
vn -0.99301453 -0.00000000 -0.11799213
vn -0.99301453 -0.00000000 -0.11799213
vn -0.99301453 -0.00000000 -0.11799213
vn -0.99659831 -0.00000000 -0.08241240
vn -0.99659831 -0.00000000 -0.08241240
vn -0.99659831 -0.00000000 -0.08241240
vn -0.99618336 0.00015746 -0.08728512
vn -0.99618336 0.00015746 -0.08728512
vn -0.99618336 0.00015746 -0.08728512
vn -0.99870040 -0.00012924 -0.05096567
vn -0.99870040 -0.00012924 -0.05096567
vn -0.99870040 -0.00012924 -0.05096567
vn -0.99951158 0.00039202 -0.03124813
vn -0.99951158 0.00039202 -0.03124813
vn -0.99951158 0.00039202 -0.03124813
vn -0.99979893 0.00012430 -0.02005186
vn -0.99979893 0.00012430 -0.02005186
vn -0.99979893 0.00012430 -0.02005186
vn -0.99998636 -0.00000000 -0.00522291
vn -0.99998636 -0.00000000 -0.00522291
vn -0.99998636 -0.00000000 -0.00522291
vn 0.00001276 0.00000000 1.00000000
vn 0.00001276 0.00000000 1.00000000
vn 0.00001276 0.00000000 1.00000000
vn 0.00001162 0.00000004 1.00000000
vn 0.00001162 0.00000004 1.00000000
vn 0.00001162 0.00000004 1.00000000
vn -0.00001108 0.00000004 1.00000000
vn -0.00001108 0.00000004 1.00000000
vn -0.00001108 0.00000004 1.00000000
vn -0.00000021 -0.00000031 1.00000000
vn -0.00000021 -0.00000031 1.00000000
vn -0.00000021 -0.00000031 1.00000000
vn -0.00000071 0.00000040 1.00000000
vn -0.00000071 0.00000040 1.00000000
vn -0.00000071 0.00000040 1.00000000
vn -0.00000469 0.00001287 1.00000000
vn -0.00000469 0.00001287 1.00000000
vn -0.00000469 0.00001287 1.00000000
vn -0.00000018 -0.00000033 1.00000000
vn -0.00000018 -0.00000033 1.00000000
vn -0.00000018 -0.00000033 1.00000000
vn -0.00000015 -0.00000035 1.00000000
vn -0.00000015 -0.00000035 1.00000000
vn -0.00000015 -0.00000035 1.00000000
vn -0.00000011 -0.00000036 1.00000000
vn -0.00000011 -0.00000036 1.00000000
vn -0.00000011 -0.00000036 1.00000000
vn -0.00000058 0.00000009 1.00000000
vn -0.00000058 0.00000009 1.00000000
vn -0.00000058 0.00000009 1.00000000
vn -0.00000055 0.00000003 1.00000000
vn -0.00000055 0.00000003 1.00000000
vn -0.00000055 0.00000003 1.00000000
vn 0.00000000 0.00000000 1.00000000
vn 0.00000000 0.00000000 1.00000000
vn 0.00000000 0.00000000 1.00000000
vn -0.00000069 0.00000034 1.00000000
vn -0.00000069 0.00000034 1.00000000
vn -0.00000069 0.00000034 1.00000000
vn -0.00000065 0.00000024 1.00000000
vn -0.00000065 0.00000024 1.00000000
vn -0.00000065 0.00000024 1.00000000
vn -0.00000062 0.00000016 1.00000000
vn -0.00000062 0.00000016 1.00000000
vn -0.00000062 0.00000016 1.00000000
vn -0.00000051 -0.00000003 1.00000000
vn -0.00000051 -0.00000003 1.00000000
vn -0.00000051 -0.00000003 1.00000000
vn -0.00000048 -0.00000007 1.00000000
vn -0.00000048 -0.00000007 1.00000000
vn -0.00000048 -0.00000007 1.00000000
vn -0.00000045 -0.00000011 1.00000000
vn -0.00000045 -0.00000011 1.00000000
vn -0.00000045 -0.00000011 1.00000000
vn -0.00000034 -0.00000022 1.00000000
vn -0.00000034 -0.00000022 1.00000000
vn -0.00000034 -0.00000022 1.00000000
vn -0.00000008 -0.00000037 1.00000000
vn -0.00000008 -0.00000037 1.00000000
vn -0.00000008 -0.00000037 1.00000000
vn -0.00000004 -0.00000039 1.00000000
vn -0.00000004 -0.00000039 1.00000000
vn -0.00000004 -0.00000039 1.00000000
vn -0.00000000 -0.00000040 1.00000000
vn -0.00000000 -0.00000040 1.00000000
vn -0.00000000 -0.00000040 1.00000000
vn 0.00000004 -0.00000040 1.00000000
vn 0.00000004 -0.00000040 1.00000000
vn 0.00000004 -0.00000040 1.00000000
vn 0.00000008 -0.00000041 1.00000000
vn 0.00000008 -0.00000041 1.00000000
vn 0.00000008 -0.00000041 1.00000000
vn 0.00000013 -0.00000041 1.00000000
vn 0.00000013 -0.00000041 1.00000000
vn 0.00000013 -0.00000041 1.00000000
vn 0.00000000 0.00000000 1.00000000
vn 0.00000000 0.00000000 1.00000000
vn 0.00000000 0.00000000 1.00000000
vn 0.00000000 0.00000000 1.00000000
vn 0.00000000 0.00000000 1.00000000
vn 0.00000000 0.00000000 1.00000000
vn 0.00000000 0.00000000 1.00000000
vn 0.00000000 0.00000000 1.00000000
vn 0.00000000 0.00000000 1.00000000
vn -0.00000041 -0.00000015 1.00000000
vn -0.00000041 -0.00000015 1.00000000
vn -0.00000041 -0.00000015 1.00000000
vn -0.00000038 -0.00000019 1.00000000
vn -0.00000038 -0.00000019 1.00000000
vn -0.00000038 -0.00000019 1.00000000
vn -0.00000036 -0.00000020 1.00000000
vn -0.00000036 -0.00000020 1.00000000
vn -0.00000036 -0.00000020 1.00000000
vn -0.00000031 -0.00000025 1.00000000
vn -0.00000031 -0.00000025 1.00000000
vn -0.00000031 -0.00000025 1.00000000
vn -0.00000028 -0.00000027 1.00000000
vn -0.00000028 -0.00000027 1.00000000
vn -0.00000028 -0.00000027 1.00000000
vn -0.00000025 -0.00000029 1.00000000
vn -0.00000025 -0.00000029 1.00000000
vn -0.00000025 -0.00000029 1.00000000
vn 0.00000000 0.00000000 1.00000000
vn 0.00000000 0.00000000 1.00000000
vn 0.00000000 0.00000000 1.00000000
vn 0.00000000 0.00000000 1.00000000
vn 0.00000000 0.00000000 1.00000000
vn 0.00000000 0.00000000 1.00000000
vn 0.00000000 0.00000000 1.00000000
vn 0.00000000 0.00000000 1.00000000
vn 0.00000000 0.00000000 1.00000000
vn 0.00000000 0.00000000 1.00000000
vn 0.00000000 0.00000000 1.00000000
vn 0.00000000 0.00000000 1.00000000
vn 0.00000000 0.00000000 1.00000000
vn 0.00000000 0.00000000 1.00000000
vn 0.00000000 0.00000000 1.00000000
vn 0.00000000 0.00000000 1.00000000
vn 0.00000000 0.00000000 1.00000000
vn 0.00000000 0.00000000 1.00000000
vn 0.00000000 0.00000000 1.00000000
vn 0.00000000 0.00000000 1.00000000
vn 0.00000000 0.00000000 1.00000000
vn 0.00000000 0.00000000 1.00000000
vn 0.00000000 0.00000000 1.00000000
vn 0.00000000 0.00000000 1.00000000
vn 0.00000000 0.00000000 1.00000000
vn 0.00000000 0.00000000 1.00000000
vn 0.00000000 0.00000000 1.00000000
vn 0.00000000 0.00000000 -1.00000000
vn 0.00000000 0.00000000 -1.00000000
vn 0.00000000 0.00000000 -1.00000000
vn -0.00001143 -0.00000036 -1.00000000
vn -0.00001143 -0.00000036 -1.00000000
vn -0.00001143 -0.00000036 -1.00000000
vn 0.00001031 -0.00000047 -1.00000000
vn 0.00001031 -0.00000047 -1.00000000
vn 0.00001031 -0.00000047 -1.00000000
vn 0.00000000 0.00000000 -1.00000000
vn 0.00000000 0.00000000 -1.00000000
vn 0.00000000 0.00000000 -1.00000000
vn 0.00000000 0.00000000 -1.00000000
vn 0.00000000 0.00000000 -1.00000000
vn 0.00000000 0.00000000 -1.00000000
vn 0.00000000 0.00000000 -1.00000000
vn 0.00000000 0.00000000 -1.00000000
vn 0.00000000 0.00000000 -1.00000000
vn 0.00000000 0.00000000 -1.00000000
vn 0.00000000 0.00000000 -1.00000000
vn 0.00000000 0.00000000 -1.00000000
vn 0.00000000 0.00000000 -1.00000000
vn 0.00000000 0.00000000 -1.00000000
vn 0.00000000 0.00000000 -1.00000000
vn 0.00000000 0.00000000 -1.00000000
vn 0.00000000 0.00000000 -1.00000000
vn 0.00000000 0.00000000 -1.00000000
vn 0.00000000 0.00000000 -1.00000000
vn 0.00000000 0.00000000 -1.00000000
vn 0.00000000 0.00000000 -1.00000000
vn 0.00000000 0.00000000 -1.00000000
vn 0.00000000 0.00000000 -1.00000000
vn 0.00000000 0.00000000 -1.00000000
vn 0.00000000 0.00000000 -1.00000000
vn 0.00000000 0.00000000 -1.00000000
vn 0.00000000 0.00000000 -1.00000000
vn 0.00000000 0.00000000 -1.00000000
vn 0.00000000 0.00000000 -1.00000000
vn 0.00000000 0.00000000 -1.00000000
vn -0.00000257 0.00000110 -1.00000000
vn -0.00000257 0.00000110 -1.00000000
vn -0.00000257 0.00000110 -1.00000000
vn 0.00001997 -0.00000967 -1.00000000
vn 0.00001997 -0.00000967 -1.00000000
vn 0.00001997 -0.00000967 -1.00000000
vn 0.00000000 0.00000000 -1.00000000
vn 0.00000000 0.00000000 -1.00000000
vn 0.00000000 0.00000000 -1.00000000
vn 0.00000000 0.00000000 -1.00000000
vn 0.00000000 0.00000000 -1.00000000
vn 0.00000000 0.00000000 -1.00000000
vn 0.00000000 0.00000000 -1.00000000
vn 0.00000000 0.00000000 -1.00000000
vn 0.00000000 0.00000000 -1.00000000
vn 0.00000000 0.00000000 -1.00000000
vn 0.00000000 0.00000000 -1.00000000
vn 0.00000000 0.00000000 -1.00000000
vn 0.00000000 0.00000000 -1.00000000
vn 0.00000000 0.00000000 -1.00000000
vn 0.00000000 0.00000000 -1.00000000
vn 0.00000000 0.00000000 -1.00000000
vn 0.00000000 0.00000000 -1.00000000
vn 0.00000000 0.00000000 -1.00000000
vn 0.00000000 0.00000000 -1.00000000
vn 0.00000000 0.00000000 -1.00000000
vn 0.00000000 0.00000000 -1.00000000
vn 0.00000000 0.00000000 -1.00000000
vn 0.00000000 0.00000000 -1.00000000
vn 0.00000000 0.00000000 -1.00000000
vn 0.00000000 0.00000000 -1.00000000
vn 0.00000000 0.00000000 -1.00000000
vn 0.00000000 0.00000000 -1.00000000
vn 0.00000000 0.00000000 -1.00000000
vn 0.00000000 0.00000000 -1.00000000
vn 0.00000000 0.00000000 -1.00000000
vn 0.00000000 0.00000000 -1.00000000
vn 0.00000000 0.00000000 -1.00000000
vn 0.00000000 0.00000000 -1.00000000
vn 0.00000000 0.00000000 -1.00000000
vn 0.00000000 0.00000000 -1.00000000
vn 0.00000000 0.00000000 -1.00000000
vn 0.00000000 0.00000000 -1.00000000
vn 0.00000000 0.00000000 -1.00000000
vn 0.00000000 0.00000000 -1.00000000
vn 0.00000000 0.00000000 -1.00000000
vn 0.00000000 0.00000000 -1.00000000
vn 0.00000000 0.00000000 -1.00000000
vn 0.00000000 0.00000000 -1.00000000
vn 0.00000000 0.00000000 -1.00000000
vn 0.00000000 0.00000000 -1.00000000
vn 0.00000000 0.00000000 -1.00000000
vn 0.00000000 0.00000000 -1.00000000
vn 0.00000000 0.00000000 -1.00000000
vn 0.00000000 0.00000000 -1.00000000
vn 0.00000000 0.00000000 -1.00000000
vn 0.00000000 0.00000000 -1.00000000
vn 0.00000000 0.00000000 -1.00000000
vn 0.00000000 0.00000000 -1.00000000
vn 0.00000000 0.00000000 -1.00000000
vn 0.00000000 0.00000000 -1.00000000
vn 0.00000000 0.00000000 -1.00000000
vn 0.00000000 0.00000000 -1.00000000
vn 0.00000000 0.00000000 -1.00000000
vn 0.00000000 0.00000000 -1.00000000
vn 0.00000000 0.00000000 -1.00000000
vn 0.00000000 0.00000000 -1.00000000
vn 0.00000000 0.00000000 -1.00000000
vn 0.00000000 0.00000000 -1.00000000
vn 0.00000000 0.00000000 -1.00000000
vn 0.00000000 0.00000000 -1.00000000
vn 0.00000000 0.00000000 -1.00000000
vn 0.00000000 0.00000000 -1.00000000
vn 0.00000000 0.00000000 -1.00000000
vn 0.00000000 0.00000000 -1.00000000
vn 0.00000000 0.00000000 -1.00000000
vn 0.00000000 0.00000000 -1.00000000
vn 0.00000000 0.00000000 -1.00000000
vn 0.00000000 0.00000000 -1.00000000
vn 0.00000000 0.00000000 -1.00000000
vn 0.00000000 0.00000000 -1.00000000
vn 0.00000000 0.00000000 -1.00000000
vn 0.00000000 0.00000000 -1.00000000
vn 0.00000000 0.00000000 -1.00000000
vn 0.00000000 0.00000000 -1.00000000
vn 0.00000000 0.00000000 -1.00000000
vn 0.00000000 0.00000000 -1.00000000
f 1//1 2//2 3//3
f 4//4 5//5 6//6
f 7//7 8//8 9//9
f 10//10 11//11 12//12
f 13//13 14//14 15//15
f 16//16 17//17 18//18
f 19//19 20//20 21//21
f 22//22 23//23 24//24
f 25//25 26//26 27//27
f 28//28 29//29 30//30
f 31//31 32//32 33//33
f 34//34 35//35 36//36
f 37//37 38//38 39//39
f 40//40 41//41 42//42
f 43//43 44//44 45//45
f 46//46 47//47 48//48
f 49//49 50//50 51//51
f 52//52 53//53 54//54
f 55//55 56//56 57//57
f 58//58 59//59 60//60
f 61//61 62//62 63//63
f 64//64 65//65 66//66
f 67//67 68//68 69//69
f 70//70 71//71 72//72
f 73//73 74//74 75//75
f 76//76 77//77 78//78
f 79//79 80//80 81//81
f 82//82 83//83 84//84
f 85//85 86//86 87//87
f 88//88 89//89 90//90
f 91//91 92//92 93//93
f 94//94 95//95 96//96
f 97//97 98//98 99//99
f 100//100 101//101 102//102
f 103//103 104//104 105//105
f 106//106 107//107 108//108
f 109//109 110//110 111//111
f 112//112 113//113 114//114
f 115//115 116//116 117//117
f 118//118 119//119 120//120
f 121//121 122//122 123//123
f 124//124 125//125 126//126
f 127//127 128//128 129//129
f 130//130 131//131 132//132
f 133//133 134//134 135//135
f 136//136 137//137 138//138
f 139//139 140//140 141//141
f 142//142 143//143 144//144
f 145//145 146//146 147//147
f 148//148 149//149 150//150
f 151//151 152//152 153//153
f 154//154 155//155 156//156
f 157//157 158//158 159//159
f 160//160 161//161 162//162
f 163//163 164//164 165//165
f 166//166 167//167 168//168
f 169//169 170//170 171//171
f 172//172 173//173 174//174
f 175//175 176//176 177//177
f 178//178 179//179 180//180
f 181//181 182//182 183//183
f 184//184 185//185 186//186
f 187//187 188//188 189//189
f 190//190 191//191 192//192
f 193//193 194//194 195//195
f 196//196 197//197 198//198
f 199//199 200//200 201//201
f 202//202 203//203 204//204
f 205//205 206//206 207//207
f 208//208 209//209 210//210
f 211//211 212//212 213//213
f 214//214 215//215 216//216
f 217//217 218//218 219//219
f 220//220 221//221 222//222
f 223//223 224//224 225//225
f 226//226 227//227 228//228
f 229//229 230//230 231//231
f 232//232 233//233 234//234
f 235//235 236//236 237//237
f 238//238 239//239 240//240
f 241//241 242//242 243//243
f 244//244 245//245 246//246
f 247//247 248//248 249//249
f 250//250 251//251 252//252
f 253//253 254//254 255//255
f 256//256 257//257 258//258
f 259//259 260//260 261//261
f 262//262 263//263 264//264
f 265//265 266//266 267//267
f 268//268 269//269 270//270
f 271//271 272//272 273//273
f 274//274 275//275 276//276
f 277//277 278//278 279//279
f 280//280 281//281 282//282
f 283//283 284//284 285//285
f 286//286 287//287 288//288
f 289//289 290//290 291//291
f 292//292 293//293 294//294
f 295//295 296//296 297//297
f 298//298 299//299 300//300
f 301//301 302//302 303//303
f 304//304 305//305 306//306
f 307//307 308//308 309//309
f 310//310 311//311 312//312
f 313//313 314//314 315//315
f 316//316 317//317 318//318
f 319//319 320//320 321//321
f 322//322 323//323 324//324
f 325//325 326//326 327//327
f 328//328 329//329 330//330
f 331//331 332//332 333//333
f 334//334 335//335 336//336
f 337//337 338//338 339//339
f 340//340 341//341 342//342
f 343//343 344//344 345//345
f 346//346 347//347 348//348
f 349//349 350//350 351//351
f 352//352 353//353 354//354
f 355//355 356//356 357//357
f 358//358 359//359 360//360
f 361//361 362//362 363//363
f 364//364 365//365 366//366
f 367//367 368//368 369//369
f 370//370 371//371 372//372
f 373//373 374//374 375//375
f 376//376 377//377 378//378
f 379//379 380//380 381//381
f 382//382 383//383 384//384
f 385//385 386//386 387//387
f 388//388 389//389 390//390
f 391//391 392//392 393//393
f 394//394 395//395 396//396
f 397//397 398//398 399//399
f 400//400 401//401 402//402
f 403//403 404//404 405//405
f 406//406 407//407 408//408
f 409//409 410//410 411//411
f 412//412 413//413 414//414
f 415//415 416//416 417//417
f 418//418 419//419 420//420
f 421//421 422//422 423//423
f 424//424 425//425 426//426
f 427//427 428//428 429//429
f 430//430 431//431 432//432
f 433//433 434//434 435//435
f 436//436 437//437 438//438
f 439//439 440//440 441//441
f 442//442 443//443 444//444
f 445//445 446//446 447//447
f 448//448 449//449 450//450
f 451//451 452//452 453//453
f 454//454 455//455 456//456
f 457//457 458//458 459//459
f 460//460 461//461 462//462
f 463//463 464//464 465//465
f 466//466 467//467 468//468
f 469//469 470//470 471//471
f 472//472 473//473 474//474
f 475//475 476//476 477//477
f 478//478 479//479 480//480
f 481//481 482//482 483//483
f 484//484 485//485 486//486
f 487//487 488//488 489//489
f 490//490 491//491 492//492
f 493//493 494//494 495//495
f 496//496 497//497 498//498
f 499//499 500//500 501//501
f 502//502 503//503 504//504
f 505//505 506//506 507//507
f 508//508 509//509 510//510
f 511//511 512//512 513//513
f 514//514 515//515 516//516
f 517//517 518//518 519//519
f 520//520 521//521 522//522
f 523//523 524//524 525//525
f 526//526 527//527 528//528
f 529//529 530//530 531//531
f 532//532 533//533 534//534
f 535//535 536//536 537//537
f 538//538 539//539 540//540
f 541//541 542//542 543//543
f 544//544 545//545 546//546
f 547//547 548//548 549//549
f 550//550 551//551 552//552
f 553//553 554//554 555//555
f 556//556 557//557 558//558
f 559//559 560//560 561//561
f 562//562 563//563 564//564
f 565//565 566//566 567//567
f 568//568 569//569 570//570
f 571//571 572//572 573//573
f 574//574 575//575 576//576
f 577//577 578//578 579//579
f 580//580 581//581 582//582
f 583//583 584//584 585//585
f 586//586 587//587 588//588
f 589//589 590//590 591//591
f 592//592 593//593 594//594
f 595//595 596//596 597//597
f 598//598 599//599 600//600
f 601//601 602//602 603//603
f 604//604 605//605 606//606
f 607//607 608//608 609//609
f 610//610 611//611 612//612
f 613//613 614//614 615//615
f 616//616 617//617 618//618
f 619//619 620//620 621//621
f 622//622 623//623 624//624
f 625//625 626//626 627//627
f 628//628 629//629 630//630
f 631//631 632//632 633//633
f 634//634 635//635 636//636
f 637//637 638//638 639//639
f 640//640 641//641 642//642
f 643//643 644//644 645//645
f 646//646 647//647 648//648
f 649//649 650//650 651//651
f 652//652 653//653 654//654
f 655//655 656//656 657//657
f 658//658 659//659 660//660
f 661//661 662//662 663//663
f 664//664 665//665 666//666
f 667//667 668//668 669//669
f 670//670 671//671 672//672
f 673//673 674//674 675//675
f 676//676 677//677 678//678
f 679//679 680//680 681//681
f 682//682 683//683 684//684
f 685//685 686//686 687//687
f 688//688 689//689 690//690
f 691//691 692//692 693//693
f 694//694 695//695 696//696
f 697//697 698//698 699//699
f 700//700 701//701 702//702
f 703//703 704//704 705//705
f 706//706 707//707 708//708
f 709//709 710//710 711//711
f 712//712 713//713 714//714
f 715//715 716//716 717//717
f 718//718 719//719 720//720
f 721//721 722//722 723//723
f 724//724 725//725 726//726
f 727//727 728//728 729//729
f 730//730 731//731 732//732
f 733//733 734//734 735//735
f 736//736 737//737 738//738
f 739//739 740//740 741//741
f 742//742 743//743 744//744
f 745//745 746//746 747//747
f 748//748 749//749 750//750
f 751//751 752//752 753//753
f 754//754 755//755 756//756
f 757//757 758//758 759//759
f 760//760 761//761 762//762
f 763//763 764//764 765//765
f 766//766 767//767 768//768
f 769//769 770//770 771//771
f 772//772 773//773 774//774
f 775//775 776//776 777//777
f 778//778 779//779 780//780
f 781//781 782//782 783//783
f 784//784 785//785 786//786
f 787//787 788//788 789//789
f 790//790 791//791 792//792
f 793//793 794//794 795//795
f 796//796 797//797 798//798
f 799//799 800//800 801//801
f 802//802 803//803 804//804
f 805//805 806//806 807//807
f 808//808 809//809 810//810
f 811//811 812//812 813//813
f 814//814 815//815 816//816
f 817//817 818//818 819//819
f 820//820 821//821 822//822
f 823//823 824//824 825//825
f 826//826 827//827 828//828
f 829//829 830//830 831//831
f 832//832 833//833 834//834
f 835//835 836//836 837//837
f 838//838 839//839 840//840
f 841//841 842//842 843//843
f 844//844 845//845 846//846
f 847//847 848//848 849//849
f 850//850 851//851 852//852
f 853//853 854//854 855//855
f 856//856 857//857 858//858
f 859//859 860//860 861//861
f 862//862 863//863 864//864
f 865//865 866//866 867//867
f 868//868 869//869 870//870
f 871//871 872//872 873//873
f 874//874 875//875 876//876
f 877//877 878//878 879//879
f 880//880 881//881 882//882
f 883//883 884//884 885//885
f 886//886 887//887 888//888
f 889//889 890//890 891//891
f 892//892 893//893 894//894
f 895//895 896//896 897//897
f 898//898 899//899 900//900
f 901//901 902//902 903//903
f 904//904 905//905 906//906
f 907//907 908//908 909//909
f 910//910 911//911 912//912
f 913//913 914//914 915//915
f 916//916 917//917 918//918
f 919//919 920//920 921//921
f 922//922 923//923 924//924
f 925//925 926//926 927//927
f 928//928 929//929 930//930
f 931//931 932//932 933//933
f 934//934 935//935 936//936
f 937//937 938//938 939//939
f 940//940 941//941 942//942
f 943//943 944//944 945//945
f 946//946 947//947 948//948
f 949//949 950//950 951//951
f 952//952 953//953 954//954
f 955//955 956//956 957//957
f 958//958 959//959 960//960
f 961//961 962//962 963//963
f 964//964 965//965 966//966
f 967//967 968//968 969//969
f 970//970 971//971 972//972
f 973//973 974//974 975//975
f 976//976 977//977 978//978
f 979//979 980//980 981//981
f 982//982 983//983 984//984
f 985//985 986//986 987//987
f 988//988 989//989 990//990
f 991//991 992//992 993//993
f 994//994 995//995 996//996
f 997//997 998//998 999//999
f 1000//1000 1001//1001 1002//1002
f 1003//1003 1004//1004 1005//1005
f 1006//1006 1007//1007 1008//1008
f 1009//1009 1010//1010 1011//1011
f 1012//1012 1013//1013 1014//1014
f 1015//1015 1016//1016 1017//1017
f 1018//1018 1019//1019 1020//1020
f 1021//1021 1022//1022 1023//1023
f 1024//1024 1025//1025 1026//1026
f 1027//1027 1028//1028 1029//1029
f 1030//1030 1031//1031 1032//1032
f 1033//1033 1034//1034 1035//1035
f 1036//1036 1037//1037 1038//1038
f 1039//1039 1040//1040 1041//1041
f 1042//1042 1043//1043 1044//1044
f 1045//1045 1046//1046 1047//1047
f 1048//1048 1049//1049 1050//1050
f 1051//1051 1052//1052 1053//1053
f 1054//1054 1055//1055 1056//1056
f 1057//1057 1058//1058 1059//1059
f 1060//1060 1061//1061 1062//1062
f 1063//1063 1064//1064 1065//1065
f 1066//1066 1067//1067 1068//1068
f 1069//1069 1070//1070 1071//1071
f 1072//1072 1073//1073 1074//1074
f 1075//1075 1076//1076 1077//1077
f 1078//1078 1079//1079 1080//1080
f 1081//1081 1082//1082 1083//1083
f 1084//1084 1085//1085 1086//1086
f 1087//1087 1088//1088 1089//1089
f 1090//1090 1091//1091 1092//1092
f 1093//1093 1094//1094 1095//1095
f 1096//1096 1097//1097 1098//1098
f 1099//1099 1100//1100 1101//1101
f 1102//1102 1103//1103 1104//1104
f 1105//1105 1106//1106 1107//1107
f 1108//1108 1109//1109 1110//1110
f 1111//1111 1112//1112 1113//1113
f 1114//1114 1115//1115 1116//1116
f 1117//1117 1118//1118 1119//1119
f 1120//1120 1121//1121 1122//1122
f 1123//1123 1124//1124 1125//1125
f 1126//1126 1127//1127 1128//1128
f 1129//1129 1130//1130 1131//1131
f 1132//1132 1133//1133 1134//1134
f 1135//1135 1136//1136 1137//1137
f 1138//1138 1139//1139 1140//1140
f 1141//1141 1142//1142 1143//1143
f 1144//1144 1145//1145 1146//1146
f 1147//1147 1148//1148 1149//1149
f 1150//1150 1151//1151 1152//1152
f 1153//1153 1154//1154 1155//1155
f 1156//1156 1157//1157 1158//1158
f 1159//1159 1160//1160 1161//1161
f 1162//1162 1163//1163 1164//1164
f 1165//1165 1166//1166 1167//1167
f 1168//1168 1169//1169 1170//1170
f 1171//1171 1172//1172 1173//1173
f 1174//1174 1175//1175 1176//1176
f 1177//1177 1178//1178 1179//1179
f 1180//1180 1181//1181 1182//1182
f 1183//1183 1184//1184 1185//1185
f 1186//1186 1187//1187 1188//1188
f 1189//1189 1190//1190 1191//1191
f 1192//1192 1193//1193 1194//1194
f 1195//1195 1196//1196 1197//1197
f 1198//1198 1199//1199 1200//1200
f 1201//1201 1202//1202 1203//1203
f 1204//1204 1205//1205 1206//1206
f 1207//1207 1208//1208 1209//1209
f 1210//1210 1211//1211 1212//1212
f 1213//1213 1214//1214 1215//1215
f 1216//1216 1217//1217 1218//1218
f 1219//1219 1220//1220 1221//1221
f 1222//1222 1223//1223 1224//1224
f 1225//1225 1226//1226 1227//1227
f 1228//1228 1229//1229 1230//1230
f 1231//1231 1232//1232 1233//1233
f 1234//1234 1235//1235 1236//1236
f 1237//1237 1238//1238 1239//1239
f 1240//1240 1241//1241 1242//1242
f 1243//1243 1244//1244 1245//1245
f 1246//1246 1247//1247 1248//1248
f 1249//1249 1250//1250 1251//1251
f 1252//1252 1253//1253 1254//1254
f 1255//1255 1256//1256 1257//1257
f 1258//1258 1259//1259 1260//1260
f 1261//1261 1262//1262 1263//1263
f 1264//1264 1265//1265 1266//1266
f 1267//1267 1268//1268 1269//1269
f 1270//1270 1271//1271 1272//1272
f 1273//1273 1274//1274 1275//1275
f 1276//1276 1277//1277 1278//1278
f 1279//1279 1280//1280 1281//1281
f 1282//1282 1283//1283 1284//1284
f 1285//1285 1286//1286 1287//1287
f 1288//1288 1289//1289 1290//1290
f 1291//1291 1292//1292 1293//1293
f 1294//1294 1295//1295 1296//1296
f 1297//1297 1298//1298 1299//1299
f 1300//1300 1301//1301 1302//1302
f 1303//1303 1304//1304 1305//1305
f 1306//1306 1307//1307 1308//1308
f 1309//1309 1310//1310 1311//1311
f 1312//1312 1313//1313 1314//1314
f 1315//1315 1316//1316 1317//1317
f 1318//1318 1319//1319 1320//1320
f 1321//1321 1322//1322 1323//1323
f 1324//1324 1325//1325 1326//1326
f 1327//1327 1328//1328 1329//1329
f 1330//1330 1331//1331 1332//1332
f 1333//1333 1334//1334 1335//1335
f 1336//1336 1337//1337 1338//1338
f 1339//1339 1340//1340 1341//1341
f 1342//1342 1343//1343 1344//1344
f 1345//1345 1346//1346 1347//1347
f 1348//1348 1349//1349 1350//1350
f 1351//1351 1352//1352 1353//1353
f 1354//1354 1355//1355 1356//1356
f 1357//1357 1358//1358 1359//1359
f 1360//1360 1361//1361 1362//1362
f 1363//1363 1364//1364 1365//1365
f 1366//1366 1367//1367 1368//1368
f 1369//1369 1370//1370 1371//1371
f 1372//1372 1373//1373 1374//1374
f 1375//1375 1376//1376 1377//1377
f 1378//1378 1379//1379 1380//1380
f 1381//1381 1382//1382 1383//1383
f 1384//1384 1385//1385 1386//1386
f 1387//1387 1388//1388 1389//1389
f 1390//1390 1391//1391 1392//1392
f 1393//1393 1394//1394 1395//1395
f 1396//1396 1397//1397 1398//1398
f 1399//1399 1400//1400 1401//1401
f 1402//1402 1403//1403 1404//1404
f 1405//1405 1406//1406 1407//1407
f 1408//1408 1409//1409 1410//1410
f 1411//1411 1412//1412 1413//1413
f 1414//1414 1415//1415 1416//1416
f 1417//1417 1418//1418 1419//1419
f 1420//1420 1421//1421 1422//1422
f 1423//1423 1424//1424 1425//1425
f 1426//1426 1427//1427 1428//1428
f 1429//1429 1430//1430 1431//1431
f 1432//1432 1433//1433 1434//1434
f 1435//1435 1436//1436 1437//1437
f 1438//1438 1439//1439 1440//1440
f 1441//1441 1442//1442 1443//1443
f 1444//1444 1445//1445 1446//1446
f 1447//1447 1448//1448 1449//1449
f 1450//1450 1451//1451 1452//1452
f 1453//1453 1454//1454 1455//1455
f 1456//1456 1457//1457 1458//1458
f 1459//1459 1460//1460 1461//1461
f 1462//1462 1463//1463 1464//1464
f 1465//1465 1466//1466 1467//1467
f 1468//1468 1469//1469 1470//1470
f 1471//1471 1472//1472 1473//1473
f 1474//1474 1475//1475 1476//1476
f 1477//1477 1478//1478 1479//1479
f 1480//1480 1481//1481 1482//1482
f 1483//1483 1484//1484 1485//1485
f 1486//1486 1487//1487 1488//1488
f 1489//1489 1490//1490 1491//1491
f 1492//1492 1493//1493 1494//1494
f 1495//1495 1496//1496 1497//1497
f 1498//1498 1499//1499 1500//1500
f 1501//1501 1502//1502 1503//1503
f 1504//1504 1505//1505 1506//1506
f 1507//1507 1508//1508 1509//1509
f 1510//1510 1511//1511 1512//1512
f 1513//1513 1514//1514 1515//1515
f 1516//1516 1517//1517 1518//1518
f 1519//1519 1520//1520 1521//1521
f 1522//1522 1523//1523 1524//1524
f 1525//1525 1526//1526 1527//1527
f 1528//1528 1529//1529 1530//1530
f 1531//1531 1532//1532 1533//1533
f 1534//1534 1535//1535 1536//1536
f 1537//1537 1538//1538 1539//1539
f 1540//1540 1541//1541 1542//1542
f 1543//1543 1544//1544 1545//1545
f 1546//1546 1547//1547 1548//1548
f 1549//1549 1550//1550 1551//1551
f 1552//1552 1553//1553 1554//1554
f 1555//1555 1556//1556 1557//1557
f 1558//1558 1559//1559 1560//1560
f 1561//1561 1562//1562 1563//1563
f 1564//1564 1565//1565 1566//1566
f 1567//1567 1568//1568 1569//1569
f 1570//1570 1571//1571 1572//1572
f 1573//1573 1574//1574 1575//1575
f 1576//1576 1577//1577 1578//1578
f 1579//1579 1580//1580 1581//1581
f 1582//1582 1583//1583 1584//1584
f 1585//1585 1586//1586 1587//1587
f 1588//1588 1589//1589 1590//1590
f 1591//1591 1592//1592 1593//1593
f 1594//1594 1595//1595 1596//1596
f 1597//1597 1598//1598 1599//1599
f 1600//1600 1601//1601 1602//1602
f 1603//1603 1604//1604 1605//1605
f 1606//1606 1607//1607 1608//1608
f 1609//1609 1610//1610 1611//1611
f 1612//1612 1613//1613 1614//1614
f 1615//1615 1616//1616 1617//1617
f 1618//1618 1619//1619 1620//1620
f 1621//1621 1622//1622 1623//1623
f 1624//1624 1625//1625 1626//1626
f 1627//1627 1628//1628 1629//1629
f 1630//1630 1631//1631 1632//1632
f 1633//1633 1634//1634 1635//1635
f 1636//1636 1637//1637 1638//1638
f 1639//1639 1640//1640 1641//1641
f 1642//1642 1643//1643 1644//1644
f 1645//1645 1646//1646 1647//1647
f 1648//1648 1649//1649 1650//1650
f 1651//1651 1652//1652 1653//1653
f 1654//1654 1655//1655 1656//1656
f 1657//1657 1658//1658 1659//1659
f 1660//1660 1661//1661 1662//1662
f 1663//1663 1664//1664 1665//1665
f 1666//1666 1667//1667 1668//1668
f 1669//1669 1670//1670 1671//1671
f 1672//1672 1673//1673 1674//1674
f 1675//1675 1676//1676 1677//1677
f 1678//1678 1679//1679 1680//1680
f 1681//1681 1682//1682 1683//1683
f 1684//1684 1685//1685 1686//1686
f 1687//1687 1688//1688 1689//1689
f 1690//1690 1691//1691 1692//1692
f 1693//1693 1694//1694 1695//1695
f 1696//1696 1697//1697 1698//1698
f 1699//1699 1700//1700 1701//1701
f 1702//1702 1703//1703 1704//1704
f 1705//1705 1706//1706 1707//1707
f 1708//1708 1709//1709 1710//1710
f 1711//1711 1712//1712 1713//1713
f 1714//1714 1715//1715 1716//1716
f 1717//1717 1718//1718 1719//1719
f 1720//1720 1721//1721 1722//1722
f 1723//1723 1724//1724 1725//1725
f 1726//1726 1727//1727 1728//1728
f 1729//1729 1730//1730 1731//1731
f 1732//1732 1733//1733 1734//1734
f 1735//1735 1736//1736 1737//1737
f 1738//1738 1739//1739 1740//1740
f 1741//1741 1742//1742 1743//1743
f 1744//1744 1745//1745 1746//1746
f 1747//1747 1748//1748 1749//1749
f 1750//1750 1751//1751 1752//1752
f 1753//1753 1754//1754 1755//1755
f 1756//1756 1757//1757 1758//1758
f 1759//1759 1760//1760 1761//1761
f 1762//1762 1763//1763 1764//1764
f 1765//1765 1766//1766 1767//1767
f 1768//1768 1769//1769 1770//1770
f 1771//1771 1772//1772 1773//1773
f 1774//1774 1775//1775 1776//1776
f 1777//1777 1778//1778 1779//1779
f 1780//1780 1781//1781 1782//1782
f 1783//1783 1784//1784 1785//1785
f 1786//1786 1787//1787 1788//1788
f 1789//1789 1790//1790 1791//1791
f 1792//1792 1793//1793 1794//1794
f 1795//1795 1796//1796 1797//1797
f 1798//1798 1799//1799 1800//1800
f 1801//1801 1802//1802 1803//1803
f 1804//1804 1805//1805 1806//1806
f 1807//1807 1808//1808 1809//1809
f 1810//1810 1811//1811 1812//1812
f 1813//1813 1814//1814 1815//1815
f 1816//1816 1817//1817 1818//1818
f 1819//1819 1820//1820 1821//1821
f 1822//1822 1823//1823 1824//1824
f 1825//1825 1826//1826 1827//1827
f 1828//1828 1829//1829 1830//1830
f 1831//1831 1832//1832 1833//1833
f 1834//1834 1835//1835 1836//1836
f 1837//1837 1838//1838 1839//1839
f 1840//1840 1841//1841 1842//1842
f 1843//1843 1844//1844 1845//1845
f 1846//1846 1847//1847 1848//1848
f 1849//1849 1850//1850 1851//1851
f 1852//1852 1853//1853 1854//1854
f 1855//1855 1856//1856 1857//1857
f 1858//1858 1859//1859 1860//1860
f 1861//1861 1862//1862 1863//1863
f 1864//1864 1865//1865 1866//1866
f 1867//1867 1868//1868 1869//1869
f 1870//1870 1871//1871 1872//1872
f 1873//1873 1874//1874 1875//1875
f 1876//1876 1877//1877 1878//1878
f 1879//1879 1880//1880 1881//1881
f 1882//1882 1883//1883 1884//1884
f 1885//1885 1886//1886 1887//1887
f 1888//1888 1889//1889 1890//1890
f 1891//1891 1892//1892 1893//1893
f 1894//1894 1895//1895 1896//1896
f 1897//1897 1898//1898 1899//1899
f 1900//1900 1901//1901 1902//1902
f 1903//1903 1904//1904 1905//1905
f 1906//1906 1907//1907 1908//1908
f 1909//1909 1910//1910 1911//1911
f 1912//1912 1913//1913 1914//1914
f 1915//1915 1916//1916 1917//1917
f 1918//1918 1919//1919 1920//1920
f 1921//1921 1922//1922 1923//1923
f 1924//1924 1925//1925 1926//1926
f 1927//1927 1928//1928 1929//1929
f 1930//1930 1931//1931 1932//1932
f 1933//1933 1934//1934 1935//1935
f 1936//1936 1937//1937 1938//1938
f 1939//1939 1940//1940 1941//1941
f 1942//1942 1943//1943 1944//1944
f 1945//1945 1946//1946 1947//1947
f 1948//1948 1949//1949 1950//1950
f 1951//1951 1952//1952 1953//1953
f 1954//1954 1955//1955 1956//1956
f 1957//1957 1958//1958 1959//1959
f 1960//1960 1961//1961 1962//1962
f 1963//1963 1964//1964 1965//1965
f 1966//1966 1967//1967 1968//1968
f 1969//1969 1970//1970 1971//1971
f 1972//1972 1973//1973 1974//1974
f 1975//1975 1976//1976 1977//1977
f 1978//1978 1979//1979 1980//1980
f 1981//1981 1982//1982 1983//1983
f 1984//1984 1985//1985 1986//1986
f 1987//1987 1988//1988 1989//1989
f 1990//1990 1991//1991 1992//1992
f 1993//1993 1994//1994 1995//1995
f 1996//1996 1997//1997 1998//1998
f 1999//1999 2000//2000 2001//2001
f 2002//2002 2003//2003 2004//2004
f 2005//2005 2006//2006 2007//2007
f 2008//2008 2009//2009 2010//2010
f 2011//2011 2012//2012 2013//2013
f 2014//2014 2015//2015 2016//2016
f 2017//2017 2018//2018 2019//2019
f 2020//2020 2021//2021 2022//2022
f 2023//2023 2024//2024 2025//2025
f 2026//2026 2027//2027 2028//2028
f 2029//2029 2030//2030 2031//2031
f 2032//2032 2033//2033 2034//2034
f 2035//2035 2036//2036 2037//2037
f 2038//2038 2039//2039 2040//2040
f 2041//2041 2042//2042 2043//2043
f 2044//2044 2045//2045 2046//2046
f 2047//2047 2048//2048 2049//2049
f 2050//2050 2051//2051 2052//2052
f 2053//2053 2054//2054 2055//2055
f 2056//2056 2057//2057 2058//2058
f 2059//2059 2060//2060 2061//2061
f 2062//2062 2063//2063 2064//2064
f 2065//2065 2066//2066 2067//2067
f 2068//2068 2069//2069 2070//2070
f 2071//2071 2072//2072 2073//2073
f 2074//2074 2075//2075 2076//2076
f 2077//2077 2078//2078 2079//2079
f 2080//2080 2081//2081 2082//2082
f 2083//2083 2084//2084 2085//2085
f 2086//2086 2087//2087 2088//2088
f 2089//2089 2090//2090 2091//2091
f 2092//2092 2093//2093 2094//2094
f 2095//2095 2096//2096 2097//2097
f 2098//2098 2099//2099 2100//2100
f 2101//2101 2102//2102 2103//2103
f 2104//2104 2105//2105 2106//2106
f 2107//2107 2108//2108 2109//2109
f 2110//2110 2111//2111 2112//2112
f 2113//2113 2114//2114 2115//2115
f 2116//2116 2117//2117 2118//2118
f 2119//2119 2120//2120 2121//2121
f 2122//2122 2123//2123 2124//2124
f 2125//2125 2126//2126 2127//2127
f 2128//2128 2129//2129 2130//2130
f 2131//2131 2132//2132 2133//2133
f 2134//2134 2135//2135 2136//2136
f 2137//2137 2138//2138 2139//2139
f 2140//2140 2141//2141 2142//2142
f 2143//2143 2144//2144 2145//2145
f 2146//2146 2147//2147 2148//2148
f 2149//2149 2150//2150 2151//2151
f 2152//2152 2153//2153 2154//2154
f 2155//2155 2156//2156 2157//2157
f 2158//2158 2159//2159 2160//2160
f 2161//2161 2162//2162 2163//2163
f 2164//2164 2165//2165 2166//2166
f 2167//2167 2168//2168 2169//2169
f 2170//2170 2171//2171 2172//2172
f 2173//2173 2174//2174 2175//2175
f 2176//2176 2177//2177 2178//2178
f 2179//2179 2180//2180 2181//2181
f 2182//2182 2183//2183 2184//2184
f 2185//2185 2186//2186 2187//2187
f 2188//2188 2189//2189 2190//2190
f 2191//2191 2192//2192 2193//2193
f 2194//2194 2195//2195 2196//2196
f 2197//2197 2198//2198 2199//2199
f 2200//2200 2201//2201 2202//2202
f 2203//2203 2204//2204 2205//2205
f 2206//2206 2207//2207 2208//2208
f 2209//2209 2210//2210 2211//2211
f 2212//2212 2213//2213 2214//2214
f 2215//2215 2216//2216 2217//2217
f 2218//2218 2219//2219 2220//2220
f 2221//2221 2222//2222 2223//2223
f 2224//2224 2225//2225 2226//2226
f 2227//2227 2228//2228 2229//2229
f 2230//2230 2231//2231 2232//2232
f 2233//2233 2234//2234 2235//2235
f 2236//2236 2237//2237 2238//2238
f 2239//2239 2240//2240 2241//2241
f 2242//2242 2243//2243 2244//2244
f 2245//2245 2246//2246 2247//2247
f 2248//2248 2249//2249 2250//2250
f 2251//2251 2252//2252 2253//2253
f 2254//2254 2255//2255 2256//2256
f 2257//2257 2258//2258 2259//2259
f 2260//2260 2261//2261 2262//2262
f 2263//2263 2264//2264 2265//2265
f 2266//2266 2267//2267 2268//2268
f 2269//2269 2270//2270 2271//2271
f 2272//2272 2273//2273 2274//2274
f 2275//2275 2276//2276 2277//2277
f 2278//2278 2279//2279 2280//2280
f 2281//2281 2282//2282 2283//2283
f 2284//2284 2285//2285 2286//2286
f 2287//2287 2288//2288 2289//2289
f 2290//2290 2291//2291 2292//2292
f 2293//2293 2294//2294 2295//2295
f 2296//2296 2297//2297 2298//2298
f 2299//2299 2300//2300 2301//2301
f 2302//2302 2303//2303 2304//2304
f 2305//2305 2306//2306 2307//2307
f 2308//2308 2309//2309 2310//2310
f 2311//2311 2312//2312 2313//2313
f 2314//2314 2315//2315 2316//2316
f 2317//2317 2318//2318 2319//2319
f 2320//2320 2321//2321 2322//2322
f 2323//2323 2324//2324 2325//2325
f 2326//2326 2327//2327 2328//2328
f 2329//2329 2330//2330 2331//2331
f 2332//2332 2333//2333 2334//2334
f 2335//2335 2336//2336 2337//2337
f 2338//2338 2339//2339 2340//2340
f 2341//2341 2342//2342 2343//2343
f 2344//2344 2345//2345 2346//2346
f 2347//2347 2348//2348 2349//2349
f 2350//2350 2351//2351 2352//2352
f 2353//2353 2354//2354 2355//2355
f 2356//2356 2357//2357 2358//2358
f 2359//2359 2360//2360 2361//2361
f 2362//2362 2363//2363 2364//2364
f 2365//2365 2366//2366 2367//2367
f 2368//2368 2369//2369 2370//2370
f 2371//2371 2372//2372 2373//2373
f 2374//2374 2375//2375 2376//2376
f 2377//2377 2378//2378 2379//2379
f 2380//2380 2381//2381 2382//2382
f 2383//2383 2384//2384 2385//2385
f 2386//2386 2387//2387 2388//2388
f 2389//2389 2390//2390 2391//2391
f 2392//2392 2393//2393 2394//2394
f 2395//2395 2396//2396 2397//2397
f 2398//2398 2399//2399 2400//2400
f 2401//2401 2402//2402 2403//2403
f 2404//2404 2405//2405 2406//2406
f 2407//2407 2408//2408 2409//2409
f 2410//2410 2411//2411 2412//2412
f 2413//2413 2414//2414 2415//2415
f 2416//2416 2417//2417 2418//2418
f 2419//2419 2420//2420 2421//2421
f 2422//2422 2423//2423 2424//2424
f 2425//2425 2426//2426 2427//2427
f 2428//2428 2429//2429 2430//2430
f 2431//2431 2432//2432 2433//2433
f 2434//2434 2435//2435 2436//2436
f 2437//2437 2438//2438 2439//2439
f 2440//2440 2441//2441 2442//2442
f 2443//2443 2444//2444 2445//2445
f 2446//2446 2447//2447 2448//2448
f 2449//2449 2450//2450 2451//2451
f 2452//2452 2453//2453 2454//2454
f 2455//2455 2456//2456 2457//2457
f 2458//2458 2459//2459 2460//2460
f 2461//2461 2462//2462 2463//2463
f 2464//2464 2465//2465 2466//2466
f 2467//2467 2468//2468 2469//2469
f 2470//2470 2471//2471 2472//2472
f 2473//2473 2474//2474 2475//2475
f 2476//2476 2477//2477 2478//2478
f 2479//2479 2480//2480 2481//2481
f 2482//2482 2483//2483 2484//2484
f 2485//2485 2486//2486 2487//2487
f 2488//2488 2489//2489 2490//2490
f 2491//2491 2492//2492 2493//2493
f 2494//2494 2495//2495 2496//2496
f 2497//2497 2498//2498 2499//2499
f 2500//2500 2501//2501 2502//2502
f 2503//2503 2504//2504 2505//2505
f 2506//2506 2507//2507 2508//2508
f 2509//2509 2510//2510 2511//2511
f 2512//2512 2513//2513 2514//2514
f 2515//2515 2516//2516 2517//2517
f 2518//2518 2519//2519 2520//2520
f 2521//2521 2522//2522 2523//2523
f 2524//2524 2525//2525 2526//2526
f 2527//2527 2528//2528 2529//2529
f 2530//2530 2531//2531 2532//2532
f 2533//2533 2534//2534 2535//2535
f 2536//2536 2537//2537 2538//2538
f 2539//2539 2540//2540 2541//2541
f 2542//2542 2543//2543 2544//2544
f 2545//2545 2546//2546 2547//2547
f 2548//2548 2549//2549 2550//2550
f 2551//2551 2552//2552 2553//2553
f 2554//2554 2555//2555 2556//2556
f 2557//2557 2558//2558 2559//2559
f 2560//2560 2561//2561 2562//2562
f 2563//2563 2564//2564 2565//2565
f 2566//2566 2567//2567 2568//2568
f 2569//2569 2570//2570 2571//2571
f 2572//2572 2573//2573 2574//2574
f 2575//2575 2576//2576 2577//2577
f 2578//2578 2579//2579 2580//2580
f 2581//2581 2582//2582 2583//2583
f 2584//2584 2585//2585 2586//2586
f 2587//2587 2588//2588 2589//2589
f 2590//2590 2591//2591 2592//2592
f 2593//2593 2594//2594 2595//2595
f 2596//2596 2597//2597 2598//2598
f 2599//2599 2600//2600 2601//2601
f 2602//2602 2603//2603 2604//2604
f 2605//2605 2606//2606 2607//2607
f 2608//2608 2609//2609 2610//2610
f 2611//2611 2612//2612 2613//2613
f 2614//2614 2615//2615 2616//2616
f 2617//2617 2618//2618 2619//2619
f 2620//2620 2621//2621 2622//2622
f 2623//2623 2624//2624 2625//2625
f 2626//2626 2627//2627 2628//2628
f 2629//2629 2630//2630 2631//2631
f 2632//2632 2633//2633 2634//2634
f 2635//2635 2636//2636 2637//2637
f 2638//2638 2639//2639 2640//2640
f 2641//2641 2642//2642 2643//2643
f 2644//2644 2645//2645 2646//2646
f 2647//2647 2648//2648 2649//2649
f 2650//2650 2651//2651 2652//2652
f 2653//2653 2654//2654 2655//2655
f 2656//2656 2657//2657 2658//2658
f 2659//2659 2660//2660 2661//2661
f 2662//2662 2663//2663 2664//2664
f 2665//2665 2666//2666 2667//2667
f 2668//2668 2669//2669 2670//2670
f 2671//2671 2672//2672 2673//2673
f 2674//2674 2675//2675 2676//2676
f 2677//2677 2678//2678 2679//2679
f 2680//2680 2681//2681 2682//2682
f 2683//2683 2684//2684 2685//2685
f 2686//2686 2687//2687 2688//2688
f 2689//2689 2690//2690 2691//2691
f 2692//2692 2693//2693 2694//2694
f 2695//2695 2696//2696 2697//2697
f 2698//2698 2699//2699 2700//2700
f 2701//2701 2702//2702 2703//2703
f 2704//2704 2705//2705 2706//2706
f 2707//2707 2708//2708 2709//2709
f 2710//2710 2711//2711 2712//2712
f 2713//2713 2714//2714 2715//2715
f 2716//2716 2717//2717 2718//2718
f 2719//2719 2720//2720 2721//2721
f 2722//2722 2723//2723 2724//2724
f 2725//2725 2726//2726 2727//2727
f 2728//2728 2729//2729 2730//2730
f 2731//2731 2732//2732 2733//2733
f 2734//2734 2735//2735 2736//2736
f 2737//2737 2738//2738 2739//2739
f 2740//2740 2741//2741 2742//2742
f 2743//2743 2744//2744 2745//2745
f 2746//2746 2747//2747 2748//2748
f 2749//2749 2750//2750 2751//2751
f 2752//2752 2753//2753 2754//2754
f 2755//2755 2756//2756 2757//2757
f 2758//2758 2759//2759 2760//2760
f 2761//2761 2762//2762 2763//2763
f 2764//2764 2765//2765 2766//2766
f 2767//2767 2768//2768 2769//2769
f 2770//2770 2771//2771 2772//2772
f 2773//2773 2774//2774 2775//2775
f 2776//2776 2777//2777 2778//2778
f 2779//2779 2780//2780 2781//2781
f 2782//2782 2783//2783 2784//2784
f 2785//2785 2786//2786 2787//2787
f 2788//2788 2789//2789 2790//2790
f 2791//2791 2792//2792 2793//2793
f 2794//2794 2795//2795 2796//2796
f 2797//2797 2798//2798 2799//2799
f 2800//2800 2801//2801 2802//2802
f 2803//2803 2804//2804 2805//2805
f 2806//2806 2807//2807 2808//2808
f 2809//2809 2810//2810 2811//2811
f 2812//2812 2813//2813 2814//2814
f 2815//2815 2816//2816 2817//2817
f 2818//2818 2819//2819 2820//2820
f 2821//2821 2822//2822 2823//2823
f 2824//2824 2825//2825 2826//2826
f 2827//2827 2828//2828 2829//2829
f 2830//2830 2831//2831 2832//2832
f 2833//2833 2834//2834 2835//2835
f 2836//2836 2837//2837 2838//2838
f 2839//2839 2840//2840 2841//2841
f 2842//2842 2843//2843 2844//2844
f 2845//2845 2846//2846 2847//2847
f 2848//2848 2849//2849 2850//2850
f 2851//2851 2852//2852 2853//2853
f 2854//2854 2855//2855 2856//2856
f 2857//2857 2858//2858 2859//2859
f 2860//2860 2861//2861 2862//2862
f 2863//2863 2864//2864 2865//2865
f 2866//2866 2867//2867 2868//2868
f 2869//2869 2870//2870 2871//2871
f 2872//2872 2873//2873 2874//2874
f 2875//2875 2876//2876 2877//2877
f 2878//2878 2879//2879 2880//2880
f 2881//2881 2882//2882 2883//2883
f 2884//2884 2885//2885 2886//2886
f 2887//2887 2888//2888 2889//2889
f 2890//2890 2891//2891 2892//2892
f 2893//2893 2894//2894 2895//2895
f 2896//2896 2897//2897 2898//2898
f 2899//2899 2900//2900 2901//2901
f 2902//2902 2903//2903 2904//2904
f 2905//2905 2906//2906 2907//2907
f 2908//2908 2909//2909 2910//2910
f 2911//2911 2912//2912 2913//2913
f 2914//2914 2915//2915 2916//2916
f 2917//2917 2918//2918 2919//2919
f 2920//2920 2921//2921 2922//2922
f 2923//2923 2924//2924 2925//2925
f 2926//2926 2927//2927 2928//2928
f 2929//2929 2930//2930 2931//2931
f 2932//2932 2933//2933 2934//2934
f 2935//2935 2936//2936 2937//2937
f 2938//2938 2939//2939 2940//2940
f 2941//2941 2942//2942 2943//2943
f 2944//2944 2945//2945 2946//2946
f 2947//2947 2948//2948 2949//2949
f 2950//2950 2951//2951 2952//2952
f 2953//2953 2954//2954 2955//2955
f 2956//2956 2957//2957 2958//2958
f 2959//2959 2960//2960 2961//2961
f 2962//2962 2963//2963 2964//2964
f 2965//2965 2966//2966 2967//2967
f 2968//2968 2969//2969 2970//2970
f 2971//2971 2972//2972 2973//2973
f 2974//2974 2975//2975 2976//2976
f 2977//2977 2978//2978 2979//2979
f 2980//2980 2981//2981 2982//2982
f 2983//2983 2984//2984 2985//2985
f 2986//2986 2987//2987 2988//2988
f 2989//2989 2990//2990 2991//2991
f 2992//2992 2993//2993 2994//2994
f 2995//2995 2996//2996 2997//2997
f 2998//2998 2999//2999 3000//3000
f 3001//3001 3002//3002 3003//3003
f 3004//3004 3005//3005 3006//3006
f 3007//3007 3008//3008 3009//3009
f 3010//3010 3011//3011 3012//3012
f 3013//3013 3014//3014 3015//3015
f 3016//3016 3017//3017 3018//3018
f 3019//3019 3020//3020 3021//3021
f 3022//3022 3023//3023 3024//3024
f 3025//3025 3026//3026 3027//3027
f 3028//3028 3029//3029 3030//3030
f 3031//3031 3032//3032 3033//3033
f 3034//3034 3035//3035 3036//3036
f 3037//3037 3038//3038 3039//3039
f 3040//3040 3041//3041 3042//3042
f 3043//3043 3044//3044 3045//3045
f 3046//3046 3047//3047 3048//3048
f 3049//3049 3050//3050 3051//3051
f 3052//3052 3053//3053 3054//3054
f 3055//3055 3056//3056 3057//3057
f 3058//3058 3059//3059 3060//3060
f 3061//3061 3062//3062 3063//3063
f 3064//3064 3065//3065 3066//3066
f 3067//3067 3068//3068 3069//3069
f 3070//3070 3071//3071 3072//3072
f 3073//3073 3074//3074 3075//3075
f 3076//3076 3077//3077 3078//3078
f 3079//3079 3080//3080 3081//3081
f 3082//3082 3083//3083 3084//3084
f 3085//3085 3086//3086 3087//3087
f 3088//3088 3089//3089 3090//3090
f 3091//3091 3092//3092 3093//3093
f 3094//3094 3095//3095 3096//3096
f 3097//3097 3098//3098 3099//3099
f 3100//3100 3101//3101 3102//3102
f 3103//3103 3104//3104 3105//3105
f 3106//3106 3107//3107 3108//3108
f 3109//3109 3110//3110 3111//3111
f 3112//3112 3113//3113 3114//3114
f 3115//3115 3116//3116 3117//3117
f 3118//3118 3119//3119 3120//3120
f 3121//3121 3122//3122 3123//3123
f 3124//3124 3125//3125 3126//3126
f 3127//3127 3128//3128 3129//3129
f 3130//3130 3131//3131 3132//3132
f 3133//3133 3134//3134 3135//3135
f 3136//3136 3137//3137 3138//3138
f 3139//3139 3140//3140 3141//3141
f 3142//3142 3143//3143 3144//3144
f 3145//3145 3146//3146 3147//3147
f 3148//3148 3149//3149 3150//3150
f 3151//3151 3152//3152 3153//3153
f 3154//3154 3155//3155 3156//3156
f 3157//3157 3158//3158 3159//3159
f 3160//3160 3161//3161 3162//3162
f 3163//3163 3164//3164 3165//3165
f 3166//3166 3167//3167 3168//3168
f 3169//3169 3170//3170 3171//3171
f 3172//3172 3173//3173 3174//3174
f 3175//3175 3176//3176 3177//3177
f 3178//3178 3179//3179 3180//3180
f 3181//3181 3182//3182 3183//3183
f 3184//3184 3185//3185 3186//3186
f 3187//3187 3188//3188 3189//3189
f 3190//3190 3191//3191 3192//3192
f 3193//3193 3194//3194 3195//3195
f 3196//3196 3197//3197 3198//3198
f 3199//3199 3200//3200 3201//3201
f 3202//3202 3203//3203 3204//3204
f 3205//3205 3206//3206 3207//3207
f 3208//3208 3209//3209 3210//3210
f 3211//3211 3212//3212 3213//3213
f 3214//3214 3215//3215 3216//3216
f 3217//3217 3218//3218 3219//3219
f 3220//3220 3221//3221 3222//3222
f 3223//3223 3224//3224 3225//3225
f 3226//3226 3227//3227 3228//3228
f 3229//3229 3230//3230 3231//3231
f 3232//3232 3233//3233 3234//3234
f 3235//3235 3236//3236 3237//3237
f 3238//3238 3239//3239 3240//3240
f 3241//3241 3242//3242 3243//3243
f 3244//3244 3245//3245 3246//3246
f 3247//3247 3248//3248 3249//3249
f 3250//3250 3251//3251 3252//3252
f 3253//3253 3254//3254 3255//3255
f 3256//3256 3257//3257 3258//3258
f 3259//3259 3260//3260 3261//3261
f 3262//3262 3263//3263 3264//3264
f 3265//3265 3266//3266 3267//3267
f 3268//3268 3269//3269 3270//3270
f 3271//3271 3272//3272 3273//3273
f 3274//3274 3275//3275 3276//3276
f 3277//3277 3278//3278 3279//3279
f 3280//3280 3281//3281 3282//3282
f 3283//3283 3284//3284 3285//3285
f 3286//3286 3287//3287 3288//3288
f 3289//3289 3290//3290 3291//3291
f 3292//3292 3293//3293 3294//3294
f 3295//3295 3296//3296 3297//3297
f 3298//3298 3299//3299 3300//3300
f 3301//3301 3302//3302 3303//3303
f 3304//3304 3305//3305 3306//3306
f 3307//3307 3308//3308 3309//3309
f 3310//3310 3311//3311 3312//3312
f 3313//3313 3314//3314 3315//3315
f 3316//3316 3317//3317 3318//3318
f 3319//3319 3320//3320 3321//3321
f 3322//3322 3323//3323 3324//3324
f 3325//3325 3326//3326 3327//3327
f 3328//3328 3329//3329 3330//3330
f 3331//3331 3332//3332 3333//3333
f 3334//3334 3335//3335 3336//3336
f 3337//3337 3338//3338 3339//3339
f 3340//3340 3341//3341 3342//3342
f 3343//3343 3344//3344 3345//3345
f 3346//3346 3347//3347 3348//3348
f 3349//3349 3350//3350 3351//3351
f 3352//3352 3353//3353 3354//3354
f 3355//3355 3356//3356 3357//3357
f 3358//3358 3359//3359 3360//3360
f 3361//3361 3362//3362 3363//3363
f 3364//3364 3365//3365 3366//3366
f 3367//3367 3368//3368 3369//3369
f 3370//3370 3371//3371 3372//3372
f 3373//3373 3374//3374 3375//3375
f 3376//3376 3377//3377 3378//3378
f 3379//3379 3380//3380 3381//3381
f 3382//3382 3383//3383 3384//3384
f 3385//3385 3386//3386 3387//3387
f 3388//3388 3389//3389 3390//3390
f 3391//3391 3392//3392 3393//3393
f 3394//3394 3395//3395 3396//3396
f 3397//3397 3398//3398 3399//3399
f 3400//3400 3401//3401 3402//3402
f 3403//3403 3404//3404 3405//3405
f 3406//3406 3407//3407 3408//3408
f 3409//3409 3410//3410 3411//3411
f 3412//3412 3413//3413 3414//3414
f 3415//3415 3416//3416 3417//3417
f 3418//3418 3419//3419 3420//3420
f 3421//3421 3422//3422 3423//3423
f 3424//3424 3425//3425 3426//3426
f 3427//3427 3428//3428 3429//3429
f 3430//3430 3431//3431 3432//3432
f 3433//3433 3434//3434 3435//3435
f 3436//3436 3437//3437 3438//3438
f 3439//3439 3440//3440 3441//3441
f 3442//3442 3443//3443 3444//3444
f 3445//3445 3446//3446 3447//3447
f 3448//3448 3449//3449 3450//3450
f 3451//3451 3452//3452 3453//3453
f 3454//3454 3455//3455 3456//3456
f 3457//3457 3458//3458 3459//3459
f 3460//3460 3461//3461 3462//3462
f 3463//3463 3464//3464 3465//3465
f 3466//3466 3467//3467 3468//3468
f 3469//3469 3470//3470 3471//3471
f 3472//3472 3473//3473 3474//3474
f 3475//3475 3476//3476 3477//3477
f 3478//3478 3479//3479 3480//3480
f 3481//3481 3482//3482 3483//3483
f 3484//3484 3485//3485 3486//3486
f 3487//3487 3488//3488 3489//3489
f 3490//3490 3491//3491 3492//3492
f 3493//3493 3494//3494 3495//3495
f 3496//3496 3497//3497 3498//3498
f 3499//3499 3500//3500 3501//3501
f 3502//3502 3503//3503 3504//3504
f 3505//3505 3506//3506 3507//3507
f 3508//3508 3509//3509 3510//3510
f 3511//3511 3512//3512 3513//3513
f 3514//3514 3515//3515 3516//3516
f 3517//3517 3518//3518 3519//3519
f 3520//3520 3521//3521 3522//3522
f 3523//3523 3524//3524 3525//3525
f 3526//3526 3527//3527 3528//3528
f 3529//3529 3530//3530 3531//3531
f 3532//3532 3533//3533 3534//3534
f 3535//3535 3536//3536 3537//3537
f 3538//3538 3539//3539 3540//3540
f 3541//3541 3542//3542 3543//3543
f 3544//3544 3545//3545 3546//3546
f 3547//3547 3548//3548 3549//3549
f 3550//3550 3551//3551 3552//3552
f 3553//3553 3554//3554 3555//3555
f 3556//3556 3557//3557 3558//3558
f 3559//3559 3560//3560 3561//3561
f 3562//3562 3563//3563 3564//3564
f 3565//3565 3566//3566 3567//3567
f 3568//3568 3569//3569 3570//3570
f 3571//3571 3572//3572 3573//3573
f 3574//3574 3575//3575 3576//3576
f 3577//3577 3578//3578 3579//3579
f 3580//3580 3581//3581 3582//3582
f 3583//3583 3584//3584 3585//3585
f 3586//3586 3587//3587 3588//3588
f 3589//3589 3590//3590 3591//3591
f 3592//3592 3593//3593 3594//3594
f 3595//3595 3596//3596 3597//3597
f 3598//3598 3599//3599 3600//3600
f 3601//3601 3602//3602 3603//3603
f 3604//3604 3605//3605 3606//3606
f 3607//3607 3608//3608 3609//3609
f 3610//3610 3611//3611 3612//3612
f 3613//3613 3614//3614 3615//3615
f 3616//3616 3617//3617 3618//3618
f 3619//3619 3620//3620 3621//3621
f 3622//3622 3623//3623 3624//3624
f 3625//3625 3626//3626 3627//3627
f 3628//3628 3629//3629 3630//3630
f 3631//3631 3632//3632 3633//3633
f 3634//3634 3635//3635 3636//3636
f 3637//3637 3638//3638 3639//3639
f 3640//3640 3641//3641 3642//3642
f 3643//3643 3644//3644 3645//3645
f 3646//3646 3647//3647 3648//3648
f 3649//3649 3650//3650 3651//3651
f 3652//3652 3653//3653 3654//3654
f 3655//3655 3656//3656 3657//3657
f 3658//3658 3659//3659 3660//3660
f 3661//3661 3662//3662 3663//3663
f 3664//3664 3665//3665 3666//3666
f 3667//3667 3668//3668 3669//3669
f 3670//3670 3671//3671 3672//3672
f 3673//3673 3674//3674 3675//3675
f 3676//3676 3677//3677 3678//3678
f 3679//3679 3680//3680 3681//3681
f 3682//3682 3683//3683 3684//3684
f 3685//3685 3686//3686 3687//3687
f 3688//3688 3689//3689 3690//3690
f 3691//3691 3692//3692 3693//3693
f 3694//3694 3695//3695 3696//3696
f 3697//3697 3698//3698 3699//3699
f 3700//3700 3701//3701 3702//3702
f 3703//3703 3704//3704 3705//3705
f 3706//3706 3707//3707 3708//3708
f 3709//3709 3710//3710 3711//3711
f 3712//3712 3713//3713 3714//3714
f 3715//3715 3716//3716 3717//3717
f 3718//3718 3719//3719 3720//3720
f 3721//3721 3722//3722 3723//3723
f 3724//3724 3725//3725 3726//3726
f 3727//3727 3728//3728 3729//3729
f 3730//3730 3731//3731 3732//3732
f 3733//3733 3734//3734 3735//3735
f 3736//3736 3737//3737 3738//3738
f 3739//3739 3740//3740 3741//3741
f 3742//3742 3743//3743 3744//3744
f 3745//3745 3746//3746 3747//3747
f 3748//3748 3749//3749 3750//3750
f 3751//3751 3752//3752 3753//3753
f 3754//3754 3755//3755 3756//3756
f 3757//3757 3758//3758 3759//3759
f 3760//3760 3761//3761 3762//3762
f 3763//3763 3764//3764 3765//3765
f 3766//3766 3767//3767 3768//3768
f 3769//3769 3770//3770 3771//3771
f 3772//3772 3773//3773 3774//3774
f 3775//3775 3776//3776 3777//3777
f 3778//3778 3779//3779 3780//3780
f 3781//3781 3782//3782 3783//3783
f 3784//3784 3785//3785 3786//3786
f 3787//3787 3788//3788 3789//3789
f 3790//3790 3791//3791 3792//3792
f 3793//3793 3794//3794 3795//3795
f 3796//3796 3797//3797 3798//3798
f 3799//3799 3800//3800 3801//3801
f 3802//3802 3803//3803 3804//3804
f 3805//3805 3806//3806 3807//3807
f 3808//3808 3809//3809 3810//3810
f 3811//3811 3812//3812 3813//3813
f 3814//3814 3815//3815 3816//3816
f 3817//3817 3818//3818 3819//3819
f 3820//3820 3821//3821 3822//3822
f 3823//3823 3824//3824 3825//3825
f 3826//3826 3827//3827 3828//3828
f 3829//3829 3830//3830 3831//3831
f 3832//3832 3833//3833 3834//3834
f 3835//3835 3836//3836 3837//3837
f 3838//3838 3839//3839 3840//3840
f 3841//3841 3842//3842 3843//3843
f 3844//3844 3845//3845 3846//3846
f 3847//3847 3848//3848 3849//3849
f 3850//3850 3851//3851 3852//3852
f 3853//3853 3854//3854 3855//3855
f 3856//3856 3857//3857 3858//3858
f 3859//3859 3860//3860 3861//3861
f 3862//3862 3863//3863 3864//3864
f 3865//3865 3866//3866 3867//3867
f 3868//3868 3869//3869 3870//3870
f 3871//3871 3872//3872 3873//3873
f 3874//3874 3875//3875 3876//3876
f 3877//3877 3878//3878 3879//3879
f 3880//3880 3881//3881 3882//3882
f 3883//3883 3884//3884 3885//3885
f 3886//3886 3887//3887 3888//3888
f 3889//3889 3890//3890 3891//3891
f 3892//3892 3893//3893 3894//3894
f 3895//3895 3896//3896 3897//3897
f 3898//3898 3899//3899 3900//3900
f 3901//3901 3902//3902 3903//3903
f 3904//3904 3905//3905 3906//3906
f 3907//3907 3908//3908 3909//3909
f 3910//3910 3911//3911 3912//3912
f 3913//3913 3914//3914 3915//3915
f 3916//3916 3917//3917 3918//3918
f 3919//3919 3920//3920 3921//3921
f 3922//3922 3923//3923 3924//3924
f 3925//3925 3926//3926 3927//3927
f 3928//3928 3929//3929 3930//3930
f 3931//3931 3932//3932 3933//3933
f 3934//3934 3935//3935 3936//3936
f 3937//3937 3938//3938 3939//3939
f 3940//3940 3941//3941 3942//3942
f 3943//3943 3944//3944 3945//3945
f 3946//3946 3947//3947 3948//3948
f 3949//3949 3950//3950 3951//3951
f 3952//3952 3953//3953 3954//3954
f 3955//3955 3956//3956 3957//3957
f 3958//3958 3959//3959 3960//3960
f 3961//3961 3962//3962 3963//3963
f 3964//3964 3965//3965 3966//3966
f 3967//3967 3968//3968 3969//3969
f 3970//3970 3971//3971 3972//3972
f 3973//3973 3974//3974 3975//3975
f 3976//3976 3977//3977 3978//3978
f 3979//3979 3980//3980 3981//3981
f 3982//3982 3983//3983 3984//3984
f 3985//3985 3986//3986 3987//3987
f 3988//3988 3989//3989 3990//3990
f 3991//3991 3992//3992 3993//3993
f 3994//3994 3995//3995 3996//3996
f 3997//3997 3998//3998 3999//3999
f 4000//4000 4001//4001 4002//4002
f 4003//4003 4004//4004 4005//4005
f 4006//4006 4007//4007 4008//4008
f 4009//4009 4010//4010 4011//4011
f 4012//4012 4013//4013 4014//4014
f 4015//4015 4016//4016 4017//4017
f 4018//4018 4019//4019 4020//4020
f 4021//4021 4022//4022 4023//4023
f 4024//4024 4025//4025 4026//4026
f 4027//4027 4028//4028 4029//4029
f 4030//4030 4031//4031 4032//4032
f 4033//4033 4034//4034 4035//4035
f 4036//4036 4037//4037 4038//4038
f 4039//4039 4040//4040 4041//4041
f 4042//4042 4043//4043 4044//4044
f 4045//4045 4046//4046 4047//4047
f 4048//4048 4049//4049 4050//4050
f 4051//4051 4052//4052 4053//4053
f 4054//4054 4055//4055 4056//4056
f 4057//4057 4058//4058 4059//4059
f 4060//4060 4061//4061 4062//4062
f 4063//4063 4064//4064 4065//4065
f 4066//4066 4067//4067 4068//4068
f 4069//4069 4070//4070 4071//4071
f 4072//4072 4073//4073 4074//4074
f 4075//4075 4076//4076 4077//4077
f 4078//4078 4079//4079 4080//4080
f 4081//4081 4082//4082 4083//4083
f 4084//4084 4085//4085 4086//4086
f 4087//4087 4088//4088 4089//4089
f 4090//4090 4091//4091 4092//4092
f 4093//4093 4094//4094 4095//4095
f 4096//4096 4097//4097 4098//4098
f 4099//4099 4100//4100 4101//4101
f 4102//4102 4103//4103 4104//4104
f 4105//4105 4106//4106 4107//4107
f 4108//4108 4109//4109 4110//4110
f 4111//4111 4112//4112 4113//4113
f 4114//4114 4115//4115 4116//4116
f 4117//4117 4118//4118 4119//4119
f 4120//4120 4121//4121 4122//4122
f 4123//4123 4124//4124 4125//4125
f 4126//4126 4127//4127 4128//4128
f 4129//4129 4130//4130 4131//4131
f 4132//4132 4133//4133 4134//4134
f 4135//4135 4136//4136 4137//4137
f 4138//4138 4139//4139 4140//4140
f 4141//4141 4142//4142 4143//4143
f 4144//4144 4145//4145 4146//4146
f 4147//4147 4148//4148 4149//4149
f 4150//4150 4151//4151 4152//4152
f 4153//4153 4154//4154 4155//4155
f 4156//4156 4157//4157 4158//4158
f 4159//4159 4160//4160 4161//4161
f 4162//4162 4163//4163 4164//4164
f 4165//4165 4166//4166 4167//4167
f 4168//4168 4169//4169 4170//4170
f 4171//4171 4172//4172 4173//4173
f 4174//4174 4175//4175 4176//4176
f 4177//4177 4178//4178 4179//4179
f 4180//4180 4181//4181 4182//4182
f 4183//4183 4184//4184 4185//4185
f 4186//4186 4187//4187 4188//4188
f 4189//4189 4190//4190 4191//4191
f 4192//4192 4193//4193 4194//4194
f 4195//4195 4196//4196 4197//4197
f 4198//4198 4199//4199 4200//4200
f 4201//4201 4202//4202 4203//4203
f 4204//4204 4205//4205 4206//4206
f 4207//4207 4208//4208 4209//4209
f 4210//4210 4211//4211 4212//4212
f 4213//4213 4214//4214 4215//4215
f 4216//4216 4217//4217 4218//4218
f 4219//4219 4220//4220 4221//4221
f 4222//4222 4223//4223 4224//4224
f 4225//4225 4226//4226 4227//4227
f 4228//4228 4229//4229 4230//4230
f 4231//4231 4232//4232 4233//4233
f 4234//4234 4235//4235 4236//4236
f 4237//4237 4238//4238 4239//4239
f 4240//4240 4241//4241 4242//4242
f 4243//4243 4244//4244 4245//4245
f 4246//4246 4247//4247 4248//4248
f 4249//4249 4250//4250 4251//4251
f 4252//4252 4253//4253 4254//4254
f 4255//4255 4256//4256 4257//4257
f 4258//4258 4259//4259 4260//4260
f 4261//4261 4262//4262 4263//4263
f 4264//4264 4265//4265 4266//4266
f 4267//4267 4268//4268 4269//4269
f 4270//4270 4271//4271 4272//4272
f 4273//4273 4274//4274 4275//4275
f 4276//4276 4277//4277 4278//4278
f 4279//4279 4280//4280 4281//4281
f 4282//4282 4283//4283 4284//4284
f 4285//4285 4286//4286 4287//4287
f 4288//4288 4289//4289 4290//4290
f 4291//4291 4292//4292 4293//4293
f 4294//4294 4295//4295 4296//4296
f 4297//4297 4298//4298 4299//4299
f 4300//4300 4301//4301 4302//4302
f 4303//4303 4304//4304 4305//4305
f 4306//4306 4307//4307 4308//4308
f 4309//4309 4310//4310 4311//4311
f 4312//4312 4313//4313 4314//4314
f 4315//4315 4316//4316 4317//4317
f 4318//4318 4319//4319 4320//4320
f 4321//4321 4322//4322 4323//4323
f 4324//4324 4325//4325 4326//4326
f 4327//4327 4328//4328 4329//4329
f 4330//4330 4331//4331 4332//4332
f 4333//4333 4334//4334 4335//4335
f 4336//4336 4337//4337 4338//4338
f 4339//4339 4340//4340 4341//4341
f 4342//4342 4343//4343 4344//4344
f 4345//4345 4346//4346 4347//4347
f 4348//4348 4349//4349 4350//4350
f 4351//4351 4352//4352 4353//4353
f 4354//4354 4355//4355 4356//4356
f 4357//4357 4358//4358 4359//4359
f 4360//4360 4361//4361 4362//4362
f 4363//4363 4364//4364 4365//4365
f 4366//4366 4367//4367 4368//4368
f 4369//4369 4370//4370 4371//4371
f 4372//4372 4373//4373 4374//4374
f 4375//4375 4376//4376 4377//4377
f 4378//4378 4379//4379 4380//4380
f 4381//4381 4382//4382 4383//4383
f 4384//4384 4385//4385 4386//4386
f 4387//4387 4388//4388 4389//4389
f 4390//4390 4391//4391 4392//4392
f 4393//4393 4394//4394 4395//4395
f 4396//4396 4397//4397 4398//4398
f 4399//4399 4400//4400 4401//4401
f 4402//4402 4403//4403 4404//4404
f 4405//4405 4406//4406 4407//4407
f 4408//4408 4409//4409 4410//4410
f 4411//4411 4412//4412 4413//4413
f 4414//4414 4415//4415 4416//4416
f 4417//4417 4418//4418 4419//4419
f 4420//4420 4421//4421 4422//4422
f 4423//4423 4424//4424 4425//4425
f 4426//4426 4427//4427 4428//4428
f 4429//4429 4430//4430 4431//4431
f 4432//4432 4433//4433 4434//4434
f 4435//4435 4436//4436 4437//4437
f 4438//4438 4439//4439 4440//4440
f 4441//4441 4442//4442 4443//4443
f 4444//4444 4445//4445 4446//4446
f 4447//4447 4448//4448 4449//4449
f 4450//4450 4451//4451 4452//4452
f 4453//4453 4454//4454 4455//4455
f 4456//4456 4457//4457 4458//4458
f 4459//4459 4460//4460 4461//4461
f 4462//4462 4463//4463 4464//4464
f 4465//4465 4466//4466 4467//4467
f 4468//4468 4469//4469 4470//4470
f 4471//4471 4472//4472 4473//4473
f 4474//4474 4475//4475 4476//4476
f 4477//4477 4478//4478 4479//4479
f 4480//4480 4481//4481 4482//4482
f 4483//4483 4484//4484 4485//4485
f 4486//4486 4487//4487 4488//4488
f 4489//4489 4490//4490 4491//4491
f 4492//4492 4493//4493 4494//4494
f 4495//4495 4496//4496 4497//4497
f 4498//4498 4499//4499 4500//4500
f 4501//4501 4502//4502 4503//4503
f 4504//4504 4505//4505 4506//4506
f 4507//4507 4508//4508 4509//4509
f 4510//4510 4511//4511 4512//4512
f 4513//4513 4514//4514 4515//4515
f 4516//4516 4517//4517 4518//4518
f 4519//4519 4520//4520 4521//4521
f 4522//4522 4523//4523 4524//4524
f 4525//4525 4526//4526 4527//4527
f 4528//4528 4529//4529 4530//4530
f 4531//4531 4532//4532 4533//4533
f 4534//4534 4535//4535 4536//4536
f 4537//4537 4538//4538 4539//4539
f 4540//4540 4541//4541 4542//4542
f 4543//4543 4544//4544 4545//4545
f 4546//4546 4547//4547 4548//4548
f 4549//4549 4550//4550 4551//4551
f 4552//4552 4553//4553 4554//4554
f 4555//4555 4556//4556 4557//4557
f 4558//4558 4559//4559 4560//4560
f 4561//4561 4562//4562 4563//4563
f 4564//4564 4565//4565 4566//4566
f 4567//4567 4568//4568 4569//4569
f 4570//4570 4571//4571 4572//4572
f 4573//4573 4574//4574 4575//4575
f 4576//4576 4577//4577 4578//4578
f 4579//4579 4580//4580 4581//4581
f 4582//4582 4583//4583 4584//4584
f 4585//4585 4586//4586 4587//4587
f 4588//4588 4589//4589 4590//4590
f 4591//4591 4592//4592 4593//4593
f 4594//4594 4595//4595 4596//4596
f 4597//4597 4598//4598 4599//4599
f 4600//4600 4601//4601 4602//4602
f 4603//4603 4604//4604 4605//4605
f 4606//4606 4607//4607 4608//4608
f 4609//4609 4610//4610 4611//4611
f 4612//4612 4613//4613 4614//4614
f 4615//4615 4616//4616 4617//4617
f 4618//4618 4619//4619 4620//4620
f 4621//4621 4622//4622 4623//4623
f 4624//4624 4625//4625 4626//4626
f 4627//4627 4628//4628 4629//4629
f 4630//4630 4631//4631 4632//4632
f 4633//4633 4634//4634 4635//4635
f 4636//4636 4637//4637 4638//4638
f 4639//4639 4640//4640 4641//4641
f 4642//4642 4643//4643 4644//4644
f 4645//4645 4646//4646 4647//4647
f 4648//4648 4649//4649 4650//4650
f 4651//4651 4652//4652 4653//4653
f 4654//4654 4655//4655 4656//4656
f 4657//4657 4658//4658 4659//4659
f 4660//4660 4661//4661 4662//4662
f 4663//4663 4664//4664 4665//4665
f 4666//4666 4667//4667 4668//4668
f 4669//4669 4670//4670 4671//4671
f 4672//4672 4673//4673 4674//4674
f 4675//4675 4676//4676 4677//4677
f 4678//4678 4679//4679 4680//4680
f 4681//4681 4682//4682 4683//4683
f 4684//4684 4685//4685 4686//4686
f 4687//4687 4688//4688 4689//4689
f 4690//4690 4691//4691 4692//4692
f 4693//4693 4694//4694 4695//4695
f 4696//4696 4697//4697 4698//4698
f 4699//4699 4700//4700 4701//4701
f 4702//4702 4703//4703 4704//4704
f 4705//4705 4706//4706 4707//4707
f 4708//4708 4709//4709 4710//4710
f 4711//4711 4712//4712 4713//4713
f 4714//4714 4715//4715 4716//4716
f 4717//4717 4718//4718 4719//4719
f 4720//4720 4721//4721 4722//4722
f 4723//4723 4724//4724 4725//4725
f 4726//4726 4727//4727 4728//4728
f 4729//4729 4730//4730 4731//4731
f 4732//4732 4733//4733 4734//4734
f 4735//4735 4736//4736 4737//4737
f 4738//4738 4739//4739 4740//4740
f 4741//4741 4742//4742 4743//4743
f 4744//4744 4745//4745 4746//4746
f 4747//4747 4748//4748 4749//4749
f 4750//4750 4751//4751 4752//4752
f 4753//4753 4754//4754 4755//4755
f 4756//4756 4757//4757 4758//4758
f 4759//4759 4760//4760 4761//4761
f 4762//4762 4763//4763 4764//4764
f 4765//4765 4766//4766 4767//4767
f 4768//4768 4769//4769 4770//4770

