# https://github.com/mikedh/trimesh
v -0.03649651 -0.12122940 0.02300389
v -0.04426261 -0.12122940 0.02300388
v -0.03649651 -0.12169045 0.02300389
v -0.03649651 -0.12169045 0.02300389
v -0.04426261 -0.12122940 0.02300388
v -0.04426261 -0.12412407 0.02300388
v -0.03649651 -0.12169045 0.02300389
v -0.04426261 -0.12412407 0.02300388
v -0.03649651 -0.12412407 0.02300389
v -0.03550125 -0.01157854 -0.02299999
v -0.03350125 -0.01157852 -0.02300000
v -0.03350125 -0.01741002 -0.01897243
v -0.03550125 -0.01157854 -0.02299999
v -0.03350125 -0.01741002 -0.01897243
v -0.03550125 -0.01741005 -0.01897243
v -0.03550125 -0.01741005 -0.01897243
v -0.03350125 -0.01741002 -0.01897243
v -0.03350125 -0.02192270 -0.01350769
v -0.03550125 -0.01741005 -0.01897243
v -0.03350125 -0.02192270 -0.01350769
v -0.03550125 -0.02192269 -0.01350769
v -0.03550125 -0.02192269 -0.01350769
v -0.03350125 -0.02192270 -0.01350769
v -0.03350125 -0.02477470 -0.00701972
v -0.03550125 -0.02192269 -0.01350769
v -0.03350125 -0.02477470 -0.00701972
v -0.03550125 -0.02477469 -0.00701972
v -0.03550125 -0.02477469 -0.00701972
v -0.03350125 -0.02477470 -0.00701972
v -0.03350125 -0.02575000 0.00000000
v -0.03550125 -0.02477469 -0.00701972
v -0.03350125 -0.02575000 0.00000000
v -0.03550125 -0.02575000 -0.00000000
v -0.03550125 -0.02575000 -0.00000000
v -0.03350125 -0.02575000 0.00000000
v -0.03350125 -0.02477470 0.00701972
v -0.03550125 -0.02575000 -0.00000000
v -0.03350125 -0.02477470 0.00701972
v -0.03550125 -0.02477469 0.00701972
v -0.03550125 -0.02477469 0.00701972
v -0.03350125 -0.02477470 0.00701972
v -0.03350125 -0.02192271 0.01350768
v -0.03550125 -0.02477469 0.00701972
v -0.03350125 -0.02192271 0.01350768
v -0.03550125 -0.02192270 0.01350769
v -0.03550125 -0.02192270 0.01350769
v -0.03350125 -0.02192271 0.01350768
v -0.03350125 -0.01741004 0.01897244
v -0.03550125 -0.02192270 0.01350769
v -0.03350125 -0.01741004 0.01897244
v -0.03550125 -0.01741003 0.01897243
v -0.03550125 -0.01741003 0.01897243
v -0.03350125 -0.01741004 0.01897244
v -0.03350125 -0.01157852 0.02300001
v -0.03550125 -0.01741003 0.01897243
v -0.03350125 -0.01157852 0.02300001
v -0.03550125 -0.01157854 0.02300000
v -0.04948333 -0.00990872 -0.04702218
v -0.04810600 -0.01106309 -0.04727978
v -0.04825447 -0.01124404 -0.04729442
v -0.04948333 -0.00990872 -0.04702218
v -0.04825447 -0.01124404 -0.04729442
v -0.05211082 -0.01291194 -0.04700341
v -0.05211082 -0.01291194 -0.04700341
v -0.04825447 -0.01124404 -0.04729442
v -0.04960189 -0.01290948 -0.04735400
v -0.05211082 -0.01291194 -0.04700341
v -0.04960189 -0.01290948 -0.04735400
v -0.05060938 -0.01417395 -0.04729977
v -0.05863459 -0.00221130 -0.04433465
v -0.05711710 -0.00106187 -0.04446560
v -0.05366570 -0.00569561 -0.04593801
v -0.05717831 -0.00744800 -0.04540914
v -0.06008228 -0.00339586 -0.04394867
v -0.05863459 -0.00221130 -0.04433465
v -0.05717831 -0.00744800 -0.04540914
v -0.05863459 -0.00221130 -0.04433465
v -0.05646690 -0.00834343 -0.04570358
v -0.05646690 -0.00834343 -0.04570358
v -0.05863459 -0.00221130 -0.04433465
v -0.05366570 -0.00569561 -0.04593801
v -0.05646690 -0.00834343 -0.04570358
v -0.05366570 -0.00569561 -0.04593801
v -0.05438490 -0.01072602 -0.04642655
v -0.05438490 -0.01072602 -0.04642655
v -0.05366570 -0.00569561 -0.04593801
v -0.04948333 -0.00990872 -0.04702218
v -0.05438490 -0.01072602 -0.04642655
v -0.04948333 -0.00990872 -0.04702218
v -0.05211082 -0.01291194 -0.04700341
v -0.04810601 -0.01106359 0.04762135
v -0.04948291 -0.00990886 0.04736316
v -0.04960190 -0.01290998 0.04769555
v -0.04960190 -0.01290998 0.04769555
v -0.04948291 -0.00990886 0.04736316
v -0.05178702 -0.01253560 0.04737679
v -0.04960190 -0.01290998 0.04769555
v -0.05178702 -0.01253560 0.04737679
v -0.05060938 -0.01417443 0.04764132
v -0.05060938 -0.01417443 0.04764132
v -0.05178702 -0.01253560 0.04737679
v -0.05211088 -0.01291242 0.04734532
v -0.05906071 -0.00263595 0.04457812
v -0.06008236 -0.00339630 0.04429054
v -0.05833082 -0.00591590 0.04522215
v -0.05906071 -0.00263595 0.04457812
v -0.05833082 -0.00591590 0.04522215
v -0.05691523 -0.00120502 0.04470582
v -0.05691523 -0.00120502 0.04470582
v -0.05833082 -0.00591590 0.04522215
v -0.05581901 -0.00283167 0.04529881
v -0.05581901 -0.00283167 0.04529881
v -0.05833082 -0.00591590 0.04522215
v -0.05732543 -0.00725835 0.04568683
v -0.05581901 -0.00283167 0.04529881
v -0.05732543 -0.00725835 0.04568683
v -0.05448223 -0.00462090 0.04589837
v -0.05488005 -0.01019357 0.04661456
v -0.05211088 -0.01291242 0.04734532
v -0.05178702 -0.01253560 0.04737679
v -0.05448223 -0.00462090 0.04589837
v -0.05732543 -0.00725835 0.04568683
v -0.05230488 -0.00716181 0.04665781
v -0.05230488 -0.00716181 0.04665781
v -0.05732543 -0.00725835 0.04568683
v -0.05488005 -0.01019357 0.04661456
v -0.05230488 -0.00716181 0.04665781
v -0.05488005 -0.01019357 0.04661456
v -0.05167810 -0.00782028 0.04683745
v -0.05167810 -0.00782028 0.04683745
v -0.05488005 -0.01019357 0.04661456
v -0.05178702 -0.01253560 0.04737679
v -0.05167810 -0.00782028 0.04683745
v -0.05178702 -0.01253560 0.04737679
v -0.04948291 -0.00990886 0.04736316
v -0.06732925 0.02567069 -0.02294152
v -0.06757955 0.02783214 -0.01831299
v -0.06607138 0.02876988 -0.01860764
v -0.06839570 0.02524597 -0.02067382
v -0.06853078 0.02648679 -0.01783668
v -0.06732925 0.02567069 -0.02294152
v -0.06732925 0.02567069 -0.02294152
v -0.06853078 0.02648679 -0.01783668
v -0.06815942 0.02719747 -0.01809424
v -0.06732925 0.02567069 -0.02294152
v -0.06815942 0.02719747 -0.01809424
v -0.06757955 0.02783214 -0.01831299
v -0.06839570 0.02524597 -0.02067382
v -0.06732925 0.02567069 -0.02294152
v -0.06816866 0.02321163 -0.02426619
v -0.06816866 0.02321163 -0.02426619
v -0.06732925 0.02567069 -0.02294152
v -0.06697367 0.02288781 -0.02722106
v -0.06816866 0.02321163 -0.02426619
v -0.06697367 0.02288781 -0.02722106
v -0.06786025 0.02071837 -0.02765846
v -0.06650187 0.01954608 -0.03106769
v -0.06746930 0.01775548 -0.03082174
v -0.06786025 0.02071837 -0.02765846
v -0.06593809 0.01570945 -0.03440665
v -0.06701273 0.01472366 -0.03343411
v -0.06746930 0.01775548 -0.03082174
v -0.06650187 0.01954608 -0.03106769
v -0.06505394 0.02033479 -0.03156974
v -0.06491820 0.01931832 -0.03255383
v -0.06746930 0.01775548 -0.03082174
v -0.06650187 0.01954608 -0.03106769
v -0.06593809 0.01570945 -0.03440665
v -0.06593809 0.01570945 -0.03440665
v -0.06650187 0.01954608 -0.03106769
v -0.06491820 0.01931832 -0.03255383
v -0.06593809 0.01570945 -0.03440665
v -0.06491820 0.01931832 -0.03255383
v -0.06448942 0.01646602 -0.03499921
v -0.06786025 0.02071837 -0.02765846
v -0.06697367 0.02288781 -0.02722106
v -0.06650187 0.01954608 -0.03106769
v -0.06650187 0.01954608 -0.03106769
v -0.06697367 0.02288781 -0.02722106
v -0.06530935 0.02226243 -0.02948541
v -0.06650187 0.01954608 -0.03106769
v -0.06530935 0.02226243 -0.02948541
v -0.06505394 0.02033479 -0.03156974
v -0.06607138 0.02876988 -0.01860764
v -0.06588097 0.02701808 -0.02247770
v -0.06732925 0.02567069 -0.02294152
v -0.06732925 0.02567069 -0.02294152
v -0.06588097 0.02701808 -0.02247770
v -0.06563331 0.02483616 -0.02612336
v -0.06732925 0.02567069 -0.02294152
v -0.06563331 0.02483616 -0.02612336
v -0.06697367 0.02288781 -0.02722106
v -0.06697367 0.02288781 -0.02722106
v -0.06563331 0.02483616 -0.02612336
v -0.06549777 0.02372911 -0.02766654
v -0.06697367 0.02288781 -0.02722106
v -0.06549777 0.02372911 -0.02766654
v -0.06530935 0.02226243 -0.02948541
v -0.05711710 -0.00106187 -0.04446560
v -0.05863459 -0.00221130 -0.04433465
v -0.05958888 0.00329977 -0.04260179
v -0.05958888 0.00329977 -0.04260179
v -0.05863459 -0.00221130 -0.04433465
v -0.06108662 0.00214977 -0.04243792
v -0.05958888 0.00329977 -0.04260179
v -0.06108662 0.00214977 -0.04243792
v -0.06164751 0.00774318 -0.04044942
v -0.06164751 0.00774318 -0.04044942
v -0.06108662 0.00214977 -0.04243792
v -0.06311240 0.00668453 -0.04015872
v -0.06164751 0.00774318 -0.04044942
v -0.06311240 0.00668453 -0.04015872
v -0.06332919 0.01217481 -0.03796815
v -0.06332919 0.01217481 -0.03796815
v -0.06311240 0.00668453 -0.04015872
v -0.06476542 0.01124563 -0.03752704
v -0.06332919 0.01217481 -0.03796815
v -0.06476542 0.01124563 -0.03752704
v -0.06448942 0.01646602 -0.03499921
v -0.06448942 0.01646602 -0.03499921
v -0.06476542 0.01124563 -0.03752704
v -0.06593809 0.01570945 -0.03440665
v -0.06593809 0.01570945 -0.03440665
v -0.06476542 0.01124563 -0.03752704
v -0.06626324 0.01150350 -0.03580082
v -0.06593809 0.01570945 -0.03440665
v -0.06626324 0.01150350 -0.03580082
v -0.06701273 0.01472366 -0.03343411
v -0.05863459 -0.00221130 -0.04433465
v -0.06008228 -0.00339586 -0.04394867
v -0.06108662 0.00214977 -0.04243792
v -0.06108662 0.00214977 -0.04243792
v -0.06008228 -0.00339586 -0.04394867
v -0.06281286 0.00168703 -0.04162244
v -0.06108662 0.00214977 -0.04243792
v -0.06281286 0.00168703 -0.04162244
v -0.06311240 0.00668453 -0.04015872
v -0.06311240 0.00668453 -0.04015872
v -0.06281286 0.00168703 -0.04162244
v -0.06468235 0.00639215 -0.03903413
v -0.06311240 0.00668453 -0.04015872
v -0.06468235 0.00639215 -0.03903413
v -0.06476542 0.01124563 -0.03752704
v -0.06476542 0.01124563 -0.03752704
v -0.06468235 0.00639215 -0.03903413
v -0.06556742 0.00908021 -0.03739440
v -0.06476542 0.01124563 -0.03752704
v -0.06556742 0.00908021 -0.03739440
v -0.06626324 0.01150350 -0.03580082
v -0.06517991 0.02245943 0.02941184
v -0.06557398 0.02496541 0.02617242
v -0.06704402 0.02366969 0.02643205
v -0.06787674 0.02084584 0.02784551
v -0.06749387 0.01794132 0.03098536
v -0.06712372 0.01932552 0.03062358
v -0.06469800 0.01958321 0.03236982
v -0.06486090 0.02055680 0.03144021
v -0.06645112 0.01978191 0.03103548
v -0.06410186 0.01636578 0.03504203
v -0.06469800 0.01958321 0.03236982
v -0.06478319 0.01606158 0.03495996
v -0.06478319 0.01606158 0.03495996
v -0.06469800 0.01958321 0.03236982
v -0.06645112 0.01978191 0.03103548
v -0.06478319 0.01606158 0.03495996
v -0.06645112 0.01978191 0.03103548
v -0.06619229 0.01536072 0.03442748
v -0.06619229 0.01536072 0.03442748
v -0.06645112 0.01978191 0.03103548
v -0.06712372 0.01932552 0.03062358
v -0.06619229 0.01536072 0.03442748
v -0.06712372 0.01932552 0.03062358
v -0.06701291 0.01472337 0.03377600
v -0.06701291 0.01472337 0.03377600
v -0.06712372 0.01932552 0.03062358
v -0.06749387 0.01794132 0.03098536
v -0.06808574 0.02251802 0.02563903
v -0.06766320 0.02313416 0.02606311
v -0.06818349 0.02334329 0.02440364
v -0.06818349 0.02334329 0.02440364
v -0.06766320 0.02313416 0.02606311
v -0.06704402 0.02366969 0.02643205
v -0.06818349 0.02334329 0.02440364
v -0.06704402 0.02366969 0.02643205
v -0.06840573 0.02534324 0.02081819
v -0.06586786 0.02708043 0.02266778
v -0.06607137 0.02876967 0.01894962
v -0.06745605 0.02682406 0.02103177
v -0.06745605 0.02682406 0.02103177
v -0.06607137 0.02876967 0.01894962
v -0.06757426 0.02781861 0.01870210
v -0.06745605 0.02682406 0.02103177
v -0.06757426 0.02781861 0.01870210
v -0.06815639 0.02719468 0.01845478
v -0.06557398 0.02496541 0.02617242
v -0.06586786 0.02708043 0.02266778
v -0.06704402 0.02366969 0.02643205
v -0.06704402 0.02366969 0.02643205
v -0.06586786 0.02708043 0.02266778
v -0.06745605 0.02682406 0.02103177
v -0.06704402 0.02366969 0.02643205
v -0.06745605 0.02682406 0.02103177
v -0.06840573 0.02534324 0.02081819
v -0.06840573 0.02534324 0.02081819
v -0.06745605 0.02682406 0.02103177
v -0.06815639 0.02719468 0.01845478
v -0.06840573 0.02534324 0.02081819
v -0.06815639 0.02719468 0.01845478
v -0.06853072 0.02648659 0.01817863
v -0.06486090 0.02055680 0.03144021
v -0.06517991 0.02245943 0.02941184
v -0.06645112 0.01978191 0.03103548
v -0.06645112 0.01978191 0.03103548
v -0.06517991 0.02245943 0.02941184
v -0.06704402 0.02366969 0.02643205
v -0.06645112 0.01978191 0.03103548
v -0.06704402 0.02366969 0.02643205
v -0.06712372 0.01932552 0.03062358
v -0.06712372 0.01932552 0.03062358
v -0.06704402 0.02366969 0.02643205
v -0.06766320 0.02313416 0.02606311
v -0.06712372 0.01932552 0.03062358
v -0.06766320 0.02313416 0.02606311
v -0.06787674 0.02084584 0.02784551
v -0.06787674 0.02084584 0.02784551
v -0.06766320 0.02313416 0.02606311
v -0.06808574 0.02251802 0.02563903
v -0.06607137 0.02876967 0.01894962
v -0.06639951 0.03074964 0.01192869
v -0.06757426 0.02781861 0.01870210
v -0.06757426 0.02781861 0.01870210
v -0.06639951 0.03074964 0.01192869
v -0.06793673 0.02970518 0.01177931
v -0.06757426 0.02781861 0.01870210
v -0.06793673 0.02970518 0.01177931
v -0.06815639 0.02719468 0.01845478
v -0.06815639 0.02719468 0.01845478
v -0.06793673 0.02970518 0.01177931
v -0.06851016 0.02900125 0.01166540
v -0.06815639 0.02719468 0.01845478
v -0.06851016 0.02900125 0.01166540
v -0.06853072 0.02648659 0.01817863
v -0.06853072 0.02648659 0.01817863
v -0.06851016 0.02900125 0.01166540
v -0.06886102 0.02821058 0.01154326
v -0.06008236 -0.00339630 0.04429054
v -0.05906071 -0.00263595 0.04457812
v -0.06176788 -0.00049195 0.04303606
v -0.06176788 -0.00049195 0.04303606
v -0.05906071 -0.00263595 0.04457812
v -0.06079242 0.00179399 0.04299189
v -0.06176788 -0.00049195 0.04303606
v -0.06079242 0.00179399 0.04299189
v -0.06353005 0.00336072 0.04108367
v -0.06353005 0.00336072 0.04108367
v -0.06079242 0.00179399 0.04299189
v -0.06282739 0.00575413 0.04085664
v -0.06353005 0.00336072 0.04108367
v -0.06282739 0.00575413 0.04085664
v -0.06414235 0.00491394 0.04022638
v -0.06095068 0.00663425 0.04113312
v -0.06282739 0.00575413 0.04085664
v -0.05925105 0.00288404 0.04299778
v -0.05925105 0.00288404 0.04299778
v -0.06282739 0.00575413 0.04085664
v -0.06079242 0.00179399 0.04299189
v -0.05925105 0.00288404 0.04299778
v -0.06079242 0.00179399 0.04299189
v -0.05732464 -0.00055537 0.04445522
v -0.05732464 -0.00055537 0.04445522
v -0.06079242 0.00179399 0.04299189
v -0.05906071 -0.00263595 0.04457812
v -0.05732464 -0.00055537 0.04445522
v -0.05906071 -0.00263595 0.04457812
v -0.05691523 -0.00120502 0.04470582
v -0.06626763 0.01152016 0.03612948
v -0.06553484 0.00897483 0.03780239
v -0.06521790 0.01051898 0.03758514
v -0.06626763 0.01152016 0.03612948
v -0.06521790 0.01051898 0.03758514
v -0.06670845 0.01328963 0.03487332
v -0.06446406 0.01098473 0.03793167
v -0.06478319 0.01606158 0.03495996
v -0.06619229 0.01536072 0.03442748
v -0.06326582 0.01323033 0.03723964
v -0.06410186 0.01636578 0.03504203
v -0.06478319 0.01606158 0.03495996
v -0.06478319 0.01606158 0.03495996
v -0.06446406 0.01098473 0.03793167
v -0.06326582 0.01323033 0.03723964
v -0.06326582 0.01323033 0.03723964
v -0.06446406 0.01098473 0.03793167
v -0.06270646 0.00595243 0.04084504
v -0.06326582 0.01323033 0.03723964
v -0.06270646 0.00595243 0.04084504
v -0.06095068 0.00663425 0.04113312
v -0.06553484 0.00897483 0.03780239
v -0.06414235 0.00491394 0.04022638
v -0.06282739 0.00575413 0.04085664
v -0.06701291 0.01472337 0.03377600
v -0.06670845 0.01328963 0.03487332
v -0.06619229 0.01536072 0.03442748
v -0.06619229 0.01536072 0.03442748
v -0.06670845 0.01328963 0.03487332
v -0.06521790 0.01051898 0.03758514
v -0.06619229 0.01536072 0.03442748
v -0.06521790 0.01051898 0.03758514
v -0.06446406 0.01098473 0.03793167
v -0.06446406 0.01098473 0.03793167
v -0.06521790 0.01051898 0.03758514
v -0.06553484 0.00897483 0.03780239
v -0.06446406 0.01098473 0.03793167
v -0.06553484 0.00897483 0.03780239
v -0.06270646 0.00595243 0.04084504
v -0.06270646 0.00595243 0.04084504
v -0.06553484 0.00897483 0.03780239
v -0.06282739 0.00575413 0.04085664
v -0.06270646 0.00595243 0.04084504
v -0.06282739 0.00575413 0.04085664
v -0.06095068 0.00663425 0.04113312
v -0.06660420 0.03160537 -0.00541503
v -0.06819269 0.03052405 -0.00451877
v -0.06666210 0.03184425 0.00017101
v -0.06666210 0.03184425 0.00017101
v -0.06819269 0.03052405 -0.00451877
v -0.06776738 0.03113675 0.00017086
v -0.06776738 0.03113675 0.00017086
v -0.06819269 0.03052405 -0.00451877
v -0.06825018 0.03066806 0.00017075
v -0.06825018 0.03066806 0.00017075
v -0.06819269 0.03052405 -0.00451877
v -0.06876320 0.02974570 -0.00446771
v -0.06825018 0.03066806 0.00017075
v -0.06876320 0.02974570 -0.00446771
v -0.06865626 0.03014087 0.00017071
v -0.06886104 0.02821069 -0.01120129
v -0.06906407 0.02877844 -0.00615792
v -0.06876320 0.02974570 -0.00446771
v -0.06906407 0.02877844 -0.00615792
v -0.06908387 0.02882625 -0.00542907
v -0.06876320 0.02974570 -0.00446771
v -0.06876320 0.02974570 -0.00446771
v -0.06908387 0.02882625 -0.00542907
v -0.06910697 0.02887927 -0.00444561
v -0.06876320 0.02974570 -0.00446771
v -0.06910697 0.02887927 -0.00444561
v -0.06865626 0.03014087 0.00017071
v -0.06865626 0.03014087 0.00017071
v -0.06910697 0.02887927 -0.00444561
v -0.06915324 0.02897299 -0.00119671
v -0.06865626 0.03014087 0.00017071
v -0.06915324 0.02897299 -0.00119671
v -0.06915858 0.02898054 0.00017099
v -0.06621947 0.02989213 -0.01522849
v -0.06607138 0.02876988 -0.01860764
v -0.06780431 0.02921143 -0.01381503
v -0.06780431 0.02921143 -0.01381503
v -0.06607138 0.02876988 -0.01860764
v -0.06757955 0.02783214 -0.01831299
v -0.06780431 0.02921143 -0.01381503
v -0.06757955 0.02783214 -0.01831299
v -0.06838009 0.02853546 -0.01367002
v -0.06838009 0.02853546 -0.01367002
v -0.06757955 0.02783214 -0.01831299
v -0.06815942 0.02719747 -0.01809424
v -0.06838009 0.02853546 -0.01367002
v -0.06861538 0.02933129 -0.00909944
v -0.06780431 0.02921143 -0.01381503
v -0.06780431 0.02921143 -0.01381503
v -0.06861538 0.02933129 -0.00909944
v -0.06804318 0.03006116 -0.00919394
v -0.06780431 0.02921143 -0.01381503
v -0.06804318 0.03006116 -0.00919394
v -0.06621947 0.02989213 -0.01522849
v -0.06621947 0.02989213 -0.01522849
v -0.06804318 0.03006116 -0.00919394
v -0.06642981 0.03087752 -0.01090629
v -0.06660420 0.03160537 -0.00541503
v -0.06642981 0.03087752 -0.01090629
v -0.06819269 0.03052405 -0.00451877
v -0.06819269 0.03052405 -0.00451877
v -0.06642981 0.03087752 -0.01090629
v -0.06804318 0.03006116 -0.00919394
v -0.06819269 0.03052405 -0.00451877
v -0.06804318 0.03006116 -0.00919394
v -0.06876320 0.02974570 -0.00446771
v -0.06876320 0.02974570 -0.00446771
v -0.06804318 0.03006116 -0.00919394
v -0.06861538 0.02933129 -0.00909944
v -0.06876320 0.02974570 -0.00446771
v -0.06861538 0.02933129 -0.00909944
v -0.06886104 0.02821069 -0.01120129
v -0.06886104 0.02821069 -0.01120129
v -0.06861538 0.02933129 -0.00909944
v -0.06838009 0.02853546 -0.01367002
v -0.06886104 0.02821069 -0.01120129
v -0.06838009 0.02853546 -0.01367002
v -0.06869011 0.02756798 -0.01439409
v -0.06869011 0.02756798 -0.01439409
v -0.06838009 0.02853546 -0.01367002
v -0.06815942 0.02719747 -0.01809424
v -0.06869011 0.02756798 -0.01439409
v -0.06815942 0.02719747 -0.01809424
v -0.06853078 0.02648679 -0.01783668
v -0.06853078 0.02648679 -0.01783668
v -0.06902850 0.02510766 -0.01688655
v -0.06869011 0.02756798 -0.01439409
v -0.06869011 0.02756798 -0.01439409
v -0.06902850 0.02510766 -0.01688655
v -0.06893138 0.02657709 -0.01456222
v -0.06869011 0.02756798 -0.01439409
v -0.06893138 0.02657709 -0.01456222
v -0.06886104 0.02821069 -0.01120129
v -0.06853078 0.02648679 -0.01783668
v -0.06880218 0.02304362 -0.02158696
v -0.06902850 0.02510766 -0.01688655
v -0.06902850 0.02510766 -0.01688655
v -0.06880218 0.02304362 -0.02158696
v -0.06917468 0.02269270 -0.01992585
v -0.06895751 0.01934469 -0.02508710
v -0.06957165 0.01688284 -0.02488788
v -0.06935085 0.01992771 -0.02260394
v -0.06895751 0.01934469 -0.02508710
v -0.06935085 0.01992771 -0.02260394
v -0.06880218 0.02304362 -0.02158696
v -0.06880218 0.02304362 -0.02158696
v -0.06935085 0.01992771 -0.02260394
v -0.06919280 0.02239632 -0.02024810
v -0.06880218 0.02304362 -0.02158696
v -0.06919280 0.02239632 -0.02024810
v -0.06917468 0.02269270 -0.01992585
v -0.06957165 0.01688284 -0.02488788
v -0.06895751 0.01934469 -0.02508710
v -0.06966939 0.01568199 -0.02563581
v -0.06966939 0.01568199 -0.02563581
v -0.06895751 0.01934469 -0.02508710
v -0.06891436 0.01599309 -0.02817308
v -0.06966939 0.01568199 -0.02563581
v -0.06891436 0.01599309 -0.02817308
v -0.06985880 0.01353900 -0.02678359
v -0.06746930 0.01775548 -0.03082174
v -0.06701273 0.01472366 -0.03343411
v -0.06867246 0.01328527 -0.03072593
v -0.06880218 0.02304362 -0.02158696
v -0.06786025 0.02071837 -0.02765846
v -0.06895751 0.01934469 -0.02508710
v -0.06895751 0.01934469 -0.02508710
v -0.06786025 0.02071837 -0.02765846
v -0.06746930 0.01775548 -0.03082174
v -0.06895751 0.01934469 -0.02508710
v -0.06746930 0.01775548 -0.03082174
v -0.06891436 0.01599309 -0.02817308
v -0.06891436 0.01599309 -0.02817308
v -0.06746930 0.01775548 -0.03082174
v -0.06867246 0.01328527 -0.03072593
v -0.06891436 0.01599309 -0.02817308
v -0.06867246 0.01328527 -0.03072593
v -0.06985880 0.01353900 -0.02678359
v -0.06985880 0.01353900 -0.02678359
v -0.06867246 0.01328527 -0.03072593
v -0.07002252 0.01182293 -0.02755017
v -0.06853078 0.02648679 -0.01783668
v -0.06839570 0.02524597 -0.02067382
v -0.06880218 0.02304362 -0.02158696
v -0.06880218 0.02304362 -0.02158696
v -0.06839570 0.02524597 -0.02067382
v -0.06816866 0.02321163 -0.02426619
v -0.06880218 0.02304362 -0.02158696
v -0.06816866 0.02321163 -0.02426619
v -0.06786025 0.02071837 -0.02765846
v -0.07040986 0.00822182 -0.02877194
v -0.07002252 0.01182293 -0.02755017
v -0.06867246 0.01328527 -0.03072593
v -0.07145467 0.00052850 -0.02982767
v -0.07088048 0.00449517 -0.02953329
v -0.07057975 0.00565856 -0.02981982
v -0.07057975 0.00565856 -0.02981982
v -0.07088048 0.00449517 -0.02953329
v -0.07064641 0.00627364 -0.02923062
v -0.07260206 -0.02162390 -0.03308709
v -0.07452089 -0.02164451 -0.02774246
v -0.07376325 -0.01256495 -0.02744553
v -0.07260206 -0.02162390 -0.03308709
v -0.07242952 -0.00533798 -0.02932059
v -0.07177271 -0.00340414 -0.03055577
v -0.07177271 -0.00340414 -0.03055577
v -0.07242952 -0.00533798 -0.02932059
v -0.07207797 -0.00333716 -0.02962035
v -0.07177271 -0.00340414 -0.03055577
v -0.07207797 -0.00333716 -0.02962035
v -0.07145467 0.00052850 -0.02982767
v -0.07501201 -0.01763216 -0.02416061
v -0.07452089 -0.02164451 -0.02774246
v -0.07574356 -0.02066424 -0.02171315
v -0.07574356 -0.02066424 -0.02171315
v -0.07452089 -0.02164451 -0.02774246
v -0.07577458 -0.02169874 -0.02209598
v -0.07574356 -0.02066424 -0.02171315
v -0.07577458 -0.02169874 -0.02209598
v -0.07600299 -0.02171331 -0.02070137
v -0.07501201 -0.01763216 -0.02416061
v -0.07469214 -0.01625980 -0.02507216
v -0.07452089 -0.02164451 -0.02774246
v -0.07452089 -0.02164451 -0.02774246
v -0.07469214 -0.01625980 -0.02507216
v -0.07425088 -0.01431544 -0.02619617
v -0.07452089 -0.02164451 -0.02774246
v -0.07425088 -0.01431544 -0.02619617
v -0.07376325 -0.01256495 -0.02744553
v -0.07376325 -0.01256495 -0.02744553
v -0.07425088 -0.01431544 -0.02619617
v -0.07349937 -0.01082865 -0.02778138
v -0.07376325 -0.01256495 -0.02744553
v -0.07349937 -0.01082865 -0.02778138
v -0.07260206 -0.02162390 -0.03308709
v -0.07260206 -0.02162390 -0.03308709
v -0.07349937 -0.01082865 -0.02778138
v -0.07276511 -0.00714047 -0.02893407
v -0.07260206 -0.02162390 -0.03308709
v -0.07276511 -0.00714047 -0.02893407
v -0.07242952 -0.00533798 -0.02932059
v -0.06591702 -0.00348306 -0.03999364
v -0.06281286 0.00168703 -0.04162244
v -0.06309286 -0.00364829 -0.04229476
v -0.06309286 -0.00364829 -0.04229476
v -0.06281286 0.00168703 -0.04162244
v -0.06008228 -0.00339586 -0.04394867
v -0.06309286 -0.00364829 -0.04229476
v -0.06008228 -0.00339586 -0.04394867
v -0.06082944 -0.01268469 -0.04443196
v -0.06468235 0.00639215 -0.03903413
v -0.06481467 0.00560677 -0.03913211
v -0.06556742 0.00908021 -0.03739440
v -0.06556742 0.00908021 -0.03739440
v -0.06481467 0.00560677 -0.03913211
v -0.06730705 0.00573415 -0.03642679
v -0.06556742 0.00908021 -0.03739440
v -0.06730705 0.00573415 -0.03642679
v -0.06626324 0.01150350 -0.03580082
v -0.06626324 0.01150350 -0.03580082
v -0.06730705 0.00573415 -0.03642679
v -0.06921478 0.00574608 -0.03327889
v -0.06626324 0.01150350 -0.03580082
v -0.06921478 0.00574608 -0.03327889
v -0.06701273 0.01472366 -0.03343411
v -0.06701273 0.01472366 -0.03343411
v -0.06921478 0.00574608 -0.03327889
v -0.07057975 0.00565856 -0.02981982
v -0.06701273 0.01472366 -0.03343411
v -0.07057975 0.00565856 -0.02981982
v -0.06867246 0.01328527 -0.03072593
v -0.06867246 0.01328527 -0.03072593
v -0.07057975 0.00565856 -0.02981982
v -0.07064641 0.00627364 -0.02923062
v -0.06867246 0.01328527 -0.03072593
v -0.07064641 0.00627364 -0.02923062
v -0.07040986 0.00822182 -0.02877194
v -0.06468235 0.00639215 -0.03903413
v -0.06281286 0.00168703 -0.04162244
v -0.06481467 0.00560677 -0.03913211
v -0.06481467 0.00560677 -0.03913211
v -0.06281286 0.00168703 -0.04162244
v -0.06591702 -0.00348306 -0.03999364
v -0.06481467 0.00560677 -0.03913211
v -0.06591702 -0.00348306 -0.03999364
v -0.06730705 0.00573415 -0.03642679
v -0.06730705 0.00573415 -0.03642679
v -0.06591702 -0.00348306 -0.03999364
v -0.06835881 -0.00337883 -0.03721425
v -0.06730705 0.00573415 -0.03642679
v -0.06835881 -0.00337883 -0.03721425
v -0.06921478 0.00574608 -0.03327889
v -0.06921478 0.00574608 -0.03327889
v -0.06835881 -0.00337883 -0.03721425
v -0.07030576 -0.00335595 -0.03402686
v -0.06921478 0.00574608 -0.03327889
v -0.07030576 -0.00335595 -0.03402686
v -0.07057975 0.00565856 -0.02981982
v -0.07145467 0.00052850 -0.02982767
v -0.07057975 0.00565856 -0.02981982
v -0.07177271 -0.00340414 -0.03055577
v -0.07177271 -0.00340414 -0.03055577
v -0.07057975 0.00565856 -0.02981982
v -0.07030576 -0.00335595 -0.03402686
v -0.07177271 -0.00340414 -0.03055577
v -0.07030576 -0.00335595 -0.03402686
v -0.07260206 -0.02162390 -0.03308709
v -0.07260206 -0.02162390 -0.03308709
v -0.07030576 -0.00335595 -0.03402686
v -0.06835881 -0.00337883 -0.03721425
v -0.07260206 -0.02162390 -0.03308709
v -0.06835881 -0.00337883 -0.03721425
v -0.06984951 -0.02166449 -0.03782172
v -0.06984951 -0.02166449 -0.03782172
v -0.06835881 -0.00337883 -0.03721425
v -0.06591702 -0.00348306 -0.03999364
v -0.06984951 -0.02166449 -0.03782172
v -0.06591702 -0.00348306 -0.03999364
v -0.06627547 -0.02178011 -0.04159033
v -0.06627547 -0.02178011 -0.04159033
v -0.06591702 -0.00348306 -0.03999364
v -0.06309286 -0.00364829 -0.04229476
v -0.06627547 -0.02178011 -0.04159033
v -0.06309286 -0.00364829 -0.04229476
v -0.06369442 -0.02189427 -0.04340768
v -0.06369442 -0.02189427 -0.04340768
v -0.06309286 -0.00364829 -0.04229476
v -0.06082944 -0.01268469 -0.04443196
v -0.06369442 -0.02189427 -0.04340768
v -0.06082944 -0.01268469 -0.04443196
v -0.06143136 -0.02200253 -0.04460029
v -0.07691898 -0.02534626 -0.01625266
v -0.07671584 -0.03257035 -0.02242212
v -0.07761420 -0.02807052 -0.01116189
v -0.07761420 -0.02807052 -0.01116189
v -0.07671584 -0.03257035 -0.02242212
v -0.07801942 -0.03266026 -0.01102229
v -0.07761420 -0.02807052 -0.01116189
v -0.07801942 -0.03266026 -0.01102229
v -0.07804670 -0.02976042 -0.00561416
v -0.07801942 -0.03266026 -0.01102229
v -0.07883995 -0.04370422 -0.01049307
v -0.07891916 -0.04371954 -0.00914572
v -0.07804670 -0.02976042 -0.00561416
v -0.07801942 -0.03266026 -0.01102229
v -0.07819521 -0.03033323 0.00017068
v -0.07819521 -0.03033323 0.00017068
v -0.07801942 -0.03266026 -0.01102229
v -0.07891916 -0.04371954 -0.00914572
v -0.07819521 -0.03033323 0.00017068
v -0.07891916 -0.04371954 -0.00914572
v -0.07916136 -0.04377144 0.00017083
v -0.07883995 -0.04370422 -0.01049307
v -0.07801942 -0.03266026 -0.01102229
v -0.07832005 -0.04360938 -0.01652721
v -0.07832005 -0.04360938 -0.01652721
v -0.07801942 -0.03266026 -0.01102229
v -0.07671584 -0.03257035 -0.02242212
v -0.07832005 -0.04360938 -0.01652721
v -0.07671584 -0.03257035 -0.02242212
v -0.07753529 -0.04347670 -0.02215306
v -0.07753529 -0.04347670 -0.02215306
v -0.07671584 -0.03257035 -0.02242212
v -0.07542145 -0.03253968 -0.02800797
v -0.07753529 -0.04347670 -0.02215306
v -0.07542145 -0.03253968 -0.02800797
v -0.07655523 -0.04329706 -0.02659186
v -0.07655523 -0.04329706 -0.02659186
v -0.07542145 -0.03253968 -0.02800797
v -0.07530556 -0.04305194 -0.03043604
v -0.07530556 -0.04305194 -0.03043604
v -0.07542145 -0.03253968 -0.02800797
v -0.07341840 -0.03254429 -0.03329540
v -0.07530556 -0.04305194 -0.03043604
v -0.07341840 -0.03254429 -0.03329540
v -0.07412387 -0.04281390 -0.03313352
v -0.07005613 -0.04197069 -0.03911734
v -0.07110373 -0.04219127 -0.03790168
v -0.07054001 -0.03260650 -0.03799855
v -0.07054001 -0.03260650 -0.03799855
v -0.07110373 -0.04219127 -0.03790168
v -0.07205994 -0.04239045 -0.03662772
v -0.07054001 -0.03260650 -0.03799855
v -0.07205994 -0.04239045 -0.03662772
v -0.07341840 -0.03254429 -0.03329540
v -0.07341840 -0.03254429 -0.03329540
v -0.07205994 -0.04239045 -0.03662772
v -0.07380647 -0.04274936 -0.03375505
v -0.07341840 -0.03254429 -0.03329540
v -0.07380647 -0.04274936 -0.03375505
v -0.07412387 -0.04281390 -0.03313352
v -0.06686322 -0.03157752 -0.04167439
v -0.06731891 -0.04138219 -0.04163261
v -0.06777261 -0.04148087 -0.04127086
v -0.06984951 -0.02166449 -0.03782172
v -0.06627547 -0.02178011 -0.04159033
v -0.06686322 -0.03157752 -0.04167439
v -0.06777261 -0.04148087 -0.04127086
v -0.07005613 -0.04197069 -0.03911734
v -0.06686322 -0.03157752 -0.04167439
v -0.06686322 -0.03157752 -0.04167439
v -0.07005613 -0.04197069 -0.03911734
v -0.07054001 -0.03260650 -0.03799855
v -0.06686322 -0.03157752 -0.04167439
v -0.07054001 -0.03260650 -0.03799855
v -0.06984951 -0.02166449 -0.03782172
v -0.06984951 -0.02166449 -0.03782172
v -0.07054001 -0.03260650 -0.03799855
v -0.07341840 -0.03254429 -0.03329540
v -0.06984951 -0.02166449 -0.03782172
v -0.07341840 -0.03254429 -0.03329540
v -0.07260206 -0.02162390 -0.03308709
v -0.07260206 -0.02162390 -0.03308709
v -0.07341840 -0.03254429 -0.03329540
v -0.07542145 -0.03253968 -0.02800797
v -0.07260206 -0.02162390 -0.03308709
v -0.07542145 -0.03253968 -0.02800797
v -0.07452089 -0.02164451 -0.02774246
v -0.07452089 -0.02164451 -0.02774246
v -0.07542145 -0.03253968 -0.02800797
v -0.07671584 -0.03257035 -0.02242212
v -0.07452089 -0.02164451 -0.02774246
v -0.07671584 -0.03257035 -0.02242212
v -0.07577458 -0.02169874 -0.02209598
v -0.07577458 -0.02169874 -0.02209598
v -0.07671584 -0.03257035 -0.02242212
v -0.07691898 -0.02534626 -0.01625266
v -0.07577458 -0.02169874 -0.02209598
v -0.07691898 -0.02534626 -0.01625266
v -0.07600299 -0.02171331 -0.02070137
v -0.06902850 0.02510749 0.01722848
v -0.06909809 0.02395909 0.01877337
v -0.06853072 0.02648659 0.01817863
v -0.06853072 0.02648659 0.01817863
v -0.06909809 0.02395909 0.01877337
v -0.06880217 0.02304339 0.02192888
v -0.06853072 0.02648659 0.01817863
v -0.06880217 0.02304339 0.02192888
v -0.06840573 0.02534324 0.02081819
v -0.06840573 0.02534324 0.02081819
v -0.06880217 0.02304339 0.02192888
v -0.06818349 0.02334329 0.02440364
v -0.06818349 0.02334329 0.02440364
v -0.06880217 0.02304339 0.02192888
v -0.06808574 0.02251802 0.02563903
v -0.06808574 0.02251802 0.02563903
v -0.06880217 0.02304339 0.02192888
v -0.06895752 0.01934445 0.02542898
v -0.06808574 0.02251802 0.02563903
v -0.06895752 0.01934445 0.02542898
v -0.06787674 0.02084584 0.02784551
v -0.06945150 0.01847931 0.02410616
v -0.06970325 0.01528357 0.02620837
v -0.06891436 0.01599280 0.02851494
v -0.06701291 0.01472337 0.03377600
v -0.06749387 0.01794132 0.03098536
v -0.06854973 0.01340176 0.03130343
v -0.06854973 0.01340176 0.03130343
v -0.06749387 0.01794132 0.03098536
v -0.06891436 0.01599280 0.02851494
v -0.06854973 0.01340176 0.03130343
v -0.06891436 0.01599280 0.02851494
v -0.06985916 0.01202235 0.02834985
v -0.06985916 0.01202235 0.02834985
v -0.06891436 0.01599280 0.02851494
v -0.06970325 0.01528357 0.02620837
v -0.06985916 0.01202235 0.02834985
v -0.06970325 0.01528357 0.02620837
v -0.07002251 0.01182267 0.02789197
v -0.06909809 0.02395909 0.01877337
v -0.06925654 0.02137291 0.02163254
v -0.06880217 0.02304339 0.02192888
v -0.06880217 0.02304339 0.02192888
v -0.06925654 0.02137291 0.02163254
v -0.06945150 0.01847931 0.02410616
v -0.06880217 0.02304339 0.02192888
v -0.06945150 0.01847931 0.02410616
v -0.06895752 0.01934445 0.02542898
v -0.06895752 0.01934445 0.02542898
v -0.06945150 0.01847931 0.02410616
v -0.06891436 0.01599280 0.02851494
v -0.06895752 0.01934445 0.02542898
v -0.06891436 0.01599280 0.02851494
v -0.06787674 0.02084584 0.02784551
v -0.06787674 0.02084584 0.02784551
v -0.06891436 0.01599280 0.02851494
v -0.06749387 0.01794132 0.03098536
v -0.06902850 0.02510749 0.01722848
v -0.06853072 0.02648659 0.01817863
v -0.06890368 0.02707467 0.01399086
v -0.06890368 0.02707467 0.01399086
v -0.06853072 0.02648659 0.01817863
v -0.06886102 0.02821058 0.01154326
v -0.06776738 0.03113675 0.00017086
v -0.06825018 0.03066806 0.00017075
v -0.06816415 0.03044112 0.00602794
v -0.06793673 0.02970518 0.01177931
v -0.06816415 0.03044112 0.00602794
v -0.06873504 0.02967311 0.00596670
v -0.06793673 0.02970518 0.01177931
v -0.06873504 0.02967311 0.00596670
v -0.06851016 0.02900125 0.01166540
v -0.06851016 0.02900125 0.01166540
v -0.06873504 0.02967311 0.00596670
v -0.06906657 0.02878454 0.00641242
v -0.06851016 0.02900125 0.01166540
v -0.06906657 0.02878454 0.00641242
v -0.06886102 0.02821058 0.01154326
v -0.06865626 0.03014087 0.00017071
v -0.06915858 0.02898054 0.00017099
v -0.06915838 0.02898083 0.00032489
v -0.06865626 0.03014087 0.00017071
v -0.06915838 0.02898083 0.00032489
v -0.06825018 0.03066806 0.00017075
v -0.06825018 0.03066806 0.00017075
v -0.06915838 0.02898083 0.00032489
v -0.06915337 0.02897315 0.00152239
v -0.06825018 0.03066806 0.00017075
v -0.06915337 0.02897315 0.00152239
v -0.06816415 0.03044112 0.00602794
v -0.06816415 0.03044112 0.00602794
v -0.06915337 0.02897315 0.00152239
v -0.06910694 0.02887917 0.00478856
v -0.06816415 0.03044112 0.00602794
v -0.06910694 0.02887917 0.00478856
v -0.06873504 0.02967311 0.00596670
v -0.06873504 0.02967311 0.00596670
v -0.06910694 0.02887917 0.00478856
v -0.06908408 0.02882672 0.00576264
v -0.06873504 0.02967311 0.00596670
v -0.06908408 0.02882672 0.00576264
v -0.06906657 0.02878454 0.00641242
v -0.06666210 0.03184425 0.00017101
v -0.06776738 0.03113675 0.00017086
v -0.06660381 0.03160366 0.00577588
v -0.06660381 0.03160366 0.00577588
v -0.06776738 0.03113675 0.00017086
v -0.06816415 0.03044112 0.00602794
v -0.06660381 0.03160366 0.00577588
v -0.06816415 0.03044112 0.00602794
v -0.06645330 0.03097503 0.01069400
v -0.06645330 0.03097503 0.01069400
v -0.06816415 0.03044112 0.00602794
v -0.06793673 0.02970518 0.01177931
v -0.06645330 0.03097503 0.01069400
v -0.06793673 0.02970518 0.01177931
v -0.06639951 0.03074964 0.01192869
v -0.07804669 -0.02976050 0.00595555
v -0.07819521 -0.03033323 0.00017068
v -0.07916136 -0.04377144 0.00017083
v -0.07193036 -0.02162839 0.03481139
v -0.07341840 -0.03254464 0.03363675
v -0.06984951 -0.02166488 0.03816319
v -0.06984951 -0.02166488 0.03816319
v -0.07341840 -0.03254464 0.03363675
v -0.07054000 -0.03260688 0.03833991
v -0.06984951 -0.02166488 0.03816319
v -0.07054000 -0.03260688 0.03833991
v -0.06889543 -0.02169050 0.03936164
v -0.06889543 -0.02169050 0.03936164
v -0.07054000 -0.03260688 0.03833991
v -0.06627546 -0.02178053 0.04193179
v -0.06627546 -0.02178053 0.04193179
v -0.07054000 -0.03260688 0.03833991
v -0.06719134 -0.03834940 0.04200012
v -0.06719134 -0.03834940 0.04200012
v -0.07054000 -0.03260688 0.03833991
v -0.06974003 -0.04190150 0.03979402
v -0.06719134 -0.03834940 0.04200012
v -0.06974003 -0.04190150 0.03979402
v -0.06731892 -0.04138263 0.04197429
v -0.07412332 -0.04281419 0.03347472
v -0.07373842 -0.04273573 0.03422320
v -0.07341840 -0.03254464 0.03363675
v -0.07341840 -0.03254464 0.03363675
v -0.07373842 -0.04273573 0.03422320
v -0.07197969 -0.04237188 0.03708149
v -0.07341840 -0.03254464 0.03363675
v -0.07197969 -0.04237188 0.03708149
v -0.07054000 -0.03260688 0.03833991
v -0.07054000 -0.03260688 0.03833991
v -0.07197969 -0.04237188 0.03708149
v -0.07110341 -0.04218866 0.03824273
v -0.07054000 -0.03260688 0.03833991
v -0.07110341 -0.04218866 0.03824273
v -0.06974003 -0.04190150 0.03979402
v -0.07412332 -0.04281419 0.03347472
v -0.07341840 -0.03254464 0.03363675
v -0.07523967 -0.04303820 0.03094852
v -0.07523967 -0.04303820 0.03094852
v -0.07341840 -0.03254464 0.03363675
v -0.07542145 -0.03253997 0.02834933
v -0.07523967 -0.04303820 0.03094852
v -0.07542145 -0.03253997 0.02834933
v -0.07650799 -0.04328741 0.02710612
v -0.07650799 -0.04328741 0.02710612
v -0.07542145 -0.03253997 0.02834933
v -0.07671585 -0.03257059 0.02276347
v -0.07650799 -0.04328741 0.02710612
v -0.07671585 -0.03257059 0.02276347
v -0.07750166 -0.04347158 0.02267419
v -0.07193036 -0.02162839 0.03481139
v -0.07260206 -0.02162423 0.03342856
v -0.07341840 -0.03254464 0.03363675
v -0.07341840 -0.03254464 0.03363675
v -0.07260206 -0.02162423 0.03342856
v -0.07426316 -0.02163842 0.02896841
v -0.07341840 -0.03254464 0.03363675
v -0.07426316 -0.02163842 0.02896841
v -0.07542145 -0.03253997 0.02834933
v -0.07542145 -0.03253997 0.02834933
v -0.07426316 -0.02163842 0.02896841
v -0.07600299 -0.02171353 0.02104283
v -0.07542145 -0.03253997 0.02834933
v -0.07600299 -0.02171353 0.02104283
v -0.07671585 -0.03257059 0.02276347
v -0.07671585 -0.03257059 0.02276347
v -0.07600299 -0.02171353 0.02104283
v -0.07691897 -0.02534644 0.01659409
v -0.07671585 -0.03257059 0.02276347
v -0.07691897 -0.02534644 0.01659409
v -0.07801941 -0.03266038 0.01136365
v -0.07801941 -0.03266038 0.01136365
v -0.07691897 -0.02534644 0.01659409
v -0.07761420 -0.02807064 0.01150329
v -0.07801941 -0.03266038 0.01136365
v -0.07761420 -0.02807064 0.01150329
v -0.07804669 -0.02976050 0.00595555
v -0.07916136 -0.04377144 0.00017083
v -0.07890104 -0.04371601 0.00982107
v -0.07804669 -0.02976050 0.00595555
v -0.07804669 -0.02976050 0.00595555
v -0.07890104 -0.04371601 0.00982107
v -0.07879841 -0.04369662 0.01145479
v -0.07804669 -0.02976050 0.00595555
v -0.07879841 -0.04369662 0.01145479
v -0.07801941 -0.03266038 0.01136365
v -0.07801941 -0.03266038 0.01136365
v -0.07879841 -0.04369662 0.01145479
v -0.07827366 -0.04360392 0.01728539
v -0.07801941 -0.03266038 0.01136365
v -0.07827366 -0.04360392 0.01728539
v -0.07671585 -0.03257059 0.02276347
v -0.07671585 -0.03257059 0.02276347
v -0.07827366 -0.04360392 0.01728539
v -0.07761490 -0.04349071 0.02202602
v -0.07671585 -0.03257059 0.02276347
v -0.07761490 -0.04349071 0.02202602
v -0.07750166 -0.04347158 0.02267419
v -0.06730705 0.00573379 0.03676852
v -0.06921479 0.00574573 0.03362064
v -0.07030577 -0.00335632 0.03436853
v -0.07529919 -0.01883851 0.02360561
v -0.07600299 -0.02171353 0.02104283
v -0.07426316 -0.02163842 0.02896841
v -0.06553484 0.00897483 0.03780239
v -0.06626763 0.01152016 0.03612948
v -0.06730705 0.00573379 0.03676852
v -0.06985916 0.01202235 0.02834985
v -0.07002251 0.01182267 0.02789197
v -0.07041531 0.00817463 0.02912635
v -0.07041531 0.00817463 0.02912635
v -0.07064641 0.00627333 0.02957236
v -0.07057975 0.00565825 0.03016157
v -0.06921479 0.00574573 0.03362064
v -0.06701291 0.01472337 0.03377600
v -0.06854973 0.01340176 0.03130343
v -0.06730705 0.00573379 0.03676852
v -0.06626763 0.01152016 0.03612948
v -0.06921479 0.00574573 0.03362064
v -0.06921479 0.00574573 0.03362064
v -0.06626763 0.01152016 0.03612948
v -0.06670845 0.01328963 0.03487332
v -0.06921479 0.00574573 0.03362064
v -0.06670845 0.01328963 0.03487332
v -0.06701291 0.01472337 0.03377600
v -0.06353005 0.00336072 0.04108367
v -0.06414235 0.00491394 0.04022638
v -0.06591701 -0.00348346 0.04033530
v -0.06591701 -0.00348346 0.04033530
v -0.06414235 0.00491394 0.04022638
v -0.06481468 0.00560638 0.03947386
v -0.06591701 -0.00348346 0.04033530
v -0.06481468 0.00560638 0.03947386
v -0.06835882 -0.00337923 0.03755589
v -0.06309287 -0.00364873 0.04263641
v -0.06008236 -0.00339630 0.04429054
v -0.06176788 -0.00049195 0.04303606
v -0.06446946 -0.02185921 0.04326189
v -0.06143136 -0.02200300 0.04494175
v -0.06309287 -0.00364873 0.04263641
v -0.06309287 -0.00364873 0.04263641
v -0.06143136 -0.02200300 0.04494175
v -0.06082542 -0.01262934 0.04477157
v -0.06309287 -0.00364873 0.04263641
v -0.06082542 -0.01262934 0.04477157
v -0.06008236 -0.00339630 0.04429054
v -0.06176788 -0.00049195 0.04303606
v -0.06353005 0.00336072 0.04108367
v -0.06309287 -0.00364873 0.04263641
v -0.06309287 -0.00364873 0.04263641
v -0.06353005 0.00336072 0.04108367
v -0.06591701 -0.00348346 0.04033530
v -0.06309287 -0.00364873 0.04263641
v -0.06591701 -0.00348346 0.04033530
v -0.06446946 -0.02185921 0.04326189
v -0.06446946 -0.02185921 0.04326189
v -0.06591701 -0.00348346 0.04033530
v -0.06627546 -0.02178053 0.04193179
v -0.06627546 -0.02178053 0.04193179
v -0.06591701 -0.00348346 0.04033530
v -0.06889543 -0.02169050 0.03936164
v -0.06889543 -0.02169050 0.03936164
v -0.06591701 -0.00348346 0.04033530
v -0.06835882 -0.00337923 0.03755589
v -0.06889543 -0.02169050 0.03936164
v -0.06835882 -0.00337923 0.03755589
v -0.06984951 -0.02166488 0.03816319
v -0.07529919 -0.01883851 0.02360561
v -0.07426316 -0.02163842 0.02896841
v -0.07455738 -0.01567292 0.02577279
v -0.07064641 0.00627333 0.02957236
v -0.07089563 0.00438364 0.02989036
v -0.07057975 0.00565825 0.03016157
v -0.07057975 0.00565825 0.03016157
v -0.07089563 0.00438364 0.02989036
v -0.07145467 0.00052820 0.03016936
v -0.07057975 0.00565825 0.03016157
v -0.07145467 0.00052820 0.03016936
v -0.07177271 -0.00340445 0.03089743
v -0.07145467 0.00052820 0.03016936
v -0.07168548 -0.00095063 0.03014721
v -0.07177271 -0.00340445 0.03089743
v -0.07177271 -0.00340445 0.03089743
v -0.07168548 -0.00095063 0.03014721
v -0.07233695 -0.00482388 0.02975212
v -0.07177271 -0.00340445 0.03089743
v -0.07233695 -0.00482388 0.02975212
v -0.07261273 -0.01251302 0.03136664
v -0.07261273 -0.01251302 0.03136664
v -0.07233695 -0.00482388 0.02975212
v -0.07305288 -0.00862426 0.02887214
v -0.07261273 -0.01251302 0.03136664
v -0.07305288 -0.00862426 0.02887214
v -0.07376325 -0.01256523 0.02778709
v -0.07376325 -0.01256523 0.02778709
v -0.07305288 -0.00862426 0.02887214
v -0.07353260 -0.01098877 0.02806141
v -0.07376325 -0.01256523 0.02778709
v -0.07353260 -0.01098877 0.02806141
v -0.07380046 -0.01225670 0.02753653
v -0.06985916 0.01202235 0.02834985
v -0.07041531 0.00817463 0.02912635
v -0.06854973 0.01340176 0.03130343
v -0.06854973 0.01340176 0.03130343
v -0.07041531 0.00817463 0.02912635
v -0.07057975 0.00565825 0.03016157
v -0.06854973 0.01340176 0.03130343
v -0.07057975 0.00565825 0.03016157
v -0.06921479 0.00574573 0.03362064
v -0.06921479 0.00574573 0.03362064
v -0.07057975 0.00565825 0.03016157
v -0.07177271 -0.00340445 0.03089743
v -0.06921479 0.00574573 0.03362064
v -0.07177271 -0.00340445 0.03089743
v -0.07030577 -0.00335632 0.03436853
v -0.07030577 -0.00335632 0.03436853
v -0.07177271 -0.00340445 0.03089743
v -0.07261273 -0.01251302 0.03136664
v -0.07030577 -0.00335632 0.03436853
v -0.07261273 -0.01251302 0.03136664
v -0.07109571 -0.01249802 0.03479787
v -0.06414235 0.00491394 0.04022638
v -0.06553484 0.00897483 0.03780239
v -0.06481468 0.00560638 0.03947386
v -0.06481468 0.00560638 0.03947386
v -0.06553484 0.00897483 0.03780239
v -0.06730705 0.00573379 0.03676852
v -0.06481468 0.00560638 0.03947386
v -0.06730705 0.00573379 0.03676852
v -0.06835882 -0.00337923 0.03755589
v -0.06835882 -0.00337923 0.03755589
v -0.06730705 0.00573379 0.03676852
v -0.07030577 -0.00335632 0.03436853
v -0.06835882 -0.00337923 0.03755589
v -0.07030577 -0.00335632 0.03436853
v -0.06984951 -0.02166488 0.03816319
v -0.06984951 -0.02166488 0.03816319
v -0.07030577 -0.00335632 0.03436853
v -0.07109571 -0.01249802 0.03479787
v -0.06984951 -0.02166488 0.03816319
v -0.07109571 -0.01249802 0.03479787
v -0.07193036 -0.02162839 0.03481139
v -0.07193036 -0.02162839 0.03481139
v -0.07109571 -0.01249802 0.03479787
v -0.07261273 -0.01251302 0.03136664
v -0.07193036 -0.02162839 0.03481139
v -0.07261273 -0.01251302 0.03136664
v -0.07260206 -0.02162423 0.03342856
v -0.07260206 -0.02162423 0.03342856
v -0.07261273 -0.01251302 0.03136664
v -0.07376325 -0.01256523 0.02778709
v -0.07260206 -0.02162423 0.03342856
v -0.07376325 -0.01256523 0.02778709
v -0.07426316 -0.02163842 0.02896841
v -0.07426316 -0.02163842 0.02896841
v -0.07376325 -0.01256523 0.02778709
v -0.07380046 -0.01225670 0.02753653
v -0.07426316 -0.02163842 0.02896841
v -0.07380046 -0.01225670 0.02753653
v -0.07455738 -0.01567292 0.02577279
v -0.06950688 0.02675639 -0.00345938
v -0.06928778 0.02803670 -0.00419495
v -0.06937460 0.02678709 -0.00827711
v -0.06950688 0.02675639 -0.00345938
v -0.06949418 0.02700022 0.00017098
v -0.06928778 0.02803670 -0.00419495
v -0.06928778 0.02803670 -0.00419495
v -0.06949418 0.02700022 0.00017098
v -0.06925192 0.02852219 0.00017099
v -0.06928778 0.02803670 -0.00419495
v -0.06925192 0.02852219 0.00017099
v -0.06915324 0.02897299 -0.00119671
v -0.06915324 0.02897299 -0.00119671
v -0.06925192 0.02852219 0.00017099
v -0.06915858 0.02898054 0.00017099
v -0.06975707 0.02234719 -0.01498346
v -0.06970508 0.02318645 -0.01366602
v -0.06902850 0.02510766 -0.01688655
v -0.06902850 0.02510766 -0.01688655
v -0.06970508 0.02318645 -0.01366602
v -0.06961098 0.02482888 -0.01044196
v -0.06902850 0.02510766 -0.01688655
v -0.06961098 0.02482888 -0.01044196
v -0.06937460 0.02678709 -0.00827711
v -0.06937460 0.02678709 -0.00827711
v -0.06961098 0.02482888 -0.01044196
v -0.06954606 0.02602861 -0.00700663
v -0.06937460 0.02678709 -0.00827711
v -0.06954606 0.02602861 -0.00700663
v -0.06950688 0.02675639 -0.00345938
v -0.06908387 0.02882625 -0.00542907
v -0.06906407 0.02877844 -0.00615792
v -0.06914756 0.02783221 -0.00860156
v -0.06914756 0.02783221 -0.00860156
v -0.06906407 0.02877844 -0.00615792
v -0.06886104 0.02821069 -0.01120129
v -0.06914756 0.02783221 -0.00860156
v -0.06886104 0.02821069 -0.01120129
v -0.06893138 0.02657709 -0.01456222
v -0.06893138 0.02657709 -0.01456222
v -0.06902850 0.02510766 -0.01688655
v -0.06914756 0.02783221 -0.00860156
v -0.06914756 0.02783221 -0.00860156
v -0.06902850 0.02510766 -0.01688655
v -0.06937460 0.02678709 -0.00827711
v -0.06914756 0.02783221 -0.00860156
v -0.06937460 0.02678709 -0.00827711
v -0.06908387 0.02882625 -0.00542907
v -0.06908387 0.02882625 -0.00542907
v -0.06937460 0.02678709 -0.00827711
v -0.06928778 0.02803670 -0.00419495
v -0.06908387 0.02882625 -0.00542907
v -0.06928778 0.02803670 -0.00419495
v -0.06910697 0.02887927 -0.00444561
v -0.06910697 0.02887927 -0.00444561
v -0.06928778 0.02803670 -0.00419495
v -0.06915324 0.02897299 -0.00119671
v -0.06902850 0.02510766 -0.01688655
v -0.06917468 0.02269270 -0.01992585
v -0.06975707 0.02234719 -0.01498346
v -0.06975707 0.02234719 -0.01498346
v -0.06917468 0.02269270 -0.01992585
v -0.06990279 0.02011525 -0.01784256
v -0.06917468 0.02269270 -0.01992585
v -0.06919280 0.02239632 -0.02024810
v -0.06990279 0.02011525 -0.01784256
v -0.06990279 0.02011525 -0.01784256
v -0.06919280 0.02239632 -0.02024810
v -0.06935085 0.01992771 -0.02260394
v -0.06990279 0.02011525 -0.01784256
v -0.06935085 0.01992771 -0.02260394
v -0.07009644 0.01752345 -0.02037072
v -0.07009644 0.01752345 -0.02037072
v -0.06935085 0.01992771 -0.02260394
v -0.06957165 0.01688284 -0.02488788
v -0.07009644 0.01752345 -0.02037072
v -0.06957165 0.01688284 -0.02488788
v -0.07034473 0.01462644 -0.02252647
v -0.07034473 0.01462644 -0.02252647
v -0.06957165 0.01688284 -0.02488788
v -0.06966939 0.01568199 -0.02563581
v -0.07034473 0.01462644 -0.02252647
v -0.06966939 0.01568199 -0.02563581
v -0.07063846 0.01164511 -0.02418938
v -0.07063846 0.01164511 -0.02418938
v -0.06966939 0.01568199 -0.02563581
v -0.06985880 0.01353900 -0.02678359
v -0.07063846 0.01164511 -0.02418938
v -0.06985880 0.01353900 -0.02678359
v -0.07074628 0.01065297 -0.02463901
v -0.07074628 0.01065297 -0.02463901
v -0.06985880 0.01353900 -0.02678359
v -0.07002252 0.01182293 -0.02755017
v -0.07182111 0.00057408 -0.02834313
v -0.07207874 0.00059548 -0.02682259
v -0.07161639 0.00370556 -0.02657387
v -0.07074628 0.01065297 -0.02463901
v -0.07002252 0.01182293 -0.02755017
v -0.07114536 0.00724125 -0.02584004
v -0.07114536 0.00724125 -0.02584004
v -0.07002252 0.01182293 -0.02755017
v -0.07040986 0.00822182 -0.02877194
v -0.07114536 0.00724125 -0.02584004
v -0.07040986 0.00822182 -0.02877194
v -0.07134102 0.00572011 -0.02621615
v -0.07134102 0.00572011 -0.02621615
v -0.07040986 0.00822182 -0.02877194
v -0.07064641 0.00627364 -0.02923062
v -0.07134102 0.00572011 -0.02621615
v -0.07064641 0.00627364 -0.02923062
v -0.07161639 0.00370556 -0.02657387
v -0.07161639 0.00370556 -0.02657387
v -0.07064641 0.00627364 -0.02923062
v -0.07088048 0.00449517 -0.02953329
v -0.07161639 0.00370556 -0.02657387
v -0.07088048 0.00449517 -0.02953329
v -0.07182111 0.00057408 -0.02834313
v -0.07182111 0.00057408 -0.02834313
v -0.07088048 0.00449517 -0.02953329
v -0.07145467 0.00052850 -0.02982767
v -0.07501201 -0.01763216 -0.02416061
v -0.07574356 -0.02066424 -0.02171315
v -0.07578728 -0.01961515 -0.02058096
v -0.07578728 -0.01961515 -0.02058096
v -0.07574356 -0.02066424 -0.02171315
v -0.07600299 -0.02171331 -0.02070137
v -0.07265376 -0.00301923 -0.02665936
v -0.07207874 0.00059548 -0.02682259
v -0.07182111 0.00057408 -0.02834313
v -0.07274080 -0.00501490 -0.02788550
v -0.07294298 -0.00470887 -0.02641453
v -0.07265376 -0.00301923 -0.02665936
v -0.07482523 -0.01542041 -0.02382292
v -0.07450390 -0.01282661 -0.02358826
v -0.07376242 -0.01040156 -0.02636405
v -0.07376242 -0.01040156 -0.02636405
v -0.07450390 -0.01282661 -0.02358826
v -0.07393385 -0.01002494 -0.02489870
v -0.07376242 -0.01040156 -0.02636405
v -0.07393385 -0.01002494 -0.02489870
v -0.07274080 -0.00501490 -0.02788550
v -0.07274080 -0.00501490 -0.02788550
v -0.07393385 -0.01002494 -0.02489870
v -0.07327786 -0.00658021 -0.02601449
v -0.07274080 -0.00501490 -0.02788550
v -0.07327786 -0.00658021 -0.02601449
v -0.07294298 -0.00470887 -0.02641453
v -0.07579385 -0.01868238 -0.01932099
v -0.07516529 -0.01590071 -0.02165030
v -0.07482523 -0.01542041 -0.02382292
v -0.07482523 -0.01542041 -0.02382292
v -0.07516529 -0.01590071 -0.02165030
v -0.07487655 -0.01457934 -0.02255460
v -0.07482523 -0.01542041 -0.02382292
v -0.07487655 -0.01457934 -0.02255460
v -0.07450390 -0.01282661 -0.02358826
v -0.07469214 -0.01625980 -0.02507216
v -0.07501201 -0.01763216 -0.02416061
v -0.07482523 -0.01542041 -0.02382292
v -0.07482523 -0.01542041 -0.02382292
v -0.07501201 -0.01763216 -0.02416061
v -0.07578728 -0.01961515 -0.02058096
v -0.07482523 -0.01542041 -0.02382292
v -0.07578728 -0.01961515 -0.02058096
v -0.07579385 -0.01868238 -0.01932099
v -0.07579385 -0.01868238 -0.01932099
v -0.07578728 -0.01961515 -0.02058096
v -0.07600299 -0.02171331 -0.02070137
v -0.07579385 -0.01868238 -0.01932099
v -0.07600299 -0.02171331 -0.02070137
v -0.07597694 -0.01946695 -0.01853709
v -0.07207797 -0.00333716 -0.02962035
v -0.07242952 -0.00533798 -0.02932059
v -0.07274080 -0.00501490 -0.02788550
v -0.07274080 -0.00501490 -0.02788550
v -0.07242952 -0.00533798 -0.02932059
v -0.07276511 -0.00714047 -0.02893407
v -0.07274080 -0.00501490 -0.02788550
v -0.07276511 -0.00714047 -0.02893407
v -0.07376242 -0.01040156 -0.02636405
v -0.07376242 -0.01040156 -0.02636405
v -0.07276511 -0.00714047 -0.02893407
v -0.07349937 -0.01082865 -0.02778138
v -0.07376242 -0.01040156 -0.02636405
v -0.07349937 -0.01082865 -0.02778138
v -0.07482523 -0.01542041 -0.02382292
v -0.07482523 -0.01542041 -0.02382292
v -0.07349937 -0.01082865 -0.02778138
v -0.07425088 -0.01431544 -0.02619617
v -0.07482523 -0.01542041 -0.02382292
v -0.07425088 -0.01431544 -0.02619617
v -0.07469214 -0.01625980 -0.02507216
v -0.07265376 -0.00301923 -0.02665936
v -0.07182111 0.00057408 -0.02834313
v -0.07274080 -0.00501490 -0.02788550
v -0.07274080 -0.00501490 -0.02788550
v -0.07182111 0.00057408 -0.02834313
v -0.07145467 0.00052850 -0.02982767
v -0.07274080 -0.00501490 -0.02788550
v -0.07145467 0.00052850 -0.02982767
v -0.07207797 -0.00333716 -0.02962035
v -0.07819521 -0.03033323 0.00017068
v -0.07780846 -0.02699913 0.00017071
v -0.07804670 -0.02976042 -0.00561416
v -0.07804670 -0.02976042 -0.00561416
v -0.07780846 -0.02699913 0.00017071
v -0.07777637 -0.02687243 -0.00244510
v -0.07597694 -0.01946695 -0.01853709
v -0.07600299 -0.02171331 -0.02070137
v -0.07652632 -0.02179022 -0.01577112
v -0.07652632 -0.02179022 -0.01577112
v -0.07600299 -0.02171331 -0.02070137
v -0.07691898 -0.02534626 -0.01625266
v -0.07652632 -0.02179022 -0.01577112
v -0.07691898 -0.02534626 -0.01625266
v -0.07673492 -0.02265376 -0.01451782
v -0.07777637 -0.02687243 -0.00244510
v -0.07768421 -0.02650155 -0.00498859
v -0.07804670 -0.02976042 -0.00561416
v -0.07804670 -0.02976042 -0.00561416
v -0.07768421 -0.02650155 -0.00498859
v -0.07763100 -0.02628781 -0.00598613
v -0.07804670 -0.02976042 -0.00561416
v -0.07763100 -0.02628781 -0.00598613
v -0.07761420 -0.02807052 -0.01116189
v -0.07761420 -0.02807052 -0.01116189
v -0.07763100 -0.02628781 -0.00598613
v -0.07736927 -0.02523543 -0.00942721
v -0.07761420 -0.02807052 -0.01116189
v -0.07736927 -0.02523543 -0.00942721
v -0.07691898 -0.02534626 -0.01625266
v -0.07691898 -0.02534626 -0.01625266
v -0.07736927 -0.02523543 -0.00942721
v -0.07699723 -0.02372861 -0.01270996
v -0.07691898 -0.02534626 -0.01625266
v -0.07699723 -0.02372861 -0.01270996
v -0.07673492 -0.02265376 -0.01451782
v -0.07002251 0.01182267 0.02789197
v -0.07074634 0.01065261 0.02498052
v -0.07041531 0.00817463 0.02912635
v -0.07041531 0.00817463 0.02912635
v -0.07074634 0.01065261 0.02498052
v -0.07108759 0.00770673 0.02604743
v -0.07041531 0.00817463 0.02912635
v -0.07108759 0.00770673 0.02604743
v -0.07064641 0.00627333 0.02957236
v -0.07064641 0.00627333 0.02957236
v -0.07108759 0.00770673 0.02604743
v -0.07134107 0.00571979 0.02655768
v -0.07064641 0.00627333 0.02957236
v -0.07134107 0.00571979 0.02655768
v -0.07089563 0.00438364 0.02989036
v -0.07089563 0.00438364 0.02989036
v -0.07134107 0.00571979 0.02655768
v -0.07154948 0.00418269 0.02684483
v -0.07154948 0.00418269 0.02684483
v -0.07207876 0.00059520 0.02716417
v -0.07089563 0.00438364 0.02989036
v -0.07089563 0.00438364 0.02989036
v -0.07207876 0.00059520 0.02716417
v -0.07182116 0.00057378 0.02868482
v -0.07089563 0.00438364 0.02989036
v -0.07182116 0.00057378 0.02868482
v -0.07145467 0.00052820 0.03016936
v -0.06902850 0.02510749 0.01722848
v -0.06975710 0.02234687 0.01532526
v -0.06909809 0.02395909 0.01877337
v -0.06909809 0.02395909 0.01877337
v -0.06975710 0.02234687 0.01532526
v -0.06979635 0.02170867 0.01622637
v -0.06909809 0.02395909 0.01877337
v -0.06979635 0.02170867 0.01622637
v -0.06925654 0.02137291 0.02163254
v -0.07041573 0.01386785 0.02333906
v -0.07074634 0.01065261 0.02498052
v -0.07002251 0.01182267 0.02789197
v -0.06979635 0.02170867 0.01622637
v -0.06994630 0.01950154 0.01884636
v -0.06925654 0.02137291 0.02163254
v -0.06925654 0.02137291 0.02163254
v -0.06994630 0.01950154 0.01884636
v -0.07015351 0.01682030 0.02129182
v -0.06925654 0.02137291 0.02163254
v -0.07015351 0.01682030 0.02129182
v -0.06945150 0.01847931 0.02410616
v -0.06945150 0.01847931 0.02410616
v -0.07015351 0.01682030 0.02129182
v -0.07041573 0.01386785 0.02333906
v -0.06945150 0.01847931 0.02410616
v -0.07041573 0.01386785 0.02333906
v -0.06970325 0.01528357 0.02620837
v -0.06970325 0.01528357 0.02620837
v -0.07041573 0.01386785 0.02333906
v -0.07002251 0.01182267 0.02789197
v -0.06964717 0.02418193 0.01218543
v -0.06975710 0.02234687 0.01532526
v -0.06902850 0.02510749 0.01722848
v -0.06925192 0.02852219 0.00017099
v -0.06949418 0.02700022 0.00017098
v -0.06949615 0.02695550 0.00172937
v -0.06915838 0.02898083 0.00032489
v -0.06915858 0.02898054 0.00017099
v -0.06925192 0.02852219 0.00017099
v -0.06915838 0.02898083 0.00032489
v -0.06925192 0.02852219 0.00017099
v -0.06915337 0.02897315 0.00152239
v -0.06915337 0.02897315 0.00152239
v -0.06925192 0.02852219 0.00017099
v -0.06949615 0.02695550 0.00172937
v -0.06915337 0.02897315 0.00152239
v -0.06949615 0.02695550 0.00172937
v -0.06928777 0.02803665 0.00453692
v -0.06928777 0.02803665 0.00453692
v -0.06937460 0.02678699 0.00861908
v -0.06914736 0.02783296 0.00894380
v -0.06886102 0.02821058 0.01154326
v -0.06906657 0.02878454 0.00641242
v -0.06914736 0.02783296 0.00894380
v -0.06914736 0.02783296 0.00894380
v -0.06906657 0.02878454 0.00641242
v -0.06908408 0.02882672 0.00576264
v -0.06914736 0.02783296 0.00894380
v -0.06908408 0.02882672 0.00576264
v -0.06928777 0.02803665 0.00453692
v -0.06928777 0.02803665 0.00453692
v -0.06908408 0.02882672 0.00576264
v -0.06910694 0.02887917 0.00478856
v -0.06928777 0.02803665 0.00453692
v -0.06910694 0.02887917 0.00478856
v -0.06915337 0.02897315 0.00152239
v -0.06964717 0.02418193 0.01218543
v -0.06902850 0.02510749 0.01722848
v -0.06957057 0.02557226 0.00883508
v -0.06949615 0.02695550 0.00172937
v -0.06952047 0.02650428 0.00532748
v -0.06928777 0.02803665 0.00453692
v -0.06928777 0.02803665 0.00453692
v -0.06952047 0.02650428 0.00532748
v -0.06957057 0.02557226 0.00883508
v -0.06928777 0.02803665 0.00453692
v -0.06957057 0.02557226 0.00883508
v -0.06937460 0.02678699 0.00861908
v -0.06937460 0.02678699 0.00861908
v -0.06957057 0.02557226 0.00883508
v -0.06902850 0.02510749 0.01722848
v -0.06937460 0.02678699 0.00861908
v -0.06902850 0.02510749 0.01722848
v -0.06914736 0.02783296 0.00894380
v -0.06914736 0.02783296 0.00894380
v -0.06902850 0.02510749 0.01722848
v -0.06890368 0.02707467 0.01399086
v -0.06914736 0.02783296 0.00894380
v -0.06890368 0.02707467 0.01399086
v -0.06886102 0.02821058 0.01154326
v -0.07364722 0.00002377 0.00017084
v -0.06949418 0.02700022 0.00017098
v -0.06950688 0.02675639 -0.00345938
v -0.06950688 0.02675639 -0.00345938
v -0.06954606 0.02602861 -0.00700663
v -0.07364722 0.00002377 0.00017084
v -0.07364722 0.00002377 0.00017084
v -0.06954606 0.02602861 -0.00700663
v -0.06961098 0.02482888 -0.01044196
v -0.07364722 0.00002377 0.00017084
v -0.06961098 0.02482888 -0.01044196
v -0.07341390 0.00010881 -0.01080169
v -0.07009644 0.01752345 -0.02037072
v -0.07034473 0.01462644 -0.02252647
v -0.07281376 0.00032735 -0.01997138
v -0.07034473 0.01462644 -0.02252647
v -0.07063846 0.01164511 -0.02418938
v -0.07281376 0.00032735 -0.01997138
v -0.07281376 0.00032735 -0.01997138
v -0.07063846 0.01164511 -0.02418938
v -0.07074628 0.01065297 -0.02463901
v -0.07281376 0.00032735 -0.01997138
v -0.07074628 0.01065297 -0.02463901
v -0.07114536 0.00724125 -0.02584004
v -0.07114536 0.00724125 -0.02584004
v -0.07134102 0.00572011 -0.02621615
v -0.07281376 0.00032735 -0.01997138
v -0.07281376 0.00032735 -0.01997138
v -0.07134102 0.00572011 -0.02621615
v -0.07161639 0.00370556 -0.02657387
v -0.07281376 0.00032735 -0.01997138
v -0.07161639 0.00370556 -0.02657387
v -0.07207874 0.00059548 -0.02682259
v -0.06961098 0.02482888 -0.01044196
v -0.06970508 0.02318645 -0.01366602
v -0.07341390 0.00010881 -0.01080169
v -0.07341390 0.00010881 -0.01080169
v -0.06970508 0.02318645 -0.01366602
v -0.06975707 0.02234719 -0.01498346
v -0.07341390 0.00010881 -0.01080169
v -0.06975707 0.02234719 -0.01498346
v -0.07281376 0.00032735 -0.01997138
v -0.07281376 0.00032735 -0.01997138
v -0.06975707 0.02234719 -0.01498346
v -0.06990279 0.02011525 -0.01784256
v -0.07281376 0.00032735 -0.01997138
v -0.06990279 0.02011525 -0.01784256
v -0.07009644 0.01752345 -0.02037072
v -0.07579385 -0.01868238 -0.01932099
v -0.07341390 0.00010881 -0.01080169
v -0.07516529 -0.01590071 -0.02165030
v -0.07516529 -0.01590071 -0.02165030
v -0.07341390 0.00010881 -0.01080169
v -0.07281376 0.00032735 -0.01997138
v -0.07516529 -0.01590071 -0.02165030
v -0.07281376 0.00032735 -0.01997138
v -0.07487655 -0.01457934 -0.02255460
v -0.07579385 -0.01868238 -0.01932099
v -0.07597694 -0.01946695 -0.01853709
v -0.07341390 0.00010881 -0.01080169
v -0.07341390 0.00010881 -0.01080169
v -0.07597694 -0.01946695 -0.01853709
v -0.07652632 -0.02179022 -0.01577112
v -0.07341390 0.00010881 -0.01080169
v -0.07652632 -0.02179022 -0.01577112
v -0.07673492 -0.02265376 -0.01451782
v -0.07207874 0.00059548 -0.02682259
v -0.07265376 -0.00301923 -0.02665936
v -0.07281376 0.00032735 -0.01997138
v -0.07281376 0.00032735 -0.01997138
v -0.07265376 -0.00301923 -0.02665936
v -0.07294298 -0.00470887 -0.02641453
v -0.07281376 0.00032735 -0.01997138
v -0.07294298 -0.00470887 -0.02641453
v -0.07327786 -0.00658021 -0.02601449
v -0.07327786 -0.00658021 -0.02601449
v -0.07393385 -0.01002494 -0.02489870
v -0.07281376 0.00032735 -0.01997138
v -0.07281376 0.00032735 -0.01997138
v -0.07393385 -0.01002494 -0.02489870
v -0.07450390 -0.01282661 -0.02358826
v -0.07281376 0.00032735 -0.01997138
v -0.07450390 -0.01282661 -0.02358826
v -0.07487655 -0.01457934 -0.02255460
v -0.07763100 -0.02628781 -0.00598613
v -0.07364722 0.00002377 0.00017084
v -0.07736927 -0.02523543 -0.00942721
v -0.07736927 -0.02523543 -0.00942721
v -0.07364722 0.00002377 0.00017084
v -0.07341390 0.00010881 -0.01080169
v -0.07736927 -0.02523543 -0.00942721
v -0.07341390 0.00010881 -0.01080169
v -0.07699723 -0.02372861 -0.01270996
v -0.07699723 -0.02372861 -0.01270996
v -0.07341390 0.00010881 -0.01080169
v -0.07673492 -0.02265376 -0.01451782
v -0.07763100 -0.02628781 -0.00598613
v -0.07768421 -0.02650155 -0.00498859
v -0.07364722 0.00002377 0.00017084
v -0.07364722 0.00002377 0.00017084
v -0.07768421 -0.02650155 -0.00498859
v -0.07777637 -0.02687243 -0.00244510
v -0.07364722 0.00002377 0.00017084
v -0.07777637 -0.02687243 -0.00244510
v -0.07780846 -0.02699913 0.00017071
v -0.07780846 -0.02699913 0.00017071
v -0.07819521 -0.03033323 0.00017068
v -0.07774913 -0.02676273 0.00373752
v -0.07774913 -0.02676273 0.00373752
v -0.07819521 -0.03033323 0.00017068
v -0.07804669 -0.02976050 0.00595555
v -0.07774913 -0.02676273 0.00373752
v -0.07804669 -0.02976050 0.00595555
v -0.07768422 -0.02650161 0.00533000
v -0.07768422 -0.02650161 0.00533000
v -0.07804669 -0.02976050 0.00595555
v -0.07757343 -0.02605672 0.00724276
v -0.07757343 -0.02605672 0.00724276
v -0.07804669 -0.02976050 0.00595555
v -0.07728463 -0.02489419 0.01062210
v -0.07728463 -0.02489419 0.01062210
v -0.07804669 -0.02976050 0.00595555
v -0.07761420 -0.02807064 0.01150329
v -0.07728463 -0.02489419 0.01062210
v -0.07761420 -0.02807064 0.01150329
v -0.07689177 -0.02329799 0.01381496
v -0.07689177 -0.02329799 0.01381496
v -0.07761420 -0.02807064 0.01150329
v -0.07691897 -0.02534644 0.01659409
v -0.07689177 -0.02329799 0.01381496
v -0.07691897 -0.02534644 0.01659409
v -0.07673492 -0.02265393 0.01485927
v -0.07600299 -0.02171353 0.02104283
v -0.07597694 -0.01946716 0.01887859
v -0.07691897 -0.02534644 0.01659409
v -0.07691897 -0.02534644 0.01659409
v -0.07597694 -0.01946716 0.01887859
v -0.07640547 -0.02128619 0.01678008
v -0.07691897 -0.02534644 0.01659409
v -0.07640547 -0.02128619 0.01678008
v -0.07673492 -0.02265393 0.01485927
v -0.07182116 0.00057378 0.02868482
v -0.07207876 0.00059520 0.02716417
v -0.07224888 -0.00051802 0.02716555
v -0.07182116 0.00057378 0.02868482
v -0.07224888 -0.00051802 0.02716555
v -0.07274082 -0.00501517 0.02822713
v -0.07376242 -0.01040184 0.02670561
v -0.07305288 -0.00862426 0.02887214
v -0.07274082 -0.00501517 0.02822713
v -0.07274082 -0.00501517 0.02822713
v -0.07305288 -0.00862426 0.02887214
v -0.07233695 -0.00482388 0.02975212
v -0.07274082 -0.00501517 0.02822713
v -0.07233695 -0.00482388 0.02975212
v -0.07182116 0.00057378 0.02868482
v -0.07182116 0.00057378 0.02868482
v -0.07233695 -0.00482388 0.02975212
v -0.07168548 -0.00095063 0.03014721
v -0.07182116 0.00057378 0.02868482
v -0.07168548 -0.00095063 0.03014721
v -0.07145467 0.00052820 0.03016936
v -0.07455738 -0.01567292 0.02577279
v -0.07380046 -0.01225670 0.02753653
v -0.07376242 -0.01040184 0.02670561
v -0.07376242 -0.01040184 0.02670561
v -0.07380046 -0.01225670 0.02753653
v -0.07353260 -0.01098877 0.02806141
v -0.07376242 -0.01040184 0.02670561
v -0.07353260 -0.01098877 0.02806141
v -0.07305288 -0.00862426 0.02887214
v -0.07597694 -0.01946716 0.01887859
v -0.07600299 -0.02171353 0.02104283
v -0.07578729 -0.01961535 0.02092244
v -0.07597694 -0.01946716 0.01887859
v -0.07578729 -0.01961535 0.02092244
v -0.07536367 -0.01679217 0.02131364
v -0.07536367 -0.01679217 0.02131364
v -0.07578729 -0.01961535 0.02092244
v -0.07482522 -0.01542065 0.02416444
v -0.07536367 -0.01679217 0.02131364
v -0.07482522 -0.01542065 0.02416444
v -0.07471268 -0.01381575 0.02336864
v -0.07600299 -0.02171353 0.02104283
v -0.07529919 -0.01883851 0.02360561
v -0.07578729 -0.01961535 0.02092244
v -0.07578729 -0.01961535 0.02092244
v -0.07529919 -0.01883851 0.02360561
v -0.07455738 -0.01567292 0.02577279
v -0.07578729 -0.01961535 0.02092244
v -0.07455738 -0.01567292 0.02577279
v -0.07482522 -0.01542065 0.02416444
v -0.07482522 -0.01542065 0.02416444
v -0.07455738 -0.01567292 0.02577279
v -0.07376242 -0.01040184 0.02670561
v -0.07482522 -0.01542065 0.02416444
v -0.07376242 -0.01040184 0.02670561
v -0.07471268 -0.01381575 0.02336864
v -0.07471268 -0.01381575 0.02336864
v -0.07376242 -0.01040184 0.02670561
v -0.07404569 -0.01058752 0.02500808
v -0.07224888 -0.00051802 0.02716555
v -0.07284380 -0.00413789 0.02685107
v -0.07274082 -0.00501517 0.02822713
v -0.07274082 -0.00501517 0.02822713
v -0.07284380 -0.00413789 0.02685107
v -0.07294299 -0.00470912 0.02675608
v -0.07274082 -0.00501517 0.02822713
v -0.07294299 -0.00470912 0.02675608
v -0.07376242 -0.01040184 0.02670561
v -0.07376242 -0.01040184 0.02670561
v -0.07294299 -0.00470912 0.02675608
v -0.07348203 -0.00768159 0.02605467
v -0.07376242 -0.01040184 0.02670561
v -0.07348203 -0.00768159 0.02605467
v -0.07404569 -0.01058752 0.02500808
v -0.06994630 0.01950154 0.01884636
v -0.06979635 0.02170867 0.01622637
v -0.07298333 0.00026541 0.01826871
v -0.07328167 0.00015684 0.01379215
v -0.07328090 0.00015710 0.01380589
v -0.06964717 0.02418193 0.01218543
v -0.07328167 0.00015684 0.01379215
v -0.06964717 0.02418193 0.01218543
v -0.07349274 0.00008000 0.00915417
v -0.06964717 0.02418193 0.01218543
v -0.06957057 0.02557226 0.00883508
v -0.07349274 0.00008000 0.00915417
v -0.07349274 0.00008000 0.00915417
v -0.06957057 0.02557226 0.00883508
v -0.06952047 0.02650428 0.00532748
v -0.07349274 0.00008000 0.00915417
v -0.06952047 0.02650428 0.00532748
v -0.07364722 0.00002377 0.00017084
v -0.07364722 0.00002377 0.00017084
v -0.06952047 0.02650428 0.00532748
v -0.06949615 0.02695550 0.00172937
v -0.07364722 0.00002377 0.00017084
v -0.06949615 0.02695550 0.00172937
v -0.06949418 0.02700022 0.00017098
v -0.07298333 0.00026541 0.01826871
v -0.06979635 0.02170867 0.01622637
v -0.07328090 0.00015710 0.01380589
v -0.07328090 0.00015710 0.01380589
v -0.06979635 0.02170867 0.01622637
v -0.06975710 0.02234687 0.01532526
v -0.07328090 0.00015710 0.01380589
v -0.06975710 0.02234687 0.01532526
v -0.06964717 0.02418193 0.01218543
v -0.07298333 0.00026541 0.01826871
v -0.07207876 0.00059520 0.02716417
v -0.07154948 0.00418269 0.02684483
v -0.07154948 0.00418269 0.02684483
v -0.07134107 0.00571979 0.02655768
v -0.07298333 0.00026541 0.01826871
v -0.07298333 0.00026541 0.01826871
v -0.07134107 0.00571979 0.02655768
v -0.07108759 0.00770673 0.02604743
v -0.07298333 0.00026541 0.01826871
v -0.07108759 0.00770673 0.02604743
v -0.07074634 0.01065261 0.02498052
v -0.07074634 0.01065261 0.02498052
v -0.07041573 0.01386785 0.02333906
v -0.07298333 0.00026541 0.01826871
v -0.07298333 0.00026541 0.01826871
v -0.07041573 0.01386785 0.02333906
v -0.07015351 0.01682030 0.02129182
v -0.07298333 0.00026541 0.01826871
v -0.07015351 0.01682030 0.02129182
v -0.06994630 0.01950154 0.01884636
v -0.07364722 0.00002377 0.00017084
v -0.07780846 -0.02699913 0.00017071
v -0.07774913 -0.02676273 0.00373752
v -0.07348203 -0.00768159 0.02605467
v -0.07294299 -0.00470912 0.02675608
v -0.07298333 0.00026541 0.01826871
v -0.07536367 -0.01679217 0.02131364
v -0.07471268 -0.01381575 0.02336864
v -0.07298333 0.00026541 0.01826871
v -0.07298333 0.00026541 0.01826871
v -0.07471268 -0.01381575 0.02336864
v -0.07404569 -0.01058752 0.02500808
v -0.07298333 0.00026541 0.01826871
v -0.07404569 -0.01058752 0.02500808
v -0.07348203 -0.00768159 0.02605467
v -0.07294299 -0.00470912 0.02675608
v -0.07284380 -0.00413789 0.02685107
v -0.07298333 0.00026541 0.01826871
v -0.07298333 0.00026541 0.01826871
v -0.07284380 -0.00413789 0.02685107
v -0.07224888 -0.00051802 0.02716555
v -0.07298333 0.00026541 0.01826871
v -0.07224888 -0.00051802 0.02716555
v -0.07207876 0.00059520 0.02716417
v -0.07328090 0.00015710 0.01380589
v -0.07640547 -0.02128619 0.01678008
v -0.07298333 0.00026541 0.01826871
v -0.07298333 0.00026541 0.01826871
v -0.07640547 -0.02128619 0.01678008
v -0.07597694 -0.01946716 0.01887859
v -0.07298333 0.00026541 0.01826871
v -0.07597694 -0.01946716 0.01887859
v -0.07536367 -0.01679217 0.02131364
v -0.07774913 -0.02676273 0.00373752
v -0.07768422 -0.02650161 0.00533000
v -0.07364722 0.00002377 0.00017084
v -0.07364722 0.00002377 0.00017084
v -0.07768422 -0.02650161 0.00533000
v -0.07757343 -0.02605672 0.00724276
v -0.07364722 0.00002377 0.00017084
v -0.07757343 -0.02605672 0.00724276
v -0.07349274 0.00008000 0.00915417
v -0.07349274 0.00008000 0.00915417
v -0.07757343 -0.02605672 0.00724276
v -0.07728463 -0.02489419 0.01062210
v -0.07349274 0.00008000 0.00915417
v -0.07728463 -0.02489419 0.01062210
v -0.07328167 0.00015684 0.01379215
v -0.07328167 0.00015684 0.01379215
v -0.07728463 -0.02489419 0.01062210
v -0.07689177 -0.02329799 0.01381496
v -0.07328167 0.00015684 0.01379215
v -0.07689177 -0.02329799 0.01381496
v -0.07328090 0.00015710 0.01380589
v -0.07328090 0.00015710 0.01380589
v -0.07689177 -0.02329799 0.01381496
v -0.07673492 -0.02265393 0.01485927
v -0.07328090 0.00015710 0.01380589
v -0.07673492 -0.02265393 0.01485927
v -0.07640547 -0.02128619 0.01678008
v -0.03350125 -0.02192271 0.01350768
v -0.03350125 -0.02477470 0.00701972
v -0.03350125 0.01741003 0.01897244
v -0.03350125 0.01741003 0.01897244
v -0.03350125 -0.02477470 0.00701972
v -0.03350125 -0.02575000 0.00000000
v -0.03350125 -0.02575000 0.00000000
v -0.03350125 -0.02477470 -0.00701972
v -0.03350125 0.01741003 0.01897244
v -0.03350125 0.01741003 0.01897244
v -0.03350125 -0.02477470 -0.00701972
v -0.03350125 -0.02192270 -0.01350769
v -0.03350125 0.01741003 0.01897244
v -0.03350125 -0.02192270 -0.01350769
v -0.03350125 -0.01741002 -0.01897243
v -0.03350125 -0.01741002 -0.01897243
v -0.03350125 -0.01157852 -0.02300000
v -0.03350125 0.01741003 0.01897244
v -0.03350125 0.01741003 0.01897244
v -0.03350125 -0.01157852 -0.02300000
v -0.03350125 0.01157853 -0.02300000
v -0.03350125 0.01741003 0.01897244
v -0.03350125 0.01157853 -0.02300000
v -0.03350125 0.01741005 -0.01897243
v -0.03350125 0.01157853 0.02300000
v -0.03350125 -0.01157852 0.02300001
v -0.03350125 0.01741003 0.01897244
v -0.03350125 0.01741003 0.01897244
v -0.03350125 -0.01157852 0.02300001
v -0.03350125 -0.01741004 0.01897244
v -0.03350125 0.01741003 0.01897244
v -0.03350125 -0.01741004 0.01897244
v -0.03350125 -0.02192271 0.01350768
v -0.03350125 0.01741005 -0.01897243
v -0.03350125 0.02192271 -0.01350769
v -0.03350125 0.01741003 0.01897244
v -0.03350125 0.01741003 0.01897244
v -0.03350125 0.02192271 -0.01350769
v -0.03350125 0.02477470 -0.00701971
v -0.03350125 0.01741003 0.01897244
v -0.03350125 0.02477470 -0.00701971
v -0.03350125 0.02192271 0.01350768
v -0.03350125 0.02192271 0.01350768
v -0.03350125 0.02477470 -0.00701971
v -0.03350125 0.02575001 -0.00000000
v -0.03350125 0.02192271 0.01350768
v -0.03350125 0.02575001 -0.00000000
v -0.03350125 0.02477470 0.00701971
v -0.03550125 0.01157853 0.02299999
v -0.03350125 0.01157853 0.02300000
v -0.03350125 0.01741003 0.01897244
v -0.03550125 0.01157853 0.02299999
v -0.03350125 0.01741003 0.01897244
v -0.03550125 0.01741003 0.01897243
v -0.03550125 0.01741003 0.01897243
v -0.03350125 0.01741003 0.01897244
v -0.03350125 0.02192271 0.01350768
v -0.03550125 0.01741003 0.01897243
v -0.03350125 0.02192271 0.01350768
v -0.03550125 0.02192271 0.01350769
v -0.03550125 0.02192271 0.01350769
v -0.03350125 0.02192271 0.01350768
v -0.03350125 0.02477470 0.00701971
v -0.03550125 0.02192271 0.01350769
v -0.03350125 0.02477470 0.00701971
v -0.03550125 0.02477471 0.00701972
v -0.03550125 0.02477471 0.00701972
v -0.03350125 0.02477470 0.00701971
v -0.03350125 0.02575001 -0.00000000
v -0.03550125 0.02477471 0.00701972
v -0.03350125 0.02575001 -0.00000000
v -0.03550125 0.02574999 0.00000001
v -0.03550125 0.02574999 0.00000001
v -0.03350125 0.02575001 -0.00000000
v -0.03350125 0.02477470 -0.00701971
v -0.03550125 0.02574999 0.00000001
v -0.03350125 0.02477470 -0.00701971
v -0.03550125 0.02477471 -0.00701972
v -0.03550125 0.02477471 -0.00701972
v -0.03350125 0.02477470 -0.00701971
v -0.03350125 0.02192271 -0.01350769
v -0.03550125 0.02477471 -0.00701972
v -0.03350125 0.02192271 -0.01350769
v -0.03550125 0.02192269 -0.01350769
v -0.03550125 0.02192269 -0.01350769
v -0.03350125 0.02192271 -0.01350769
v -0.03350125 0.01741005 -0.01897243
v -0.03550125 0.02192269 -0.01350769
v -0.03350125 0.01741005 -0.01897243
v -0.03550125 0.01741002 -0.01897244
v -0.03550125 0.01741002 -0.01897244
v -0.03350125 0.01741005 -0.01897243
v -0.03350125 0.01157853 -0.02300000
v -0.03550125 0.01741002 -0.01897244
v -0.03350125 0.01157853 -0.02300000
v -0.03550125 0.01157853 -0.02299999
v -0.07083441 -0.12122943 0.03111678
v -0.07099911 -0.12122941 0.03085406
v -0.04934727 -0.12122937 0.01753303
v -0.04356018 -0.12122919 -0.04177934
v -0.04009593 -0.12122919 -0.04203912
v -0.03550125 -0.12122922 -0.03733868
v -0.03550125 -0.12122922 -0.03733868
v -0.04009593 -0.12122919 -0.04203912
v -0.03626644 -0.12122921 -0.04246464
v -0.03550125 -0.12122922 -0.03733868
v -0.03626644 -0.12122921 -0.04246464
v -0.03550125 -0.12122919 -0.04256579
v -0.07549267 -0.12122937 0.01494050
v -0.07557666 -0.12122937 0.01410448
v -0.05292291 -0.12122936 0.01097570
v -0.03550125 -0.12122922 -0.03733868
v -0.02500125 -0.12122924 -0.02578785
v -0.03099654 -0.12122925 -0.02508019
v -0.05292291 -0.12122936 0.01097570
v -0.07557666 -0.12122937 0.01410448
v -0.05476791 -0.12122934 0.00373831
v -0.07544753 -0.12122928 -0.01501778
v -0.05079316 -0.12122920 -0.04102400
v -0.04981264 -0.12122921 -0.04116024
v -0.02500125 -0.12122924 -0.02578785
v -0.03550125 -0.12122922 -0.03733868
v -0.01900596 -0.12122925 -0.02508020
v -0.01900596 -0.12122925 -0.02508020
v -0.03550125 -0.12122922 -0.03733868
v -0.00573989 -0.12122925 -0.02299611
v -0.01900596 -0.12122925 -0.02508020
v -0.00573989 -0.12122925 -0.02299611
v -0.01334018 -0.12122926 -0.02299612
v -0.04981264 -0.12122921 -0.04116024
v -0.04356018 -0.12122919 -0.04177934
v -0.07544753 -0.12122928 -0.01501778
v -0.07544753 -0.12122928 -0.01501778
v -0.04356018 -0.12122919 -0.04177934
v -0.03550125 -0.12122922 -0.03733868
v -0.07544753 -0.12122928 -0.01501778
v -0.03550125 -0.12122922 -0.03733868
v -0.04426261 -0.12122926 -0.02299613
v -0.04426261 -0.12122926 -0.02299613
v -0.03550125 -0.12122922 -0.03733868
v -0.03099654 -0.12122925 -0.02508019
v -0.04426261 -0.12122926 -0.02299613
v -0.03099654 -0.12122925 -0.02508019
v -0.03666231 -0.12122925 -0.02299612
v -0.04934727 -0.12122937 0.01753303
v -0.07426298 -0.12122939 0.02248595
v -0.05292291 -0.12122936 0.01097570
v -0.05292291 -0.12122936 0.01097570
v -0.07426298 -0.12122939 0.02248595
v -0.07482427 -0.12122939 0.01975704
v -0.05292291 -0.12122936 0.01097570
v -0.07482427 -0.12122939 0.01975704
v -0.07549267 -0.12122937 0.01494050
v -0.03550125 -0.12122944 0.03983157
v -0.03550125 -0.12122945 0.04290678
v -0.03626645 -0.12122945 0.04280563
v -0.04426261 -0.12122940 0.02300388
v -0.03649651 -0.12122940 0.02300389
v -0.03550125 -0.12122944 0.03983157
v -0.03550125 -0.12122944 0.03983157
v -0.03649651 -0.12122940 0.02300389
v -0.03090625 -0.12122940 0.02502594
v -0.03550125 -0.12122944 0.03983157
v -0.03090625 -0.12122940 0.02502594
v -0.03030776 -0.12122944 0.04088690
v -0.03030776 -0.12122944 0.04088690
v -0.03090625 -0.12122940 0.02502594
v -0.02500125 -0.12122940 0.02571215
v -0.07099911 -0.12122941 0.03085406
v -0.07225756 -0.12122940 0.02849231
v -0.04934727 -0.12122937 0.01753303
v -0.04934727 -0.12122937 0.01753303
v -0.07225756 -0.12122940 0.02849231
v -0.07338484 -0.12122940 0.02561051
v -0.04934727 -0.12122937 0.01753303
v -0.07338484 -0.12122940 0.02561051
v -0.07426298 -0.12122939 0.02248595
v -0.04426261 -0.12122940 0.02300388
v -0.03550125 -0.12122944 0.03983157
v -0.04934727 -0.12122937 0.01753303
v -0.04934727 -0.12122937 0.01753303
v -0.03550125 -0.12122944 0.03983157
v -0.03626645 -0.12122945 0.04280563
v -0.04934727 -0.12122937 0.01753303
v -0.03626645 -0.12122945 0.04280563
v -0.03972416 -0.12122944 0.04241443
v -0.07544753 -0.12122928 -0.01501778
v -0.06258052 -0.12122921 -0.03783669
v -0.06201921 -0.12122922 -0.03809061
v -0.04426261 -0.12122926 -0.02299613
v -0.04934727 -0.12122927 -0.01752527
v -0.07544753 -0.12122928 -0.01501778
v -0.07544753 -0.12122928 -0.01501778
v -0.04934727 -0.12122927 -0.01752527
v -0.05292291 -0.12122930 -0.01096794
v -0.07544753 -0.12122928 -0.01501778
v -0.05292291 -0.12122930 -0.01096794
v -0.07597400 -0.12122931 -0.00787769
v -0.07597400 -0.12122931 -0.00787769
v -0.05292291 -0.12122930 -0.01096794
v -0.05476791 -0.12122931 -0.00373055
v -0.07597400 -0.12122931 -0.00787769
v -0.05476791 -0.12122931 -0.00373055
v -0.07613184 -0.12122932 0.00017044
v -0.07613184 -0.12122932 0.00017044
v -0.05476791 -0.12122931 -0.00373055
v -0.05476791 -0.12122934 0.00373831
v -0.07613184 -0.12122932 0.00017044
v -0.05476791 -0.12122934 0.00373831
v -0.07600649 -0.12122934 0.00741699
v -0.07600649 -0.12122934 0.00741699
v -0.05476791 -0.12122934 0.00373831
v -0.07557666 -0.12122937 0.01410448
v -0.03550125 -0.12122922 -0.03733868
v -0.03030811 -0.12122921 -0.03839397
v -0.00573989 -0.12122925 -0.02299611
v -0.00573989 -0.12122925 -0.02299611
v -0.03030811 -0.12122921 -0.03839397
v -0.02495703 -0.12122922 -0.03875356
v -0.00573989 -0.12122925 -0.02299611
v -0.02495703 -0.12122922 -0.03875356
v -0.01605619 -0.12122922 -0.03775075
v -0.06201921 -0.12122922 -0.03809061
v -0.05846571 -0.12122920 -0.03938698
v -0.07544753 -0.12122928 -0.01501778
v -0.07544753 -0.12122928 -0.01501778
v -0.05846571 -0.12122920 -0.03938698
v -0.05477016 -0.12122921 -0.04032317
v -0.07544753 -0.12122928 -0.01501778
v -0.05477016 -0.12122921 -0.04032317
v -0.05079316 -0.12122920 -0.04102400
v -0.03972416 -0.12122944 0.04241443
v -0.04356016 -0.12122945 0.04212035
v -0.04934727 -0.12122937 0.01753303
v -0.04934727 -0.12122937 0.01753303
v -0.04356016 -0.12122945 0.04212035
v -0.04702779 -0.12122945 0.04182509
v -0.04934727 -0.12122937 0.01753303
v -0.04702779 -0.12122945 0.04182509
v -0.04838282 -0.12122945 0.04167848
v -0.07544753 -0.12122928 -0.01501778
v -0.07468268 -0.12122927 -0.02018200
v -0.06258052 -0.12122921 -0.03783669
v -0.06258052 -0.12122921 -0.03783669
v -0.07468268 -0.12122927 -0.02018200
v -0.07424065 -0.12122926 -0.02223868
v -0.06258052 -0.12122921 -0.03783669
v -0.07424065 -0.12122926 -0.02223868
v -0.07312436 -0.12122925 -0.02602348
v 0.00476541 -0.12122934 0.00373831
v 0.01404052 -0.12122936 0.01014693
v 0.00292041 -0.12122935 0.01097571
v 0.00292041 -0.12122935 0.01097571
v 0.01404052 -0.12122936 0.01014693
v 0.01108224 -0.12122938 0.01860147
v 0.00292041 -0.12122935 0.01097571
v 0.01108224 -0.12122938 0.01860147
v -0.00065523 -0.12122938 0.01753303
v -0.00065523 -0.12122938 0.01753303
v 0.01108224 -0.12122938 0.01860147
v 0.00631681 -0.12122940 0.02618575
v -0.00065523 -0.12122938 0.01753303
v 0.00631681 -0.12122940 0.02618575
v -0.00573989 -0.12122939 0.02300387
v -0.00573989 -0.12122939 0.02300387
v 0.00631681 -0.12122940 0.02618575
v -0.00001680 -0.12122942 0.03251947
v -0.00573989 -0.12122939 0.02300387
v -0.00001680 -0.12122942 0.03251947
v -0.01350599 -0.12122939 0.02300388
v -0.01350599 -0.12122939 0.02300388
v -0.00001680 -0.12122942 0.03251947
v -0.00760100 -0.12122943 0.03728503
v -0.01350599 -0.12122939 0.02300388
v -0.00760100 -0.12122943 0.03728503
v -0.01909626 -0.12122939 0.02502594
v -0.01909626 -0.12122939 0.02502594
v -0.00760100 -0.12122943 0.03728503
v -0.01605548 -0.12122944 0.04024347
v -0.01909626 -0.12122939 0.02502594
v -0.01605548 -0.12122944 0.04024347
v -0.02500125 -0.12122940 0.02571215
v -0.02500125 -0.12122940 0.02571215
v -0.01605548 -0.12122944 0.04024347
v -0.02495631 -0.12122945 0.04124644
v -0.02500125 -0.12122940 0.02571215
v -0.02495631 -0.12122945 0.04124644
v -0.03030776 -0.12122944 0.04088690
v -0.04838282 -0.12122945 0.04167848
v -0.05384842 -0.12122945 0.04085065
v -0.04934727 -0.12122937 0.01753303
v -0.04934727 -0.12122937 0.01753303
v -0.05384842 -0.12122945 0.04085065
v -0.05849382 -0.12122944 0.03971949
v -0.04934727 -0.12122937 0.01753303
v -0.05849382 -0.12122944 0.03971949
v -0.05987601 -0.12122944 0.03927028
v -0.06698757 -0.12122922 -0.03511440
v -0.07122842 -0.12122924 -0.03013155
v -0.06763218 -0.12122922 -0.03456406
v -0.06763218 -0.12122922 -0.03456406
v -0.07122842 -0.12122924 -0.03013155
v -0.06958951 -0.12122923 -0.03250701
v -0.07312436 -0.12122925 -0.02602348
v -0.07170181 -0.12122924 -0.02928017
v -0.06258052 -0.12122921 -0.03783669
v -0.06258052 -0.12122921 -0.03783669
v -0.07170181 -0.12122924 -0.02928017
v -0.07122842 -0.12122924 -0.03013155
v -0.06258052 -0.12122921 -0.03783669
v -0.07122842 -0.12122924 -0.03013155
v -0.06464296 -0.12122922 -0.03674838
v -0.06464296 -0.12122922 -0.03674838
v -0.07122842 -0.12122924 -0.03013155
v -0.06698757 -0.12122922 -0.03511440
v -0.01605619 -0.12122922 -0.03775075
v -0.00760165 -0.12122922 -0.03479246
v -0.00573989 -0.12122925 -0.02299611
v -0.00573989 -0.12122925 -0.02299611
v -0.00760165 -0.12122922 -0.03479246
v -0.00001737 -0.12122924 -0.03002704
v -0.00573989 -0.12122925 -0.02299611
v -0.00001737 -0.12122924 -0.03002704
v -0.00065523 -0.12122928 -0.01752527
v -0.00065523 -0.12122928 -0.01752527
v -0.00001737 -0.12122924 -0.03002704
v 0.00631636 -0.12122925 -0.02369343
v -0.00065523 -0.12122928 -0.01752527
v 0.00631636 -0.12122925 -0.02369343
v 0.00292041 -0.12122929 -0.01096794
v 0.00292041 -0.12122929 -0.01096794
v 0.00631636 -0.12122925 -0.02369343
v 0.01108192 -0.12122928 -0.01610923
v 0.00292041 -0.12122929 -0.01096794
v 0.01108192 -0.12122928 -0.01610923
v 0.00476541 -0.12122931 -0.00373055
v 0.00476541 -0.12122931 -0.00373055
v 0.01108192 -0.12122928 -0.01610923
v 0.01404036 -0.12122929 -0.00765475
v 0.00476541 -0.12122931 -0.00373055
v 0.01404036 -0.12122929 -0.00765475
v 0.00476541 -0.12122934 0.00373831
v 0.00476541 -0.12122934 0.00373831
v 0.01404036 -0.12122929 -0.00765475
v 0.01504333 -0.12122932 0.00124608
v 0.00476541 -0.12122934 0.00373831
v 0.01504333 -0.12122932 0.00124608
v 0.01404052 -0.12122936 0.01014693
v -0.06650656 -0.12122943 0.03583403
v -0.06859937 -0.12122943 0.03397093
v -0.04934727 -0.12122937 0.01753303
v -0.04934727 -0.12122937 0.01753303
v -0.06859937 -0.12122943 0.03397093
v -0.07039349 -0.12122943 0.03177813
v -0.04934727 -0.12122937 0.01753303
v -0.07039349 -0.12122943 0.03177813
v -0.07083441 -0.12122943 0.03111678
v -0.05987601 -0.12122944 0.03927028
v -0.06309558 -0.12122944 0.03793011
v -0.04934727 -0.12122937 0.01753303
v -0.04934727 -0.12122937 0.01753303
v -0.06309558 -0.12122944 0.03793011
v -0.06586641 -0.12122943 0.03630042
v -0.04934727 -0.12122937 0.01753303
v -0.06586641 -0.12122943 0.03630042
v -0.06650656 -0.12122943 0.03583403
v -0.03550125 -0.07840352 0.04124676
v -0.03550125 -0.07310352 0.04124679
v -0.03550125 -0.06225670 0.04688847
v -0.03550125 -0.07840350 0.03983214
v -0.03550125 -0.10434173 0.04404385
v -0.03550125 -0.12122944 0.03983157
v -0.03550125 -0.12122944 0.03983157
v -0.03550125 -0.10434173 0.04404385
v -0.03550125 -0.11168467 0.04346106
v -0.03550125 -0.12122944 0.03983157
v -0.03550125 -0.11168467 0.04346106
v -0.03550125 -0.12122945 0.04290678
v -0.03550125 -0.01803100 0.04707277
v -0.03550125 -0.02009133 0.04720793
v -0.03550125 -0.01157854 0.02300000
v -0.03550125 -0.05899521 -0.04667478
v -0.03550125 -0.07310311 -0.03875321
v -0.03550125 -0.07671805 -0.04579750
v -0.03550125 -0.07671805 -0.04579750
v -0.03550125 -0.07310311 -0.03875321
v -0.03550125 -0.07840309 -0.03875323
v -0.03550125 -0.06225670 0.04688847
v -0.03550125 -0.07813827 0.04605061
v -0.03550125 -0.07840352 0.04124676
v -0.03550125 -0.07840352 0.04124676
v -0.03550125 -0.07813827 0.04605061
v -0.03550125 -0.08370398 0.04568123
v -0.03550125 -0.07840352 0.04124676
v -0.03550125 -0.08370398 0.04568123
v -0.03550125 -0.07840350 0.03983214
v -0.03550125 -0.07840350 0.03983214
v -0.03550125 -0.08370398 0.04568123
v -0.03550125 -0.08742777 0.04541500
v -0.03550125 -0.07840350 0.03983214
v -0.03550125 -0.08742777 0.04541500
v -0.03550125 -0.10434173 0.04404385
v -0.03550125 -0.07310349 0.03623441
v -0.03550125 -0.07300273 0.03620121
v -0.03550125 -0.07310352 0.04124679
v -0.03550125 -0.07310352 0.04124679
v -0.03550125 -0.07300273 0.03620121
v -0.03550125 -0.07290350 0.03619082
v -0.03550125 -0.07310352 0.04124679
v -0.03550125 -0.07290350 0.03619082
v -0.03550125 -0.06225670 0.04688847
v -0.03550125 -0.06225670 0.04688847
v -0.03550125 -0.07290350 0.03619082
v -0.03550125 -0.06680349 0.03619091
v -0.03550125 -0.06225670 0.04688847
v -0.03550125 -0.06680349 0.03619091
v -0.03550125 -0.05180601 0.04723963
v -0.03550125 -0.05899521 -0.04667478
v -0.03550125 -0.06680312 -0.03369746
v -0.03550125 -0.07310311 -0.03875321
v -0.03550125 -0.07310311 -0.03875321
v -0.03550125 -0.06680312 -0.03369746
v -0.03550125 -0.07290312 -0.03369743
v -0.03550125 -0.07310311 -0.03875321
v -0.03550125 -0.07290312 -0.03369743
v -0.03550125 -0.07310313 -0.03374104
v -0.03550125 -0.02346172 0.04724638
v -0.03550125 -0.03107051 0.04737598
v -0.03550125 -0.01741003 0.01897243
v -0.03550125 -0.12122919 -0.04256579
v -0.03550125 -0.11680827 -0.04277772
v -0.03550125 -0.12122922 -0.03733868
v -0.03550125 -0.12122922 -0.03733868
v -0.03550125 -0.11680827 -0.04277772
v -0.03550125 -0.11411725 -0.04294654
v -0.03550125 -0.12122922 -0.03733868
v -0.03550125 -0.11411725 -0.04294654
v -0.03550125 -0.07840311 -0.03733882
v -0.03550125 -0.07840311 -0.03733882
v -0.03550125 -0.11411725 -0.04294654
v -0.03550125 -0.10434128 -0.04370268
v -0.03550125 -0.07840311 -0.03733882
v -0.03550125 -0.10434128 -0.04370268
v -0.03550125 -0.07840309 -0.03875323
v -0.03550125 -0.07840309 -0.03875323
v -0.03550125 -0.10434128 -0.04370268
v -0.03550125 -0.08422678 -0.04530333
v -0.03550125 -0.07840309 -0.03875323
v -0.03550125 -0.08422678 -0.04530333
v -0.03550125 -0.07671805 -0.04579750
v -0.03550125 -0.01157854 0.02300000
v -0.03550125 -0.02009133 0.04720793
v -0.03550125 -0.01741003 0.01897243
v -0.03550125 -0.01741003 0.01897243
v -0.03550125 -0.02009133 0.04720793
v -0.03550125 -0.02224737 0.04720985
v -0.03550125 -0.01741003 0.01897243
v -0.03550125 -0.02224737 0.04720985
v -0.03550125 -0.02346172 0.04724638
v -0.03550125 -0.01157854 0.02300000
v -0.03550125 0.00479081 0.04407736
v -0.03550125 0.00135658 0.04480628
v -0.03550125 -0.02192269 -0.01350769
v -0.03550125 -0.02477469 -0.00701972
v -0.03550125 -0.06280312 -0.03369748
v -0.03550125 -0.06280312 -0.03369748
v -0.03550125 -0.02477469 -0.00701972
v -0.03550125 -0.02575000 -0.00000000
v -0.03550125 -0.06280312 -0.03369748
v -0.03550125 -0.02575000 -0.00000000
v -0.03550125 -0.06280349 0.03619096
v -0.03550125 -0.06280349 0.03619096
v -0.03550125 -0.02575000 -0.00000000
v -0.03550125 -0.02477469 0.00701972
v -0.03550125 -0.06280349 0.03619096
v -0.03550125 -0.02477469 0.00701972
v -0.03550125 -0.02192270 0.01350769
v -0.03550125 -0.03107051 0.04737598
v -0.03550125 -0.03442870 0.04740754
v -0.03550125 -0.01741003 0.01897243
v -0.03550125 -0.01741003 0.01897243
v -0.03550125 -0.03442870 0.04740754
v -0.03550125 -0.04680781 0.04734433
v -0.03550125 -0.01741003 0.01897243
v -0.03550125 -0.04680781 0.04734433
v -0.03550125 -0.02192270 0.01350769
v -0.03550125 -0.02192270 0.01350769
v -0.03550125 -0.04680781 0.04734433
v -0.03550125 -0.05180601 0.04723963
v -0.03550125 -0.02192270 0.01350769
v -0.03550125 -0.05180601 0.04723963
v -0.03550125 -0.06280349 0.03619096
v -0.03550125 -0.06280349 0.03619096
v -0.03550125 -0.05180601 0.04723963
v -0.03550125 -0.06680349 0.03619091
v -0.03550125 0.00479081 0.04407736
v -0.03550125 -0.01157854 0.02300000
v -0.03550125 0.00837852 0.04317871
v -0.03550125 0.00837852 0.04317871
v -0.03550125 -0.01157854 0.02300000
v -0.03550125 0.01157853 0.02299999
v -0.03550125 0.00837852 0.04317871
v -0.03550125 0.01157853 0.02299999
v -0.03550125 0.01383606 0.04150167
v -0.03550125 0.01741003 0.01897243
v -0.03550125 0.03170317 0.03157977
v -0.03550125 0.02842836 0.03419518
v -0.03550125 0.03170317 0.03157977
v -0.03550125 0.01741003 0.01897243
v -0.03550125 0.03253419 0.03082125
v -0.03550125 0.00135658 0.04480628
v -0.03550125 -0.00552444 0.04594110
v -0.03550125 -0.01157854 0.02300000
v -0.03550125 -0.01157854 0.02300000
v -0.03550125 -0.00552444 0.04594110
v -0.03550125 -0.01164454 0.04664014
v -0.03550125 -0.01157854 0.02300000
v -0.03550125 -0.01164454 0.04664014
v -0.03550125 -0.01803100 0.04707277
v -0.03550125 0.02842836 0.03419518
v -0.03550125 0.02774302 0.03467872
v -0.03550125 0.01741003 0.01897243
v -0.03550125 0.01741003 0.01897243
v -0.03550125 0.02774302 0.03467872
v -0.03550125 0.02396500 0.03702991
v -0.03550125 0.01741003 0.01897243
v -0.03550125 0.02396500 0.03702991
v -0.03550125 0.01157853 0.02299999
v -0.03550125 0.01157853 0.02299999
v -0.03550125 0.02396500 0.03702991
v -0.03550125 0.01927907 0.03936949
v -0.03550125 0.01157853 0.02299999
v -0.03550125 0.01927907 0.03936949
v -0.03550125 0.01383606 0.04150167
v -0.03550125 0.03662835 -0.02593879
v -0.03550125 0.03879613 -0.02271651
v -0.03550125 0.02192269 -0.01350769
v -0.03550125 0.03253419 0.03082125
v -0.03550125 0.01741003 0.01897243
v -0.03550125 0.03528999 0.02793990
v -0.03550125 0.03528999 0.02793990
v -0.03550125 0.01741003 0.01897243
v -0.03550125 0.02192271 0.01350769
v -0.03550125 0.03528999 0.02793990
v -0.03550125 0.02192271 0.01350769
v -0.03550125 0.03613871 0.02691182
v -0.03550125 0.02477471 0.00701972
v -0.03550125 0.04242336 0.01458973
v -0.03550125 0.02192271 0.01350769
v -0.03550125 0.02192271 0.01350769
v -0.03550125 0.04242336 0.01458973
v -0.03550125 0.04110617 0.01840616
v -0.03550125 0.04110617 0.01840616
v -0.03550125 0.04026903 0.02030281
v -0.03550125 0.02192271 0.01350769
v -0.03550125 0.02192271 0.01350769
v -0.03550125 0.04026903 0.02030281
v -0.03550125 0.03839411 0.02371912
v -0.03550125 0.02192271 0.01350769
v -0.03550125 0.03839411 0.02371912
v -0.03550125 0.03613871 0.02691182
v -0.03550125 0.04435628 0.00017133
v -0.03550125 0.04423564 0.00390083
v -0.03550125 0.02574999 0.00000001
v -0.03550125 0.02574999 0.00000001
v -0.03550125 0.04423564 0.00390083
v -0.03550125 0.04370027 0.00876898
v -0.03550125 0.02574999 0.00000001
v -0.03550125 0.04370027 0.00876898
v -0.03550125 0.02477471 0.00701972
v -0.03550125 0.02477471 0.00701972
v -0.03550125 0.04370027 0.00876898
v -0.03550125 0.04268062 0.01366006
v -0.03550125 0.02477471 0.00701972
v -0.03550125 0.04268062 0.01366006
v -0.03550125 0.04242336 0.01458973
v -0.03550125 -0.01239100 -0.04636493
v -0.03550125 -0.00552398 -0.04559893
v -0.03550125 -0.01157854 -0.02299999
v -0.03550125 -0.01157854 -0.02299999
v -0.03550125 -0.00552398 -0.04559893
v -0.03550125 0.00134913 -0.04446558
v -0.03550125 -0.01157854 -0.02299999
v -0.03550125 0.00134913 -0.04446558
v -0.03550125 0.01157853 -0.02299999
v -0.03550125 0.01157853 -0.02299999
v -0.03550125 0.00134913 -0.04446558
v -0.03550125 0.00837895 -0.04283639
v -0.03550125 0.01157853 -0.02299999
v -0.03550125 0.00837895 -0.04283639
v -0.03550125 0.01289780 -0.04147679
v -0.03550125 -0.04979456 -0.04694519
v -0.03550125 -0.01741005 -0.01897243
v -0.03550125 -0.05180516 -0.04689795
v -0.03550125 -0.05180516 -0.04689795
v -0.03550125 -0.01741005 -0.01897243
v -0.03550125 -0.02192269 -0.01350769
v -0.03550125 -0.05180516 -0.04689795
v -0.03550125 -0.02192269 -0.01350769
v -0.03550125 -0.05899521 -0.04667478
v -0.03550125 -0.05899521 -0.04667478
v -0.03550125 -0.02192269 -0.01350769
v -0.03550125 -0.06280312 -0.03369748
v -0.03550125 -0.05899521 -0.04667478
v -0.03550125 -0.06280312 -0.03369748
v -0.03550125 -0.06680312 -0.03369746
v -0.03550125 0.04435628 0.00017133
v -0.03550125 0.02574999 0.00000001
v -0.03550125 0.04414934 -0.00470115
v -0.03550125 0.04414934 -0.00470115
v -0.03550125 0.02574999 0.00000001
v -0.03550125 0.02477471 -0.00701972
v -0.03550125 0.04414934 -0.00470115
v -0.03550125 0.02477471 -0.00701972
v -0.03550125 0.04349351 -0.00965232
v -0.03550125 0.01741002 -0.01897244
v -0.03550125 0.03297396 -0.03005929
v -0.03550125 0.02192269 -0.01350769
v -0.03550125 0.02192269 -0.01350769
v -0.03550125 0.03297396 -0.03005929
v -0.03550125 0.03573551 -0.02706767
v -0.03550125 0.02192269 -0.01350769
v -0.03550125 0.03573551 -0.02706767
v -0.03550125 0.03662835 -0.02593879
v -0.03550125 0.01289780 -0.04147679
v -0.03550125 0.01820038 -0.03949421
v -0.03550125 0.01157853 -0.02299999
v -0.03550125 0.01157853 -0.02299999
v -0.03550125 0.01820038 -0.03949421
v -0.03550125 0.01902192 -0.03914079
v -0.03550125 0.01157853 -0.02299999
v -0.03550125 0.01902192 -0.03914079
v -0.03550125 0.01741002 -0.01897244
v -0.03550125 0.01741002 -0.01897244
v -0.03550125 0.01902192 -0.03914079
v -0.03550125 0.02347194 -0.03696061
v -0.03550125 0.01741002 -0.01897244
v -0.03550125 0.02347194 -0.03696061
v -0.03550125 0.02468019 -0.03627907
v -0.03550125 -0.04979456 -0.04694519
v -0.03550125 -0.03442821 -0.04706567
v -0.03550125 -0.01741005 -0.01897243
v -0.03550125 -0.01741005 -0.01897243
v -0.03550125 -0.03442821 -0.04706567
v -0.03550125 -0.03372861 -0.04706006
v -0.03550125 -0.01741005 -0.01897243
v -0.03550125 -0.03372861 -0.04706006
v -0.03550125 -0.02346126 -0.04690439
v -0.03550125 -0.02346126 -0.04690439
v -0.03550125 -0.02224555 -0.04686780
v -0.03550125 -0.01741005 -0.01897243
v -0.03550125 -0.01741005 -0.01897243
v -0.03550125 -0.02224555 -0.04686780
v -0.03550125 -0.02018089 -0.04686899
v -0.03550125 -0.01741005 -0.01897243
v -0.03550125 -0.02018089 -0.04686899
v -0.03550125 -0.01157854 -0.02299999
v -0.03550125 -0.01157854 -0.02299999
v -0.03550125 -0.02018089 -0.04686899
v -0.03550125 -0.01803053 -0.04673074
v -0.03550125 -0.01157854 -0.02299999
v -0.03550125 -0.01803053 -0.04673074
v -0.03550125 -0.01239100 -0.04636493
v -0.03550125 0.03879613 -0.02271651
v -0.03550125 0.03943399 -0.02159507
v -0.03550125 0.02192269 -0.01350769
v -0.03550125 0.02192269 -0.01350769
v -0.03550125 0.03943399 -0.02159507
v -0.03550125 0.04110468 -0.01806981
v -0.03550125 0.02192269 -0.01350769
v -0.03550125 0.04110468 -0.01806981
v -0.03550125 0.04110636 -0.01806352
v -0.03550125 0.04110636 -0.01806352
v -0.03550125 0.04131731 -0.01753213
v -0.03550125 0.02192269 -0.01350769
v -0.03550125 0.02192269 -0.01350769
v -0.03550125 0.04131731 -0.01753213
v -0.03550125 0.04257434 -0.01371189
v -0.03550125 0.02192269 -0.01350769
v -0.03550125 0.04257434 -0.01371189
v -0.03550125 0.02477471 -0.00701972
v -0.03550125 0.02477471 -0.00701972
v -0.03550125 0.04257434 -0.01371189
v -0.03550125 0.04303167 -0.01189948
v -0.03550125 0.02477471 -0.00701972
v -0.03550125 0.04303167 -0.01189948
v -0.03550125 0.04349351 -0.00965232
v -0.03550125 0.02468019 -0.03627907
v -0.03550124 0.02842871 -0.03385266
v -0.03550125 0.01741002 -0.01897244
v -0.03550125 0.01741002 -0.01897244
v -0.03550124 0.02842871 -0.03385266
v -0.03550125 0.02983004 -0.03279929
v -0.03550125 0.01741002 -0.01897244
v -0.03550125 0.02983004 -0.03279929
v -0.03550125 0.03297396 -0.03005929
v -0.03489643 -0.01823528 0.04709126
v -0.03516170 -0.01814616 0.04708339
v -0.03489921 -0.01802493 0.04708325
v -0.03489921 -0.01802493 0.04708325
v -0.03516170 -0.01814616 0.04708339
v -0.03550125 -0.01803100 0.04707277
v -0.03489921 -0.01802493 0.04708325
v -0.03550125 -0.01803100 0.04707277
v -0.03495758 -0.01163314 0.04666203
v -0.03495758 -0.01163314 0.04666203
v -0.03550125 -0.01803100 0.04707277
v -0.03550125 -0.01164454 0.04664014
v -0.03495758 -0.01163314 0.04666203
v -0.03550125 -0.01164454 0.04664014
v -0.03495891 -0.01139210 0.04663995
v -0.03495891 -0.01139210 0.04663995
v -0.03550125 -0.01164454 0.04664014
v -0.03550125 -0.00552444 0.04594110
v -0.03495891 -0.01139210 0.04663995
v -0.03550125 -0.00552444 0.04594110
v -0.03497693 -0.00528239 0.04594110
v -0.04171189 -0.12389813 0.04199455
v -0.04356341 -0.12389845 0.04185747
v -0.04356076 -0.12250728 0.04199512
v -0.04356076 -0.12250728 0.04199512
v -0.04172475 -0.12251905 0.04212529
v -0.04171189 -0.12389813 0.04199455
v -0.04171189 -0.12389813 0.04199455
v -0.04172475 -0.12251905 0.04212529
v -0.03990271 -0.12254695 0.04228686
v -0.04171189 -0.12389813 0.04199455
v -0.03990271 -0.12254695 0.04228686
v -0.03816415 -0.12389757 0.04238748
v -0.03972416 -0.12122944 0.04241443
v -0.03626645 -0.12122945 0.04280563
v -0.03623215 -0.12389726 0.04266152
v -0.04356076 -0.12250728 0.04199512
v -0.04356016 -0.12122945 0.04212035
v -0.04172475 -0.12251905 0.04212529
v -0.04172475 -0.12251905 0.04212529
v -0.04356016 -0.12122945 0.04212035
v -0.03972416 -0.12122944 0.04241443
v -0.04172475 -0.12251905 0.04212529
v -0.03972416 -0.12122944 0.04241443
v -0.03990271 -0.12254695 0.04228686
v -0.03990271 -0.12254695 0.04228686
v -0.03972416 -0.12122944 0.04241443
v -0.03623215 -0.12389726 0.04266152
v -0.03990271 -0.12254695 0.04228686
v -0.03623215 -0.12389726 0.04266152
v -0.03816415 -0.12389757 0.04238748
v -0.06514936 -0.12390188 0.03640255
v -0.06586641 -0.12122943 0.03630042
v -0.06309558 -0.12122944 0.03793011
v -0.07574043 -0.12390337 0.00017036
v -0.07613184 -0.12122932 0.00017044
v -0.07565561 -0.12390339 0.00632980
v -0.07565561 -0.12390339 0.00632980
v -0.07613184 -0.12122932 0.00017044
v -0.07600649 -0.12122934 0.00741699
v -0.07565561 -0.12390339 0.00632980
v -0.07600649 -0.12122934 0.00741699
v -0.07536613 -0.12390339 0.01208047
v -0.07338484 -0.12122940 0.02561051
v -0.07355296 -0.12390317 0.02378649
v -0.07426298 -0.12122939 0.02248595
v -0.07426298 -0.12122939 0.02248595
v -0.07355296 -0.12390317 0.02378649
v -0.07434168 -0.12390327 0.02033032
v -0.07426298 -0.12122939 0.02248595
v -0.07434168 -0.12390327 0.02033032
v -0.07482427 -0.12122939 0.01975704
v -0.07482427 -0.12122939 0.01975704
v -0.07434168 -0.12390327 0.02033032
v -0.07481336 -0.12390333 0.01742292
v -0.07482427 -0.12122939 0.01975704
v -0.07481336 -0.12390333 0.01742292
v -0.07549267 -0.12122937 0.01494050
v -0.07549267 -0.12122937 0.01494050
v -0.07481336 -0.12390333 0.01742292
v -0.07536613 -0.12390339 0.01208047
v -0.07549267 -0.12122937 0.01494050
v -0.07536613 -0.12390339 0.01208047
v -0.07557666 -0.12122937 0.01410448
v -0.07557666 -0.12122937 0.01410448
v -0.07536613 -0.12390339 0.01208047
v -0.07600649 -0.12122934 0.00741699
v -0.07225756 -0.12122940 0.02849231
v -0.07139125 -0.12390286 0.02945012
v -0.07338484 -0.12122940 0.02561051
v -0.07338484 -0.12122940 0.02561051
v -0.07139125 -0.12390286 0.02945012
v -0.07250747 -0.12390301 0.02698128
v -0.07338484 -0.12122940 0.02561051
v -0.07250747 -0.12390301 0.02698128
v -0.07355296 -0.12390317 0.02378649
v -0.06586641 -0.12122943 0.03630042
v -0.06514936 -0.12390188 0.03640255
v -0.06650656 -0.12122943 0.03583403
v -0.06650656 -0.12122943 0.03583403
v -0.06514936 -0.12390188 0.03640255
v -0.06748499 -0.12390226 0.03459316
v -0.06650656 -0.12122943 0.03583403
v -0.06748499 -0.12390226 0.03459316
v -0.06859937 -0.12122943 0.03397093
v -0.07225756 -0.12122940 0.02849231
v -0.07099911 -0.12122941 0.03085406
v -0.07139125 -0.12390286 0.02945012
v -0.07139125 -0.12390286 0.02945012
v -0.07099911 -0.12122941 0.03085406
v -0.07083441 -0.12122943 0.03111678
v -0.07139125 -0.12390286 0.02945012
v -0.07083441 -0.12122943 0.03111678
v -0.06991536 -0.12390263 0.03185395
v -0.06991536 -0.12390263 0.03185395
v -0.07083441 -0.12122943 0.03111678
v -0.07039349 -0.12122943 0.03177813
v -0.06991536 -0.12390263 0.03185395
v -0.07039349 -0.12122943 0.03177813
v -0.06841289 -0.12390240 0.03367922
v -0.06841289 -0.12390240 0.03367922
v -0.07039349 -0.12122943 0.03177813
v -0.06859937 -0.12122943 0.03397093
v -0.06841289 -0.12390240 0.03367922
v -0.06859937 -0.12122943 0.03397093
v -0.06813018 -0.12390236 0.03397231
v -0.06813018 -0.12390236 0.03397231
v -0.06859937 -0.12122943 0.03397093
v -0.06748499 -0.12390226 0.03459316
v -0.05292632 -0.12389995 0.04074860
v -0.05737457 -0.12390065 0.03974921
v -0.05849382 -0.12122944 0.03971949
v -0.05849382 -0.12122944 0.03971949
v -0.05737457 -0.12390065 0.03974921
v -0.05871028 -0.12390086 0.03935423
v -0.05849382 -0.12122944 0.03971949
v -0.05871028 -0.12390086 0.03935423
v -0.05987601 -0.12122944 0.03927028
v -0.05987601 -0.12122944 0.03927028
v -0.05871028 -0.12390086 0.03935423
v -0.06098217 -0.12390123 0.03854470
v -0.05987601 -0.12122944 0.03927028
v -0.06098217 -0.12390123 0.03854470
v -0.06309558 -0.12122944 0.03793011
v -0.06309558 -0.12122944 0.03793011
v -0.06098217 -0.12390123 0.03854470
v -0.06243359 -0.12390146 0.03791385
v -0.06309558 -0.12122944 0.03793011
v -0.06243359 -0.12390146 0.03791385
v -0.06514936 -0.12390188 0.03640255
v -0.04356016 -0.12122945 0.04212035
v -0.04356076 -0.12250728 0.04199512
v -0.04702779 -0.12122945 0.04182509
v -0.04702779 -0.12122945 0.04182509
v -0.04356076 -0.12250728 0.04199512
v -0.04838282 -0.12122945 0.04167848
v -0.05849382 -0.12122944 0.03971949
v -0.05384842 -0.12122945 0.04085065
v -0.05292632 -0.12389995 0.04074860
v -0.05292632 -0.12389995 0.04074860
v -0.05384842 -0.12122945 0.04085065
v -0.04838282 -0.12122945 0.04167848
v -0.05292632 -0.12389995 0.04074860
v -0.04838282 -0.12122945 0.04167848
v -0.04713529 -0.12389901 0.04154992
v -0.04713529 -0.12389901 0.04154992
v -0.04838282 -0.12122945 0.04167848
v -0.04356076 -0.12250728 0.04199512
v -0.04713529 -0.12389901 0.04154992
v -0.04356076 -0.12250728 0.04199512
v -0.04356341 -0.12389845 0.04185747
v -0.06568426 -0.12390152 -0.03722704
v -0.06163712 -0.12390085 -0.03930156
v -0.06183388 -0.12390088 -0.03784594
v -0.06183388 -0.12390088 -0.03784594
v -0.06407575 -0.12390125 -0.03671990
v -0.06568426 -0.12390152 -0.03722704
v -0.06568426 -0.12390152 -0.03722704
v -0.06407575 -0.12390125 -0.03671990
v -0.06641687 -0.12390164 -0.03515433
v -0.06568426 -0.12390152 -0.03722704
v -0.06641687 -0.12390164 -0.03515433
v -0.06922053 -0.12390210 -0.03433681
v -0.04713529 -0.12389901 0.04154992
v -0.04364898 -0.12389847 0.04311035
v -0.05236800 -0.12389986 0.04212165
v -0.02535917 -0.12389495 -0.04460956
v -0.02535557 -0.12389496 -0.04460953
v -0.02535556 -0.12389497 -0.04341964
v -0.07288759 -0.12390310 0.02932139
v -0.07139125 -0.12390286 0.02945012
v -0.07061611 -0.12390275 0.03305399
v -0.07061611 -0.12390275 0.03305399
v -0.07139125 -0.12390286 0.02945012
v -0.06991536 -0.12390263 0.03185395
v -0.07061611 -0.12390275 0.03305399
v -0.06991536 -0.12390263 0.03185395
v -0.06907383 -0.12390251 0.03482919
v -0.06907383 -0.12390251 0.03482919
v -0.06991536 -0.12390263 0.03185395
v -0.06841289 -0.12390240 0.03367922
v -0.06841289 -0.12390240 0.03367922
v -0.06813018 -0.12390236 0.03397231
v -0.06907383 -0.12390251 0.03482919
v -0.06907383 -0.12390251 0.03482919
v -0.06813018 -0.12390236 0.03397231
v -0.06748499 -0.12390226 0.03459316
v -0.06907383 -0.12390251 0.03482919
v -0.06748499 -0.12390226 0.03459316
v -0.06732472 -0.12390223 0.03640036
v -0.06732472 -0.12390223 0.03640036
v -0.06748499 -0.12390226 0.03459316
v -0.06514936 -0.12390188 0.03640255
v -0.06732472 -0.12390223 0.03640036
v -0.06514936 -0.12390188 0.03640255
v -0.06348842 -0.12390164 0.03880874
v -0.05906998 -0.12390094 0.04056462
v -0.05737457 -0.12390065 0.03974921
v -0.05236800 -0.12389986 0.04212165
v -0.05236800 -0.12389986 0.04212165
v -0.05737457 -0.12390065 0.03974921
v -0.05292632 -0.12389995 0.04074860
v -0.05236800 -0.12389986 0.04212165
v -0.05292632 -0.12389995 0.04074860
v -0.04713529 -0.12389901 0.04154992
v -0.03641010 -0.12389729 0.04387671
v -0.03623215 -0.12389726 0.04266152
v -0.03087368 -0.12389641 0.04468501
v -0.03087368 -0.12389641 0.04468501
v -0.03623215 -0.12389726 0.04266152
v -0.02890722 -0.12389609 0.04365787
v -0.03087368 -0.12389641 0.04468501
v -0.02890722 -0.12389609 0.04365787
v -0.02535917 -0.12389553 0.04495103
v -0.02535917 -0.12389553 0.04495103
v -0.02890722 -0.12389609 0.04365787
v -0.02535556 -0.12389545 0.04376062
v -0.02535917 -0.12389553 0.04495103
v -0.02535556 -0.12389545 0.04376062
v -0.02535556 -0.12389546 0.04495100
v -0.02535917 -0.12389495 -0.04460956
v -0.02535556 -0.12389497 -0.04341964
v -0.03087368 -0.12389585 -0.04434354
v -0.05584285 -0.12389991 -0.04109374
v -0.05535243 -0.12389983 -0.03991573
v -0.06163712 -0.12390085 -0.03930156
v -0.06163712 -0.12390085 -0.03930156
v -0.05535243 -0.12389983 -0.03991573
v -0.05872673 -0.12390038 -0.03900807
v -0.06163712 -0.12390085 -0.03930156
v -0.05872673 -0.12390038 -0.03900807
v -0.06183388 -0.12390088 -0.03784594
v -0.07539625 -0.12390317 -0.02126667
v -0.07392637 -0.12390291 -0.02651120
v -0.07245295 -0.12390267 -0.02677919
v -0.06514936 -0.12390188 0.03640255
v -0.06243359 -0.12390146 0.03791385
v -0.06348842 -0.12390164 0.03880874
v -0.06348842 -0.12390164 0.03880874
v -0.06243359 -0.12390146 0.03791385
v -0.06098217 -0.12390123 0.03854470
v -0.06348842 -0.12390164 0.03880874
v -0.06098217 -0.12390123 0.03854470
v -0.05906998 -0.12390094 0.04056462
v -0.05906998 -0.12390094 0.04056462
v -0.06098217 -0.12390123 0.03854470
v -0.05871028 -0.12390086 0.03935423
v -0.05906998 -0.12390094 0.04056462
v -0.05871028 -0.12390086 0.03935423
v -0.05737457 -0.12390065 0.03974921
v -0.06641687 -0.12390164 -0.03515433
v -0.06846186 -0.12390198 -0.03328608
v -0.06922053 -0.12390210 -0.03433681
v -0.06922053 -0.12390210 -0.03433681
v -0.06846186 -0.12390198 -0.03328608
v -0.06916859 -0.12390210 -0.03248189
v -0.06922053 -0.12390210 -0.03433681
v -0.06916859 -0.12390210 -0.03248189
v -0.07184740 -0.12390254 -0.03090567
v -0.07184740 -0.12390254 -0.03090567
v -0.06916859 -0.12390210 -0.03248189
v -0.07085785 -0.12390240 -0.03006782
v -0.07184740 -0.12390254 -0.03090567
v -0.07085785 -0.12390240 -0.03006782
v -0.07392637 -0.12390291 -0.02651120
v -0.07392637 -0.12390291 -0.02651120
v -0.07085785 -0.12390240 -0.03006782
v -0.07224929 -0.12390264 -0.02727905
v -0.07392637 -0.12390291 -0.02651120
v -0.07224929 -0.12390264 -0.02727905
v -0.07245295 -0.12390267 -0.02677919
v -0.07589796 -0.12390351 0.01886382
v -0.07434168 -0.12390327 0.02033032
v -0.07464132 -0.12390335 0.02465915
v -0.07464132 -0.12390335 0.02465915
v -0.07434168 -0.12390327 0.02033032
v -0.07355296 -0.12390317 0.02378649
v -0.07464132 -0.12390335 0.02465915
v -0.07355296 -0.12390317 0.02378649
v -0.07288759 -0.12390310 0.02932139
v -0.07288759 -0.12390310 0.02932139
v -0.07355296 -0.12390317 0.02378649
v -0.07250747 -0.12390301 0.02698128
v -0.07288759 -0.12390310 0.02932139
v -0.07250747 -0.12390301 0.02698128
v -0.07139125 -0.12390286 0.02945012
v -0.04713529 -0.12389901 0.04154992
v -0.04356341 -0.12389845 0.04185747
v -0.04364898 -0.12389847 0.04311035
v -0.04364898 -0.12389847 0.04311035
v -0.04356341 -0.12389845 0.04185747
v -0.04171189 -0.12389813 0.04199455
v -0.04364898 -0.12389847 0.04311035
v -0.04171189 -0.12389813 0.04199455
v -0.03641010 -0.12389729 0.04387671
v -0.03641010 -0.12389729 0.04387671
v -0.04171189 -0.12389813 0.04199455
v -0.03816415 -0.12389757 0.04238748
v -0.03641010 -0.12389729 0.04387671
v -0.03816415 -0.12389757 0.04238748
v -0.03623215 -0.12389726 0.04266152
v -0.04787638 -0.12389860 -0.04239256
v -0.04364895 -0.12389793 -0.04276890
v -0.04356341 -0.12389792 -0.04151653
v -0.04356341 -0.12389792 -0.04151653
v -0.04897454 -0.12389880 -0.04100112
v -0.04787638 -0.12389860 -0.04239256
v -0.04787638 -0.12389860 -0.04239256
v -0.04897454 -0.12389880 -0.04100112
v -0.05102183 -0.12389912 -0.04072146
v -0.04787638 -0.12389860 -0.04239256
v -0.05102183 -0.12389912 -0.04072146
v -0.05584285 -0.12389991 -0.04109374
v -0.05584285 -0.12389991 -0.04109374
v -0.05102183 -0.12389912 -0.04072146
v -0.05399298 -0.12389961 -0.04020537
v -0.05584285 -0.12389991 -0.04109374
v -0.05399298 -0.12389961 -0.04020537
v -0.05535243 -0.12389983 -0.03991573
v -0.02535556 -0.12389497 -0.04341964
v -0.02906486 -0.12389557 -0.04330562
v -0.03087368 -0.12389585 -0.04434354
v -0.03087368 -0.12389585 -0.04434354
v -0.02906486 -0.12389557 -0.04330562
v -0.03272490 -0.12389615 -0.04287910
v -0.03087368 -0.12389585 -0.04434354
v -0.03272490 -0.12389615 -0.04287910
v -0.03641010 -0.12389674 -0.04353526
v -0.03641010 -0.12389674 -0.04353526
v -0.03272490 -0.12389615 -0.04287910
v -0.03623215 -0.12389673 -0.04232056
v -0.03641010 -0.12389674 -0.04353526
v -0.03623215 -0.12389673 -0.04232056
v -0.04364895 -0.12389793 -0.04276890
v -0.04364895 -0.12389793 -0.04276890
v -0.03623215 -0.12389673 -0.04232056
v -0.04161751 -0.12389760 -0.04166154
v -0.04364895 -0.12389793 -0.04276890
v -0.04161751 -0.12389760 -0.04166154
v -0.04356341 -0.12389792 -0.04151653
v -0.07703114 -0.12390357 0.00017045
v -0.07565561 -0.12390339 0.00632980
v -0.07669164 -0.12390360 0.01160216
v -0.07669164 -0.12390360 0.01160216
v -0.07565561 -0.12390339 0.00632980
v -0.07536613 -0.12390339 0.01208047
v -0.07669164 -0.12390360 0.01160216
v -0.07536613 -0.12390339 0.01208047
v -0.07589796 -0.12390351 0.01886382
v -0.07589796 -0.12390351 0.01886382
v -0.07536613 -0.12390339 0.01208047
v -0.07481336 -0.12390333 0.01742292
v -0.07589796 -0.12390351 0.01886382
v -0.07481336 -0.12390333 0.01742292
v -0.07434168 -0.12390327 0.02033032
v -0.07245295 -0.12390267 -0.02677919
v -0.07369511 -0.12390289 -0.02290970
v -0.07539625 -0.12390317 -0.02126667
v -0.07539625 -0.12390317 -0.02126667
v -0.07369511 -0.12390289 -0.02290970
v -0.07462186 -0.12390308 -0.01837384
v -0.07539625 -0.12390317 -0.02126667
v -0.07462186 -0.12390308 -0.01837384
v -0.07640316 -0.12390339 -0.01463794
v -0.07640316 -0.12390339 -0.01463794
v -0.07462186 -0.12390308 -0.01837384
v -0.07496964 -0.12390314 -0.01587287
v -0.07640316 -0.12390339 -0.01463794
v -0.07496964 -0.12390314 -0.01587287
v -0.07694608 -0.12390353 -0.00595109
v -0.07694608 -0.12390353 -0.00595109
v -0.07496964 -0.12390314 -0.01587287
v -0.07554019 -0.12390327 -0.00890442
v -0.07694608 -0.12390353 -0.00595109
v -0.07554019 -0.12390327 -0.00890442
v -0.07703114 -0.12390357 0.00017045
v -0.07703114 -0.12390357 0.00017045
v -0.07554019 -0.12390327 -0.00890442
v -0.07574043 -0.12390337 0.00017036
v -0.07703114 -0.12390357 0.00017045
v -0.07574043 -0.12390337 0.00017036
v -0.07565561 -0.12390339 0.00632980
v -0.04161751 -0.12389760 -0.04166154
v -0.03990271 -0.12254655 -0.04194587
v -0.04172475 -0.12251867 -0.04178431
v -0.03990271 -0.12254655 -0.04194587
v -0.04161751 -0.12389760 -0.04166154
v -0.03623215 -0.12389673 -0.04232056
v -0.03623215 -0.12389673 -0.04232056
v -0.03626644 -0.12122921 -0.04246464
v -0.03990271 -0.12254655 -0.04194587
v -0.03990271 -0.12254655 -0.04194587
v -0.03626644 -0.12122921 -0.04246464
v -0.04009593 -0.12122919 -0.04203912
v -0.03990271 -0.12254655 -0.04194587
v -0.04009593 -0.12122919 -0.04203912
v -0.04172475 -0.12251867 -0.04178431
v -0.04172475 -0.12251867 -0.04178431
v -0.04009593 -0.12122919 -0.04203912
v -0.04356018 -0.12122919 -0.04177934
v -0.04172475 -0.12251867 -0.04178431
v -0.04356018 -0.12122919 -0.04177934
v -0.04161751 -0.12389760 -0.04166154
v -0.04161751 -0.12389760 -0.04166154
v -0.04356018 -0.12122919 -0.04177934
v -0.04356341 -0.12389792 -0.04151653
v -0.04356341 -0.12389792 -0.04151653
v -0.04356018 -0.12122919 -0.04177934
v -0.04897454 -0.12389880 -0.04100112
v -0.04897454 -0.12389880 -0.04100112
v -0.04356018 -0.12122919 -0.04177934
v -0.04981264 -0.12122921 -0.04116024
v -0.04897454 -0.12389880 -0.04100112
v -0.04981264 -0.12122921 -0.04116024
v -0.05102183 -0.12389912 -0.04072146
v -0.05102183 -0.12389912 -0.04072146
v -0.04981264 -0.12122921 -0.04116024
v -0.05079316 -0.12122920 -0.04102400
v -0.05102183 -0.12389912 -0.04072146
v -0.05079316 -0.12122920 -0.04102400
v -0.05399298 -0.12389961 -0.04020537
v -0.05399298 -0.12389961 -0.04020537
v -0.05079316 -0.12122920 -0.04102400
v -0.05477016 -0.12122921 -0.04032317
v -0.05399298 -0.12389961 -0.04020537
v -0.05477016 -0.12122921 -0.04032317
v -0.05535243 -0.12389983 -0.03991573
v -0.05535243 -0.12389983 -0.03991573
v -0.05477016 -0.12122921 -0.04032317
v -0.05846571 -0.12122920 -0.03938698
v -0.05535243 -0.12389983 -0.03991573
v -0.05846571 -0.12122920 -0.03938698
v -0.05872673 -0.12390038 -0.03900807
v -0.05872673 -0.12390038 -0.03900807
v -0.05846571 -0.12122920 -0.03938698
v -0.06201921 -0.12122922 -0.03809061
v -0.05872673 -0.12390038 -0.03900807
v -0.06201921 -0.12122922 -0.03809061
v -0.06183388 -0.12390088 -0.03784594
v -0.06183388 -0.12390088 -0.03784594
v -0.06201921 -0.12122922 -0.03809061
v -0.06258052 -0.12122921 -0.03783669
v -0.06183388 -0.12390088 -0.03784594
v -0.06258052 -0.12122921 -0.03783669
v -0.06407575 -0.12390125 -0.03671990
v -0.06407575 -0.12390125 -0.03671990
v -0.06258052 -0.12122921 -0.03783669
v -0.06464296 -0.12122922 -0.03674838
v -0.06407575 -0.12390125 -0.03671990
v -0.06464296 -0.12122922 -0.03674838
v -0.06641687 -0.12390164 -0.03515433
v -0.06464296 -0.12122922 -0.03674838
v -0.06698757 -0.12122922 -0.03511440
v -0.06641687 -0.12390164 -0.03515433
v -0.06641687 -0.12390164 -0.03515433
v -0.06698757 -0.12122922 -0.03511440
v -0.06763218 -0.12122922 -0.03456406
v -0.06641687 -0.12390164 -0.03515433
v -0.06763218 -0.12122922 -0.03456406
v -0.06846186 -0.12390198 -0.03328608
v -0.06846186 -0.12390198 -0.03328608
v -0.06763218 -0.12122922 -0.03456406
v -0.06958951 -0.12122923 -0.03250701
v -0.06846186 -0.12390198 -0.03328608
v -0.06958951 -0.12122923 -0.03250701
v -0.06916859 -0.12390210 -0.03248189
v -0.06916859 -0.12390210 -0.03248189
v -0.06958951 -0.12122923 -0.03250701
v -0.07085785 -0.12390240 -0.03006782
v -0.06958951 -0.12122923 -0.03250701
v -0.07122842 -0.12122924 -0.03013155
v -0.07085785 -0.12390240 -0.03006782
v -0.07085785 -0.12390240 -0.03006782
v -0.07122842 -0.12122924 -0.03013155
v -0.07170181 -0.12122924 -0.02928017
v -0.07085785 -0.12390240 -0.03006782
v -0.07170181 -0.12122924 -0.02928017
v -0.07224929 -0.12390264 -0.02727905
v -0.07224929 -0.12390264 -0.02727905
v -0.07170181 -0.12122924 -0.02928017
v -0.07312436 -0.12122925 -0.02602348
v -0.07224929 -0.12390264 -0.02727905
v -0.07312436 -0.12122925 -0.02602348
v -0.07245295 -0.12390267 -0.02677919
v -0.07245295 -0.12390267 -0.02677919
v -0.07312436 -0.12122925 -0.02602348
v -0.07424065 -0.12122926 -0.02223868
v -0.07245295 -0.12390267 -0.02677919
v -0.07424065 -0.12122926 -0.02223868
v -0.07369511 -0.12390289 -0.02290970
v -0.07369511 -0.12390289 -0.02290970
v -0.07424065 -0.12122926 -0.02223868
v -0.07468268 -0.12122927 -0.02018200
v -0.07369511 -0.12390289 -0.02290970
v -0.07468268 -0.12122927 -0.02018200
v -0.07462186 -0.12390308 -0.01837384
v -0.07462186 -0.12390308 -0.01837384
v -0.07468268 -0.12122927 -0.02018200
v -0.07544753 -0.12122928 -0.01501778
v -0.07462186 -0.12390308 -0.01837384
v -0.07544753 -0.12122928 -0.01501778
v -0.07496964 -0.12390314 -0.01587287
v -0.07496964 -0.12390314 -0.01587287
v -0.07544753 -0.12122928 -0.01501778
v -0.07597400 -0.12122931 -0.00787769
v -0.07496964 -0.12390314 -0.01587287
v -0.07597400 -0.12122931 -0.00787769
v -0.07554019 -0.12390327 -0.00890442
v -0.07554019 -0.12390327 -0.00890442
v -0.07597400 -0.12122931 -0.00787769
v -0.07613184 -0.12122932 0.00017044
v -0.07554019 -0.12390327 -0.00890442
v -0.07613184 -0.12122932 0.00017044
v -0.07574043 -0.12390337 0.00017036
v -0.03489711 -0.01818336 -0.04844887
v -0.03929583 -0.01645629 -0.04825102
v -0.03495792 -0.01157138 -0.04802272
v -0.03495792 -0.01157138 -0.04802272
v -0.03929583 -0.01645629 -0.04825102
v -0.04330895 -0.01437158 -0.04792424
v -0.03495792 -0.01157138 -0.04802272
v -0.04330895 -0.01437158 -0.04792424
v -0.03497716 -0.00500269 -0.04728027
v -0.03497716 -0.00500269 -0.04728027
v -0.04330895 -0.01437158 -0.04792424
v -0.04690566 -0.01198879 -0.04747422
v -0.03497716 -0.00500269 -0.04728027
v -0.04690566 -0.01198879 -0.04747422
v -0.04810600 -0.01106309 -0.04727978
v -0.03087368 -0.12389585 -0.04434354
v -0.02982546 -0.12340065 -0.04495212
v -0.02535917 -0.12389495 -0.04460956
v -0.02535917 -0.12389495 -0.04460956
v -0.02982546 -0.12340065 -0.04495212
v -0.02535639 -0.12339107 -0.04511005
v -0.02535917 -0.12389495 -0.04460956
v -0.02535639 -0.12339107 -0.04511005
v -0.02535557 -0.12389496 -0.04460953
v -0.03641010 -0.12389674 -0.04353526
v -0.03648244 -0.12342558 -0.04403030
v -0.03507507 -0.12342771 -0.04424237
v -0.03507507 -0.12342771 -0.04424237
v -0.03489930 -0.12342781 -0.04426977
v -0.03641010 -0.12389674 -0.04353526
v -0.03641010 -0.12389674 -0.04353526
v -0.03489930 -0.12342781 -0.04426977
v -0.03481142 -0.12342778 -0.04428354
v -0.03641010 -0.12389674 -0.04353526
v -0.03481142 -0.12342778 -0.04428354
v -0.03463568 -0.12342758 -0.04431120
v -0.03463568 -0.12342758 -0.04431120
v -0.03445997 -0.12342720 -0.04433900
v -0.03641010 -0.12389674 -0.04353526
v -0.03641010 -0.12389674 -0.04353526
v -0.03445997 -0.12342720 -0.04433900
v -0.03428427 -0.12342659 -0.04436694
v -0.03641010 -0.12389674 -0.04353526
v -0.03428427 -0.12342659 -0.04436694
v -0.03410859 -0.12342574 -0.04439500
v -0.03410859 -0.12342574 -0.04439500
v -0.03402076 -0.12342522 -0.04440906
v -0.03641010 -0.12389674 -0.04353526
v -0.03641010 -0.12389674 -0.04353526
v -0.03402076 -0.12342522 -0.04440906
v -0.03384510 -0.12342399 -0.04443722
v -0.03641010 -0.12389674 -0.04353526
v -0.03384510 -0.12342399 -0.04443722
v -0.03087368 -0.12389585 -0.04434354
v -0.03087368 -0.12389585 -0.04434354
v -0.03384510 -0.12342399 -0.04443722
v -0.03375728 -0.12342329 -0.04445130
v -0.03375728 -0.12342329 -0.04445130
v -0.03358161 -0.12342177 -0.04447940
v -0.03087368 -0.12389585 -0.04434354
v -0.03087368 -0.12389585 -0.04434354
v -0.03358161 -0.12342177 -0.04447940
v -0.03349378 -0.12342093 -0.04449341
v -0.03087368 -0.12389585 -0.04434354
v -0.03349378 -0.12342093 -0.04449341
v -0.03331808 -0.12341922 -0.04452126
v -0.03331808 -0.12341922 -0.04452126
v -0.03323021 -0.12341832 -0.04453509
v -0.03087368 -0.12389585 -0.04434354
v -0.03087368 -0.12389585 -0.04434354
v -0.03323021 -0.12341832 -0.04453509
v -0.03305444 -0.12341656 -0.04456248
v -0.03087368 -0.12389585 -0.04434354
v -0.03305444 -0.12341656 -0.04456248
v -0.03296652 -0.12341566 -0.04457603
v -0.03296652 -0.12341566 -0.04457603
v -0.03261470 -0.12341229 -0.04462894
v -0.03087368 -0.12389585 -0.04434354
v -0.03087368 -0.12389585 -0.04434354
v -0.03261470 -0.12341229 -0.04462894
v -0.03120350 -0.12340313 -0.04481473
v -0.03087368 -0.12389585 -0.04434354
v -0.03120350 -0.12340313 -0.04481473
v -0.02982546 -0.12340065 -0.04495212
v -0.03648244 -0.12342558 -0.04403030
v -0.03641010 -0.12389674 -0.04353526
v -0.04231307 -0.12344393 -0.04336282
v -0.04231307 -0.12344393 -0.04336282
v -0.03641010 -0.12389674 -0.04353526
v -0.04364895 -0.12389793 -0.04276890
v -0.04231307 -0.12344393 -0.04336282
v -0.04364895 -0.12389793 -0.04276890
v -0.04368414 -0.12344691 -0.04326529
v -0.04368415 -0.12344745 0.04360661
v -0.04364898 -0.12389847 0.04311035
v -0.03784385 -0.12342822 0.04418241
v -0.03784385 -0.12342822 0.04418241
v -0.04364898 -0.12389847 0.04311035
v -0.03641010 -0.12389729 0.04387671
v -0.03784385 -0.12342822 0.04418241
v -0.03641010 -0.12389729 0.04387671
v -0.03648244 -0.12342613 0.04437177
v -0.03648244 -0.12342558 -0.04403030
v -0.04231307 -0.12344393 -0.04336282
v -0.03649193 -0.11400769 -0.04459573
v -0.03649193 -0.11400769 -0.04459573
v -0.04231307 -0.12344393 -0.04336282
v -0.04368414 -0.12344691 -0.04326529
v -0.03649193 -0.11400769 -0.04459573
v -0.04368414 -0.12344691 -0.04326529
v -0.03649724 -0.10664181 -0.04519140
v -0.03649724 -0.10664181 -0.04519140
v -0.04368414 -0.12344691 -0.04326529
v -0.04368659 -0.10448948 -0.04503708
v -0.03649724 -0.10664181 -0.04519140
v -0.04368659 -0.10448948 -0.04503708
v -0.03649917 -0.10448837 -0.04537493
v -0.07752550 -0.12347879 0.00017046
v -0.07752185 -0.12347908 -0.00117269
v -0.07703114 -0.12390357 0.00017045
v -0.07703114 -0.12390357 0.00017045
v -0.07752185 -0.12347908 -0.00117269
v -0.07751052 -0.12347909 -0.00251581
v -0.07703114 -0.12390357 0.00017045
v -0.07751052 -0.12347909 -0.00251581
v -0.07694608 -0.12390353 -0.00595109
v -0.04368414 -0.12344691 -0.04326529
v -0.04364895 -0.12389793 -0.04276890
v -0.04956539 -0.12344863 -0.04269384
v -0.04956539 -0.12344863 -0.04269384
v -0.04364895 -0.12389793 -0.04276890
v -0.04787638 -0.12389860 -0.04239256
v -0.04956539 -0.12344863 -0.04269384
v -0.04787638 -0.12389860 -0.04239256
v -0.05337823 -0.12344962 -0.04210877
v -0.05337823 -0.12344962 -0.04210877
v -0.04787638 -0.12389860 -0.04239256
v -0.05584285 -0.12389991 -0.04109374
v -0.05337823 -0.12344962 -0.04210877
v -0.05584285 -0.12389991 -0.04109374
v -0.05712036 -0.12345272 -0.04129436
v -0.05712036 -0.12345272 -0.04129436
v -0.05584285 -0.12389991 -0.04109374
v -0.06163712 -0.12390085 -0.03930156
v -0.06648572 -0.12346224 -0.03729135
v -0.06595252 -0.12346112 -0.03764496
v -0.06568426 -0.12390152 -0.03722704
v -0.06568426 -0.12390152 -0.03722704
v -0.06595252 -0.12346112 -0.03764496
v -0.06391608 -0.12345787 -0.03880934
v -0.06568426 -0.12390152 -0.03722704
v -0.06391608 -0.12345787 -0.03880934
v -0.06163712 -0.12390085 -0.03930156
v -0.06163712 -0.12390085 -0.03930156
v -0.06391608 -0.12345787 -0.03880934
v -0.06059832 -0.12345593 -0.04023201
v -0.06163712 -0.12390085 -0.03930156
v -0.06059832 -0.12345593 -0.04023201
v -0.05712036 -0.12345272 -0.04129436
v -0.06648572 -0.12346224 -0.03729135
v -0.06568426 -0.12390152 -0.03722704
v -0.06877025 -0.12346488 -0.03547382
v -0.06877025 -0.12346488 -0.03547382
v -0.06568426 -0.12390152 -0.03722704
v -0.06922053 -0.12390210 -0.03433681
v -0.06877025 -0.12346488 -0.03547382
v -0.06922053 -0.12390210 -0.03433681
v -0.06956925 -0.12346493 -0.03469145
v -0.07306391 -0.12347033 -0.02973984
v -0.07227058 -0.12347044 -0.03116220
v -0.07184740 -0.12390254 -0.03090567
v -0.07184740 -0.12390254 -0.03090567
v -0.07227058 -0.12347044 -0.03116220
v -0.07147171 -0.12346985 -0.03238383
v -0.07184740 -0.12390254 -0.03090567
v -0.07147171 -0.12346985 -0.03238383
v -0.06922053 -0.12390210 -0.03433681
v -0.06922053 -0.12390210 -0.03433681
v -0.07147171 -0.12346985 -0.03238383
v -0.06993998 -0.12346539 -0.03429552
v -0.06922053 -0.12390210 -0.03433681
v -0.06993998 -0.12346539 -0.03429552
v -0.06956925 -0.12346493 -0.03469145
v -0.07392637 -0.12390291 -0.02651120
v -0.07439123 -0.12347271 -0.02668103
v -0.07184740 -0.12390254 -0.03090567
v -0.07184740 -0.12390254 -0.03090567
v -0.07439123 -0.12347271 -0.02668103
v -0.07346951 -0.12347063 -0.02891042
v -0.07184740 -0.12390254 -0.03090567
v -0.07346951 -0.12347063 -0.02891042
v -0.07306391 -0.12347033 -0.02973984
v -0.07640316 -0.12390339 -0.01463794
v -0.07651673 -0.12347417 -0.01775235
v -0.07539625 -0.12390317 -0.02126667
v -0.07539625 -0.12390317 -0.02126667
v -0.07651673 -0.12347417 -0.01775235
v -0.07594208 -0.12347405 -0.02107373
v -0.07539625 -0.12390317 -0.02126667
v -0.07594208 -0.12347405 -0.02107373
v -0.07392637 -0.12390291 -0.02651120
v -0.07392637 -0.12390291 -0.02651120
v -0.07594208 -0.12347405 -0.02107373
v -0.07486761 -0.12347375 -0.02527820
v -0.07392637 -0.12390291 -0.02651120
v -0.07486761 -0.12347375 -0.02527820
v -0.07439123 -0.12347271 -0.02668103
v -0.07751052 -0.12347909 -0.00251581
v -0.07746173 -0.12347827 -0.00520173
v -0.07694608 -0.12390353 -0.00595109
v -0.07694608 -0.12390353 -0.00595109
v -0.07746173 -0.12347827 -0.00520173
v -0.07723214 -0.12347741 -0.01057026
v -0.07694608 -0.12390353 -0.00595109
v -0.07723214 -0.12347741 -0.01057026
v -0.07640316 -0.12390339 -0.01463794
v -0.07640316 -0.12390339 -0.01463794
v -0.07723214 -0.12347741 -0.01057026
v -0.07714710 -0.12347782 -0.01181807
v -0.07640316 -0.12390339 -0.01463794
v -0.07714710 -0.12347782 -0.01181807
v -0.07651673 -0.12347417 -0.01775235
v -0.06267811 -0.12345725 0.03974000
v -0.06371006 -0.12345813 0.03925439
v -0.06348842 -0.12390164 0.03880874
v -0.07752191 -0.12347911 0.00150377
v -0.07752550 -0.12347879 0.00017046
v -0.07703114 -0.12390357 0.00017045
v -0.07669164 -0.12390360 0.01160216
v -0.07746276 -0.12347837 0.00550267
v -0.07703114 -0.12390357 0.00017045
v -0.07703114 -0.12390357 0.00017045
v -0.07746276 -0.12347837 0.00550267
v -0.07751075 -0.12347914 0.00283699
v -0.07703114 -0.12390357 0.00017045
v -0.07751075 -0.12347914 0.00283699
v -0.07752191 -0.12347911 0.00150377
v -0.07589796 -0.12390351 0.01886382
v -0.07675993 -0.12347627 0.01624057
v -0.07669164 -0.12390360 0.01160216
v -0.07669164 -0.12390360 0.01160216
v -0.07675993 -0.12347627 0.01624057
v -0.07723757 -0.12347752 0.01082481
v -0.07669164 -0.12390360 0.01160216
v -0.07723757 -0.12347752 0.01082481
v -0.07746276 -0.12347837 0.00550267
v -0.07596920 -0.12347428 0.02128152
v -0.07612505 -0.12347401 0.02047616
v -0.07589796 -0.12390351 0.01886382
v -0.07589796 -0.12390351 0.01886382
v -0.07612505 -0.12347401 0.02047616
v -0.07638838 -0.12347388 0.01894152
v -0.07589796 -0.12390351 0.01886382
v -0.07638838 -0.12347388 0.01894152
v -0.07675993 -0.12347627 0.01624057
v -0.07596920 -0.12347428 0.02128152
v -0.07589796 -0.12390351 0.01886382
v -0.07512504 -0.12347441 0.02476572
v -0.07512504 -0.12347441 0.02476572
v -0.07589796 -0.12390351 0.01886382
v -0.07464132 -0.12390335 0.02465915
v -0.07512504 -0.12347441 0.02476572
v -0.07464132 -0.12390335 0.02465915
v -0.07401653 -0.12347205 0.02799513
v -0.07401653 -0.12347205 0.02799513
v -0.07464132 -0.12390335 0.02465915
v -0.07288759 -0.12390310 0.02932139
v -0.07401653 -0.12347205 0.02799513
v -0.07288759 -0.12390310 0.02932139
v -0.07333450 -0.12347086 0.02953674
v -0.07061611 -0.12390275 0.03305399
v -0.07091500 -0.12346856 0.03347756
v -0.07115438 -0.12346938 0.03316302
v -0.07061611 -0.12390275 0.03305399
v -0.07115438 -0.12346938 0.03316302
v -0.07288759 -0.12390310 0.02932139
v -0.07288759 -0.12390310 0.02932139
v -0.07115438 -0.12346938 0.03316302
v -0.07277577 -0.12347071 0.03062581
v -0.07288759 -0.12390310 0.02932139
v -0.07277577 -0.12347071 0.03062581
v -0.07333450 -0.12347086 0.02953674
v -0.07091500 -0.12346856 0.03347756
v -0.07061611 -0.12390275 0.03305399
v -0.06994016 -0.12346583 0.03463677
v -0.06994016 -0.12346583 0.03463677
v -0.07061611 -0.12390275 0.03305399
v -0.06907383 -0.12390251 0.03482919
v -0.06994016 -0.12346583 0.03463677
v -0.06907383 -0.12390251 0.03482919
v -0.06894088 -0.12346528 0.03565570
v -0.06894088 -0.12346528 0.03565570
v -0.06907383 -0.12390251 0.03482919
v -0.06732472 -0.12390223 0.03640036
v -0.06894088 -0.12346528 0.03565570
v -0.06732472 -0.12390223 0.03640036
v -0.06665426 -0.12346308 0.03751616
v -0.06348842 -0.12390164 0.03880874
v -0.06371006 -0.12345813 0.03925439
v -0.06732472 -0.12390223 0.03640036
v -0.06732472 -0.12390223 0.03640036
v -0.06371006 -0.12345813 0.03925439
v -0.06579659 -0.12346128 0.03808561
v -0.06732472 -0.12390223 0.03640036
v -0.06579659 -0.12346128 0.03808561
v -0.06665426 -0.12346308 0.03751616
v -0.06267811 -0.12345725 0.03974000
v -0.06348842 -0.12390164 0.03880874
v -0.05907287 -0.12345562 0.04108340
v -0.05907287 -0.12345562 0.04108340
v -0.06348842 -0.12390164 0.03880874
v -0.05906998 -0.12390094 0.04056462
v -0.05907287 -0.12345562 0.04108340
v -0.05906998 -0.12390094 0.04056462
v -0.05566061 -0.12345111 0.04198751
v -0.05566061 -0.12345111 0.04198751
v -0.05906998 -0.12390094 0.04056462
v -0.05236800 -0.12389986 0.04212165
v -0.05566061 -0.12345111 0.04198751
v -0.05236800 -0.12389986 0.04212165
v -0.05245006 -0.12345028 0.04261212
v -0.04368415 -0.12344745 0.04360661
v -0.04502347 -0.12344782 0.04350482
v -0.04364898 -0.12389847 0.04311035
v -0.04364898 -0.12389847 0.04311035
v -0.04502347 -0.12344782 0.04350482
v -0.04600383 -0.12344795 0.04342061
v -0.04364898 -0.12389847 0.04311035
v -0.04600383 -0.12344795 0.04342061
v -0.05236800 -0.12389986 0.04212165
v -0.05236800 -0.12389986 0.04212165
v -0.04600383 -0.12344795 0.04342061
v -0.05036695 -0.12344976 0.04292880
v -0.05236800 -0.12389986 0.04212165
v -0.05036695 -0.12344976 0.04292880
v -0.05245006 -0.12345028 0.04261212
v -0.03784385 -0.12342822 0.04418241
v -0.03648244 -0.12342613 0.04437177
v -0.03649191 -0.11395247 0.04494138
v -0.03784385 -0.12342822 0.04418241
v -0.03649191 -0.11395247 0.04494138
v -0.04368415 -0.12344745 0.04360661
v -0.04368415 -0.12344745 0.04360661
v -0.03649191 -0.11395247 0.04494138
v -0.04368660 -0.10448995 0.04537875
v -0.04368660 -0.10448995 0.04537875
v -0.03649191 -0.11395247 0.04494138
v -0.03649772 -0.10733654 0.04547499
v -0.04368660 -0.10448995 0.04537875
v -0.03649772 -0.10733654 0.04547499
v -0.03649918 -0.10448883 0.04571660
v -0.02535917 -0.12389553 0.04495103
v -0.02535556 -0.12389546 0.04495100
v -0.02535639 -0.12339166 0.04545100
v -0.03648244 -0.12342613 0.04437177
v -0.03641010 -0.12389729 0.04387671
v -0.03094461 -0.12340292 0.04518523
v -0.03094461 -0.12340292 0.04518523
v -0.03641010 -0.12389729 0.04387671
v -0.03087368 -0.12389641 0.04468501
v -0.02535639 -0.12339166 0.04545100
v -0.02571217 -0.12339608 0.04545285
v -0.02535917 -0.12389553 0.04495103
v -0.02535917 -0.12389553 0.04495103
v -0.02571217 -0.12339608 0.04545285
v -0.02766873 -0.12340137 0.04542383
v -0.02535917 -0.12389553 0.04495103
v -0.02766873 -0.12340137 0.04542383
v -0.03087368 -0.12389641 0.04468501
v -0.03087368 -0.12389641 0.04468501
v -0.02766873 -0.12340137 0.04542383
v -0.03093115 -0.12340289 0.04518669
v -0.03087368 -0.12389641 0.04468501
v -0.03093115 -0.12340289 0.04518669
v -0.03094461 -0.12340292 0.04518523
v -0.03489711 -0.01818388 0.04879000
v -0.03495793 -0.01157184 0.04836429
v -0.03646172 -0.01762895 0.04873681
v -0.03646172 -0.01762895 0.04873681
v -0.03495793 -0.01157184 0.04836429
v -0.04067495 -0.01580078 0.04849773
v -0.04067495 -0.01580078 0.04849773
v -0.03495793 -0.01157184 0.04836429
v -0.04458088 -0.01359089 0.04812654
v -0.04458088 -0.01359089 0.04812654
v -0.03495793 -0.01157184 0.04836429
v -0.03497716 -0.00500316 0.04762154
v -0.04458088 -0.01359089 0.04812654
v -0.03497716 -0.00500316 0.04762154
v -0.04810601 -0.01106359 0.04762135
v -0.04810601 -0.01106359 0.04762135
v -0.03497716 -0.00500316 0.04762154
v -0.04948291 -0.00990886 0.04736316
v -0.04948291 -0.00990886 0.04736316
v -0.03497716 -0.00500316 0.04762154
v -0.03497116 0.00214233 0.04643778
v -0.04948291 -0.00990886 0.04736316
v -0.03497116 0.00214233 0.04643778
v -0.05167810 -0.00782028 0.04683745
v -0.03495629 0.00916833 0.04481145
v -0.05448223 -0.00462090 0.04589837
v -0.03497116 0.00214233 0.04643778
v -0.03497116 0.00214233 0.04643778
v -0.05448223 -0.00462090 0.04589837
v -0.05230488 -0.00716181 0.04665781
v -0.03497116 0.00214233 0.04643778
v -0.05230488 -0.00716181 0.04665781
v -0.05167810 -0.00782028 0.04683745
v -0.03494972 0.01328202 0.04359328
v -0.05691523 -0.00120502 0.04470582
v -0.03495629 0.00916833 0.04481145
v -0.03495629 0.00916833 0.04481145
v -0.05691523 -0.00120502 0.04470582
v -0.05581901 -0.00283167 0.04529881
v -0.03495629 0.00916833 0.04481145
v -0.05581901 -0.00283167 0.04529881
v -0.05448223 -0.00462090 0.04589837
v -0.03494667 0.01853250 0.04168125
v -0.06095068 0.00663425 0.04113312
v -0.03494829 0.01470358 0.04311832
v -0.03494829 0.01470358 0.04311832
v -0.06095068 0.00663425 0.04113312
v -0.05925105 0.00288404 0.04299778
v -0.03494829 0.01470358 0.04311832
v -0.05925105 0.00288404 0.04299778
v -0.03494972 0.01328202 0.04359328
v -0.03494972 0.01328202 0.04359328
v -0.05925105 0.00288404 0.04299778
v -0.05732464 -0.00055537 0.04445522
v -0.03494972 0.01328202 0.04359328
v -0.05732464 -0.00055537 0.04445522
v -0.05691523 -0.00120502 0.04470582
v -0.02571217 -0.12339608 0.04545285
v -0.02535639 -0.12339166 0.04545100
v -0.02535910 -0.12173153 0.04542219
v -0.03093845 -0.11394783 0.04527216
v -0.03094461 -0.12340292 0.04518523
v -0.03093115 -0.12340289 0.04518669
v -0.02538727 -0.10448695 0.04570974
v -0.02681611 -0.10448728 0.04573834
v -0.02537510 -0.11193510 0.04531663
v -0.02537510 -0.11193510 0.04531663
v -0.02681611 -0.10448728 0.04573834
v -0.03093845 -0.11394783 0.04527216
v -0.02537510 -0.11193510 0.04531663
v -0.03093845 -0.11394783 0.04527216
v -0.02537183 -0.11394165 0.04527278
v -0.02537183 -0.11394165 0.04527278
v -0.03093845 -0.11394783 0.04527216
v -0.03093115 -0.12340289 0.04518669
v -0.02537183 -0.11394165 0.04527278
v -0.03093115 -0.12340289 0.04518669
v -0.02535910 -0.12173153 0.04542219
v -0.02535910 -0.12173153 0.04542219
v -0.03093115 -0.12340289 0.04518669
v -0.02766873 -0.12340137 0.04542383
v -0.02535910 -0.12173153 0.04542219
v -0.02766873 -0.12340137 0.04542383
v -0.02571217 -0.12339608 0.04545285
v -0.03648244 -0.12342613 0.04437177
v -0.03094461 -0.12340292 0.04518523
v -0.03649191 -0.11395247 0.04494138
v -0.03649191 -0.11395247 0.04494138
v -0.03094461 -0.12340292 0.04518523
v -0.03093845 -0.11394783 0.04527216
v -0.03649191 -0.11395247 0.04494138
v -0.03093845 -0.11394783 0.04527216
v -0.03649772 -0.10733654 0.04547499
v -0.03649772 -0.10733654 0.04547499
v -0.03093845 -0.11394783 0.04527216
v -0.02681611 -0.10448728 0.04573834
v -0.03649772 -0.10733654 0.04547499
v -0.02681611 -0.10448728 0.04573834
v -0.03649918 -0.10448883 0.04571660
v -0.03351435 -0.04634321 0.04905233
v -0.03376760 -0.04398788 0.04907939
v -0.03591152 -0.04509316 0.04906746
v -0.07650799 -0.04328741 0.02710612
v -0.07711665 -0.06308186 0.02738212
v -0.07509632 -0.06279036 0.03263110
v -0.08016039 -0.07603986 0.00017133
v -0.08000083 -0.09012634 0.00017140
v -0.07981075 -0.08363253 0.01063087
v -0.02681611 -0.10448728 0.04573834
v -0.02538727 -0.10448695 0.04570974
v -0.02541303 -0.08871502 0.04694626
v -0.04502347 -0.12344782 0.04350482
v -0.04368415 -0.12344745 0.04360661
v -0.04368660 -0.10448995 0.04537875
v -0.02681611 -0.10448728 0.04573834
v -0.02541303 -0.08871502 0.04694626
v -0.03649918 -0.10448883 0.04571660
v -0.03649918 -0.10448883 0.04571660
v -0.02541303 -0.08871502 0.04694626
v -0.03584324 -0.10150445 0.04599009
v -0.03649918 -0.10448883 0.04571660
v -0.03584324 -0.10150445 0.04599009
v -0.04368660 -0.10448995 0.04537875
v -0.04368660 -0.10448995 0.04537875
v -0.03584324 -0.10150445 0.04599009
v -0.04677654 -0.10211384 0.04532656
v -0.04368660 -0.10448995 0.04537875
v -0.04677654 -0.10211384 0.04532656
v -0.04502347 -0.12344782 0.04350482
v -0.05566061 -0.12345111 0.04198751
v -0.05245006 -0.12345028 0.04261212
v -0.05218382 -0.10241953 0.04462282
v -0.05218382 -0.10241953 0.04462282
v -0.05245006 -0.12345028 0.04261212
v -0.05036695 -0.12344976 0.04292880
v -0.05218382 -0.10241953 0.04462282
v -0.05036695 -0.12344976 0.04292880
v -0.04677654 -0.10211384 0.04532656
v -0.04677654 -0.10211384 0.04532656
v -0.05036695 -0.12344976 0.04292880
v -0.04600383 -0.12344795 0.04342061
v -0.04677654 -0.10211384 0.04532656
v -0.04600383 -0.12344795 0.04342061
v -0.04502347 -0.12344782 0.04350482
v -0.05566061 -0.12345111 0.04198751
v -0.05701901 -0.11336322 0.04268898
v -0.05907287 -0.12345562 0.04108340
v -0.05907287 -0.12345562 0.04108340
v -0.05701901 -0.11336322 0.04268898
v -0.06210884 -0.11350840 0.04109257
v -0.05907287 -0.12345562 0.04108340
v -0.06210884 -0.11350840 0.04109257
v -0.06267811 -0.12345725 0.03974000
v -0.06684443 -0.11363743 0.03865920
v -0.06579659 -0.12346128 0.03808561
v -0.06210884 -0.11350840 0.04109257
v -0.06210884 -0.11350840 0.04109257
v -0.06579659 -0.12346128 0.03808561
v -0.06371006 -0.12345813 0.03925439
v -0.06210884 -0.11350840 0.04109257
v -0.06371006 -0.12345813 0.03925439
v -0.06267811 -0.12345725 0.03974000
v -0.07091500 -0.12346856 0.03347756
v -0.06994016 -0.12346583 0.03463677
v -0.07087918 -0.11374059 0.03520117
v -0.07087918 -0.11374059 0.03520117
v -0.06994016 -0.12346583 0.03463677
v -0.06894088 -0.12346528 0.03565570
v -0.07087918 -0.11374059 0.03520117
v -0.06894088 -0.12346528 0.03565570
v -0.06684443 -0.11363743 0.03865920
v -0.06684443 -0.11363743 0.03865920
v -0.06894088 -0.12346528 0.03565570
v -0.06665426 -0.12346308 0.03751616
v -0.06684443 -0.11363743 0.03865920
v -0.06665426 -0.12346308 0.03751616
v -0.06579659 -0.12346128 0.03808561
v -0.07389788 -0.11381556 0.03083339
v -0.07591715 -0.11386586 0.02592503
v -0.07401653 -0.12347205 0.02799513
v -0.07401653 -0.12347205 0.02799513
v -0.07333450 -0.12347086 0.02953674
v -0.07389788 -0.11381556 0.03083339
v -0.07389788 -0.11381556 0.03083339
v -0.07333450 -0.12347086 0.02953674
v -0.07277577 -0.12347071 0.03062581
v -0.07389788 -0.11381556 0.03083339
v -0.07277577 -0.12347071 0.03062581
v -0.07087918 -0.11374059 0.03520117
v -0.07087918 -0.11374059 0.03520117
v -0.07277577 -0.12347071 0.03062581
v -0.07115438 -0.12346938 0.03316302
v -0.07087918 -0.11374059 0.03520117
v -0.07115438 -0.12346938 0.03316302
v -0.07091500 -0.12346856 0.03347756
v -0.07718695 -0.11389632 0.02077558
v -0.07596920 -0.12347428 0.02128152
v -0.07591715 -0.11386586 0.02592503
v -0.07591715 -0.11386586 0.02592503
v -0.07596920 -0.12347428 0.02128152
v -0.07512504 -0.12347441 0.02476572
v -0.07591715 -0.11386586 0.02592503
v -0.07512504 -0.12347441 0.02476572
v -0.07401653 -0.12347205 0.02799513
v -0.07839896 -0.11392791 0.01025151
v -0.07723757 -0.12347752 0.01082481
v -0.07718695 -0.11389632 0.02077558
v -0.07718695 -0.11389632 0.02077558
v -0.07723757 -0.12347752 0.01082481
v -0.07675993 -0.12347627 0.01624057
v -0.07675993 -0.12347627 0.01624057
v -0.07638838 -0.12347388 0.01894152
v -0.07718695 -0.11389632 0.02077558
v -0.07718695 -0.11389632 0.02077558
v -0.07638838 -0.12347388 0.01894152
v -0.07612505 -0.12347401 0.02047616
v -0.07718695 -0.11389632 0.02077558
v -0.07612505 -0.12347401 0.02047616
v -0.07596920 -0.12347428 0.02128152
v -0.07752550 -0.12347879 0.00017046
v -0.07752191 -0.12347911 0.00150377
v -0.07852328 -0.11542511 0.00017087
v -0.07852328 -0.11542511 0.00017087
v -0.07752191 -0.12347911 0.00150377
v -0.07751075 -0.12347914 0.00283699
v -0.07852328 -0.11542511 0.00017087
v -0.07751075 -0.12347914 0.00283699
v -0.07839896 -0.11392791 0.01025151
v -0.07839896 -0.11392791 0.01025151
v -0.07751075 -0.12347914 0.00283699
v -0.07746276 -0.12347837 0.00550267
v -0.07839896 -0.11392791 0.01025151
v -0.07746276 -0.12347837 0.00550267
v -0.07723757 -0.12347752 0.01082481
v -0.07998945 -0.06346256 0.00017116
v -0.07966734 -0.06341160 0.01078781
v -0.07990225 -0.06029854 0.00017109
v -0.07990225 -0.06029854 0.00017109
v -0.07966734 -0.06341160 0.01078781
v -0.07890104 -0.04371601 0.00982107
v -0.07990225 -0.06029854 0.00017109
v -0.07890104 -0.04371601 0.00982107
v -0.07916136 -0.04377144 0.00017083
v -0.07839486 -0.06325093 0.02191461
v -0.07761490 -0.04349071 0.02202602
v -0.07827366 -0.04360392 0.01728539
v -0.07839486 -0.06325093 0.02191461
v -0.07827366 -0.04360392 0.01728539
v -0.07966734 -0.06341160 0.01078781
v -0.07966734 -0.06341160 0.01078781
v -0.07827366 -0.04360392 0.01728539
v -0.07879841 -0.04369662 0.01145479
v -0.07966734 -0.06341160 0.01078781
v -0.07879841 -0.04369662 0.01145479
v -0.07890104 -0.04371601 0.00982107
v -0.07711665 -0.06308186 0.02738212
v -0.07650799 -0.04328741 0.02710612
v -0.07839486 -0.06325093 0.02191461
v -0.07839486 -0.06325093 0.02191461
v -0.07650799 -0.04328741 0.02710612
v -0.07750166 -0.04347158 0.02267419
v -0.07839486 -0.06325093 0.02191461
v -0.07750166 -0.04347158 0.02267419
v -0.07761490 -0.04349071 0.02202602
v -0.07211820 -0.06234555 0.03739944
v -0.07373842 -0.04273573 0.03422320
v -0.07373687 -0.06258901 0.03509755
v -0.07373687 -0.06258901 0.03509755
v -0.07373842 -0.04273573 0.03422320
v -0.07412332 -0.04281419 0.03347472
v -0.07373687 -0.06258901 0.03509755
v -0.07412332 -0.04281419 0.03347472
v -0.07509632 -0.06279036 0.03263110
v -0.07509632 -0.06279036 0.03263110
v -0.07412332 -0.04281419 0.03347472
v -0.07523967 -0.04303820 0.03094852
v -0.07509632 -0.06279036 0.03263110
v -0.07523967 -0.04303820 0.03094852
v -0.07650799 -0.04328741 0.02710612
v -0.06581319 -0.06135001 0.04290070
v -0.06731892 -0.04138263 0.04197429
v -0.06812662 -0.06172445 0.04132963
v -0.06812662 -0.06172445 0.04132963
v -0.06731892 -0.04138263 0.04197429
v -0.06974003 -0.04190150 0.03979402
v -0.06812662 -0.06172445 0.04132963
v -0.06974003 -0.04190150 0.03979402
v -0.07024079 -0.06205738 0.03948933
v -0.07024079 -0.06205738 0.03948933
v -0.06974003 -0.04190150 0.03979402
v -0.07110341 -0.04218866 0.03824273
v -0.07024079 -0.06205738 0.03948933
v -0.07110341 -0.04218866 0.03824273
v -0.07211820 -0.06234555 0.03739944
v -0.07211820 -0.06234555 0.03739944
v -0.07110341 -0.04218866 0.03824273
v -0.07197969 -0.04237188 0.03708149
v -0.07211820 -0.06234555 0.03739944
v -0.07197969 -0.04237188 0.03708149
v -0.07373842 -0.04273573 0.03422320
v -0.06441905 -0.04073158 0.04390150
v -0.06334457 -0.06094109 0.04420195
v -0.06142957 -0.04005608 0.04533538
v -0.06142957 -0.04005608 0.04533538
v -0.06334457 -0.06094109 0.04420195
v -0.05810611 -0.06005665 0.04607071
v -0.06142957 -0.04005608 0.04533538
v -0.05810611 -0.06005665 0.04607071
v -0.05815184 -0.03931672 0.04644566
v -0.05815184 -0.03931672 0.04644566
v -0.05810611 -0.06005665 0.04607071
v -0.05434866 -0.03847135 0.04736971
v -0.05434866 -0.03847135 0.04736971
v -0.05810611 -0.06005665 0.04607071
v -0.05267322 -0.05914131 0.04728503
v -0.05434866 -0.03847135 0.04736971
v -0.05267322 -0.05914131 0.04728503
v -0.05354198 -0.03829345 0.04753300
v -0.05354198 -0.03829345 0.04753300
v -0.05267322 -0.05914131 0.04728503
v -0.04714681 -0.05821988 0.04808713
v -0.05354198 -0.03829345 0.04753300
v -0.04714681 -0.05821988 0.04808713
v -0.04797295 -0.03707433 0.04840069
v -0.03376760 -0.04398788 0.04907939
v -0.03431490 -0.03675843 0.04911655
v -0.03591152 -0.04509316 0.04906746
v -0.03591152 -0.04509316 0.04906746
v -0.03431490 -0.03675843 0.04911655
v -0.03444924 -0.03419678 0.04910221
v -0.03591152 -0.04509316 0.04906746
v -0.03444924 -0.03419678 0.04910221
v -0.04126103 -0.03563134 0.04896278
v -0.04797295 -0.03707433 0.04840069
v -0.04714681 -0.05821988 0.04808713
v -0.04472243 -0.03637195 0.04873095
v -0.04472243 -0.03637195 0.04873095
v -0.04714681 -0.05821988 0.04808713
v -0.04156195 -0.05729956 0.04857424
v -0.04472243 -0.03637195 0.04873095
v -0.04156195 -0.05729956 0.04857424
v -0.04126103 -0.03563134 0.04896278
v -0.04126103 -0.03563134 0.04896278
v -0.04156195 -0.05729956 0.04857424
v -0.03593761 -0.05638524 0.04880297
v -0.04126103 -0.03563134 0.04896278
v -0.03593761 -0.05638524 0.04880297
v -0.03591152 -0.04509316 0.04906746
v -0.03591152 -0.04509316 0.04906746
v -0.03593761 -0.05638524 0.04880297
v -0.03283913 -0.05103348 0.04895848
v -0.03591152 -0.04509316 0.04906746
v -0.03283913 -0.05103348 0.04895848
v -0.03351435 -0.04634321 0.04905233
v -0.02675370 -0.06522793 0.04833713
v -0.02724005 -0.06456334 0.04838277
v -0.03593455 -0.07896036 0.04769462
v -0.03593455 -0.07896036 0.04769462
v -0.02724005 -0.06456334 0.04838277
v -0.02818226 -0.06340591 0.04846433
v -0.03593455 -0.07896036 0.04769462
v -0.02818226 -0.06340591 0.04846433
v -0.02961690 -0.06125973 0.04859026
v -0.02544424 -0.06960085 0.04808651
v -0.02566689 -0.06773960 0.04818265
v -0.03593455 -0.07896036 0.04769462
v -0.03593455 -0.07896036 0.04769462
v -0.02566689 -0.06773960 0.04818265
v -0.02591673 -0.06690528 0.04823041
v -0.03593455 -0.07896036 0.04769462
v -0.02591673 -0.06690528 0.04823041
v -0.02675370 -0.06522793 0.04833713
v -0.02961690 -0.06125973 0.04859026
v -0.03070083 -0.05897056 0.04869803
v -0.03593761 -0.05638524 0.04880297
v -0.03593761 -0.05638524 0.04880297
v -0.03070083 -0.05897056 0.04869803
v -0.03181301 -0.05566186 0.04882421
v -0.03593761 -0.05638524 0.04880297
v -0.03181301 -0.05566186 0.04882421
v -0.03283913 -0.05103348 0.04895848
v -0.06327149 -0.08198696 0.04322714
v -0.06581319 -0.06135001 0.04290070
v -0.06808607 -0.08250761 0.04050026
v -0.06808607 -0.08250761 0.04050026
v -0.06581319 -0.06135001 0.04290070
v -0.06812662 -0.06172445 0.04132963
v -0.06808607 -0.08250761 0.04050026
v -0.06812662 -0.06172445 0.04132963
v -0.07022978 -0.08272900 0.03874147
v -0.07022978 -0.08272900 0.03874147
v -0.06812662 -0.06172445 0.04132963
v -0.07024079 -0.06205738 0.03948933
v -0.07022978 -0.08272900 0.03874147
v -0.07024079 -0.06205738 0.03948933
v -0.07213991 -0.08292069 0.03672878
v -0.07213991 -0.08292069 0.03672878
v -0.07024079 -0.06205738 0.03948933
v -0.07211820 -0.06234555 0.03739944
v -0.07213991 -0.08292069 0.03672878
v -0.07211820 -0.06234555 0.03739944
v -0.07378900 -0.08308273 0.03449594
v -0.07378900 -0.08308273 0.03449594
v -0.07211820 -0.06234555 0.03739944
v -0.07373687 -0.06258901 0.03509755
v -0.07378900 -0.08308273 0.03449594
v -0.07373687 -0.06258901 0.03509755
v -0.07517315 -0.08321681 0.03209050
v -0.07517315 -0.08321681 0.03209050
v -0.07373687 -0.06258901 0.03509755
v -0.07509632 -0.06279036 0.03263110
v -0.07517315 -0.08321681 0.03209050
v -0.07509632 -0.06279036 0.03263110
v -0.07722586 -0.08341118 0.02694757
v -0.07722586 -0.08341118 0.02694757
v -0.07509632 -0.06279036 0.03263110
v -0.07711665 -0.06308186 0.02738212
v -0.07722586 -0.08341118 0.02694757
v -0.07711665 -0.06308186 0.02738212
v -0.07852740 -0.08352425 0.02157707
v -0.07852740 -0.08352425 0.02157707
v -0.07711665 -0.06308186 0.02738212
v -0.07839486 -0.06325093 0.02191461
v -0.07852740 -0.08352425 0.02157707
v -0.07839486 -0.06325093 0.02191461
v -0.07932787 -0.08358851 0.01611904
v -0.07932787 -0.08358851 0.01611904
v -0.07839486 -0.06325093 0.02191461
v -0.07966734 -0.06341160 0.01078781
v -0.07932787 -0.08358851 0.01611904
v -0.07966734 -0.06341160 0.01078781
v -0.07981075 -0.08363253 0.01063087
v -0.07981075 -0.08363253 0.01063087
v -0.07966734 -0.06341160 0.01078781
v -0.07998945 -0.06346256 0.00017116
v -0.07981075 -0.08363253 0.01063087
v -0.07998945 -0.06346256 0.00017116
v -0.08016039 -0.07603986 0.00017133
v -0.02961690 -0.06125973 0.04859026
v -0.03593761 -0.05638524 0.04880297
v -0.03593455 -0.07896036 0.04769462
v -0.03593455 -0.07896036 0.04769462
v -0.03593761 -0.05638524 0.04880297
v -0.04156195 -0.05729956 0.04857424
v -0.03593455 -0.07896036 0.04769462
v -0.04156195 -0.05729956 0.04857424
v -0.04710446 -0.08017907 0.04696225
v -0.04710446 -0.08017907 0.04696225
v -0.04156195 -0.05729956 0.04857424
v -0.04714681 -0.05821988 0.04808713
v -0.04710446 -0.08017907 0.04696225
v -0.04714681 -0.05821988 0.04808713
v -0.05261488 -0.08079118 0.04618796
v -0.05261488 -0.08079118 0.04618796
v -0.04714681 -0.05821988 0.04808713
v -0.05267322 -0.05914131 0.04728503
v -0.05261488 -0.08079118 0.04618796
v -0.05267322 -0.05914131 0.04728503
v -0.05803528 -0.08139929 0.04501706
v -0.05803528 -0.08139929 0.04501706
v -0.05267322 -0.05914131 0.04728503
v -0.05810611 -0.06005665 0.04607071
v -0.05803528 -0.08139929 0.04501706
v -0.05810611 -0.06005665 0.04607071
v -0.06327149 -0.08198696 0.04322714
v -0.06327149 -0.08198696 0.04322714
v -0.05810611 -0.06005665 0.04607071
v -0.06334457 -0.06094109 0.04420195
v -0.06327149 -0.08198696 0.04322714
v -0.06334457 -0.06094109 0.04420195
v -0.06581319 -0.06135001 0.04290070
v -0.06581319 -0.06135001 0.04290070
v -0.06334457 -0.06094109 0.04420195
v -0.06441905 -0.04073158 0.04390150
v -0.06581319 -0.06135001 0.04290070
v -0.06441905 -0.04073158 0.04390150
v -0.06731892 -0.04138263 0.04197429
v -0.05566061 -0.12345111 0.04198751
v -0.05218382 -0.10241953 0.04462282
v -0.05701901 -0.11336322 0.04268898
v -0.05701901 -0.11336322 0.04268898
v -0.05218382 -0.10241953 0.04462282
v -0.05751225 -0.10272308 0.04353811
v -0.05701901 -0.11336322 0.04268898
v -0.05751225 -0.10272308 0.04353811
v -0.06210884 -0.11350840 0.04109257
v -0.06210884 -0.11350840 0.04109257
v -0.05751225 -0.10272308 0.04353811
v -0.06267437 -0.10301639 0.04186983
v -0.06210884 -0.11350840 0.04109257
v -0.06267437 -0.10301639 0.04186983
v -0.06684443 -0.11363743 0.03865920
v -0.07087918 -0.11374059 0.03520117
v -0.07317105 -0.10356499 0.03361902
v -0.07389788 -0.11381556 0.03083339
v -0.07389788 -0.11381556 0.03083339
v -0.07317105 -0.10356499 0.03361902
v -0.07455645 -0.10363263 0.03129604
v -0.07389788 -0.11381556 0.03083339
v -0.07455645 -0.10363263 0.03129604
v -0.07591715 -0.11386586 0.02592503
v -0.07591715 -0.11386586 0.02592503
v -0.07455645 -0.10363263 0.03129604
v -0.07660034 -0.10373131 0.02630210
v -0.07591715 -0.11386586 0.02592503
v -0.07660034 -0.10373131 0.02630210
v -0.07718695 -0.11389632 0.02077558
v -0.07941736 -0.10407665 0.00017123
v -0.07852328 -0.11542511 0.00017087
v -0.07914194 -0.10384714 0.01039202
v -0.07914194 -0.10384714 0.01039202
v -0.07852328 -0.11542511 0.00017087
v -0.07839896 -0.11392791 0.01025151
v -0.07914194 -0.10384714 0.01039202
v -0.07839896 -0.11392791 0.01025151
v -0.07868023 -0.10382351 0.01574860
v -0.07868023 -0.10382351 0.01574860
v -0.07839896 -0.11392791 0.01025151
v -0.07718695 -0.11389632 0.02077558
v -0.07868023 -0.10382351 0.01574860
v -0.07718695 -0.11389632 0.02077558
v -0.07789171 -0.10378961 0.02107157
v -0.07789171 -0.10378961 0.02107157
v -0.07718695 -0.11389632 0.02077558
v -0.07660034 -0.10373131 0.02630210
v -0.06267437 -0.10301639 0.04186983
v -0.06745730 -0.10327654 0.03933125
v -0.06684443 -0.11363743 0.03865920
v -0.06684443 -0.11363743 0.03865920
v -0.06745730 -0.10327654 0.03933125
v -0.06960133 -0.10338736 0.03767540
v -0.06684443 -0.11363743 0.03865920
v -0.06960133 -0.10338736 0.03767540
v -0.07087918 -0.11374059 0.03520117
v -0.07087918 -0.11374059 0.03520117
v -0.06960133 -0.10338736 0.03767540
v -0.07151692 -0.10348350 0.03576136
v -0.07087918 -0.11374059 0.03520117
v -0.07151692 -0.10348350 0.03576136
v -0.07317105 -0.10356499 0.03361902
v -0.02541303 -0.08871502 0.04694626
v -0.02544424 -0.06960085 0.04808651
v -0.03584324 -0.10150445 0.04599009
v -0.03584324 -0.10150445 0.04599009
v -0.02544424 -0.06960085 0.04808651
v -0.03593455 -0.07896036 0.04769462
v -0.03584324 -0.10150445 0.04599009
v -0.03593455 -0.07896036 0.04769462
v -0.04677654 -0.10211384 0.04532656
v -0.04677654 -0.10211384 0.04532656
v -0.03593455 -0.07896036 0.04769462
v -0.04710446 -0.08017907 0.04696225
v -0.04677654 -0.10211384 0.04532656
v -0.04710446 -0.08017907 0.04696225
v -0.05218382 -0.10241953 0.04462282
v -0.05218382 -0.10241953 0.04462282
v -0.04710446 -0.08017907 0.04696225
v -0.05261488 -0.08079118 0.04618796
v -0.05218382 -0.10241953 0.04462282
v -0.05261488 -0.08079118 0.04618796
v -0.05751225 -0.10272308 0.04353811
v -0.05751225 -0.10272308 0.04353811
v -0.05261488 -0.08079118 0.04618796
v -0.05803528 -0.08139929 0.04501706
v -0.05751225 -0.10272308 0.04353811
v -0.05803528 -0.08139929 0.04501706
v -0.06267437 -0.10301639 0.04186983
v -0.06267437 -0.10301639 0.04186983
v -0.05803528 -0.08139929 0.04501706
v -0.06327149 -0.08198696 0.04322714
v -0.06267437 -0.10301639 0.04186983
v -0.06327149 -0.08198696 0.04322714
v -0.06745730 -0.10327654 0.03933125
v -0.06745730 -0.10327654 0.03933125
v -0.06327149 -0.08198696 0.04322714
v -0.06808607 -0.08250761 0.04050026
v -0.06745730 -0.10327654 0.03933125
v -0.06808607 -0.08250761 0.04050026
v -0.06960133 -0.10338736 0.03767540
v -0.06960133 -0.10338736 0.03767540
v -0.06808607 -0.08250761 0.04050026
v -0.07022978 -0.08272900 0.03874147
v -0.06960133 -0.10338736 0.03767540
v -0.07022978 -0.08272900 0.03874147
v -0.07151692 -0.10348350 0.03576136
v -0.07151692 -0.10348350 0.03576136
v -0.07022978 -0.08272900 0.03874147
v -0.07213991 -0.08292069 0.03672878
v -0.07151692 -0.10348350 0.03576136
v -0.07213991 -0.08292069 0.03672878
v -0.07317105 -0.10356499 0.03361902
v -0.07317105 -0.10356499 0.03361902
v -0.07213991 -0.08292069 0.03672878
v -0.07378900 -0.08308273 0.03449594
v -0.07317105 -0.10356499 0.03361902
v -0.07378900 -0.08308273 0.03449594
v -0.07455645 -0.10363263 0.03129604
v -0.07455645 -0.10363263 0.03129604
v -0.07378900 -0.08308273 0.03449594
v -0.07517315 -0.08321681 0.03209050
v -0.07455645 -0.10363263 0.03129604
v -0.07517315 -0.08321681 0.03209050
v -0.07660034 -0.10373131 0.02630210
v -0.07660034 -0.10373131 0.02630210
v -0.07517315 -0.08321681 0.03209050
v -0.07722586 -0.08341118 0.02694757
v -0.07660034 -0.10373131 0.02630210
v -0.07722586 -0.08341118 0.02694757
v -0.07789171 -0.10378961 0.02107157
v -0.07789171 -0.10378961 0.02107157
v -0.07722586 -0.08341118 0.02694757
v -0.07852740 -0.08352425 0.02157707
v -0.07789171 -0.10378961 0.02107157
v -0.07852740 -0.08352425 0.02157707
v -0.07868023 -0.10382351 0.01574860
v -0.07868023 -0.10382351 0.01574860
v -0.07852740 -0.08352425 0.02157707
v -0.07932787 -0.08358851 0.01611904
v -0.07868023 -0.10382351 0.01574860
v -0.07932787 -0.08358851 0.01611904
v -0.07914194 -0.10384714 0.01039202
v -0.07914194 -0.10384714 0.01039202
v -0.07932787 -0.08358851 0.01611904
v -0.07981075 -0.08363253 0.01063087
v -0.07914194 -0.10384714 0.01039202
v -0.07981075 -0.08363253 0.01063087
v -0.07941736 -0.10407665 0.00017123
v -0.07941736 -0.10407665 0.00017123
v -0.07981075 -0.08363253 0.01063087
v -0.08000083 -0.09012634 0.00017140
v -0.06466628 -0.03167025 0.04356692
v -0.06627546 -0.02178053 0.04193179
v -0.06719134 -0.03834940 0.04200012
v -0.05434866 -0.03847135 0.04736971
v -0.05354198 -0.03829345 0.04753300
v -0.05430325 -0.03695738 0.04738198
v -0.05430325 -0.03695738 0.04738198
v -0.05354198 -0.03829345 0.04753300
v -0.04797295 -0.03707433 0.04840069
v -0.05430325 -0.03695738 0.04738198
v -0.04797295 -0.03707433 0.04840069
v -0.04456205 -0.03260094 0.04872541
v -0.04456205 -0.03260094 0.04872541
v -0.04797295 -0.03707433 0.04840069
v -0.04472243 -0.03637195 0.04873095
v -0.04456205 -0.03260094 0.04872541
v -0.04472243 -0.03637195 0.04873095
v -0.04126103 -0.03563134 0.04896278
v -0.05434866 -0.03847135 0.04736971
v -0.05430325 -0.03695738 0.04738198
v -0.05815184 -0.03931672 0.04644566
v -0.05815184 -0.03931672 0.04644566
v -0.05430325 -0.03695738 0.04738198
v -0.06049011 -0.03666877 0.04567880
v -0.05815184 -0.03931672 0.04644566
v -0.06049011 -0.03666877 0.04567880
v -0.06142957 -0.04005608 0.04533538
v -0.06142957 -0.04005608 0.04533538
v -0.06049011 -0.03666877 0.04567880
v -0.06486646 -0.03647281 0.04357921
v -0.06142957 -0.04005608 0.04533538
v -0.06486646 -0.03647281 0.04357921
v -0.06441905 -0.04073158 0.04390150
v -0.06031155 -0.03186899 0.04568105
v -0.06143136 -0.02200300 0.04494175
v -0.06466628 -0.03167025 0.04356692
v -0.06466628 -0.03167025 0.04356692
v -0.06143136 -0.02200300 0.04494175
v -0.06446946 -0.02185921 0.04326189
v -0.06466628 -0.03167025 0.04356692
v -0.06446946 -0.02185921 0.04326189
v -0.06627546 -0.02178053 0.04193179
v -0.05412840 -0.03215567 0.04739600
v -0.05803646 -0.02217555 0.04624045
v -0.06031155 -0.03186899 0.04568105
v -0.06031155 -0.03186899 0.04568105
v -0.05803646 -0.02217555 0.04624045
v -0.05976061 -0.02208673 0.04564225
v -0.06031155 -0.03186899 0.04568105
v -0.05976061 -0.02208673 0.04564225
v -0.06143136 -0.02200300 0.04494175
v -0.04408110 -0.02292558 0.04859423
v -0.04890574 -0.02266410 0.04810340
v -0.05412840 -0.03215567 0.04739600
v -0.05412840 -0.03215567 0.04739600
v -0.04890574 -0.02266410 0.04810340
v -0.05436243 -0.02237028 0.04719792
v -0.05412840 -0.03215567 0.04739600
v -0.05436243 -0.02237028 0.04719792
v -0.05803646 -0.02217555 0.04624045
v -0.03480624 -0.02345619 0.04895098
v -0.04194628 -0.02304369 0.04873938
v -0.03466728 -0.02865994 0.04904915
v -0.03466728 -0.02865994 0.04904915
v -0.04194628 -0.02304369 0.04873938
v -0.04456205 -0.03260094 0.04872541
v -0.03466728 -0.02865994 0.04904915
v -0.04456205 -0.03260094 0.04872541
v -0.03446481 -0.03386366 0.04910029
v -0.03446481 -0.03386366 0.04910029
v -0.04456205 -0.03260094 0.04872541
v -0.04126103 -0.03563134 0.04896278
v -0.03446481 -0.03386366 0.04910029
v -0.04126103 -0.03563134 0.04896278
v -0.03444924 -0.03419678 0.04910221
v -0.04194628 -0.02304369 0.04873938
v -0.04408110 -0.02292558 0.04859423
v -0.04456205 -0.03260094 0.04872541
v -0.04456205 -0.03260094 0.04872541
v -0.04408110 -0.02292558 0.04859423
v -0.05412840 -0.03215567 0.04739600
v -0.04456205 -0.03260094 0.04872541
v -0.05412840 -0.03215567 0.04739600
v -0.05430325 -0.03695738 0.04738198
v -0.05430325 -0.03695738 0.04738198
v -0.05412840 -0.03215567 0.04739600
v -0.06031155 -0.03186899 0.04568105
v -0.05430325 -0.03695738 0.04738198
v -0.06031155 -0.03186899 0.04568105
v -0.06049011 -0.03666877 0.04567880
v -0.06049011 -0.03666877 0.04567880
v -0.06031155 -0.03186899 0.04568105
v -0.06466628 -0.03167025 0.04356692
v -0.06049011 -0.03666877 0.04567880
v -0.06466628 -0.03167025 0.04356692
v -0.06486646 -0.03647281 0.04357921
v -0.06486646 -0.03647281 0.04357921
v -0.06466628 -0.03167025 0.04356692
v -0.06719134 -0.03834940 0.04200012
v -0.06486646 -0.03647281 0.04357921
v -0.06719134 -0.03834940 0.04200012
v -0.06441905 -0.04073158 0.04390150
v -0.06441905 -0.04073158 0.04390150
v -0.06719134 -0.03834940 0.04200012
v -0.06731892 -0.04138263 0.04197429
v -0.03550125 -0.02009133 0.04720793
v -0.03550125 -0.01803100 0.04707277
v -0.03516170 -0.01814616 0.04708339
v -0.03482673 -0.02246432 0.04721896
v -0.03550125 -0.02224737 0.04720985
v -0.03488125 -0.01931009 0.04716952
v -0.03488125 -0.01931009 0.04716952
v -0.03550125 -0.02224737 0.04720985
v -0.03550125 -0.02009133 0.04720793
v -0.03488125 -0.01931009 0.04716952
v -0.03550125 -0.02009133 0.04720793
v -0.03489643 -0.01823528 0.04709126
v -0.03489643 -0.01823528 0.04709126
v -0.03550125 -0.02009133 0.04720793
v -0.03516170 -0.01814616 0.04708339
v -0.03550125 -0.02224737 0.04720985
v -0.03482673 -0.02246432 0.04721896
v -0.03550125 -0.02346172 0.04724638
v -0.03550125 -0.02346172 0.04724638
v -0.03482673 -0.02246432 0.04721896
v -0.03480515 -0.02350661 0.04725463
v -0.03446481 -0.03386366 0.04910029
v -0.03446481 -0.03386366 0.04740077
v -0.03466728 -0.02865994 0.04904915
v -0.03466728 -0.02865994 0.04904915
v -0.03446481 -0.03386366 0.04740077
v -0.03466646 -0.02868517 0.04734985
v -0.03466728 -0.02865994 0.04904915
v -0.03466646 -0.02868517 0.04734985
v -0.03480624 -0.02345619 0.04895098
v -0.03480624 -0.02345619 0.04895098
v -0.03466646 -0.02868517 0.04734985
v -0.03480515 -0.02350661 0.04725463
v -0.03480624 -0.02345619 0.04895098
v -0.03480515 -0.02350661 0.04725463
v -0.03482773 -0.02241391 0.04891443
v -0.03482773 -0.02241391 0.04891443
v -0.03480515 -0.02350661 0.04725463
v -0.03482673 -0.02246432 0.04721896
v -0.03482773 -0.02241391 0.04891443
v -0.03482673 -0.02246432 0.04721896
v -0.03486579 -0.02029885 0.04885456
v -0.03486579 -0.02029885 0.04885456
v -0.03482673 -0.02246432 0.04721896
v -0.03488125 -0.01931009 0.04716952
v -0.03486579 -0.02029885 0.04885456
v -0.03488125 -0.01931009 0.04716952
v -0.03489711 -0.01818388 0.04879000
v -0.03488125 -0.01931009 0.04716952
v -0.03489643 -0.01823528 0.04709126
v -0.03489711 -0.01818388 0.04879000
v -0.03489711 -0.01818388 0.04879000
v -0.03489643 -0.01823528 0.04709126
v -0.03489921 -0.01802493 0.04708325
v -0.03489711 -0.01818388 0.04879000
v -0.03489921 -0.01802493 0.04708325
v -0.03495793 -0.01157184 0.04836429
v -0.03489921 -0.01802493 0.04708325
v -0.03495758 -0.01163314 0.04666203
v -0.03495793 -0.01157184 0.04836429
v -0.03495793 -0.01157184 0.04836429
v -0.03495758 -0.01163314 0.04666203
v -0.03495891 -0.01139210 0.04663995
v -0.03495793 -0.01157184 0.04836429
v -0.03495891 -0.01139210 0.04663995
v -0.03497716 -0.00500316 0.04762154
v -0.03495736 0.00863031 0.04317855
v -0.03497116 0.00214233 0.04643778
v -0.03497193 0.00173373 0.04478032
v -0.03497193 0.00173373 0.04478032
v -0.03497116 0.00214233 0.04643778
v -0.03497716 -0.00500316 0.04762154
v -0.03497193 0.00173373 0.04478032
v -0.03497716 -0.00500316 0.04762154
v -0.03497693 -0.00528239 0.04594110
v -0.03497693 -0.00528239 0.04594110
v -0.03497716 -0.00500316 0.04762154
v -0.03495891 -0.01139210 0.04663995
v -0.03494773 0.01547900 0.04101250
v -0.03494664 0.02034927 0.03900526
v -0.03494664 0.02034927 0.04090756
v -0.03494664 0.02034927 0.04090756
v -0.03494667 0.01853250 0.04168125
v -0.03494773 0.01547900 0.04101250
v -0.03494773 0.01547900 0.04101250
v -0.03494667 0.01853250 0.04168125
v -0.03494829 0.01470358 0.04311832
v -0.03494773 0.01547900 0.04101250
v -0.03494829 0.01470358 0.04311832
v -0.03494841 0.01455800 0.04134327
v -0.03494841 0.01455800 0.04134327
v -0.03494829 0.01470358 0.04311832
v -0.03494972 0.01328202 0.04359328
v -0.03494841 0.01455800 0.04134327
v -0.03494972 0.01328202 0.04359328
v -0.03495736 0.00863031 0.04317855
v -0.03495736 0.00863031 0.04317855
v -0.03494972 0.01328202 0.04359328
v -0.03495629 0.00916833 0.04481145
v -0.03495736 0.00863031 0.04317855
v -0.03495629 0.00916833 0.04481145
v -0.03497116 0.00214233 0.04643778
v -0.03550125 -0.02346172 0.04724638
v -0.03480515 -0.02350661 0.04725463
v -0.03550125 -0.03107051 0.04737598
v -0.03550125 -0.03107051 0.04737598
v -0.03480515 -0.02350661 0.04725463
v -0.03466646 -0.02868517 0.04734985
v -0.03550125 -0.03107051 0.04737598
v -0.03466646 -0.02868517 0.04734985
v -0.03550125 -0.03442870 0.04740754
v -0.03550125 -0.03442870 0.04740754
v -0.03466646 -0.02868517 0.04734985
v -0.03446481 -0.03386366 0.04740077
v -0.03550125 -0.03442870 0.04740754
v -0.03446481 -0.03386366 0.04740077
v -0.03444875 -0.03420711 0.04740318
v -0.03446481 -0.03386366 0.04740077
v -0.03446481 -0.03386366 0.04910029
v -0.03444875 -0.03420711 0.04740318
v -0.03444875 -0.03420711 0.04740318
v -0.03446481 -0.03386366 0.04910029
v -0.03444924 -0.03419678 0.04910221
v -0.03444875 -0.03420711 0.04740318
v -0.03444924 -0.03419678 0.04910221
v -0.03431430 -0.03676874 0.04741603
v -0.03431430 -0.03676874 0.04741603
v -0.03444924 -0.03419678 0.04910221
v -0.03431490 -0.03675843 0.04911655
v -0.03431430 -0.03676874 0.04741603
v -0.03431490 -0.03675843 0.04911655
v -0.03376760 -0.04398787 0.04738349
v -0.03376760 -0.04398787 0.04738349
v -0.03431490 -0.03675843 0.04911655
v -0.03376760 -0.04398788 0.04907939
v -0.02818229 -0.06340587 0.04676152
v -0.02724005 -0.06456334 0.04838277
v -0.02724006 -0.06456332 0.04668053
v -0.02724005 -0.06456334 0.04838277
v -0.02818229 -0.06340587 0.04676152
v -0.02818226 -0.06340591 0.04846433
v -0.02818229 -0.06340587 0.04676152
v -0.02822733 -0.06335021 0.04676526
v -0.02818226 -0.06340591 0.04846433
v -0.02818226 -0.06340591 0.04846433
v -0.02822733 -0.06335021 0.04676526
v -0.02840429 -0.06312501 0.04678008
v -0.02818226 -0.06340591 0.04846433
v -0.02840429 -0.06312501 0.04678008
v -0.02961690 -0.06125973 0.04859026
v -0.02840429 -0.06312501 0.04678008
v -0.02906340 -0.06218658 0.04683725
v -0.02961690 -0.06125973 0.04859026
v -0.02961690 -0.06125973 0.04859026
v -0.02906340 -0.06218658 0.04683725
v -0.02994004 -0.06064989 0.04691891
v -0.02961690 -0.06125973 0.04859026
v -0.02994004 -0.06064989 0.04691891
v -0.03070083 -0.05897056 0.04869803
v -0.03070083 -0.05897056 0.04869803
v -0.02994004 -0.06064989 0.04691891
v -0.03106400 -0.05802210 0.04703552
v -0.03070083 -0.05897056 0.04869803
v -0.03106400 -0.05802210 0.04703552
v -0.03181301 -0.05566186 0.04882421
v -0.03106400 -0.05802210 0.04703552
v -0.03131358 -0.05730274 0.04706365
v -0.03181301 -0.05566186 0.04882421
v -0.03181301 -0.05566186 0.04882421
v -0.03131358 -0.05730274 0.04706365
v -0.03232845 -0.05360258 0.04718817
v -0.03181301 -0.05566186 0.04882421
v -0.03232845 -0.05360258 0.04718817
v -0.03283913 -0.05103348 0.04895848
v -0.03232845 -0.05360258 0.04718817
v -0.03278210 -0.05135382 0.04724952
v -0.03283913 -0.05103348 0.04895848
v -0.03283913 -0.05103348 0.04895848
v -0.03278210 -0.05135382 0.04724952
v -0.03303165 -0.04987725 0.04728448
v -0.03283913 -0.05103348 0.04895848
v -0.03303165 -0.04987725 0.04728448
v -0.03351435 -0.04634321 0.04905233
v -0.03351435 -0.04634321 0.04905233
v -0.03303165 -0.04987725 0.04728448
v -0.03376760 -0.04398787 0.04738349
v -0.03351435 -0.04634321 0.04905233
v -0.03376760 -0.04398787 0.04738349
v -0.03376760 -0.04398788 0.04907939
v -0.02544424 -0.06960085 0.04808651
v -0.02544424 -0.06960081 0.04638343
v -0.02548800 -0.06877816 0.04642369
v -0.02544424 -0.06960085 0.04808651
v -0.02548800 -0.06877816 0.04642369
v -0.02566689 -0.06773960 0.04818265
v -0.02566689 -0.06773960 0.04818265
v -0.02548800 -0.06877816 0.04642369
v -0.02590070 -0.06695019 0.04652401
v -0.02566689 -0.06773960 0.04818265
v -0.02590070 -0.06695019 0.04652401
v -0.02591673 -0.06690528 0.04823041
v -0.02591673 -0.06690528 0.04823041
v -0.02590070 -0.06695019 0.04652401
v -0.02623496 -0.06614599 0.04657328
v -0.02591673 -0.06690528 0.04823041
v -0.02623496 -0.06614599 0.04657328
v -0.02675370 -0.06522793 0.04833713
v -0.02675370 -0.06522793 0.04833713
v -0.02623496 -0.06614599 0.04657328
v -0.02724006 -0.06456332 0.04668053
v -0.02675370 -0.06522793 0.04833713
v -0.02724006 -0.06456332 0.04668053
v -0.02724005 -0.06456334 0.04838277
v -0.02535910 -0.12173153 0.04542219
v -0.02535639 -0.12339166 0.04545100
v -0.02535556 -0.12389546 0.04495100
v -0.02537510 -0.11193510 0.04531663
v -0.02537183 -0.11394165 0.04527278
v -0.02537146 -0.11416372 0.04356811
v -0.02544424 -0.06960081 0.04638343
v -0.02544424 -0.06960085 0.04808651
v -0.02541865 -0.08527230 0.04547905
v -0.02541865 -0.08527230 0.04547905
v -0.02544424 -0.06960085 0.04808651
v -0.02541303 -0.08871502 0.04694626
v -0.02541865 -0.08527230 0.04547905
v -0.02541303 -0.08871502 0.04694626
v -0.02538750 -0.10434379 0.04401490
v -0.02538750 -0.10434379 0.04401490
v -0.02541303 -0.08871502 0.04694626
v -0.02538727 -0.10448695 0.04570974
v -0.02538750 -0.10434379 0.04401490
v -0.02538727 -0.10448695 0.04570974
v -0.02537947 -0.10925792 0.04371208
v -0.02537947 -0.10925792 0.04371208
v -0.02538727 -0.10448695 0.04570974
v -0.02537510 -0.11193510 0.04531663
v -0.02537947 -0.10925792 0.04371208
v -0.02537510 -0.11193510 0.04531663
v -0.02537801 -0.11015314 0.04367471
v -0.02537801 -0.11015314 0.04367471
v -0.02537510 -0.11193510 0.04531663
v -0.02537146 -0.11416372 0.04356811
v -0.02535556 -0.12389546 0.04495100
v -0.02535556 -0.12389545 0.04376062
v -0.02535910 -0.12173153 0.04542219
v -0.02535910 -0.12173153 0.04542219
v -0.02535556 -0.12389545 0.04376062
v -0.02536338 -0.11911044 0.04362951
v -0.02535910 -0.12173153 0.04542219
v -0.02536338 -0.11911044 0.04362951
v -0.02537183 -0.11394165 0.04527278
v -0.02537183 -0.11394165 0.04527278
v -0.02536338 -0.11911044 0.04362951
v -0.02536898 -0.11568652 0.04355891
v -0.02537183 -0.11394165 0.04527278
v -0.02536898 -0.11568652 0.04355891
v -0.02537146 -0.11416372 0.04356811
v -0.02537801 -0.11015314 0.04367471
v -0.02537146 -0.11416372 0.04356811
v -0.03081722 -0.11418298 0.04356749
v -0.02535556 -0.12389545 0.04376062
v -0.02890722 -0.12389609 0.04365787
v -0.02536338 -0.11911044 0.04362951
v -0.02536338 -0.11911044 0.04362951
v -0.02890722 -0.12389609 0.04365787
v -0.03081722 -0.11418298 0.04356749
v -0.02536338 -0.11911044 0.04362951
v -0.03081722 -0.11418298 0.04356749
v -0.02536898 -0.11568652 0.04355891
v -0.02536898 -0.11568652 0.04355891
v -0.03081722 -0.11418298 0.04356749
v -0.02537146 -0.11416372 0.04356811
v -0.02634759 -0.10434353 0.04403372
v -0.02538750 -0.10434379 0.04401490
v -0.03081722 -0.11418298 0.04356749
v -0.03081722 -0.11418298 0.04356749
v -0.02538750 -0.10434379 0.04401490
v -0.02537947 -0.10925792 0.04371208
v -0.03081722 -0.11418298 0.04356749
v -0.02537947 -0.10925792 0.04371208
v -0.02537801 -0.11015314 0.04367471
v -0.03623215 -0.12389726 0.04266152
v -0.03626645 -0.12122945 0.04280563
v -0.02890722 -0.12389609 0.04365787
v -0.02890722 -0.12389609 0.04365787
v -0.03626645 -0.12122945 0.04280563
v -0.03550125 -0.12122945 0.04290678
v -0.02890722 -0.12389609 0.04365787
v -0.03550125 -0.12122945 0.04290678
v -0.03081722 -0.11418298 0.04356749
v -0.03081722 -0.11418298 0.04356749
v -0.03550125 -0.12122945 0.04290678
v -0.03550125 -0.11168467 0.04346106
v -0.03081722 -0.11418298 0.04356749
v -0.03550125 -0.11168467 0.04346106
v -0.02634759 -0.10434353 0.04403372
v -0.02634759 -0.10434353 0.04403372
v -0.03550125 -0.11168467 0.04346106
v -0.03550125 -0.10434173 0.04404385
v -0.02541865 -0.08527230 0.04547905
v -0.02538750 -0.10434379 0.04401490
v -0.02634759 -0.10434353 0.04403372
v -0.03550125 -0.05180601 0.04723963
v -0.03278210 -0.05135382 0.04724952
v -0.03232845 -0.05360258 0.04718817
v -0.03550125 -0.05180601 0.04723963
v -0.03232845 -0.05360258 0.04718817
v -0.03550125 -0.06225670 0.04688847
v -0.03550125 -0.06225670 0.04688847
v -0.03232845 -0.05360258 0.04718817
v -0.03131358 -0.05730274 0.04706365
v -0.03550125 -0.06225670 0.04688847
v -0.03131358 -0.05730274 0.04706365
v -0.03106400 -0.05802210 0.04703552
v -0.03106400 -0.05802210 0.04703552
v -0.02994004 -0.06064989 0.04691891
v -0.03550125 -0.06225670 0.04688847
v -0.03550125 -0.06225670 0.04688847
v -0.02994004 -0.06064989 0.04691891
v -0.02906340 -0.06218658 0.04683725
v -0.03550125 -0.06225670 0.04688847
v -0.02906340 -0.06218658 0.04683725
v -0.03550125 -0.07813827 0.04605061
v -0.02590070 -0.06695019 0.04652401
v -0.02548800 -0.06877816 0.04642369
v -0.03550125 -0.07813827 0.04605061
v -0.03550125 -0.07813827 0.04605061
v -0.02548800 -0.06877816 0.04642369
v -0.02544424 -0.06960081 0.04638343
v -0.03550125 -0.07813827 0.04605061
v -0.02544424 -0.06960081 0.04638343
v -0.03550125 -0.08370398 0.04568123
v -0.03550125 -0.08370398 0.04568123
v -0.02544424 -0.06960081 0.04638343
v -0.02541865 -0.08527230 0.04547905
v -0.03550125 -0.08370398 0.04568123
v -0.02541865 -0.08527230 0.04547905
v -0.03550125 -0.08742777 0.04541500
v -0.03550125 -0.08742777 0.04541500
v -0.02541865 -0.08527230 0.04547905
v -0.02634759 -0.10434353 0.04403372
v -0.03550125 -0.08742777 0.04541500
v -0.02634759 -0.10434353 0.04403372
v -0.03550125 -0.10434173 0.04404385
v -0.02906340 -0.06218658 0.04683725
v -0.02840429 -0.06312501 0.04678008
v -0.03550125 -0.07813827 0.04605061
v -0.03550125 -0.07813827 0.04605061
v -0.02840429 -0.06312501 0.04678008
v -0.02822733 -0.06335021 0.04676526
v -0.03550125 -0.07813827 0.04605061
v -0.02822733 -0.06335021 0.04676526
v -0.02818229 -0.06340587 0.04676152
v -0.02590070 -0.06695019 0.04652401
v -0.03550125 -0.07813827 0.04605061
v -0.02623496 -0.06614599 0.04657328
v -0.02623496 -0.06614599 0.04657328
v -0.03550125 -0.07813827 0.04605061
v -0.02818229 -0.06340587 0.04676152
v -0.02623496 -0.06614599 0.04657328
v -0.02818229 -0.06340587 0.04676152
v -0.02724006 -0.06456332 0.04668053
v -0.03550125 -0.03442870 0.04740754
v -0.03444875 -0.03420711 0.04740318
v -0.03431430 -0.03676874 0.04741603
v -0.03550125 -0.03442870 0.04740754
v -0.03431430 -0.03676874 0.04741603
v -0.03550125 -0.04680781 0.04734433
v -0.03550125 -0.04680781 0.04734433
v -0.03431430 -0.03676874 0.04741603
v -0.03376760 -0.04398787 0.04738349
v -0.03550125 -0.04680781 0.04734433
v -0.03376760 -0.04398787 0.04738349
v -0.03550125 -0.05180601 0.04723963
v -0.03550125 -0.05180601 0.04723963
v -0.03376760 -0.04398787 0.04738349
v -0.03303165 -0.04987725 0.04728448
v -0.03550125 -0.05180601 0.04723963
v -0.03303165 -0.04987725 0.04728448
v -0.03278210 -0.05135382 0.04724952
v -0.04802651 -0.01610067 0.04805241
v -0.04406551 -0.01853601 0.04849413
v -0.04348261 -0.01681872 0.04844731
v -0.04458088 -0.01359089 0.04812654
v -0.04810601 -0.01106359 0.04762135
v -0.04960190 -0.01290998 0.04769555
v -0.03646172 -0.01762895 0.04873681
v -0.04067495 -0.01580078 0.04849773
v -0.04203293 -0.01698536 0.04852710
v -0.04203293 -0.01698536 0.04852710
v -0.04067495 -0.01580078 0.04849773
v -0.04458088 -0.01359089 0.04812654
v -0.04203293 -0.01698536 0.04852710
v -0.04458088 -0.01359089 0.04812654
v -0.04322441 -0.01634252 0.04843052
v -0.04322441 -0.01634252 0.04843052
v -0.04458088 -0.01359089 0.04812654
v -0.04960190 -0.01290998 0.04769555
v -0.04322441 -0.01634252 0.04843052
v -0.04960190 -0.01290998 0.04769555
v -0.05060938 -0.01417443 0.04764132
v -0.04229121 -0.01746156 0.04854351
v -0.03482773 -0.02241391 0.04891443
v -0.03486579 -0.02029885 0.04885456
v -0.04348261 -0.01681872 0.04844731
v -0.04406551 -0.01853601 0.04849413
v -0.04229121 -0.01746156 0.04854351
v -0.04229121 -0.01746156 0.04854351
v -0.04406551 -0.01853601 0.04849413
v -0.04000360 -0.02050705 0.04877063
v -0.04229121 -0.01746156 0.04854351
v -0.04000360 -0.02050705 0.04877063
v -0.03482773 -0.02241391 0.04891443
v -0.03489711 -0.01818388 0.04879000
v -0.03646172 -0.01762895 0.04873681
v -0.03486579 -0.02029885 0.04885456
v -0.03486579 -0.02029885 0.04885456
v -0.03646172 -0.01762895 0.04873681
v -0.04203293 -0.01698536 0.04852710
v -0.03486579 -0.02029885 0.04885456
v -0.04203293 -0.01698536 0.04852710
v -0.04229121 -0.01746156 0.04854351
v -0.04229121 -0.01746156 0.04854351
v -0.04203293 -0.01698536 0.04852710
v -0.04322441 -0.01634252 0.04843052
v -0.04229121 -0.01746156 0.04854351
v -0.04322441 -0.01634252 0.04843052
v -0.04348261 -0.01681872 0.04844731
v -0.04348261 -0.01681872 0.04844731
v -0.04322441 -0.01634252 0.04843052
v -0.05060938 -0.01417443 0.04764132
v -0.04348261 -0.01681872 0.04844731
v -0.05060938 -0.01417443 0.04764132
v -0.04802651 -0.01610067 0.04805241
v -0.05833082 -0.00591590 0.04522215
v -0.06008236 -0.00339630 0.04429054
v -0.06082542 -0.01262934 0.04477157
v -0.05060938 -0.01417443 0.04764132
v -0.05436243 -0.02237028 0.04719792
v -0.04802651 -0.01610067 0.04805241
v -0.04802651 -0.01610067 0.04805241
v -0.05436243 -0.02237028 0.04719792
v -0.04890574 -0.02266410 0.04810340
v -0.04802651 -0.01610067 0.04805241
v -0.04890574 -0.02266410 0.04810340
v -0.04406551 -0.01853601 0.04849413
v -0.04406551 -0.01853601 0.04849413
v -0.04890574 -0.02266410 0.04810340
v -0.04408110 -0.02292558 0.04859423
v -0.04406551 -0.01853601 0.04849413
v -0.04408110 -0.02292558 0.04859423
v -0.04000360 -0.02050705 0.04877063
v -0.05976061 -0.02208673 0.04564225
v -0.05803646 -0.02217555 0.04624045
v -0.05780815 -0.01278071 0.04598874
v -0.05780815 -0.01278071 0.04598874
v -0.05803646 -0.02217555 0.04624045
v -0.05436243 -0.02237028 0.04719792
v -0.05780815 -0.01278071 0.04598874
v -0.05436243 -0.02237028 0.04719792
v -0.05447921 -0.01296029 0.04690425
v -0.05447921 -0.01296029 0.04690425
v -0.05436243 -0.02237028 0.04719792
v -0.05060938 -0.01417443 0.04764132
v -0.05447921 -0.01296029 0.04690425
v -0.05060938 -0.01417443 0.04764132
v -0.05211088 -0.01291242 0.04734532
v -0.05833082 -0.00591590 0.04522215
v -0.06082542 -0.01262934 0.04477157
v -0.05732543 -0.00725835 0.04568683
v -0.05211088 -0.01291242 0.04734532
v -0.05488005 -0.01019357 0.04661456
v -0.05447921 -0.01296029 0.04690425
v -0.05447921 -0.01296029 0.04690425
v -0.05488005 -0.01019357 0.04661456
v -0.05732543 -0.00725835 0.04568683
v -0.05447921 -0.01296029 0.04690425
v -0.05732543 -0.00725835 0.04568683
v -0.05780815 -0.01278071 0.04598874
v -0.05780815 -0.01278071 0.04598874
v -0.05732543 -0.00725835 0.04568683
v -0.06082542 -0.01262934 0.04477157
v -0.05780815 -0.01278071 0.04598874
v -0.06082542 -0.01262934 0.04477157
v -0.05976061 -0.02208673 0.04564225
v -0.05976061 -0.02208673 0.04564225
v -0.06082542 -0.01262934 0.04477157
v -0.06143136 -0.02200300 0.04494175
v -0.04408110 -0.02292558 0.04859423
v -0.04194628 -0.02304369 0.04873938
v -0.04000360 -0.02050705 0.04877063
v -0.04000360 -0.02050705 0.04877063
v -0.04194628 -0.02304369 0.04873938
v -0.03480624 -0.02345619 0.04895098
v -0.04000360 -0.02050705 0.04877063
v -0.03480624 -0.02345619 0.04895098
v -0.03482773 -0.02241391 0.04891443
v -0.03494718 0.04311823 -0.01865574
v -0.03494713 0.04121919 -0.02261944
v -0.06607138 0.02876988 -0.01860764
v -0.06607138 0.02876988 -0.01860764
v -0.03494713 0.04121919 -0.02261944
v -0.06588097 0.02701808 -0.02247770
v -0.03494713 0.04121919 -0.02261944
v -0.03494708 0.03909278 -0.02599493
v -0.06588097 0.02701808 -0.02247770
v -0.06588097 0.02701808 -0.02247770
v -0.03494708 0.03909278 -0.02599493
v -0.03494707 0.03855669 -0.02672995
v -0.06588097 0.02701808 -0.02247770
v -0.03494707 0.03855669 -0.02672995
v -0.06563331 0.02483616 -0.02612336
v -0.06563331 0.02483616 -0.02612336
v -0.03494707 0.03855669 -0.02672995
v -0.03494705 0.03762867 -0.02791765
v -0.06563331 0.02483616 -0.02612336
v -0.03494705 0.03762867 -0.02791765
v -0.06549777 0.02372911 -0.02766654
v -0.06549777 0.02372911 -0.02766654
v -0.03494705 0.03762867 -0.02791765
v -0.03494700 0.03598068 -0.02980921
v -0.06549777 0.02372911 -0.02766654
v -0.03494700 0.03598068 -0.02980921
v -0.06530935 0.02226243 -0.02948541
v -0.06530935 0.02226243 -0.02948541
v -0.03494700 0.03598068 -0.02980921
v -0.03494693 0.03307161 -0.03262619
v -0.06530935 0.02226243 -0.02948541
v -0.03494693 0.03307161 -0.03262619
v -0.06505394 0.02033479 -0.03156974
v -0.06505394 0.02033479 -0.03156974
v -0.03494693 0.03307161 -0.03262619
v -0.06491820 0.01931832 -0.03255383
v -0.06491820 0.01931832 -0.03255383
v -0.03494693 0.03307161 -0.03262619
v -0.03494686 0.02984083 -0.03518989
v -0.06491820 0.01931832 -0.03255383
v -0.03494686 0.02984083 -0.03518989
v -0.06448942 0.01646602 -0.03499921
v -0.04810600 -0.01106309 -0.04727978
v -0.04690566 -0.01198879 -0.04747422
v -0.04825447 -0.01124404 -0.04729442
v -0.04825447 -0.01124404 -0.04729442
v -0.04690566 -0.01198879 -0.04747422
v -0.04960189 -0.01290948 -0.04735400
v -0.04322442 -0.01634203 -0.04808899
v -0.04348260 -0.01681821 -0.04810580
v -0.04960189 -0.01290948 -0.04735400
v -0.04960189 -0.01290948 -0.04735400
v -0.04348260 -0.01681821 -0.04810580
v -0.05060938 -0.01417395 -0.04729977
v -0.03889225 -0.02096692 -0.04847858
v -0.04309156 -0.01905220 -0.04823327
v -0.04229119 -0.01746102 -0.04820200
v -0.04229119 -0.01746102 -0.04820200
v -0.04309156 -0.01905220 -0.04823327
v -0.04698807 -0.01679468 -0.04784668
v -0.03889225 -0.02096692 -0.04847858
v -0.04229119 -0.01746102 -0.04820200
v -0.03482773 -0.02241340 -0.04857334
v -0.03482773 -0.02241340 -0.04857334
v -0.04229119 -0.01746102 -0.04820200
v -0.04203293 -0.01698488 -0.04818558
v -0.03482773 -0.02241340 -0.04857334
v -0.04203293 -0.01698488 -0.04818558
v -0.03486580 -0.02029836 -0.04851307
v -0.04960189 -0.01290948 -0.04735400
v -0.04690566 -0.01198879 -0.04747422
v -0.04322442 -0.01634203 -0.04808899
v -0.04322442 -0.01634203 -0.04808899
v -0.04690566 -0.01198879 -0.04747422
v -0.04330895 -0.01437158 -0.04792424
v -0.04322442 -0.01634203 -0.04808899
v -0.04330895 -0.01437158 -0.04792424
v -0.03929583 -0.01645629 -0.04825102
v -0.03489711 -0.01818336 -0.04844887
v -0.03486580 -0.02029836 -0.04851307
v -0.03929583 -0.01645629 -0.04825102
v -0.03929583 -0.01645629 -0.04825102
v -0.03486580 -0.02029836 -0.04851307
v -0.04203293 -0.01698488 -0.04818558
v -0.03929583 -0.01645629 -0.04825102
v -0.04203293 -0.01698488 -0.04818558
v -0.04322442 -0.01634203 -0.04808899
v -0.04322442 -0.01634203 -0.04808899
v -0.04203293 -0.01698488 -0.04818558
v -0.04229119 -0.01746102 -0.04820200
v -0.04322442 -0.01634203 -0.04808899
v -0.04229119 -0.01746102 -0.04820200
v -0.04348260 -0.01681821 -0.04810580
v -0.04348260 -0.01681821 -0.04810580
v -0.04229119 -0.01746102 -0.04820200
v -0.04698807 -0.01679468 -0.04784668
v -0.04348260 -0.01681821 -0.04810580
v -0.04698807 -0.01679468 -0.04784668
v -0.05060938 -0.01417395 -0.04729977
v -0.05211082 -0.01291194 -0.04700341
v -0.05448385 -0.01301557 -0.04656499
v -0.05438490 -0.01072602 -0.04642655
v -0.03482773 -0.02241340 -0.04857334
v -0.03480624 -0.02345568 -0.04860990
v -0.03889225 -0.02096692 -0.04847858
v -0.03889225 -0.02096692 -0.04847858
v -0.03480624 -0.02345568 -0.04860990
v -0.04206547 -0.02303655 -0.04839091
v -0.03889225 -0.02096692 -0.04847858
v -0.04206547 -0.02303655 -0.04839091
v -0.04309156 -0.01905220 -0.04823327
v -0.04309156 -0.01905220 -0.04823327
v -0.04206547 -0.02303655 -0.04839091
v -0.04408110 -0.02292510 -0.04825277
v -0.04309156 -0.01905220 -0.04823327
v -0.04408110 -0.02292510 -0.04825277
v -0.04698807 -0.01679468 -0.04784668
v -0.04698807 -0.01679468 -0.04784668
v -0.04408110 -0.02292510 -0.04825277
v -0.04858420 -0.02268092 -0.04780232
v -0.04698807 -0.01679468 -0.04784668
v -0.04858420 -0.02268092 -0.04780232
v -0.05060938 -0.01417395 -0.04729977
v -0.05060938 -0.01417395 -0.04729977
v -0.04858420 -0.02268092 -0.04780232
v -0.05373607 -0.02240345 -0.04698619
v -0.05438490 -0.01072602 -0.04642655
v -0.05448385 -0.01301557 -0.04656499
v -0.05646690 -0.00834343 -0.04570358
v -0.05646690 -0.00834343 -0.04570358
v -0.05448385 -0.01301557 -0.04656499
v -0.05781244 -0.01283605 -0.04564924
v -0.05646690 -0.00834343 -0.04570358
v -0.05781244 -0.01283605 -0.04564924
v -0.05717831 -0.00744800 -0.04540914
v -0.05717831 -0.00744800 -0.04540914
v -0.05781244 -0.01283605 -0.04564924
v -0.06082944 -0.01268469 -0.04443196
v -0.05717831 -0.00744800 -0.04540914
v -0.06082944 -0.01268469 -0.04443196
v -0.06008228 -0.00339586 -0.04394867
v -0.06143136 -0.02200253 -0.04460029
v -0.06082944 -0.01268469 -0.04443196
v -0.05976061 -0.02208625 -0.04530079
v -0.05976061 -0.02208625 -0.04530079
v -0.06082944 -0.01268469 -0.04443196
v -0.05781244 -0.01283605 -0.04564924
v -0.05976061 -0.02208625 -0.04530079
v -0.05781244 -0.01283605 -0.04564924
v -0.05773734 -0.02219068 -0.04599173
v -0.05773734 -0.02219068 -0.04599173
v -0.05781244 -0.01283605 -0.04564924
v -0.05448385 -0.01301557 -0.04656499
v -0.05773734 -0.02219068 -0.04599173
v -0.05448385 -0.01301557 -0.04656499
v -0.05373607 -0.02240345 -0.04698619
v -0.05373607 -0.02240345 -0.04698619
v -0.05448385 -0.01301557 -0.04656499
v -0.05211082 -0.01291194 -0.04700341
v -0.05373607 -0.02240345 -0.04698619
v -0.05211082 -0.01291194 -0.04700341
v -0.05060938 -0.01417395 -0.04729977
v -0.06143136 -0.02200253 -0.04460029
v -0.06031155 -0.03186851 -0.04533968
v -0.06466642 -0.03166980 -0.04322549
v -0.06143136 -0.02200253 -0.04460029
v -0.06466642 -0.03166980 -0.04322549
v -0.06369442 -0.02189427 -0.04340768
v -0.06369442 -0.02189427 -0.04340768
v -0.06466642 -0.03166980 -0.04322549
v -0.06686322 -0.03157752 -0.04167439
v -0.06369442 -0.02189427 -0.04340768
v -0.06686322 -0.03157752 -0.04167439
v -0.06627547 -0.02178011 -0.04159033
v -0.05268368 -0.03810401 -0.04735556
v -0.05788066 -0.03925831 -0.04617915
v -0.05430325 -0.03695689 -0.04704067
v -0.05430325 -0.03695689 -0.04704067
v -0.05788066 -0.03925831 -0.04617915
v -0.06058445 -0.03986518 -0.04532167
v -0.05430325 -0.03695689 -0.04704067
v -0.06058445 -0.03986518 -0.04532167
v -0.06049012 -0.03666833 -0.04533748
v -0.06049012 -0.03666833 -0.04533748
v -0.06058445 -0.03986518 -0.04532167
v -0.06162039 -0.04009777 -0.04491729
v -0.06049012 -0.03666833 -0.04533748
v -0.06162039 -0.04009777 -0.04491729
v -0.06486659 -0.03647233 -0.04323781
v -0.06486659 -0.03647233 -0.04323781
v -0.06162039 -0.04009777 -0.04491729
v -0.06455680 -0.04076218 -0.04348204
v -0.04456205 -0.03260044 -0.04838406
v -0.04472242 -0.03637112 -0.04839009
v -0.04650250 -0.03675497 -0.04822385
v -0.04456205 -0.03260044 -0.04838406
v -0.04650250 -0.03675497 -0.04822385
v -0.05412840 -0.03215518 -0.04705464
v -0.03446481 -0.03386319 -0.04875896
v -0.03444925 -0.03419628 -0.04876075
v -0.04456205 -0.03260044 -0.04838406
v -0.04456205 -0.03260044 -0.04838406
v -0.03444925 -0.03419628 -0.04876075
v -0.03937867 -0.03523105 -0.04870120
v -0.04456205 -0.03260044 -0.04838406
v -0.03937867 -0.03523105 -0.04870120
v -0.04472242 -0.03637112 -0.04839009
v -0.04456205 -0.03260044 -0.04838406
v -0.04408110 -0.02292510 -0.04825277
v -0.04206547 -0.02303655 -0.04839091
v -0.03446481 -0.03386319 -0.04875896
v -0.04456205 -0.03260044 -0.04838406
v -0.03466728 -0.02865943 -0.04870774
v -0.03466728 -0.02865943 -0.04870774
v -0.04456205 -0.03260044 -0.04838406
v -0.04206547 -0.02303655 -0.04839091
v -0.03466728 -0.02865943 -0.04870774
v -0.04206547 -0.02303655 -0.04839091
v -0.03480624 -0.02345568 -0.04860990
v -0.06143136 -0.02200253 -0.04460029
v -0.05976061 -0.02208625 -0.04530079
v -0.06031155 -0.03186851 -0.04533968
v -0.06031155 -0.03186851 -0.04533968
v -0.05976061 -0.02208625 -0.04530079
v -0.05773734 -0.02219068 -0.04599173
v -0.06031155 -0.03186851 -0.04533968
v -0.05773734 -0.02219068 -0.04599173
v -0.05412840 -0.03215518 -0.04705464
v -0.05412840 -0.03215518 -0.04705464
v -0.05773734 -0.02219068 -0.04599173
v -0.05373607 -0.02240345 -0.04698619
v -0.05412840 -0.03215518 -0.04705464
v -0.05373607 -0.02240345 -0.04698619
v -0.04456205 -0.03260044 -0.04838406
v -0.04456205 -0.03260044 -0.04838406
v -0.05373607 -0.02240345 -0.04698619
v -0.04858420 -0.02268092 -0.04780232
v -0.04456205 -0.03260044 -0.04838406
v -0.04858420 -0.02268092 -0.04780232
v -0.04408110 -0.02292510 -0.04825277
v -0.04650250 -0.03675497 -0.04822385
v -0.05268368 -0.03810401 -0.04735556
v -0.05412840 -0.03215518 -0.04705464
v -0.05412840 -0.03215518 -0.04705464
v -0.05268368 -0.03810401 -0.04735556
v -0.05430325 -0.03695689 -0.04704067
v -0.05412840 -0.03215518 -0.04705464
v -0.05430325 -0.03695689 -0.04704067
v -0.06031155 -0.03186851 -0.04533968
v -0.06031155 -0.03186851 -0.04533968
v -0.05430325 -0.03695689 -0.04704067
v -0.06049012 -0.03666833 -0.04533748
v -0.06031155 -0.03186851 -0.04533968
v -0.06049012 -0.03666833 -0.04533748
v -0.06466642 -0.03166980 -0.04322549
v -0.06466642 -0.03166980 -0.04322549
v -0.06049012 -0.03666833 -0.04533748
v -0.06486659 -0.03647233 -0.04323781
v -0.06466642 -0.03166980 -0.04322549
v -0.06486659 -0.03647233 -0.04323781
v -0.06686322 -0.03157752 -0.04167439
v -0.06686322 -0.03157752 -0.04167439
v -0.06486659 -0.03647233 -0.04323781
v -0.06455680 -0.04076218 -0.04348204
v -0.06686322 -0.03157752 -0.04167439
v -0.06455680 -0.04076218 -0.04348204
v -0.06731891 -0.04138219 -0.04163261
v -0.06095068 0.00663425 0.04113312
v -0.03494667 0.01853250 0.04168125
v -0.06326582 0.01323033 0.03723964
v -0.06326582 0.01323033 0.03723964
v -0.03494667 0.01853250 0.04168125
v -0.03494664 0.02034927 0.04090756
v -0.06326582 0.01323033 0.03723964
v -0.03494664 0.02034927 0.04090756
v -0.03494671 0.02375269 0.03926682
v -0.03494671 0.02375269 0.03926682
v -0.03494677 0.02610521 0.03796235
v -0.06326582 0.01323033 0.03723964
v -0.06326582 0.01323033 0.03723964
v -0.03494677 0.02610521 0.03796235
v -0.03494681 0.02789906 0.03685595
v -0.06326582 0.01323033 0.03723964
v -0.03494681 0.02789906 0.03685595
v -0.06410186 0.01636578 0.03504203
v -0.03494681 0.02789906 0.03685595
v -0.03494690 0.03163083 0.03417335
v -0.06410186 0.01636578 0.03504203
v -0.06410186 0.01636578 0.03504203
v -0.03494690 0.03163083 0.03417335
v -0.03494698 0.03497226 0.03119386
v -0.06410186 0.01636578 0.03504203
v -0.03494698 0.03497226 0.03119386
v -0.06469800 0.01958321 0.03236982
v -0.03494718 0.04311799 0.01899766
v -0.06607137 0.02876967 0.01894962
v -0.03494715 0.04217511 0.02111906
v -0.03494715 0.04217511 0.02111906
v -0.06607137 0.02876967 0.01894962
v -0.06586786 0.02708043 0.02266778
v -0.03494715 0.04217511 0.02111906
v -0.06586786 0.02708043 0.02266778
v -0.03494711 0.04022721 0.02463939
v -0.03494711 0.04022721 0.02463939
v -0.06586786 0.02708043 0.02266778
v -0.06557398 0.02496541 0.02617242
v -0.03494711 0.04022721 0.02463939
v -0.06557398 0.02496541 0.02617242
v -0.03494705 0.03791604 0.02790218
v -0.03494705 0.03791604 0.02790218
v -0.06557398 0.02496541 0.02617242
v -0.06517991 0.02245943 0.02941184
v -0.03494705 0.03791604 0.02790218
v -0.06517991 0.02245943 0.02941184
v -0.03494698 0.03497226 0.03119386
v -0.03494698 0.03497226 0.03119386
v -0.06517991 0.02245943 0.02941184
v -0.06486090 0.02055680 0.03144021
v -0.03494698 0.03497226 0.03119386
v -0.06486090 0.02055680 0.03144021
v -0.06469800 0.01958321 0.03236982
v -0.03497693 -0.00528193 -0.04559894
v -0.03550125 -0.00552398 -0.04559893
v -0.03495906 -0.01136600 -0.04629548
v -0.03495906 -0.01136600 -0.04629548
v -0.03550125 -0.00552398 -0.04559893
v -0.03550125 -0.01239100 -0.04636493
v -0.03495906 -0.01136600 -0.04629548
v -0.03550125 -0.01239100 -0.04636493
v -0.03493879 -0.01431792 -0.04653729
v -0.03493879 -0.01431792 -0.04653729
v -0.03550125 -0.01239100 -0.04636493
v -0.03550125 -0.01803053 -0.04673074
v -0.03493879 -0.01431792 -0.04653729
v -0.03550125 -0.01803053 -0.04673074
v -0.03489921 -0.01802445 -0.04674120
v -0.03489921 -0.01802445 -0.04674120
v -0.03550125 -0.01803053 -0.04673074
v -0.03516170 -0.01814568 -0.04674136
v -0.03489921 -0.01802445 -0.04674120
v -0.03516170 -0.01814568 -0.04674136
v -0.03489643 -0.01823480 -0.04674922
v -0.03550125 0.00837895 -0.04283639
v -0.03497197 0.00170539 -0.04444371
v -0.03495736 0.00863077 -0.04283624
v -0.03550125 0.00837895 -0.04283639
v -0.03550125 0.00134913 -0.04446558
v -0.03497197 0.00170539 -0.04444371
v -0.03497197 0.00170539 -0.04444371
v -0.03550125 0.00134913 -0.04446558
v -0.03550125 -0.00552398 -0.04559893
v -0.03497197 0.00170539 -0.04444371
v -0.03550125 -0.00552398 -0.04559893
v -0.03497693 -0.00528193 -0.04559894
v -0.03081724 -0.11418249 -0.04322643
v -0.03550125 -0.11680827 -0.04277772
v -0.03550125 -0.12122919 -0.04256579
v -0.03626644 -0.12122921 -0.04246464
v -0.03623215 -0.12389673 -0.04232056
v -0.03550125 -0.12122919 -0.04256579
v -0.03550125 -0.12122919 -0.04256579
v -0.03623215 -0.12389673 -0.04232056
v -0.03272490 -0.12389615 -0.04287910
v -0.03550125 -0.12122919 -0.04256579
v -0.03272490 -0.12389615 -0.04287910
v -0.03081724 -0.11418249 -0.04322643
v -0.03081724 -0.11418249 -0.04322643
v -0.03272490 -0.12389615 -0.04287910
v -0.02906486 -0.12389557 -0.04330562
v -0.03550125 -0.11680827 -0.04277772
v -0.03081724 -0.11418249 -0.04322643
v -0.03550125 -0.11411725 -0.04294654
v -0.03550125 -0.11411725 -0.04294654
v -0.03081724 -0.11418249 -0.04322643
v -0.03088987 -0.10434214 -0.04374196
v -0.03550125 -0.11411725 -0.04294654
v -0.03088987 -0.10434214 -0.04374196
v -0.03550125 -0.10434128 -0.04370268
v -0.02536366 -0.11894123 -0.04328184
v -0.02537146 -0.11416327 -0.04322705
v -0.03081724 -0.11418249 -0.04322643
v -0.03081724 -0.11418249 -0.04322643
v -0.02537146 -0.11416327 -0.04322705
v -0.02537389 -0.11267434 -0.04325467
v -0.03081724 -0.11418249 -0.04322643
v -0.02537389 -0.11267434 -0.04325467
v -0.03088987 -0.10434214 -0.04374196
v -0.03088987 -0.10434214 -0.04374196
v -0.02537389 -0.11267434 -0.04325467
v -0.02537947 -0.10925748 -0.04337098
v -0.03088987 -0.10434214 -0.04374196
v -0.02537947 -0.10925748 -0.04337098
v -0.02538750 -0.10434335 -0.04367373
v -0.02906486 -0.12389557 -0.04330562
v -0.02535556 -0.12389497 -0.04341964
v -0.03081724 -0.11418249 -0.04322643
v -0.03081724 -0.11418249 -0.04322643
v -0.02535556 -0.12389497 -0.04341964
v -0.02536338 -0.11910999 -0.04328850
v -0.03081724 -0.11418249 -0.04322643
v -0.02536338 -0.11910999 -0.04328850
v -0.02536366 -0.11894123 -0.04328184
v -0.02537510 -0.11193464 -0.04497505
v -0.02537389 -0.11267434 -0.04325467
v -0.02537182 -0.11394115 -0.04493123
v -0.02537182 -0.11394115 -0.04493123
v -0.02537389 -0.11267434 -0.04325467
v -0.02537146 -0.11416327 -0.04322705
v -0.02537182 -0.11394115 -0.04493123
v -0.02537146 -0.11416327 -0.04322705
v -0.02535910 -0.12173096 -0.04508070
v -0.02535910 -0.12173096 -0.04508070
v -0.02537146 -0.11416327 -0.04322705
v -0.02536366 -0.11894123 -0.04328184
v -0.02535557 -0.12389496 -0.04460953
v -0.02535639 -0.12339107 -0.04511005
v -0.02535556 -0.12389497 -0.04341964
v -0.02535556 -0.12389497 -0.04341964
v -0.02535639 -0.12339107 -0.04511005
v -0.02535910 -0.12173096 -0.04508070
v -0.02535556 -0.12389497 -0.04341964
v -0.02535910 -0.12173096 -0.04508070
v -0.02536338 -0.11910999 -0.04328850
v -0.02536338 -0.11910999 -0.04328850
v -0.02535910 -0.12173096 -0.04508070
v -0.02536366 -0.11894123 -0.04328184
v -0.02544424 -0.06960033 -0.04774538
v -0.02544424 -0.06960035 -0.04604191
v -0.02541303 -0.08871448 -0.04660445
v -0.02541303 -0.08871448 -0.04660445
v -0.02544424 -0.06960035 -0.04604191
v -0.02541306 -0.08869387 -0.04490081
v -0.02541303 -0.08871448 -0.04660445
v -0.02541306 -0.08869387 -0.04490081
v -0.02538726 -0.10448652 -0.04536834
v -0.02538726 -0.10448652 -0.04536834
v -0.02541306 -0.08869387 -0.04490081
v -0.02538750 -0.10434335 -0.04367373
v -0.02538726 -0.10448652 -0.04536834
v -0.02538750 -0.10434335 -0.04367373
v -0.02537510 -0.11193464 -0.04497505
v -0.02537510 -0.11193464 -0.04497505
v -0.02538750 -0.10434335 -0.04367373
v -0.02537947 -0.10925748 -0.04337098
v -0.02537510 -0.11193464 -0.04497505
v -0.02537947 -0.10925748 -0.04337098
v -0.02537389 -0.11267434 -0.04325467
v -0.02544424 -0.06960035 -0.04604191
v -0.02544424 -0.06960033 -0.04774538
v -0.02548800 -0.06877772 -0.04778565
v -0.02544424 -0.06960035 -0.04604191
v -0.02548800 -0.06877772 -0.04778565
v -0.02566691 -0.06773908 -0.04613724
v -0.02566691 -0.06773908 -0.04613724
v -0.02548800 -0.06877772 -0.04778565
v -0.02590070 -0.06694972 -0.04788571
v -0.02566691 -0.06773908 -0.04613724
v -0.02590070 -0.06694972 -0.04788571
v -0.02591674 -0.06690475 -0.04618513
v -0.02591674 -0.06690475 -0.04618513
v -0.02590070 -0.06694972 -0.04788571
v -0.02623495 -0.06614552 -0.04793483
v -0.02591674 -0.06690475 -0.04618513
v -0.02623495 -0.06614552 -0.04793483
v -0.02675373 -0.06522739 -0.04629219
v -0.02675373 -0.06522739 -0.04629219
v -0.02623495 -0.06614552 -0.04793483
v -0.02724006 -0.06456283 -0.04804153
v -0.02675373 -0.06522739 -0.04629219
v -0.02724006 -0.06456283 -0.04804153
v -0.02724006 -0.06456284 -0.04633897
v -0.02754603 -0.06418697 -0.04806844
v -0.02724006 -0.06456284 -0.04633897
v -0.02724006 -0.06456283 -0.04804153
v -0.02724006 -0.06456284 -0.04633897
v -0.02754603 -0.06418697 -0.04806844
v -0.02795628 -0.06368303 -0.04640104
v -0.02795628 -0.06368303 -0.04640104
v -0.02754603 -0.06418697 -0.04806844
v -0.02818228 -0.06340539 -0.04812225
v -0.02795628 -0.06368303 -0.04640104
v -0.02818228 -0.06340539 -0.04812225
v -0.02813708 -0.06346092 -0.04641619
v -0.03376760 -0.04398738 -0.04873818
v -0.03376760 -0.04398739 -0.04704171
v -0.03308528 -0.04953267 -0.04865073
v -0.03308528 -0.04953267 -0.04865073
v -0.03376760 -0.04398739 -0.04704171
v -0.03292872 -0.05050982 -0.04692829
v -0.03308528 -0.04953267 -0.04865073
v -0.03292872 -0.05050982 -0.04692829
v -0.03250351 -0.05279179 -0.04857042
v -0.03250351 -0.05279179 -0.04857042
v -0.03292872 -0.05050982 -0.04692829
v -0.03229815 -0.05373592 -0.04684251
v -0.03250351 -0.05279179 -0.04857042
v -0.03229815 -0.05373592 -0.04684251
v -0.03161633 -0.05634308 -0.04845838
v -0.03161633 -0.05634308 -0.04845838
v -0.03229815 -0.05373592 -0.04684251
v -0.03126068 -0.05745978 -0.04671597
v -0.03161633 -0.05634308 -0.04845838
v -0.03126068 -0.05745978 -0.04671597
v -0.03052131 -0.05940092 -0.04833714
v -0.03052131 -0.05940092 -0.04833714
v -0.03126068 -0.05745978 -0.04671597
v -0.03000107 -0.06052792 -0.04658326
v -0.03052131 -0.05940092 -0.04833714
v -0.03000107 -0.06052792 -0.04658326
v -0.02936444 -0.06169927 -0.04822478
v -0.02936444 -0.06169927 -0.04822478
v -0.03000107 -0.06052792 -0.04658326
v -0.02957707 -0.06133070 -0.04654263
v -0.02936444 -0.06169927 -0.04822478
v -0.02957707 -0.06133070 -0.04654263
v -0.02818228 -0.06340539 -0.04812225
v -0.02818228 -0.06340539 -0.04812225
v -0.02957707 -0.06133070 -0.04654263
v -0.02818229 -0.06340540 -0.04641993
v -0.02818228 -0.06340539 -0.04812225
v -0.02818229 -0.06340540 -0.04641993
v -0.02813708 -0.06346092 -0.04641619
v -0.03088987 -0.10434214 -0.04374196
v -0.02538750 -0.10434335 -0.04367373
v -0.02541306 -0.08869387 -0.04490081
v -0.03550125 -0.04979456 -0.04694519
v -0.03550125 -0.05180516 -0.04689795
v -0.03292872 -0.05050982 -0.04692829
v -0.03444875 -0.03420662 -0.04706130
v -0.03550125 -0.03442821 -0.04706567
v -0.03399285 -0.04143217 -0.04706456
v -0.03399285 -0.04143217 -0.04706456
v -0.03550125 -0.03442821 -0.04706567
v -0.03550125 -0.04979456 -0.04694519
v -0.03399285 -0.04143217 -0.04706456
v -0.03550125 -0.04979456 -0.04694519
v -0.03376760 -0.04398739 -0.04704171
v -0.03376760 -0.04398739 -0.04704171
v -0.03550125 -0.04979456 -0.04694519
v -0.03292872 -0.05050982 -0.04692829
v -0.02795628 -0.06368303 -0.04640104
v -0.02813708 -0.06346092 -0.04641619
v -0.03550125 -0.07671805 -0.04579750
v -0.02795628 -0.06368303 -0.04640104
v -0.03550125 -0.07671805 -0.04579750
v -0.02724006 -0.06456284 -0.04633897
v -0.02566691 -0.06773908 -0.04613724
v -0.02591674 -0.06690475 -0.04618513
v -0.03550125 -0.07671805 -0.04579750
v -0.03550125 -0.07671805 -0.04579750
v -0.02591674 -0.06690475 -0.04618513
v -0.02675373 -0.06522739 -0.04629219
v -0.03550125 -0.07671805 -0.04579750
v -0.02675373 -0.06522739 -0.04629219
v -0.02724006 -0.06456284 -0.04633897
v -0.02813708 -0.06346092 -0.04641619
v -0.02818229 -0.06340540 -0.04641993
v -0.03550125 -0.07671805 -0.04579750
v -0.03550125 -0.07671805 -0.04579750
v -0.02818229 -0.06340540 -0.04641993
v -0.02957707 -0.06133070 -0.04654263
v -0.03550125 -0.07671805 -0.04579750
v -0.02957707 -0.06133070 -0.04654263
v -0.03550125 -0.05899521 -0.04667478
v -0.02957707 -0.06133070 -0.04654263
v -0.03000107 -0.06052792 -0.04658326
v -0.03550125 -0.05899521 -0.04667478
v -0.03550125 -0.05899521 -0.04667478
v -0.03000107 -0.06052792 -0.04658326
v -0.03126068 -0.05745978 -0.04671597
v -0.03550125 -0.05899521 -0.04667478
v -0.03126068 -0.05745978 -0.04671597
v -0.03550125 -0.05180516 -0.04689795
v -0.03550125 -0.05180516 -0.04689795
v -0.03126068 -0.05745978 -0.04671597
v -0.03229815 -0.05373592 -0.04684251
v -0.03550125 -0.05180516 -0.04689795
v -0.03229815 -0.05373592 -0.04684251
v -0.03292872 -0.05050982 -0.04692829
v -0.03550125 -0.10434128 -0.04370268
v -0.03088987 -0.10434214 -0.04374196
v -0.03550125 -0.08422678 -0.04530333
v -0.03550125 -0.08422678 -0.04530333
v -0.03088987 -0.10434214 -0.04374196
v -0.02541306 -0.08869387 -0.04490081
v -0.03550125 -0.08422678 -0.04530333
v -0.02541306 -0.08869387 -0.04490081
v -0.03550125 -0.07671805 -0.04579750
v -0.03550125 -0.07671805 -0.04579750
v -0.02541306 -0.08869387 -0.04490081
v -0.02544424 -0.06960035 -0.04604191
v -0.03550125 -0.07671805 -0.04579750
v -0.02544424 -0.06960035 -0.04604191
v -0.02566691 -0.06773908 -0.04613724
v -0.03399285 -0.04143217 -0.04706456
v -0.03376760 -0.04398739 -0.04704171
v -0.03376760 -0.04398738 -0.04873818
v -0.03446481 -0.03386319 -0.04875896
v -0.03446481 -0.03386319 -0.04705890
v -0.03444925 -0.03419628 -0.04876075
v -0.03444925 -0.03419628 -0.04876075
v -0.03446481 -0.03386319 -0.04705890
v -0.03444875 -0.03420662 -0.04706130
v -0.03399285 -0.04143217 -0.04706456
v -0.03376760 -0.04398738 -0.04873818
v -0.03444875 -0.03420662 -0.04706130
v -0.03444875 -0.03420662 -0.04706130
v -0.03376760 -0.04398738 -0.04873818
v -0.03431490 -0.03675793 -0.04877420
v -0.03444875 -0.03420662 -0.04706130
v -0.03431490 -0.03675793 -0.04877420
v -0.03444925 -0.03419628 -0.04876075
v -0.03550125 -0.03372861 -0.04706006
v -0.03550125 -0.03442821 -0.04706567
v -0.03444875 -0.03420662 -0.04706130
v -0.03480515 -0.02350614 -0.04691266
v -0.03550125 -0.02346126 -0.04690439
v -0.03466642 -0.02868596 -0.04700794
v -0.03466642 -0.02868596 -0.04700794
v -0.03550125 -0.02346126 -0.04690439
v -0.03550125 -0.03372861 -0.04706006
v -0.03466642 -0.02868596 -0.04700794
v -0.03550125 -0.03372861 -0.04706006
v -0.03446481 -0.03386319 -0.04705890
v -0.03446481 -0.03386319 -0.04705890
v -0.03550125 -0.03372861 -0.04706006
v -0.03444875 -0.03420662 -0.04706130
v -0.03497693 -0.00528193 -0.04559894
v -0.03495906 -0.01136600 -0.04629548
v -0.03495792 -0.01157138 -0.04802272
v -0.03495792 -0.01157138 -0.04802272
v -0.03495906 -0.01136600 -0.04629548
v -0.03493879 -0.01431792 -0.04653729
v -0.03495792 -0.01157138 -0.04802272
v -0.03493879 -0.01431792 -0.04653729
v -0.03489711 -0.01818336 -0.04844887
v -0.03494773 0.01547942 -0.04067011
v -0.03494841 0.01455843 -0.04100090
v -0.03494819 0.01483954 -0.04272600
v -0.03494819 0.01483954 -0.04272600
v -0.03494841 0.01455843 -0.04100090
v -0.03495736 0.00863077 -0.04283624
v -0.03494819 0.01483954 -0.04272600
v -0.03495736 0.00863077 -0.04283624
v -0.03495629 0.00916752 -0.04446500
v -0.03495629 0.00916752 -0.04446500
v -0.03495736 0.00863077 -0.04283624
v -0.03497197 0.00170539 -0.04444371
v -0.03495629 0.00916752 -0.04446500
v -0.03497197 0.00170539 -0.04444371
v -0.03497116 0.00214330 -0.04609711
v -0.03497116 0.00214330 -0.04609711
v -0.03497197 0.00170539 -0.04444371
v -0.03497693 -0.00528193 -0.04559894
v -0.03497116 0.00214330 -0.04609711
v -0.03497693 -0.00528193 -0.04559894
v -0.03497716 -0.00500269 -0.04728027
v -0.03497716 -0.00500269 -0.04728027
v -0.03497693 -0.00528193 -0.04559894
v -0.03495792 -0.01157138 -0.04802272
v -0.03494773 0.01547942 -0.04067011
v -0.03494819 0.01483954 -0.04272600
v -0.03494664 0.02034967 -0.03866282
v -0.03494664 0.02034967 -0.03866282
v -0.03494819 0.01483954 -0.04272600
v -0.03494663 0.02032866 -0.04057502
v -0.03494664 0.02034967 -0.03866282
v -0.03494663 0.02032866 -0.04057502
v -0.03494663 0.02034970 -0.04056634
v -0.03446481 -0.03386319 -0.04705890
v -0.03446481 -0.03386319 -0.04875896
v -0.03466642 -0.02868596 -0.04700794
v -0.03466642 -0.02868596 -0.04700794
v -0.03446481 -0.03386319 -0.04875896
v -0.03466728 -0.02865943 -0.04870774
v -0.03466642 -0.02868596 -0.04700794
v -0.03466728 -0.02865943 -0.04870774
v -0.03480515 -0.02350614 -0.04691266
v -0.03480515 -0.02350614 -0.04691266
v -0.03466728 -0.02865943 -0.04870774
v -0.03480624 -0.02345568 -0.04860990
v -0.03480515 -0.02350614 -0.04691266
v -0.03480624 -0.02345568 -0.04860990
v -0.03482673 -0.02246382 -0.04687696
v -0.03482673 -0.02246382 -0.04687696
v -0.03480624 -0.02345568 -0.04860990
v -0.03482773 -0.02241340 -0.04857334
v -0.03482673 -0.02246382 -0.04687696
v -0.03482773 -0.02241340 -0.04857334
v -0.03484711 -0.02138579 -0.04689146
v -0.03484711 -0.02138579 -0.04689146
v -0.03482773 -0.02241340 -0.04857334
v -0.03486580 -0.02029836 -0.04851307
v -0.03484711 -0.02138579 -0.04689146
v -0.03486580 -0.02029836 -0.04851307
v -0.03489643 -0.01823480 -0.04674922
v -0.03489643 -0.01823480 -0.04674922
v -0.03486580 -0.02029836 -0.04851307
v -0.03489711 -0.01818336 -0.04844887
v -0.03489643 -0.01823480 -0.04674922
v -0.03489711 -0.01818336 -0.04844887
v -0.03489921 -0.01802445 -0.04674120
v -0.03489921 -0.01802445 -0.04674120
v -0.03489711 -0.01818336 -0.04844887
v -0.03493879 -0.01431792 -0.04653729
v -0.03550125 -0.02224555 -0.04686780
v -0.03482673 -0.02246382 -0.04687696
v -0.03484711 -0.02138579 -0.04689146
v -0.03484711 -0.02138579 -0.04689146
v -0.03489643 -0.01823480 -0.04674922
v -0.03516170 -0.01814568 -0.04674136
v -0.03550125 -0.02224555 -0.04686780
v -0.03484711 -0.02138579 -0.04689146
v -0.03550125 -0.02018089 -0.04686899
v -0.03550125 -0.02018089 -0.04686899
v -0.03484711 -0.02138579 -0.04689146
v -0.03516170 -0.01814568 -0.04674136
v -0.03550125 -0.02018089 -0.04686899
v -0.03516170 -0.01814568 -0.04674136
v -0.03550125 -0.01803053 -0.04673074
v -0.03550125 -0.02346126 -0.04690439
v -0.03480515 -0.02350614 -0.04691266
v -0.03550125 -0.02224555 -0.04686780
v -0.03550125 -0.02224555 -0.04686780
v -0.03480515 -0.02350614 -0.04691266
v -0.03482673 -0.02246382 -0.04687696
v -0.03519979 0.03664623 0.02644010
v -0.03517172 0.03844016 0.02388798
v -0.03494706 0.03822283 0.02438607
v -0.03494684 0.02867955 0.03419861
v -0.03550125 0.02842836 0.03419518
v -0.03527350 0.03117911 0.03212590
v -0.03494684 0.02867955 0.03419861
v -0.03527350 0.03117911 0.03212590
v -0.03494691 0.03186604 0.03166204
v -0.03494691 0.03186604 0.03166204
v -0.03527350 0.03117911 0.03212590
v -0.03524252 0.03365388 0.02984659
v -0.03494691 0.03186604 0.03166204
v -0.03524252 0.03365388 0.02984659
v -0.03494697 0.03473028 0.02885968
v -0.03494697 0.03473028 0.02885968
v -0.03524252 0.03365388 0.02984659
v -0.03522906 0.03462096 0.02883685
v -0.03494697 0.03473028 0.02885968
v -0.03522906 0.03462096 0.02883685
v -0.03494700 0.03591126 0.02750679
v -0.03494706 0.03822283 0.02438607
v -0.03517172 0.03844016 0.02388798
v -0.03494708 0.03898759 0.02316675
v -0.03494708 0.03898759 0.02316675
v -0.03517172 0.03844016 0.02388798
v -0.03514688 0.03998353 0.02120827
v -0.03494708 0.03898759 0.02316675
v -0.03514688 0.03998353 0.02120827
v -0.03494712 0.04080270 0.01970658
v -0.03550125 0.04026903 0.02030281
v -0.03550125 0.04110617 0.01840616
v -0.03512538 0.04127780 0.01841295
v -0.03512538 0.04127780 0.01841295
v -0.03550125 0.04110617 0.01840616
v -0.03512534 0.04128025 0.01840699
v -0.03512538 0.04127780 0.01841295
v -0.03512534 0.04128025 0.01840699
v -0.03494713 0.04136238 0.01840724
v -0.03550125 0.03528999 0.02793990
v -0.03550125 0.03613871 0.02691182
v -0.03519979 0.03664623 0.02644010
v -0.03519979 0.03664623 0.02644010
v -0.03550125 0.03613871 0.02691182
v -0.03550125 0.03839411 0.02371912
v -0.03519979 0.03664623 0.02644010
v -0.03550125 0.03839411 0.02371912
v -0.03517172 0.03844016 0.02388798
v -0.03517172 0.03844016 0.02388798
v -0.03550125 0.03839411 0.02371912
v -0.03550125 0.04026903 0.02030281
v -0.03517172 0.03844016 0.02388798
v -0.03550125 0.04026903 0.02030281
v -0.03514688 0.03998353 0.02120827
v -0.03514688 0.03998353 0.02120827
v -0.03550125 0.04026903 0.02030281
v -0.03512538 0.04127780 0.01841295
v -0.03514688 0.03998353 0.02120827
v -0.03512538 0.04127780 0.01841295
v -0.03494712 0.04080270 0.01970658
v -0.03494712 0.04080270 0.01970658
v -0.03512538 0.04127780 0.01841295
v -0.03494713 0.04136238 0.01840724
v -0.03550125 0.02842836 0.03419518
v -0.03550125 0.03170317 0.03157977
v -0.03527350 0.03117911 0.03212590
v -0.03527350 0.03117911 0.03212590
v -0.03550125 0.03170317 0.03157977
v -0.03550125 0.03253419 0.03082125
v -0.03527350 0.03117911 0.03212590
v -0.03550125 0.03253419 0.03082125
v -0.03524252 0.03365388 0.02984659
v -0.03524252 0.03365388 0.02984659
v -0.03550125 0.03253419 0.03082125
v -0.03550125 0.03528999 0.02793990
v -0.03524252 0.03365388 0.02984659
v -0.03550125 0.03528999 0.02793990
v -0.03522906 0.03462096 0.02883685
v -0.03522906 0.03462096 0.02883685
v -0.03550125 0.03528999 0.02793990
v -0.03519979 0.03664623 0.02644010
v -0.03522906 0.03462096 0.02883685
v -0.03519979 0.03664623 0.02644010
v -0.03494700 0.03591126 0.02750679
v -0.03494700 0.03591126 0.02750679
v -0.03519979 0.03664623 0.02644010
v -0.03494706 0.03822283 0.02438607
v -0.03494693 0.03278642 -0.03048248
v -0.03494695 0.03374203 -0.02955311
v -0.03524252 0.03365417 -0.02950402
v -0.03524252 0.03365417 -0.02950402
v -0.03494695 0.03374203 -0.02955311
v -0.03522906 0.03462126 -0.02849428
v -0.03522906 0.03462126 -0.02849428
v -0.03494695 0.03374203 -0.02955311
v -0.03494702 0.03639144 -0.02657353
v -0.03522906 0.03462126 -0.02849428
v -0.03494702 0.03639144 -0.02657353
v -0.03519980 0.03664650 -0.02609750
v -0.03519980 0.03664650 -0.02609750
v -0.03494702 0.03639144 -0.02657353
v -0.03494705 0.03764137 -0.02490047
v -0.03519980 0.03664650 -0.02609750
v -0.03494705 0.03764137 -0.02490047
v -0.03517172 0.03844039 -0.02354536
v -0.03517172 0.03844039 -0.02354536
v -0.03494705 0.03764137 -0.02490047
v -0.03494710 0.03968899 -0.02159653
v -0.03517172 0.03844039 -0.02354536
v -0.03494710 0.03968899 -0.02159653
v -0.03514688 0.03998374 -0.02086565
v -0.03514688 0.03998374 -0.02086565
v -0.03494710 0.03968899 -0.02159653
v -0.03494713 0.04136017 -0.01807058
v -0.03514688 0.03998374 -0.02086565
v -0.03494713 0.04136017 -0.01807058
v -0.03512539 0.04127798 -0.01807030
v -0.03512539 0.04127798 -0.01807030
v -0.03494713 0.04136017 -0.01807058
v -0.03494714 0.04136257 -0.01806459
v -0.03512539 0.04127798 -0.01807030
v -0.03494714 0.04136257 -0.01806459
v -0.03512534 0.04128046 -0.01806434
v -0.03494683 0.02867989 -0.03385609
v -0.03494685 0.02958432 -0.03318676
v -0.03550124 0.02842871 -0.03385266
v -0.03550124 0.02842871 -0.03385266
v -0.03494685 0.02958432 -0.03318676
v -0.03527350 0.03117944 -0.03178336
v -0.03550124 0.02842871 -0.03385266
v -0.03527350 0.03117944 -0.03178336
v -0.03550125 0.02983004 -0.03279929
v -0.03550125 0.02983004 -0.03279929
v -0.03527350 0.03117944 -0.03178336
v -0.03550125 0.03297396 -0.03005929
v -0.03494685 0.02958432 -0.03318676
v -0.03494693 0.03278642 -0.03048248
v -0.03527350 0.03117944 -0.03178336
v -0.03527350 0.03117944 -0.03178336
v -0.03494693 0.03278642 -0.03048248
v -0.03524252 0.03365417 -0.02950402
v -0.03527350 0.03117944 -0.03178336
v -0.03524252 0.03365417 -0.02950402
v -0.03550125 0.03297396 -0.03005929
v -0.03550125 0.03297396 -0.03005929
v -0.03524252 0.03365417 -0.02950402
v -0.03522906 0.03462126 -0.02849428
v -0.03550125 0.03297396 -0.03005929
v -0.03522906 0.03462126 -0.02849428
v -0.03550125 0.03573551 -0.02706767
v -0.03550125 0.03573551 -0.02706767
v -0.03522906 0.03462126 -0.02849428
v -0.03519980 0.03664650 -0.02609750
v -0.03550125 0.03573551 -0.02706767
v -0.03519980 0.03664650 -0.02609750
v -0.03550125 0.03662835 -0.02593879
v -0.03550125 0.03662835 -0.02593879
v -0.03519980 0.03664650 -0.02609750
v -0.03517172 0.03844039 -0.02354536
v -0.03550125 0.03662835 -0.02593879
v -0.03517172 0.03844039 -0.02354536
v -0.03550125 0.03879613 -0.02271651
v -0.03550125 0.03879613 -0.02271651
v -0.03517172 0.03844039 -0.02354536
v -0.03514688 0.03998374 -0.02086565
v -0.03550125 0.03879613 -0.02271651
v -0.03514688 0.03998374 -0.02086565
v -0.03550125 0.03943399 -0.02159507
v -0.03550125 0.03943399 -0.02159507
v -0.03514688 0.03998374 -0.02086565
v -0.03512539 0.04127798 -0.01807030
v -0.03550125 0.03943399 -0.02159507
v -0.03512539 0.04127798 -0.01807030
v -0.03550125 0.04110468 -0.01806981
v -0.03550125 0.04110468 -0.01806981
v -0.03512539 0.04127798 -0.01807030
v -0.03512534 0.04128046 -0.01806434
v -0.03550125 0.04110468 -0.01806981
v -0.03512534 0.04128046 -0.01806434
v -0.03550125 0.04110636 -0.01806352
v -0.03494664 0.02034927 0.04090756
v -0.03494664 0.02034927 0.03900526
v -0.03494665 0.02105015 0.03867571
v -0.03494717 0.04292355 -0.01336628
v -0.03494714 0.04169632 -0.01721081
v -0.03494718 0.04311823 -0.01865574
v -0.03494714 0.04169632 -0.01721081
v -0.03494714 0.04136257 -0.01806459
v -0.03494718 0.04311823 -0.01865574
v -0.03494718 0.04311823 -0.01865574
v -0.03494714 0.04136257 -0.01806459
v -0.03494713 0.04136017 -0.01807058
v -0.03494718 0.04311823 -0.01865574
v -0.03494713 0.04136017 -0.01807058
v -0.03494713 0.04121919 -0.02261944
v -0.03494713 0.04121919 -0.02261944
v -0.03494713 0.04136017 -0.01807058
v -0.03494710 0.03968899 -0.02159653
v -0.03494713 0.04121919 -0.02261944
v -0.03494710 0.03968899 -0.02159653
v -0.03494708 0.03909278 -0.02599493
v -0.03494708 0.03909278 -0.02599493
v -0.03494710 0.03968899 -0.02159653
v -0.03494705 0.03764137 -0.02490047
v -0.03494708 0.03909278 -0.02599493
v -0.03494705 0.03764137 -0.02490047
v -0.03494707 0.03855669 -0.02672995
v -0.03494707 0.03855669 -0.02672995
v -0.03494705 0.03764137 -0.02490047
v -0.03494702 0.03639144 -0.02657353
v -0.03494707 0.03855669 -0.02672995
v -0.03494702 0.03639144 -0.02657353
v -0.03494705 0.03762867 -0.02791765
v -0.03494677 0.02610521 0.03796235
v -0.03494673 0.02462943 0.03680060
v -0.03494681 0.02789906 0.03685595
v -0.03494681 0.02789906 0.03685595
v -0.03494673 0.02462943 0.03680060
v -0.03494684 0.02867955 0.03419861
v -0.03494681 0.02789906 0.03685595
v -0.03494684 0.02867955 0.03419861
v -0.03494690 0.03163083 0.03417335
v -0.03494690 0.03163083 0.03417335
v -0.03494684 0.02867955 0.03419861
v -0.03494691 0.03186604 0.03166204
v -0.03494690 0.03163083 0.03417335
v -0.03494691 0.03186604 0.03166204
v -0.03494698 0.03497226 0.03119386
v -0.03494698 0.03497226 0.03119386
v -0.03494691 0.03186604 0.03166204
v -0.03494697 0.03473028 0.02885968
v -0.03494698 0.03497226 0.03119386
v -0.03494697 0.03473028 0.02885968
v -0.03494705 0.03791604 0.02790218
v -0.03494705 0.03791604 0.02790218
v -0.03494697 0.03473028 0.02885968
v -0.03494700 0.03591126 0.02750679
v -0.03494705 0.03791604 0.02790218
v -0.03494700 0.03591126 0.02750679
v -0.03494711 0.04022721 0.02463939
v -0.03494705 0.03762867 -0.02791765
v -0.03494702 0.03639144 -0.02657353
v -0.03494700 0.03598068 -0.02980921
v -0.03494700 0.03598068 -0.02980921
v -0.03494702 0.03639144 -0.02657353
v -0.03494695 0.03374203 -0.02955311
v -0.03494700 0.03598068 -0.02980921
v -0.03494695 0.03374203 -0.02955311
v -0.03494693 0.03307161 -0.03262619
v -0.03494693 0.03307161 -0.03262619
v -0.03494695 0.03374203 -0.02955311
v -0.03494693 0.03278642 -0.03048248
v -0.03494693 0.03307161 -0.03262619
v -0.03494693 0.03278642 -0.03048248
v -0.03494686 0.02984083 -0.03518989
v -0.03494664 0.02034927 0.04090756
v -0.03494665 0.02105015 0.03867571
v -0.03494671 0.02375269 0.03926682
v -0.03494671 0.02375269 0.03926682
v -0.03494665 0.02105015 0.03867571
v -0.03494674 0.02458024 0.03682877
v -0.03494671 0.02375269 0.03926682
v -0.03494674 0.02458024 0.03682877
v -0.03494677 0.02610521 0.03796235
v -0.03494677 0.02610521 0.03796235
v -0.03494674 0.02458024 0.03682877
v -0.03494673 0.02460361 0.03681540
v -0.03494677 0.02610521 0.03796235
v -0.03494673 0.02460361 0.03681540
v -0.03494673 0.02462943 0.03680060
v -0.03494683 0.02867989 -0.03385609
v -0.03494674 0.02462979 -0.03645812
v -0.03494674 0.02456593 -0.03849142
v -0.03494693 0.03278642 -0.03048248
v -0.03494685 0.02958432 -0.03318676
v -0.03494686 0.02984083 -0.03518989
v -0.03494686 0.02984083 -0.03518989
v -0.03494685 0.02958432 -0.03318676
v -0.03494683 0.02867989 -0.03385609
v -0.03494686 0.02984083 -0.03518989
v -0.03494683 0.02867989 -0.03385609
v -0.03494683 0.02849018 -0.03612597
v -0.03494683 0.02849018 -0.03612597
v -0.03494683 0.02867989 -0.03385609
v -0.03494674 0.02456593 -0.03849142
v -0.03494674 0.02462979 -0.03645812
v -0.03494674 0.02460397 -0.03647292
v -0.03494674 0.02456593 -0.03849142
v -0.03494674 0.02456593 -0.03849142
v -0.03494674 0.02460397 -0.03647292
v -0.03494674 0.02458060 -0.03648630
v -0.03494674 0.02456593 -0.03849142
v -0.03494674 0.02458060 -0.03648630
v -0.03494663 0.02034970 -0.04056634
v -0.03494663 0.02034970 -0.04056634
v -0.03494674 0.02458060 -0.03648630
v -0.03494665 0.02105054 -0.03833328
v -0.03494663 0.02034970 -0.04056634
v -0.03494665 0.02105054 -0.03833328
v -0.03494664 0.02034967 -0.03866282
v -0.03494718 0.04311823 -0.01865574
v -0.03494721 0.04457954 -0.01436419
v -0.03494717 0.04292355 -0.01336628
v -0.03494717 0.04292355 -0.01336628
v -0.03494721 0.04457954 -0.01436419
v -0.03494722 0.04510363 -0.01231900
v -0.03494717 0.04292355 -0.01336628
v -0.03494722 0.04510363 -0.01231900
v -0.03494720 0.04394053 -0.00852529
v -0.03494720 0.04394053 -0.00852529
v -0.03494722 0.04510363 -0.01231900
v -0.03494724 0.04562965 -0.00974660
v -0.03494720 0.04394053 -0.00852529
v -0.03494724 0.04562965 -0.00974660
v -0.03494721 0.04440358 -0.00471883
v -0.03494721 0.04440358 -0.00471883
v -0.03494724 0.04562965 -0.00974660
v -0.03494725 0.04626811 -0.00487325
v -0.03494721 0.04440358 -0.00471883
v -0.03494725 0.04626811 -0.00487325
v -0.03494721 0.04461204 0.00017134
v -0.03494721 0.04461204 0.00017134
v -0.03494725 0.04626811 -0.00487325
v -0.03494726 0.04648477 0.00017098
v -0.03494721 0.04461204 0.00017134
v -0.03494726 0.04648477 0.00017098
v -0.03494721 0.04439922 0.00511115
v -0.03494721 0.04439922 0.00511115
v -0.03494726 0.04648477 0.00017098
v -0.03494726 0.04631081 0.00469253
v -0.03494721 0.04439922 0.00511115
v -0.03494726 0.04631081 0.00469253
v -0.03494719 0.04374595 0.01001270
v -0.03494719 0.04374595 0.01001270
v -0.03494726 0.04631081 0.00469253
v -0.03494724 0.04580242 0.00905610
v -0.03494719 0.04374595 0.01001270
v -0.03494724 0.04580242 0.00905610
v -0.03494718 0.04328715 0.01224268
v -0.03494718 0.04328715 0.01224268
v -0.03494724 0.04580242 0.00905610
v -0.03494722 0.04496498 0.01324085
v -0.03494718 0.04328715 0.01224268
v -0.03494722 0.04496498 0.01324085
v -0.03494717 0.04271332 0.01447067
v -0.03494717 0.04271332 0.01447067
v -0.03494722 0.04496498 0.01324085
v -0.03494713 0.04136238 0.01840724
v -0.03494700 0.03591126 0.02750679
v -0.03494706 0.03822283 0.02438607
v -0.03494711 0.04022721 0.02463939
v -0.03494711 0.04022721 0.02463939
v -0.03494706 0.03822283 0.02438607
v -0.03494708 0.03898759 0.02316675
v -0.03494711 0.04022721 0.02463939
v -0.03494708 0.03898759 0.02316675
v -0.03494715 0.04217511 0.02111906
v -0.03494715 0.04217511 0.02111906
v -0.03494708 0.03898759 0.02316675
v -0.03494712 0.04080270 0.01970658
v -0.03494715 0.04217511 0.02111906
v -0.03494712 0.04080270 0.01970658
v -0.03494718 0.04311799 0.01899766
v -0.03494718 0.04311799 0.01899766
v -0.03494712 0.04080270 0.01970658
v -0.03494713 0.04136238 0.01840724
v -0.03494718 0.04311799 0.01899766
v -0.03494713 0.04136238 0.01840724
v -0.03494719 0.04378744 0.01722310
v -0.03494719 0.04378744 0.01722310
v -0.03494713 0.04136238 0.01840724
v -0.03494722 0.04496498 0.01324085
v -0.03494717 0.04271332 0.01447067
v -0.03494713 0.04136238 0.01840724
v -0.03512534 0.04128025 0.01840699
v -0.03494721 0.04461204 0.00017134
v -0.03494721 0.04439922 0.00511115
v -0.03519005 0.04426530 0.00535579
v -0.03519005 0.04426530 0.00535579
v -0.03494721 0.04439922 0.00511115
v -0.03494719 0.04374595 0.01001270
v -0.03519005 0.04426530 0.00535579
v -0.03494719 0.04374595 0.01001270
v -0.03521373 0.04316416 0.01224256
v -0.03521373 0.04316416 0.01224256
v -0.03494719 0.04374595 0.01001270
v -0.03494718 0.04328715 0.01224268
v -0.03550125 0.04242336 0.01458973
v -0.03550125 0.04268062 0.01366006
v -0.03521373 0.04316416 0.01224256
v -0.03521373 0.04316416 0.01224256
v -0.03550125 0.04268062 0.01366006
v -0.03550125 0.04370027 0.00876898
v -0.03521373 0.04316416 0.01224256
v -0.03550125 0.04370027 0.00876898
v -0.03519005 0.04426530 0.00535579
v -0.03519005 0.04426530 0.00535579
v -0.03550125 0.04370027 0.00876898
v -0.03550125 0.04423564 0.00390083
v -0.03519005 0.04426530 0.00535579
v -0.03550125 0.04423564 0.00390083
v -0.03494721 0.04461204 0.00017134
v -0.03494721 0.04461204 0.00017134
v -0.03550125 0.04423564 0.00390083
v -0.03550125 0.04435628 0.00017133
v -0.03494718 0.04328715 0.01224268
v -0.03494717 0.04271332 0.01447067
v -0.03521373 0.04316416 0.01224256
v -0.03521373 0.04316416 0.01224256
v -0.03494717 0.04271332 0.01447067
v -0.03512534 0.04128025 0.01840699
v -0.03521373 0.04316416 0.01224256
v -0.03512534 0.04128025 0.01840699
v -0.03550125 0.04242336 0.01458973
v -0.03550125 0.04242336 0.01458973
v -0.03512534 0.04128025 0.01840699
v -0.03550125 0.04110617 0.01840616
v -0.03550125 0.04131731 -0.01753213
v -0.03550125 0.04110636 -0.01806352
v -0.03512534 0.04128046 -0.01806434
v -0.03494721 0.04440358 -0.00471883
v -0.03494721 0.04461204 0.00017134
v -0.03519005 0.04426533 -0.00501311
v -0.03519005 0.04426533 -0.00501311
v -0.03494721 0.04461204 0.00017134
v -0.03550125 0.04435628 0.00017133
v -0.03494721 0.04440358 -0.00471883
v -0.03519005 0.04426533 -0.00501311
v -0.03494720 0.04394053 -0.00852529
v -0.03494720 0.04394053 -0.00852529
v -0.03519005 0.04426533 -0.00501311
v -0.03521373 0.04316429 -0.01189990
v -0.03494720 0.04394053 -0.00852529
v -0.03521373 0.04316429 -0.01189990
v -0.03494717 0.04292355 -0.01336628
v -0.03494714 0.04136257 -0.01806459
v -0.03494714 0.04169632 -0.01721081
v -0.03512534 0.04128046 -0.01806434
v -0.03512534 0.04128046 -0.01806434
v -0.03494714 0.04169632 -0.01721081
v -0.03494717 0.04292355 -0.01336628
v -0.03494717 0.04292355 -0.01336628
v -0.03521373 0.04316429 -0.01189990
v -0.03512534 0.04128046 -0.01806434
v -0.03512534 0.04128046 -0.01806434
v -0.03521373 0.04316429 -0.01189990
v -0.03550125 0.04257434 -0.01371189
v -0.03512534 0.04128046 -0.01806434
v -0.03550125 0.04257434 -0.01371189
v -0.03550125 0.04131731 -0.01753213
v -0.03550125 0.04435628 0.00017133
v -0.03550125 0.04414934 -0.00470115
v -0.03519005 0.04426533 -0.00501311
v -0.03519005 0.04426533 -0.00501311
v -0.03550125 0.04414934 -0.00470115
v -0.03550125 0.04349351 -0.00965232
v -0.03519005 0.04426533 -0.00501311
v -0.03550125 0.04349351 -0.00965232
v -0.03521373 0.04316429 -0.01189990
v -0.03521373 0.04316429 -0.01189990
v -0.03550125 0.04349351 -0.00965232
v -0.03550125 0.04303167 -0.01189948
v -0.03521373 0.04316429 -0.01189990
v -0.03550125 0.04303167 -0.01189948
v -0.03550125 0.04257434 -0.01371189
v -0.03494674 0.02462979 -0.03645812
v -0.03494683 0.02867989 -0.03385609
v -0.03517644 0.02450028 -0.03647068
v -0.03494674 0.02462979 -0.03645812
v -0.03517644 0.02450028 -0.03647068
v -0.03494674 0.02460397 -0.03647292
v -0.03494674 0.02460397 -0.03647292
v -0.03517644 0.02450028 -0.03647068
v -0.03517658 0.02447686 -0.03648405
v -0.03494674 0.02460397 -0.03647292
v -0.03517658 0.02447686 -0.03648405
v -0.03494674 0.02458060 -0.03648630
v -0.03494674 0.02458060 -0.03648630
v -0.03517658 0.02447686 -0.03648405
v -0.03519369 0.02093846 -0.03833041
v -0.03494674 0.02458060 -0.03648630
v -0.03519369 0.02093846 -0.03833041
v -0.03494665 0.02105054 -0.03833328
v -0.03494665 0.02105054 -0.03833328
v -0.03519369 0.02093846 -0.03833041
v -0.03494664 0.02034967 -0.03866282
v -0.03494664 0.02034967 -0.03866282
v -0.03519369 0.02093846 -0.03833041
v -0.03520604 0.01726997 -0.03993547
v -0.03494664 0.02034967 -0.03866282
v -0.03520604 0.01726997 -0.03993547
v -0.03494773 0.01547942 -0.04067011
v -0.03550125 0.00837895 -0.04283639
v -0.03495736 0.00863077 -0.04283624
v -0.03521892 0.01286996 -0.04153078
v -0.03521892 0.01286996 -0.04153078
v -0.03495736 0.00863077 -0.04283624
v -0.03494841 0.01455843 -0.04100090
v -0.03521892 0.01286996 -0.04153078
v -0.03494841 0.01455843 -0.04100090
v -0.03494773 0.01547942 -0.04067011
v -0.03494773 0.01547942 -0.04067011
v -0.03520604 0.01726997 -0.03993547
v -0.03521892 0.01286996 -0.04153078
v -0.03521892 0.01286996 -0.04153078
v -0.03520604 0.01726997 -0.03993547
v -0.03550125 0.01289780 -0.04147679
v -0.03521892 0.01286996 -0.04153078
v -0.03550125 0.01289780 -0.04147679
v -0.03550125 0.00837895 -0.04283639
v -0.03494683 0.02867989 -0.03385609
v -0.03550124 0.02842871 -0.03385266
v -0.03517644 0.02450028 -0.03647068
v -0.03517644 0.02450028 -0.03647068
v -0.03550124 0.02842871 -0.03385266
v -0.03550125 0.02468019 -0.03627907
v -0.03517644 0.02450028 -0.03647068
v -0.03550125 0.02468019 -0.03627907
v -0.03517658 0.02447686 -0.03648405
v -0.03517658 0.02447686 -0.03648405
v -0.03550125 0.02468019 -0.03627907
v -0.03550125 0.02347194 -0.03696061
v -0.03517658 0.02447686 -0.03648405
v -0.03550125 0.02347194 -0.03696061
v -0.03519369 0.02093846 -0.03833041
v -0.03519369 0.02093846 -0.03833041
v -0.03550125 0.02347194 -0.03696061
v -0.03550125 0.01902192 -0.03914079
v -0.03519369 0.02093846 -0.03833041
v -0.03550125 0.01902192 -0.03914079
v -0.03520604 0.01726997 -0.03993547
v -0.03520604 0.01726997 -0.03993547
v -0.03550125 0.01902192 -0.03914079
v -0.03550125 0.01820038 -0.03949421
v -0.03520604 0.01726997 -0.03993547
v -0.03550125 0.01820038 -0.03949421
v -0.03550125 0.01289780 -0.04147679
v -0.06621947 0.02989213 -0.01522849
v -0.06642981 0.03087752 -0.01090629
v -0.05070701 0.03783292 -0.01230236
v -0.05070701 0.03783292 -0.01230236
v -0.06642981 0.03087752 -0.01090629
v -0.06660420 0.03160537 -0.00541503
v -0.05070701 0.03783292 -0.01230236
v -0.06660420 0.03160537 -0.00541503
v -0.05069523 0.03895982 -0.00530426
v -0.05069523 0.03895982 -0.00530426
v -0.06660420 0.03160537 -0.00541503
v -0.06666210 0.03184425 0.00017101
v -0.05069523 0.03895982 -0.00530426
v -0.06666210 0.03184425 0.00017101
v -0.03494726 0.04648477 0.00017098
v -0.06621947 0.02989213 -0.01522849
v -0.05070701 0.03783292 -0.01230236
v -0.06607138 0.02876988 -0.01860764
v -0.06607138 0.02876988 -0.01860764
v -0.05070701 0.03783292 -0.01230236
v -0.03494721 0.04457954 -0.01436419
v -0.06607138 0.02876988 -0.01860764
v -0.03494721 0.04457954 -0.01436419
v -0.03494718 0.04311823 -0.01865574
v -0.03494726 0.04648477 0.00017098
v -0.03494725 0.04626811 -0.00487325
v -0.05069523 0.03895982 -0.00530426
v -0.05069523 0.03895982 -0.00530426
v -0.03494725 0.04626811 -0.00487325
v -0.03494724 0.04562965 -0.00974660
v -0.05069523 0.03895982 -0.00530426
v -0.03494724 0.04562965 -0.00974660
v -0.05070701 0.03783292 -0.01230236
v -0.05070701 0.03783292 -0.01230236
v -0.03494724 0.04562965 -0.00974660
v -0.03494722 0.04510363 -0.01231900
v -0.05070701 0.03783292 -0.01230236
v -0.03494722 0.04510363 -0.01231900
v -0.03494721 0.04457954 -0.01436419
v -0.03494724 0.04580242 0.00905610
v -0.03494726 0.04631081 0.00469253
v -0.05069525 0.03895976 0.00564611
v -0.05069525 0.03895976 0.00564611
v -0.03494726 0.04631081 0.00469253
v -0.03494726 0.04648477 0.00017098
v -0.05069525 0.03895976 0.00564611
v -0.03494726 0.04648477 0.00017098
v -0.06666210 0.03184425 0.00017101
v -0.06660381 0.03160366 0.00577588
v -0.06645330 0.03097503 0.01069400
v -0.05070704 0.03783282 0.01264421
v -0.05070704 0.03783282 0.01264421
v -0.06645330 0.03097503 0.01069400
v -0.06639951 0.03074964 0.01192869
v -0.05070704 0.03783282 0.01264421
v -0.06639951 0.03074964 0.01192869
v -0.06607137 0.02876967 0.01894962
v -0.03494722 0.04496498 0.01324085
v -0.03494724 0.04580242 0.00905610
v -0.05070704 0.03783282 0.01264421
v -0.05070704 0.03783282 0.01264421
v -0.03494724 0.04580242 0.00905610
v -0.05069525 0.03895976 0.00564611
v -0.05070704 0.03783282 0.01264421
v -0.05069525 0.03895976 0.00564611
v -0.06660381 0.03160366 0.00577588
v -0.06660381 0.03160366 0.00577588
v -0.05069525 0.03895976 0.00564611
v -0.06666210 0.03184425 0.00017101
v -0.06607137 0.02876967 0.01894962
v -0.03494718 0.04311799 0.01899766
v -0.05070704 0.03783282 0.01264421
v -0.05070704 0.03783282 0.01264421
v -0.03494718 0.04311799 0.01899766
v -0.03494719 0.04378744 0.01722310
v -0.05070704 0.03783282 0.01264421
v -0.03494719 0.04378744 0.01722310
v -0.03494722 0.04496498 0.01324085
v -0.03649724 -0.10664181 -0.04519140
v -0.03649917 -0.10448837 -0.04537493
v -0.03094604 -0.10448743 -0.04543586
v -0.02538726 -0.10448652 -0.04536834
v -0.02537510 -0.11193464 -0.04497505
v -0.02660821 -0.10448667 -0.04539154
v -0.02660821 -0.10448667 -0.04539154
v -0.02537510 -0.11193464 -0.04497505
v -0.03093843 -0.11400301 -0.04492896
v -0.02660821 -0.10448667 -0.04539154
v -0.03093843 -0.11400301 -0.04492896
v -0.03094604 -0.10448743 -0.04543586
v -0.03094604 -0.10448743 -0.04543586
v -0.03093843 -0.11400301 -0.04492896
v -0.03649193 -0.11400769 -0.04459573
v -0.03094604 -0.10448743 -0.04543586
v -0.03649193 -0.11400769 -0.04459573
v -0.03649724 -0.10664181 -0.04519140
v -0.02982546 -0.12340065 -0.04495212
v -0.03120350 -0.12340313 -0.04481473
v -0.03093843 -0.11400301 -0.04492896
v -0.03093843 -0.11400301 -0.04492896
v -0.03120350 -0.12340313 -0.04481473
v -0.03261470 -0.12341229 -0.04462894
v -0.03261470 -0.12341229 -0.04462894
v -0.03296652 -0.12341566 -0.04457603
v -0.03093843 -0.11400301 -0.04492896
v -0.03093843 -0.11400301 -0.04492896
v -0.03296652 -0.12341566 -0.04457603
v -0.03305444 -0.12341656 -0.04456248
v -0.03093843 -0.11400301 -0.04492896
v -0.03305444 -0.12341656 -0.04456248
v -0.03323021 -0.12341832 -0.04453509
v -0.03323021 -0.12341832 -0.04453509
v -0.03331808 -0.12341922 -0.04452126
v -0.03093843 -0.11400301 -0.04492896
v -0.03093843 -0.11400301 -0.04492896
v -0.03331808 -0.12341922 -0.04452126
v -0.03349378 -0.12342093 -0.04449341
v -0.03093843 -0.11400301 -0.04492896
v -0.03349378 -0.12342093 -0.04449341
v -0.03649193 -0.11400769 -0.04459573
v -0.03649193 -0.11400769 -0.04459573
v -0.03349378 -0.12342093 -0.04449341
v -0.03358161 -0.12342177 -0.04447940
v -0.03649193 -0.11400769 -0.04459573
v -0.03358161 -0.12342177 -0.04447940
v -0.03375728 -0.12342329 -0.04445130
v -0.03463568 -0.12342758 -0.04431120
v -0.03481142 -0.12342778 -0.04428354
v -0.03649193 -0.11400769 -0.04459573
v -0.03375728 -0.12342329 -0.04445130
v -0.03384510 -0.12342399 -0.04443722
v -0.03649193 -0.11400769 -0.04459573
v -0.03649193 -0.11400769 -0.04459573
v -0.03384510 -0.12342399 -0.04443722
v -0.03402076 -0.12342522 -0.04440906
v -0.03649193 -0.11400769 -0.04459573
v -0.03402076 -0.12342522 -0.04440906
v -0.03410859 -0.12342574 -0.04439500
v -0.03410859 -0.12342574 -0.04439500
v -0.03428427 -0.12342659 -0.04436694
v -0.03649193 -0.11400769 -0.04459573
v -0.03649193 -0.11400769 -0.04459573
v -0.03428427 -0.12342659 -0.04436694
v -0.03445997 -0.12342720 -0.04433900
v -0.03649193 -0.11400769 -0.04459573
v -0.03445997 -0.12342720 -0.04433900
v -0.03463568 -0.12342758 -0.04431120
v -0.03481142 -0.12342778 -0.04428354
v -0.03489930 -0.12342781 -0.04426977
v -0.03649193 -0.11400769 -0.04459573
v -0.03649193 -0.11400769 -0.04459573
v -0.03489930 -0.12342781 -0.04426977
v -0.03507507 -0.12342771 -0.04424237
v -0.03649193 -0.11400769 -0.04459573
v -0.03507507 -0.12342771 -0.04424237
v -0.03648244 -0.12342558 -0.04403030
v -0.02535639 -0.12339107 -0.04511005
v -0.02982546 -0.12340065 -0.04495212
v -0.02535910 -0.12173096 -0.04508070
v -0.02535910 -0.12173096 -0.04508070
v -0.02982546 -0.12340065 -0.04495212
v -0.03093843 -0.11400301 -0.04492896
v -0.02535910 -0.12173096 -0.04508070
v -0.03093843 -0.11400301 -0.04492896
v -0.02537182 -0.11394115 -0.04493123
v -0.02537182 -0.11394115 -0.04493123
v -0.03093843 -0.11400301 -0.04492896
v -0.02537510 -0.11193464 -0.04497505
v -0.02548800 -0.06877772 -0.04778565
v -0.02544424 -0.06960033 -0.04774538
v -0.03593449 -0.07895900 -0.04735276
v -0.07752185 -0.12347908 -0.00117269
v -0.07752550 -0.12347879 0.00017046
v -0.07852328 -0.11542511 0.00017087
v -0.07205994 -0.04239045 -0.03662772
v -0.07211798 -0.06234417 -0.03705763
v -0.07373668 -0.06258767 -0.03475578
v -0.03591145 -0.04509149 -0.04872521
v -0.03593754 -0.05638368 -0.04846086
v -0.04156184 -0.05729800 -0.04823214
v -0.03444925 -0.03419628 -0.04876075
v -0.03591145 -0.04509149 -0.04872521
v -0.03937867 -0.03523105 -0.04870120
v -0.03937867 -0.03523105 -0.04870120
v -0.03591145 -0.04509149 -0.04872521
v -0.04156184 -0.05729800 -0.04823214
v -0.03937867 -0.03523105 -0.04870120
v -0.04156184 -0.05729800 -0.04823214
v -0.04472242 -0.03637112 -0.04839009
v -0.04472242 -0.03637112 -0.04839009
v -0.04156184 -0.05729800 -0.04823214
v -0.04714667 -0.05821834 -0.04774505
v -0.04472242 -0.03637112 -0.04839009
v -0.04714667 -0.05821834 -0.04774505
v -0.04650250 -0.03675497 -0.04822385
v -0.06058445 -0.03986518 -0.04532167
v -0.05788066 -0.03925831 -0.04617915
v -0.05810589 -0.06005513 -0.04572869
v -0.05810589 -0.06005513 -0.04572869
v -0.05788066 -0.03925831 -0.04617915
v -0.05268368 -0.03810401 -0.04735556
v -0.05810589 -0.06005513 -0.04572869
v -0.05268368 -0.03810401 -0.04735556
v -0.05267305 -0.05913978 -0.04694298
v -0.06777261 -0.04148087 -0.04127086
v -0.06731891 -0.04138219 -0.04163261
v -0.06581295 -0.06134855 -0.04255877
v -0.06581295 -0.06134855 -0.04255877
v -0.06731891 -0.04138219 -0.04163261
v -0.06455680 -0.04076218 -0.04348204
v -0.06581295 -0.06134855 -0.04255877
v -0.06455680 -0.04076218 -0.04348204
v -0.06162039 -0.04009777 -0.04491729
v -0.06581295 -0.06134855 -0.04255877
v -0.06812639 -0.06172302 -0.04098773
v -0.06777261 -0.04148087 -0.04127086
v -0.06777261 -0.04148087 -0.04127086
v -0.06812639 -0.06172302 -0.04098773
v -0.07024056 -0.06205599 -0.03914748
v -0.06777261 -0.04148087 -0.04127086
v -0.07024056 -0.06205599 -0.03914748
v -0.07005613 -0.04197069 -0.03911734
v -0.07211798 -0.06234417 -0.03705763
v -0.07205994 -0.04239045 -0.03662772
v -0.07024056 -0.06205599 -0.03914748
v -0.07024056 -0.06205599 -0.03914748
v -0.07205994 -0.04239045 -0.03662772
v -0.07110373 -0.04219127 -0.03790168
v -0.07024056 -0.06205599 -0.03914748
v -0.07110373 -0.04219127 -0.03790168
v -0.07005613 -0.04197069 -0.03911734
v -0.07530556 -0.04305194 -0.03043604
v -0.07412387 -0.04281390 -0.03313352
v -0.07373668 -0.06258767 -0.03475578
v -0.07373668 -0.06258767 -0.03475578
v -0.07412387 -0.04281390 -0.03313352
v -0.07380647 -0.04274936 -0.03375505
v -0.07373668 -0.06258767 -0.03475578
v -0.07380647 -0.04274936 -0.03375505
v -0.07205994 -0.04239045 -0.03662772
v -0.07832005 -0.04360938 -0.01652721
v -0.07753529 -0.04347670 -0.02215306
v -0.07839477 -0.06324975 -0.02157297
v -0.07839477 -0.06324975 -0.02157297
v -0.07753529 -0.04347670 -0.02215306
v -0.07655523 -0.04329706 -0.02659186
v -0.07839477 -0.06324975 -0.02157297
v -0.07655523 -0.04329706 -0.02659186
v -0.07711652 -0.06308062 -0.02704044
v -0.07711652 -0.06308062 -0.02704044
v -0.07655523 -0.04329706 -0.02659186
v -0.07530556 -0.04305194 -0.03043604
v -0.07711652 -0.06308062 -0.02704044
v -0.07530556 -0.04305194 -0.03043604
v -0.07509615 -0.06278905 -0.03228936
v -0.07509615 -0.06278905 -0.03228936
v -0.07530556 -0.04305194 -0.03043604
v -0.07373668 -0.06258767 -0.03475578
v -0.08016039 -0.07603986 0.00017133
v -0.07998945 -0.06346256 0.00017116
v -0.07966728 -0.06341054 -0.01044627
v -0.07966728 -0.06341054 -0.01044627
v -0.07998945 -0.06346256 0.00017116
v -0.07990225 -0.06029854 0.00017109
v -0.07832005 -0.04360938 -0.01652721
v -0.07839477 -0.06324975 -0.02157297
v -0.07883995 -0.04370422 -0.01049307
v -0.07883995 -0.04370422 -0.01049307
v -0.07839477 -0.06324975 -0.02157297
v -0.07966728 -0.06341054 -0.01044627
v -0.07883995 -0.04370422 -0.01049307
v -0.07966728 -0.06341054 -0.01044627
v -0.07891916 -0.04371954 -0.00914572
v -0.07891916 -0.04371954 -0.00914572
v -0.07966728 -0.06341054 -0.01044627
v -0.07990225 -0.06029854 0.00017109
v -0.07891916 -0.04371954 -0.00914572
v -0.07990225 -0.06029854 0.00017109
v -0.07916136 -0.04377144 0.00017083
v -0.07839898 -0.11392728 -0.00991044
v -0.07852328 -0.11542511 0.00017087
v -0.07941736 -0.10407665 0.00017123
v -0.07839898 -0.11392728 -0.00991044
v -0.07723214 -0.12347741 -0.01057026
v -0.07746173 -0.12347827 -0.00520173
v -0.07839898 -0.11392728 -0.00991044
v -0.07746173 -0.12347827 -0.00520173
v -0.07852328 -0.11542511 0.00017087
v -0.07852328 -0.11542511 0.00017087
v -0.07746173 -0.12347827 -0.00520173
v -0.07751052 -0.12347909 -0.00251581
v -0.07852328 -0.11542511 0.00017087
v -0.07751052 -0.12347909 -0.00251581
v -0.07752185 -0.12347908 -0.00117269
v -0.07718693 -0.11389559 -0.02043444
v -0.07651673 -0.12347417 -0.01775235
v -0.07839898 -0.11392728 -0.00991044
v -0.07839898 -0.11392728 -0.00991044
v -0.07651673 -0.12347417 -0.01775235
v -0.07714710 -0.12347782 -0.01181807
v -0.07839898 -0.11392728 -0.00991044
v -0.07714710 -0.12347782 -0.01181807
v -0.07723214 -0.12347741 -0.01057026
v -0.07591707 -0.11386507 -0.02558384
v -0.07389775 -0.11381472 -0.03049216
v -0.07346951 -0.12347063 -0.02891042
v -0.07346951 -0.12347063 -0.02891042
v -0.07439123 -0.12347271 -0.02668103
v -0.07591707 -0.11386507 -0.02558384
v -0.07591707 -0.11386507 -0.02558384
v -0.07439123 -0.12347271 -0.02668103
v -0.07486761 -0.12347375 -0.02527820
v -0.07591707 -0.11386507 -0.02558384
v -0.07486761 -0.12347375 -0.02527820
v -0.07718693 -0.11389559 -0.02043444
v -0.07718693 -0.11389559 -0.02043444
v -0.07486761 -0.12347375 -0.02527820
v -0.07594208 -0.12347405 -0.02107373
v -0.07718693 -0.11389559 -0.02043444
v -0.07594208 -0.12347405 -0.02107373
v -0.07651673 -0.12347417 -0.01775235
v -0.07147171 -0.12346985 -0.03238383
v -0.07227058 -0.12347044 -0.03116220
v -0.07389775 -0.11381472 -0.03049216
v -0.07389775 -0.11381472 -0.03049216
v -0.07227058 -0.12347044 -0.03116220
v -0.07306391 -0.12347033 -0.02973984
v -0.07389775 -0.11381472 -0.03049216
v -0.07306391 -0.12347033 -0.02973984
v -0.07346951 -0.12347063 -0.02891042
v -0.07087900 -0.11373968 -0.03485985
v -0.06684424 -0.11363648 -0.03831781
v -0.06648572 -0.12346224 -0.03729135
v -0.06648572 -0.12346224 -0.03729135
v -0.06877025 -0.12346488 -0.03547382
v -0.07087900 -0.11373968 -0.03485985
v -0.07087900 -0.11373968 -0.03485985
v -0.06877025 -0.12346488 -0.03547382
v -0.06956925 -0.12346493 -0.03469145
v -0.07087900 -0.11373968 -0.03485985
v -0.06956925 -0.12346493 -0.03469145
v -0.06993998 -0.12346539 -0.03429552
v -0.05701884 -0.11336224 -0.04234751
v -0.06059832 -0.12345593 -0.04023201
v -0.06210864 -0.11350741 -0.04075113
v -0.06210864 -0.11350741 -0.04075113
v -0.06059832 -0.12345593 -0.04023201
v -0.06391608 -0.12345787 -0.03880934
v -0.06210864 -0.11350741 -0.04075113
v -0.06391608 -0.12345787 -0.03880934
v -0.06684424 -0.11363648 -0.03831781
v -0.06684424 -0.11363648 -0.03831781
v -0.06391608 -0.12345787 -0.03880934
v -0.06595252 -0.12346112 -0.03764496
v -0.06684424 -0.11363648 -0.03831781
v -0.06595252 -0.12346112 -0.03764496
v -0.06648572 -0.12346224 -0.03729135
v -0.04368659 -0.10448948 -0.04503708
v -0.04368414 -0.12344691 -0.04326529
v -0.04646255 -0.11306067 -0.04403545
v -0.04646255 -0.11306067 -0.04403545
v -0.04368414 -0.12344691 -0.04326529
v -0.04956539 -0.12344863 -0.04269384
v -0.04646255 -0.11306067 -0.04403545
v -0.04956539 -0.12344863 -0.04269384
v -0.05177545 -0.11321202 -0.04337803
v -0.05177545 -0.11321202 -0.04337803
v -0.04956539 -0.12344863 -0.04269384
v -0.05337823 -0.12344962 -0.04210877
v -0.05177545 -0.11321202 -0.04337803
v -0.05337823 -0.12344962 -0.04210877
v -0.05701884 -0.11336224 -0.04234751
v -0.05701884 -0.11336224 -0.04234751
v -0.05337823 -0.12344962 -0.04210877
v -0.05712036 -0.12345272 -0.04129436
v -0.05701884 -0.11336224 -0.04234751
v -0.05712036 -0.12345272 -0.04129436
v -0.06059832 -0.12345593 -0.04023201
v -0.02538726 -0.10448652 -0.04536834
v -0.02660821 -0.10448667 -0.04539154
v -0.02541303 -0.08871448 -0.04660445
v -0.02541303 -0.08871448 -0.04660445
v -0.02660821 -0.10448667 -0.04539154
v -0.03094604 -0.10448743 -0.04543586
v -0.02541303 -0.08871448 -0.04660445
v -0.03094604 -0.10448743 -0.04543586
v -0.03584318 -0.10150331 -0.04564846
v -0.03584318 -0.10150331 -0.04564846
v -0.03094604 -0.10448743 -0.04543586
v -0.03649917 -0.10448837 -0.04537493
v -0.03584318 -0.10150331 -0.04564846
v -0.03649917 -0.10448837 -0.04537493
v -0.04677642 -0.10211270 -0.04498494
v -0.03052131 -0.05940092 -0.04833714
v -0.02936444 -0.06169927 -0.04822478
v -0.03593449 -0.07895900 -0.04735276
v -0.03052131 -0.05940092 -0.04833714
v -0.03593449 -0.07895900 -0.04735276
v -0.03161633 -0.05634308 -0.04845838
v -0.02936444 -0.06169927 -0.04822478
v -0.02818228 -0.06340539 -0.04812225
v -0.03593449 -0.07895900 -0.04735276
v -0.03593449 -0.07895900 -0.04735276
v -0.02818228 -0.06340539 -0.04812225
v -0.02754603 -0.06418697 -0.04806844
v -0.03593449 -0.07895900 -0.04735276
v -0.02754603 -0.06418697 -0.04806844
v -0.02724006 -0.06456283 -0.04804153
v -0.02724006 -0.06456283 -0.04804153
v -0.02623495 -0.06614552 -0.04793483
v -0.03593449 -0.07895900 -0.04735276
v -0.03593449 -0.07895900 -0.04735276
v -0.02623495 -0.06614552 -0.04793483
v -0.02590070 -0.06694972 -0.04788571
v -0.03593449 -0.07895900 -0.04735276
v -0.02590070 -0.06694972 -0.04788571
v -0.02548800 -0.06877772 -0.04778565
v -0.03444925 -0.03419628 -0.04876075
v -0.03431490 -0.03675793 -0.04877420
v -0.03591145 -0.04509149 -0.04872521
v -0.03591145 -0.04509149 -0.04872521
v -0.03431490 -0.03675793 -0.04877420
v -0.03376760 -0.04398738 -0.04873818
v -0.03591145 -0.04509149 -0.04872521
v -0.03376760 -0.04398738 -0.04873818
v -0.03593754 -0.05638368 -0.04846086
v -0.03593754 -0.05638368 -0.04846086
v -0.03376760 -0.04398738 -0.04873818
v -0.03308528 -0.04953267 -0.04865073
v -0.03593754 -0.05638368 -0.04846086
v -0.03308528 -0.04953267 -0.04865073
v -0.03250351 -0.05279179 -0.04857042
v -0.06327128 -0.08198568 -0.04288539
v -0.06334433 -0.06093963 -0.04385998
v -0.05803509 -0.08139798 -0.04467528
v -0.05803509 -0.08139798 -0.04467528
v -0.06334433 -0.06093963 -0.04385998
v -0.05810589 -0.06005513 -0.04572869
v -0.05803509 -0.08139798 -0.04467528
v -0.05810589 -0.06005513 -0.04572869
v -0.05261471 -0.08078986 -0.04584614
v -0.05261471 -0.08078986 -0.04584614
v -0.05810589 -0.06005513 -0.04572869
v -0.05267305 -0.05913978 -0.04694298
v -0.05261471 -0.08078986 -0.04584614
v -0.05267305 -0.05913978 -0.04694298
v -0.04710433 -0.08017775 -0.04662042
v -0.03250351 -0.05279179 -0.04857042
v -0.03161633 -0.05634308 -0.04845838
v -0.03593754 -0.05638368 -0.04846086
v -0.03593754 -0.05638368 -0.04846086
v -0.03161633 -0.05634308 -0.04845838
v -0.03593449 -0.07895900 -0.04735276
v -0.03593754 -0.05638368 -0.04846086
v -0.03593449 -0.07895900 -0.04735276
v -0.04156184 -0.05729800 -0.04823214
v -0.04156184 -0.05729800 -0.04823214
v -0.03593449 -0.07895900 -0.04735276
v -0.04710433 -0.08017775 -0.04662042
v -0.04156184 -0.05729800 -0.04823214
v -0.04710433 -0.08017775 -0.04662042
v -0.04714667 -0.05821834 -0.04774505
v -0.04714667 -0.05821834 -0.04774505
v -0.04710433 -0.08017775 -0.04662042
v -0.05267305 -0.05913978 -0.04694298
v -0.04714667 -0.05821834 -0.04774505
v -0.05267305 -0.05913978 -0.04694298
v -0.04650250 -0.03675497 -0.04822385
v -0.04650250 -0.03675497 -0.04822385
v -0.05267305 -0.05913978 -0.04694298
v -0.05268368 -0.03810401 -0.04735556
v -0.08000083 -0.09012634 0.00017140
v -0.08016039 -0.07603986 0.00017133
v -0.07981073 -0.08363164 -0.01028951
v -0.07981073 -0.08363164 -0.01028951
v -0.08016039 -0.07603986 0.00017133
v -0.07966728 -0.06341054 -0.01044627
v -0.07981073 -0.08363164 -0.01028951
v -0.07966728 -0.06341054 -0.01044627
v -0.07932784 -0.08358756 -0.01577765
v -0.07932784 -0.08358756 -0.01577765
v -0.07966728 -0.06341054 -0.01044627
v -0.07839477 -0.06324975 -0.02157297
v -0.06058445 -0.03986518 -0.04532167
v -0.05810589 -0.06005513 -0.04572869
v -0.06162039 -0.04009777 -0.04491729
v -0.06162039 -0.04009777 -0.04491729
v -0.05810589 -0.06005513 -0.04572869
v -0.06334433 -0.06093963 -0.04385998
v -0.06162039 -0.04009777 -0.04491729
v -0.06334433 -0.06093963 -0.04385998
v -0.06581295 -0.06134855 -0.04255877
v -0.06581295 -0.06134855 -0.04255877
v -0.06334433 -0.06093963 -0.04385998
v -0.06327128 -0.08198568 -0.04288539
v -0.06581295 -0.06134855 -0.04255877
v -0.06327128 -0.08198568 -0.04288539
v -0.06812639 -0.06172302 -0.04098773
v -0.06812639 -0.06172302 -0.04098773
v -0.06327128 -0.08198568 -0.04288539
v -0.06808584 -0.08250637 -0.04015858
v -0.06812639 -0.06172302 -0.04098773
v -0.06808584 -0.08250637 -0.04015858
v -0.07024056 -0.06205599 -0.03914748
v -0.07024056 -0.06205599 -0.03914748
v -0.06808584 -0.08250637 -0.04015858
v -0.07022956 -0.08272777 -0.03839983
v -0.07024056 -0.06205599 -0.03914748
v -0.07022956 -0.08272777 -0.03839983
v -0.07211798 -0.06234417 -0.03705763
v -0.07211798 -0.06234417 -0.03705763
v -0.07022956 -0.08272777 -0.03839983
v -0.07213971 -0.08291949 -0.03638719
v -0.07211798 -0.06234417 -0.03705763
v -0.07213971 -0.08291949 -0.03638719
v -0.07373668 -0.06258767 -0.03475578
v -0.07373668 -0.06258767 -0.03475578
v -0.07213971 -0.08291949 -0.03638719
v -0.07378882 -0.08308157 -0.03415439
v -0.07373668 -0.06258767 -0.03475578
v -0.07378882 -0.08308157 -0.03415439
v -0.07509615 -0.06278905 -0.03228936
v -0.07509615 -0.06278905 -0.03228936
v -0.07378882 -0.08308157 -0.03415439
v -0.07517300 -0.08321568 -0.03174898
v -0.07509615 -0.06278905 -0.03228936
v -0.07517300 -0.08321568 -0.03174898
v -0.07711652 -0.06308062 -0.02704044
v -0.07711652 -0.06308062 -0.02704044
v -0.07517300 -0.08321568 -0.03174898
v -0.07722574 -0.08341011 -0.02660610
v -0.07711652 -0.06308062 -0.02704044
v -0.07722574 -0.08341011 -0.02660610
v -0.07839477 -0.06324975 -0.02157297
v -0.07839477 -0.06324975 -0.02157297
v -0.07722574 -0.08341011 -0.02660610
v -0.07852732 -0.08352324 -0.02123564
v -0.07839477 -0.06324975 -0.02157297
v -0.07852732 -0.08352324 -0.02123564
v -0.07932784 -0.08358756 -0.01577765
v -0.06993998 -0.12346539 -0.03429552
v -0.07147171 -0.12346985 -0.03238383
v -0.07087900 -0.11373968 -0.03485985
v -0.07087900 -0.11373968 -0.03485985
v -0.07147171 -0.12346985 -0.03238383
v -0.07389775 -0.11381472 -0.03049216
v -0.07087900 -0.11373968 -0.03485985
v -0.07389775 -0.11381472 -0.03049216
v -0.07317089 -0.10356401 -0.03327766
v -0.07941736 -0.10407665 0.00017123
v -0.07914194 -0.10384641 -0.01005085
v -0.07839898 -0.11392728 -0.00991044
v -0.07839898 -0.11392728 -0.00991044
v -0.07914194 -0.10384641 -0.01005085
v -0.07868021 -0.10382275 -0.01540739
v -0.07839898 -0.11392728 -0.00991044
v -0.07868021 -0.10382275 -0.01540739
v -0.07718693 -0.11389559 -0.02043444
v -0.07718693 -0.11389559 -0.02043444
v -0.07868021 -0.10382275 -0.01540739
v -0.07789166 -0.10378878 -0.02073034
v -0.07718693 -0.11389559 -0.02043444
v -0.07789166 -0.10378878 -0.02073034
v -0.07591707 -0.11386507 -0.02558384
v -0.07591707 -0.11386507 -0.02558384
v -0.07789166 -0.10378878 -0.02073034
v -0.07660025 -0.10373043 -0.02596083
v -0.07591707 -0.11386507 -0.02558384
v -0.07660025 -0.10373043 -0.02596083
v -0.07389775 -0.11381472 -0.03049216
v -0.07389775 -0.11381472 -0.03049216
v -0.07660025 -0.10373043 -0.02596083
v -0.07455631 -0.10363169 -0.03095471
v -0.07389775 -0.11381472 -0.03049216
v -0.07455631 -0.10363169 -0.03095471
v -0.07317089 -0.10356401 -0.03327766
v -0.03649917 -0.10448837 -0.04537493
v -0.04368659 -0.10448948 -0.04503708
v -0.04677642 -0.10211270 -0.04498494
v -0.04677642 -0.10211270 -0.04498494
v -0.04368659 -0.10448948 -0.04503708
v -0.04646255 -0.11306067 -0.04403545
v -0.04677642 -0.10211270 -0.04498494
v -0.04646255 -0.11306067 -0.04403545
v -0.05218368 -0.10241842 -0.04428121
v -0.05218368 -0.10241842 -0.04428121
v -0.04646255 -0.11306067 -0.04403545
v -0.05177545 -0.11321202 -0.04337803
v -0.05218368 -0.10241842 -0.04428121
v -0.05177545 -0.11321202 -0.04337803
v -0.05751207 -0.10272198 -0.04319654
v -0.05751207 -0.10272198 -0.04319654
v -0.05177545 -0.11321202 -0.04337803
v -0.05701884 -0.11336224 -0.04234751
v -0.05751207 -0.10272198 -0.04319654
v -0.05701884 -0.11336224 -0.04234751
v -0.06267419 -0.10301531 -0.04152829
v -0.06267419 -0.10301531 -0.04152829
v -0.05701884 -0.11336224 -0.04234751
v -0.06210864 -0.11350741 -0.04075113
v -0.06267419 -0.10301531 -0.04152829
v -0.06210864 -0.11350741 -0.04075113
v -0.06745709 -0.10327549 -0.03898978
v -0.06745709 -0.10327549 -0.03898978
v -0.06210864 -0.11350741 -0.04075113
v -0.06684424 -0.11363648 -0.03831781
v -0.06745709 -0.10327549 -0.03898978
v -0.06684424 -0.11363648 -0.03831781
v -0.06960113 -0.10338634 -0.03733395
v -0.06960113 -0.10338634 -0.03733395
v -0.06684424 -0.11363648 -0.03831781
v -0.07087900 -0.11373968 -0.03485985
v -0.06960113 -0.10338634 -0.03733395
v -0.07087900 -0.11373968 -0.03485985
v -0.07151674 -0.10348251 -0.03541996
v -0.07151674 -0.10348251 -0.03541996
v -0.07087900 -0.11373968 -0.03485985
v -0.07317089 -0.10356401 -0.03327766
v -0.02544424 -0.06960033 -0.04774538
v -0.02541303 -0.08871448 -0.04660445
v -0.03593449 -0.07895900 -0.04735276
v -0.03593449 -0.07895900 -0.04735276
v -0.02541303 -0.08871448 -0.04660445
v -0.03584318 -0.10150331 -0.04564846
v -0.03593449 -0.07895900 -0.04735276
v -0.03584318 -0.10150331 -0.04564846
v -0.04710433 -0.08017775 -0.04662042
v -0.04710433 -0.08017775 -0.04662042
v -0.03584318 -0.10150331 -0.04564846
v -0.04677642 -0.10211270 -0.04498494
v -0.04710433 -0.08017775 -0.04662042
v -0.04677642 -0.10211270 -0.04498494
v -0.05261471 -0.08078986 -0.04584614
v -0.05261471 -0.08078986 -0.04584614
v -0.04677642 -0.10211270 -0.04498494
v -0.05218368 -0.10241842 -0.04428121
v -0.05261471 -0.08078986 -0.04584614
v -0.05218368 -0.10241842 -0.04428121
v -0.05803509 -0.08139798 -0.04467528
v -0.05803509 -0.08139798 -0.04467528
v -0.05218368 -0.10241842 -0.04428121
v -0.05751207 -0.10272198 -0.04319654
v -0.05803509 -0.08139798 -0.04467528
v -0.05751207 -0.10272198 -0.04319654
v -0.06327128 -0.08198568 -0.04288539
v -0.06327128 -0.08198568 -0.04288539
v -0.05751207 -0.10272198 -0.04319654
v -0.06267419 -0.10301531 -0.04152829
v -0.06327128 -0.08198568 -0.04288539
v -0.06267419 -0.10301531 -0.04152829
v -0.06808584 -0.08250637 -0.04015858
v -0.06808584 -0.08250637 -0.04015858
v -0.06267419 -0.10301531 -0.04152829
v -0.06745709 -0.10327549 -0.03898978
v -0.06808584 -0.08250637 -0.04015858
v -0.06745709 -0.10327549 -0.03898978
v -0.07022956 -0.08272777 -0.03839983
v -0.07022956 -0.08272777 -0.03839983
v -0.06745709 -0.10327549 -0.03898978
v -0.06960113 -0.10338634 -0.03733395
v -0.07022956 -0.08272777 -0.03839983
v -0.06960113 -0.10338634 -0.03733395
v -0.07213971 -0.08291949 -0.03638719
v -0.07213971 -0.08291949 -0.03638719
v -0.06960113 -0.10338634 -0.03733395
v -0.07151674 -0.10348251 -0.03541996
v -0.07213971 -0.08291949 -0.03638719
v -0.07151674 -0.10348251 -0.03541996
v -0.07378882 -0.08308157 -0.03415439
v -0.07378882 -0.08308157 -0.03415439
v -0.07151674 -0.10348251 -0.03541996
v -0.07317089 -0.10356401 -0.03327766
v -0.07378882 -0.08308157 -0.03415439
v -0.07317089 -0.10356401 -0.03327766
v -0.07517300 -0.08321568 -0.03174898
v -0.07517300 -0.08321568 -0.03174898
v -0.07317089 -0.10356401 -0.03327766
v -0.07455631 -0.10363169 -0.03095471
v -0.07517300 -0.08321568 -0.03174898
v -0.07455631 -0.10363169 -0.03095471
v -0.07722574 -0.08341011 -0.02660610
v -0.07722574 -0.08341011 -0.02660610
v -0.07455631 -0.10363169 -0.03095471
v -0.07660025 -0.10373043 -0.02596083
v -0.07722574 -0.08341011 -0.02660610
v -0.07660025 -0.10373043 -0.02596083
v -0.07852732 -0.08352324 -0.02123564
v -0.07852732 -0.08352324 -0.02123564
v -0.07660025 -0.10373043 -0.02596083
v -0.07789166 -0.10378878 -0.02073034
v -0.07852732 -0.08352324 -0.02123564
v -0.07789166 -0.10378878 -0.02073034
v -0.07932784 -0.08358756 -0.01577765
v -0.07932784 -0.08358756 -0.01577765
v -0.07789166 -0.10378878 -0.02073034
v -0.07868021 -0.10382275 -0.01540739
v -0.07932784 -0.08358756 -0.01577765
v -0.07868021 -0.10382275 -0.01540739
v -0.07981073 -0.08363164 -0.01028951
v -0.07981073 -0.08363164 -0.01028951
v -0.07868021 -0.10382275 -0.01540739
v -0.07914194 -0.10384641 -0.01005085
v -0.07981073 -0.08363164 -0.01028951
v -0.07914194 -0.10384641 -0.01005085
v -0.08000083 -0.09012634 0.00017140
v -0.08000083 -0.09012634 0.00017140
v -0.07914194 -0.10384641 -0.01005085
v -0.07941736 -0.10407665 0.00017123
v -0.05711710 -0.00106187 -0.04446560
v -0.03495629 0.00916752 -0.04446500
v -0.05366570 -0.00569561 -0.04593801
v -0.05366570 -0.00569561 -0.04593801
v -0.03495629 0.00916752 -0.04446500
v -0.03497116 0.00214330 -0.04609711
v -0.05366570 -0.00569561 -0.04593801
v -0.03497116 0.00214330 -0.04609711
v -0.04948333 -0.00990872 -0.04702218
v -0.04948333 -0.00990872 -0.04702218
v -0.03497116 0.00214330 -0.04609711
v -0.03497716 -0.00500269 -0.04728027
v -0.04948333 -0.00990872 -0.04702218
v -0.03497716 -0.00500269 -0.04728027
v -0.04810600 -0.01106309 -0.04727978
v -0.03495629 0.00916752 -0.04446500
v -0.05711710 -0.00106187 -0.04446560
v -0.05958888 0.00329977 -0.04260179
v -0.03495629 0.00916752 -0.04446500
v -0.05958888 0.00329977 -0.04260179
v -0.03494819 0.01483954 -0.04272600
v -0.03494819 0.01483954 -0.04272600
v -0.05958888 0.00329977 -0.04260179
v -0.06164751 0.00774318 -0.04044942
v -0.03494819 0.01483954 -0.04272600
v -0.06164751 0.00774318 -0.04044942
v -0.03494663 0.02032866 -0.04057502
v -0.03494663 0.02032866 -0.04057502
v -0.06164751 0.00774318 -0.04044942
v -0.03494663 0.02034970 -0.04056634
v -0.03494663 0.02034970 -0.04056634
v -0.06164751 0.00774318 -0.04044942
v -0.06332919 0.01217481 -0.03796815
v -0.03494663 0.02034970 -0.04056634
v -0.06332919 0.01217481 -0.03796815
v -0.03494674 0.02456593 -0.03849142
v -0.03494674 0.02456593 -0.03849142
v -0.06332919 0.01217481 -0.03796815
v -0.03494683 0.02849018 -0.03612597
v -0.03494683 0.02849018 -0.03612597
v -0.06332919 0.01217481 -0.03796815
v -0.06448942 0.01646602 -0.03499921
v -0.03494683 0.02849018 -0.03612597
v -0.06448942 0.01646602 -0.03499921
v -0.03494686 0.02984083 -0.03518989
v -0.03497193 0.00173373 0.04478032
v -0.03497693 -0.00528239 0.04594110
v -0.03550125 -0.00552444 0.04594110
v -0.03550125 0.00837852 0.04317871
v -0.03495736 0.00863031 0.04317855
v -0.03550125 0.00479081 0.04407736
v -0.03550125 0.00479081 0.04407736
v -0.03495736 0.00863031 0.04317855
v -0.03497193 0.00173373 0.04478032
v -0.03550125 0.00479081 0.04407736
v -0.03497193 0.00173373 0.04478032
v -0.03550125 0.00135658 0.04480628
v -0.03550125 0.00135658 0.04480628
v -0.03497193 0.00173373 0.04478032
v -0.03550125 -0.00552444 0.04594110
v -0.03495736 0.00863031 0.04317855
v -0.03521893 0.01286954 0.04187314
v -0.03494841 0.01455800 0.04134327
v -0.03494841 0.01455800 0.04134327
v -0.03521893 0.01286954 0.04187314
v -0.03494773 0.01547900 0.04101250
v -0.03494773 0.01547900 0.04101250
v -0.03521893 0.01286954 0.04187314
v -0.03520604 0.01726956 0.04027786
v -0.03494773 0.01547900 0.04101250
v -0.03520604 0.01726956 0.04027786
v -0.03494664 0.02034927 0.03900526
v -0.03494664 0.02034927 0.03900526
v -0.03520604 0.01726956 0.04027786
v -0.03519369 0.02093807 0.03867286
v -0.03494664 0.02034927 0.03900526
v -0.03519369 0.02093807 0.03867286
v -0.03494665 0.02105015 0.03867571
v -0.03494665 0.02105015 0.03867571
v -0.03519369 0.02093807 0.03867286
v -0.03517658 0.02447647 0.03682652
v -0.03494665 0.02105015 0.03867571
v -0.03517658 0.02447647 0.03682652
v -0.03494674 0.02458024 0.03682877
v -0.03494673 0.02460361 0.03681540
v -0.03517644 0.02449992 0.03681315
v -0.03494673 0.02462943 0.03680060
v -0.03494673 0.02462943 0.03680060
v -0.03517644 0.02449992 0.03681315
v -0.03494684 0.02867955 0.03419861
v -0.03550125 0.02842836 0.03419518
v -0.03494684 0.02867955 0.03419861
v -0.03550125 0.02774302 0.03467872
v -0.03550125 0.02774302 0.03467872
v -0.03494684 0.02867955 0.03419861
v -0.03517644 0.02449992 0.03681315
v -0.03550125 0.02774302 0.03467872
v -0.03517644 0.02449992 0.03681315
v -0.03550125 0.02396500 0.03702991
v -0.03495736 0.00863031 0.04317855
v -0.03550125 0.00837852 0.04317871
v -0.03521893 0.01286954 0.04187314
v -0.03521893 0.01286954 0.04187314
v -0.03550125 0.00837852 0.04317871
v -0.03550125 0.01383606 0.04150167
v -0.03521893 0.01286954 0.04187314
v -0.03550125 0.01383606 0.04150167
v -0.03520604 0.01726956 0.04027786
v -0.03520604 0.01726956 0.04027786
v -0.03550125 0.01383606 0.04150167
v -0.03550125 0.01927907 0.03936949
v -0.03520604 0.01726956 0.04027786
v -0.03550125 0.01927907 0.03936949
v -0.03519369 0.02093807 0.03867286
v -0.03519369 0.02093807 0.03867286
v -0.03550125 0.01927907 0.03936949
v -0.03550125 0.02396500 0.03702991
v -0.03519369 0.02093807 0.03867286
v -0.03550125 0.02396500 0.03702991
v -0.03517658 0.02447647 0.03682652
v -0.03517658 0.02447647 0.03682652
v -0.03550125 0.02396500 0.03702991
v -0.03517644 0.02449992 0.03681315
v -0.03517658 0.02447647 0.03682652
v -0.03517644 0.02449992 0.03681315
v -0.03494674 0.02458024 0.03682877
v -0.03494674 0.02458024 0.03682877
v -0.03517644 0.02449992 0.03681315
v -0.03494673 0.02460361 0.03681540
v -0.03350125 -0.01157852 -0.02300000
v -0.03550125 -0.01157854 -0.02299999
v -0.03350125 0.01157853 -0.02300000
v -0.03350125 0.01157853 -0.02300000
v -0.03550125 -0.01157854 -0.02299999
v -0.03550125 0.01157853 -0.02299999
v -0.03350125 0.01157853 0.02300000
v -0.03550125 0.01157853 0.02299999
v -0.03350125 -0.01157852 0.02300001
v -0.03350125 -0.01157852 0.02300001
v -0.03550125 0.01157853 0.02299999
v -0.03550125 -0.01157854 0.02300000
v -0.04426261 -0.12122926 -0.02299613
v -0.04426261 -0.12412407 -0.02299612
v -0.04934727 -0.12412408 -0.01752528
v -0.04426261 -0.12122926 -0.02299613
v -0.04934727 -0.12412408 -0.01752528
v -0.04934727 -0.12122927 -0.01752527
v -0.04934727 -0.12122927 -0.01752527
v -0.04934727 -0.12412408 -0.01752528
v -0.05292291 -0.12412408 -0.01096794
v -0.04934727 -0.12122927 -0.01752527
v -0.05292291 -0.12412408 -0.01096794
v -0.05292291 -0.12122930 -0.01096794
v -0.05292291 -0.12122930 -0.01096794
v -0.05292291 -0.12412408 -0.01096794
v -0.05476791 -0.12412407 -0.00373055
v -0.05292291 -0.12122930 -0.01096794
v -0.05476791 -0.12412407 -0.00373055
v -0.05476791 -0.12122931 -0.00373055
v -0.05476791 -0.12122931 -0.00373055
v -0.05476791 -0.12412407 -0.00373055
v -0.05476791 -0.12412407 0.00373832
v -0.05476791 -0.12122931 -0.00373055
v -0.05476791 -0.12412407 0.00373832
v -0.05476791 -0.12122934 0.00373831
v -0.05476791 -0.12122934 0.00373831
v -0.05476791 -0.12412407 0.00373832
v -0.05292291 -0.12412407 0.01097570
v -0.05476791 -0.12122934 0.00373831
v -0.05292291 -0.12412407 0.01097570
v -0.05292291 -0.12122936 0.01097570
v -0.05292291 -0.12122936 0.01097570
v -0.05292291 -0.12412407 0.01097570
v -0.04934727 -0.12412407 0.01753304
v -0.05292291 -0.12122936 0.01097570
v -0.04934727 -0.12412407 0.01753304
v -0.04934727 -0.12122937 0.01753303
v -0.04934727 -0.12122937 0.01753303
v -0.04934727 -0.12412407 0.01753304
v -0.04426261 -0.12412407 0.02300388
v -0.04934727 -0.12122937 0.01753303
v -0.04426261 -0.12412407 0.02300388
v -0.04426261 -0.12122940 0.02300388
v -0.01334018 -0.12122926 -0.02299612
v -0.00573989 -0.12122925 -0.02299611
v -0.01334019 -0.12169192 -0.02299612
v -0.01334019 -0.12169192 -0.02299612
v -0.00573989 -0.12122925 -0.02299611
v -0.00573989 -0.12412407 -0.02299611
v -0.01334019 -0.12169192 -0.02299612
v -0.00573989 -0.12412407 -0.02299611
v -0.03666231 -0.12169192 -0.02299612
v -0.03666231 -0.12169192 -0.02299612
v -0.00573989 -0.12412407 -0.02299611
v -0.04426261 -0.12412407 -0.02299612
v -0.03666231 -0.12169192 -0.02299612
v -0.04426261 -0.12412407 -0.02299612
v -0.03666231 -0.12122925 -0.02299612
v -0.03666231 -0.12122925 -0.02299612
v -0.04426261 -0.12412407 -0.02299612
v -0.04426261 -0.12122926 -0.02299613
v -0.00573989 -0.12122939 0.02300387
v -0.00573989 -0.12412407 0.02300388
v -0.00065523 -0.12412407 0.01753303
v -0.00573989 -0.12122939 0.02300387
v -0.00065523 -0.12412407 0.01753303
v -0.00065523 -0.12122938 0.01753303
v -0.00065523 -0.12122938 0.01753303
v -0.00065523 -0.12412407 0.01753303
v 0.00292041 -0.12412407 0.01097571
v -0.00065523 -0.12122938 0.01753303
v 0.00292041 -0.12412407 0.01097571
v 0.00292041 -0.12122935 0.01097571
v 0.00292041 -0.12122935 0.01097571
v 0.00292041 -0.12412407 0.01097571
v 0.00476541 -0.12412407 0.00373831
v 0.00292041 -0.12122935 0.01097571
v 0.00476541 -0.12412407 0.00373831
v 0.00476541 -0.12122934 0.00373831
v 0.00476541 -0.12122934 0.00373831
v 0.00476541 -0.12412407 0.00373831
v 0.00476541 -0.12412407 -0.00373055
v 0.00476541 -0.12122934 0.00373831
v 0.00476541 -0.12412407 -0.00373055
v 0.00476541 -0.12122931 -0.00373055
v 0.00476541 -0.12122931 -0.00373055
v 0.00476541 -0.12412407 -0.00373055
v 0.00292041 -0.12412407 -0.01096793
v 0.00476541 -0.12122931 -0.00373055
v 0.00292041 -0.12412407 -0.01096793
v 0.00292041 -0.12122929 -0.01096794
v 0.00292041 -0.12122929 -0.01096794
v 0.00292041 -0.12412407 -0.01096793
v -0.00065523 -0.12412407 -0.01752529
v 0.00292041 -0.12122929 -0.01096794
v -0.00065523 -0.12412407 -0.01752529
v -0.00065523 -0.12122928 -0.01752527
v -0.00065523 -0.12122928 -0.01752527
v -0.00065523 -0.12412407 -0.01752529
v -0.00573989 -0.12412407 -0.02299611
v -0.00065523 -0.12122928 -0.01752527
v -0.00573989 -0.12412407 -0.02299611
v -0.00573989 -0.12122925 -0.02299611
v -0.01350614 -0.12412407 0.02300396
v -0.00573989 -0.12412407 0.02300388
v -0.01350599 -0.12169045 0.02300388
v -0.01350599 -0.12169045 0.02300388
v -0.00573989 -0.12412407 0.02300388
v -0.00573989 -0.12122939 0.02300387
v -0.01350599 -0.12169045 0.02300388
v -0.00573989 -0.12122939 0.02300387
v -0.01350599 -0.12122939 0.02300388
v -0.04934727 -0.12412408 -0.01752528
v -0.04426261 -0.12412407 -0.02299612
v -0.03649651 -0.12412407 0.02300389
v -0.04426261 -0.12412407 -0.02299612
v -0.00573989 -0.12412407 -0.02299611
v -0.00065523 -0.12412407 -0.01752529
v -0.04426261 -0.12412407 -0.02299612
v -0.01350614 -0.12412407 0.02300396
v -0.03649651 -0.12412407 0.02300389
v -0.00065523 -0.12412407 -0.01752529
v 0.00292041 -0.12412407 -0.01096793
v -0.04426261 -0.12412407 -0.02299612
v -0.04426261 -0.12412407 -0.02299612
v 0.00292041 -0.12412407 -0.01096793
v 0.00476541 -0.12412407 -0.00373055
v -0.04426261 -0.12412407 -0.02299612
v 0.00476541 -0.12412407 -0.00373055
v 0.00476541 -0.12412407 0.00373831
v -0.00573989 -0.12412407 0.02300388
v -0.01350614 -0.12412407 0.02300396
v -0.00065523 -0.12412407 0.01753303
v -0.00065523 -0.12412407 0.01753303
v -0.01350614 -0.12412407 0.02300396
v -0.04426261 -0.12412407 -0.02299612
v -0.00065523 -0.12412407 0.01753303
v -0.04426261 -0.12412407 -0.02299612
v 0.00292041 -0.12412407 0.01097571
v 0.00292041 -0.12412407 0.01097571
v -0.04426261 -0.12412407 -0.02299612
v 0.00476541 -0.12412407 0.00373831
v -0.04426261 -0.12412407 0.02300388
v -0.04934727 -0.12412407 0.01753304
v -0.03649651 -0.12412407 0.02300389
v -0.03649651 -0.12412407 0.02300389
v -0.04934727 -0.12412407 0.01753304
v -0.05292291 -0.12412407 0.01097570
v -0.03649651 -0.12412407 0.02300389
v -0.05292291 -0.12412407 0.01097570
v -0.05476791 -0.12412407 0.00373832
v -0.05476791 -0.12412407 0.00373832
v -0.05476791 -0.12412407 -0.00373055
v -0.03649651 -0.12412407 0.02300389
v -0.03649651 -0.12412407 0.02300389
v -0.05476791 -0.12412407 -0.00373055
v -0.05292291 -0.12412408 -0.01096794
v -0.03649651 -0.12412407 0.02300389
v -0.05292291 -0.12412408 -0.01096794
v -0.04934727 -0.12412408 -0.01752528
v -0.03030811 -0.12122921 -0.03839397
v -0.03550125 -0.12122922 -0.03733868
v -0.03550125 -0.07840311 -0.03733882
v -0.03550125 -0.07840311 -0.03733882
v -0.03030939 -0.07840296 -0.03839374
v -0.03030811 -0.12122921 -0.03839397
v -0.03030811 -0.12122921 -0.03839397
v -0.03030939 -0.07840296 -0.03839374
v -0.02495831 -0.07840279 -0.03875334
v -0.03030811 -0.12122921 -0.03839397
v -0.02495831 -0.07840279 -0.03875334
v -0.02495703 -0.12122922 -0.03875356
v -0.03550125 -0.07840311 -0.03733882
v -0.03550125 -0.07840309 -0.03875323
v -0.03030939 -0.07840296 -0.03839374
v -0.03030939 -0.07840296 -0.03839374
v -0.03550125 -0.07840309 -0.03875323
v -0.02495831 -0.07840279 -0.03875334
v -0.00045865 -0.06280212 -0.02536175
v -0.00045853 -0.06680214 -0.02536177
v -0.00051664 -0.06680212 -0.02569769
v -0.02870718 -0.06680292 -0.03506025
v -0.03550125 -0.06680312 -0.03369746
v -0.03550125 -0.06280312 -0.03369748
v -0.00045865 -0.06280212 -0.02536175
v -0.00051664 -0.06680212 -0.02569769
v -0.00051676 -0.06280213 -0.02569768
v -0.00051676 -0.06280213 -0.02569768
v -0.00051664 -0.06680212 -0.02569769
v -0.00080573 -0.06680214 -0.02611938
v -0.00051676 -0.06280213 -0.02569768
v -0.00080573 -0.06680214 -0.02611938
v -0.00080585 -0.06280214 -0.02611935
v -0.00080585 -0.06280214 -0.02611935
v -0.00080573 -0.06680214 -0.02611938
v -0.00149680 -0.06680216 -0.02671411
v -0.00080585 -0.06280214 -0.02611935
v -0.00149680 -0.06680216 -0.02671411
v -0.00170568 -0.06280215 -0.02688794
v -0.03550125 -0.06280312 -0.03369748
v -0.02870730 -0.06280292 -0.03506023
v -0.02870718 -0.06680292 -0.03506025
v -0.02870718 -0.06680292 -0.03506025
v -0.02870730 -0.06280292 -0.03506023
v -0.02163162 -0.06280271 -0.03510133
v -0.02870718 -0.06680292 -0.03506025
v -0.02163162 -0.06280271 -0.03510133
v -0.02163149 -0.06680270 -0.03510135
v -0.02163149 -0.06680270 -0.03510135
v -0.02163162 -0.06280271 -0.03510133
v -0.01447150 -0.06280249 -0.03371430
v -0.02163149 -0.06680270 -0.03510135
v -0.01447150 -0.06280249 -0.03371430
v -0.01447139 -0.06680251 -0.03371432
v -0.01447139 -0.06680251 -0.03371432
v -0.01447150 -0.06280249 -0.03371430
v -0.00772214 -0.06280232 -0.03092716
v -0.01447139 -0.06680251 -0.03371432
v -0.00772214 -0.06280232 -0.03092716
v -0.00772201 -0.06680232 -0.03092719
v -0.00772201 -0.06680232 -0.03092719
v -0.00772214 -0.06280232 -0.03092716
v -0.00170568 -0.06280215 -0.02688794
v -0.00772201 -0.06680232 -0.03092719
v -0.00170568 -0.06280215 -0.02688794
v -0.00170556 -0.06680217 -0.02688796
v -0.00170556 -0.06680217 -0.02688796
v -0.00170568 -0.06280215 -0.02688794
v -0.00149680 -0.06680216 -0.02671411
v -0.03666231 -0.12169192 -0.02299612
v -0.03666231 -0.12122925 -0.02299612
v -0.03099654 -0.12122925 -0.02508019
v -0.03666231 -0.12169192 -0.02299612
v -0.03099654 -0.12122925 -0.02508019
v -0.03099655 -0.12169198 -0.02508020
v -0.03099655 -0.12169198 -0.02508020
v -0.03099654 -0.12122925 -0.02508019
v -0.02500125 -0.12122924 -0.02578785
v -0.03099655 -0.12169198 -0.02508020
v -0.02500125 -0.12122924 -0.02578785
v -0.02500125 -0.12169201 -0.02578785
v -0.02500125 -0.12169201 -0.02578785
v -0.02500125 -0.12122924 -0.02578785
v -0.01900596 -0.12122925 -0.02508020
v -0.02500125 -0.12169201 -0.02578785
v -0.01900596 -0.12122925 -0.02508020
v -0.01900596 -0.12169197 -0.02508020
v -0.01900596 -0.12169197 -0.02508020
v -0.01900596 -0.12122925 -0.02508020
v -0.01334018 -0.12122926 -0.02299612
v -0.01900596 -0.12169197 -0.02508020
v -0.01334018 -0.12122926 -0.02299612
v -0.01334019 -0.12169192 -0.02299612
v -0.01350599 -0.12169045 0.02300388
v -0.01350599 -0.12122939 0.02300388
v -0.01909626 -0.12122939 0.02502594
v -0.01350599 -0.12169045 0.02300388
v -0.01909626 -0.12122939 0.02502594
v -0.01909626 -0.12169038 0.02502594
v -0.01909626 -0.12169038 0.02502594
v -0.01909626 -0.12122939 0.02502594
v -0.02500125 -0.12122940 0.02571215
v -0.01909626 -0.12169038 0.02502594
v -0.02500125 -0.12122940 0.02571215
v -0.02500125 -0.12169036 0.02571215
v -0.02500125 -0.12169036 0.02571215
v -0.02500125 -0.12122940 0.02571215
v -0.03090625 -0.12122940 0.02502594
v -0.02500125 -0.12169036 0.02571215
v -0.03090625 -0.12122940 0.02502594
v -0.03090625 -0.12169039 0.02502594
v -0.03090625 -0.12169039 0.02502594
v -0.03090625 -0.12122940 0.02502594
v -0.03649651 -0.12122940 0.02300389
v -0.03090625 -0.12169039 0.02502594
v -0.03649651 -0.12122940 0.02300389
v -0.03649651 -0.12169045 0.02300389
v -0.03030903 -0.07840336 0.04088712
v -0.03550125 -0.07840350 0.03983214
v -0.03550125 -0.12122944 0.03983157
v -0.03550125 -0.12122944 0.03983157
v -0.03030776 -0.12122944 0.04088690
v -0.03030903 -0.07840336 0.04088712
v -0.03030903 -0.07840336 0.04088712
v -0.03030776 -0.12122944 0.04088690
v -0.02495631 -0.12122945 0.04124644
v -0.03030903 -0.07840336 0.04088712
v -0.02495631 -0.12122945 0.04124644
v -0.02495758 -0.07840321 0.04124666
v -0.02495703 -0.12122922 -0.03875356
v -0.02495831 -0.07840279 -0.03875334
v -0.01605746 -0.07840253 -0.03775053
v -0.02495703 -0.12122922 -0.03875356
v -0.01605746 -0.07840253 -0.03775053
v -0.01605619 -0.12122922 -0.03775075
v -0.01605619 -0.12122922 -0.03775075
v -0.01605746 -0.07840253 -0.03775053
v -0.00760292 -0.07840229 -0.03479224
v -0.01605619 -0.12122922 -0.03775075
v -0.00760292 -0.07840229 -0.03479224
v -0.00760165 -0.12122922 -0.03479246
v -0.00760165 -0.12122922 -0.03479246
v -0.00760292 -0.07840229 -0.03479224
v -0.00001864 -0.07840209 -0.03002683
v -0.00760165 -0.12122922 -0.03479246
v -0.00001864 -0.07840209 -0.03002683
v -0.00001737 -0.12122924 -0.03002704
v -0.00001737 -0.12122924 -0.03002704
v -0.00001864 -0.07840209 -0.03002683
v 0.00631509 -0.07840193 -0.02369321
v -0.00001737 -0.12122924 -0.03002704
v 0.00631509 -0.07840193 -0.02369321
v 0.00631636 -0.12122925 -0.02369343
v 0.00631636 -0.12122925 -0.02369343
v 0.00631509 -0.07840193 -0.02369321
v 0.01108065 -0.07840184 -0.01610901
v 0.00631636 -0.12122925 -0.02369343
v 0.01108065 -0.07840184 -0.01610901
v 0.01108192 -0.12122928 -0.01610923
v 0.01108192 -0.12122928 -0.01610923
v 0.01108065 -0.07840184 -0.01610901
v 0.01403909 -0.07840180 -0.00765453
v 0.01108192 -0.12122928 -0.01610923
v 0.01403909 -0.07840180 -0.00765453
v 0.01404036 -0.12122929 -0.00765475
v 0.01404036 -0.12122929 -0.00765475
v 0.01403909 -0.07840180 -0.00765453
v 0.01504205 -0.07840181 0.00124630
v 0.01404036 -0.12122929 -0.00765475
v 0.01504205 -0.07840181 0.00124630
v 0.01504333 -0.12122932 0.00124608
v 0.01504333 -0.12122932 0.00124608
v 0.01504205 -0.07840181 0.00124630
v 0.01403925 -0.07840189 0.01014714
v 0.01504333 -0.12122932 0.00124608
v 0.01403925 -0.07840189 0.01014714
v 0.01404052 -0.12122936 0.01014693
v 0.01404052 -0.12122936 0.01014693
v 0.01403925 -0.07840189 0.01014714
v 0.01108097 -0.07840202 0.01860168
v 0.01404052 -0.12122936 0.01014693
v 0.01108097 -0.07840202 0.01860168
v 0.01108224 -0.12122938 0.01860147
v 0.01108224 -0.12122938 0.01860147
v 0.01108097 -0.07840202 0.01860168
v 0.00631554 -0.07840219 0.02618597
v 0.01108224 -0.12122938 0.01860147
v 0.00631554 -0.07840219 0.02618597
v 0.00631681 -0.12122940 0.02618575
v 0.00631681 -0.12122940 0.02618575
v 0.00631554 -0.07840219 0.02618597
v -0.00001807 -0.07840241 0.03251969
v 0.00631681 -0.12122940 0.02618575
v -0.00001807 -0.07840241 0.03251969
v -0.00001680 -0.12122942 0.03251947
v -0.00001680 -0.12122942 0.03251947
v -0.00001807 -0.07840241 0.03251969
v -0.00760227 -0.07840267 0.03728526
v -0.00001680 -0.12122942 0.03251947
v -0.00760227 -0.07840267 0.03728526
v -0.00760100 -0.12122943 0.03728503
v -0.00760100 -0.12122943 0.03728503
v -0.00760227 -0.07840267 0.03728526
v -0.01605676 -0.07840293 0.04024370
v -0.00760100 -0.12122943 0.03728503
v -0.01605676 -0.07840293 0.04024370
v -0.01605548 -0.12122944 0.04024347
v -0.01605548 -0.12122944 0.04024347
v -0.01605676 -0.07840293 0.04024370
v -0.02495758 -0.07840321 0.04124666
v -0.01605548 -0.12122944 0.04024347
v -0.02495758 -0.07840321 0.04124666
v -0.02495631 -0.12122945 0.04124644
v -0.00145133 -0.06680217 -0.02292294
v -0.00145135 -0.06680216 -0.02535080
v -0.00145115 -0.07290217 -0.02292297
v -0.00145115 -0.07290217 -0.02292297
v -0.00145135 -0.06680216 -0.02535080
v -0.00145117 -0.07310216 -0.02535084
v -0.00145115 -0.07290217 -0.02292297
v -0.00145117 -0.07310216 -0.02535084
v -0.00145115 -0.07303510 -0.02289907
v -0.00145115 -0.07303510 -0.02289907
v -0.00145117 -0.07310216 -0.02535084
v -0.00145115 -0.07310218 -0.02286770
v -0.00145071 -0.07297602 0.02540868
v -0.00145071 -0.07310243 0.02536066
v -0.00145069 -0.07310244 0.02784380
v -0.00145087 -0.06680243 0.02784383
v -0.00145090 -0.06680242 0.02541596
v -0.00145069 -0.07310244 0.02784380
v -0.00145069 -0.07310244 0.02784380
v -0.00145090 -0.06680242 0.02541596
v -0.00145072 -0.07290242 0.02541593
v -0.00145069 -0.07310244 0.02784380
v -0.00145072 -0.07290242 0.02541593
v -0.00145071 -0.07297602 0.02540868
v -0.01499972 -0.06840251 -0.03282427
v -0.01552814 -0.06840254 -0.03297430
v -0.01552800 -0.07310254 -0.03297433
v -0.01086875 -0.06840242 -0.03133381
v -0.01137459 -0.06840242 -0.03154794
v -0.01137445 -0.07310242 -0.03154795
v -0.01137445 -0.07310242 -0.03154795
v -0.01137459 -0.06840242 -0.03154794
v -0.01239592 -0.06840245 -0.03195257
v -0.01137445 -0.07310242 -0.03154795
v -0.01239592 -0.06840245 -0.03195257
v -0.01291116 -0.06840247 -0.03214298
v -0.01291116 -0.06840247 -0.03214298
v -0.01316987 -0.06840248 -0.03223521
v -0.01137445 -0.07310242 -0.03154795
v -0.01137445 -0.07310242 -0.03154795
v -0.01316987 -0.06840248 -0.03223521
v -0.01342928 -0.06840248 -0.03232542
v -0.01137445 -0.07310242 -0.03154795
v -0.01342928 -0.06840248 -0.03232542
v -0.01552800 -0.07310254 -0.03297433
v -0.01552800 -0.07310254 -0.03297433
v -0.01342928 -0.06840248 -0.03232542
v -0.01447369 -0.06840251 -0.03266610
v -0.01552800 -0.07310254 -0.03297433
v -0.01447369 -0.06840251 -0.03266610
v -0.01499972 -0.06840251 -0.03282427
v -0.00742882 -0.07310231 -0.02961962
v -0.00742898 -0.06840232 -0.02961960
v -0.00937193 -0.06840236 -0.03064484
v -0.00742882 -0.07310231 -0.02961962
v -0.00937193 -0.06840236 -0.03064484
v -0.01137445 -0.07310242 -0.03154795
v -0.01137445 -0.07310242 -0.03154795
v -0.00937193 -0.06840236 -0.03064484
v -0.01036627 -0.06840240 -0.03111189
v -0.01137445 -0.07310242 -0.03154795
v -0.01036627 -0.06840240 -0.03111189
v -0.01086875 -0.06840242 -0.03133381
v -0.03550125 -0.06840313 -0.03264796
v -0.03550125 -0.07310314 -0.03264795
v -0.03438896 -0.06840310 -0.03297412
v -0.03438896 -0.06840310 -0.03297412
v -0.03550125 -0.07310314 -0.03264795
v -0.03438872 -0.07310310 -0.03297418
v -0.03550125 -0.07310349 0.03514132
v -0.03550125 -0.06840348 0.03514140
v -0.03438820 -0.07310345 0.03546770
v -0.03438820 -0.07310345 0.03546770
v -0.03550125 -0.06840348 0.03514140
v -0.03438834 -0.06840346 0.03546773
v -0.00790813 -0.06840266 0.03238027
v -0.00742840 -0.06840263 0.03211270
v -0.00742828 -0.07310264 0.03211269
v -0.01137387 -0.07310276 0.03404110
v -0.01137399 -0.06840275 0.03404112
v -0.00937135 -0.06840270 0.03313798
v -0.01137387 -0.07310276 0.03404110
v -0.00937135 -0.06840270 0.03313798
v -0.00742828 -0.07310264 0.03211269
v -0.00742828 -0.07310264 0.03211269
v -0.00937135 -0.06840270 0.03313798
v -0.00839194 -0.06840266 0.03264039
v -0.00742828 -0.07310264 0.03211269
v -0.00839194 -0.06840266 0.03264039
v -0.00790813 -0.06840266 0.03238027
v -0.01552741 -0.07310289 0.03546754
v -0.01552752 -0.06840289 0.03546756
v -0.01342868 -0.06840283 0.03481864
v -0.01265257 -0.06840281 0.03454198
v -0.01239532 -0.06840280 0.03444578
v -0.01137387 -0.07310276 0.03404110
v -0.01137387 -0.07310276 0.03404110
v -0.01239532 -0.06840280 0.03444578
v -0.01188309 -0.06840278 0.03424739
v -0.01137387 -0.07310276 0.03404110
v -0.01188309 -0.06840278 0.03424739
v -0.01137399 -0.06840275 0.03404112
v -0.01552741 -0.07310289 0.03546754
v -0.01342868 -0.06840283 0.03481864
v -0.01137387 -0.07310276 0.03404110
v -0.01137387 -0.07310276 0.03404110
v -0.01342868 -0.06840283 0.03481864
v -0.01291056 -0.06840281 0.03463620
v -0.01137387 -0.07310276 0.03404110
v -0.01291056 -0.06840281 0.03463620
v -0.01265257 -0.06840281 0.03454198
v -0.00145087 -0.06680243 0.02784383
v -0.00145069 -0.07310244 0.02784380
v -0.00583486 -0.06680258 0.03115155
v -0.00583486 -0.06680258 0.03115155
v -0.00145069 -0.07310244 0.02784380
v -0.00583466 -0.07310259 0.03115151
v -0.00145117 -0.07310216 -0.02535084
v -0.00145135 -0.06680216 -0.02535080
v -0.00583521 -0.07310227 -0.02865849
v -0.00583521 -0.07310227 -0.02865849
v -0.00145135 -0.06680216 -0.02535080
v -0.00583539 -0.06680227 -0.02865845
v -0.00593488 -0.07310258 0.03121946
v -0.00593507 -0.06680259 0.03121950
v -0.00583466 -0.07310259 0.03115151
v -0.00583466 -0.07310259 0.03115151
v -0.00593507 -0.06680259 0.03121950
v -0.00583486 -0.06680258 0.03115155
v -0.00593561 -0.06680227 -0.02872639
v -0.00593543 -0.07310227 -0.02872643
v -0.00583539 -0.06680227 -0.02865845
v -0.00583539 -0.06680227 -0.02865845
v -0.00593543 -0.07310227 -0.02872643
v -0.00583521 -0.07310227 -0.02865849
v -0.00059318 -0.07300144 0.02729199
v -0.00056134 -0.07310241 0.02729198
v -0.00078946 -0.07310241 0.02623959
v -0.00145071 -0.07297602 0.02540868
v -0.00145072 -0.07290242 0.02541593
v -0.00082747 -0.07290241 0.02625686
v -0.00078946 -0.07310241 0.02623959
v -0.00145071 -0.07310243 0.02536066
v -0.00145071 -0.07297602 0.02540868
v -0.00145071 -0.07297602 0.02540868
v -0.00082747 -0.07290241 0.02625686
v -0.00078946 -0.07310241 0.02623959
v -0.00078946 -0.07310241 0.02623959
v -0.00082747 -0.07290241 0.02625686
v -0.00060309 -0.07290241 0.02729199
v -0.00078946 -0.07310241 0.02623959
v -0.00060309 -0.07290241 0.02729199
v -0.00059318 -0.07300144 0.02729199
v -0.00732157 -0.06840263 0.03205577
v -0.00732143 -0.07310263 0.03205575
v -0.00742840 -0.06840263 0.03211270
v -0.00742840 -0.06840263 0.03211270
v -0.00732143 -0.07310263 0.03205575
v -0.00742828 -0.07310264 0.03211269
v -0.01564321 -0.07310289 0.03550283
v -0.01564335 -0.06840290 0.03550284
v -0.01552741 -0.07310289 0.03546754
v -0.01552741 -0.07310289 0.03546754
v -0.01564335 -0.06840290 0.03550284
v -0.01552752 -0.06840289 0.03546756
v -0.03427252 -0.06840345 0.03550301
v -0.03427238 -0.07310345 0.03550300
v -0.03438834 -0.06840346 0.03546773
v -0.03438834 -0.06840346 0.03546773
v -0.03427238 -0.07310345 0.03550300
v -0.03438820 -0.07310345 0.03546770
v -0.03427300 -0.07310309 -0.03300944
v -0.03427314 -0.06840310 -0.03300942
v -0.03438872 -0.07310310 -0.03297418
v -0.03438872 -0.07310310 -0.03297418
v -0.03427314 -0.06840310 -0.03300942
v -0.03438896 -0.06840310 -0.03297412
v -0.01564397 -0.06840255 -0.03300958
v -0.01564382 -0.07310253 -0.03300961
v -0.01552814 -0.06840254 -0.03297430
v -0.01552814 -0.06840254 -0.03297430
v -0.01564382 -0.07310253 -0.03300961
v -0.01552800 -0.07310254 -0.03297433
v -0.00732199 -0.07310232 -0.02956268
v -0.00732212 -0.06840231 -0.02956265
v -0.00742882 -0.07310231 -0.02961962
v -0.00742882 -0.07310231 -0.02961962
v -0.00732212 -0.06840231 -0.02956265
v -0.00742898 -0.06840232 -0.02961960
v -0.00145115 -0.07303510 -0.02289907
v -0.00145115 -0.07310218 -0.02286770
v -0.00078724 -0.07310215 -0.02375253
v -0.00145115 -0.07303510 -0.02289907
v -0.00078724 -0.07310215 -0.02375253
v -0.00145115 -0.07290217 -0.02292297
v -0.00056182 -0.07310213 -0.02479904
v -0.00060357 -0.07290214 -0.02479905
v -0.00078724 -0.07310215 -0.02375253
v -0.00078724 -0.07310215 -0.02375253
v -0.00060357 -0.07290214 -0.02479905
v -0.00082529 -0.07290215 -0.02376972
v -0.00078724 -0.07310215 -0.02375253
v -0.00082529 -0.07290215 -0.02376972
v -0.00145115 -0.07290217 -0.02292297
v -0.00148973 -0.07300148 0.02921469
v -0.00149611 -0.07290244 0.02920710
v -0.00644001 -0.07300165 0.03271181
v -0.00644001 -0.07300165 0.03271181
v -0.00149611 -0.07290244 0.02920710
v -0.00644503 -0.07290260 0.03270327
v -0.00644001 -0.07300165 0.03271181
v -0.00644503 -0.07290260 0.03270327
v -0.01190061 -0.07300182 0.03534178
v -0.00644503 -0.07290260 0.03270327
v -0.01190416 -0.07290278 0.03533254
v -0.01190061 -0.07300182 0.03534178
v -0.01190061 -0.07300182 0.03534178
v -0.01190416 -0.07290278 0.03533254
v -0.01419623 -0.07290285 0.03612408
v -0.01190061 -0.07300182 0.03534178
v -0.01419623 -0.07290285 0.03612408
v -0.01772106 -0.07300200 0.03703214
v -0.03550125 -0.07290350 0.03619082
v -0.03550125 -0.07300273 0.03620121
v -0.02979309 -0.07290333 0.03742504
v -0.02979309 -0.07290333 0.03742504
v -0.03550125 -0.07300273 0.03620121
v -0.02979439 -0.07300237 0.03743486
v -0.02979309 -0.07290333 0.03742504
v -0.02979439 -0.07300237 0.03743486
v -0.02374129 -0.07290316 0.03772641
v -0.02374129 -0.07290316 0.03772641
v -0.02979439 -0.07300237 0.03743486
v -0.02374096 -0.07300219 0.03773631
v -0.02374129 -0.07290316 0.03772641
v -0.02374096 -0.07300219 0.03773631
v -0.02131888 -0.07290308 0.03756482
v -0.02131888 -0.07290308 0.03756482
v -0.02374096 -0.07300219 0.03773631
v -0.01772106 -0.07300200 0.03703214
v -0.02131888 -0.07290308 0.03756482
v -0.01772106 -0.07300200 0.03703214
v -0.01772303 -0.07290297 0.03702243
v -0.01772303 -0.07290297 0.03702243
v -0.01772106 -0.07300200 0.03703214
v -0.01419623 -0.07290285 0.03612408
v -0.03550125 -0.07300273 0.03620121
v -0.03550125 -0.07310349 0.03623441
v -0.02979439 -0.07300237 0.03743486
v -0.02979439 -0.07300237 0.03743486
v -0.03550125 -0.07310349 0.03623441
v -0.02979861 -0.07310333 0.03746641
v -0.02979439 -0.07300237 0.03743486
v -0.02979861 -0.07310333 0.03746641
v -0.02374096 -0.07300219 0.03773631
v -0.02374096 -0.07300219 0.03773631
v -0.02979861 -0.07310333 0.03746641
v -0.02373989 -0.07310314 0.03776813
v -0.02374096 -0.07300219 0.03773631
v -0.02373989 -0.07310314 0.03776813
v -0.01772106 -0.07300200 0.03703214
v -0.01772106 -0.07300200 0.03703214
v -0.02373989 -0.07310314 0.03776813
v -0.01771475 -0.07310297 0.03706335
v -0.01772106 -0.07300200 0.03703214
v -0.01771475 -0.07310297 0.03706335
v -0.01190061 -0.07300182 0.03534178
v -0.01190061 -0.07300182 0.03534178
v -0.01771475 -0.07310297 0.03706335
v -0.01188923 -0.07310279 0.03537151
v -0.01190061 -0.07300182 0.03534178
v -0.01188923 -0.07310279 0.03537151
v -0.00644001 -0.07300165 0.03271181
v -0.00644001 -0.07300165 0.03271181
v -0.01188923 -0.07310279 0.03537151
v -0.00642385 -0.07310261 0.03273925
v -0.00644001 -0.07300165 0.03271181
v -0.00642385 -0.07310261 0.03273925
v -0.00148973 -0.07300148 0.02921469
v -0.00148973 -0.07300148 0.02921469
v -0.00642385 -0.07310261 0.03273925
v -0.00146927 -0.07310244 0.02923907
v -0.03214025 -0.07310302 -0.03458229
v -0.03550125 -0.07310313 -0.03374104
v -0.03550125 -0.07290312 -0.03369743
v -0.03550125 -0.07290312 -0.03369743
v -0.03213205 -0.07290303 -0.03454135
v -0.03214025 -0.07310302 -0.03458229
v -0.03214025 -0.07310302 -0.03458229
v -0.03213205 -0.07290303 -0.03454135
v -0.02858590 -0.07290292 -0.03507257
v -0.03214025 -0.07310302 -0.03458229
v -0.02858590 -0.07290292 -0.03507257
v -0.02859235 -0.07310291 -0.03511389
v -0.02859235 -0.07310291 -0.03511389
v -0.02858590 -0.07290292 -0.03507257
v -0.02495466 -0.07290281 -0.03525330
v -0.02859235 -0.07310291 -0.03511389
v -0.02495466 -0.07290281 -0.03525330
v -0.02495465 -0.07310281 -0.03529505
v -0.02495465 -0.07310281 -0.03529505
v -0.02495466 -0.07290281 -0.03525330
v -0.02131914 -0.07290269 -0.03507146
v -0.02495465 -0.07310281 -0.03529505
v -0.02131914 -0.07290269 -0.03507146
v -0.02131670 -0.07310269 -0.03511316
v -0.02131670 -0.07310269 -0.03511316
v -0.02131914 -0.07290269 -0.03507146
v -0.01777710 -0.07290260 -0.03453995
v -0.02131670 -0.07310269 -0.03511316
v -0.01777710 -0.07290260 -0.03453995
v -0.01776887 -0.07310259 -0.03458087
v -0.01776887 -0.07310259 -0.03458087
v -0.01777710 -0.07290260 -0.03453995
v -0.01419661 -0.07290250 -0.03363081
v -0.01776887 -0.07310259 -0.03458087
v -0.01419661 -0.07290250 -0.03363081
v -0.01418541 -0.07310250 -0.03367103
v -0.01418541 -0.07310250 -0.03367103
v -0.01419661 -0.07290250 -0.03363081
v -0.01081177 -0.07290240 -0.03240046
v -0.01418541 -0.07310250 -0.03367103
v -0.01081177 -0.07290240 -0.03240046
v -0.01079559 -0.07310239 -0.03243894
v -0.01079559 -0.07310239 -0.03243894
v -0.01081177 -0.07290240 -0.03240046
v -0.00750064 -0.07290231 -0.03080774
v -0.01079559 -0.07310239 -0.03243894
v -0.00750064 -0.07290231 -0.03080774
v -0.00748117 -0.07310230 -0.03084467
v -0.00748117 -0.07310230 -0.03084467
v -0.00750064 -0.07290231 -0.03080774
v -0.00441082 -0.07290222 -0.02892049
v -0.00748117 -0.07310230 -0.03084467
v -0.00441082 -0.07290222 -0.02892049
v -0.00438732 -0.07310223 -0.02895499
v -0.00438732 -0.07310223 -0.02895499
v -0.00441082 -0.07290222 -0.02892049
v -0.00149661 -0.07290214 -0.02671414
v -0.00438732 -0.07310223 -0.02895499
v -0.00149661 -0.07290214 -0.02671414
v -0.00146977 -0.07310215 -0.02674613
v -0.00060357 -0.07290214 -0.02479905
v -0.00056182 -0.07310213 -0.02479904
v -0.00066860 -0.07310213 -0.02552802
v -0.00146977 -0.07310215 -0.02674613
v -0.00149661 -0.07290214 -0.02671414
v -0.00101486 -0.07290214 -0.02617281
v -0.00146977 -0.07310215 -0.02674613
v -0.00101486 -0.07290214 -0.02617281
v -0.00097997 -0.07310215 -0.02619575
v -0.00097997 -0.07310215 -0.02619575
v -0.00101486 -0.07290214 -0.02617281
v -0.00083781 -0.07290214 -0.02585558
v -0.00097997 -0.07310215 -0.02619575
v -0.00083781 -0.07290214 -0.02585558
v -0.00066860 -0.07310213 -0.02552802
v -0.00066860 -0.07310213 -0.02552802
v -0.00083781 -0.07290214 -0.02585558
v -0.00070860 -0.07290214 -0.02551604
v -0.00066860 -0.07310213 -0.02552802
v -0.00070860 -0.07290214 -0.02551604
v -0.00060357 -0.07290214 -0.02479905
v -0.00149611 -0.07290244 0.02920710
v -0.00148973 -0.07300148 0.02921469
v -0.00083732 -0.07290243 0.02834853
v -0.00083732 -0.07290243 0.02834853
v -0.00148973 -0.07300148 0.02921469
v -0.00082833 -0.07300145 0.02835272
v -0.00083732 -0.07290243 0.02834853
v -0.00082833 -0.07300145 0.02835272
v -0.00060309 -0.07290241 0.02729199
v -0.00060309 -0.07290241 0.02729199
v -0.00082833 -0.07300145 0.02835272
v -0.00059318 -0.07300144 0.02729199
v -0.00148973 -0.07300148 0.02921469
v -0.00146927 -0.07310244 0.02923907
v -0.00082833 -0.07300145 0.02835272
v -0.00082833 -0.07300145 0.02835272
v -0.00146927 -0.07310244 0.02923907
v -0.00079947 -0.07310242 0.02836617
v -0.00082833 -0.07300145 0.02835272
v -0.00079947 -0.07310242 0.02836617
v -0.00059318 -0.07300144 0.02729199
v -0.00059318 -0.07300144 0.02729199
v -0.00079947 -0.07310242 0.02836617
v -0.00056134 -0.07310241 0.02729198
v -0.01564335 -0.06840290 0.03550284
v -0.01564321 -0.07310289 0.03550283
v -0.02037730 -0.07310305 0.03644990
v -0.03550125 -0.06840348 0.03514502
v -0.03550125 -0.06680349 0.03514504
v -0.03427252 -0.06840345 0.03550301
v -0.03427252 -0.06840345 0.03550301
v -0.03550125 -0.06680349 0.03514504
v -0.02810195 -0.06680328 0.03660726
v -0.03427252 -0.06840345 0.03550301
v -0.02810195 -0.06680328 0.03660726
v -0.03427238 -0.07310345 0.03550300
v -0.01286995 -0.06840282 0.03462520
v -0.01355641 -0.06840283 0.03486587
v -0.01287000 -0.06680281 0.03462521
v -0.01287000 -0.06680281 0.03462521
v -0.01355641 -0.06840283 0.03486587
v -0.01424765 -0.06840286 0.03509245
v -0.01287000 -0.06680281 0.03462521
v -0.01424765 -0.06840286 0.03509245
v -0.02037749 -0.06680304 0.03644994
v -0.00593488 -0.07310258 0.03121946
v -0.00732143 -0.07310263 0.03205575
v -0.00593507 -0.06680259 0.03121950
v -0.00593507 -0.06680259 0.03121950
v -0.00732143 -0.07310263 0.03205575
v -0.00732157 -0.06840263 0.03205577
v -0.00732157 -0.06840263 0.03205577
v -0.00798975 -0.06840265 0.03242876
v -0.00593507 -0.06680259 0.03121950
v -0.00593507 -0.06680259 0.03121950
v -0.00798975 -0.06840265 0.03242876
v -0.00866581 -0.06840267 0.03278727
v -0.00593507 -0.06680259 0.03121950
v -0.00866581 -0.06840267 0.03278727
v -0.01287000 -0.06680281 0.03462521
v -0.01287000 -0.06680281 0.03462521
v -0.00866581 -0.06840267 0.03278727
v -0.00934945 -0.06840269 0.03313113
v -0.01287000 -0.06680281 0.03462521
v -0.00934945 -0.06840269 0.03313113
v -0.01004034 -0.06840272 0.03346016
v -0.01004034 -0.06840272 0.03346016
v -0.01144258 -0.06840276 0.03407319
v -0.01287000 -0.06680281 0.03462521
v -0.01287000 -0.06680281 0.03462521
v -0.01144258 -0.06840276 0.03407319
v -0.01215329 -0.06840279 0.03435689
v -0.01287000 -0.06680281 0.03462521
v -0.01215329 -0.06840279 0.03435689
v -0.01286995 -0.06840282 0.03462520
v -0.01424765 -0.06840286 0.03509245
v -0.01564335 -0.06840290 0.03550284
v -0.02037749 -0.06680304 0.03644994
v -0.02037749 -0.06680304 0.03644994
v -0.01564335 -0.06840290 0.03550284
v -0.02037730 -0.07310305 0.03644990
v -0.02037749 -0.06680304 0.03644994
v -0.02037730 -0.07310305 0.03644990
v -0.02810195 -0.06680328 0.03660726
v -0.02810195 -0.06680328 0.03660726
v -0.02037730 -0.07310305 0.03644990
v -0.02810176 -0.07310327 0.03660723
v -0.02810195 -0.06680328 0.03660726
v -0.02810176 -0.07310327 0.03660723
v -0.03427238 -0.07310345 0.03550300
v -0.03427314 -0.06840310 -0.03300942
v -0.03427300 -0.07310309 -0.03300944
v -0.02810192 -0.07310291 -0.03411383
v -0.01073865 -0.06840240 -0.03128102
v -0.01287045 -0.06680246 -0.03213192
v -0.01144306 -0.06840243 -0.03157995
v -0.01144306 -0.06840243 -0.03157995
v -0.01287045 -0.06680246 -0.03213192
v -0.01215376 -0.06840244 -0.03186363
v -0.01073865 -0.06840240 -0.03128102
v -0.01004084 -0.06840239 -0.03096696
v -0.01287045 -0.06680246 -0.03213192
v -0.01287045 -0.06680246 -0.03213192
v -0.01004084 -0.06840239 -0.03096696
v -0.00934997 -0.06840236 -0.03063794
v -0.01287045 -0.06680246 -0.03213192
v -0.00934997 -0.06840236 -0.03063794
v -0.00593561 -0.06680227 -0.02872639
v -0.00732199 -0.07310232 -0.02956268
v -0.00593543 -0.07310227 -0.02872643
v -0.00732212 -0.06840231 -0.02956265
v -0.00732212 -0.06840231 -0.02956265
v -0.00593543 -0.07310227 -0.02872643
v -0.00593561 -0.06680227 -0.02872639
v -0.00732212 -0.06840231 -0.02956265
v -0.00593561 -0.06680227 -0.02872639
v -0.00866634 -0.06840235 -0.03029412
v -0.00866634 -0.06840235 -0.03029412
v -0.00593561 -0.06680227 -0.02872639
v -0.00934997 -0.06840236 -0.03063794
v -0.01424819 -0.06840250 -0.03259918
v -0.01355690 -0.06840249 -0.03237262
v -0.01287045 -0.06680246 -0.03213192
v -0.01287045 -0.06680246 -0.03213192
v -0.01355690 -0.06840249 -0.03237262
v -0.01287040 -0.06840246 -0.03213193
v -0.01287045 -0.06680246 -0.03213192
v -0.01287040 -0.06840246 -0.03213193
v -0.01215376 -0.06840244 -0.03186363
v -0.02037762 -0.07310268 -0.03395656
v -0.01564382 -0.07310253 -0.03300961
v -0.02037780 -0.06680268 -0.03395653
v -0.02037780 -0.06680268 -0.03395653
v -0.01564382 -0.07310253 -0.03300961
v -0.01564397 -0.06840255 -0.03300958
v -0.02037780 -0.06680268 -0.03395653
v -0.01564397 -0.06840255 -0.03300958
v -0.01287045 -0.06680246 -0.03213192
v -0.01287045 -0.06680246 -0.03213192
v -0.01564397 -0.06840255 -0.03300958
v -0.01494398 -0.06840252 -0.03281153
v -0.01287045 -0.06680246 -0.03213192
v -0.01494398 -0.06840252 -0.03281153
v -0.01424819 -0.06840250 -0.03259918
v -0.02037762 -0.07310268 -0.03395656
v -0.02037780 -0.06680268 -0.03395653
v -0.02810192 -0.07310291 -0.03411383
v -0.02810192 -0.07310291 -0.03411383
v -0.02037780 -0.06680268 -0.03395653
v -0.02810210 -0.06680290 -0.03411380
v -0.02810192 -0.07310291 -0.03411383
v -0.02810210 -0.06680290 -0.03411380
v -0.03427314 -0.06840310 -0.03300942
v -0.03427314 -0.06840310 -0.03300942
v -0.02810210 -0.06680290 -0.03411380
v -0.03550125 -0.06680313 -0.03265159
v -0.03427314 -0.06840310 -0.03300942
v -0.03550125 -0.06680313 -0.03265159
v -0.03550125 -0.06840313 -0.03265158
v -0.03427314 -0.06840310 -0.03300942
v -0.03550125 -0.06840313 -0.03265158
v -0.03438896 -0.06840310 -0.03297412
v -0.03438896 -0.06840310 -0.03297412
v -0.03550125 -0.06840313 -0.03265158
v -0.03550125 -0.06840313 -0.03264796
v -0.00742898 -0.06840232 -0.02961960
v -0.00732212 -0.06840231 -0.02956265
v -0.00866634 -0.06840235 -0.03029412
v -0.00742898 -0.06840232 -0.02961960
v -0.00866634 -0.06840235 -0.03029412
v -0.00937193 -0.06840236 -0.03064484
v -0.01494398 -0.06840252 -0.03281153
v -0.01564397 -0.06840255 -0.03300958
v -0.01552814 -0.06840254 -0.03297430
v -0.01552814 -0.06840254 -0.03297430
v -0.01499972 -0.06840251 -0.03282427
v -0.01494398 -0.06840252 -0.03281153
v -0.01494398 -0.06840252 -0.03281153
v -0.01499972 -0.06840251 -0.03282427
v -0.01447369 -0.06840251 -0.03266610
v -0.01494398 -0.06840252 -0.03281153
v -0.01447369 -0.06840251 -0.03266610
v -0.01424819 -0.06840250 -0.03259918
v -0.01424819 -0.06840250 -0.03259918
v -0.01447369 -0.06840251 -0.03266610
v -0.01342928 -0.06840248 -0.03232542
v -0.01424819 -0.06840250 -0.03259918
v -0.01342928 -0.06840248 -0.03232542
v -0.01355690 -0.06840249 -0.03237262
v -0.01355690 -0.06840249 -0.03237262
v -0.01342928 -0.06840248 -0.03232542
v -0.01316987 -0.06840248 -0.03223521
v -0.01355690 -0.06840249 -0.03237262
v -0.01316987 -0.06840248 -0.03223521
v -0.01287040 -0.06840246 -0.03213193
v -0.00866634 -0.06840235 -0.03029412
v -0.00934997 -0.06840236 -0.03063794
v -0.00937193 -0.06840236 -0.03064484
v -0.00937193 -0.06840236 -0.03064484
v -0.00934997 -0.06840236 -0.03063794
v -0.01004084 -0.06840239 -0.03096696
v -0.00937193 -0.06840236 -0.03064484
v -0.01004084 -0.06840239 -0.03096696
v -0.01036627 -0.06840240 -0.03111189
v -0.01036627 -0.06840240 -0.03111189
v -0.01004084 -0.06840239 -0.03096696
v -0.01073865 -0.06840240 -0.03128102
v -0.01036627 -0.06840240 -0.03111189
v -0.01073865 -0.06840240 -0.03128102
v -0.01086875 -0.06840242 -0.03133381
v -0.01086875 -0.06840242 -0.03133381
v -0.01073865 -0.06840240 -0.03128102
v -0.01144306 -0.06840243 -0.03157995
v -0.01086875 -0.06840242 -0.03133381
v -0.01144306 -0.06840243 -0.03157995
v -0.01137459 -0.06840242 -0.03154794
v -0.01137459 -0.06840242 -0.03154794
v -0.01144306 -0.06840243 -0.03157995
v -0.01215376 -0.06840244 -0.03186363
v -0.01137459 -0.06840242 -0.03154794
v -0.01215376 -0.06840244 -0.03186363
v -0.01239592 -0.06840245 -0.03195257
v -0.01239592 -0.06840245 -0.03195257
v -0.01215376 -0.06840244 -0.03186363
v -0.01287040 -0.06840246 -0.03213193
v -0.01239592 -0.06840245 -0.03195257
v -0.01287040 -0.06840246 -0.03213193
v -0.01291116 -0.06840247 -0.03214298
v -0.01291116 -0.06840247 -0.03214298
v -0.01287040 -0.06840246 -0.03213193
v -0.01316987 -0.06840248 -0.03223521
v -0.01552752 -0.06840289 0.03546756
v -0.01564335 -0.06840290 0.03550284
v -0.01424765 -0.06840286 0.03509245
v -0.00798975 -0.06840265 0.03242876
v -0.00732157 -0.06840263 0.03205577
v -0.00742840 -0.06840263 0.03211270
v -0.00937135 -0.06840270 0.03313798
v -0.00866581 -0.06840267 0.03278727
v -0.00839194 -0.06840266 0.03264039
v -0.00839194 -0.06840266 0.03264039
v -0.00866581 -0.06840267 0.03278727
v -0.00798975 -0.06840265 0.03242876
v -0.00839194 -0.06840266 0.03264039
v -0.00798975 -0.06840265 0.03242876
v -0.00790813 -0.06840266 0.03238027
v -0.00790813 -0.06840266 0.03238027
v -0.00798975 -0.06840265 0.03242876
v -0.00742840 -0.06840263 0.03211270
v -0.01552752 -0.06840289 0.03546756
v -0.01424765 -0.06840286 0.03509245
v -0.01342868 -0.06840283 0.03481864
v -0.01265257 -0.06840281 0.03454198
v -0.01291056 -0.06840281 0.03463620
v -0.01286995 -0.06840282 0.03462520
v -0.01286995 -0.06840282 0.03462520
v -0.01291056 -0.06840281 0.03463620
v -0.01342868 -0.06840283 0.03481864
v -0.01286995 -0.06840282 0.03462520
v -0.01342868 -0.06840283 0.03481864
v -0.01355641 -0.06840283 0.03486587
v -0.01355641 -0.06840283 0.03486587
v -0.01342868 -0.06840283 0.03481864
v -0.01424765 -0.06840286 0.03509245
v -0.01265257 -0.06840281 0.03454198
v -0.01286995 -0.06840282 0.03462520
v -0.01239532 -0.06840280 0.03444578
v -0.01239532 -0.06840280 0.03444578
v -0.01286995 -0.06840282 0.03462520
v -0.01215329 -0.06840279 0.03435689
v -0.01239532 -0.06840280 0.03444578
v -0.01215329 -0.06840279 0.03435689
v -0.01188309 -0.06840278 0.03424739
v -0.01188309 -0.06840278 0.03424739
v -0.01215329 -0.06840279 0.03435689
v -0.01144258 -0.06840276 0.03407319
v -0.01188309 -0.06840278 0.03424739
v -0.01144258 -0.06840276 0.03407319
v -0.01137399 -0.06840275 0.03404112
v -0.01137399 -0.06840275 0.03404112
v -0.01144258 -0.06840276 0.03407319
v -0.01004034 -0.06840272 0.03346016
v -0.01137399 -0.06840275 0.03404112
v -0.01004034 -0.06840272 0.03346016
v -0.00937135 -0.06840270 0.03313798
v -0.00937135 -0.06840270 0.03313798
v -0.01004034 -0.06840272 0.03346016
v -0.00934945 -0.06840269 0.03313113
v -0.00937135 -0.06840270 0.03313798
v -0.00934945 -0.06840269 0.03313113
v -0.00866581 -0.06840267 0.03278727
v -0.03550125 -0.06840348 0.03514140
v -0.03550125 -0.06840348 0.03514502
v -0.03438834 -0.06840346 0.03546773
v -0.03438834 -0.06840346 0.03546773
v -0.03550125 -0.06840348 0.03514502
v -0.03427252 -0.06840345 0.03550301
v -0.00082747 -0.07290241 0.02625686
v -0.00145072 -0.07290242 0.02541593
v -0.00145090 -0.06680242 0.02541596
v -0.00145090 -0.06680242 0.02541596
v -0.00082765 -0.06680240 0.02625689
v -0.00082747 -0.07290241 0.02625686
v -0.00082747 -0.07290241 0.02625686
v -0.00082765 -0.06680240 0.02625689
v -0.00060327 -0.06680240 0.02729202
v -0.00082747 -0.07290241 0.02625686
v -0.00060327 -0.06680240 0.02729202
v -0.00060309 -0.07290241 0.02729199
v -0.00145133 -0.06680217 -0.02292294
v -0.00145115 -0.07290217 -0.02292297
v -0.00082529 -0.07290215 -0.02376972
v -0.00145133 -0.06680217 -0.02292294
v -0.00082529 -0.07290215 -0.02376972
v -0.00082547 -0.06680215 -0.02376969
v -0.00082547 -0.06680215 -0.02376969
v -0.00082529 -0.07290215 -0.02376972
v -0.00060357 -0.07290214 -0.02479905
v -0.00082547 -0.06680215 -0.02376969
v -0.00060357 -0.07290214 -0.02479905
v -0.00060375 -0.06680214 -0.02479900
v -0.03550125 -0.06680349 0.03619091
v -0.03550125 -0.07290350 0.03619082
v -0.03476664 -0.06680347 0.03640417
v -0.03476664 -0.06680347 0.03640417
v -0.03550125 -0.07290350 0.03619082
v -0.02979309 -0.07290333 0.03742504
v -0.03476664 -0.06680347 0.03640417
v -0.02979309 -0.07290333 0.03742504
v -0.02808443 -0.06680328 0.03761261
v -0.02808443 -0.06680328 0.03761261
v -0.02979309 -0.07290333 0.03742504
v -0.02374129 -0.07290316 0.03772641
v -0.02808443 -0.06680328 0.03761261
v -0.02374129 -0.07290316 0.03772641
v -0.02113107 -0.06680307 0.03754552
v -0.02113107 -0.06680307 0.03754552
v -0.02374129 -0.07290316 0.03772641
v -0.02131888 -0.07290308 0.03756482
v -0.02113107 -0.06680307 0.03754552
v -0.02131888 -0.07290308 0.03756482
v -0.01820406 -0.06680299 0.03711636
v -0.01820406 -0.06680299 0.03711636
v -0.02131888 -0.07290308 0.03756482
v -0.01772303 -0.07290297 0.03702243
v -0.01820406 -0.06680299 0.03711636
v -0.01772303 -0.07290297 0.03702243
v -0.01419642 -0.06680286 0.03612411
v -0.01419642 -0.06680286 0.03612411
v -0.01772303 -0.07290297 0.03702243
v -0.01419623 -0.07290285 0.03612408
v -0.01419642 -0.06680286 0.03612411
v -0.01419623 -0.07290285 0.03612408
v -0.01119514 -0.06680276 0.03505242
v -0.01119514 -0.06680276 0.03505242
v -0.01419623 -0.07290285 0.03612408
v -0.01190416 -0.07290278 0.03533254
v -0.01119514 -0.06680276 0.03505242
v -0.01190416 -0.07290278 0.03533254
v -0.00750036 -0.06680264 0.03330090
v -0.00750036 -0.06680264 0.03330090
v -0.01190416 -0.07290278 0.03533254
v -0.00644503 -0.07290260 0.03270327
v -0.00750036 -0.06680264 0.03330090
v -0.00644503 -0.07290260 0.03270327
v -0.00474308 -0.06680255 0.03163743
v -0.00474308 -0.06680255 0.03163743
v -0.00644503 -0.07290260 0.03270327
v -0.00149611 -0.07290244 0.02920710
v -0.00474308 -0.06680255 0.03163743
v -0.00149611 -0.07290244 0.02920710
v -0.00149629 -0.06680244 0.02920713
v -0.03550125 -0.07290312 -0.03369743
v -0.03550125 -0.06680312 -0.03369746
v -0.03213205 -0.07290303 -0.03454135
v -0.03213205 -0.07290303 -0.03454135
v -0.03550125 -0.06680312 -0.03369746
v -0.02870718 -0.06680292 -0.03506025
v -0.02163149 -0.06680270 -0.03510135
v -0.02495466 -0.07290281 -0.03525330
v -0.02870718 -0.06680292 -0.03506025
v -0.02870718 -0.06680292 -0.03506025
v -0.02495466 -0.07290281 -0.03525330
v -0.02858590 -0.07290292 -0.03507257
v -0.02870718 -0.06680292 -0.03506025
v -0.02858590 -0.07290292 -0.03507257
v -0.03213205 -0.07290303 -0.03454135
v -0.01447139 -0.06680251 -0.03371432
v -0.01777710 -0.07290260 -0.03453995
v -0.02163149 -0.06680270 -0.03510135
v -0.02163149 -0.06680270 -0.03510135
v -0.01777710 -0.07290260 -0.03453995
v -0.02131914 -0.07290269 -0.03507146
v -0.02163149 -0.06680270 -0.03510135
v -0.02131914 -0.07290269 -0.03507146
v -0.02495466 -0.07290281 -0.03525330
v -0.00772201 -0.06680232 -0.03092719
v -0.01081177 -0.07290240 -0.03240046
v -0.01447139 -0.06680251 -0.03371432
v -0.01447139 -0.06680251 -0.03371432
v -0.01081177 -0.07290240 -0.03240046
v -0.01419661 -0.07290250 -0.03363081
v -0.01447139 -0.06680251 -0.03371432
v -0.01419661 -0.07290250 -0.03363081
v -0.01777710 -0.07290260 -0.03453995
v -0.00149680 -0.06680216 -0.02671411
v -0.00149661 -0.07290214 -0.02671414
v -0.00170556 -0.06680217 -0.02688796
v -0.00170556 -0.06680217 -0.02688796
v -0.00149661 -0.07290214 -0.02671414
v -0.00441082 -0.07290222 -0.02892049
v -0.00170556 -0.06680217 -0.02688796
v -0.00441082 -0.07290222 -0.02892049
v -0.00772201 -0.06680232 -0.03092719
v -0.00772201 -0.06680232 -0.03092719
v -0.00441082 -0.07290222 -0.02892049
v -0.00750064 -0.07290231 -0.03080774
v -0.00772201 -0.06680232 -0.03092719
v -0.00750064 -0.07290231 -0.03080774
v -0.01081177 -0.07290240 -0.03240046
v -0.00060357 -0.07290214 -0.02479905
v -0.00070860 -0.07290214 -0.02551604
v -0.00060375 -0.06680214 -0.02479900
v -0.00060375 -0.06680214 -0.02479900
v -0.00070860 -0.07290214 -0.02551604
v -0.00083798 -0.06680214 -0.02585555
v -0.00149661 -0.07290214 -0.02671414
v -0.00149680 -0.06680216 -0.02671411
v -0.00101486 -0.07290214 -0.02617281
v -0.00101486 -0.07290214 -0.02617281
v -0.00149680 -0.06680216 -0.02671411
v -0.00083798 -0.06680214 -0.02585555
v -0.00101486 -0.07290214 -0.02617281
v -0.00083798 -0.06680214 -0.02585555
v -0.00083781 -0.07290214 -0.02585558
v -0.00083781 -0.07290214 -0.02585558
v -0.00083798 -0.06680214 -0.02585555
v -0.00070860 -0.07290214 -0.02551604
v -0.00149629 -0.06680244 0.02920713
v -0.00149611 -0.07290244 0.02920710
v -0.00083732 -0.07290243 0.02834853
v -0.00149629 -0.06680244 0.02920713
v -0.00083732 -0.07290243 0.02834853
v -0.00083749 -0.06680242 0.02834857
v -0.00083749 -0.06680242 0.02834857
v -0.00083732 -0.07290243 0.02834853
v -0.00060309 -0.07290241 0.02729199
v -0.00083749 -0.06680242 0.02834857
v -0.00060309 -0.07290241 0.02729199
v -0.00060327 -0.06680240 0.02729202
v -0.02495758 -0.07840321 0.04124666
v -0.03550125 -0.07840352 0.04124676
v -0.03030903 -0.07840336 0.04088712
v -0.03030903 -0.07840336 0.04088712
v -0.03550125 -0.07840352 0.04124676
v -0.03550125 -0.07840350 0.03983214
v -0.01605746 -0.07840253 -0.03775053
v -0.02495831 -0.07840279 -0.03875334
v -0.00775365 -0.07840228 -0.03875349
v 0.01504205 -0.07840181 0.00124630
v 0.01881668 -0.07840171 0.00569435
v 0.01403925 -0.07840189 0.01014714
v 0.01403925 -0.07840189 0.01014714
v 0.01881668 -0.07840171 0.00569435
v 0.01702730 -0.07840182 0.01440869
v 0.01403925 -0.07840189 0.01014714
v 0.01702730 -0.07840182 0.01440869
v 0.01108097 -0.07840202 0.01860168
v 0.01108097 -0.07840202 0.01860168
v 0.01702730 -0.07840182 0.01440869
v 0.01352161 -0.07840196 0.02258498
v 0.01108097 -0.07840202 0.01860168
v 0.01352161 -0.07840196 0.02258498
v 0.00631554 -0.07840219 0.02618597
v 0.00631554 -0.07840219 0.02618597
v 0.01352161 -0.07840196 0.02258498
v 0.00844292 -0.07840215 0.02988898
v 0.00631554 -0.07840219 0.02618597
v 0.00844292 -0.07840215 0.02988898
v -0.00001807 -0.07840241 0.03251969
v -0.00001807 -0.07840241 0.03251969
v 0.00844292 -0.07840215 0.02988898
v 0.00199883 -0.07840237 0.03602212
v -0.00001807 -0.07840241 0.03251969
v 0.00199883 -0.07840237 0.03602212
v -0.00760227 -0.07840267 0.03728526
v -0.00760227 -0.07840267 0.03728526
v 0.00199883 -0.07840237 0.03602212
v -0.00554721 -0.07840262 0.04073367
v -0.00760227 -0.07840267 0.03728526
v -0.00554721 -0.07840262 0.04073367
v -0.01605676 -0.07840293 0.04024370
v -0.01605676 -0.07840293 0.04024370
v -0.00554721 -0.07840262 0.04073367
v -0.00775293 -0.07840270 0.04124651
v -0.01605676 -0.07840293 0.04024370
v -0.00775293 -0.07840270 0.04124651
v -0.02495758 -0.07840321 0.04124666
v -0.01605746 -0.07840253 -0.03775053
v -0.00775365 -0.07840228 -0.03875349
v -0.00760292 -0.07840229 -0.03479224
v -0.00760292 -0.07840229 -0.03479224
v -0.00775365 -0.07840228 -0.03875349
v -0.00554793 -0.07840221 -0.03824069
v -0.00760292 -0.07840229 -0.03479224
v -0.00554793 -0.07840221 -0.03824069
v -0.00001864 -0.07840209 -0.03002683
v -0.00001864 -0.07840209 -0.03002683
v -0.00554793 -0.07840221 -0.03824069
v 0.00199821 -0.07840202 -0.03352927
v -0.00001864 -0.07840209 -0.03002683
v 0.00199821 -0.07840202 -0.03352927
v 0.00631509 -0.07840193 -0.02369321
v 0.00631509 -0.07840193 -0.02369321
v 0.00199821 -0.07840202 -0.03352927
v 0.00844240 -0.07840186 -0.02739626
v 0.00631509 -0.07840193 -0.02369321
v 0.00844240 -0.07840186 -0.02739626
v 0.01108065 -0.07840184 -0.01610901
v 0.01108065 -0.07840184 -0.01610901
v 0.00844240 -0.07840186 -0.02739626
v 0.01352123 -0.07840174 -0.02009235
v 0.01108065 -0.07840184 -0.01610901
v 0.01352123 -0.07840174 -0.02009235
v 0.01403909 -0.07840180 -0.00765453
v 0.01403909 -0.07840180 -0.00765453
v 0.01352123 -0.07840174 -0.02009235
v 0.01702707 -0.07840168 -0.01191612
v 0.01403909 -0.07840180 -0.00765453
v 0.01702707 -0.07840168 -0.01191612
v 0.01504205 -0.07840181 0.00124630
v 0.01504205 -0.07840181 0.00124630
v 0.01702707 -0.07840168 -0.01191612
v 0.01881661 -0.07840168 -0.00320181
v 0.01504205 -0.07840181 0.00124630
v 0.01881661 -0.07840168 -0.00320181
v 0.01881668 -0.07840171 0.00569435
v -0.00775293 -0.07840270 0.04124651
v -0.00775309 -0.07310269 0.04124653
v -0.02495758 -0.07840321 0.04124666
v -0.02495758 -0.07840321 0.04124666
v -0.00775309 -0.07310269 0.04124653
v -0.03550125 -0.07310352 0.04124679
v -0.02495758 -0.07840321 0.04124666
v -0.03550125 -0.07310352 0.04124679
v -0.03550125 -0.07840352 0.04124676
v -0.00775293 -0.07840270 0.04124651
v -0.00554721 -0.07840262 0.04073367
v -0.00775309 -0.07310269 0.04124653
v -0.00775309 -0.07310269 0.04124653
v -0.00554721 -0.07840262 0.04073367
v -0.00554737 -0.07310262 0.04073369
v -0.00554737 -0.07310262 0.04073369
v -0.00554721 -0.07840262 0.04073367
v 0.00199883 -0.07840237 0.03602212
v -0.00554737 -0.07310262 0.04073369
v 0.00199883 -0.07840237 0.03602212
v 0.00199867 -0.07310238 0.03602215
v 0.00199867 -0.07310238 0.03602215
v 0.00199883 -0.07840237 0.03602212
v 0.00844292 -0.07840215 0.02988898
v 0.00199867 -0.07310238 0.03602215
v 0.00844292 -0.07840215 0.02988898
v 0.00844276 -0.07310215 0.02988900
v 0.00844276 -0.07310215 0.02988900
v 0.00844292 -0.07840215 0.02988898
v 0.01352161 -0.07840196 0.02258498
v 0.00844276 -0.07310215 0.02988900
v 0.01352161 -0.07840196 0.02258498
v 0.01352146 -0.07310196 0.02258500
v 0.01352146 -0.07310196 0.02258500
v 0.01352161 -0.07840196 0.02258498
v 0.01702730 -0.07840182 0.01440869
v 0.01352146 -0.07310196 0.02258500
v 0.01702730 -0.07840182 0.01440869
v 0.01702715 -0.07310182 0.01440871
v 0.01702715 -0.07310182 0.01440871
v 0.01702730 -0.07840182 0.01440869
v 0.01881668 -0.07840171 0.00569435
v 0.01702715 -0.07310182 0.01440871
v 0.01881668 -0.07840171 0.00569435
v 0.01881653 -0.07310171 0.00569438
v 0.01881653 -0.07310171 0.00569438
v 0.01881668 -0.07840171 0.00569435
v 0.01881661 -0.07840168 -0.00320181
v 0.01881653 -0.07310171 0.00569438
v 0.01881661 -0.07840168 -0.00320181
v 0.01881645 -0.07310168 -0.00320178
v 0.01881645 -0.07310168 -0.00320178
v 0.01881661 -0.07840168 -0.00320181
v 0.01702707 -0.07840168 -0.01191612
v 0.01881645 -0.07310168 -0.00320178
v 0.01702707 -0.07840168 -0.01191612
v 0.01702691 -0.07310168 -0.01191610
v 0.01702691 -0.07310168 -0.01191610
v 0.01702707 -0.07840168 -0.01191612
v 0.01352123 -0.07840174 -0.02009235
v 0.01702691 -0.07310168 -0.01191610
v 0.01352123 -0.07840174 -0.02009235
v 0.01352107 -0.07310174 -0.02009231
v 0.01352107 -0.07310174 -0.02009231
v 0.01352123 -0.07840174 -0.02009235
v 0.00844240 -0.07840186 -0.02739626
v 0.01352107 -0.07310174 -0.02009231
v 0.00844240 -0.07840186 -0.02739626
v 0.00844225 -0.07310186 -0.02739623
v 0.00844225 -0.07310186 -0.02739623
v 0.00844240 -0.07840186 -0.02739626
v 0.00199821 -0.07840202 -0.03352927
v 0.00844225 -0.07310186 -0.02739623
v 0.00199821 -0.07840202 -0.03352927
v 0.00199805 -0.07310202 -0.03352925
v 0.00199805 -0.07310202 -0.03352925
v 0.00199821 -0.07840202 -0.03352927
v -0.00554793 -0.07840221 -0.03824069
v 0.00199805 -0.07310202 -0.03352925
v -0.00554793 -0.07840221 -0.03824069
v -0.00554809 -0.07310221 -0.03824066
v -0.00554793 -0.07840221 -0.03824069
v -0.00775365 -0.07840228 -0.03875349
v -0.00554809 -0.07310221 -0.03824066
v -0.00554809 -0.07310221 -0.03824066
v -0.00775365 -0.07840228 -0.03875349
v -0.00775381 -0.07310228 -0.03875346
v -0.00775381 -0.07310228 -0.03875346
v -0.00775365 -0.07840228 -0.03875349
v -0.03550125 -0.07310311 -0.03875321
v -0.03550125 -0.07310311 -0.03875321
v -0.00775365 -0.07840228 -0.03875349
v -0.02495831 -0.07840279 -0.03875334
v -0.03550125 -0.07310311 -0.03875321
v -0.02495831 -0.07840279 -0.03875334
v -0.03550125 -0.07840309 -0.03875323
v -0.03550125 -0.06280312 -0.03369748
v -0.03550125 -0.06280349 0.03619096
v -0.02870730 -0.06280292 -0.03506023
v -0.02870730 -0.06280292 -0.03506023
v -0.03550125 -0.06280349 0.03619096
v -0.03476676 -0.06280348 0.03640420
v -0.02870730 -0.06280292 -0.03506023
v -0.03476676 -0.06280348 0.03640420
v -0.02163162 -0.06280271 -0.03510133
v -0.02163162 -0.06280271 -0.03510133
v -0.03476676 -0.06280348 0.03640420
v -0.01447150 -0.06280249 -0.03371430
v -0.02808455 -0.06280328 0.03761263
v -0.02113119 -0.06280307 0.03754554
v -0.00170568 -0.06280215 -0.02688794
v -0.00170568 -0.06280215 -0.02688794
v -0.02113119 -0.06280307 0.03754554
v -0.01820417 -0.06280298 0.03711638
v -0.02808455 -0.06280328 0.03761263
v -0.00170568 -0.06280215 -0.02688794
v -0.03476676 -0.06280348 0.03640420
v -0.03476676 -0.06280348 0.03640420
v -0.00170568 -0.06280215 -0.02688794
v -0.00772214 -0.06280232 -0.03092716
v -0.03476676 -0.06280348 0.03640420
v -0.00772214 -0.06280232 -0.03092716
v -0.01447150 -0.06280249 -0.03371430
v -0.01820417 -0.06280298 0.03711638
v -0.01119526 -0.06280275 0.03505244
v -0.00170568 -0.06280215 -0.02688794
v -0.00170568 -0.06280215 -0.02688794
v -0.01119526 -0.06280275 0.03505244
v -0.00474319 -0.06280255 0.03163745
v -0.00170568 -0.06280215 -0.02688794
v -0.00474319 -0.06280255 0.03163745
v -0.00117216 -0.06280243 0.02893183
v -0.00051676 -0.06280213 -0.02569768
v -0.00080585 -0.06280214 -0.02611935
v -0.00045865 -0.06280212 -0.02536175
v -0.00045865 -0.06280212 -0.02536175
v -0.00080585 -0.06280214 -0.02611935
v -0.00170568 -0.06280215 -0.02688794
v -0.00045865 -0.06280212 -0.02536175
v -0.00170568 -0.06280215 -0.02688794
v -0.00045817 -0.06280240 0.02785480
v -0.00045817 -0.06280240 0.02785480
v -0.00170568 -0.06280215 -0.02688794
v -0.00117216 -0.06280243 0.02893183
v -0.00045817 -0.06280240 0.02785480
v -0.00117216 -0.06280243 0.02893183
v -0.00057457 -0.06280240 0.02832304
v -0.00117204 -0.06680244 0.02893182
v -0.00149629 -0.06680244 0.02920713
v -0.00083749 -0.06680242 0.02834857
v -0.00583539 -0.06680227 -0.02865845
v -0.00145135 -0.06680216 -0.02535080
v -0.00145133 -0.06680217 -0.02292294
v -0.00145090 -0.06680242 0.02541596
v -0.00145087 -0.06680243 0.02784383
v -0.00583486 -0.06680258 0.03115155
v -0.03550125 -0.06680313 -0.03265159
v -0.02810210 -0.06680290 -0.03411380
v -0.03550125 -0.06680349 0.03514504
v -0.03550125 -0.06680349 0.03514504
v -0.02810210 -0.06680290 -0.03411380
v -0.02037780 -0.06680268 -0.03395653
v -0.03550125 -0.06680349 0.03514504
v -0.02037780 -0.06680268 -0.03395653
v -0.01287045 -0.06680246 -0.03213192
v -0.00583486 -0.06680258 0.03115155
v -0.00593507 -0.06680259 0.03121950
v -0.00145090 -0.06680242 0.02541596
v -0.00145090 -0.06680242 0.02541596
v -0.00593507 -0.06680259 0.03121950
v -0.01287000 -0.06680281 0.03462521
v -0.00145090 -0.06680242 0.02541596
v -0.01287000 -0.06680281 0.03462521
v -0.02037749 -0.06680304 0.03644994
v -0.00149680 -0.06680216 -0.02671411
v -0.00080573 -0.06680214 -0.02611938
v -0.00083798 -0.06680214 -0.02585555
v -0.00083798 -0.06680214 -0.02585555
v -0.00080573 -0.06680214 -0.02611938
v -0.00051664 -0.06680212 -0.02569769
v -0.00083798 -0.06680214 -0.02585555
v -0.00051664 -0.06680212 -0.02569769
v -0.00060375 -0.06680214 -0.02479900
v -0.00060375 -0.06680214 -0.02479900
v -0.00051664 -0.06680212 -0.02569769
v -0.00045853 -0.06680214 -0.02536177
v -0.00082547 -0.06680215 -0.02376969
v -0.00060375 -0.06680214 -0.02479900
v -0.00082765 -0.06680240 0.02625689
v -0.00082765 -0.06680240 0.02625689
v -0.00060375 -0.06680214 -0.02479900
v -0.00045853 -0.06680214 -0.02536177
v -0.00082765 -0.06680240 0.02625689
v -0.00045853 -0.06680214 -0.02536177
v -0.00060327 -0.06680240 0.02729202
v -0.00060327 -0.06680240 0.02729202
v -0.00045853 -0.06680214 -0.02536177
v -0.00045805 -0.06680241 0.02785477
v -0.00060327 -0.06680240 0.02729202
v -0.00045805 -0.06680241 0.02785477
v -0.00083749 -0.06680242 0.02834857
v -0.00083749 -0.06680242 0.02834857
v -0.00045805 -0.06680241 0.02785477
v -0.00057445 -0.06680241 0.02832302
v -0.00083749 -0.06680242 0.02834857
v -0.00057445 -0.06680241 0.02832302
v -0.00117204 -0.06680244 0.02893182
v -0.01287045 -0.06680246 -0.03213192
v -0.00593561 -0.06680227 -0.02872639
v -0.03550125 -0.06680349 0.03514504
v -0.03550125 -0.06680349 0.03514504
v -0.00593561 -0.06680227 -0.02872639
v -0.00583539 -0.06680227 -0.02865845
v -0.03550125 -0.06680349 0.03514504
v -0.00583539 -0.06680227 -0.02865845
v -0.02810195 -0.06680328 0.03660726
v -0.02810195 -0.06680328 0.03660726
v -0.00583539 -0.06680227 -0.02865845
v -0.00145133 -0.06680217 -0.02292294
v -0.02810195 -0.06680328 0.03660726
v -0.00145133 -0.06680217 -0.02292294
v -0.02037749 -0.06680304 0.03644994
v -0.02037749 -0.06680304 0.03644994
v -0.00145133 -0.06680217 -0.02292294
v -0.00082547 -0.06680215 -0.02376969
v -0.02037749 -0.06680304 0.03644994
v -0.00082547 -0.06680215 -0.02376969
v -0.00145090 -0.06680242 0.02541596
v -0.00145090 -0.06680242 0.02541596
v -0.00082547 -0.06680215 -0.02376969
v -0.00082765 -0.06680240 0.02625689
v -0.00045817 -0.06280240 0.02785480
v -0.00045805 -0.06680241 0.02785477
v -0.00045865 -0.06280212 -0.02536175
v -0.00045865 -0.06280212 -0.02536175
v -0.00045805 -0.06680241 0.02785477
v -0.00045853 -0.06680214 -0.02536177
v -0.03476676 -0.06280348 0.03640420
v -0.03550125 -0.06280349 0.03619096
v -0.03550125 -0.06680349 0.03619091
v -0.03550125 -0.06680349 0.03619091
v -0.03476664 -0.06680347 0.03640417
v -0.03476676 -0.06280348 0.03640420
v -0.03476676 -0.06280348 0.03640420
v -0.03476664 -0.06680347 0.03640417
v -0.02808443 -0.06680328 0.03761261
v -0.03476676 -0.06280348 0.03640420
v -0.02808443 -0.06680328 0.03761261
v -0.02808455 -0.06280328 0.03761263
v -0.02808455 -0.06280328 0.03761263
v -0.02808443 -0.06680328 0.03761261
v -0.02113107 -0.06680307 0.03754552
v -0.02808455 -0.06280328 0.03761263
v -0.02113107 -0.06680307 0.03754552
v -0.02113119 -0.06280307 0.03754554
v -0.02113119 -0.06280307 0.03754554
v -0.02113107 -0.06680307 0.03754552
v -0.01820406 -0.06680299 0.03711636
v -0.02113119 -0.06280307 0.03754554
v -0.01820406 -0.06680299 0.03711636
v -0.01820417 -0.06280298 0.03711638
v -0.01820417 -0.06280298 0.03711638
v -0.01820406 -0.06680299 0.03711636
v -0.01119526 -0.06280275 0.03505244
v -0.01820406 -0.06680299 0.03711636
v -0.01419642 -0.06680286 0.03612411
v -0.01119526 -0.06280275 0.03505244
v -0.01119526 -0.06280275 0.03505244
v -0.01419642 -0.06680286 0.03612411
v -0.01119514 -0.06680276 0.03505242
v -0.01119526 -0.06280275 0.03505244
v -0.01119514 -0.06680276 0.03505242
v -0.00474319 -0.06280255 0.03163745
v -0.00474319 -0.06280255 0.03163745
v -0.01119514 -0.06680276 0.03505242
v -0.00750036 -0.06680264 0.03330090
v -0.00750036 -0.06680264 0.03330090
v -0.00474308 -0.06680255 0.03163743
v -0.00474319 -0.06280255 0.03163745
v -0.00474319 -0.06280255 0.03163745
v -0.00474308 -0.06680255 0.03163743
v -0.00149629 -0.06680244 0.02920713
v -0.00474319 -0.06280255 0.03163745
v -0.00149629 -0.06680244 0.02920713
v -0.00117216 -0.06280243 0.02893183
v -0.00149629 -0.06680244 0.02920713
v -0.00117204 -0.06680244 0.02893182
v -0.00117216 -0.06280243 0.02893183
v -0.00117216 -0.06280243 0.02893183
v -0.00117204 -0.06680244 0.02893182
v -0.00057445 -0.06680241 0.02832302
v -0.00117216 -0.06280243 0.02893183
v -0.00057445 -0.06680241 0.02832302
v -0.00057457 -0.06280240 0.02832304
v -0.00057457 -0.06280240 0.02832304
v -0.00057445 -0.06680241 0.02832302
v -0.00045805 -0.06680241 0.02785477
v -0.00057457 -0.06280240 0.02832304
v -0.00045805 -0.06680241 0.02785477
v -0.00045817 -0.06280240 0.02785480
v -0.00078724 -0.07310215 -0.02375253
v -0.02037730 -0.07310305 0.03644990
v -0.01564321 -0.07310289 0.03550283
v -0.03550125 -0.07310314 -0.03264795
v -0.03550125 -0.07310349 0.03514132
v -0.03438872 -0.07310310 -0.03297418
v -0.03438872 -0.07310310 -0.03297418
v -0.03550125 -0.07310349 0.03514132
v -0.03438820 -0.07310345 0.03546770
v -0.00145115 -0.07310218 -0.02286770
v -0.00145117 -0.07310216 -0.02535084
v -0.00583521 -0.07310227 -0.02865849
v -0.03438820 -0.07310345 0.03546770
v -0.00742882 -0.07310231 -0.02961962
v -0.01137445 -0.07310242 -0.03154795
v -0.00583521 -0.07310227 -0.02865849
v -0.03438820 -0.07310345 0.03546770
v -0.03427238 -0.07310345 0.03550300
v -0.01137445 -0.07310242 -0.03154795
v -0.01552800 -0.07310254 -0.03297433
v -0.03438820 -0.07310345 0.03546770
v -0.03438820 -0.07310345 0.03546770
v -0.01552800 -0.07310254 -0.03297433
v -0.01564382 -0.07310253 -0.03300961
v -0.03438820 -0.07310345 0.03546770
v -0.01564382 -0.07310253 -0.03300961
v -0.02037762 -0.07310268 -0.03395656
v -0.00583521 -0.07310227 -0.02865849
v -0.00593543 -0.07310227 -0.02872643
v -0.03438820 -0.07310345 0.03546770
v -0.03438820 -0.07310345 0.03546770
v -0.00593543 -0.07310227 -0.02872643
v -0.00732199 -0.07310232 -0.02956268
v -0.03438820 -0.07310345 0.03546770
v -0.00732199 -0.07310232 -0.02956268
v -0.00742882 -0.07310231 -0.02961962
v -0.00145071 -0.07310243 0.02536066
v -0.00056182 -0.07310213 -0.02479904
v -0.00078724 -0.07310215 -0.02375253
v -0.02037762 -0.07310268 -0.03395656
v -0.02810192 -0.07310291 -0.03411383
v -0.03438820 -0.07310345 0.03546770
v -0.03438820 -0.07310345 0.03546770
v -0.02810192 -0.07310291 -0.03411383
v -0.03427300 -0.07310309 -0.03300944
v -0.03438820 -0.07310345 0.03546770
v -0.03427300 -0.07310309 -0.03300944
v -0.03438872 -0.07310310 -0.03297418
v -0.00078724 -0.07310215 -0.02375253
v -0.00145115 -0.07310218 -0.02286770
v -0.02037730 -0.07310305 0.03644990
v -0.02037730 -0.07310305 0.03644990
v -0.00145115 -0.07310218 -0.02286770
v -0.00583521 -0.07310227 -0.02865849
v -0.02037730 -0.07310305 0.03644990
v -0.00583521 -0.07310227 -0.02865849
v -0.02810176 -0.07310327 0.03660723
v -0.02810176 -0.07310327 0.03660723
v -0.00583521 -0.07310227 -0.02865849
v -0.03427238 -0.07310345 0.03550300
v -0.01564321 -0.07310289 0.03550283
v -0.01552741 -0.07310289 0.03546754
v -0.00078724 -0.07310215 -0.02375253
v -0.00078724 -0.07310215 -0.02375253
v -0.01552741 -0.07310289 0.03546754
v -0.01137387 -0.07310276 0.03404110
v -0.00078724 -0.07310215 -0.02375253
v -0.01137387 -0.07310276 0.03404110
v -0.00145071 -0.07310243 0.02536066
v -0.00145071 -0.07310243 0.02536066
v -0.01137387 -0.07310276 0.03404110
v -0.00742828 -0.07310264 0.03211269
v -0.00145071 -0.07310243 0.02536066
v -0.00742828 -0.07310264 0.03211269
v -0.00732143 -0.07310263 0.03205575
v -0.00097997 -0.07310215 -0.02619575
v 0.00844225 -0.07310186 -0.02739623
v -0.00146977 -0.07310215 -0.02674613
v -0.00146977 -0.07310215 -0.02674613
v 0.00844225 -0.07310186 -0.02739623
v 0.00199805 -0.07310202 -0.03352925
v -0.01188923 -0.07310279 0.03537151
v -0.01771475 -0.07310297 0.03706335
v -0.00775309 -0.07310269 0.04124653
v -0.00775309 -0.07310269 0.04124653
v -0.01771475 -0.07310297 0.03706335
v -0.02373989 -0.07310314 0.03776813
v -0.00775309 -0.07310269 0.04124653
v -0.02373989 -0.07310314 0.03776813
v -0.03550125 -0.07310352 0.04124679
v -0.03550125 -0.07310352 0.04124679
v -0.02373989 -0.07310314 0.03776813
v -0.02979861 -0.07310333 0.03746641
v -0.03550125 -0.07310352 0.04124679
v -0.02979861 -0.07310333 0.03746641
v -0.03550125 -0.07310349 0.03623441
v -0.00732143 -0.07310263 0.03205575
v -0.00593488 -0.07310258 0.03121946
v -0.00145071 -0.07310243 0.02536066
v -0.00145071 -0.07310243 0.02536066
v -0.00593488 -0.07310258 0.03121946
v -0.00583466 -0.07310259 0.03115151
v -0.00145071 -0.07310243 0.02536066
v -0.00583466 -0.07310259 0.03115151
v -0.00145069 -0.07310244 0.02784380
v -0.01188923 -0.07310279 0.03537151
v -0.00775309 -0.07310269 0.04124653
v -0.00642385 -0.07310261 0.03273925
v -0.00642385 -0.07310261 0.03273925
v -0.00775309 -0.07310269 0.04124653
v -0.00554737 -0.07310262 0.04073369
v -0.00642385 -0.07310261 0.03273925
v -0.00554737 -0.07310262 0.04073369
v -0.00146927 -0.07310244 0.02923907
v -0.00146927 -0.07310244 0.02923907
v -0.00554737 -0.07310262 0.04073369
v 0.00199867 -0.07310238 0.03602215
v -0.00146927 -0.07310244 0.02923907
v 0.00199867 -0.07310238 0.03602215
v -0.00079947 -0.07310242 0.02836617
v -0.00079947 -0.07310242 0.02836617
v 0.00199867 -0.07310238 0.03602215
v 0.00844276 -0.07310215 0.02988900
v -0.00079947 -0.07310242 0.02836617
v 0.00844276 -0.07310215 0.02988900
v -0.00056134 -0.07310241 0.02729198
v -0.00056134 -0.07310241 0.02729198
v 0.00844276 -0.07310215 0.02988900
v 0.01352146 -0.07310196 0.02258500
v -0.00056134 -0.07310241 0.02729198
v 0.01352146 -0.07310196 0.02258500
v -0.00078946 -0.07310241 0.02623959
v -0.00078946 -0.07310241 0.02623959
v 0.01352146 -0.07310196 0.02258500
v 0.01702715 -0.07310182 0.01440871
v -0.00078946 -0.07310241 0.02623959
v 0.01702715 -0.07310182 0.01440871
v -0.00145071 -0.07310243 0.02536066
v -0.00145071 -0.07310243 0.02536066
v 0.01702715 -0.07310182 0.01440871
v 0.01881653 -0.07310171 0.00569438
v -0.00145071 -0.07310243 0.02536066
v 0.01881653 -0.07310171 0.00569438
v 0.01881645 -0.07310168 -0.00320178
v -0.00097997 -0.07310215 -0.02619575
v -0.00066860 -0.07310213 -0.02552802
v 0.00844225 -0.07310186 -0.02739623
v 0.00844225 -0.07310186 -0.02739623
v -0.00066860 -0.07310213 -0.02552802
v -0.00056182 -0.07310213 -0.02479904
v 0.00844225 -0.07310186 -0.02739623
v -0.00056182 -0.07310213 -0.02479904
v 0.01352107 -0.07310174 -0.02009231
v 0.01352107 -0.07310174 -0.02009231
v -0.00056182 -0.07310213 -0.02479904
v -0.00145071 -0.07310243 0.02536066
v 0.01352107 -0.07310174 -0.02009231
v -0.00145071 -0.07310243 0.02536066
v 0.01702691 -0.07310168 -0.01191610
v 0.01702691 -0.07310168 -0.01191610
v -0.00145071 -0.07310243 0.02536066
v 0.01881645 -0.07310168 -0.00320178
v -0.03550125 -0.07310311 -0.03875321
v -0.03550125 -0.07310313 -0.03374104
v -0.03214025 -0.07310302 -0.03458229
v -0.01776887 -0.07310259 -0.03458087
v -0.01418541 -0.07310250 -0.03367103
v -0.00775381 -0.07310228 -0.03875346
v -0.00775381 -0.07310228 -0.03875346
v -0.01418541 -0.07310250 -0.03367103
v -0.01079559 -0.07310239 -0.03243894
v -0.00775381 -0.07310228 -0.03875346
v -0.01079559 -0.07310239 -0.03243894
v -0.00554809 -0.07310221 -0.03824066
v -0.00554809 -0.07310221 -0.03824066
v -0.01079559 -0.07310239 -0.03243894
v -0.00748117 -0.07310230 -0.03084467
v -0.00554809 -0.07310221 -0.03824066
v -0.00748117 -0.07310230 -0.03084467
v 0.00199805 -0.07310202 -0.03352925
v 0.00199805 -0.07310202 -0.03352925
v -0.00748117 -0.07310230 -0.03084467
v -0.00438732 -0.07310223 -0.02895499
v 0.00199805 -0.07310202 -0.03352925
v -0.00438732 -0.07310223 -0.02895499
v -0.00146977 -0.07310215 -0.02674613
v -0.03214025 -0.07310302 -0.03458229
v -0.02859235 -0.07310291 -0.03511389
v -0.03550125 -0.07310311 -0.03875321
v -0.03550125 -0.07310311 -0.03875321
v -0.02859235 -0.07310291 -0.03511389
v -0.02495465 -0.07310281 -0.03529505
v -0.03550125 -0.07310311 -0.03875321
v -0.02495465 -0.07310281 -0.03529505
v -0.00775381 -0.07310228 -0.03875346
v -0.00775381 -0.07310228 -0.03875346
v -0.02495465 -0.07310281 -0.03529505
v -0.02131670 -0.07310269 -0.03511316
v -0.00775381 -0.07310228 -0.03875346
v -0.02131670 -0.07310269 -0.03511316
v -0.01776887 -0.07310259 -0.03458087
v -0.01909626 -0.12169038 0.02502594
v -0.02500125 -0.12169036 0.02571215
v -0.01350599 -0.12169045 0.02300388
v -0.01350599 -0.12169045 0.02300388
v -0.02500125 -0.12169036 0.02571215
v -0.03090625 -0.12169039 0.02502594
v -0.01350599 -0.12169045 0.02300388
v -0.03090625 -0.12169039 0.02502594
v -0.03649651 -0.12169045 0.02300389
v -0.03649651 -0.12412407 0.02300389
v -0.01350614 -0.12412407 0.02300396
v -0.03649651 -0.12169045 0.02300389
v -0.03649651 -0.12169045 0.02300389
v -0.01350614 -0.12412407 0.02300396
v -0.01350599 -0.12169045 0.02300388
v -0.01334019 -0.12169192 -0.02299612
v -0.03666231 -0.12169192 -0.02299612
v -0.01900596 -0.12169197 -0.02508020
v -0.01900596 -0.12169197 -0.02508020
v -0.03666231 -0.12169192 -0.02299612
v -0.03099655 -0.12169198 -0.02508020
v -0.01900596 -0.12169197 -0.02508020
v -0.03099655 -0.12169198 -0.02508020
v -0.02500125 -0.12169201 -0.02578785
v -0.03550125 -0.06840313 -0.03264796
v -0.03550125 -0.06840313 -0.03265158
v -0.03550125 -0.06680313 -0.03265159
v -0.03550125 -0.06680349 0.03514504
v -0.03550125 -0.06840348 0.03514502
v -0.03550125 -0.06840348 0.03514140
v -0.03550125 -0.07310349 0.03514132
v -0.03550125 -0.07310314 -0.03264795
v -0.03550125 -0.06840348 0.03514140
v -0.03550125 -0.06840348 0.03514140
v -0.03550125 -0.07310314 -0.03264795
v -0.03550125 -0.06840313 -0.03264796
v -0.03550125 -0.06840348 0.03514140
v -0.03550125 -0.06840313 -0.03264796
v -0.03550125 -0.06680349 0.03514504
v -0.03550125 -0.06680349 0.03514504
v -0.03550125 -0.06840313 -0.03264796
v -0.03550125 -0.06680313 -0.03265159
v -0.02441838 -0.08038660 0.04015521
v -0.02441840 -0.08038402 0.04532277
v -0.02239130 -0.08038680 0.04007040
v -0.02239130 -0.08038680 0.04007040
v -0.02441840 -0.08038402 0.04532277
v -0.02100683 -0.08038455 0.04473490
v -0.02239130 -0.08038680 0.04007040
v -0.02100683 -0.08038455 0.04473490
v -0.02097199 -0.08038697 0.03995392
v -0.02097199 -0.08038697 0.03995392
v -0.02100683 -0.08038455 0.04473490
v -0.01925479 -0.08038732 0.03974458
v -0.01925479 -0.08038732 0.03974458
v -0.02100683 -0.08038455 0.04473490
v -0.01759889 -0.08038693 0.04348049
v -0.01925479 -0.08038732 0.03974458
v -0.01759889 -0.08038693 0.04348049
v -0.01795085 -0.08038761 0.03953489
v -0.01795085 -0.08038761 0.03953489
v -0.01759889 -0.08038693 0.04348049
v -0.01778886 -0.08038800 0.03950574
v -0.01778886 -0.08038800 0.03950574
v -0.01759889 -0.08038693 0.04348049
v -0.01590399 -0.08040698 0.04272416
v -0.01778886 -0.08038800 0.03950574
v -0.01590399 -0.08040698 0.04272416
v -0.01575473 -0.08041862 0.03908059
v -0.01575473 -0.08041862 0.03908059
v -0.01590399 -0.08040698 0.04272416
v -0.01423572 -0.08062617 0.04195543
v -0.01575473 -0.08041862 0.03908059
v -0.01423572 -0.08062617 0.04195543
v -0.01398111 -0.08068226 0.03861849
v -0.01398111 -0.08068226 0.03861849
v -0.01423572 -0.08062617 0.04195543
v -0.01262695 -0.08107163 0.04125175
v -0.01398111 -0.08068226 0.03861849
v -0.01262695 -0.08107163 0.04125175
v -0.01263922 -0.08106858 0.03821036
v -0.01263922 -0.08106858 0.03821036
v -0.01262695 -0.08107163 0.04125175
v -0.01237053 -0.08116679 0.03812242
v -0.01237053 -0.08116679 0.03812242
v -0.01262695 -0.08107163 0.04125175
v -0.01110551 -0.08173070 0.04070608
v -0.01237053 -0.08116679 0.03812242
v -0.01110551 -0.08173070 0.04070608
v -0.01110490 -0.08173221 0.03767961
v -0.02441840 -0.08038246 -0.04711538
v -0.02441840 -0.08038356 -0.04498235
v -0.02100683 -0.08038410 -0.04439448
v -0.01513243 -0.08047650 -0.04644041
v -0.01690251 -0.08038252 -0.04662183
v -0.01759889 -0.08038649 -0.04314008
v -0.01759889 -0.08038649 -0.04314008
v -0.01690251 -0.08038252 -0.04662183
v -0.01885219 -0.08038308 -0.04678748
v -0.01759889 -0.08038649 -0.04314008
v -0.01885219 -0.08038308 -0.04678748
v -0.02100683 -0.08038410 -0.04439448
v -0.02100683 -0.08038410 -0.04439448
v -0.01885219 -0.08038308 -0.04678748
v -0.02102547 -0.08038277 -0.04693928
v -0.02100683 -0.08038410 -0.04439448
v -0.02102547 -0.08038277 -0.04693928
v -0.02441840 -0.08038246 -0.04711538
v -0.01759889 -0.08038649 -0.04314008
v -0.01590399 -0.08040653 -0.04238376
v -0.01513243 -0.08047650 -0.04644041
v -0.01513243 -0.08047650 -0.04644041
v -0.01590399 -0.08040653 -0.04238376
v -0.01423573 -0.08062576 -0.04161502
v -0.01513243 -0.08047650 -0.04644041
v -0.01423573 -0.08062576 -0.04161502
v -0.01330474 -0.08085176 -0.04621307
v -0.01330474 -0.08085176 -0.04621307
v -0.01423573 -0.08062576 -0.04161502
v -0.01262695 -0.08107121 -0.04091134
v -0.01330474 -0.08085176 -0.04621307
v -0.01262695 -0.08107121 -0.04091134
v -0.01267343 -0.08105263 -0.04612504
v -0.01267343 -0.08105263 -0.04612504
v -0.01262695 -0.08107121 -0.04091134
v -0.01110551 -0.08173029 -0.04036568
v -0.01267343 -0.08105263 -0.04612504
v -0.01110551 -0.08173029 -0.04036568
v -0.01110662 -0.08172748 -0.04588555
v -0.02189039 -0.12389440 -0.04443877
v -0.02118885 -0.12339607 -0.04487434
v -0.01929658 -0.12340014 -0.04464024
v -0.02435435 -0.12389344 -0.04458667
v -0.02435510 -0.12338971 -0.04508689
v -0.02189039 -0.12389440 -0.04443877
v -0.02189039 -0.12389440 -0.04443877
v -0.02435510 -0.12338971 -0.04508689
v -0.02291950 -0.12339246 -0.04501811
v -0.02189039 -0.12389440 -0.04443877
v -0.02291950 -0.12339246 -0.04501811
v -0.02118885 -0.12339607 -0.04487434
v -0.01538366 -0.12340933 -0.04393695
v -0.01547391 -0.12389339 -0.04344545
v -0.01548296 -0.12389339 -0.04344710
v -0.01538366 -0.12340933 -0.04393695
v -0.01548296 -0.12389339 -0.04344710
v -0.01665446 -0.12340624 -0.04418004
v -0.01548296 -0.12389339 -0.04344710
v -0.01674992 -0.12389359 -0.04368942
v -0.01665446 -0.12340624 -0.04418004
v -0.01665446 -0.12340624 -0.04418004
v -0.01674992 -0.12389359 -0.04368942
v -0.01680547 -0.12389360 -0.04370023
v -0.01665446 -0.12340624 -0.04418004
v -0.01680547 -0.12389360 -0.04370023
v -0.01792586 -0.12340321 -0.04441956
v -0.01792586 -0.12340321 -0.04441956
v -0.01680547 -0.12389360 -0.04370023
v -0.01801315 -0.12389379 -0.04392735
v -0.01792586 -0.12340321 -0.04441956
v -0.01801315 -0.12389379 -0.04392735
v -0.01929658 -0.12340014 -0.04464024
v -0.01929658 -0.12340014 -0.04464024
v -0.01801315 -0.12389379 -0.04392735
v -0.01929905 -0.12389399 -0.04413538
v -0.01929658 -0.12340014 -0.04464024
v -0.01929905 -0.12389399 -0.04413538
v -0.02189039 -0.12389440 -0.04443877
v -0.01547391 -0.12389339 -0.04344545
v -0.01538366 -0.12340933 -0.04393695
v -0.01508224 -0.12389332 -0.04337482
v -0.01508224 -0.12389332 -0.04337482
v -0.01538366 -0.12340933 -0.04393695
v -0.01396742 -0.12341261 -0.04369265
v -0.01508224 -0.12389332 -0.04337482
v -0.01396742 -0.12341261 -0.04369265
v -0.01161717 -0.12389277 -0.04284116
v -0.01161717 -0.12389277 -0.04284116
v -0.01396742 -0.12341261 -0.04369265
v -0.01155065 -0.12341788 -0.04333607
v -0.01161717 -0.12389277 -0.04284116
v -0.01155065 -0.12341788 -0.04333607
v -0.01084472 -0.12389265 -0.04273995
v -0.01155065 -0.12341788 -0.04333607
v -0.01013938 -0.12342073 -0.04315480
v -0.01084472 -0.12389265 -0.04273995
v -0.01084472 -0.12389265 -0.04273995
v -0.01013938 -0.12342073 -0.04315480
v -0.00384055 -0.12343173 -0.04245224
v -0.01084472 -0.12389265 -0.04273995
v -0.00384055 -0.12343173 -0.04245224
v -0.00389985 -0.12389153 -0.04195773
v 0.02631885 -0.12333451 0.00017000
v 0.02582208 -0.12388721 0.00016999
v 0.02627189 -0.12333474 -0.00466467
v 0.02627189 -0.12333474 -0.00466467
v 0.02582208 -0.12388721 0.00016999
v 0.02573137 -0.12388697 -0.00613274
v 0.02627189 -0.12333474 -0.00466467
v 0.02573137 -0.12388697 -0.00613274
v 0.02622802 -0.12333474 -0.00615099
v 0.01157173 -0.12340470 -0.03868651
v 0.01157916 -0.12340468 -0.03868310
v 0.01137777 -0.12388911 -0.03822568
v 0.01137777 -0.12388911 -0.03822568
v 0.01157916 -0.12340468 -0.03868310
v 0.01158287 -0.12340469 -0.03868138
v 0.01137777 -0.12388911 -0.03822568
v 0.01158287 -0.12340469 -0.03868138
v 0.01158473 -0.12340467 -0.03868053
v 0.01146760 -0.12340479 -0.03873407
v 0.01152713 -0.12340473 -0.03870695
v 0.01137777 -0.12388911 -0.03822568
v 0.01137777 -0.12388911 -0.03822568
v 0.01152713 -0.12340473 -0.03870695
v 0.01155687 -0.12340470 -0.03869333
v 0.01137777 -0.12388911 -0.03822568
v 0.01155687 -0.12340470 -0.03869333
v 0.01157173 -0.12340470 -0.03868651
v 0.01062812 -0.12340641 -0.03909948
v 0.01110917 -0.12340534 -0.03889395
v 0.01137777 -0.12388911 -0.03822568
v 0.01137777 -0.12388911 -0.03822568
v 0.01110917 -0.12340534 -0.03889395
v 0.01134837 -0.12340494 -0.03878793
v 0.01137777 -0.12388911 -0.03822568
v 0.01134837 -0.12340494 -0.03878793
v 0.01146760 -0.12340479 -0.03873407
v 0.01062812 -0.12340641 -0.03909948
v 0.01137777 -0.12388911 -0.03822568
v 0.00965682 -0.12340929 -0.03948540
v 0.00965682 -0.12340929 -0.03948540
v 0.01137777 -0.12388911 -0.03822568
v 0.00783252 -0.12388966 -0.03959462
v 0.00965682 -0.12340929 -0.03948540
v 0.00783252 -0.12388966 -0.03959462
v 0.00768738 -0.12341535 -0.04016466
v 0.01413385 -0.12388868 -0.03674254
v 0.01398044 -0.12388869 -0.03683809
v 0.01440032 -0.12339440 -0.03716553
v 0.01158473 -0.12340467 -0.03868053
v 0.01158656 -0.12340467 -0.03867970
v 0.01137777 -0.12388911 -0.03822568
v 0.01137777 -0.12388911 -0.03822568
v 0.01158656 -0.12340467 -0.03867970
v 0.01398044 -0.12388869 -0.03683809
v 0.01398044 -0.12388869 -0.03683809
v 0.01158656 -0.12340467 -0.03867970
v 0.01295486 -0.12340003 -0.03800216
v 0.01398044 -0.12388869 -0.03683809
v 0.01295486 -0.12340003 -0.03800216
v 0.01440032 -0.12339440 -0.03716553
v 0.01413385 -0.12388868 -0.03674254
v 0.01440032 -0.12339440 -0.03716553
v 0.01564359 -0.12339819 -0.03632282
v 0.01413385 -0.12388868 -0.03674254
v 0.01564359 -0.12339819 -0.03632282
v 0.01586815 -0.12388840 -0.03553624
v 0.01586815 -0.12388840 -0.03553624
v 0.01564359 -0.12339819 -0.03632282
v 0.01698503 -0.12338606 -0.03525364
v 0.01586815 -0.12388840 -0.03553624
v 0.01698503 -0.12338606 -0.03525364
v 0.01628382 -0.12388833 -0.03519992
v 0.01628382 -0.12388833 -0.03519992
v 0.01698503 -0.12338606 -0.03525364
v 0.01854615 -0.12336865 -0.03373348
v 0.01628382 -0.12388833 -0.03519992
v 0.01854615 -0.12336865 -0.03373348
v 0.01789239 -0.12388809 -0.03369415
v 0.01789239 -0.12388809 -0.03369415
v 0.01854615 -0.12336865 -0.03373348
v 0.01994323 -0.12336150 -0.03203010
v 0.01789239 -0.12388809 -0.03369415
v 0.01994323 -0.12336150 -0.03203010
v 0.01933123 -0.12388786 -0.03200700
v 0.01933123 -0.12388786 -0.03200700
v 0.01994323 -0.12336150 -0.03203010
v 0.02088497 -0.12336192 -0.03062911
v 0.01933123 -0.12388786 -0.03200700
v 0.02088497 -0.12336192 -0.03062911
v 0.02070734 -0.12388765 -0.02996037
v 0.02070734 -0.12388765 -0.02996037
v 0.02088497 -0.12336192 -0.03062911
v 0.02199396 -0.12335919 -0.02861085
v 0.02070734 -0.12388765 -0.02996037
v 0.02199396 -0.12335919 -0.02861085
v 0.02185203 -0.12388749 -0.02775114
v 0.02185203 -0.12388749 -0.02775114
v 0.02199396 -0.12335919 -0.02861085
v 0.02244681 -0.12335577 -0.02763460
v 0.02185203 -0.12388749 -0.02775114
v 0.02244681 -0.12335577 -0.02763460
v 0.02283588 -0.12388733 -0.02527715
v 0.02441048 -0.12334216 -0.02162900
v 0.02395643 -0.12388717 -0.02138569
v 0.02392614 -0.12388718 -0.02151364
v 0.02391800 -0.12388717 -0.02154733
v 0.02440710 -0.12334213 -0.02164317
v 0.02392420 -0.12388717 -0.02152166
v 0.02392420 -0.12388717 -0.02152166
v 0.02440710 -0.12334213 -0.02164317
v 0.02440879 -0.12334214 -0.02163607
v 0.02392420 -0.12388717 -0.02152166
v 0.02440879 -0.12334214 -0.02163607
v 0.02392614 -0.12388718 -0.02151364
v 0.02392614 -0.12388718 -0.02151364
v 0.02440879 -0.12334214 -0.02163607
v 0.02440964 -0.12334216 -0.02163253
v 0.02392614 -0.12388718 -0.02151364
v 0.02440964 -0.12334216 -0.02163253
v 0.02441048 -0.12334216 -0.02162900
v 0.02389304 -0.12388718 -0.02164997
v 0.02439693 -0.12334203 -0.02168570
v 0.02391800 -0.12388717 -0.02154733
v 0.02391800 -0.12388717 -0.02154733
v 0.02439693 -0.12334203 -0.02168570
v 0.02440371 -0.12334210 -0.02165734
v 0.02391800 -0.12388717 -0.02154733
v 0.02440371 -0.12334210 -0.02165734
v 0.02440710 -0.12334213 -0.02164317
v 0.02379104 -0.12388720 -0.02206001
v 0.02435582 -0.12334171 -0.02185570
v 0.02389304 -0.12388718 -0.02164997
v 0.02389304 -0.12388718 -0.02164997
v 0.02435582 -0.12334171 -0.02185570
v 0.02438330 -0.12334193 -0.02174238
v 0.02389304 -0.12388718 -0.02164997
v 0.02438330 -0.12334193 -0.02174238
v 0.02439693 -0.12334203 -0.02168570
v 0.02334464 -0.12388726 -0.02369043
v 0.02418487 -0.12334114 -0.02253406
v 0.02379104 -0.12388720 -0.02206001
v 0.02379104 -0.12388720 -0.02206001
v 0.02418487 -0.12334114 -0.02253406
v 0.02430001 -0.12334140 -0.02208214
v 0.02379104 -0.12388720 -0.02206001
v 0.02430001 -0.12334140 -0.02208214
v 0.02435582 -0.12334171 -0.02185570
v 0.02244681 -0.12335577 -0.02763460
v 0.02323159 -0.12334768 -0.02565521
v 0.02283588 -0.12388733 -0.02527715
v 0.02283588 -0.12388733 -0.02527715
v 0.02323159 -0.12334768 -0.02565521
v 0.02338664 -0.12334613 -0.02521013
v 0.02283588 -0.12388733 -0.02527715
v 0.02338664 -0.12334613 -0.02521013
v 0.02334464 -0.12388726 -0.02369043
v 0.02334464 -0.12388726 -0.02369043
v 0.02338664 -0.12334613 -0.02521013
v 0.02393991 -0.12334178 -0.02343364
v 0.02334464 -0.12388726 -0.02369043
v 0.02393991 -0.12334178 -0.02343364
v 0.02418487 -0.12334114 -0.02253406
v 0.02550182 -0.12333710 -0.01550035
v 0.02479870 -0.12388706 -0.01693936
v 0.02527938 -0.12333743 -0.01709393
v 0.02527938 -0.12333743 -0.01709393
v 0.02479870 -0.12388706 -0.01693936
v 0.02454998 -0.12388709 -0.01847482
v 0.02395643 -0.12388717 -0.02138569
v 0.02441048 -0.12334216 -0.02162900
v 0.02473532 -0.12334069 -0.02016333
v 0.02395643 -0.12388717 -0.02138569
v 0.02473532 -0.12334069 -0.02016333
v 0.02454998 -0.12388709 -0.01847482
v 0.02454998 -0.12388709 -0.01847482
v 0.02473532 -0.12334069 -0.02016333
v 0.02504013 -0.12333935 -0.01856080
v 0.02454998 -0.12388709 -0.01847482
v 0.02504013 -0.12333935 -0.01856080
v 0.02527938 -0.12333743 -0.01709393
v 0.02573137 -0.12388697 -0.00613274
v 0.02566761 -0.12388697 -0.00761755
v 0.02622802 -0.12333474 -0.00615099
v 0.02622802 -0.12333474 -0.00615099
v 0.02566761 -0.12388697 -0.00761755
v 0.02561183 -0.12388697 -0.00868875
v 0.02622802 -0.12333474 -0.00615099
v 0.02561183 -0.12388697 -0.00868875
v 0.02594313 -0.12333599 -0.01118206
v 0.02594313 -0.12333599 -0.01118206
v 0.02561183 -0.12388697 -0.00868875
v 0.02522827 -0.12388702 -0.01354793
v 0.02594313 -0.12333599 -0.01118206
v 0.02522827 -0.12388702 -0.01354793
v 0.02560125 -0.12333712 -0.01469193
v 0.02560125 -0.12333712 -0.01469193
v 0.02522827 -0.12388702 -0.01354793
v 0.02516124 -0.12388701 -0.01416564
v 0.02560125 -0.12333712 -0.01469193
v 0.02516124 -0.12388701 -0.01416564
v 0.02550182 -0.12333710 -0.01550035
v 0.02550182 -0.12333710 -0.01550035
v 0.02516124 -0.12388701 -0.01416564
v 0.02501291 -0.12388704 -0.01539949
v 0.02550182 -0.12333710 -0.01550035
v 0.02501291 -0.12388704 -0.01539949
v 0.02479870 -0.12388706 -0.01693936
v 0.00768738 -0.12341535 -0.04016466
v 0.00783252 -0.12388966 -0.03959462
v 0.00451546 -0.12342147 -0.04102904
v 0.00451546 -0.12342147 -0.04102904
v 0.00783252 -0.12388966 -0.03959462
v 0.00370856 -0.12389032 -0.04070194
v 0.00451546 -0.12342147 -0.04102904
v 0.00370856 -0.12389032 -0.04070194
v 0.00369284 -0.12342221 -0.04121666
v 0.00369284 -0.12342221 -0.04121666
v 0.00370856 -0.12389032 -0.04070194
v -0.00030289 -0.12342805 -0.04196475
v -0.00030289 -0.12342805 -0.04196475
v 0.00370856 -0.12389032 -0.04070194
v -0.00253954 -0.12389131 -0.04178639
v -0.00030289 -0.12342805 -0.04196475
v -0.00253954 -0.12389131 -0.04178639
v -0.00232638 -0.12343027 -0.04226068
v -0.00232638 -0.12343027 -0.04226068
v -0.00253954 -0.12389131 -0.04178639
v -0.00389985 -0.12389153 -0.04195773
v -0.00232638 -0.12343027 -0.04226068
v -0.00389985 -0.12389153 -0.04195773
v -0.00384055 -0.12343173 -0.04245224
v -0.02103875 -0.12339685 0.04519868
v -0.02435509 -0.12339018 0.04542688
v -0.02293299 -0.12389502 0.04485790
v -0.02293299 -0.12389502 0.04485790
v -0.02435509 -0.12339018 0.04542688
v -0.02435434 -0.12389389 0.04492664
v -0.02103875 -0.12339685 0.04519868
v -0.02293299 -0.12389502 0.04485790
v -0.01933088 -0.12340053 0.04498518
v -0.01933088 -0.12340053 0.04498518
v -0.02293299 -0.12389502 0.04485790
v -0.01801316 -0.12389424 0.04426732
v -0.01933088 -0.12340053 0.04498518
v -0.01801316 -0.12389424 0.04426732
v -0.01792586 -0.12340368 0.04475954
v -0.01792586 -0.12340368 0.04475954
v -0.01801316 -0.12389424 0.04426732
v -0.01674991 -0.12389404 0.04402939
v -0.01792586 -0.12340368 0.04475954
v -0.01674991 -0.12389404 0.04402939
v -0.01665446 -0.12340669 0.04452001
v -0.01665446 -0.12340669 0.04452001
v -0.01674991 -0.12389404 0.04402939
v -0.01538366 -0.12340978 0.04427693
v -0.01538366 -0.12340978 0.04427693
v -0.01674991 -0.12389404 0.04402939
v -0.01547390 -0.12389382 0.04378541
v -0.01538366 -0.12340978 0.04427693
v -0.01547390 -0.12389382 0.04378541
v -0.01297351 -0.12341529 0.04387785
v -0.01297351 -0.12341529 0.04387785
v -0.01547390 -0.12389382 0.04378541
v -0.01161716 -0.12389320 0.04318113
v -0.01297351 -0.12341529 0.04387785
v -0.01161716 -0.12389320 0.04318113
v -0.01155066 -0.12341832 0.04367604
v -0.01155066 -0.12341832 0.04367604
v -0.01161716 -0.12389320 0.04318113
v -0.01143469 -0.12389318 0.04315674
v -0.01155066 -0.12341832 0.04367604
v -0.01143469 -0.12389318 0.04315674
v -0.00526860 -0.12343089 0.04295329
v -0.00526860 -0.12343089 0.04295329
v -0.01143469 -0.12389318 0.04315674
v -0.00389984 -0.12389196 0.04229771
v -0.00526860 -0.12343089 0.04295329
v -0.00389984 -0.12389196 0.04229771
v -0.00384055 -0.12343216 0.04279222
v 0.02622802 -0.12333482 0.00649097
v 0.02573137 -0.12388703 0.00647272
v 0.02631547 -0.12333445 0.00165692
v 0.02631547 -0.12333445 0.00165692
v 0.02573137 -0.12388703 0.00647272
v 0.02582208 -0.12388721 0.00016999
v 0.02631547 -0.12333445 0.00165692
v 0.02582208 -0.12388721 0.00016999
v 0.02631885 -0.12333451 0.00017000
v 0.02096797 -0.12388792 0.02984611
v 0.02199255 -0.12388774 0.02777627
v 0.02299838 -0.12335042 0.02662796
v 0.02299838 -0.12335042 0.02662796
v 0.02199255 -0.12388774 0.02777627
v 0.02285577 -0.12388759 0.02555971
v 0.02299838 -0.12335042 0.02662796
v 0.02285577 -0.12388759 0.02555971
v 0.02389773 -0.12334225 0.02392079
v 0.02389773 -0.12334225 0.02392079
v 0.02285577 -0.12388759 0.02555971
v 0.02343130 -0.12388749 0.02373317
v 0.02389773 -0.12334225 0.02392079
v 0.02343130 -0.12388749 0.02373317
v 0.02403791 -0.12334160 0.02342324
v 0.02403791 -0.12334160 0.02342324
v 0.02343130 -0.12388749 0.02373317
v 0.02358033 -0.12388746 0.02320106
v 0.02403791 -0.12334160 0.02342324
v 0.02358033 -0.12388746 0.02320106
v 0.02441048 -0.12334239 0.02196897
v 0.02441048 -0.12334239 0.02196897
v 0.02358033 -0.12388746 0.02320106
v 0.02392614 -0.12388740 0.02185361
v 0.02441048 -0.12334239 0.02196897
v 0.02392614 -0.12388740 0.02185361
v 0.02504013 -0.12333956 0.01890079
v 0.02299838 -0.12335042 0.02662796
v 0.02193441 -0.12335984 0.02907178
v 0.02096797 -0.12388792 0.02984611
v 0.02096797 -0.12388792 0.02984611
v 0.02193441 -0.12335984 0.02907178
v 0.02120889 -0.12336218 0.03042664
v 0.02096797 -0.12388792 0.02984611
v 0.02120889 -0.12336218 0.03042664
v 0.02064334 -0.12388796 0.03040809
v 0.02064334 -0.12388796 0.03040809
v 0.02120889 -0.12336218 0.03042664
v 0.02107081 -0.12336226 0.03066217
v 0.02064334 -0.12388796 0.03040809
v 0.02107081 -0.12336226 0.03066217
v 0.02023615 -0.12388804 0.03106155
v 0.02023615 -0.12388804 0.03106155
v 0.02107081 -0.12336226 0.03066217
v 0.01895066 -0.12388825 0.03283082
v 0.01414104 -0.12388904 0.03707812
v 0.01416258 -0.12388905 0.03706492
v 0.01440032 -0.12339477 0.03750552
v 0.02107081 -0.12336226 0.03066217
v 0.01995668 -0.12336181 0.03235170
v 0.01895066 -0.12388825 0.03283082
v 0.01895066 -0.12388825 0.03283082
v 0.01995668 -0.12336181 0.03235170
v 0.01853348 -0.12336911 0.03408724
v 0.01895066 -0.12388825 0.03283082
v 0.01853348 -0.12336911 0.03408724
v 0.01750510 -0.12388849 0.03442903
v 0.01750510 -0.12388849 0.03442903
v 0.01853348 -0.12336911 0.03408724
v 0.01783799 -0.12337643 0.03480536
v 0.01750510 -0.12388849 0.03442903
v 0.01783799 -0.12337643 0.03480536
v 0.01653391 -0.12388866 0.03532781
v 0.01653391 -0.12388866 0.03532781
v 0.01783799 -0.12337643 0.03480536
v 0.01685626 -0.12338791 0.03570469
v 0.01653391 -0.12388866 0.03532781
v 0.01685626 -0.12338791 0.03570469
v 0.01590311 -0.12388876 0.03584868
v 0.01590311 -0.12388876 0.03584868
v 0.01685626 -0.12338791 0.03570469
v 0.01620128 -0.12339479 0.03624083
v 0.01590311 -0.12388876 0.03584868
v 0.01620128 -0.12339479 0.03624083
v 0.01458944 -0.12388898 0.03679442
v 0.01458944 -0.12388898 0.03679442
v 0.01620128 -0.12339479 0.03624083
v 0.01440032 -0.12339477 0.03750552
v 0.01458944 -0.12388898 0.03679442
v 0.01440032 -0.12339477 0.03750552
v 0.01424856 -0.12388903 0.03701180
v 0.01424856 -0.12388903 0.03701180
v 0.01440032 -0.12339477 0.03750552
v 0.01416258 -0.12388905 0.03706492
v 0.01158659 -0.12340507 0.03901966
v 0.01137963 -0.12388949 0.03856479
v 0.01422224 -0.12339552 0.03761626
v 0.01422224 -0.12339552 0.03761626
v 0.01137963 -0.12388949 0.03856479
v 0.01413430 -0.12388904 0.03708224
v 0.01422224 -0.12339552 0.03761626
v 0.01413430 -0.12388904 0.03708224
v 0.01440032 -0.12339477 0.03750552
v 0.01440032 -0.12339477 0.03750552
v 0.01413430 -0.12388904 0.03708224
v 0.01414104 -0.12388904 0.03707812
v 0.00709431 -0.12341735 0.04068565
v 0.00703763 -0.12389021 0.04018213
v 0.00741750 -0.12341650 0.04058826
v 0.00741750 -0.12341650 0.04058826
v 0.00703763 -0.12389021 0.04018213
v 0.00739302 -0.12389015 0.04007377
v 0.00739302 -0.12389015 0.04007377
v 0.00810061 -0.12389003 0.03984678
v 0.00741750 -0.12341650 0.04058826
v 0.00741750 -0.12341650 0.04058826
v 0.00810061 -0.12389003 0.03984678
v 0.00845265 -0.12388997 0.03972798
v 0.00741750 -0.12341650 0.04058826
v 0.00845265 -0.12388997 0.03972798
v 0.01022045 -0.12340795 0.03960598
v 0.01022045 -0.12340795 0.03960598
v 0.00845265 -0.12388997 0.03972798
v 0.00915293 -0.12388986 0.03947930
v 0.01022045 -0.12340795 0.03960598
v 0.00915293 -0.12388986 0.03947930
v 0.01094558 -0.12340606 0.03930496
v 0.01094558 -0.12340606 0.03930496
v 0.00915293 -0.12388986 0.03947930
v 0.01027336 -0.12388968 0.03904428
v 0.01094558 -0.12340606 0.03930496
v 0.01027336 -0.12388968 0.03904428
v 0.01158659 -0.12340507 0.03901966
v 0.01158659 -0.12340507 0.03901966
v 0.01027336 -0.12388968 0.03904428
v 0.01137777 -0.12388949 0.03856565
v 0.01158659 -0.12340507 0.03901966
v 0.01137777 -0.12388949 0.03856565
v 0.01137963 -0.12388949 0.03856479
v 0.00452238 -0.12342188 0.04136739
v 0.00343700 -0.12389079 0.04110147
v 0.00709431 -0.12341735 0.04068565
v 0.00709431 -0.12341735 0.04068565
v 0.00343700 -0.12389079 0.04110147
v 0.00632393 -0.12389032 0.04038911
v 0.00709431 -0.12341735 0.04068565
v 0.00632393 -0.12389032 0.04038911
v 0.00703763 -0.12389021 0.04018213
v 0.00452238 -0.12342188 0.04136739
v 0.00392788 -0.12342241 0.04150436
v 0.00343700 -0.12389079 0.04110147
v 0.00343700 -0.12389079 0.04110147
v 0.00392788 -0.12342241 0.04150436
v 0.00244492 -0.12342393 0.04181744
v 0.00343700 -0.12389079 0.04110147
v 0.00244492 -0.12342393 0.04181744
v -0.00059946 -0.12389144 0.04184682
v -0.00059946 -0.12389144 0.04184682
v 0.00244492 -0.12342393 0.04181744
v 0.00016479 -0.12342770 0.04222935
v -0.00059946 -0.12389144 0.04184682
v 0.00016479 -0.12342770 0.04222935
v -0.00242541 -0.12389172 0.04211111
v -0.00242541 -0.12389172 0.04211111
v 0.00016479 -0.12342770 0.04222935
v -0.00384055 -0.12343216 0.04279222
v -0.00242541 -0.12389172 0.04211111
v -0.00384055 -0.12343216 0.04279222
v -0.00389984 -0.12389196 0.04229771
v 0.02392614 -0.12388740 0.02185361
v 0.02454998 -0.12388729 0.01881478
v 0.02504013 -0.12333956 0.01890079
v 0.02504013 -0.12333956 0.01890079
v 0.02454998 -0.12388729 0.01881478
v 0.02457296 -0.12388729 0.01868198
v 0.02504013 -0.12333956 0.01890079
v 0.02457296 -0.12388729 0.01868198
v 0.02561830 -0.12333726 0.01488600
v 0.02561830 -0.12333726 0.01488600
v 0.02457296 -0.12388729 0.01868198
v 0.02539050 -0.12388711 0.01217964
v 0.02622802 -0.12333482 0.00649097
v 0.02616365 -0.12333382 0.00801595
v 0.02573137 -0.12388703 0.00647272
v 0.02573137 -0.12388703 0.00647272
v 0.02616365 -0.12333382 0.00801595
v 0.02609992 -0.12333441 0.00921688
v 0.02573137 -0.12388703 0.00647272
v 0.02609992 -0.12333441 0.00921688
v 0.02539050 -0.12388711 0.01217964
v 0.02539050 -0.12388711 0.01217964
v 0.02609992 -0.12333441 0.00921688
v 0.02570496 -0.12333724 0.01410619
v 0.02539050 -0.12388711 0.01217964
v 0.02570496 -0.12333724 0.01410619
v 0.02561830 -0.12333726 0.01488600
v 0.02582208 -0.12388721 0.00016999
v 0.01504134 -0.12388871 0.00016999
v 0.02573137 -0.12388697 -0.00613274
v 0.02573137 -0.12388697 -0.00613274
v 0.01504134 -0.12388871 0.00016999
v 0.01478258 -0.12388874 -0.00440628
v 0.02573137 -0.12388697 -0.00613274
v 0.01478258 -0.12388874 -0.00440628
v 0.02566761 -0.12388697 -0.00761755
v 0.02566761 -0.12388697 -0.00761755
v 0.01478258 -0.12388874 -0.00440628
v 0.01433551 -0.12388878 -0.00733325
v 0.02566761 -0.12388697 -0.00761755
v 0.01433551 -0.12388878 -0.00733325
v 0.02561183 -0.12388697 -0.00868875
v 0.02561183 -0.12388697 -0.00868875
v 0.01433551 -0.12388878 -0.00733325
v 0.02522827 -0.12388702 -0.01354793
v 0.02522827 -0.12388702 -0.01354793
v 0.01433551 -0.12388878 -0.00733325
v 0.01367429 -0.12388889 -0.01021485
v 0.02522827 -0.12388702 -0.01354793
v 0.01367429 -0.12388889 -0.01021485
v 0.02516124 -0.12388701 -0.01416564
v 0.02516124 -0.12388701 -0.01416564
v 0.01367429 -0.12388889 -0.01021485
v 0.01280999 -0.12388901 -0.01301700
v 0.02516124 -0.12388701 -0.01416564
v 0.01280999 -0.12388901 -0.01301700
v 0.02501291 -0.12388704 -0.01539949
v 0.01174307 -0.12388916 -0.01574750
v 0.02454998 -0.12388709 -0.01847482
v 0.01280999 -0.12388901 -0.01301700
v 0.01280999 -0.12388901 -0.01301700
v 0.02454998 -0.12388709 -0.01847482
v 0.02479870 -0.12388706 -0.01693936
v 0.01280999 -0.12388901 -0.01301700
v 0.02479870 -0.12388706 -0.01693936
v 0.02501291 -0.12388704 -0.01539949
v 0.02391800 -0.12388717 -0.02154733
v 0.02392420 -0.12388717 -0.02152166
v 0.01049136 -0.12388936 -0.01836897
v 0.02392420 -0.12388717 -0.02152166
v 0.02392614 -0.12388718 -0.02151364
v 0.01049136 -0.12388936 -0.01836897
v 0.01049136 -0.12388936 -0.01836897
v 0.02392614 -0.12388718 -0.02151364
v 0.01174307 -0.12388916 -0.01574750
v 0.01174307 -0.12388916 -0.01574750
v 0.02392614 -0.12388718 -0.02151364
v 0.02395643 -0.12388717 -0.02138569
v 0.01174307 -0.12388916 -0.01574750
v 0.02395643 -0.12388717 -0.02138569
v 0.02454998 -0.12388709 -0.01847482
v 0.02334464 -0.12388726 -0.02369043
v 0.02379104 -0.12388720 -0.02206001
v 0.01049136 -0.12388936 -0.01836897
v 0.01049136 -0.12388936 -0.01836897
v 0.02379104 -0.12388720 -0.02206001
v 0.02389304 -0.12388718 -0.02164997
v 0.01049136 -0.12388936 -0.01836897
v 0.02389304 -0.12388718 -0.02164997
v 0.02391800 -0.12388717 -0.02154733
v 0.01789239 -0.12388809 -0.03369415
v 0.00744697 -0.12388981 -0.02328832
v 0.00567162 -0.12389008 -0.02556346
v 0.01789239 -0.12388809 -0.03369415
v 0.01933123 -0.12388786 -0.03200700
v 0.00744697 -0.12388981 -0.02328832
v 0.00744697 -0.12388981 -0.02328832
v 0.01933123 -0.12388786 -0.03200700
v 0.02070734 -0.12388765 -0.02996037
v 0.00744697 -0.12388981 -0.02328832
v 0.02070734 -0.12388765 -0.02996037
v 0.00905076 -0.12388957 -0.02089580
v 0.00905076 -0.12388957 -0.02089580
v 0.02070734 -0.12388765 -0.02996037
v 0.02185203 -0.12388749 -0.02775114
v 0.00905076 -0.12388957 -0.02089580
v 0.02185203 -0.12388749 -0.02775114
v 0.01049136 -0.12388936 -0.01836897
v 0.01049136 -0.12388936 -0.01836897
v 0.02185203 -0.12388749 -0.02775114
v 0.02283588 -0.12388733 -0.02527715
v 0.01049136 -0.12388936 -0.01836897
v 0.02283588 -0.12388733 -0.02527715
v 0.02334464 -0.12388726 -0.02369043
v -0.00389985 -0.12389153 -0.04195773
v -0.00253954 -0.12389131 -0.04178639
v -0.00502552 -0.12389176 -0.03451570
v -0.00502552 -0.12389176 -0.03451570
v -0.00253954 -0.12389131 -0.04178639
v -0.00264867 -0.12389138 -0.03303687
v -0.00264867 -0.12389138 -0.03303687
v -0.00253954 -0.12389131 -0.04178639
v 0.00370856 -0.12389032 -0.04070194
v -0.00264867 -0.12389138 -0.03303687
v 0.00370856 -0.12389032 -0.04070194
v -0.00035697 -0.12389102 -0.03137664
v -0.00035697 -0.12389102 -0.03137664
v 0.00370856 -0.12389032 -0.04070194
v 0.00783252 -0.12388966 -0.03959462
v -0.00035697 -0.12389102 -0.03137664
v 0.00783252 -0.12388966 -0.03959462
v 0.00182538 -0.12389068 -0.02954611
v 0.00182538 -0.12389068 -0.02954611
v 0.00783252 -0.12388966 -0.03959462
v 0.01137777 -0.12388911 -0.03822568
v 0.00182538 -0.12389068 -0.02954611
v 0.01137777 -0.12388911 -0.03822568
v 0.00381875 -0.12389038 -0.02762011
v 0.00381875 -0.12389038 -0.02762011
v 0.01137777 -0.12388911 -0.03822568
v 0.01398044 -0.12388869 -0.03683809
v 0.00381875 -0.12389038 -0.02762011
v 0.01398044 -0.12388869 -0.03683809
v 0.00567162 -0.12389008 -0.02556346
v 0.00567162 -0.12389008 -0.02556346
v 0.01398044 -0.12388869 -0.03683809
v 0.01413385 -0.12388868 -0.03674254
v 0.01413385 -0.12388868 -0.03674254
v 0.01586815 -0.12388840 -0.03553624
v 0.00567162 -0.12389008 -0.02556346
v 0.00567162 -0.12389008 -0.02556346
v 0.01586815 -0.12388840 -0.03553624
v 0.01628382 -0.12388833 -0.03519992
v 0.00567162 -0.12389008 -0.02556346
v 0.01628382 -0.12388833 -0.03519992
v 0.01789239 -0.12388809 -0.03369415
v -0.01264601 -0.12389296 -0.03789315
v -0.01527503 -0.12389337 -0.03864520
v -0.01508224 -0.12389332 -0.04337482
v -0.01508224 -0.12389332 -0.04337482
v -0.01527503 -0.12389337 -0.03864520
v -0.01547391 -0.12389339 -0.04344545
v -0.00502552 -0.12389176 -0.03451570
v -0.00750869 -0.12389215 -0.03582891
v -0.00389985 -0.12389153 -0.04195773
v -0.00389985 -0.12389153 -0.04195773
v -0.00750869 -0.12389215 -0.03582891
v -0.01004152 -0.12389255 -0.03694999
v -0.00389985 -0.12389153 -0.04195773
v -0.01004152 -0.12389255 -0.03694999
v -0.01084472 -0.12389265 -0.04273995
v -0.01084472 -0.12389265 -0.04273995
v -0.01004152 -0.12389255 -0.03694999
v -0.01264601 -0.12389296 -0.03789315
v -0.01084472 -0.12389265 -0.04273995
v -0.01264601 -0.12389296 -0.03789315
v -0.01161717 -0.12389277 -0.04284116
v -0.01161717 -0.12389277 -0.04284116
v -0.01264601 -0.12389296 -0.03789315
v -0.01508224 -0.12389332 -0.04337482
v -0.01801315 -0.12389379 -0.04392735
v -0.01795332 -0.12389380 -0.03921661
v -0.02063025 -0.12389422 -0.03959971
v -0.01801315 -0.12389379 -0.04392735
v -0.01680547 -0.12389360 -0.04370023
v -0.01795332 -0.12389380 -0.03921661
v -0.01795332 -0.12389380 -0.03921661
v -0.01680547 -0.12389360 -0.04370023
v -0.01674992 -0.12389359 -0.04368942
v -0.01795332 -0.12389380 -0.03921661
v -0.01674992 -0.12389359 -0.04368942
v -0.01527503 -0.12389337 -0.03864520
v -0.01527503 -0.12389337 -0.03864520
v -0.01674992 -0.12389359 -0.04368942
v -0.01548296 -0.12389339 -0.04344710
v -0.01527503 -0.12389337 -0.03864520
v -0.01548296 -0.12389339 -0.04344710
v -0.01547391 -0.12389339 -0.04344545
v -0.02435413 -0.12389482 -0.03983566
v -0.02435435 -0.12389344 -0.04458667
v -0.02332571 -0.12389466 -0.03980101
v -0.02332571 -0.12389466 -0.03980101
v -0.02435435 -0.12389344 -0.04458667
v -0.02189039 -0.12389440 -0.04443877
v -0.02332571 -0.12389466 -0.03980101
v -0.02189039 -0.12389440 -0.04443877
v -0.02063025 -0.12389422 -0.03959971
v -0.02063025 -0.12389422 -0.03959971
v -0.02189039 -0.12389440 -0.04443877
v -0.01929905 -0.12389399 -0.04413538
v -0.02063025 -0.12389422 -0.03959971
v -0.01929905 -0.12389399 -0.04413538
v -0.01801315 -0.12389379 -0.04392735
v 0.02353130 -0.10211340 0.00017008
v 0.02506244 -0.11272363 0.00017001
v 0.02436445 -0.10777313 -0.00307170
v 0.02631885 -0.12333451 0.00017000
v 0.02627189 -0.12333474 -0.00466467
v 0.02506244 -0.11272363 0.00017001
v 0.02506244 -0.11272363 0.00017001
v 0.02627189 -0.12333474 -0.00466467
v 0.02541489 -0.11561979 -0.00303639
v 0.02506244 -0.11272363 0.00017001
v 0.02541489 -0.11561979 -0.00303639
v 0.02436445 -0.10777313 -0.00307170
v 0.02310440 -0.09945962 0.00017011
v 0.02315535 -0.09987760 -0.00309470
v 0.02306390 -0.09943802 -0.00438812
v 0.02306390 -0.09943802 -0.00438812
v 0.02315535 -0.09987760 -0.00309470
v 0.02307740 -0.09983687 -0.00635773
v 0.02306390 -0.09943802 -0.00438812
v 0.02307740 -0.09983687 -0.00635773
v 0.02300729 -0.09940795 -0.00635941
v 0.02310440 -0.09945962 0.00017011
v 0.02353130 -0.10211340 0.00017008
v 0.02315535 -0.09987760 -0.00309470
v 0.02315535 -0.09987760 -0.00309470
v 0.02353130 -0.10211340 0.00017008
v 0.02436445 -0.10777313 -0.00307170
v 0.02315535 -0.09987760 -0.00309470
v 0.02436445 -0.10777313 -0.00307170
v 0.02307740 -0.09983687 -0.00635773
v 0.02307740 -0.09983687 -0.00635773
v 0.02436445 -0.10777313 -0.00307170
v 0.02428784 -0.10774536 -0.00631177
v 0.02627189 -0.12333474 -0.00466467
v 0.02622802 -0.12333474 -0.00615099
v 0.02541489 -0.11561979 -0.00303639
v 0.02541489 -0.11561979 -0.00303639
v 0.02622802 -0.12333474 -0.00615099
v 0.02533959 -0.11560488 -0.00624114
v 0.02541489 -0.11561979 -0.00303639
v 0.02533959 -0.11560488 -0.00624114
v 0.02436445 -0.10777313 -0.00307170
v 0.02436445 -0.10777313 -0.00307170
v 0.02533959 -0.11560488 -0.00624114
v 0.02475044 -0.11106654 -0.00628472
v 0.02436445 -0.10777313 -0.00307170
v 0.02475044 -0.11106654 -0.00628472
v 0.02428784 -0.10774536 -0.00631177
v -0.00232638 -0.12343027 -0.04226068
v -0.00384055 -0.12343173 -0.04245224
v -0.00384075 -0.11705761 -0.04294500
v -0.01415443 -0.10448468 -0.04489196
v -0.01677751 -0.09222462 -0.04594251
v -0.01230057 -0.09159441 -0.04558609
v -0.01941247 -0.10448553 -0.04518760
v -0.02438292 -0.10448632 -0.04535117
v -0.02439622 -0.09544988 -0.04608236
v -0.00147345 -0.08671632 -0.04384488
v 0.00087994 -0.08971955 -0.04316551
v -0.00343664 -0.09033793 -0.04426827
v 0.00583869 -0.09521945 -0.04145036
v 0.00600482 -0.09058958 -0.04124927
v 0.00853224 -0.09189877 -0.04000448
v 0.02594313 -0.12333599 -0.01118206
v 0.02560125 -0.12333712 -0.01469193
v 0.02415274 -0.11117630 -0.01501392
v 0.02622802 -0.12333474 -0.00615099
v 0.02594313 -0.12333599 -0.01118206
v 0.02533959 -0.11560488 -0.00624114
v 0.02533959 -0.11560488 -0.00624114
v 0.02594313 -0.12333599 -0.01118206
v 0.02415274 -0.11117630 -0.01501392
v 0.02533959 -0.11560488 -0.00624114
v 0.02415274 -0.11117630 -0.01501392
v 0.02475044 -0.11106654 -0.00628472
v 0.02475044 -0.11106654 -0.00628472
v 0.02415274 -0.11117630 -0.01501392
v 0.02428784 -0.10774536 -0.00631177
v 0.02428784 -0.10774536 -0.00631177
v 0.02415274 -0.11117630 -0.01501392
v 0.02307740 -0.09983687 -0.00635773
v 0.02307740 -0.09983687 -0.00635773
v 0.02415274 -0.11117630 -0.01501392
v 0.02281173 -0.09930469 -0.01019994
v 0.02307740 -0.09983687 -0.00635773
v 0.02281173 -0.09930469 -0.01019994
v 0.02300729 -0.09940795 -0.00635941
v 0.02351359 -0.11129317 -0.01955783
v 0.02206794 -0.09891665 -0.01738351
v 0.02415274 -0.11117630 -0.01501392
v 0.02415274 -0.11117630 -0.01501392
v 0.02206794 -0.09891665 -0.01738351
v 0.02250388 -0.09914380 -0.01387567
v 0.02415274 -0.11117630 -0.01501392
v 0.02250388 -0.09914380 -0.01387567
v 0.02281173 -0.09930469 -0.01019994
v 0.02169039 -0.09887822 -0.01981003
v 0.02072654 -0.09903692 -0.02437634
v 0.02148471 -0.09861331 -0.02071885
v 0.02148471 -0.09861331 -0.02071885
v 0.02072654 -0.09903692 -0.02437634
v 0.02105444 -0.09838974 -0.02263180
v 0.02105444 -0.09838974 -0.02263180
v 0.02072654 -0.09903692 -0.02437634
v 0.02036352 -0.09803098 -0.02511903
v 0.02036352 -0.09803098 -0.02511903
v 0.02072654 -0.09903692 -0.02437634
v 0.02007227 -0.09914530 -0.02661593
v 0.02036352 -0.09803098 -0.02511903
v 0.02007227 -0.09914530 -0.02661593
v 0.01953782 -0.09760249 -0.02747187
v 0.01953782 -0.09760249 -0.02747187
v 0.02007227 -0.09914530 -0.02661593
v 0.01927796 -0.09927732 -0.02878847
v 0.01953782 -0.09760249 -0.02747187
v 0.01927796 -0.09927732 -0.02878847
v 0.01855989 -0.09709522 -0.02968664
v 0.01855989 -0.09709522 -0.02968664
v 0.01927796 -0.09927732 -0.02878847
v 0.01831434 -0.09943792 -0.03089239
v 0.01855989 -0.09709522 -0.02968664
v 0.01831434 -0.09943792 -0.03089239
v 0.01761375 -0.09660460 -0.03143257
v 0.01761375 -0.09660460 -0.03143257
v 0.01831434 -0.09943792 -0.03089239
v 0.01716213 -0.09963037 -0.03289056
v 0.01761375 -0.09660460 -0.03143257
v 0.01716213 -0.09963037 -0.03289056
v 0.01634835 -0.09594861 -0.03334121
v 0.01634835 -0.09594861 -0.03334121
v 0.01716213 -0.09963037 -0.03289056
v 0.01581064 -0.09985653 -0.03474586
v 0.01634835 -0.09594861 -0.03334121
v 0.01581064 -0.09985653 -0.03474586
v 0.01492913 -0.09521306 -0.03507220
v 0.01492913 -0.09521306 -0.03507220
v 0.01581064 -0.09985653 -0.03474586
v 0.01426080 -0.10011627 -0.03642805
v 0.01492913 -0.09521306 -0.03507220
v 0.01426080 -0.10011627 -0.03642805
v 0.01333865 -0.09438886 -0.03664976
v 0.01333865 -0.09438886 -0.03664976
v 0.01426080 -0.10011627 -0.03642805
v 0.01279760 -0.09410852 -0.03711883
v 0.01279760 -0.09410852 -0.03711883
v 0.01426080 -0.10011627 -0.03642805
v 0.01253010 -0.10040662 -0.03791424
v 0.01279760 -0.09410852 -0.03711883
v 0.01253010 -0.10040662 -0.03791424
v 0.01078246 -0.09306449 -0.03863673
v 0.01078246 -0.09306449 -0.03863673
v 0.01253010 -0.10040662 -0.03791424
v 0.01065594 -0.10072130 -0.03919480
v 0.01078246 -0.09306449 -0.03863673
v 0.01065594 -0.10072130 -0.03919480
v 0.00853224 -0.09189877 -0.04000448
v 0.00158578 -0.09588966 -0.04291714
v 0.00249531 -0.08877182 -0.04262615
v 0.00583869 -0.09521945 -0.04145036
v 0.00583869 -0.09521945 -0.04145036
v 0.00249531 -0.08877182 -0.04262615
v 0.00553760 -0.09034757 -0.04145325
v 0.00583869 -0.09521945 -0.04145036
v 0.00553760 -0.09034757 -0.04145325
v 0.00600482 -0.09058958 -0.04124927
v -0.00147345 -0.08671632 -0.04384488
v -0.00343664 -0.09033793 -0.04426827
v -0.00590701 -0.08442020 -0.04491522
v -0.00590701 -0.08442020 -0.04491522
v -0.00343664 -0.09033793 -0.04426827
v -0.00784366 -0.09096418 -0.04504791
v -0.00590701 -0.08442020 -0.04491522
v -0.00784366 -0.09096418 -0.04504791
v -0.00859712 -0.08302706 -0.04545030
v -0.00859712 -0.08302706 -0.04545030
v -0.00784366 -0.09096418 -0.04504791
v -0.01110662 -0.08172748 -0.04588555
v -0.01110662 -0.08172748 -0.04588555
v -0.00784366 -0.09096418 -0.04504791
v -0.01230057 -0.09159441 -0.04558609
v -0.01110662 -0.08172748 -0.04588555
v -0.01230057 -0.09159441 -0.04558609
v -0.01267343 -0.08105263 -0.04612504
v -0.01885219 -0.08038308 -0.04678748
v -0.01690251 -0.08038252 -0.04662183
v -0.01677751 -0.09222462 -0.04594251
v -0.01677751 -0.09222462 -0.04594251
v -0.01690251 -0.08038252 -0.04662183
v -0.01513243 -0.08047650 -0.04644041
v -0.01677751 -0.09222462 -0.04594251
v -0.01513243 -0.08047650 -0.04644041
v -0.01230057 -0.09159441 -0.04558609
v -0.01230057 -0.09159441 -0.04558609
v -0.01513243 -0.08047650 -0.04644041
v -0.01330474 -0.08085176 -0.04621307
v -0.01230057 -0.09159441 -0.04558609
v -0.01330474 -0.08085176 -0.04621307
v -0.01267343 -0.08105263 -0.04612504
v -0.01415443 -0.10448468 -0.04489196
v -0.01941247 -0.10448553 -0.04518760
v -0.01677751 -0.09222462 -0.04594251
v -0.01677751 -0.09222462 -0.04594251
v -0.01941247 -0.10448553 -0.04518760
v -0.02439622 -0.09544988 -0.04608236
v -0.01677751 -0.09222462 -0.04594251
v -0.02439622 -0.09544988 -0.04608236
v -0.01885219 -0.08038308 -0.04678748
v -0.01885219 -0.08038308 -0.04678748
v -0.02439622 -0.09544988 -0.04608236
v -0.02441778 -0.08079850 -0.04709043
v -0.01885219 -0.08038308 -0.04678748
v -0.02441778 -0.08079850 -0.04709043
v -0.02102547 -0.08038277 -0.04693928
v -0.02102547 -0.08038277 -0.04693928
v -0.02441778 -0.08079850 -0.04709043
v -0.02441840 -0.08038246 -0.04711538
v -0.00384075 -0.11705761 -0.04294500
v -0.00384198 -0.10448300 -0.04376547
v -0.00210709 -0.10286701 -0.04355028
v -0.00210709 -0.10286701 -0.04355028
v -0.00384198 -0.10448300 -0.04376547
v -0.00657279 -0.10361844 -0.04420958
v -0.00657279 -0.10361844 -0.04420958
v -0.00384198 -0.10448300 -0.04376547
v -0.00890494 -0.10448382 -0.04443018
v -0.00657279 -0.10361844 -0.04420958
v -0.00890494 -0.10448382 -0.04443018
v -0.01107273 -0.10437619 -0.04465254
v -0.00071788 -0.11566789 -0.04257798
v -0.00030289 -0.12342805 -0.04196475
v -0.00232638 -0.12343027 -0.04226068
v -0.00030289 -0.12342805 -0.04196475
v -0.00071788 -0.11566789 -0.04257798
v 0.00369284 -0.12342221 -0.04121666
v 0.00369284 -0.12342221 -0.04121666
v -0.00071788 -0.11566789 -0.04257798
v 0.00371138 -0.11485775 -0.04171600
v 0.00369284 -0.12342221 -0.04121666
v 0.00371138 -0.11485775 -0.04171600
v 0.00451546 -0.12342147 -0.04102904
v 0.00451546 -0.12342147 -0.04102904
v 0.00371138 -0.11485775 -0.04171600
v 0.00768738 -0.12341535 -0.04016466
v 0.00768738 -0.12341535 -0.04016466
v 0.00371138 -0.11485775 -0.04171600
v 0.00806284 -0.11406747 -0.04043160
v 0.00768738 -0.12341535 -0.04016466
v 0.00806284 -0.11406747 -0.04043160
v 0.00965682 -0.12340929 -0.03948540
v 0.00965682 -0.12340929 -0.03948540
v 0.00806284 -0.11406747 -0.04043160
v 0.01062812 -0.12340641 -0.03909948
v 0.01062812 -0.12340641 -0.03909948
v 0.00806284 -0.11406747 -0.04043160
v 0.01017126 -0.11368660 -0.03957448
v 0.01062812 -0.12340641 -0.03909948
v 0.01017126 -0.11368660 -0.03957448
v 0.01110917 -0.12340534 -0.03889395
v 0.01440032 -0.12339440 -0.03716553
v 0.01295486 -0.12340003 -0.03800216
v 0.01219494 -0.11332216 -0.03854505
v 0.01219494 -0.11332216 -0.03854505
v 0.01295486 -0.12340003 -0.03800216
v 0.01158656 -0.12340467 -0.03867970
v 0.01157173 -0.12340470 -0.03868651
v 0.01155687 -0.12340470 -0.03869333
v 0.01219494 -0.11332216 -0.03854505
v 0.01157173 -0.12340470 -0.03868651
v 0.01219494 -0.11332216 -0.03854505
v 0.01157916 -0.12340468 -0.03868310
v 0.01219494 -0.11332216 -0.03854505
v 0.01158473 -0.12340467 -0.03868053
v 0.01158287 -0.12340469 -0.03868138
v 0.01219494 -0.11332216 -0.03854505
v 0.01158287 -0.12340469 -0.03868138
v 0.01157916 -0.12340468 -0.03868310
v 0.01219494 -0.11332216 -0.03854505
v 0.01158656 -0.12340467 -0.03867970
v 0.01158473 -0.12340467 -0.03868053
v 0.01155687 -0.12340470 -0.03869333
v 0.01152713 -0.12340473 -0.03870695
v 0.01219494 -0.11332216 -0.03854505
v 0.01219494 -0.11332216 -0.03854505
v 0.01152713 -0.12340473 -0.03870695
v 0.01146760 -0.12340479 -0.03873407
v 0.01219494 -0.11332216 -0.03854505
v 0.01146760 -0.12340479 -0.03873407
v 0.01017126 -0.11368660 -0.03957448
v 0.01017126 -0.11368660 -0.03957448
v 0.01146760 -0.12340479 -0.03873407
v 0.01134837 -0.12340494 -0.03878793
v 0.01017126 -0.11368660 -0.03957448
v 0.01134837 -0.12340494 -0.03878793
v 0.01110917 -0.12340534 -0.03889395
v 0.02003743 -0.11191810 -0.03047675
v 0.01994323 -0.12336150 -0.03203010
v 0.01885307 -0.11212980 -0.03243616
v 0.01885307 -0.11212980 -0.03243616
v 0.01994323 -0.12336150 -0.03203010
v 0.01854615 -0.12336865 -0.03373348
v 0.01885307 -0.11212980 -0.03243616
v 0.01854615 -0.12336865 -0.03373348
v 0.01746535 -0.11237783 -0.03424929
v 0.01746535 -0.11237783 -0.03424929
v 0.01854615 -0.12336865 -0.03373348
v 0.01698503 -0.12338606 -0.03525364
v 0.01746535 -0.11237783 -0.03424929
v 0.01698503 -0.12338606 -0.03525364
v 0.01587688 -0.11266188 -0.03588469
v 0.01587688 -0.11266188 -0.03588469
v 0.01698503 -0.12338606 -0.03525364
v 0.01564359 -0.12339819 -0.03632282
v 0.01587688 -0.11266188 -0.03588469
v 0.01564359 -0.12339819 -0.03632282
v 0.01410741 -0.11297876 -0.03731918
v 0.02102870 -0.11174080 -0.02840889
v 0.02199396 -0.12335919 -0.02861085
v 0.02003743 -0.11191810 -0.03047675
v 0.02003743 -0.11191810 -0.03047675
v 0.02199396 -0.12335919 -0.02861085
v 0.02088497 -0.12336192 -0.03062911
v 0.02003743 -0.11191810 -0.03047675
v 0.02088497 -0.12336192 -0.03062911
v 0.01994323 -0.12336150 -0.03203010
v 0.02252027 -0.11147300 -0.02406269
v 0.02338664 -0.12334613 -0.02521013
v 0.02184660 -0.11159415 -0.02626943
v 0.02184660 -0.11159415 -0.02626943
v 0.02338664 -0.12334613 -0.02521013
v 0.02323159 -0.12334768 -0.02565521
v 0.02184660 -0.11159415 -0.02626943
v 0.02323159 -0.12334768 -0.02565521
v 0.02102870 -0.11174080 -0.02840889
v 0.02102870 -0.11174080 -0.02840889
v 0.02323159 -0.12334768 -0.02565521
v 0.02244681 -0.12335577 -0.02763460
v 0.02102870 -0.11174080 -0.02840889
v 0.02244681 -0.12335577 -0.02763460
v 0.02199396 -0.12335919 -0.02861085
v 0.02438330 -0.12334193 -0.02174238
v 0.02435582 -0.12334171 -0.02185570
v 0.02351359 -0.11129317 -0.01955783
v 0.02440710 -0.12334213 -0.02164317
v 0.02440371 -0.12334210 -0.02165734
v 0.02351359 -0.11129317 -0.01955783
v 0.02351359 -0.11129317 -0.01955783
v 0.02440371 -0.12334210 -0.02165734
v 0.02439693 -0.12334203 -0.02168570
v 0.02351359 -0.11129317 -0.01955783
v 0.02439693 -0.12334203 -0.02168570
v 0.02438330 -0.12334193 -0.02174238
v 0.02441048 -0.12334216 -0.02162900
v 0.02440964 -0.12334216 -0.02163253
v 0.02351359 -0.11129317 -0.01955783
v 0.02351359 -0.11129317 -0.01955783
v 0.02440964 -0.12334216 -0.02163253
v 0.02440879 -0.12334214 -0.02163607
v 0.02351359 -0.11129317 -0.01955783
v 0.02440879 -0.12334214 -0.02163607
v 0.02440710 -0.12334213 -0.02164317
v 0.02473532 -0.12334069 -0.02016333
v 0.02441048 -0.12334216 -0.02162900
v 0.02351359 -0.11129317 -0.01955783
v 0.02435582 -0.12334171 -0.02185570
v 0.02430001 -0.12334140 -0.02208214
v 0.02351359 -0.11129317 -0.01955783
v 0.02351359 -0.11129317 -0.01955783
v 0.02430001 -0.12334140 -0.02208214
v 0.02418487 -0.12334114 -0.02253406
v 0.02351359 -0.11129317 -0.01955783
v 0.02418487 -0.12334114 -0.02253406
v 0.02252027 -0.11147300 -0.02406269
v 0.02252027 -0.11147300 -0.02406269
v 0.02418487 -0.12334114 -0.02253406
v 0.02393991 -0.12334178 -0.02343364
v 0.02252027 -0.11147300 -0.02406269
v 0.02393991 -0.12334178 -0.02343364
v 0.02338664 -0.12334613 -0.02521013
v 0.02560125 -0.12333712 -0.01469193
v 0.02550182 -0.12333710 -0.01550035
v 0.02415274 -0.11117630 -0.01501392
v 0.02415274 -0.11117630 -0.01501392
v 0.02550182 -0.12333710 -0.01550035
v 0.02527938 -0.12333743 -0.01709393
v 0.02415274 -0.11117630 -0.01501392
v 0.02527938 -0.12333743 -0.01709393
v 0.02351359 -0.11129317 -0.01955783
v 0.02351359 -0.11129317 -0.01955783
v 0.02527938 -0.12333743 -0.01709393
v 0.02504013 -0.12333935 -0.01856080
v 0.02351359 -0.11129317 -0.01955783
v 0.02504013 -0.12333935 -0.01856080
v 0.02473532 -0.12334069 -0.02016333
v -0.00232638 -0.12343027 -0.04226068
v -0.00384075 -0.11705761 -0.04294500
v -0.00071788 -0.11566789 -0.04257798
v -0.00071788 -0.11566789 -0.04257798
v -0.00384075 -0.11705761 -0.04294500
v -0.00210709 -0.10286701 -0.04355028
v -0.00071788 -0.11566789 -0.04257798
v -0.00210709 -0.10286701 -0.04355028
v 0.00371138 -0.11485775 -0.04171600
v 0.00371138 -0.11485775 -0.04171600
v -0.00210709 -0.10286701 -0.04355028
v 0.00229150 -0.10212723 -0.04259013
v 0.00371138 -0.11485775 -0.04171600
v 0.00229150 -0.10212723 -0.04259013
v 0.00806284 -0.11406747 -0.04043160
v 0.00806284 -0.11406747 -0.04043160
v 0.00229150 -0.10212723 -0.04259013
v 0.00659257 -0.10140409 -0.04119500
v 0.00806284 -0.11406747 -0.04043160
v 0.00659257 -0.10140409 -0.04119500
v 0.01017126 -0.11368660 -0.03957448
v 0.01017126 -0.11368660 -0.03957448
v 0.00659257 -0.10140409 -0.04119500
v 0.00866865 -0.10105516 -0.04028062
v 0.01017126 -0.11368660 -0.03957448
v 0.00866865 -0.10105516 -0.04028062
v 0.01219494 -0.11332216 -0.03854505
v 0.02148471 -0.09861331 -0.02071885
v 0.02206794 -0.09891665 -0.01738351
v 0.02169039 -0.09887822 -0.01981003
v 0.02169039 -0.09887822 -0.01981003
v 0.02206794 -0.09891665 -0.01738351
v 0.02351359 -0.11129317 -0.01955783
v 0.02169039 -0.09887822 -0.01981003
v 0.02351359 -0.11129317 -0.01955783
v 0.02072654 -0.09903692 -0.02437634
v 0.02072654 -0.09903692 -0.02437634
v 0.02351359 -0.11129317 -0.01955783
v 0.02252027 -0.11147300 -0.02406269
v 0.02072654 -0.09903692 -0.02437634
v 0.02252027 -0.11147300 -0.02406269
v 0.02007227 -0.09914530 -0.02661593
v 0.02007227 -0.09914530 -0.02661593
v 0.02252027 -0.11147300 -0.02406269
v 0.02184660 -0.11159415 -0.02626943
v 0.02007227 -0.09914530 -0.02661593
v 0.02184660 -0.11159415 -0.02626943
v 0.01927796 -0.09927732 -0.02878847
v 0.01927796 -0.09927732 -0.02878847
v 0.02184660 -0.11159415 -0.02626943
v 0.02102870 -0.11174080 -0.02840889
v 0.01927796 -0.09927732 -0.02878847
v 0.02102870 -0.11174080 -0.02840889
v 0.01831434 -0.09943792 -0.03089239
v 0.01831434 -0.09943792 -0.03089239
v 0.02102870 -0.11174080 -0.02840889
v 0.02003743 -0.11191810 -0.03047675
v 0.01831434 -0.09943792 -0.03089239
v 0.02003743 -0.11191810 -0.03047675
v 0.01716213 -0.09963037 -0.03289056
v 0.01716213 -0.09963037 -0.03289056
v 0.02003743 -0.11191810 -0.03047675
v 0.01885307 -0.11212980 -0.03243616
v 0.01716213 -0.09963037 -0.03289056
v 0.01885307 -0.11212980 -0.03243616
v 0.01581064 -0.09985653 -0.03474586
v 0.01581064 -0.09985653 -0.03474586
v 0.01885307 -0.11212980 -0.03243616
v 0.01746535 -0.11237783 -0.03424929
v 0.01581064 -0.09985653 -0.03474586
v 0.01746535 -0.11237783 -0.03424929
v 0.01426080 -0.10011627 -0.03642805
v 0.01426080 -0.10011627 -0.03642805
v 0.01746535 -0.11237783 -0.03424929
v 0.01587688 -0.11266188 -0.03588469
v 0.01426080 -0.10011627 -0.03642805
v 0.01587688 -0.11266188 -0.03588469
v 0.01253010 -0.10040662 -0.03791424
v 0.01253010 -0.10040662 -0.03791424
v 0.01587688 -0.11266188 -0.03588469
v 0.01410741 -0.11297876 -0.03731918
v 0.01253010 -0.10040662 -0.03791424
v 0.01410741 -0.11297876 -0.03731918
v 0.01065594 -0.10072130 -0.03919480
v -0.00210709 -0.10286701 -0.04355028
v 0.00158578 -0.09588966 -0.04291714
v 0.00229150 -0.10212723 -0.04259013
v 0.00229150 -0.10212723 -0.04259013
v 0.00158578 -0.09588966 -0.04291714
v 0.00583869 -0.09521945 -0.04145036
v 0.00229150 -0.10212723 -0.04259013
v 0.00583869 -0.09521945 -0.04145036
v 0.00659257 -0.10140409 -0.04119500
v 0.00659257 -0.10140409 -0.04119500
v 0.00583869 -0.09521945 -0.04145036
v 0.00853224 -0.09189877 -0.04000448
v 0.00659257 -0.10140409 -0.04119500
v 0.00853224 -0.09189877 -0.04000448
v 0.00866865 -0.10105516 -0.04028062
v 0.00866865 -0.10105516 -0.04028062
v 0.00853224 -0.09189877 -0.04000448
v 0.01065594 -0.10072130 -0.03919480
v 0.00866865 -0.10105516 -0.04028062
v 0.01065594 -0.10072130 -0.03919480
v 0.01219494 -0.11332216 -0.03854505
v 0.01219494 -0.11332216 -0.03854505
v 0.01065594 -0.10072130 -0.03919480
v 0.01410741 -0.11297876 -0.03731918
v 0.01219494 -0.11332216 -0.03854505
v 0.01410741 -0.11297876 -0.03731918
v 0.01440032 -0.12339440 -0.03716553
v 0.01440032 -0.12339440 -0.03716553
v 0.01410741 -0.11297876 -0.03731918
v 0.01564359 -0.12339819 -0.03632282
v -0.00147345 -0.08671632 -0.04384488
v 0.00249531 -0.08877182 -0.04262615
v 0.00087994 -0.08971955 -0.04316551
v 0.00087994 -0.08971955 -0.04316551
v 0.00249531 -0.08877182 -0.04262615
v 0.00158578 -0.09588966 -0.04291714
v 0.00087994 -0.08971955 -0.04316551
v 0.00158578 -0.09588966 -0.04291714
v -0.00343664 -0.09033793 -0.04426827
v -0.00343664 -0.09033793 -0.04426827
v 0.00158578 -0.09588966 -0.04291714
v -0.00210709 -0.10286701 -0.04355028
v -0.00343664 -0.09033793 -0.04426827
v -0.00210709 -0.10286701 -0.04355028
v -0.00784366 -0.09096418 -0.04504791
v -0.00784366 -0.09096418 -0.04504791
v -0.00210709 -0.10286701 -0.04355028
v -0.00657279 -0.10361844 -0.04420958
v -0.00784366 -0.09096418 -0.04504791
v -0.00657279 -0.10361844 -0.04420958
v -0.01230057 -0.09159441 -0.04558609
v -0.01230057 -0.09159441 -0.04558609
v -0.00657279 -0.10361844 -0.04420958
v -0.01107273 -0.10437619 -0.04465254
v -0.01230057 -0.09159441 -0.04558609
v -0.01107273 -0.10437619 -0.04465254
v -0.01415443 -0.10448468 -0.04489196
v -0.01415443 -0.10448468 -0.04489196
v -0.01107273 -0.10437619 -0.04465254
v -0.00890494 -0.10448382 -0.04443018
v -0.02437503 -0.10985669 -0.04504528
v -0.02438292 -0.10448632 -0.04535117
v -0.01941247 -0.10448553 -0.04518760
v -0.02436229 -0.11851054 -0.04495696
v -0.02436947 -0.11362872 -0.04494381
v -0.01935844 -0.11400437 -0.04471569
v -0.02291950 -0.12339246 -0.04501811
v -0.02435510 -0.12338971 -0.04508689
v -0.02436229 -0.11851054 -0.04495696
v -0.02291950 -0.12339246 -0.04501811
v -0.02436229 -0.11851054 -0.04495696
v -0.02118885 -0.12339607 -0.04487434
v -0.02118885 -0.12339607 -0.04487434
v -0.02436229 -0.11851054 -0.04495696
v -0.01935844 -0.11400437 -0.04471569
v -0.02118885 -0.12339607 -0.04487434
v -0.01935844 -0.11400437 -0.04471569
v -0.01929658 -0.12340014 -0.04464024
v -0.01396742 -0.12341261 -0.04369265
v -0.01538366 -0.12340933 -0.04393695
v -0.01416032 -0.11400397 -0.04419884
v -0.01416032 -0.11400397 -0.04419884
v -0.01538366 -0.12340933 -0.04393695
v -0.01665446 -0.12340624 -0.04418004
v -0.01416032 -0.11400397 -0.04419884
v -0.01665446 -0.12340624 -0.04418004
v -0.01935844 -0.11400437 -0.04471569
v -0.01935844 -0.11400437 -0.04471569
v -0.01665446 -0.12340624 -0.04418004
v -0.01792586 -0.12340321 -0.04441956
v -0.01935844 -0.11400437 -0.04471569
v -0.01792586 -0.12340321 -0.04441956
v -0.01929658 -0.12340014 -0.04464024
v -0.01396742 -0.12341261 -0.04369265
v -0.01416032 -0.11400397 -0.04419884
v -0.01155065 -0.12341788 -0.04333607
v -0.01155065 -0.12341788 -0.04333607
v -0.01416032 -0.11400397 -0.04419884
v -0.00895557 -0.11400812 -0.04369949
v -0.01155065 -0.12341788 -0.04333607
v -0.00895557 -0.11400812 -0.04369949
v -0.01013938 -0.12342073 -0.04315480
v -0.01013938 -0.12342073 -0.04315480
v -0.00895557 -0.11400812 -0.04369949
v -0.00384075 -0.11705761 -0.04294500
v -0.01013938 -0.12342073 -0.04315480
v -0.00384075 -0.11705761 -0.04294500
v -0.00384055 -0.12343173 -0.04245224
v -0.00384198 -0.10448300 -0.04376547
v -0.00384075 -0.11705761 -0.04294500
v -0.00890494 -0.10448382 -0.04443018
v -0.00890494 -0.10448382 -0.04443018
v -0.00384075 -0.11705761 -0.04294500
v -0.00895557 -0.11400812 -0.04369949
v -0.00890494 -0.10448382 -0.04443018
v -0.00895557 -0.11400812 -0.04369949
v -0.01415443 -0.10448468 -0.04489196
v -0.01415443 -0.10448468 -0.04489196
v -0.00895557 -0.11400812 -0.04369949
v -0.01416032 -0.11400397 -0.04419884
v -0.01415443 -0.10448468 -0.04489196
v -0.01416032 -0.11400397 -0.04419884
v -0.01941247 -0.10448553 -0.04518760
v -0.01941247 -0.10448553 -0.04518760
v -0.01416032 -0.11400397 -0.04419884
v -0.01935844 -0.11400437 -0.04471569
v -0.01941247 -0.10448553 -0.04518760
v -0.01935844 -0.11400437 -0.04471569
v -0.02437503 -0.10985669 -0.04504528
v -0.02437503 -0.10985669 -0.04504528
v -0.01935844 -0.11400437 -0.04471569
v -0.02436947 -0.11362872 -0.04494381
v 0.01504134 -0.12388871 0.00016999
v 0.02582208 -0.12388721 0.00016999
v 0.01478258 -0.12388878 0.00474625
v 0.01478258 -0.12388878 0.00474625
v 0.02582208 -0.12388721 0.00016999
v 0.02573137 -0.12388703 0.00647272
v 0.01478258 -0.12388878 0.00474625
v 0.02573137 -0.12388703 0.00647272
v 0.01433590 -0.12388887 0.00767117
v 0.01433590 -0.12388887 0.00767117
v 0.02573137 -0.12388703 0.00647272
v 0.02539050 -0.12388711 0.01217964
v 0.01433590 -0.12388887 0.00767117
v 0.02539050 -0.12388711 0.01217964
v 0.01367429 -0.12388898 0.01055482
v 0.01367429 -0.12388898 0.01055482
v 0.02539050 -0.12388711 0.01217964
v 0.01281082 -0.12388914 0.01335458
v 0.02539050 -0.12388711 0.01217964
v 0.02457296 -0.12388729 0.01868198
v 0.01281082 -0.12388914 0.01335458
v 0.01281082 -0.12388914 0.01335458
v 0.02457296 -0.12388729 0.01868198
v 0.02454998 -0.12388729 0.01881478
v 0.01281082 -0.12388914 0.01335458
v 0.02454998 -0.12388729 0.01881478
v 0.01174307 -0.12388932 0.01608748
v 0.01174307 -0.12388932 0.01608748
v 0.02454998 -0.12388729 0.01881478
v 0.02392614 -0.12388740 0.02185361
v 0.01174307 -0.12388932 0.01608748
v 0.02392614 -0.12388740 0.02185361
v 0.01048717 -0.12388954 0.01871695
v 0.01048717 -0.12388954 0.01871695
v 0.02392614 -0.12388740 0.02185361
v 0.02358033 -0.12388746 0.02320106
v 0.01048717 -0.12388954 0.01871695
v 0.02358033 -0.12388746 0.02320106
v 0.02343130 -0.12388749 0.02373317
v -0.00502951 -0.12389211 0.03485796
v -0.00264867 -0.12389172 0.03337684
v 0.00343700 -0.12389079 0.04110147
v 0.02343130 -0.12388749 0.02373317
v 0.02285577 -0.12388759 0.02555971
v 0.01048717 -0.12388954 0.01871695
v 0.01048717 -0.12388954 0.01871695
v 0.02285577 -0.12388759 0.02555971
v 0.02199255 -0.12388774 0.02777627
v 0.01048717 -0.12388954 0.01871695
v 0.02199255 -0.12388774 0.02777627
v 0.00905076 -0.12388979 0.02123578
v 0.00905076 -0.12388979 0.02123578
v 0.02199255 -0.12388774 0.02777627
v 0.02096797 -0.12388792 0.02984611
v 0.00905076 -0.12388979 0.02123578
v 0.02096797 -0.12388792 0.02984611
v 0.00745003 -0.12389005 0.02362408
v 0.00745003 -0.12389005 0.02362408
v 0.02096797 -0.12388792 0.02984611
v 0.02064334 -0.12388796 0.03040809
v 0.00745003 -0.12389005 0.02362408
v 0.02064334 -0.12388796 0.03040809
v 0.02023615 -0.12388804 0.03106155
v 0.00343700 -0.12389079 0.04110147
v -0.00264867 -0.12389172 0.03337684
v 0.00632393 -0.12389032 0.04038911
v 0.00632393 -0.12389032 0.04038911
v -0.00264867 -0.12389172 0.03337684
v -0.00035144 -0.12389134 0.03171229
v 0.00632393 -0.12389032 0.04038911
v -0.00035144 -0.12389134 0.03171229
v 0.00703763 -0.12389021 0.04018213
v 0.00703763 -0.12389021 0.04018213
v -0.00035144 -0.12389134 0.03171229
v 0.00182539 -0.12389098 0.02988608
v 0.00703763 -0.12389021 0.04018213
v 0.00182539 -0.12389098 0.02988608
v 0.00739302 -0.12389015 0.04007377
v -0.01264601 -0.12389334 0.03823313
v -0.01003928 -0.12389293 0.03728906
v -0.00389984 -0.12389196 0.04229771
v -0.00389984 -0.12389196 0.04229771
v -0.01003928 -0.12389293 0.03728906
v -0.00750870 -0.12389252 0.03616887
v -0.00389984 -0.12389196 0.04229771
v -0.00750870 -0.12389252 0.03616887
v -0.00242541 -0.12389172 0.04211111
v -0.00242541 -0.12389172 0.04211111
v -0.00750870 -0.12389252 0.03616887
v -0.00502951 -0.12389211 0.03485796
v -0.00242541 -0.12389172 0.04211111
v -0.00502951 -0.12389211 0.03485796
v -0.00059946 -0.12389144 0.04184682
v -0.00059946 -0.12389144 0.04184682
v -0.00502951 -0.12389211 0.03485796
v 0.00343700 -0.12389079 0.04110147
v 0.01413430 -0.12388904 0.03708224
v 0.00381595 -0.12389065 0.02796299
v 0.00567162 -0.12389034 0.02590342
v 0.01413430 -0.12388904 0.03708224
v 0.00567162 -0.12389034 0.02590342
v 0.01414104 -0.12388904 0.03707812
v 0.01414104 -0.12388904 0.03707812
v 0.00567162 -0.12389034 0.02590342
v 0.01416258 -0.12388905 0.03706492
v 0.00915293 -0.12388986 0.03947930
v 0.00845265 -0.12388997 0.03972798
v 0.00182539 -0.12389098 0.02988608
v 0.00182539 -0.12389098 0.02988608
v 0.00845265 -0.12388997 0.03972798
v 0.00810061 -0.12389003 0.03984678
v 0.00182539 -0.12389098 0.02988608
v 0.00810061 -0.12389003 0.03984678
v 0.00739302 -0.12389015 0.04007377
v 0.01413430 -0.12388904 0.03708224
v 0.01137963 -0.12388949 0.03856479
v 0.00381595 -0.12389065 0.02796299
v 0.00381595 -0.12389065 0.02796299
v 0.01137963 -0.12388949 0.03856479
v 0.01137777 -0.12388949 0.03856565
v 0.00381595 -0.12389065 0.02796299
v 0.01137777 -0.12388949 0.03856565
v 0.00182539 -0.12389098 0.02988608
v 0.00182539 -0.12389098 0.02988608
v 0.01137777 -0.12388949 0.03856565
v 0.01027336 -0.12388968 0.03904428
v 0.00182539 -0.12389098 0.02988608
v 0.01027336 -0.12388968 0.03904428
v 0.00915293 -0.12388986 0.03947930
v 0.01590311 -0.12388876 0.03584868
v 0.01458944 -0.12388898 0.03679442
v 0.00567162 -0.12389034 0.02590342
v 0.00567162 -0.12389034 0.02590342
v 0.01458944 -0.12388898 0.03679442
v 0.01424856 -0.12388903 0.03701180
v 0.00567162 -0.12389034 0.02590342
v 0.01424856 -0.12388903 0.03701180
v 0.01416258 -0.12388905 0.03706492
v 0.02023615 -0.12388804 0.03106155
v 0.01895066 -0.12388825 0.03283082
v 0.00745003 -0.12389005 0.02362408
v 0.00745003 -0.12389005 0.02362408
v 0.01895066 -0.12388825 0.03283082
v 0.01750510 -0.12388849 0.03442903
v 0.00745003 -0.12389005 0.02362408
v 0.01750510 -0.12388849 0.03442903
v 0.00567162 -0.12389034 0.02590342
v 0.00567162 -0.12389034 0.02590342
v 0.01750510 -0.12388849 0.03442903
v 0.01653391 -0.12388866 0.03532781
v 0.00567162 -0.12389034 0.02590342
v 0.01653391 -0.12388866 0.03532781
v 0.01590311 -0.12388876 0.03584868
v -0.00389984 -0.12389196 0.04229771
v -0.01143469 -0.12389318 0.04315674
v -0.01264601 -0.12389334 0.03823313
v -0.01264601 -0.12389334 0.03823313
v -0.01143469 -0.12389318 0.04315674
v -0.01161716 -0.12389320 0.04318113
v -0.01264601 -0.12389334 0.03823313
v -0.01161716 -0.12389320 0.04318113
v -0.01527487 -0.12389377 0.03898514
v -0.01527487 -0.12389377 0.03898514
v -0.01161716 -0.12389320 0.04318113
v -0.01547390 -0.12389382 0.04378541
v -0.01527487 -0.12389377 0.03898514
v -0.01547390 -0.12389382 0.04378541
v -0.01795332 -0.12389420 0.03955659
v -0.01795332 -0.12389420 0.03955659
v -0.01547390 -0.12389382 0.04378541
v -0.01674991 -0.12389404 0.04402939
v -0.01795332 -0.12389420 0.03955659
v -0.01674991 -0.12389404 0.04402939
v -0.02063023 -0.12389463 0.03993968
v -0.02063023 -0.12389463 0.03993968
v -0.01674991 -0.12389404 0.04402939
v -0.01801316 -0.12389424 0.04426732
v -0.02063023 -0.12389463 0.03993968
v -0.01801316 -0.12389424 0.04426732
v -0.02332571 -0.12389506 0.04014098
v -0.02332571 -0.12389506 0.04014098
v -0.01801316 -0.12389424 0.04426732
v -0.02293299 -0.12389502 0.04485790
v -0.02332571 -0.12389506 0.04014098
v -0.02293299 -0.12389502 0.04485790
v -0.02435412 -0.12389524 0.04017563
v -0.02435412 -0.12389524 0.04017563
v -0.02293299 -0.12389502 0.04485790
v -0.02435434 -0.12389389 0.04492664
v 0.02041769 -0.09806920 0.00017048
v 0.02310440 -0.09945962 0.00017011
v 0.02306390 -0.09943802 -0.00438812
v 0.02041769 -0.09806920 0.00017048
v 0.02306390 -0.09943802 -0.00438812
v 0.01773098 -0.09667878 0.00017001
v 0.01504427 -0.09528837 0.00017014
v 0.01773098 -0.09667878 0.00017001
v 0.01496022 -0.09524236 -0.00244342
v 0.01496022 -0.09524236 -0.00244342
v 0.01773098 -0.09667878 0.00017001
v 0.02306390 -0.09943802 -0.00438812
v 0.01496022 -0.09524236 -0.00244342
v 0.02306390 -0.09943802 -0.00438812
v 0.01478254 -0.09514956 -0.00440622
v 0.01478254 -0.09514956 -0.00440622
v 0.02306390 -0.09943802 -0.00438812
v 0.02300729 -0.09940795 -0.00635941
v 0.01478254 -0.09514956 -0.00440622
v 0.02300729 -0.09940795 -0.00635941
v 0.01451042 -0.09500788 -0.00635527
v 0.01478258 -0.12388874 -0.00440628
v 0.01504134 -0.12388871 0.00016999
v 0.01504427 -0.09528837 0.00017014
v -0.01182687 -0.08138781 -0.03759762
v -0.01264601 -0.12389296 -0.03789315
v -0.01004152 -0.12389255 -0.03694999
v 0.01504427 -0.09528837 0.00017014
v 0.01496022 -0.09524236 -0.00244342
v 0.01478258 -0.12388874 -0.00440628
v 0.01478258 -0.12388874 -0.00440628
v 0.01496022 -0.09524236 -0.00244342
v 0.01478254 -0.09514956 -0.00440622
v 0.01478258 -0.12388874 -0.00440628
v 0.01478254 -0.09514956 -0.00440622
v 0.01433551 -0.12388878 -0.00733325
v 0.01433551 -0.12388878 -0.00733325
v 0.01478254 -0.09514956 -0.00440622
v 0.01451042 -0.09500788 -0.00635527
v 0.01433551 -0.12388878 -0.00733325
v 0.01451042 -0.09500788 -0.00635527
v 0.01367429 -0.12388889 -0.01021485
v 0.01367429 -0.12388889 -0.01021485
v 0.01451042 -0.09500788 -0.00635527
v 0.01367596 -0.09457422 -0.01019992
v 0.01367429 -0.12388889 -0.01021485
v 0.01367596 -0.09457422 -0.01019992
v 0.01280999 -0.12388901 -0.01301700
v 0.01280999 -0.12388901 -0.01301700
v 0.01367596 -0.09457422 -0.01019992
v 0.01280952 -0.09412445 -0.01300805
v 0.01280999 -0.12388901 -0.01301700
v 0.01280952 -0.09412445 -0.01300805
v 0.01174307 -0.12388916 -0.01574750
v 0.01174307 -0.12388916 -0.01574750
v 0.01280952 -0.09412445 -0.01300805
v 0.01174479 -0.09357204 -0.01573207
v 0.01174307 -0.12388916 -0.01574750
v 0.01174479 -0.09357204 -0.01573207
v 0.01049136 -0.12388936 -0.01836897
v 0.01049136 -0.12388936 -0.01836897
v 0.01174479 -0.09357204 -0.01573207
v 0.01048731 -0.09291986 -0.01836431
v 0.01049136 -0.12388936 -0.01836897
v 0.01048731 -0.09291986 -0.01836431
v 0.00905076 -0.12388957 -0.02089580
v 0.00905076 -0.12388957 -0.02089580
v 0.01048731 -0.09291986 -0.01836431
v 0.00905256 -0.09217594 -0.02087967
v 0.00905076 -0.12388957 -0.02089580
v 0.00905256 -0.09217594 -0.02087967
v 0.00744697 -0.12388981 -0.02328832
v 0.00744697 -0.12388981 -0.02328832
v 0.00905256 -0.09217594 -0.02087967
v 0.00743963 -0.09133978 -0.02328447
v 0.00744697 -0.12388981 -0.02328832
v 0.00743963 -0.09133978 -0.02328447
v 0.00567162 -0.12389008 -0.02556346
v 0.00567162 -0.12389008 -0.02556346
v 0.00743963 -0.09133978 -0.02328447
v 0.00567352 -0.09042440 -0.02554643
v 0.00567162 -0.12389008 -0.02556346
v 0.00567352 -0.09042440 -0.02554643
v 0.00381875 -0.12389038 -0.02762011
v 0.00381875 -0.12389038 -0.02762011
v 0.00567352 -0.09042440 -0.02554643
v 0.00381523 -0.08946133 -0.02760827
v 0.00381875 -0.12389038 -0.02762011
v 0.00381523 -0.08946133 -0.02760827
v 0.00182538 -0.12389068 -0.02954611
v 0.00182538 -0.12389068 -0.02954611
v 0.00381523 -0.08946133 -0.02760827
v 0.00182740 -0.08843128 -0.02952807
v 0.00182538 -0.12389068 -0.02954611
v 0.00182740 -0.08843128 -0.02952807
v -0.00035697 -0.12389102 -0.03137664
v -0.00035697 -0.12389102 -0.03137664
v 0.00182740 -0.08843128 -0.02952807
v -0.00035912 -0.08729837 -0.03136132
v -0.00035697 -0.12389102 -0.03137664
v -0.00035912 -0.08729837 -0.03136132
v -0.00264867 -0.12389138 -0.03303687
v -0.00264867 -0.12389138 -0.03303687
v -0.00035912 -0.08729837 -0.03136132
v -0.00264653 -0.08611328 -0.03301764
v -0.00264867 -0.12389138 -0.03303687
v -0.00264653 -0.08611328 -0.03301764
v -0.00502552 -0.12389176 -0.03451570
v -0.00502552 -0.12389176 -0.03451570
v -0.00264653 -0.08611328 -0.03301764
v -0.00502826 -0.08487943 -0.03449870
v -0.00502552 -0.12389176 -0.03451570
v -0.00502826 -0.08487943 -0.03449870
v -0.00750869 -0.12389215 -0.03582891
v -0.00750869 -0.12389215 -0.03582891
v -0.00502826 -0.08487943 -0.03449870
v -0.00750641 -0.08359574 -0.03580840
v -0.00750869 -0.12389215 -0.03582891
v -0.00750641 -0.08359574 -0.03580840
v -0.01004152 -0.12389255 -0.03694999
v -0.01004152 -0.12389255 -0.03694999
v -0.00750641 -0.08359574 -0.03580840
v -0.01110490 -0.08173182 -0.03733921
v -0.01004152 -0.12389255 -0.03694999
v -0.01110490 -0.08173182 -0.03733921
v -0.01182687 -0.08138781 -0.03759762
v -0.01532512 -0.08045783 -0.03863618
v -0.01703474 -0.08038736 -0.03902055
v -0.01527503 -0.12389337 -0.03864520
v -0.01527503 -0.12389337 -0.03864520
v -0.01703474 -0.08038736 -0.03902055
v -0.01795332 -0.12389380 -0.03921661
v -0.01182687 -0.08138781 -0.03759762
v -0.01263456 -0.08106983 -0.03786844
v -0.01264601 -0.12389296 -0.03789315
v -0.01264601 -0.12389296 -0.03789315
v -0.01263456 -0.08106983 -0.03786844
v -0.01341966 -0.08082297 -0.03811356
v -0.01264601 -0.12389296 -0.03789315
v -0.01341966 -0.08082297 -0.03811356
v -0.01527503 -0.12389337 -0.03864520
v -0.01527503 -0.12389337 -0.03864520
v -0.01341966 -0.08082297 -0.03811356
v -0.01508532 -0.08048648 -0.03857595
v -0.01527503 -0.12389337 -0.03864520
v -0.01508532 -0.08048648 -0.03857595
v -0.01532512 -0.08045783 -0.03863618
v -0.02127134 -0.08038653 -0.03964230
v -0.02441838 -0.08038619 -0.03981479
v -0.02441778 -0.08079852 -0.03981576
v -0.01703474 -0.08038736 -0.03902055
v -0.01795085 -0.08038721 -0.03919447
v -0.01795332 -0.12389380 -0.03921661
v -0.01795332 -0.12389380 -0.03921661
v -0.01795085 -0.08038721 -0.03919447
v -0.01911157 -0.08038697 -0.03938328
v -0.01795332 -0.12389380 -0.03921661
v -0.01911157 -0.08038697 -0.03938328
v -0.02063025 -0.12389422 -0.03959971
v -0.02063025 -0.12389422 -0.03959971
v -0.01911157 -0.08038697 -0.03938328
v -0.02127134 -0.08038653 -0.03964230
v -0.02063025 -0.12389422 -0.03959971
v -0.02127134 -0.08038653 -0.03964230
v -0.02332571 -0.12389466 -0.03980101
v -0.02332571 -0.12389466 -0.03980101
v -0.02127134 -0.08038653 -0.03964230
v -0.02441778 -0.08079852 -0.03981576
v -0.02332571 -0.12389466 -0.03980101
v -0.02441778 -0.08079852 -0.03981576
v -0.02435413 -0.12389482 -0.03983566
v 0.01451042 -0.09500788 -0.00635527
v 0.02300729 -0.09940795 -0.00635941
v 0.02281173 -0.09930469 -0.01019994
v 0.01451042 -0.09500788 -0.00635527
v 0.02281173 -0.09930469 -0.01019994
v 0.01367596 -0.09457422 -0.01019992
v 0.01367596 -0.09457422 -0.01019992
v 0.02281173 -0.09930469 -0.01019994
v 0.02250388 -0.09914380 -0.01387567
v 0.01367596 -0.09457422 -0.01019992
v 0.02250388 -0.09914380 -0.01387567
v 0.01280952 -0.09412445 -0.01300805
v 0.01280952 -0.09412445 -0.01300805
v 0.02250388 -0.09914380 -0.01387567
v 0.02206794 -0.09891665 -0.01738351
v 0.01280952 -0.09412445 -0.01300805
v 0.02206794 -0.09891665 -0.01738351
v 0.01174479 -0.09357204 -0.01573207
v -0.01110551 -0.08173029 -0.04036568
v -0.01110490 -0.08173182 -0.03733921
v -0.00750641 -0.08359574 -0.03580840
v 0.02206794 -0.09891665 -0.01738351
v 0.02148471 -0.09861331 -0.02071885
v 0.01174479 -0.09357204 -0.01573207
v 0.01174479 -0.09357204 -0.01573207
v 0.02148471 -0.09861331 -0.02071885
v 0.02105444 -0.09838974 -0.02263180
v 0.01174479 -0.09357204 -0.01573207
v 0.02105444 -0.09838974 -0.02263180
v 0.01048731 -0.09291986 -0.01836431
v 0.02105444 -0.09838974 -0.02263180
v 0.02036352 -0.09803098 -0.02511903
v 0.01048731 -0.09291986 -0.01836431
v 0.01048731 -0.09291986 -0.01836431
v 0.02036352 -0.09803098 -0.02511903
v 0.01953782 -0.09760249 -0.02747187
v 0.01048731 -0.09291986 -0.01836431
v 0.01953782 -0.09760249 -0.02747187
v 0.00905256 -0.09217594 -0.02087967
v 0.00905256 -0.09217594 -0.02087967
v 0.01953782 -0.09760249 -0.02747187
v 0.01855989 -0.09709522 -0.02968664
v 0.00905256 -0.09217594 -0.02087967
v 0.01855989 -0.09709522 -0.02968664
v 0.00743963 -0.09133978 -0.02328447
v 0.01855989 -0.09709522 -0.02968664
v 0.01761375 -0.09660460 -0.03143257
v 0.00743963 -0.09133978 -0.02328447
v 0.00743963 -0.09133978 -0.02328447
v 0.01761375 -0.09660460 -0.03143257
v 0.01634835 -0.09594861 -0.03334121
v 0.00743963 -0.09133978 -0.02328447
v 0.01634835 -0.09594861 -0.03334121
v 0.00567352 -0.09042440 -0.02554643
v 0.01634835 -0.09594861 -0.03334121
v 0.01492913 -0.09521306 -0.03507220
v 0.00567352 -0.09042440 -0.02554643
v 0.00567352 -0.09042440 -0.02554643
v 0.01492913 -0.09521306 -0.03507220
v 0.01333865 -0.09438886 -0.03664976
v 0.00567352 -0.09042440 -0.02554643
v 0.01333865 -0.09438886 -0.03664976
v 0.00381523 -0.08946133 -0.02760827
v 0.01333865 -0.09438886 -0.03664976
v 0.01279760 -0.09410852 -0.03711883
v 0.00381523 -0.08946133 -0.02760827
v 0.00381523 -0.08946133 -0.02760827
v 0.01279760 -0.09410852 -0.03711883
v 0.01078246 -0.09306449 -0.03863673
v 0.00381523 -0.08946133 -0.02760827
v 0.01078246 -0.09306449 -0.03863673
v 0.00182740 -0.08843128 -0.02952807
v 0.00182740 -0.08843128 -0.02952807
v 0.01078246 -0.09306449 -0.03863673
v 0.00853224 -0.09189877 -0.04000448
v 0.00182740 -0.08843128 -0.02952807
v 0.00853224 -0.09189877 -0.04000448
v -0.00035912 -0.08729837 -0.03136132
v 0.00853224 -0.09189877 -0.04000448
v 0.00600482 -0.09058958 -0.04124927
v -0.00035912 -0.08729837 -0.03136132
v -0.00035912 -0.08729837 -0.03136132
v 0.00600482 -0.09058958 -0.04124927
v 0.00553760 -0.09034757 -0.04145325
v -0.00035912 -0.08729837 -0.03136132
v 0.00553760 -0.09034757 -0.04145325
v -0.00264653 -0.08611328 -0.03301764
v -0.00264653 -0.08611328 -0.03301764
v 0.00553760 -0.09034757 -0.04145325
v 0.00249531 -0.08877182 -0.04262615
v -0.00264653 -0.08611328 -0.03301764
v 0.00249531 -0.08877182 -0.04262615
v -0.00502826 -0.08487943 -0.03449870
v -0.00502826 -0.08487943 -0.03449870
v 0.00249531 -0.08877182 -0.04262615
v -0.00147345 -0.08671632 -0.04384488
v -0.00502826 -0.08487943 -0.03449870
v -0.00147345 -0.08671632 -0.04384488
v -0.00750641 -0.08359574 -0.03580840
v -0.00750641 -0.08359574 -0.03580840
v -0.00147345 -0.08671632 -0.04384488
v -0.00590701 -0.08442020 -0.04491522
v -0.00750641 -0.08359574 -0.03580840
v -0.00590701 -0.08442020 -0.04491522
v -0.01110551 -0.08173029 -0.04036568
v -0.01110551 -0.08173029 -0.04036568
v -0.00590701 -0.08442020 -0.04491522
v -0.00859712 -0.08302706 -0.04545030
v -0.01110551 -0.08173029 -0.04036568
v -0.00859712 -0.08302706 -0.04545030
v -0.01110662 -0.08172748 -0.04588555
v -0.02441840 -0.08038246 -0.04711538
v -0.02441778 -0.08079850 -0.04709043
v -0.02441840 -0.08038356 -0.04498235
v -0.02441840 -0.08038356 -0.04498235
v -0.02441778 -0.08079850 -0.04709043
v -0.02441778 -0.08079852 -0.03981576
v -0.02441840 -0.08038356 -0.04498235
v -0.02441778 -0.08079852 -0.03981576
v -0.02441838 -0.08038619 -0.03981479
v -0.01182687 -0.08138781 -0.03759762
v -0.01110490 -0.08173182 -0.03733921
v -0.01110551 -0.08173029 -0.04036568
v -0.01182687 -0.08138781 -0.03759762
v -0.01110551 -0.08173029 -0.04036568
v -0.01263456 -0.08106983 -0.03786844
v -0.01110551 -0.08173029 -0.04036568
v -0.01262695 -0.08107121 -0.04091134
v -0.01263456 -0.08106983 -0.03786844
v -0.01263456 -0.08106983 -0.03786844
v -0.01262695 -0.08107121 -0.04091134
v -0.01423573 -0.08062576 -0.04161502
v -0.01263456 -0.08106983 -0.03786844
v -0.01423573 -0.08062576 -0.04161502
v -0.01341966 -0.08082297 -0.03811356
v -0.01590399 -0.08040653 -0.04238376
v -0.01532512 -0.08045783 -0.03863618
v -0.01423573 -0.08062576 -0.04161502
v -0.01423573 -0.08062576 -0.04161502
v -0.01532512 -0.08045783 -0.03863618
v -0.01508532 -0.08048648 -0.03857595
v -0.01423573 -0.08062576 -0.04161502
v -0.01508532 -0.08048648 -0.03857595
v -0.01341966 -0.08082297 -0.03811356
v -0.02127134 -0.08038653 -0.03964230
v -0.01911157 -0.08038697 -0.03938328
v -0.01759889 -0.08038649 -0.04314008
v -0.01759889 -0.08038649 -0.04314008
v -0.01911157 -0.08038697 -0.03938328
v -0.01795085 -0.08038721 -0.03919447
v -0.01759889 -0.08038649 -0.04314008
v -0.01795085 -0.08038721 -0.03919447
v -0.01590399 -0.08040653 -0.04238376
v -0.01590399 -0.08040653 -0.04238376
v -0.01795085 -0.08038721 -0.03919447
v -0.01703474 -0.08038736 -0.03902055
v -0.01590399 -0.08040653 -0.04238376
v -0.01703474 -0.08038736 -0.03902055
v -0.01532512 -0.08045783 -0.03863618
v -0.01759889 -0.08038649 -0.04314008
v -0.02100683 -0.08038410 -0.04439448
v -0.02127134 -0.08038653 -0.03964230
v -0.02127134 -0.08038653 -0.03964230
v -0.02100683 -0.08038410 -0.04439448
v -0.02441840 -0.08038356 -0.04498235
v -0.02127134 -0.08038653 -0.03964230
v -0.02441840 -0.08038356 -0.04498235
v -0.02441838 -0.08038619 -0.03981479
v -0.02437503 -0.10985669 -0.04504528
v -0.02435413 -0.12389482 -0.03983566
v -0.02438292 -0.10448632 -0.04535117
v -0.02438292 -0.10448632 -0.04535117
v -0.02435413 -0.12389482 -0.03983566
v -0.02441778 -0.08079852 -0.03981576
v -0.02438292 -0.10448632 -0.04535117
v -0.02441778 -0.08079852 -0.03981576
v -0.02439622 -0.09544988 -0.04608236
v -0.02439622 -0.09544988 -0.04608236
v -0.02441778 -0.08079852 -0.03981576
v -0.02441778 -0.08079850 -0.04709043
v -0.02435510 -0.12338971 -0.04508689
v -0.02435435 -0.12389344 -0.04458667
v -0.02436229 -0.11851054 -0.04495696
v -0.02436229 -0.11851054 -0.04495696
v -0.02435435 -0.12389344 -0.04458667
v -0.02435413 -0.12389482 -0.03983566
v -0.02436229 -0.11851054 -0.04495696
v -0.02435413 -0.12389482 -0.03983566
v -0.02436947 -0.11362872 -0.04494381
v -0.02436947 -0.11362872 -0.04494381
v -0.02435413 -0.12389482 -0.03983566
v -0.02437503 -0.10985669 -0.04504528
v 0.02308547 -0.09944954 0.00341627
v 0.02300730 -0.09940801 0.00669964
v 0.02479819 -0.11142065 0.00662169
v 0.02631547 -0.12333445 0.00165692
v 0.02631885 -0.12333451 0.00017000
v 0.02506244 -0.11272363 0.00017001
v 0.02622802 -0.12333482 0.00649097
v 0.02631547 -0.12333445 0.00165692
v 0.02479819 -0.11142065 0.00662169
v 0.02479819 -0.11142065 0.00662169
v 0.02631547 -0.12333445 0.00165692
v 0.02506244 -0.11272363 0.00017001
v 0.02479819 -0.11142065 0.00662169
v 0.02506244 -0.11272363 0.00017001
v 0.02308547 -0.09944954 0.00341627
v 0.02308547 -0.09944954 0.00341627
v 0.02506244 -0.11272363 0.00017001
v 0.02353130 -0.10211340 0.00017008
v 0.02308547 -0.09944954 0.00341627
v 0.02353130 -0.10211340 0.00017008
v 0.02310440 -0.09945962 0.00017011
v 0.01773098 -0.09667878 0.00017001
v 0.01504427 -0.09528837 0.00017014
v 0.01499721 -0.09526183 0.00214237
v 0.02308547 -0.09944954 0.00341627
v 0.02310440 -0.09945962 0.00017011
v 0.02041769 -0.09806920 0.00017048
v 0.01773098 -0.09667878 0.00017001
v 0.01499721 -0.09526183 0.00214237
v 0.02041769 -0.09806920 0.00017048
v 0.02041769 -0.09806920 0.00017048
v 0.01499721 -0.09526183 0.00214237
v 0.02308547 -0.09944954 0.00341627
v 0.02308547 -0.09944954 0.00341627
v 0.01499721 -0.09526183 0.00214237
v 0.01485100 -0.09518530 0.00410847
v 0.02308547 -0.09944954 0.00341627
v 0.01485100 -0.09518530 0.00410847
v 0.02300730 -0.09940801 0.00669964
v 0.02300730 -0.09940801 0.00669964
v 0.01485100 -0.09518530 0.00410847
v 0.01478415 -0.09515045 0.00473245
v 0.02300730 -0.09940801 0.00669964
v 0.01478415 -0.09515045 0.00473245
v 0.01451042 -0.09500794 0.00669554
v -0.02441778 -0.08079893 0.04015618
v -0.02441838 -0.08038660 0.04015521
v -0.02239130 -0.08038680 0.04007040
v 0.01504427 -0.09528837 0.00017014
v 0.01504134 -0.12388871 0.00016999
v 0.01499721 -0.09526183 0.00214237
v 0.01499721 -0.09526183 0.00214237
v 0.01504134 -0.12388871 0.00016999
v 0.01478258 -0.12388878 0.00474625
v 0.01451042 -0.09500794 0.00669554
v 0.01478415 -0.09515045 0.00473245
v 0.01478258 -0.12388878 0.00474625
v 0.01478258 -0.12388878 0.00474625
v 0.01478415 -0.09515045 0.00473245
v 0.01485100 -0.09518530 0.00410847
v 0.01478258 -0.12388878 0.00474625
v 0.01485100 -0.09518530 0.00410847
v 0.01499721 -0.09526183 0.00214237
v 0.01478258 -0.12388878 0.00474625
v 0.01433590 -0.12388887 0.00767117
v 0.01451042 -0.09500794 0.00669554
v 0.01451042 -0.09500794 0.00669554
v 0.01433590 -0.12388887 0.00767117
v 0.01367429 -0.12388898 0.01055482
v 0.01451042 -0.09500794 0.00669554
v 0.01367429 -0.12388898 0.01055482
v 0.01367596 -0.09457434 0.01054020
v 0.01367596 -0.09457434 0.01054020
v 0.01367429 -0.12388898 0.01055482
v 0.01280917 -0.09412440 0.01334934
v 0.01367429 -0.12388898 0.01055482
v 0.01281082 -0.12388914 0.01335458
v 0.01280917 -0.09412440 0.01334934
v 0.01280917 -0.09412440 0.01334934
v 0.01281082 -0.12388914 0.01335458
v 0.01174307 -0.12388932 0.01608748
v 0.01280917 -0.09412440 0.01334934
v 0.01174307 -0.12388932 0.01608748
v 0.01174479 -0.09357219 0.01607236
v 0.01174479 -0.09357219 0.01607236
v 0.01174307 -0.12388932 0.01608748
v 0.01048717 -0.12388954 0.01871695
v 0.01174479 -0.09357219 0.01607236
v 0.01048717 -0.12388954 0.01871695
v 0.01048978 -0.09292132 0.01869988
v 0.01048978 -0.09292132 0.01869988
v 0.01048717 -0.12388954 0.01871695
v 0.00905076 -0.12388979 0.02123578
v 0.01048978 -0.09292132 0.01869988
v 0.00905076 -0.12388979 0.02123578
v 0.00905256 -0.09217615 0.02121996
v 0.00905256 -0.09217615 0.02121996
v 0.00905076 -0.12388979 0.02123578
v 0.00745003 -0.12389005 0.02362408
v 0.00905256 -0.09217615 0.02121996
v 0.00745003 -0.12389005 0.02362408
v 0.00743656 -0.09133843 0.02362899
v 0.00743656 -0.09133843 0.02362899
v 0.00745003 -0.12389005 0.02362408
v 0.00567162 -0.12389034 0.02590342
v 0.00743656 -0.09133843 0.02362899
v 0.00567162 -0.12389034 0.02590342
v 0.00567353 -0.09042466 0.02588675
v 0.00567353 -0.09042466 0.02588675
v 0.00567162 -0.12389034 0.02590342
v 0.00381595 -0.12389065 0.02796299
v 0.00567353 -0.09042466 0.02588675
v 0.00381595 -0.12389065 0.02796299
v 0.00381735 -0.08946272 0.02794639
v 0.00381735 -0.08946272 0.02794639
v 0.00381595 -0.12389065 0.02796299
v 0.00182539 -0.12389098 0.02988608
v 0.00381735 -0.08946272 0.02794639
v 0.00182539 -0.12389098 0.02988608
v 0.00182740 -0.08843158 0.02986841
v 0.00182740 -0.08843158 0.02986841
v 0.00182539 -0.12389098 0.02988608
v -0.00035144 -0.12389134 0.03171229
v 0.00182740 -0.08843158 0.02986841
v -0.00035144 -0.12389134 0.03171229
v -0.00036406 -0.08729613 0.03170551
v -0.00036406 -0.08729613 0.03170551
v -0.00035144 -0.12389134 0.03171229
v -0.00264867 -0.12389172 0.03337684
v -0.00036406 -0.08729613 0.03170551
v -0.00264867 -0.12389172 0.03337684
v -0.00264652 -0.08611362 0.03335800
v -0.00264652 -0.08611362 0.03335800
v -0.00264867 -0.12389172 0.03337684
v -0.00502951 -0.12389211 0.03485796
v -0.00264652 -0.08611362 0.03335800
v -0.00502951 -0.12389211 0.03485796
v -0.00503512 -0.08487623 0.03484301
v -0.00503512 -0.08487623 0.03484301
v -0.00502951 -0.12389211 0.03485796
v -0.00750870 -0.12389252 0.03616887
v -0.00503512 -0.08487623 0.03484301
v -0.00750870 -0.12389252 0.03616887
v -0.00750641 -0.08359610 0.03614878
v -0.00750641 -0.08359610 0.03614878
v -0.00750870 -0.12389252 0.03616887
v -0.01110490 -0.08173221 0.03767961
v -0.01110490 -0.08173221 0.03767961
v -0.00750870 -0.12389252 0.03616887
v -0.01003928 -0.12389293 0.03728906
v -0.01110490 -0.08173221 0.03767961
v -0.01003928 -0.12389293 0.03728906
v -0.01237053 -0.08116679 0.03812242
v -0.01237053 -0.08116679 0.03812242
v -0.01003928 -0.12389293 0.03728906
v -0.01264601 -0.12389334 0.03823313
v -0.01237053 -0.08116679 0.03812242
v -0.01264601 -0.12389334 0.03823313
v -0.01263922 -0.08106858 0.03821036
v -0.01263922 -0.08106858 0.03821036
v -0.01264601 -0.12389334 0.03823313
v -0.01398111 -0.08068226 0.03861849
v -0.01398111 -0.08068226 0.03861849
v -0.01264601 -0.12389334 0.03823313
v -0.01527487 -0.12389377 0.03898514
v -0.01398111 -0.08068226 0.03861849
v -0.01527487 -0.12389377 0.03898514
v -0.01575473 -0.08041862 0.03908059
v -0.01575473 -0.08041862 0.03908059
v -0.01527487 -0.12389377 0.03898514
v -0.01778886 -0.08038800 0.03950574
v -0.01778886 -0.08038800 0.03950574
v -0.01527487 -0.12389377 0.03898514
v -0.01795332 -0.12389420 0.03955659
v -0.01778886 -0.08038800 0.03950574
v -0.01795332 -0.12389420 0.03955659
v -0.01795085 -0.08038761 0.03953489
v -0.02435412 -0.12389524 0.04017563
v -0.02441778 -0.08079893 0.04015618
v -0.02332571 -0.12389506 0.04014098
v -0.02332571 -0.12389506 0.04014098
v -0.02441778 -0.08079893 0.04015618
v -0.02239130 -0.08038680 0.04007040
v -0.02332571 -0.12389506 0.04014098
v -0.02239130 -0.08038680 0.04007040
v -0.02063023 -0.12389463 0.03993968
v -0.02063023 -0.12389463 0.03993968
v -0.02239130 -0.08038680 0.04007040
v -0.02097199 -0.08038697 0.03995392
v -0.02063023 -0.12389463 0.03993968
v -0.02097199 -0.08038697 0.03995392
v -0.01795332 -0.12389420 0.03955659
v -0.01795332 -0.12389420 0.03955659
v -0.02097199 -0.08038697 0.03995392
v -0.01925479 -0.08038732 0.03974458
v -0.01795332 -0.12389420 0.03955659
v -0.01925479 -0.08038732 0.03974458
v -0.01795085 -0.08038761 0.03953489
v 0.02616365 -0.12333382 0.00801595
v 0.02622802 -0.12333482 0.00649097
v 0.02479819 -0.11142065 0.00662169
v -0.00744802 -0.08362261 0.04557141
v -0.00784367 -0.09096465 0.04538822
v -0.00343664 -0.09033839 0.04460859
v -0.00384199 -0.10448344 0.04410565
v -0.00384058 -0.10879251 0.04385060
v -0.00071788 -0.11566832 0.04291804
v -0.00071788 -0.11566832 0.04291804
v -0.00384058 -0.10879251 0.04385060
v -0.00384055 -0.12343216 0.04279222
v -0.00071788 -0.11566832 0.04291804
v -0.00384055 -0.12343216 0.04279222
v 0.00016479 -0.12342770 0.04222935
v -0.00071788 -0.11566832 0.04291804
v -0.00210709 -0.10286745 0.04389047
v -0.00384199 -0.10448344 0.04410565
v -0.00384199 -0.10448344 0.04410565
v -0.00210709 -0.10286745 0.04389047
v -0.00657279 -0.10361888 0.04454976
v -0.00384199 -0.10448344 0.04410565
v -0.00657279 -0.10361888 0.04454976
v -0.00890494 -0.10448427 0.04477036
v -0.00890494 -0.10448427 0.04477036
v -0.00657279 -0.10361888 0.04454976
v -0.01107273 -0.10437665 0.04499272
v -0.00890494 -0.10448427 0.04477036
v -0.01107273 -0.10437665 0.04499272
v -0.01415443 -0.10448514 0.04523213
v -0.01677750 -0.09222509 0.04628280
v -0.02440447 -0.08984548 0.04683713
v -0.02438292 -0.10448679 0.04569134
v -0.01689705 -0.08038298 0.04696174
v -0.01899881 -0.08038361 0.04713919
v -0.01677750 -0.09222509 0.04628280
v -0.01677750 -0.09222509 0.04628280
v -0.01899881 -0.08038361 0.04713919
v -0.01950006 -0.08038350 0.04717663
v -0.01950006 -0.08038350 0.04717663
v -0.02000144 -0.08038335 0.04721227
v -0.01677750 -0.09222509 0.04628280
v -0.01677750 -0.09222509 0.04628280
v -0.02000144 -0.08038335 0.04721227
v -0.02050294 -0.08038330 0.04724617
v -0.01677750 -0.09222509 0.04628280
v -0.02050294 -0.08038330 0.04724617
v -0.02440447 -0.08984548 0.04683713
v -0.02050294 -0.08038330 0.04724617
v -0.02100455 -0.08038326 0.04727839
v -0.02440447 -0.08984548 0.04683713
v -0.02440447 -0.08984548 0.04683713
v -0.02100455 -0.08038326 0.04727839
v -0.02125540 -0.08038322 0.04729387
v -0.02440447 -0.08984548 0.04683713
v -0.02125540 -0.08038322 0.04729387
v -0.02175716 -0.08038316 0.04732363
v -0.02175716 -0.08038316 0.04732363
v -0.02225902 -0.08038310 0.04735180
v -0.02440447 -0.08984548 0.04683713
v -0.02440447 -0.08984548 0.04683713
v -0.02225902 -0.08038310 0.04735180
v -0.02250999 -0.08038308 0.04736530
v -0.02440447 -0.08984548 0.04683713
v -0.02250999 -0.08038308 0.04736530
v -0.02301197 -0.08038304 0.04739115
v -0.02301197 -0.08038304 0.04739115
v -0.02351402 -0.08038300 0.04741552
v -0.02440447 -0.08984548 0.04683713
v -0.02440447 -0.08984548 0.04683713
v -0.02351402 -0.08038300 0.04741552
v -0.02376508 -0.08038298 0.04742716
v -0.02440447 -0.08984548 0.04683713
v -0.02376508 -0.08038298 0.04742716
v -0.02441778 -0.08079897 0.04743084
v -0.02441778 -0.08079897 0.04743084
v -0.02376508 -0.08038298 0.04742716
v -0.02441840 -0.08038294 0.04745578
v -0.01169802 -0.08144189 0.04631988
v -0.01329708 -0.08085445 0.04655244
v -0.01230057 -0.09159488 0.04592640
v -0.01230057 -0.09159488 0.04592640
v -0.01329708 -0.08085445 0.04655244
v -0.01497197 -0.08049818 0.04676250
v -0.01230057 -0.09159488 0.04592640
v -0.01497197 -0.08049818 0.04676250
v -0.01677750 -0.09222509 0.04628280
v -0.01677750 -0.09222509 0.04628280
v -0.01497197 -0.08049818 0.04676250
v -0.01517553 -0.08047166 0.04678570
v -0.01677750 -0.09222509 0.04628280
v -0.01517553 -0.08047166 0.04678570
v -0.01689705 -0.08038298 0.04696174
v -0.00784367 -0.09096465 0.04538822
v -0.00744802 -0.08362261 0.04557141
v -0.01230057 -0.09159488 0.04592640
v -0.01230057 -0.09159488 0.04592640
v -0.00744802 -0.08362261 0.04557141
v -0.01110662 -0.08172796 0.04622595
v -0.01230057 -0.09159488 0.04592640
v -0.01110662 -0.08172796 0.04622595
v -0.01169802 -0.08144189 0.04631988
v 0.00253195 -0.08879123 0.04295378
v -0.00062052 -0.08715850 0.04394712
v 0.00087994 -0.08971999 0.04350583
v 0.00087994 -0.08971999 0.04350583
v -0.00062052 -0.08715850 0.04394712
v -0.00395018 -0.08543407 0.04481523
v 0.00583868 -0.09521987 0.04179063
v 0.00253195 -0.08879123 0.04295378
v 0.00158579 -0.09589009 0.04325740
v 0.00158579 -0.09589009 0.04325740
v 0.00253195 -0.08879123 0.04295378
v 0.00087994 -0.08971999 0.04350583
v 0.00158579 -0.09589009 0.04325740
v 0.00087994 -0.08971999 0.04350583
v -0.00343664 -0.09033839 0.04460859
v -0.00343664 -0.09033839 0.04460859
v 0.00087994 -0.08971999 0.04350583
v -0.00395018 -0.08543407 0.04481523
v -0.00343664 -0.09033839 0.04460859
v -0.00395018 -0.08543407 0.04481523
v -0.00744802 -0.08362261 0.04557141
v 0.00817554 -0.09171441 0.04053678
v 0.00601694 -0.09059628 0.04158420
v 0.00583868 -0.09521987 0.04179063
v 0.00583868 -0.09521987 0.04179063
v 0.00601694 -0.09059628 0.04158420
v 0.00550302 -0.09033009 0.04180839
v 0.00583868 -0.09521987 0.04179063
v 0.00550302 -0.09033009 0.04180839
v 0.00253195 -0.08879123 0.04295378
v 0.01932396 -0.09749182 0.02834083
v 0.01820709 -0.09691259 0.03071640
v 0.01831434 -0.09943825 0.03123261
v 0.01831434 -0.09943825 0.03123261
v 0.01927796 -0.09927762 0.02912869
v 0.01932396 -0.09749182 0.02834083
v 0.01932396 -0.09749182 0.02834083
v 0.01927796 -0.09927762 0.02912869
v 0.02007227 -0.09914558 0.02695616
v 0.01932396 -0.09749182 0.02834083
v 0.02007227 -0.09914558 0.02695616
v 0.02027602 -0.09798583 0.02573600
v 0.02027602 -0.09798583 0.02573600
v 0.02007227 -0.09914558 0.02695616
v 0.02072654 -0.09903716 0.02471657
v 0.02027602 -0.09798583 0.02573600
v 0.02072654 -0.09903716 0.02471657
v 0.02108511 -0.09840591 0.02284676
v 0.02108511 -0.09840591 0.02284676
v 0.02072654 -0.09903716 0.02471657
v 0.02126795 -0.09850088 0.02206697
v 0.02126795 -0.09850088 0.02206697
v 0.02072654 -0.09903716 0.02471657
v 0.02169039 -0.09887841 0.02015025
v 0.02126795 -0.09850088 0.02206697
v 0.02169039 -0.09887841 0.02015025
v 0.02191930 -0.09883948 0.01868162
v 0.02479819 -0.11142065 0.00662169
v 0.02300730 -0.09940801 0.00669964
v 0.02286622 -0.09933335 0.00966984
v 0.02479819 -0.11142065 0.00662169
v 0.02286622 -0.09933335 0.00966984
v 0.02415274 -0.11117645 0.01535402
v 0.02616365 -0.12333382 0.00801595
v 0.02479819 -0.11142065 0.00662169
v 0.02609992 -0.12333441 0.00921688
v 0.02609992 -0.12333441 0.00921688
v 0.02479819 -0.11142065 0.00662169
v 0.02570496 -0.12333724 0.01410619
v 0.02570496 -0.12333724 0.01410619
v 0.02479819 -0.11142065 0.00662169
v 0.02415274 -0.11117645 0.01535402
v 0.02570496 -0.12333724 0.01410619
v 0.02415274 -0.11117645 0.01535402
v 0.02561830 -0.12333726 0.01488600
v 0.02561830 -0.12333726 0.01488600
v 0.02415274 -0.11117645 0.01535402
v 0.02351359 -0.11129337 0.01989793
v 0.02561830 -0.12333726 0.01488600
v 0.02351359 -0.11129337 0.01989793
v 0.02504013 -0.12333956 0.01890079
v 0.02504013 -0.12333956 0.01890079
v 0.02351359 -0.11129337 0.01989793
v 0.02441048 -0.12334239 0.02196897
v 0.02441048 -0.12334239 0.02196897
v 0.02351359 -0.11129337 0.01989793
v 0.02252028 -0.11147324 0.02440280
v 0.02441048 -0.12334239 0.02196897
v 0.02252028 -0.11147324 0.02440280
v 0.02403791 -0.12334160 0.02342324
v 0.02403791 -0.12334160 0.02342324
v 0.02252028 -0.11147324 0.02440280
v 0.02389773 -0.12334225 0.02392079
v 0.02389773 -0.12334225 0.02392079
v 0.02252028 -0.11147324 0.02440280
v 0.02184660 -0.11159442 0.02660954
v 0.02389773 -0.12334225 0.02392079
v 0.02184660 -0.11159442 0.02660954
v 0.02299838 -0.12335042 0.02662796
v 0.02299838 -0.12335042 0.02662796
v 0.02184660 -0.11159442 0.02660954
v 0.02102870 -0.11174109 0.02874900
v 0.02299838 -0.12335042 0.02662796
v 0.02102870 -0.11174109 0.02874900
v 0.02193441 -0.12335984 0.02907178
v 0.02193441 -0.12335984 0.02907178
v 0.02102870 -0.11174109 0.02874900
v 0.02003743 -0.11191841 0.03081684
v 0.02193441 -0.12335984 0.02907178
v 0.02003743 -0.11191841 0.03081684
v 0.02120889 -0.12336218 0.03042664
v 0.02120889 -0.12336218 0.03042664
v 0.02003743 -0.11191841 0.03081684
v 0.02107081 -0.12336226 0.03066217
v 0.02107081 -0.12336226 0.03066217
v 0.02003743 -0.11191841 0.03081684
v 0.01885307 -0.11213014 0.03277627
v 0.02107081 -0.12336226 0.03066217
v 0.01885307 -0.11213014 0.03277627
v 0.01995668 -0.12336181 0.03235170
v 0.01995668 -0.12336181 0.03235170
v 0.01885307 -0.11213014 0.03277627
v 0.01746535 -0.11237818 0.03458939
v 0.01995668 -0.12336181 0.03235170
v 0.01746535 -0.11237818 0.03458939
v 0.01853348 -0.12336911 0.03408724
v 0.01853348 -0.12336911 0.03408724
v 0.01746535 -0.11237818 0.03458939
v 0.01783799 -0.12337643 0.03480536
v 0.01783799 -0.12337643 0.03480536
v 0.01746535 -0.11237818 0.03458939
v 0.01587688 -0.11266223 0.03622476
v 0.01783799 -0.12337643 0.03480536
v 0.01587688 -0.11266223 0.03622476
v 0.01685626 -0.12338791 0.03570469
v 0.01685626 -0.12338791 0.03570469
v 0.01587688 -0.11266223 0.03622476
v 0.01620128 -0.12339479 0.03624083
v 0.01620128 -0.12339479 0.03624083
v 0.01587688 -0.11266223 0.03622476
v 0.01410741 -0.11297916 0.03765927
v 0.01620128 -0.12339479 0.03624083
v 0.01410741 -0.11297916 0.03765927
v 0.01440032 -0.12339477 0.03750552
v 0.01440032 -0.12339477 0.03750552
v 0.01410741 -0.11297916 0.03765927
v 0.01219494 -0.11332256 0.03888513
v 0.01440032 -0.12339477 0.03750552
v 0.01219494 -0.11332256 0.03888513
v 0.01422224 -0.12339552 0.03761626
v 0.01422224 -0.12339552 0.03761626
v 0.01219494 -0.11332256 0.03888513
v 0.01158659 -0.12340507 0.03901966
v 0.01158659 -0.12340507 0.03901966
v 0.01219494 -0.11332256 0.03888513
v 0.01017126 -0.11368700 0.03991456
v 0.01158659 -0.12340507 0.03901966
v 0.01017126 -0.11368700 0.03991456
v 0.01094558 -0.12340606 0.03930496
v 0.00806283 -0.11406787 0.04077168
v 0.00741750 -0.12341650 0.04058826
v 0.01017126 -0.11368700 0.03991456
v 0.01017126 -0.11368700 0.03991456
v 0.00741750 -0.12341650 0.04058826
v 0.01022045 -0.12340795 0.03960598
v 0.01017126 -0.11368700 0.03991456
v 0.01022045 -0.12340795 0.03960598
v 0.01094558 -0.12340606 0.03930496
v 0.00244492 -0.12342393 0.04181744
v 0.00392788 -0.12342241 0.04150436
v 0.00371138 -0.11485817 0.04205606
v 0.00371138 -0.11485817 0.04205606
v 0.00392788 -0.12342241 0.04150436
v 0.00452238 -0.12342188 0.04136739
v 0.00371138 -0.11485817 0.04205606
v 0.00452238 -0.12342188 0.04136739
v 0.00806283 -0.11406787 0.04077168
v 0.00806283 -0.11406787 0.04077168
v 0.00452238 -0.12342188 0.04136739
v 0.00709431 -0.12341735 0.04068565
v 0.00806283 -0.11406787 0.04077168
v 0.00709431 -0.12341735 0.04068565
v 0.00741750 -0.12341650 0.04058826
v 0.02286622 -0.09933335 0.00966984
v 0.02248213 -0.09913260 0.01442526
v 0.02415274 -0.11117645 0.01535402
v 0.02415274 -0.11117645 0.01535402
v 0.02248213 -0.09913260 0.01442526
v 0.02191930 -0.09883948 0.01868162
v 0.02415274 -0.11117645 0.01535402
v 0.02191930 -0.09883948 0.01868162
v 0.02351359 -0.11129337 0.01989793
v 0.02351359 -0.11129337 0.01989793
v 0.02191930 -0.09883948 0.01868162
v 0.02169039 -0.09887841 0.02015025
v 0.02351359 -0.11129337 0.01989793
v 0.02169039 -0.09887841 0.02015025
v 0.02252028 -0.11147324 0.02440280
v 0.02252028 -0.11147324 0.02440280
v 0.02169039 -0.09887841 0.02015025
v 0.02072654 -0.09903716 0.02471657
v 0.02252028 -0.11147324 0.02440280
v 0.02072654 -0.09903716 0.02471657
v 0.02184660 -0.11159442 0.02660954
v 0.02184660 -0.11159442 0.02660954
v 0.02072654 -0.09903716 0.02471657
v 0.02007227 -0.09914558 0.02695616
v 0.02184660 -0.11159442 0.02660954
v 0.02007227 -0.09914558 0.02695616
v 0.02102870 -0.11174109 0.02874900
v 0.02102870 -0.11174109 0.02874900
v 0.02007227 -0.09914558 0.02695616
v 0.01927796 -0.09927762 0.02912869
v 0.02102870 -0.11174109 0.02874900
v 0.01927796 -0.09927762 0.02912869
v 0.02003743 -0.11191841 0.03081684
v 0.02003743 -0.11191841 0.03081684
v 0.01927796 -0.09927762 0.02912869
v 0.01831434 -0.09943825 0.03123261
v 0.02003743 -0.11191841 0.03081684
v 0.01831434 -0.09943825 0.03123261
v 0.01885307 -0.11213014 0.03277627
v 0.01885307 -0.11213014 0.03277627
v 0.01831434 -0.09943825 0.03123261
v 0.01716213 -0.09963072 0.03323079
v 0.01885307 -0.11213014 0.03277627
v 0.01716213 -0.09963072 0.03323079
v 0.01746535 -0.11237818 0.03458939
v 0.01746535 -0.11237818 0.03458939
v 0.01716213 -0.09963072 0.03323079
v 0.01581064 -0.09985689 0.03508607
v 0.01746535 -0.11237818 0.03458939
v 0.01581064 -0.09985689 0.03508607
v 0.01587688 -0.11266223 0.03622476
v 0.01587688 -0.11266223 0.03622476
v 0.01581064 -0.09985689 0.03508607
v 0.01426080 -0.10011663 0.03676826
v 0.01587688 -0.11266223 0.03622476
v 0.01426080 -0.10011663 0.03676826
v 0.01410741 -0.11297916 0.03765927
v 0.01410741 -0.11297916 0.03765927
v 0.01426080 -0.10011663 0.03676826
v 0.01253009 -0.10040702 0.03825446
v 0.01410741 -0.11297916 0.03765927
v 0.01253009 -0.10040702 0.03825446
v 0.01219494 -0.11332256 0.03888513
v 0.01219494 -0.11332256 0.03888513
v 0.01253009 -0.10040702 0.03825446
v 0.01065594 -0.10072171 0.03953502
v 0.01219494 -0.11332256 0.03888513
v 0.01065594 -0.10072171 0.03953502
v 0.01017126 -0.11368700 0.03991456
v 0.01017126 -0.11368700 0.03991456
v 0.01065594 -0.10072171 0.03953502
v 0.00866865 -0.10105557 0.04062082
v 0.01017126 -0.11368700 0.03991456
v 0.00866865 -0.10105557 0.04062082
v 0.00806283 -0.11406787 0.04077168
v 0.00806283 -0.11406787 0.04077168
v 0.00866865 -0.10105557 0.04062082
v 0.00659257 -0.10140451 0.04153521
v 0.00806283 -0.11406787 0.04077168
v 0.00659257 -0.10140451 0.04153521
v 0.00371138 -0.11485817 0.04205606
v 0.00371138 -0.11485817 0.04205606
v 0.00659257 -0.10140451 0.04153521
v 0.00229150 -0.10212767 0.04293032
v 0.01820709 -0.09691259 0.03071640
v 0.01783781 -0.09672109 0.03138795
v 0.01831434 -0.09943825 0.03123261
v 0.01831434 -0.09943825 0.03123261
v 0.01783781 -0.09672109 0.03138795
v 0.01661072 -0.09608495 0.03331831
v 0.01831434 -0.09943825 0.03123261
v 0.01661072 -0.09608495 0.03331831
v 0.01716213 -0.09963072 0.03323079
v 0.01716213 -0.09963072 0.03323079
v 0.01661072 -0.09608495 0.03331831
v 0.01522653 -0.09536753 0.03507878
v 0.01716213 -0.09963072 0.03323079
v 0.01522653 -0.09536753 0.03507878
v 0.01581064 -0.09985689 0.03508607
v 0.01581064 -0.09985689 0.03508607
v 0.01522653 -0.09536753 0.03507878
v 0.01366500 -0.09455834 0.03669185
v 0.01581064 -0.09985689 0.03508607
v 0.01366500 -0.09455834 0.03669185
v 0.01426080 -0.10011663 0.03676826
v 0.01426080 -0.10011663 0.03676826
v 0.01366500 -0.09455834 0.03669185
v 0.01208008 -0.09373715 0.03803772
v 0.01426080 -0.10011663 0.03676826
v 0.01208008 -0.09373715 0.03803772
v 0.01253009 -0.10040702 0.03825446
v 0.01253009 -0.10040702 0.03825446
v 0.01208008 -0.09373715 0.03803772
v 0.01019866 -0.09276243 0.03936061
v 0.01253009 -0.10040702 0.03825446
v 0.01019866 -0.09276243 0.03936061
v 0.01065594 -0.10072171 0.03953502
v 0.01065594 -0.10072171 0.03953502
v 0.01019866 -0.09276243 0.03936061
v 0.00817554 -0.09171441 0.04053678
v 0.01065594 -0.10072171 0.03953502
v 0.00817554 -0.09171441 0.04053678
v 0.00866865 -0.10105557 0.04062082
v 0.00866865 -0.10105557 0.04062082
v 0.00817554 -0.09171441 0.04053678
v 0.00583868 -0.09521987 0.04179063
v 0.00866865 -0.10105557 0.04062082
v 0.00583868 -0.09521987 0.04179063
v 0.00659257 -0.10140451 0.04153521
v 0.00659257 -0.10140451 0.04153521
v 0.00583868 -0.09521987 0.04179063
v 0.00158579 -0.09589009 0.04325740
v 0.00659257 -0.10140451 0.04153521
v 0.00158579 -0.09589009 0.04325740
v 0.00229150 -0.10212767 0.04293032
v 0.00229150 -0.10212767 0.04293032
v 0.00158579 -0.09589009 0.04325740
v -0.00343664 -0.09033839 0.04460859
v -0.02438292 -0.10448679 0.04569134
v -0.01941246 -0.10448599 0.04552777
v -0.01677750 -0.09222509 0.04628280
v -0.01677750 -0.09222509 0.04628280
v -0.01941246 -0.10448599 0.04552777
v -0.01415443 -0.10448514 0.04523213
v -0.01677750 -0.09222509 0.04628280
v -0.01415443 -0.10448514 0.04523213
v -0.01230057 -0.09159488 0.04592640
v -0.01230057 -0.09159488 0.04592640
v -0.01415443 -0.10448514 0.04523213
v -0.01107273 -0.10437665 0.04499272
v -0.01230057 -0.09159488 0.04592640
v -0.01107273 -0.10437665 0.04499272
v -0.00784367 -0.09096465 0.04538822
v -0.00784367 -0.09096465 0.04538822
v -0.01107273 -0.10437665 0.04499272
v -0.00657279 -0.10361888 0.04454976
v -0.00784367 -0.09096465 0.04538822
v -0.00657279 -0.10361888 0.04454976
v -0.00343664 -0.09033839 0.04460859
v -0.00343664 -0.09033839 0.04460859
v -0.00657279 -0.10361888 0.04454976
v -0.00210709 -0.10286745 0.04389047
v -0.00343664 -0.09033839 0.04460859
v -0.00210709 -0.10286745 0.04389047
v 0.00229150 -0.10212767 0.04293032
v 0.00229150 -0.10212767 0.04293032
v -0.00210709 -0.10286745 0.04389047
v -0.00071788 -0.11566832 0.04291804
v 0.00229150 -0.10212767 0.04293032
v -0.00071788 -0.11566832 0.04291804
v 0.00371138 -0.11485817 0.04205606
v 0.00371138 -0.11485817 0.04205606
v -0.00071788 -0.11566832 0.04291804
v 0.00016479 -0.12342770 0.04222935
v 0.00371138 -0.11485817 0.04205606
v 0.00016479 -0.12342770 0.04222935
v 0.00244492 -0.12342393 0.04181744
v -0.00526860 -0.12343089 0.04295329
v -0.00384055 -0.12343216 0.04279222
v -0.00384058 -0.10879251 0.04385060
v -0.00526860 -0.12343089 0.04295329
v -0.00384058 -0.10879251 0.04385060
v -0.01155066 -0.12341832 0.04367604
v -0.01155066 -0.12341832 0.04367604
v -0.00384058 -0.10879251 0.04385060
v -0.00895557 -0.11400860 0.04403955
v -0.01155066 -0.12341832 0.04367604
v -0.00895557 -0.11400860 0.04403955
v -0.01297351 -0.12341529 0.04387785
v -0.01297351 -0.12341529 0.04387785
v -0.00895557 -0.11400860 0.04403955
v -0.01416032 -0.11400446 0.04453892
v -0.01297351 -0.12341529 0.04387785
v -0.01416032 -0.11400446 0.04453892
v -0.01538366 -0.12340978 0.04427693
v -0.01935843 -0.11400486 0.04505576
v -0.01933088 -0.12340053 0.04498518
v -0.01792586 -0.12340368 0.04475954
v -0.01935843 -0.11400486 0.04505576
v -0.01792586 -0.12340368 0.04475954
v -0.01416032 -0.11400446 0.04453892
v -0.01416032 -0.11400446 0.04453892
v -0.01792586 -0.12340368 0.04475954
v -0.01665446 -0.12340669 0.04452001
v -0.01416032 -0.11400446 0.04453892
v -0.01665446 -0.12340669 0.04452001
v -0.01538366 -0.12340978 0.04427693
v -0.02435509 -0.12339018 0.04542688
v -0.02103875 -0.12339685 0.04519868
v -0.02436184 -0.11881409 0.04530621
v -0.02436184 -0.11881409 0.04530621
v -0.02103875 -0.12339685 0.04519868
v -0.01933088 -0.12340053 0.04498518
v -0.02436184 -0.11881409 0.04530621
v -0.01933088 -0.12340053 0.04498518
v -0.02436857 -0.11423907 0.04527546
v -0.02436857 -0.11423907 0.04527546
v -0.01933088 -0.12340053 0.04498518
v -0.01935843 -0.11400486 0.04505576
v -0.02436857 -0.11423907 0.04527546
v -0.01935843 -0.11400486 0.04505576
v -0.02437575 -0.10936007 0.04540494
v -0.02437575 -0.10936007 0.04540494
v -0.01935843 -0.11400486 0.04505576
v -0.02438292 -0.10448679 0.04569134
v -0.02438292 -0.10448679 0.04569134
v -0.01935843 -0.11400486 0.04505576
v -0.01941246 -0.10448599 0.04552777
v -0.01941246 -0.10448599 0.04552777
v -0.01935843 -0.11400486 0.04505576
v -0.01416032 -0.11400446 0.04453892
v -0.01941246 -0.10448599 0.04552777
v -0.01416032 -0.11400446 0.04453892
v -0.01415443 -0.10448514 0.04523213
v -0.01415443 -0.10448514 0.04523213
v -0.01416032 -0.11400446 0.04453892
v -0.00895557 -0.11400860 0.04403955
v -0.01415443 -0.10448514 0.04523213
v -0.00895557 -0.11400860 0.04403955
v -0.00890494 -0.10448427 0.04477036
v -0.00890494 -0.10448427 0.04477036
v -0.00895557 -0.11400860 0.04403955
v -0.00384058 -0.10879251 0.04385060
v -0.00890494 -0.10448427 0.04477036
v -0.00384058 -0.10879251 0.04385060
v -0.00384199 -0.10448344 0.04410565
v 0.02300730 -0.09940801 0.00669964
v 0.01451042 -0.09500794 0.00669554
v 0.02286622 -0.09933335 0.00966984
v 0.02286622 -0.09933335 0.00966984
v 0.01451042 -0.09500794 0.00669554
v 0.01367596 -0.09457434 0.01054020
v 0.02286622 -0.09933335 0.00966984
v 0.01367596 -0.09457434 0.01054020
v 0.02248213 -0.09913260 0.01442526
v -0.00750641 -0.08359610 0.03614878
v -0.01110490 -0.08173221 0.03767961
v -0.00395018 -0.08543407 0.04481523
v -0.00395018 -0.08543407 0.04481523
v -0.01110490 -0.08173221 0.03767961
v -0.01110551 -0.08173070 0.04070608
v -0.00395018 -0.08543407 0.04481523
v -0.01110551 -0.08173070 0.04070608
v -0.00744802 -0.08362261 0.04557141
v -0.00744802 -0.08362261 0.04557141
v -0.01110551 -0.08173070 0.04070608
v -0.01110662 -0.08172796 0.04622595
v 0.02248213 -0.09913260 0.01442526
v 0.01367596 -0.09457434 0.01054020
v 0.02191930 -0.09883948 0.01868162
v 0.02191930 -0.09883948 0.01868162
v 0.01367596 -0.09457434 0.01054020
v 0.01280917 -0.09412440 0.01334934
v 0.02191930 -0.09883948 0.01868162
v 0.01280917 -0.09412440 0.01334934
v 0.02126795 -0.09850088 0.02206697
v 0.02126795 -0.09850088 0.02206697
v 0.01280917 -0.09412440 0.01334934
v 0.01174479 -0.09357219 0.01607236
v 0.02126795 -0.09850088 0.02206697
v 0.01174479 -0.09357219 0.01607236
v 0.02108511 -0.09840591 0.02284676
v 0.02108511 -0.09840591 0.02284676
v 0.01174479 -0.09357219 0.01607236
v 0.01048978 -0.09292132 0.01869988
v 0.02108511 -0.09840591 0.02284676
v 0.01048978 -0.09292132 0.01869988
v 0.02027602 -0.09798583 0.02573600
v 0.02027602 -0.09798583 0.02573600
v 0.01048978 -0.09292132 0.01869988
v 0.01932396 -0.09749182 0.02834083
v 0.01932396 -0.09749182 0.02834083
v 0.01048978 -0.09292132 0.01869988
v 0.00905256 -0.09217615 0.02121996
v 0.01932396 -0.09749182 0.02834083
v 0.00905256 -0.09217615 0.02121996
v 0.01820709 -0.09691259 0.03071640
v 0.01820709 -0.09691259 0.03071640
v 0.00905256 -0.09217615 0.02121996
v 0.00743656 -0.09133843 0.02362899
v 0.01820709 -0.09691259 0.03071640
v 0.00743656 -0.09133843 0.02362899
v 0.01783781 -0.09672109 0.03138795
v 0.00381735 -0.08946272 0.02794639
v 0.01366500 -0.09455834 0.03669185
v 0.00567353 -0.09042466 0.02588675
v 0.00567353 -0.09042466 0.02588675
v 0.01366500 -0.09455834 0.03669185
v 0.01522653 -0.09536753 0.03507878
v 0.00567353 -0.09042466 0.02588675
v 0.01522653 -0.09536753 0.03507878
v 0.00743656 -0.09133843 0.02362899
v 0.00743656 -0.09133843 0.02362899
v 0.01522653 -0.09536753 0.03507878
v 0.01661072 -0.09608495 0.03331831
v 0.00743656 -0.09133843 0.02362899
v 0.01661072 -0.09608495 0.03331831
v 0.01783781 -0.09672109 0.03138795
v 0.00182740 -0.08843158 0.02986841
v 0.01019866 -0.09276243 0.03936061
v 0.00381735 -0.08946272 0.02794639
v 0.00381735 -0.08946272 0.02794639
v 0.01019866 -0.09276243 0.03936061
v 0.01208008 -0.09373715 0.03803772
v 0.00381735 -0.08946272 0.02794639
v 0.01208008 -0.09373715 0.03803772
v 0.01366500 -0.09455834 0.03669185
v -0.00264652 -0.08611362 0.03335800
v 0.00550302 -0.09033009 0.04180839
v -0.00036406 -0.08729613 0.03170551
v -0.00036406 -0.08729613 0.03170551
v 0.00550302 -0.09033009 0.04180839
v 0.00601694 -0.09059628 0.04158420
v -0.00036406 -0.08729613 0.03170551
v 0.00601694 -0.09059628 0.04158420
v 0.00182740 -0.08843158 0.02986841
v 0.00182740 -0.08843158 0.02986841
v 0.00601694 -0.09059628 0.04158420
v 0.00817554 -0.09171441 0.04053678
v 0.00182740 -0.08843158 0.02986841
v 0.00817554 -0.09171441 0.04053678
v 0.01019866 -0.09276243 0.03936061
v -0.00750641 -0.08359610 0.03614878
v -0.00395018 -0.08543407 0.04481523
v -0.00503512 -0.08487623 0.03484301
v -0.00503512 -0.08487623 0.03484301
v -0.00395018 -0.08543407 0.04481523
v -0.00062052 -0.08715850 0.04394712
v -0.00503512 -0.08487623 0.03484301
v -0.00062052 -0.08715850 0.04394712
v -0.00264652 -0.08611362 0.03335800
v -0.00264652 -0.08611362 0.03335800
v -0.00062052 -0.08715850 0.04394712
v 0.00253195 -0.08879123 0.04295378
v -0.00264652 -0.08611362 0.03335800
v 0.00253195 -0.08879123 0.04295378
v 0.00550302 -0.09033009 0.04180839
v -0.02441838 -0.08038660 0.04015521
v -0.02441778 -0.08079893 0.04015618
v -0.02441840 -0.08038402 0.04532277
v -0.02441840 -0.08038402 0.04532277
v -0.02441778 -0.08079893 0.04015618
v -0.02441778 -0.08079897 0.04743084
v -0.02441840 -0.08038402 0.04532277
v -0.02441778 -0.08079897 0.04743084
v -0.02441840 -0.08038294 0.04745578
v -0.01110662 -0.08172796 0.04622595
v -0.01110551 -0.08173070 0.04070608
v -0.01169802 -0.08144189 0.04631988
v -0.01169802 -0.08144189 0.04631988
v -0.01110551 -0.08173070 0.04070608
v -0.01262695 -0.08107163 0.04125175
v -0.01169802 -0.08144189 0.04631988
v -0.01262695 -0.08107163 0.04125175
v -0.01329708 -0.08085445 0.04655244
v -0.01329708 -0.08085445 0.04655244
v -0.01262695 -0.08107163 0.04125175
v -0.01423572 -0.08062617 0.04195543
v -0.01329708 -0.08085445 0.04655244
v -0.01423572 -0.08062617 0.04195543
v -0.01497197 -0.08049818 0.04676250
v -0.01497197 -0.08049818 0.04676250
v -0.01423572 -0.08062617 0.04195543
v -0.01590399 -0.08040698 0.04272416
v -0.01497197 -0.08049818 0.04676250
v -0.01590399 -0.08040698 0.04272416
v -0.01517553 -0.08047166 0.04678570
v -0.01517553 -0.08047166 0.04678570
v -0.01590399 -0.08040698 0.04272416
v -0.01759889 -0.08038693 0.04348049
v -0.02100455 -0.08038326 0.04727839
v -0.02050294 -0.08038330 0.04724617
v -0.02100683 -0.08038455 0.04473490
v -0.02100683 -0.08038455 0.04473490
v -0.02050294 -0.08038330 0.04724617
v -0.02000144 -0.08038335 0.04721227
v -0.02000144 -0.08038335 0.04721227
v -0.01950006 -0.08038350 0.04717663
v -0.02100683 -0.08038455 0.04473490
v -0.02100683 -0.08038455 0.04473490
v -0.01950006 -0.08038350 0.04717663
v -0.01899881 -0.08038361 0.04713919
v -0.02100683 -0.08038455 0.04473490
v -0.01899881 -0.08038361 0.04713919
v -0.01759889 -0.08038693 0.04348049
v -0.01759889 -0.08038693 0.04348049
v -0.01899881 -0.08038361 0.04713919
v -0.01689705 -0.08038298 0.04696174
v -0.01759889 -0.08038693 0.04348049
v -0.01689705 -0.08038298 0.04696174
v -0.01517553 -0.08047166 0.04678570
v -0.02441840 -0.08038402 0.04532277
v -0.02301197 -0.08038304 0.04739115
v -0.02100683 -0.08038455 0.04473490
v -0.02100683 -0.08038455 0.04473490
v -0.02301197 -0.08038304 0.04739115
v -0.02250999 -0.08038308 0.04736530
v -0.02100683 -0.08038455 0.04473490
v -0.02250999 -0.08038308 0.04736530
v -0.02225902 -0.08038310 0.04735180
v -0.02225902 -0.08038310 0.04735180
v -0.02175716 -0.08038316 0.04732363
v -0.02100683 -0.08038455 0.04473490
v -0.02100683 -0.08038455 0.04473490
v -0.02175716 -0.08038316 0.04732363
v -0.02125540 -0.08038322 0.04729387
v -0.02100683 -0.08038455 0.04473490
v -0.02125540 -0.08038322 0.04729387
v -0.02100455 -0.08038326 0.04727839
v -0.02441840 -0.08038294 0.04745578
v -0.02376508 -0.08038298 0.04742716
v -0.02441840 -0.08038402 0.04532277
v -0.02441840 -0.08038402 0.04532277
v -0.02376508 -0.08038298 0.04742716
v -0.02351402 -0.08038300 0.04741552
v -0.02441840 -0.08038402 0.04532277
v -0.02351402 -0.08038300 0.04741552
v -0.02301197 -0.08038304 0.04739115
v -0.02440447 -0.08984548 0.04683713
v -0.02441778 -0.08079897 0.04743084
v -0.02441778 -0.08079893 0.04015618
v -0.02435434 -0.12389389 0.04492664
v -0.02435509 -0.12339018 0.04542688
v -0.02435412 -0.12389524 0.04017563
v -0.02435412 -0.12389524 0.04017563
v -0.02435509 -0.12339018 0.04542688
v -0.02436184 -0.11881409 0.04530621
v -0.02436184 -0.11881409 0.04530621
v -0.02436857 -0.11423907 0.04527546
v -0.02435412 -0.12389524 0.04017563
v -0.02435412 -0.12389524 0.04017563
v -0.02436857 -0.11423907 0.04527546
v -0.02437575 -0.10936007 0.04540494
v -0.02435412 -0.12389524 0.04017563
v -0.02437575 -0.10936007 0.04540494
v -0.02441778 -0.08079893 0.04015618
v -0.02441778 -0.08079893 0.04015618
v -0.02437575 -0.10936007 0.04540494
v -0.02438292 -0.10448679 0.04569134
v -0.02441778 -0.08079893 0.04015618
v -0.02438292 -0.10448679 0.04569134
v -0.02440447 -0.08984548 0.04683713
vn -0.00000120 0.00000000 1.00000000
vn -0.00000120 0.00000000 1.00000000
vn -0.00000120 0.00000000 1.00000000
vn -0.00000112 0.00000129 1.00000000
vn -0.00000112 0.00000129 1.00000000
vn -0.00000112 0.00000129 1.00000000
vn -0.00000096 0.00000077 1.00000000
vn -0.00000096 0.00000077 1.00000000
vn -0.00000096 0.00000077 1.00000000
vn 0.00000405 -0.56829139 -0.82282738
vn 0.00000405 -0.56829139 -0.82282738
vn 0.00000405 -0.56829139 -0.82282738
vn 0.00000405 -0.56829139 -0.82282738
vn 0.00000405 -0.56829139 -0.82282738
vn 0.00000405 -0.56829139 -0.82282738
vn 0.00000684 -0.77107761 -0.63674117
vn 0.00000684 -0.77107761 -0.63674117
vn 0.00000684 -0.77107761 -0.63674117
vn -0.00000465 -0.77107967 -0.63673867
vn -0.00000465 -0.77107967 -0.63673867
vn -0.00000465 -0.77107967 -0.63673867
vn -0.00000453 -0.91545587 -0.40241838
vn -0.00000453 -0.91545587 -0.40241838
vn -0.00000453 -0.91545587 -0.40241838
vn -0.00000368 -0.91545577 -0.40241860
vn -0.00000368 -0.91545577 -0.40241860
vn -0.00000368 -0.91545577 -0.40241860
vn -0.00000315 -0.99048568 -0.13761582
vn -0.00000315 -0.99048568 -0.13761582
vn -0.00000315 -0.99048568 -0.13761582
vn -0.00000305 -0.99048568 -0.13761585
vn -0.00000305 -0.99048568 -0.13761585
vn -0.00000305 -0.99048568 -0.13761585
vn -0.00000433 -0.99048567 0.13761590
vn -0.00000433 -0.99048567 0.13761590
vn -0.00000433 -0.99048567 0.13761590
vn -0.00000331 -0.99048571 0.13761561
vn -0.00000331 -0.99048571 0.13761561
vn -0.00000331 -0.99048571 0.13761561
vn -0.00000229 -0.91545602 0.40241804
vn -0.00000229 -0.91545602 0.40241804
vn -0.00000229 -0.91545602 0.40241804
vn -0.00000229 -0.91545602 0.40241804
vn -0.00000229 -0.91545602 0.40241804
vn -0.00000229 -0.91545602 0.40241804
vn -0.00000109 -0.77107913 0.63673933
vn -0.00000109 -0.77107913 0.63673933
vn -0.00000109 -0.77107913 0.63673933
vn -0.00000584 -0.77107828 0.63674036
vn -0.00000584 -0.77107828 0.63674036
vn -0.00000584 -0.77107828 0.63674036
vn -0.00000595 -0.56829058 0.82282794
vn -0.00000595 -0.56829058 0.82282794
vn -0.00000595 -0.56829058 0.82282794
vn 0.00000278 -0.56829261 0.82282654
vn 0.00000278 -0.56829261 0.82282654
vn 0.00000278 -0.56829261 0.82282654
vn -0.06978328 0.13722407 -0.98807887
vn -0.06978328 0.13722407 -0.98807887
vn -0.06978328 0.13722407 -0.98807887
vn -0.11573014 0.09507115 -0.98872039
vn -0.11573014 0.09507115 -0.98872039
vn -0.11573014 0.09507115 -0.98872039
vn -0.13705000 0.14592878 -0.97975614
vn -0.13705000 0.14592878 -0.97975614
vn -0.13705000 0.14592878 -0.97975614
vn -0.13813898 0.06769132 -0.98809691
vn -0.13813898 0.06769132 -0.98809691
vn -0.13813898 0.06769132 -0.98809691
vn -0.20209257 0.15666734 -0.96675433
vn -0.20209257 0.15666734 -0.96675433
vn -0.20209257 0.15666734 -0.96675433
vn -0.33200162 0.10012666 -0.93794967
vn -0.33200162 0.10012666 -0.93794967
vn -0.33200162 0.10012666 -0.93794967
vn -0.23075371 0.13358657 -0.96379840
vn -0.23075371 0.13358657 -0.96379840
vn -0.23075371 0.13358657 -0.96379840
vn -0.21355992 0.14033415 -0.96679806
vn -0.21355992 0.14033415 -0.96679806
vn -0.21355992 0.14033415 -0.96679806
vn -0.19735530 0.12267483 -0.97262622
vn -0.19735530 0.12267483 -0.97262622
vn -0.19735530 0.12267483 -0.97262622
vn -0.13876027 0.11536159 -0.98358390
vn -0.13876027 0.11536159 -0.98358390
vn -0.13876027 0.11536159 -0.98358390
vn -0.13874136 0.11523545 -0.98360136
vn -0.13874136 0.11523545 -0.98360136
vn -0.13874136 0.11523545 -0.98360136
vn -0.09062209 0.11317753 0.98943342
vn -0.09062209 0.11317753 0.98943342
vn -0.09062209 0.11317753 0.98943342
vn -0.12423670 0.11409358 0.98567129
vn -0.12423670 0.11409358 0.98567129
vn -0.12423670 0.11409358 0.98567129
vn -0.13333656 0.06382652 0.98901342
vn -0.13333656 0.06382652 0.98901342
vn -0.13333656 0.06382652 0.98901342
vn -0.15319752 0.04922467 0.98696882
vn -0.15319752 0.04922467 0.98696882
vn -0.15319752 0.04922467 0.98696882
vn -0.34243467 0.10707693 0.93342007
vn -0.34243467 0.10707693 0.93342007
vn -0.34243467 0.10707693 0.93342007
vn -0.16163671 0.15538450 0.97454052
vn -0.16163671 0.15538450 0.97454052
vn -0.16163671 0.15538450 0.97454052
vn -0.24902698 0.17915034 0.95178292
vn -0.24902698 0.17915034 0.95178292
vn -0.24902698 0.17915034 0.95178292
vn -0.22786508 0.16170755 0.96017091
vn -0.22786508 0.16170755 0.96017091
vn -0.22786508 0.16170755 0.96017091
vn -0.21905221 0.15892866 0.96268261
vn -0.21905221 0.15892866 0.96268261
vn -0.21905221 0.15892866 0.96268261
vn -0.18384761 0.07614859 0.98000074
vn -0.18384761 0.07614859 0.98000074
vn -0.18384761 0.07614859 0.98000074
vn -0.19069474 0.12750474 0.97333348
vn -0.19069474 0.12750474 0.97333348
vn -0.19069474 0.12750474 0.97333348
vn -0.19053323 0.14799515 0.97046099
vn -0.19053323 0.14799515 0.97046099
vn -0.19053323 0.14799515 0.97046099
vn -0.15627379 0.11875137 0.98054914
vn -0.15627379 0.11875137 0.98054914
vn -0.15627379 0.11875137 0.98054914
vn -0.15413188 0.11579658 0.98124131
vn -0.15413188 0.11579658 0.98124131
vn -0.15413188 0.11579658 0.98124131
vn -0.12596482 0.11560738 0.98527549
vn -0.12596482 0.11560738 0.98527549
vn -0.12596482 0.11560738 0.98527549
vn -0.54084123 0.75052900 -0.37973278
vn -0.54084123 0.75052900 -0.37973278
vn -0.54084123 0.75052900 -0.37973278
vn -0.79659224 0.53902476 -0.27366607
vn -0.79659224 0.53902476 -0.27366607
vn -0.79659224 0.53902476 -0.27366607
vn -0.89027739 0.36794744 -0.26836699
vn -0.89027739 0.36794744 -0.26836699
vn -0.89027739 0.36794744 -0.26836699
vn -0.75254394 0.58014893 -0.31161648
vn -0.75254394 0.58014893 -0.31161648
vn -0.75254394 0.58014893 -0.31161648
vn -0.83681553 0.45203575 -0.30887448
vn -0.83681553 0.45203575 -0.30887448
vn -0.83681553 0.45203575 -0.30887448
vn -0.79716273 0.47374306 -0.37429812
vn -0.79716273 0.47374306 -0.37429812
vn -0.79716273 0.47374306 -0.37429812
vn -0.82696146 0.41453664 -0.37986066
vn -0.82696146 0.41453664 -0.37986066
vn -0.82696146 0.41453664 -0.37986066
vn -0.80946005 0.37530777 -0.45157337
vn -0.80946005 0.37530777 -0.45157337
vn -0.80946005 0.37530777 -0.45157337
vn -0.78236926 0.33473517 -0.52521492
vn -0.78236926 0.33473517 -0.52521492
vn -0.78236926 0.33473517 -0.52521492
vn -0.52570518 0.55441757 -0.64517844
vn -0.52570518 0.55441757 -0.64517844
vn -0.52570518 0.55441757 -0.64517844
vn -0.77507836 0.34614942 -0.52861528
vn -0.77507836 0.34614942 -0.52861528
vn -0.77507836 0.34614942 -0.52861528
vn -0.55386446 0.49879557 -0.66666119
vn -0.55386446 0.49879557 -0.66666119
vn -0.55386446 0.49879557 -0.66666119
vn -0.53858925 0.50028296 -0.67796650
vn -0.53858925 0.50028296 -0.67796650
vn -0.53858925 0.50028296 -0.67796650
vn -0.78775845 0.41390693 -0.45619916
vn -0.78775845 0.41390693 -0.45619916
vn -0.78775845 0.41390693 -0.45619916
vn -0.56712010 0.58607008 -0.57870256
vn -0.56712010 0.58607008 -0.57870256
vn -0.56712010 0.58607008 -0.57870256
vn -0.53170770 0.58831255 -0.60924155
vn -0.53170770 0.58831255 -0.60924155
vn -0.53170770 0.58831255 -0.60924155
vn -0.57021727 0.73749096 -0.36188306
vn -0.57021727 0.73749096 -0.36188306
vn -0.57021727 0.73749096 -0.36188306
vn -0.51876447 0.71758339 -0.46471228
vn -0.51876447 0.71758339 -0.46471228
vn -0.51876447 0.71758339 -0.46471228
vn -0.57302360 0.66447597 -0.47970371
vn -0.57302360 0.66447597 -0.47970371
vn -0.57302360 0.66447597 -0.47970371
vn -0.53576251 0.66309356 -0.52274799
vn -0.53576251 0.66309356 -0.52274799
vn -0.53576251 0.66309356 -0.52274799
vn -0.53072173 0.63206232 -0.56465182
vn -0.53072173 0.63206232 -0.56465182
vn -0.53072173 0.63206232 -0.56465182
vn -0.26720407 0.24663922 -0.93154231
vn -0.26720407 0.24663922 -0.93154231
vn -0.26720407 0.24663922 -0.93154231
vn -0.28703140 0.24175066 -0.92691402
vn -0.28703140 0.24175066 -0.92691402
vn -0.28703140 0.24175066 -0.92691402
vn -0.32033565 0.28863888 -0.90225976
vn -0.32033565 0.28863888 -0.90225976
vn -0.32033565 0.28863888 -0.90225976
vn -0.37555399 0.27678940 -0.88450372
vn -0.37555399 0.27678940 -0.88450372
vn -0.37555399 0.27678940 -0.88450372
vn -0.40455370 0.32507766 -0.85478700
vn -0.40455370 0.32507766 -0.85478700
vn -0.40455370 0.32507766 -0.85478700
vn -0.45834597 0.31369207 -0.83157456
vn -0.45834597 0.31369207 -0.83157456
vn -0.45834597 0.31369207 -0.83157456
vn -0.49543030 0.39965004 -0.77125136
vn -0.49543030 0.39965004 -0.77125136
vn -0.49543030 0.39965004 -0.77125136
vn -0.51694536 0.39505280 -0.75940817
vn -0.51694536 0.39505280 -0.75940817
vn -0.51694536 0.39505280 -0.75940817
vn -0.70655923 0.27127246 -0.65359415
vn -0.70655923 0.27127246 -0.65359415
vn -0.70655923 0.27127246 -0.65359415
vn -0.76679766 0.25459696 -0.58923827
vn -0.76679766 0.25459696 -0.58923827
vn -0.76679766 0.25459696 -0.58923827
vn -0.38601365 0.17674194 -0.90540364
vn -0.38601365 0.17674194 -0.90540364
vn -0.38601365 0.17674194 -0.90540364
vn -0.45581495 0.15616336 -0.87626807
vn -0.45581495 0.15616336 -0.87626807
vn -0.45581495 0.15616336 -0.87626807
vn -0.46463204 0.22313704 -0.85692878
vn -0.46463204 0.22313704 -0.85692878
vn -0.46463204 0.22313704 -0.85692878
vn -0.59488634 0.19289268 -0.78032215
vn -0.59488634 0.19289268 -0.78032215
vn -0.59488634 0.19289268 -0.78032215
vn -0.59468363 0.22911239 -0.77062241
vn -0.59468363 0.22911239 -0.77062241
vn -0.59468363 0.22911239 -0.77062241
vn -0.67724737 0.20759025 -0.70586280
vn -0.67724737 0.20759025 -0.70586280
vn -0.67724737 0.20759025 -0.70586280
vn -0.71881523 0.22595068 -0.65745795
vn -0.71881523 0.22595068 -0.65745795
vn -0.71881523 0.22595068 -0.65745795
vn -0.48338975 0.66296811 0.57167092
vn -0.48338975 0.66296811 0.57167092
vn -0.48338975 0.66296811 0.57167092
vn -0.84726582 0.33442444 0.41267533
vn -0.84726582 0.33442444 0.41267533
vn -0.84726582 0.33442444 0.41267533
vn -0.45342224 0.57466087 0.68130254
vn -0.45342224 0.57466087 0.68130254
vn -0.45342224 0.57466087 0.68130254
vn -0.34171287 0.56218049 0.75311713
vn -0.34171287 0.56218049 0.75311713
vn -0.34171287 0.56218049 0.75311713
vn -0.47531745 0.52871912 0.70322786
vn -0.47531745 0.52871912 0.70322786
vn -0.47531745 0.52871912 0.70322786
vn -0.51308811 0.50336421 0.69524460
vn -0.51308811 0.50336421 0.69524460
vn -0.51308811 0.50336421 0.69524460
vn -0.66535940 0.42950377 0.61059265
vn -0.66535940 0.42950377 0.61059265
vn -0.66535940 0.42950377 0.61059265
vn -0.73671202 0.36997414 0.56601638
vn -0.73671202 0.36997414 0.56601638
vn -0.73671202 0.36997414 0.56601638
vn -0.77301765 0.34572912 0.53189764
vn -0.77301765 0.34572912 0.53189764
vn -0.77301765 0.34572912 0.53189764
vn -0.86957223 0.37606810 0.32002644
vn -0.86957223 0.37606810 0.32002644
vn -0.86957223 0.37606810 0.32002644
vn -0.72038595 0.62320656 0.30439722
vn -0.72038595 0.62320656 0.30439722
vn -0.72038595 0.62320656 0.30439722
vn -0.77016330 0.53554639 0.34646582
vn -0.77016330 0.53554639 0.34646582
vn -0.77016330 0.53554639 0.34646582
vn -0.51373449 0.77017717 0.37802646
vn -0.51373449 0.77017717 0.37802646
vn -0.51373449 0.77017717 0.37802646
vn -0.54111995 0.76315325 0.35325105
vn -0.54111995 0.76315325 0.35325105
vn -0.54111995 0.76315325 0.35325105
vn -0.75439537 0.58901825 0.28973285
vn -0.75439537 0.58901825 0.28973285
vn -0.75439537 0.58901825 0.28973285
vn -0.53608301 0.70211242 0.46867169
vn -0.53608301 0.70211242 0.46867169
vn -0.53608301 0.70211242 0.46867169
vn -0.57085306 0.68925392 0.44615671
vn -0.57085306 0.68925392 0.44615671
vn -0.57085306 0.68925392 0.44615671
vn -0.81354390 0.47294916 0.33832736
vn -0.81354390 0.47294916 0.33832736
vn -0.81354390 0.47294916 0.33832736
vn -0.82334794 0.48568615 0.29361052
vn -0.82334794 0.48568615 0.29361052
vn -0.82334794 0.48568615 0.29361052
vn -0.89572690 0.39093999 0.21175280
vn -0.89572690 0.39093999 0.21175280
vn -0.89572690 0.39093999 0.21175280
vn -0.46119359 0.60981113 0.64453926
vn -0.46119359 0.60981113 0.64453926
vn -0.46119359 0.60981113 0.64453926
vn -0.53734586 0.60894070 0.58348150
vn -0.53734586 0.60894070 0.58348150
vn -0.53734586 0.60894070 0.58348150
vn -0.67406706 0.51926421 0.52535538
vn -0.67406706 0.51926421 0.52535538
vn -0.67406706 0.51926421 0.52535538
vn -0.71818179 0.48994730 0.49413214
vn -0.71818179 0.48994730 0.49413214
vn -0.71818179 0.48994730 0.49413214
vn -0.79135620 0.41992949 0.44431363
vn -0.79135620 0.41992949 0.44431363
vn -0.79135620 0.41992949 0.44431363
vn -0.86730560 0.35372912 0.35022379
vn -0.86730560 0.35372912 0.35022379
vn -0.86730560 0.35372912 0.35022379
vn -0.54681035 0.79880216 0.25082572
vn -0.54681035 0.79880216 0.25082572
vn -0.54681035 0.79880216 0.25082572
vn -0.56105386 0.79073393 0.24486407
vn -0.56105386 0.79073393 0.24486407
vn -0.56105386 0.79073393 0.24486407
vn -0.75497019 0.62158777 0.20892260
vn -0.75497019 0.62158777 0.20892260
vn -0.75497019 0.62158777 0.20892260
vn -0.77525934 0.59919860 0.19983492
vn -0.77525934 0.59919860 0.19983492
vn -0.77525934 0.59919860 0.19983492
vn -0.89708877 0.41313997 0.15667514
vn -0.89708877 0.41313997 0.15667514
vn -0.89708877 0.41313997 0.15667514
vn -0.91251415 0.38255197 0.14481685
vn -0.91251415 0.38255197 0.14481685
vn -0.91251415 0.38255197 0.14481685
vn -0.38240421 0.17033726 0.90815871
vn -0.38240421 0.17033726 0.90815871
vn -0.38240421 0.17033726 0.90815871
vn -0.37662366 0.17827722 0.90904997
vn -0.37662366 0.17827722 0.90904997
vn -0.37662366 0.17827722 0.90904997
vn -0.47124680 0.21760552 0.85473639
vn -0.47124680 0.21760552 0.85473639
vn -0.47124680 0.21760552 0.85473639
vn -0.47039267 0.21918077 0.85480437
vn -0.47039267 0.21918077 0.85480437
vn -0.47039267 0.21918077 0.85480437
vn -0.53802262 0.23474647 0.80958369
vn -0.53802262 0.23474647 0.80958369
vn -0.53802262 0.23474647 0.80958369
vn -0.28358147 0.32080888 0.90369420
vn -0.28358147 0.32080888 0.90369420
vn -0.28358147 0.32080888 0.90369420
vn -0.25417915 0.35455824 0.89982299
vn -0.25417915 0.35455824 0.89982299
vn -0.25417915 0.35455824 0.89982299
vn -0.20373833 0.28303071 0.93722159
vn -0.20373833 0.28303071 0.93722159
vn -0.20373833 0.28303071 0.93722159
vn -0.22969865 0.24726903 0.94132702
vn -0.22969865 0.24726903 0.94132702
vn -0.22969865 0.24726903 0.94132702
vn -0.21171429 0.23272869 0.94921779
vn -0.21171429 0.23272869 0.94921779
vn -0.21171429 0.23272869 0.94921779
vn -0.70243213 0.23851875 0.67059518
vn -0.70243213 0.23851875 0.67059518
vn -0.70243213 0.23851875 0.67059518
vn -0.64309318 0.33026886 0.69090784
vn -0.64309318 0.33026886 0.69090784
vn -0.64309318 0.33026886 0.69090784
vn -0.49503409 0.41553851 0.76306552
vn -0.49503409 0.41553851 0.76306552
vn -0.49503409 0.41553851 0.76306552
vn -0.31545928 0.48680388 0.81455965
vn -0.31545928 0.48680388 0.81455965
vn -0.31545928 0.48680388 0.81455965
vn -0.37627463 0.45030980 0.80971507
vn -0.37627463 0.45030980 0.80971507
vn -0.37627463 0.45030980 0.80971507
vn -0.26727631 0.41118480 0.87148748
vn -0.26727631 0.41118480 0.87148748
vn -0.26727631 0.41118480 0.87148748
vn -0.29904758 0.40503891 0.86401043
vn -0.29904758 0.40503891 0.86401043
vn -0.29904758 0.40503891 0.86401043
vn -0.55395057 0.27839949 0.78462252
vn -0.55395057 0.27839949 0.78462252
vn -0.55395057 0.27839949 0.78462252
vn -0.72761936 0.31276584 0.61053058
vn -0.72761936 0.31276584 0.61053058
vn -0.72761936 0.31276584 0.61053058
vn -0.66153495 0.31169580 0.68206836
vn -0.66153495 0.31169580 0.68206836
vn -0.66153495 0.31169580 0.68206836
vn -0.56615617 0.36732242 0.73793050
vn -0.56615617 0.36732242 0.73793050
vn -0.56615617 0.36732242 0.73793050
vn -0.51730504 0.22244042 0.82638717
vn -0.51730504 0.22244042 0.82638717
vn -0.51730504 0.22244042 0.82638717
vn -0.57001212 0.25340191 0.78158407
vn -0.57001212 0.25340191 0.78158407
vn -0.57001212 0.25340191 0.78158407
vn -0.49063325 0.34596475 0.79974209
vn -0.49063325 0.34596475 0.79974209
vn -0.49063325 0.34596475 0.79974209
vn -0.23302922 0.19779686 0.95214168
vn -0.23302922 0.19779686 0.95214168
vn -0.23302922 0.19779686 0.95214168
vn -0.57789551 0.81508797 -0.04084581
vn -0.57789551 0.81508797 -0.04084581
vn -0.57789551 0.81508797 -0.04084581
vn -0.53810420 0.84066574 -0.06103264
vn -0.53810420 0.84066574 -0.06103264
vn -0.53810420 0.84066574 -0.06103264
vn -0.69621729 0.71718031 -0.03055961
vn -0.69621729 0.71718031 -0.03055961
vn -0.69621729 0.71718031 -0.03055961
vn -0.80710151 0.58974812 -0.02800547
vn -0.80710151 0.58974812 -0.02800547
vn -0.80710151 0.58974812 -0.02800547
vn -0.79177957 0.60987642 -0.03370267
vn -0.79177957 0.60987642 -0.03370267
vn -0.79177957 0.60987642 -0.03370267
vn -0.90012621 0.42738503 -0.08434957
vn -0.90012621 0.42738503 -0.08434957
vn -0.90012621 0.42738503 -0.08434957
vn -0.92574541 0.37486282 -0.04973240
vn -0.92574541 0.37486282 -0.04973240
vn -0.92574541 0.37486282 -0.04973240
vn -0.92907004 0.36755349 -0.04163284
vn -0.92907004 0.36755349 -0.04163284
vn -0.92907004 0.36755349 -0.04163284
vn -0.92955337 0.36855286 -0.00996658
vn -0.92955337 0.36855286 -0.00996658
vn -0.92955337 0.36855286 -0.00996658
vn -0.90900645 0.41603463 -0.02494898
vn -0.90900645 0.41603463 -0.02494898
vn -0.90900645 0.41603463 -0.02494898
vn -0.91767986 0.39727860 -0.00577773
vn -0.91767986 0.39727860 -0.00577773
vn -0.91767986 0.39727860 -0.00577773
vn -0.57859646 0.76612033 -0.27979596
vn -0.57859646 0.76612033 -0.27979596
vn -0.57859646 0.76612033 -0.27979596
vn -0.54589911 0.79300132 -0.27044973
vn -0.54589911 0.79300132 -0.27044973
vn -0.54589911 0.79300132 -0.27044973
vn -0.76516656 0.60383239 -0.22339783
vn -0.76516656 0.60383239 -0.22339783
vn -0.76516656 0.60383239 -0.22339783
vn -0.75672513 0.61432918 -0.22353242
vn -0.75672513 0.61432918 -0.22353242
vn -0.75672513 0.61432918 -0.22353242
vn -0.76833323 0.62270892 -0.14797853
vn -0.76833323 0.62270892 -0.14797853
vn -0.76833323 0.62270892 -0.14797853
vn -0.78738471 0.59777790 -0.15062168
vn -0.78738471 0.59777790 -0.15062168
vn -0.78738471 0.59777790 -0.15062168
vn -0.51961327 0.83513395 -0.18042544
vn -0.51961327 0.83513395 -0.18042544
vn -0.51961327 0.83513395 -0.18042544
vn -0.60615273 0.76855137 -0.20471360
vn -0.60615273 0.76855137 -0.20471360
vn -0.60615273 0.76855137 -0.20471360
vn -0.60507664 0.78653512 -0.12346966
vn -0.60507664 0.78653512 -0.12346966
vn -0.60507664 0.78653512 -0.12346966
vn -0.53188202 0.84086203 -0.10026249
vn -0.53188202 0.84086203 -0.10026249
vn -0.53188202 0.84086203 -0.10026249
vn -0.80632068 0.58551826 -0.08375761
vn -0.80632068 0.58551826 -0.08375761
vn -0.80632068 0.58551826 -0.08375761
vn -0.78946890 0.60860068 -0.07964959
vn -0.78946890 0.60860068 -0.07964959
vn -0.78946890 0.60860068 -0.07964959
vn -0.94647294 0.31741786 -0.05860781
vn -0.94647294 0.31741786 -0.05860781
vn -0.94647294 0.31741786 -0.05860781
vn -0.89889110 0.42151444 -0.11966776
vn -0.89889110 0.42151444 -0.11966776
vn -0.89889110 0.42151444 -0.11966776
vn -0.91306835 0.38756096 -0.12689638
vn -0.91306835 0.38756096 -0.12689638
vn -0.91306835 0.38756096 -0.12689638
vn -0.89447912 0.41364818 -0.16971238
vn -0.89447912 0.41364818 -0.16971238
vn -0.89447912 0.41364818 -0.16971238
vn -0.89734878 0.40747156 -0.16950547
vn -0.89734878 0.40747156 -0.16950547
vn -0.89734878 0.40747156 -0.16950547
vn -0.95765756 0.25903138 -0.12567712
vn -0.95765756 0.25903138 -0.12567712
vn -0.95765756 0.25903138 -0.12567712
vn -0.95963347 0.25410889 -0.12054985
vn -0.95963347 0.25410889 -0.12054985
vn -0.95963347 0.25410889 -0.12054985
vn -0.96240455 0.25166707 -0.10218206
vn -0.96240455 0.25166707 -0.10218206
vn -0.96240455 0.25166707 -0.10218206
vn -0.95849877 0.24116515 -0.15205091
vn -0.95849877 0.24116515 -0.15205091
vn -0.95849877 0.24116515 -0.15205091
vn -0.95293556 0.25801975 -0.15918424
vn -0.95293556 0.25801975 -0.15918424
vn -0.95293556 0.25801975 -0.15918424
vn -0.95377828 0.22149863 -0.20308949
vn -0.95377828 0.22149863 -0.20308949
vn -0.95377828 0.22149863 -0.20308949
vn -0.95016198 0.23439963 -0.20554567
vn -0.95016198 0.23439963 -0.20554567
vn -0.95016198 0.23439963 -0.20554567
vn -0.95925218 0.22478717 -0.17118991
vn -0.95925218 0.22478717 -0.17118991
vn -0.95925218 0.22478717 -0.17118991
vn -0.95736999 0.23743034 -0.16452825
vn -0.95736999 0.23743034 -0.16452825
vn -0.95736999 0.23743034 -0.16452825
vn -0.94915779 0.21843681 -0.22668228
vn -0.94915779 0.21843681 -0.22668228
vn -0.94915779 0.21843681 -0.22668228
vn -0.94184380 0.22098378 -0.25317271
vn -0.94184380 0.22098378 -0.25317271
vn -0.94184380 0.22098378 -0.25317271
vn -0.94220134 0.21905866 -0.25351515
vn -0.94220134 0.21905866 -0.25351515
vn -0.94220134 0.21905866 -0.25351515
vn -0.87943393 0.22774190 -0.41800669
vn -0.87943393 0.22774190 -0.41800669
vn -0.87943393 0.22774190 -0.41800669
vn -0.92856072 0.27494835 -0.24935595
vn -0.92856072 0.27494835 -0.24935595
vn -0.92856072 0.27494835 -0.24935595
vn -0.93546822 0.19279225 -0.29619311
vn -0.93546822 0.19279225 -0.29619311
vn -0.93546822 0.19279225 -0.29619311
vn -0.90901506 0.27590333 -0.31236034
vn -0.90901506 0.27590333 -0.31236034
vn -0.90901506 0.27590333 -0.31236034
vn -0.91042814 0.23778824 -0.33849277
vn -0.91042814 0.23778824 -0.33849277
vn -0.91042814 0.23778824 -0.33849277
vn -0.93594478 0.19366626 -0.29411009
vn -0.93594478 0.19366626 -0.29411009
vn -0.93594478 0.19366626 -0.29411009
vn -0.93010344 0.22009183 -0.29405304
vn -0.93010344 0.22009183 -0.29405304
vn -0.93010344 0.22009183 -0.29405304
vn -0.95921367 0.23937755 -0.15035796
vn -0.95921367 0.23937755 -0.15035796
vn -0.95921367 0.23937755 -0.15035796
vn -0.94326601 0.25981532 -0.20674922
vn -0.94326601 0.25981532 -0.20674922
vn -0.94326601 0.25981532 -0.20674922
vn -0.96050815 0.17524871 -0.21612956
vn -0.96050815 0.17524871 -0.21612956
vn -0.96050815 0.17524871 -0.21612956
vn -0.93131413 0.20281358 -0.30252380
vn -0.93131413 0.20281358 -0.30252380
vn -0.93131413 0.20281358 -0.30252380
vn -0.93039953 0.15918340 -0.33017778
vn -0.93039953 0.15918340 -0.33017778
vn -0.93039953 0.15918340 -0.33017778
vn -0.94219241 0.17285488 -0.28704467
vn -0.94219241 0.17285488 -0.28704467
vn -0.94219241 0.17285488 -0.28704467
vn -0.93753618 0.08922897 -0.33625006
vn -0.93753618 0.08922897 -0.33625006
vn -0.93753618 0.08922897 -0.33625006
vn -0.93142669 0.09134128 -0.35227985
vn -0.93142669 0.09134128 -0.35227985
vn -0.93142669 0.09134128 -0.35227985
vn -0.94147818 0.11811897 -0.31570041
vn -0.94147818 0.11811897 -0.31570041
vn -0.94147818 0.11811897 -0.31570041
vn -0.93914393 0.13447419 -0.31610974
vn -0.93914393 0.13447419 -0.31610974
vn -0.93914393 0.13447419 -0.31610974
vn -0.97568077 0.06691240 -0.20873373
vn -0.97568077 0.06691240 -0.20873373
vn -0.97568077 0.06691240 -0.20873373
vn -0.97068531 0.10848313 -0.21447947
vn -0.97068531 0.10848313 -0.21447947
vn -0.97068531 0.10848313 -0.21447947
vn -0.98310702 0.08872688 -0.16008786
vn -0.98310702 0.08872688 -0.16008786
vn -0.98310702 0.08872688 -0.16008786
vn -0.97185411 0.07913092 -0.22189611
vn -0.97185411 0.07913092 -0.22189611
vn -0.97185411 0.07913092 -0.22189611
vn -0.96867071 0.08492547 -0.23337678
vn -0.96867071 0.08492547 -0.23337678
vn -0.96867071 0.08492547 -0.23337678
vn -0.96368060 0.08865251 -0.25191356
vn -0.96368060 0.08865251 -0.25191356
vn -0.96368060 0.08865251 -0.25191356
vn -0.96664431 0.10141477 -0.23518891
vn -0.96664431 0.10141477 -0.23518891
vn -0.96664431 0.10141477 -0.23518891
vn -0.94274832 0.08068199 -0.32359855
vn -0.94274832 0.08068199 -0.32359855
vn -0.94274832 0.08068199 -0.32359855
vn -0.94022769 0.08404405 -0.33001285
vn -0.94022769 0.08404405 -0.33001285
vn -0.94022769 0.08404405 -0.33001285
vn -0.92626527 0.09420709 -0.36490776
vn -0.92626527 0.09420709 -0.36490776
vn -0.92626527 0.09420709 -0.36490776
vn -0.62172730 0.12995696 -0.77237708
vn -0.62172730 0.12995696 -0.77237708
vn -0.62172730 0.12995696 -0.77237708
vn -0.48575757 0.13433050 -0.86370996
vn -0.48575757 0.13433050 -0.86370996
vn -0.48575757 0.13433050 -0.86370996
vn -0.48519980 0.08431028 -0.87032921
vn -0.48519980 0.08431028 -0.87032921
vn -0.48519980 0.08431028 -0.87032921
vn -0.68358278 0.20264590 -0.70117702
vn -0.68358278 0.20264590 -0.70117702
vn -0.68358278 0.20264590 -0.70117702
vn -0.71922891 0.17986715 -0.67108686
vn -0.71922891 0.17986715 -0.67108686
vn -0.71922891 0.17986715 -0.67108686
vn -0.74507819 0.20371113 -0.63510650
vn -0.74507819 0.20371113 -0.63510650
vn -0.74507819 0.20371113 -0.63510650
vn -0.83644344 0.20641746 -0.50769499
vn -0.83644344 0.20641746 -0.50769499
vn -0.83644344 0.20641746 -0.50769499
vn -0.82797041 0.19399033 -0.52614898
vn -0.82797041 0.19399033 -0.52614898
vn -0.82797041 0.19399033 -0.52614898
vn -0.90988112 0.21706577 -0.35355168
vn -0.90988112 0.21706577 -0.35355168
vn -0.90988112 0.21706577 -0.35355168
vn -0.87762688 0.16605401 -0.44966335
vn -0.87762688 0.16605401 -0.44966335
vn -0.87762688 0.16605401 -0.44966335
vn -0.93042265 0.19587988 -0.30974952
vn -0.93042265 0.19587988 -0.30974952
vn -0.93042265 0.19587988 -0.30974952
vn -0.92469055 0.18995955 -0.32994357
vn -0.92469055 0.18995955 -0.32994357
vn -0.92469055 0.18995955 -0.32994357
vn -0.58911851 0.19702035 -0.78365960
vn -0.58911851 0.19702035 -0.78365960
vn -0.58911851 0.19702035 -0.78365960
vn -0.64272937 0.14916562 -0.75143102
vn -0.64272937 0.14916562 -0.75143102
vn -0.64272937 0.14916562 -0.75143102
vn -0.72339460 0.15157052 -0.67359233
vn -0.72339460 0.15157052 -0.67359233
vn -0.72339460 0.15157052 -0.67359233
vn -0.74097107 0.14222900 -0.65630236
vn -0.74097107 0.14222900 -0.65630236
vn -0.74097107 0.14222900 -0.65630236
vn -0.84629854 0.14203886 -0.51342355
vn -0.84629854 0.14203886 -0.51342355
vn -0.84629854 0.14203886 -0.51342355
vn -0.84408071 0.14362667 -0.51662281
vn -0.84408071 0.14362667 -0.51662281
vn -0.84408071 0.14362667 -0.51662281
vn -0.92222159 0.14015225 -0.36036744
vn -0.92222159 0.14015225 -0.36036744
vn -0.92222159 0.14015225 -0.36036744
vn -0.88809517 0.15212702 -0.43375609
vn -0.88809517 0.15212702 -0.43375609
vn -0.88809517 0.15212702 -0.43375609
vn -0.91129879 0.15106241 -0.38303350
vn -0.91129879 0.15106241 -0.38303350
vn -0.91129879 0.15106241 -0.38303350
vn -0.91738882 0.09543982 -0.38637935
vn -0.91738882 0.09543982 -0.38637935
vn -0.91738882 0.09543982 -0.38637935
vn -0.85038661 0.08014262 -0.52001902
vn -0.85038661 0.08014262 -0.52001902
vn -0.85038661 0.08014262 -0.52001902
vn -0.86092836 0.08683773 -0.50125999
vn -0.86092836 0.08683773 -0.50125999
vn -0.86092836 0.08683773 -0.50125999
vn -0.74713651 0.08281773 -0.65949091
vn -0.74713651 0.08281773 -0.65949091
vn -0.74713651 0.08281773 -0.65949091
vn -0.72245650 0.07414213 -0.68742967
vn -0.72245650 0.07414213 -0.68742967
vn -0.72245650 0.07414213 -0.68742967
vn -0.62683032 0.07991464 -0.77504671
vn -0.62683032 0.07991464 -0.77504671
vn -0.62683032 0.07991464 -0.77504671
vn -0.57232337 0.06871174 -0.81714421
vn -0.57232337 0.06871174 -0.81714421
vn -0.57232337 0.06871174 -0.81714421
vn -0.52520046 0.06905069 -0.84817243
vn -0.52520046 0.06905069 -0.84817243
vn -0.52520046 0.06905069 -0.84817243
vn -0.46399647 0.04595456 -0.88464425
vn -0.46399647 0.04595456 -0.88464425
vn -0.46399647 0.04595456 -0.88464425
vn -0.99281923 0.06030932 -0.10330908
vn -0.99281923 0.06030932 -0.10330908
vn -0.99281923 0.06030932 -0.10330908
vn -0.99008938 0.08399060 -0.11255483
vn -0.99008938 0.08399060 -0.11255483
vn -0.99008938 0.08399060 -0.11255483
vn -0.99494980 0.08628319 -0.05128454
vn -0.99494980 0.08628319 -0.05128454
vn -0.99494980 0.08628319 -0.05128454
vn -0.99578848 0.07121733 -0.05773561
vn -0.99578848 0.07121733 -0.05773561
vn -0.99578848 0.07121733 -0.05773561
vn -0.99922158 0.03244605 -0.02243863
vn -0.99922158 0.03244605 -0.02243863
vn -0.99922158 0.03244605 -0.02243863
vn -0.99663193 0.07575435 -0.03140179
vn -0.99663193 0.07575435 -0.03140179
vn -0.99663193 0.07575435 -0.03140179
vn -0.99710059 0.07168730 -0.02552162
vn -0.99710059 0.07168730 -0.02552162
vn -0.99710059 0.07168730 -0.02552162
vn -0.99397216 0.06979775 -0.08454354
vn -0.99397216 0.06979775 -0.08454354
vn -0.99397216 0.06979775 -0.08454354
vn -0.99010708 0.08377680 -0.11255854
vn -0.99010708 0.08377680 -0.11255854
vn -0.99010708 0.08377680 -0.11255854
vn -0.98814681 0.07088553 -0.13616576
vn -0.98814681 0.07088553 -0.13616576
vn -0.98814681 0.07088553 -0.13616576
vn -0.97204693 0.06748731 -0.22487825
vn -0.97204693 0.06748731 -0.22487825
vn -0.97204693 0.06748731 -0.22487825
vn -0.97438057 0.07477237 -0.21211223
vn -0.97438057 0.07477237 -0.21211223
vn -0.97438057 0.07477237 -0.21211223
vn -0.95041655 0.06000083 -0.30513651
vn -0.95041655 0.06000083 -0.30513651
vn -0.95041655 0.06000083 -0.30513651
vn -0.93274179 0.07134687 -0.35341531
vn -0.93274179 0.07134687 -0.35341531
vn -0.93274179 0.07134687 -0.35341531
vn -0.91632032 0.05669724 -0.39641202
vn -0.91632032 0.05669724 -0.39641202
vn -0.91632032 0.05669724 -0.39641202
vn -0.76038996 0.03816933 -0.64834421
vn -0.76038996 0.03816933 -0.64834421
vn -0.76038996 0.03816933 -0.64834421
vn -0.80217581 0.04115928 -0.59566760
vn -0.80217581 0.04115928 -0.59566760
vn -0.80217581 0.04115928 -0.59566760
vn -0.85109812 0.05912759 -0.52166649
vn -0.85109812 0.05912759 -0.52166649
vn -0.85109812 0.05912759 -0.52166649
vn -0.85621765 0.05569279 -0.51360456
vn -0.85621765 0.05569279 -0.51360456
vn -0.85621765 0.05569279 -0.51360456
vn -0.89155510 0.05415659 -0.44966272
vn -0.89155510 0.05415659 -0.44966272
vn -0.89155510 0.05415659 -0.44966272
vn -0.62663542 0.02580523 -0.77888519
vn -0.62663542 0.02580523 -0.77888519
vn -0.62663542 0.02580523 -0.77888519
vn -0.72395065 0.04933325 -0.68808553
vn -0.72395065 0.04933325 -0.68808553
vn -0.72395065 0.04933325 -0.68808553
vn -0.68953522 0.03383947 -0.72346117
vn -0.68953522 0.03383947 -0.72346117
vn -0.68953522 0.03383947 -0.72346117
vn -0.71275907 0.04678397 -0.69984696
vn -0.71275907 0.04678397 -0.69984696
vn -0.71275907 0.04678397 -0.69984696
vn -0.71373241 0.05632311 -0.69815024
vn -0.71373241 0.05632311 -0.69815024
vn -0.71373241 0.05632311 -0.69815024
vn -0.85092500 0.06212763 -0.52160023
vn -0.85092500 0.06212763 -0.52160023
vn -0.85092500 0.06212763 -0.52160023
vn -0.86187179 0.07399824 -0.50169839
vn -0.86187179 0.07399824 -0.50169839
vn -0.86187179 0.07399824 -0.50169839
vn -0.93238752 0.07643846 -0.35328554
vn -0.93238752 0.07643846 -0.35328554
vn -0.93238752 0.07643846 -0.35328554
vn -0.93782231 0.08571469 -0.33636634
vn -0.93782231 0.08571469 -0.33636634
vn -0.93782231 0.08571469 -0.33636634
vn -0.97070539 0.08570569 -0.22446732
vn -0.97070539 0.08570569 -0.22446732
vn -0.97070539 0.08570569 -0.22446732
vn -0.97239218 0.09064015 -0.21502981
vn -0.97239218 0.09064015 -0.21502981
vn -0.97239218 0.09064015 -0.21502981
vn -0.98647341 0.08952788 -0.13731343
vn -0.98647341 0.08952788 -0.13731343
vn -0.98647341 0.08952788 -0.13731343
vn -0.98562818 0.05149341 -0.16088976
vn -0.98562818 0.05149341 -0.16088976
vn -0.98562818 0.05149341 -0.16088976
vn -0.95826851 0.24840071 0.14148690
vn -0.95826851 0.24840071 0.14148690
vn -0.95826851 0.24840071 0.14148690
vn -0.95384811 0.25239831 0.16269258
vn -0.95384811 0.25239831 0.16269258
vn -0.95384811 0.25239831 0.16269258
vn -0.96013644 0.23704751 0.14814348
vn -0.96013644 0.23704751 0.14814348
vn -0.96013644 0.23704751 0.14814348
vn -0.94342919 0.26123771 0.20419651
vn -0.94342919 0.26123771 0.20419651
vn -0.94342919 0.26123771 0.20419651
vn -0.95478936 0.20672199 0.21364290
vn -0.95478936 0.20672199 0.21364290
vn -0.95478936 0.20672199 0.21364290
vn -0.94484292 0.24517402 0.21716713
vn -0.94484292 0.24517402 0.21716713
vn -0.94484292 0.24517402 0.21716713
vn -0.93310180 0.23850905 0.26913653
vn -0.93310180 0.23850905 0.26913653
vn -0.93310180 0.23850905 0.26913653
vn -0.93918167 0.23729259 0.24825393
vn -0.93918167 0.23729259 0.24825393
vn -0.93918167 0.23729259 0.24825393
vn -0.87687037 0.23339884 0.42026579
vn -0.87687037 0.23339884 0.42026579
vn -0.87687037 0.23339884 0.42026579
vn -0.91114903 0.23561275 0.33807407
vn -0.91114903 0.23561275 0.33807407
vn -0.91114903 0.23561275 0.33807407
vn -0.92652526 0.20742206 0.31389015
vn -0.92652526 0.20742206 0.31389015
vn -0.92652526 0.20742206 0.31389015
vn -0.94258795 0.21362244 0.25669712
vn -0.94258795 0.21362244 0.25669712
vn -0.94258795 0.21362244 0.25669712
vn -0.94649067 0.20753947 0.24714930
vn -0.94649067 0.20753947 0.24714930
vn -0.94649067 0.20753947 0.24714930
vn -0.95960539 0.23305326 0.15761873
vn -0.95960539 0.23305326 0.15761873
vn -0.95960539 0.23305326 0.15761873
vn -0.95546787 0.22628878 0.18940574
vn -0.95546787 0.22628878 0.18940574
vn -0.95546787 0.22628878 0.18940574
vn -0.95116790 0.23229235 0.20327295
vn -0.95116790 0.23229235 0.20327295
vn -0.95116790 0.23229235 0.20327295
vn -0.95369135 0.19699976 0.22729693
vn -0.95369135 0.19699976 0.22729693
vn -0.95369135 0.19699976 0.22729693
vn -0.93321503 0.23680677 0.27024481
vn -0.93321503 0.23680677 0.27024481
vn -0.93321503 0.23680677 0.27024481
vn -0.91127738 0.24090686 0.33397218
vn -0.91127738 0.24090686 0.33397218
vn -0.91127738 0.24090686 0.33397218
vn -0.95745319 0.26153400 0.12199734
vn -0.95745319 0.26153400 0.12199734
vn -0.95745319 0.26153400 0.12199734
vn -0.94215900 0.30999260 0.12744021
vn -0.94215900 0.30999260 0.12744021
vn -0.94215900 0.30999260 0.12744021
vn -0.69604693 0.71698975 0.03800489
vn -0.69604693 0.71698975 0.03800489
vn -0.69604693 0.71698975 0.03800489
vn -0.80201864 0.58765358 0.10690826
vn -0.80201864 0.58765358 0.10690826
vn -0.80201864 0.58765358 0.10690826
vn -0.77928305 0.61804629 0.10361810
vn -0.77928305 0.61804629 0.10361810
vn -0.77928305 0.61804629 0.10361810
vn -0.91969762 0.38406013 0.08157268
vn -0.91969762 0.38406013 0.08157268
vn -0.91969762 0.38406013 0.08157268
vn -0.91562943 0.39383247 0.08073862
vn -0.91562943 0.39383247 0.08073862
vn -0.91562943 0.39383247 0.08073862
vn -0.91769454 0.39728644 0.00046386
vn -0.91769454 0.39728644 0.00046386
vn -0.91769454 0.39728644 0.00046386
vn -0.35288641 0.27174225 0.89533643
vn -0.35288641 0.27174225 0.89533643
vn -0.35288641 0.27174225 0.89533643
vn -0.88026211 0.47444004 0.00672850
vn -0.88026211 0.47444004 0.00672850
vn -0.88026211 0.47444004 0.00672850
vn -0.87133738 0.48965475 0.03177105
vn -0.87133738 0.48965475 0.03177105
vn -0.87133738 0.48965475 0.03177105
vn -0.86505856 0.50095937 0.02670930
vn -0.86505856 0.50095937 0.02670930
vn -0.86505856 0.50095937 0.02670930
vn -0.78704556 0.59733837 -0.15409787
vn -0.78704556 0.59733837 -0.15409787
vn -0.78704556 0.59733837 -0.15409787
vn -0.92718183 0.37227090 0.04181182
vn -0.92718183 0.37227090 0.04181182
vn -0.92718183 0.37227090 0.04181182
vn -0.92747736 0.37064807 0.04904848
vn -0.92747736 0.37064807 0.04904848
vn -0.92747736 0.37064807 0.04904848
vn -0.53864990 0.84149600 0.04172252
vn -0.53864990 0.84149600 0.04172252
vn -0.53864990 0.84149600 0.04172252
vn -0.59074934 0.80493833 0.05558340
vn -0.59074934 0.80493833 0.05558340
vn -0.59074934 0.80493833 0.05558340
vn -0.58048339 0.80527734 0.12069564
vn -0.58048339 0.80527734 0.12069564
vn -0.58048339 0.80527734 0.12069564
vn -0.59064961 0.79713180 0.12535522
vn -0.59064961 0.79713180 0.12535522
vn -0.59064961 0.79713180 0.12535522
vn -0.56500291 0.80697712 0.17192919
vn -0.56500291 0.80697712 0.17192919
vn -0.56500291 0.80697712 0.17192919
vn -0.99725468 0.07169885 0.01850359
vn -0.99725468 0.07169885 0.01850359
vn -0.99725468 0.07169885 0.01850359
vn -0.84783269 0.05886601 0.52698626
vn -0.84783269 0.05886601 0.52698626
vn -0.84783269 0.05886601 0.52698626
vn -0.85092534 0.06212122 0.52160044
vn -0.85092534 0.06212122 0.52160044
vn -0.85092534 0.06212122 0.52160044
vn -0.78036112 0.05929804 0.62251125
vn -0.78036112 0.05929804 0.62251125
vn -0.78036112 0.05929804 0.62251125
vn -0.69909391 0.03849260 0.71399301
vn -0.69909391 0.03849260 0.71399301
vn -0.69909391 0.03849260 0.71399301
vn -0.70362254 0.04181943 0.70934227
vn -0.70362254 0.04181943 0.70934227
vn -0.70362254 0.04181943 0.70934227
vn -0.69439462 0.05251224 0.71767581
vn -0.69439462 0.05251224 0.71767581
vn -0.69439462 0.05251224 0.71767581
vn -0.67161091 0.02194000 0.74057912
vn -0.67161091 0.02194000 0.74057912
vn -0.67161091 0.02194000 0.74057912
vn -0.89029529 0.05397709 0.45217339
vn -0.89029529 0.05397709 0.45217339
vn -0.89029529 0.05397709 0.45217339
vn -0.85352160 0.05660879 0.51797328
vn -0.85352160 0.05660879 0.51797328
vn -0.85352160 0.05660879 0.51797328
vn -0.85114685 0.05825747 0.52168487
vn -0.85114685 0.05825747 0.52168487
vn -0.85114685 0.05825747 0.52168487
vn -0.80066140 0.04101669 0.59771143
vn -0.80066140 0.04101669 0.59771143
vn -0.80066140 0.04101669 0.59771143
vn -0.75404955 0.03768745 0.65573541
vn -0.75404955 0.03768745 0.65573541
vn -0.75404955 0.03768745 0.65573541
vn -0.91505160 0.05650973 0.39935850
vn -0.91505160 0.05650973 0.39935850
vn -0.91505160 0.05650973 0.39935850
vn -0.93274114 0.07134933 0.35341652
vn -0.93274114 0.07134933 0.35341652
vn -0.93274114 0.07134933 0.35341652
vn -0.94903948 0.06015997 0.30936200
vn -0.94903948 0.06015997 0.30936200
vn -0.94903948 0.06015997 0.30936200
vn -0.97172815 0.07223782 0.22478011
vn -0.97172815 0.07223782 0.22478011
vn -0.97172815 0.07223782 0.22478011
vn -0.97408982 0.06845313 0.21555324
vn -0.97408982 0.06845313 0.21555324
vn -0.97408982 0.06845313 0.21555324
vn -0.89684913 0.07535205 0.43587121
vn -0.89684913 0.07535205 0.43587121
vn -0.89684913 0.07535205 0.43587121
vn -0.93445336 0.07648361 0.34777459
vn -0.93445336 0.07648361 0.34777459
vn -0.93445336 0.07648361 0.34777459
vn -0.93220041 0.07898830 0.35321840
vn -0.93220041 0.07898830 0.35321840
vn -0.93220041 0.07898830 0.35321840
vn -0.97284496 0.09128683 0.21269555
vn -0.97284496 0.09128683 0.21269555
vn -0.97284496 0.09128683 0.21269555
vn -0.96950301 0.09917430 0.22411685
vn -0.96950301 0.09917430 0.22411685
vn -0.96950301 0.09917430 0.22411685
vn -0.98736715 0.08592698 0.13312654
vn -0.98736715 0.08592698 0.13312654
vn -0.98736715 0.08592698 0.13312654
vn -0.99125483 0.06846738 0.11280990
vn -0.99125483 0.06846738 0.11280990
vn -0.99125483 0.06846738 0.11280990
vn -0.99231025 0.08486692 0.09009981
vn -0.99231025 0.08486692 0.09009981
vn -0.99231025 0.08486692 0.09009981
vn -0.99495001 0.08628092 0.05128435
vn -0.99495001 0.08628092 0.05128435
vn -0.99495001 0.08628092 0.05128435
vn -0.99730589 0.06839719 0.02651027
vn -0.99730589 0.06839719 0.02651027
vn -0.99730589 0.06839719 0.02651027
vn -0.99505178 0.07797322 0.06158033
vn -0.99505178 0.07797322 0.06158033
vn -0.99505178 0.07797322 0.06158033
vn -0.99657318 0.07069862 0.04293713
vn -0.99657318 0.07069862 0.04293713
vn -0.99657318 0.07069862 0.04293713
vn -0.99357072 0.07086127 0.08829444
vn -0.99357072 0.07086127 0.08829444
vn -0.99357072 0.07086127 0.08829444
vn -0.99009621 0.08390879 0.11255579
vn -0.99009621 0.08390879 0.11255579
vn -0.99009621 0.08390879 0.11255579
vn -0.98813139 0.07219575 0.13558810
vn -0.98813139 0.07219575 0.13558810
vn -0.98813139 0.07219575 0.13558810
vn -0.98304635 0.06947445 0.16968553
vn -0.98304635 0.06947445 0.16968553
vn -0.98304635 0.06947445 0.16968553
vn -0.84610214 0.14359193 0.51331523
vn -0.84610214 0.14359193 0.51331523
vn -0.84610214 0.14359193 0.51331523
vn -0.97569662 0.04833407 0.21372863
vn -0.97569662 0.04833407 0.21372863
vn -0.97569662 0.04833407 0.21372863
vn -0.74408296 0.20392404 0.63620400
vn -0.74408296 0.20392404 0.63620400
vn -0.74408296 0.20392404 0.63620400
vn -0.94809777 0.18868939 0.25594322
vn -0.94809777 0.18868939 0.25594322
vn -0.94809777 0.18868939 0.25594322
vn -0.93679466 0.18371675 0.29776488
vn -0.93679466 0.18371675 0.29776488
vn -0.93679466 0.18371675 0.29776488
vn -0.87669248 0.20751058 0.43399269
vn -0.87669248 0.20751058 0.43399269
vn -0.87669248 0.20751058 0.43399269
vn -0.83645780 0.20632660 0.50770827
vn -0.83645780 0.20632660 0.50770827
vn -0.83645780 0.20632660 0.50770827
vn -0.81929426 0.18190633 0.54375270
vn -0.81929426 0.18190633 0.54375270
vn -0.81929426 0.18190633 0.54375270
vn -0.84601527 0.19893689 0.49465369
vn -0.84601527 0.19893689 0.49465369
vn -0.84601527 0.19893689 0.49465369
vn -0.65747595 0.14852831 0.73869122
vn -0.65747595 0.14852831 0.73869122
vn -0.65747595 0.14852831 0.73869122
vn -0.66472339 0.14997163 0.73188204
vn -0.66472339 0.14997163 0.73188204
vn -0.66472339 0.14997163 0.73188204
vn -0.73971871 0.15183359 0.65556296
vn -0.73971871 0.15183359 0.65556296
vn -0.73971871 0.15183359 0.65556296
vn -0.48545589 0.09371492 0.86922385
vn -0.48545589 0.09371492 0.86922385
vn -0.48545589 0.09371492 0.86922385
vn -0.48041351 0.06635353 0.87452849
vn -0.48041351 0.06635353 0.87452849
vn -0.48041351 0.06635353 0.87452849
vn -0.56853946 0.05165678 0.82103256
vn -0.56853946 0.05165678 0.82103256
vn -0.56853946 0.05165678 0.82103256
vn -0.48525907 0.08439420 0.87028803
vn -0.48525907 0.08439420 0.87028803
vn -0.48525907 0.08439420 0.87028803
vn -0.57952211 0.14163747 0.80255402
vn -0.57952211 0.14163747 0.80255402
vn -0.57952211 0.14163747 0.80255402
vn -0.62144872 0.13229921 0.77220361
vn -0.62144872 0.13229921 0.77220361
vn -0.62144872 0.13229921 0.77220361
vn -0.62732357 0.07404835 0.77523028
vn -0.62732357 0.07404835 0.77523028
vn -0.62732357 0.07404835 0.77523028
vn -0.58871872 0.08170300 0.80419829
vn -0.58871872 0.08170300 0.80419829
vn -0.58871872 0.08170300 0.80419829
vn -0.69693875 0.07587491 0.71310545
vn -0.69693875 0.07587491 0.71310545
vn -0.69693875 0.07587491 0.71310545
vn -0.74679840 0.08690606 0.65934778
vn -0.74679840 0.08690606 0.65934778
vn -0.74679840 0.08690606 0.65934778
vn -0.77870499 0.08413083 0.62172385
vn -0.77870499 0.08413083 0.62172385
vn -0.77870499 0.08413083 0.62172385
vn -0.97142895 0.07305027 0.22580844
vn -0.97142895 0.07305027 0.22580844
vn -0.97142895 0.07305027 0.22580844
vn -0.94235095 0.17253231 0.28671812
vn -0.94235095 0.17253231 0.28671812
vn -0.94235095 0.17253231 0.28671812
vn -0.92875033 0.15890550 0.33492070
vn -0.92875033 0.15890550 0.33492070
vn -0.92875033 0.15890550 0.33492070
vn -0.88809844 0.15212253 0.43375096
vn -0.88809844 0.15212253 0.43375096
vn -0.88809844 0.15212253 0.43375096
vn -0.92693835 0.13945064 0.34833722
vn -0.92693835 0.13945064 0.34833722
vn -0.92693835 0.13945064 0.34833722
vn -0.94320049 0.12734433 0.30684890
vn -0.94320049 0.12734433 0.30684890
vn -0.94320049 0.12734433 0.30684890
vn -0.93711665 0.10359285 0.33328803
vn -0.93711665 0.10359285 0.33328803
vn -0.93711665 0.10359285 0.33328803
vn -0.94027482 0.10192378 0.32479964
vn -0.94027482 0.10192378 0.32479964
vn -0.94027482 0.10192378 0.32479964
vn -0.94875925 0.08740957 0.30366996
vn -0.94875925 0.08740957 0.30366996
vn -0.94875925 0.08740957 0.30366996
vn -0.94490548 0.08315337 0.31660569
vn -0.94490548 0.08315337 0.31660569
vn -0.94490548 0.08315337 0.31660569
vn -0.96087180 0.09532676 0.26007345
vn -0.96087180 0.09532676 0.26007345
vn -0.96087180 0.09532676 0.26007345
vn -0.92700010 0.19824186 0.31838809
vn -0.92700010 0.19824186 0.31838809
vn -0.92700010 0.19824186 0.31838809
vn -0.92520579 0.19450359 0.32582602
vn -0.92520579 0.19450359 0.32582602
vn -0.92520579 0.19450359 0.32582602
vn -0.91532737 0.18739779 0.35645178
vn -0.91532737 0.18739779 0.35645178
vn -0.91532737 0.18739779 0.35645178
vn -0.92090712 0.15041957 0.35958870
vn -0.92090712 0.15041957 0.35958870
vn -0.92090712 0.15041957 0.35958870
vn -0.91262756 0.14091864 0.38373542
vn -0.91262756 0.14091864 0.38373542
vn -0.91262756 0.14091864 0.38373542
vn -0.91660364 0.10441242 0.38592202
vn -0.91660364 0.10441242 0.38592202
vn -0.91660364 0.10441242 0.38592202
vn -0.91039376 0.09755131 0.40207828
vn -0.91039376 0.09755131 0.40207828
vn -0.91039376 0.09755131 0.40207828
vn -0.59525773 0.25143732 0.76318249
vn -0.59525773 0.25143732 0.76318249
vn -0.59525773 0.25143732 0.76318249
vn -0.71932923 0.17924211 0.67114658
vn -0.71932923 0.17924211 0.67114658
vn -0.71932923 0.17924211 0.67114658
vn -0.72467989 0.14189883 0.67431727
vn -0.72467989 0.14189883 0.67431727
vn -0.72467989 0.14189883 0.67431727
vn -0.84427360 0.14208619 0.51673359
vn -0.84427360 0.14208619 0.51673359
vn -0.84427360 0.14208619 0.51673359
vn -0.84990732 0.08654955 0.51977564
vn -0.84990732 0.08654955 0.51977564
vn -0.84990732 0.08654955 0.51977564
vn -0.81743959 0.09729924 0.56773707
vn -0.81743959 0.09729924 0.56773707
vn -0.81743959 0.09729924 0.56773707
vn -0.84661186 0.07817190 0.52643852
vn -0.84661186 0.07817190 0.52643852
vn -0.84661186 0.07817190 0.52643852
vn -0.91150759 0.08392091 0.40263034
vn -0.91150759 0.08392091 0.40263034
vn -0.91150759 0.08392091 0.40263034
vn -0.89510215 0.09741532 0.43508895
vn -0.89510215 0.09741532 0.43508895
vn -0.89510215 0.09741532 0.43508895
vn -0.95013102 0.06777449 0.30439722
vn -0.95013102 0.06777449 0.30439722
vn -0.95013102 0.06777449 0.30439722
vn -0.93283754 0.09658976 0.34710884
vn -0.93283754 0.09658976 0.34710884
vn -0.93283754 0.09658976 0.34710884
vn -0.96482528 0.08552524 0.24859127
vn -0.96482528 0.08552524 0.24859127
vn -0.96482528 0.08552524 0.24859127
vn -0.96486159 0.08550650 0.24845673
vn -0.96486159 0.08550650 0.24845673
vn -0.96486159 0.08550650 0.24845673
vn -0.98772319 0.15401202 -0.02613825
vn -0.98772319 0.15401202 -0.02613825
vn -0.98772319 0.15401202 -0.02613825
vn -0.98635911 0.16443245 -0.00759427
vn -0.98635911 0.16443245 -0.00759427
vn -0.98635911 0.16443245 -0.00759427
vn -0.98752373 0.15719132 -0.00936840
vn -0.98752373 0.15719132 -0.00936840
vn -0.98752373 0.15719132 -0.00936840
vn -0.98371628 0.17933647 -0.01186218
vn -0.98371628 0.17933647 -0.01186218
vn -0.98371628 0.17933647 -0.01186218
vn -0.97987897 0.19953175 -0.00492890
vn -0.97987897 0.19953175 -0.00492890
vn -0.97987897 0.19953175 -0.00492890
vn -0.97640428 0.19752033 -0.08729494
vn -0.97640428 0.19752033 -0.08729494
vn -0.97640428 0.19752033 -0.08729494
vn -0.97433868 0.21078820 -0.07894601
vn -0.97433868 0.21078820 -0.07894601
vn -0.97433868 0.21078820 -0.07894601
vn -0.97546176 0.20539948 -0.07928063
vn -0.97546176 0.20539948 -0.07928063
vn -0.97546176 0.20539948 -0.07928063
vn -0.98634799 0.16037845 -0.03736835
vn -0.98634799 0.16037845 -0.03736835
vn -0.98634799 0.16037845 -0.03736835
vn -0.98350764 0.17900785 -0.02586327
vn -0.98350764 0.17900785 -0.02586327
vn -0.98350764 0.17900785 -0.02586327
vn -0.98155714 0.18716178 -0.03893654
vn -0.98155714 0.18716178 -0.03893654
vn -0.98155714 0.18716178 -0.03893654
vn -0.96294676 0.26094117 -0.06814139
vn -0.96294676 0.26094117 -0.06814139
vn -0.96294676 0.26094117 -0.06814139
vn -0.97613001 0.20266723 -0.07807815
vn -0.97613001 0.20266723 -0.07807815
vn -0.97613001 0.20266723 -0.07807815
vn -0.98061267 0.18153176 -0.07379029
vn -0.98061267 0.18153176 -0.07379029
vn -0.98061267 0.18153176 -0.07379029
vn -0.97901249 0.18900831 -0.07622599
vn -0.97901249 0.18900831 -0.07622599
vn -0.97901249 0.18900831 -0.07622599
vn -0.97898750 0.19937493 -0.04281489
vn -0.97898750 0.19937493 -0.04281489
vn -0.97898750 0.19937493 -0.04281489
vn -0.98039161 0.19329737 -0.03832008
vn -0.98039161 0.19329737 -0.03832008
vn -0.98039161 0.19329737 -0.03832008
vn -0.97919665 0.20008166 -0.03378231
vn -0.97919665 0.20008166 -0.03378231
vn -0.97919665 0.20008166 -0.03378231
vn -0.97874188 0.20413508 -0.01982947
vn -0.97874188 0.20413508 -0.01982947
vn -0.97874188 0.20413508 -0.01982947
vn -0.97694954 0.18751904 -0.10201079
vn -0.97694954 0.18751904 -0.10201079
vn -0.97694954 0.18751904 -0.10201079
vn -0.97580882 0.19366384 -0.10144681
vn -0.97580882 0.19366384 -0.10144681
vn -0.97580882 0.19366384 -0.10144681
vn -0.97635520 0.18366238 -0.11401166
vn -0.97635520 0.18366238 -0.11401166
vn -0.97635520 0.18366238 -0.11401166
vn -0.97679462 0.17726089 -0.12021164
vn -0.97679462 0.17726089 -0.12021164
vn -0.97679462 0.17726089 -0.12021164
vn -0.97431514 0.19027606 -0.12043683
vn -0.97431514 0.19027606 -0.12043683
vn -0.97431514 0.19027606 -0.12043683
vn -0.97499661 0.17419607 -0.13797588
vn -0.97499661 0.17419607 -0.13797588
vn -0.97499661 0.17419607 -0.13797588
vn -0.97237446 0.18715051 -0.13950841
vn -0.97237446 0.18715051 -0.13950841
vn -0.97237446 0.18715051 -0.13950841
vn -0.97290507 0.17400589 -0.15224217
vn -0.97290507 0.17400589 -0.15224217
vn -0.97290507 0.17400589 -0.15224217
vn -0.97221153 0.17956426 -0.15020459
vn -0.97221153 0.17956426 -0.15020459
vn -0.97221153 0.17956426 -0.15020459
vn -0.97086355 0.17403726 -0.16472703
vn -0.97086355 0.17403726 -0.16472703
vn -0.97086355 0.17403726 -0.16472703
vn -0.97060749 0.17859427 -0.16132325
vn -0.97060749 0.17859427 -0.16132325
vn -0.97060749 0.17859427 -0.16132325
vn -0.97017939 0.16981943 -0.17295465
vn -0.97017939 0.16981943 -0.17295465
vn -0.97017939 0.16981943 -0.17295465
vn -0.97318797 0.15804173 -0.16711667
vn -0.97318797 0.15804173 -0.16711667
vn -0.97318797 0.15804173 -0.16711667
vn -0.96978262 0.17373579 -0.17128207
vn -0.96978262 0.17373579 -0.17128207
vn -0.96978262 0.17373579 -0.17128207
vn -0.96800969 0.16750365 -0.18681478
vn -0.96800969 0.16750365 -0.18681478
vn -0.96800969 0.16750365 -0.18681478
vn -0.96770465 0.17040562 -0.18576770
vn -0.96770465 0.17040562 -0.18576770
vn -0.96770465 0.17040562 -0.18576770
vn -0.96756964 0.16293156 -0.19303445
vn -0.96756964 0.16293156 -0.19303445
vn -0.96756964 0.16293156 -0.19303445
vn -0.96713375 0.16634339 -0.19230751
vn -0.96713375 0.16634339 -0.19230751
vn -0.96713375 0.16634339 -0.19230751
vn -0.96700341 0.16088674 -0.19753444
vn -0.96700341 0.16088674 -0.19753444
vn -0.96700341 0.16088674 -0.19753444
vn -0.96566329 0.17275785 -0.19403386
vn -0.96566329 0.17275785 -0.19403386
vn -0.96566329 0.17275785 -0.19403386
vn -0.95776318 0.15654212 -0.24121411
vn -0.95776318 0.15654212 -0.24121411
vn -0.95776318 0.15654212 -0.24121411
vn -0.98202417 0.11803327 -0.14729795
vn -0.98202417 0.11803327 -0.14729795
vn -0.98202417 0.11803327 -0.14729795
vn -0.98423132 0.10917463 -0.13917474
vn -0.98423132 0.10917463 -0.13917474
vn -0.98423132 0.10917463 -0.13917474
vn -0.97481679 0.14751778 -0.16724452
vn -0.97481679 0.14751778 -0.16724452
vn -0.97481679 0.14751778 -0.16724452
vn -0.97600171 0.14330834 -0.16396153
vn -0.97600171 0.14330834 -0.16396153
vn -0.97600171 0.14330834 -0.16396153
vn -0.98034052 0.13450773 -0.14436113
vn -0.98034052 0.13450773 -0.14436113
vn -0.98034052 0.13450773 -0.14436113
vn -0.98035993 0.13017321 -0.14815313
vn -0.98035993 0.13017321 -0.14815313
vn -0.98035993 0.13017321 -0.14815313
vn -0.97813997 0.14282050 -0.15114399
vn -0.97813997 0.14282050 -0.15114399
vn -0.97813997 0.14282050 -0.15114399
vn -0.97656685 0.13055210 -0.17109455
vn -0.97656685 0.13055210 -0.17109455
vn -0.97656685 0.13055210 -0.17109455
vn -0.97660940 0.13985234 -0.16332605
vn -0.97660940 0.13985234 -0.16332605
vn -0.97660940 0.13985234 -0.16332605
vn -0.98501176 0.11470477 -0.12882021
vn -0.98501176 0.11470477 -0.12882021
vn -0.98501176 0.11470477 -0.12882021
vn -0.98366629 0.12910893 -0.12542531
vn -0.98366629 0.12910893 -0.12542531
vn -0.98366629 0.12910893 -0.12542531
vn -0.98274385 0.13334301 -0.12819578
vn -0.98274385 0.13334301 -0.12819578
vn -0.98274385 0.13334301 -0.12819578
vn -0.97790548 0.10975101 -0.17792018
vn -0.97790548 0.10975101 -0.17792018
vn -0.97790548 0.10975101 -0.17792018
vn -0.98235360 0.10644245 -0.15379016
vn -0.98235360 0.10644245 -0.15379016
vn -0.98235360 0.10644245 -0.15379016
vn -0.98393041 0.14101693 -0.10952251
vn -0.98393041 0.14101693 -0.10952251
vn -0.98393041 0.14101693 -0.10952251
vn -0.99072641 0.10668411 -0.08414090
vn -0.99072641 0.10668411 -0.08414090
vn -0.99072641 0.10668411 -0.08414090
vn -0.98663289 0.11885516 -0.11148541
vn -0.98663289 0.11885516 -0.11148541
vn -0.98663289 0.11885516 -0.11148541
vn -0.96191989 0.13325405 -0.23864930
vn -0.96191989 0.13325405 -0.23864930
vn -0.96191989 0.13325405 -0.23864930
vn -0.96282331 0.12828584 -0.23772676
vn -0.96282331 0.12828584 -0.23772676
vn -0.96282331 0.12828584 -0.23772676
vn -0.96748483 0.12071173 -0.22226510
vn -0.96748483 0.12071173 -0.22226510
vn -0.96748483 0.12071173 -0.22226510
vn -0.96809441 0.12482398 -0.21728364
vn -0.96809441 0.12482398 -0.21728364
vn -0.96809441 0.12482398 -0.21728364
vn -0.97253943 0.09939570 -0.21044610
vn -0.97253943 0.09939570 -0.21044610
vn -0.97253943 0.09939570 -0.21044610
vn -0.97580598 0.13059360 -0.17535110
vn -0.97580598 0.13059360 -0.17535110
vn -0.97580598 0.13059360 -0.17535110
vn -0.97637039 0.11628740 -0.18214855
vn -0.97637039 0.11628740 -0.18214855
vn -0.97637039 0.11628740 -0.18214855
vn -0.97461611 0.14651666 -0.16928176
vn -0.97461611 0.14651666 -0.16928176
vn -0.97461611 0.14651666 -0.16928176
vn -0.96053579 0.13829963 -0.24133837
vn -0.96053579 0.13829963 -0.24133837
vn -0.96053579 0.13829963 -0.24133837
vn -0.96273143 0.14291639 -0.22961509
vn -0.96273143 0.14291639 -0.22961509
vn -0.96273143 0.14291639 -0.22961509
vn -0.99324088 0.11521304 -0.01408958
vn -0.99324088 0.11521304 -0.01408958
vn -0.99324088 0.11521304 -0.01408958
vn -0.99484549 0.10113890 -0.00730551
vn -0.99484549 0.10113890 -0.00730551
vn -0.99484549 0.10113890 -0.00730551
vn -0.98846128 0.11088603 -0.10319203
vn -0.98846128 0.11088603 -0.10319203
vn -0.98846128 0.11088603 -0.10319203
vn -0.98707184 0.12292137 -0.10285680
vn -0.98707184 0.12292137 -0.10285680
vn -0.98707184 0.12292137 -0.10285680
vn -0.98936198 0.12031876 -0.08176964
vn -0.98936198 0.12031876 -0.08176964
vn -0.98936198 0.12031876 -0.08176964
vn -0.99326993 0.11419647 -0.01933937
vn -0.99326993 0.11419647 -0.01933937
vn -0.99326993 0.11419647 -0.01933937
vn -0.99286927 0.11584041 -0.02813564
vn -0.99286927 0.11584041 -0.02813564
vn -0.99286927 0.11584041 -0.02813564
vn -0.99253880 0.11425403 -0.04257639
vn -0.99253880 0.11425403 -0.04257639
vn -0.99253880 0.11425403 -0.04257639
vn -0.99293175 0.11118687 -0.04152123
vn -0.99293175 0.11118687 -0.04152123
vn -0.99293175 0.11118687 -0.04152123
vn -0.98965170 0.12670453 -0.06734590
vn -0.98965170 0.12670453 -0.06734590
vn -0.98965170 0.12670453 -0.06734590
vn -0.99282844 0.09893769 -0.06710462
vn -0.99282844 0.09893769 -0.06710462
vn -0.99282844 0.09893769 -0.06710462
vn -0.99044061 0.11589993 -0.07479711
vn -0.99044061 0.11589993 -0.07479711
vn -0.99044061 0.11589993 -0.07479711
vn -0.97074497 0.16389967 0.17547394
vn -0.97074497 0.16389967 0.17547394
vn -0.97074497 0.16389967 0.17547394
vn -0.96658438 0.17857765 0.18391483
vn -0.96658438 0.17857765 0.18391483
vn -0.96658438 0.17857765 0.18391483
vn -0.96896772 0.16164609 0.18700831
vn -0.96896772 0.16164609 0.18700831
vn -0.96896772 0.16164609 0.18700831
vn -0.96633892 0.17233271 0.19102496
vn -0.96633892 0.17233271 0.19102496
vn -0.96633892 0.17233271 0.19102496
vn -0.96790565 0.16023345 0.19360758
vn -0.96790565 0.16023345 0.19360758
vn -0.96790565 0.16023345 0.19360758
vn -0.96609188 0.16767252 0.19634765
vn -0.96609188 0.16767252 0.19634765
vn -0.96609188 0.16767252 0.19634765
vn -0.96720445 0.16023788 0.19707706
vn -0.96720445 0.16023788 0.19707706
vn -0.96720445 0.16023788 0.19707706
vn -0.96894411 0.18263302 0.16671079
vn -0.96894411 0.18263302 0.16671079
vn -0.96894411 0.18263302 0.16671079
vn -0.95778817 0.15633736 0.24124769
vn -0.95778817 0.15633736 0.24124769
vn -0.95778817 0.15633736 0.24124769
vn -0.97681988 0.19050939 0.09761708
vn -0.97681988 0.19050939 0.09761708
vn -0.97681988 0.19050939 0.09761708
vn -0.97617745 0.19484182 0.09546861
vn -0.97617745 0.19484182 0.09546861
vn -0.97617745 0.19484182 0.09546861
vn -0.97759586 0.18018854 0.10880448
vn -0.97759586 0.18018854 0.10880448
vn -0.97759586 0.18018854 0.10880448
vn -0.96858158 0.18464806 0.16659774
vn -0.96858158 0.18464806 0.16659774
vn -0.96858158 0.18464806 0.16659774
vn -0.97444088 0.19616015 0.10948139
vn -0.97444088 0.19616015 0.10948139
vn -0.97444088 0.19616015 0.10948139
vn -0.97588010 0.18340943 0.11840189
vn -0.97588010 0.18340943 0.11840189
vn -0.97588010 0.18340943 0.11840189
vn -0.97392572 0.18172106 0.13581656
vn -0.97392572 0.18172106 0.13581656
vn -0.97392572 0.18172106 0.13581656
vn -0.97399903 0.18099069 0.13626540
vn -0.97399903 0.18099069 0.13626540
vn -0.97399903 0.18099069 0.13626540
vn -0.97201297 0.17767618 0.15369435
vn -0.97201297 0.17767618 0.15369435
vn -0.97201297 0.17767618 0.15369435
vn -0.97300288 0.16716528 0.15912627
vn -0.97300288 0.16716528 0.15912627
vn -0.97300288 0.16716528 0.15912627
vn -0.97618631 0.20044027 0.08296981
vn -0.97618631 0.20044027 0.08296981
vn -0.97618631 0.20044027 0.08296981
vn -0.98756182 0.15719729 0.00326415
vn -0.98756182 0.15719729 0.00326415
vn -0.98756182 0.15719729 0.00326415
vn -0.97989046 0.19953409 0.00091135
vn -0.97989046 0.19953409 0.00091135
vn -0.97989046 0.19953409 0.00091135
vn -0.98016847 0.19809310 0.00537460
vn -0.98016847 0.19809310 0.00537460
vn -0.98016847 0.19809310 0.00537460
vn -0.98549251 0.16901271 0.01546682
vn -0.98549251 0.16901271 0.01546682
vn -0.98549251 0.16901271 0.01546682
vn -0.98569767 0.16831669 0.00834237
vn -0.98569767 0.16831669 0.00834237
vn -0.98569767 0.16831669 0.00834237
vn -0.97893690 0.20011798 0.04043925
vn -0.97893690 0.20011798 0.04043925
vn -0.97893690 0.20011798 0.04043925
vn -0.96256725 0.26239613 0.06791587
vn -0.96256725 0.26239613 0.06791587
vn -0.96256725 0.26239613 0.06791587
vn -0.98182762 0.18582507 0.03851707
vn -0.98182762 0.18582507 0.03851707
vn -0.98182762 0.18582507 0.03851707
vn -0.98082725 0.19071631 0.04006493
vn -0.98082725 0.19071631 0.04006493
vn -0.98082725 0.19071631 0.04006493
vn -0.97919827 0.20007747 0.03376026
vn -0.97919827 0.20007747 0.03376026
vn -0.97919827 0.20007747 0.03376026
vn -0.97873906 0.20415284 0.01978543
vn -0.97873906 0.20415284 0.01978543
vn -0.97873906 0.20415284 0.01978543
vn -0.96890100 0.23561045 0.07562123
vn -0.96890100 0.23561045 0.07562123
vn -0.96890100 0.23561045 0.07562123
vn -0.98756781 0.15665751 0.01297097
vn -0.98756781 0.15665751 0.01297097
vn -0.98756781 0.15665751 0.01297097
vn -0.98583309 0.16506482 0.02977789
vn -0.98583309 0.16506482 0.02977789
vn -0.98583309 0.16506482 0.02977789
vn -0.98597787 0.16428044 0.02931863
vn -0.98597787 0.16428044 0.02931863
vn -0.98597787 0.16428044 0.02931863
vn -0.98248417 0.17147472 0.07294712
vn -0.98248417 0.17147472 0.07294712
vn -0.98248417 0.17147472 0.07294712
vn -0.97900944 0.18902229 0.07623057
vn -0.97900944 0.18902229 0.07623057
vn -0.97900944 0.18902229 0.07623057
vn -0.97966504 0.18599643 0.07524454
vn -0.97966504 0.18599643 0.07524454
vn -0.97966504 0.18599643 0.07524454
vn -0.97580708 0.20431836 0.07781105
vn -0.97580708 0.20431836 0.07781105
vn -0.97580708 0.20431836 0.07781105
vn -0.98833356 0.15215467 -0.00676276
vn -0.98833356 0.15215467 -0.00676276
vn -0.98833356 0.15215467 -0.00676276
vn -0.98842720 0.15038035 -0.01993543
vn -0.98842720 0.15038035 -0.01993543
vn -0.98842720 0.15038035 -0.01993543
vn -0.98861208 0.14690815 -0.03262129
vn -0.98861208 0.14690815 -0.03262129
vn -0.98861208 0.14690815 -0.03262129
vn -0.98813493 0.15230256 -0.01983157
vn -0.98813493 0.15230256 -0.01983157
vn -0.98813493 0.15230256 -0.01983157
vn -0.98381937 0.15330943 -0.09271283
vn -0.98381937 0.15330943 -0.09271283
vn -0.98381937 0.15330943 -0.09271283
vn -0.98339183 0.15211042 -0.09900976
vn -0.98339183 0.15211042 -0.09900976
vn -0.98339183 0.15211042 -0.09900976
vn -0.98337325 0.15194218 -0.09945159
vn -0.98337325 0.15194218 -0.09945159
vn -0.98337325 0.15194218 -0.09945159
vn -0.98329833 0.15086078 -0.10181067
vn -0.98329833 0.15086078 -0.10181067
vn -0.98329833 0.15086078 -0.10181067
vn -0.98327926 0.15147075 -0.10108663
vn -0.98327926 0.15147075 -0.10108663
vn -0.98327926 0.15147075 -0.10108663
vn -0.98323051 0.15222791 -0.10042128
vn -0.98323051 0.15222791 -0.10042128
vn -0.98323051 0.15222791 -0.10042128
vn -0.98304039 0.15409353 -0.09943224
vn -0.98304039 0.15409353 -0.09943224
vn -0.98304039 0.15409353 -0.09943224
vn -0.98708247 0.15256384 -0.04891283
vn -0.98708247 0.15256384 -0.04891283
vn -0.98708247 0.15256384 -0.04891283
vn -0.98678958 0.15144664 -0.05753472
vn -0.98678958 0.15144664 -0.05753472
vn -0.98678958 0.15144664 -0.05753472
vn -0.98668442 0.15078080 -0.06098367
vn -0.98668442 0.15078080 -0.06098367
vn -0.98668442 0.15078080 -0.06098367
vn -0.98592011 0.15243268 -0.06874451
vn -0.98592011 0.15243268 -0.06874451
vn -0.98592011 0.15243268 -0.06874451
vn -0.98469866 0.15369394 -0.08213843
vn -0.98469866 0.15369394 -0.08213843
vn -0.98469866 0.15369394 -0.08213843
vn -0.98436774 0.15900933 -0.07573764
vn -0.98436774 0.15900933 -0.07573764
vn -0.98436774 0.15900933 -0.07573764
vn -0.98690318 0.14932216 -0.06103275
vn -0.98690318 0.14932216 -0.06103275
vn -0.98690318 0.14932216 -0.06103275
vn -0.98407733 0.15211089 -0.09194606
vn -0.98407733 0.15211089 -0.09194606
vn -0.98407733 0.15211089 -0.09194606
vn -0.98485860 0.15753809 -0.07235536
vn -0.98485860 0.15753809 -0.07235536
vn -0.98485860 0.15753809 -0.07235536
vn -0.98573559 0.15498679 -0.06560827
vn -0.98573559 0.15498679 -0.06560827
vn -0.98573559 0.15498679 -0.06560827
vn -0.98642494 0.15345957 -0.05844647
vn -0.98642494 0.15345957 -0.05844647
vn -0.98642494 0.15345957 -0.05844647
vn -0.98336438 0.15193419 -0.09955151
vn -0.98336438 0.15193419 -0.09955151
vn -0.98336438 0.15193419 -0.09955151
vn -0.98299853 0.15371166 -0.10043218
vn -0.98299853 0.15371166 -0.10043218
vn -0.98299853 0.15371166 -0.10043218
vn -0.98285568 0.15431379 -0.10090569
vn -0.98285568 0.15431379 -0.10090569
vn -0.98285568 0.15431379 -0.10090569
vn -0.98282260 0.15443336 -0.10104490
vn -0.98282260 0.15443336 -0.10104490
vn -0.98282260 0.15443336 -0.10104490
vn -0.98313430 0.15361209 -0.09924855
vn -0.98313430 0.15361209 -0.09924855
vn -0.98313430 0.15361209 -0.09924855
vn -0.98362884 0.15269845 -0.09569472
vn -0.98362884 0.15269845 -0.09569472
vn -0.98362884 0.15269845 -0.09569472
vn -0.98738979 0.15591507 -0.02742056
vn -0.98738979 0.15591507 -0.02742056
vn -0.98738979 0.15591507 -0.02742056
vn -0.98800890 0.15311919 -0.01982256
vn -0.98800890 0.15311919 -0.01982256
vn -0.98800890 0.15311919 -0.01982256
vn -0.98750495 0.15182560 -0.04222501
vn -0.98750495 0.15182560 -0.04222501
vn -0.98750495 0.15182560 -0.04222501
vn -0.98689990 0.15255636 -0.05248953
vn -0.98689990 0.15255636 -0.05248953
vn -0.98689990 0.15255636 -0.05248953
vn -0.98784917 0.15416766 -0.01965585
vn -0.98784917 0.15416766 -0.01965585
vn -0.98784917 0.15416766 -0.01965585
vn -0.98813220 0.15301204 -0.01349321
vn -0.98813220 0.15301204 -0.01349321
vn -0.98813220 0.15301204 -0.01349321
vn -0.98833925 0.15219373 -0.00475278
vn -0.98833925 0.15219373 -0.00475278
vn -0.98833925 0.15219373 -0.00475278
vn -0.99330029 0.11521974 0.00888564
vn -0.99330029 0.11521974 0.00888564
vn -0.99330029 0.11521974 0.00888564
vn -0.99387738 0.10951000 0.01467341
vn -0.99387738 0.10951000 0.01467341
vn -0.99387738 0.10951000 0.01467341
vn -0.99317130 0.11463123 0.02168971
vn -0.99317130 0.11463123 0.02168971
vn -0.99317130 0.11463123 0.02168971
vn -0.99275094 0.11626709 0.03045554
vn -0.99275094 0.11626709 0.03045554
vn -0.99275094 0.11626709 0.03045554
vn -0.99276380 0.11058826 0.04680039
vn -0.99276380 0.11058826 0.04680039
vn -0.99276380 0.11058826 0.04680039
vn -0.99248896 0.11474309 0.04242282
vn -0.99248896 0.11474309 0.04242282
vn -0.99248896 0.11474309 0.04242282
vn -0.99084222 0.11998416 0.06193133
vn -0.99084222 0.11998416 0.06193133
vn -0.99084222 0.11998416 0.06193133
vn -0.99070158 0.11396850 0.07430723
vn -0.99070158 0.11396850 0.07430723
vn -0.99070158 0.11396850 0.07430723
vn -0.99017574 0.11701036 0.07655448
vn -0.99017574 0.11701036 0.07655448
vn -0.99017574 0.11701036 0.07655448
vn -0.98729875 0.11602049 0.10853768
vn -0.98729875 0.11602049 0.10853768
vn -0.98729875 0.11602049 0.10853768
vn -0.98793455 0.12048728 0.09730435
vn -0.98793455 0.12048728 0.09730435
vn -0.98793455 0.12048728 0.09730435
vn -0.98911778 0.12127880 0.08329152
vn -0.98911778 0.12127880 0.08329152
vn -0.98911778 0.12127880 0.08329152
vn -0.97457796 0.14914475 0.16719343
vn -0.97457796 0.14914475 0.16719343
vn -0.97457796 0.14914475 0.16719343
vn -0.97464706 0.14652966 0.16909219
vn -0.97464706 0.14652966 0.16909219
vn -0.97464706 0.14652966 0.16909219
vn -0.96852314 0.12247335 0.21670995
vn -0.96852314 0.12247335 0.21670995
vn -0.96852314 0.12247335 0.21670995
vn -0.96276957 0.12598954 0.23916811
vn -0.96276957 0.12598954 0.23916811
vn -0.96276957 0.12598954 0.23916811
vn -0.96149015 0.13878525 0.23722423
vn -0.96149015 0.13878525 0.23722423
vn -0.96149015 0.13878525 0.23722423
vn -0.96255505 0.13810507 0.23326971
vn -0.96255505 0.13810507 0.23326971
vn -0.96255505 0.13810507 0.23326971
vn -0.95938057 0.14611707 0.24132700
vn -0.95938057 0.14611707 0.24132700
vn -0.95938057 0.14611707 0.24132700
vn -0.97291434 0.11082825 0.20286644
vn -0.97291434 0.11082825 0.20286644
vn -0.97291434 0.11082825 0.20286644
vn -0.96978234 0.11602730 0.21461565
vn -0.96978234 0.11602730 0.21461565
vn -0.96978234 0.11602730 0.21461565
vn -0.96850238 0.12208556 0.21702132
vn -0.96850238 0.12208556 0.21702132
vn -0.96850238 0.12208556 0.21702132
vn -0.98921575 0.10740916 0.09957647
vn -0.98921575 0.10740916 0.09957647
vn -0.98921575 0.10740916 0.09957647
vn -0.98581582 0.13390074 0.10118180
vn -0.98581582 0.13390074 0.10118180
vn -0.98581582 0.13390074 0.10118180
vn -0.98377984 0.13057252 0.12299610
vn -0.98377984 0.13057252 0.12299610
vn -0.98377984 0.13057252 0.12299610
vn -0.98381362 0.13009414 0.12323263
vn -0.98381362 0.13009414 0.12323263
vn -0.98381362 0.13009414 0.12323263
vn -0.98303807 0.10950233 0.14712373
vn -0.98303807 0.10950233 0.14712373
vn -0.98303807 0.10950233 0.14712373
vn -0.98105627 0.13434521 0.13957061
vn -0.98105627 0.13434521 0.13957061
vn -0.98105627 0.13434521 0.13957061
vn -0.98026130 0.08799149 0.17704598
vn -0.98026130 0.08799149 0.17704598
vn -0.98026130 0.08799149 0.17704598
vn -0.97674545 0.11532050 0.18074706
vn -0.97674545 0.11532050 0.18074706
vn -0.97674545 0.11532050 0.18074706
vn -0.98075466 0.13750468 0.13861012
vn -0.98075466 0.13750468 0.13861012
vn -0.98075466 0.13750468 0.13861012
vn -0.98058814 0.12653216 0.14978820
vn -0.98058814 0.12653216 0.14978820
vn -0.98058814 0.12653216 0.14978820
vn -0.97528122 0.14586482 0.16598190
vn -0.97528122 0.14586482 0.16598190
vn -0.97528122 0.14586482 0.16598190
vn -0.97618665 0.14227454 0.16376074
vn -0.97618665 0.14227454 0.16376074
vn -0.97618665 0.14227454 0.16376074
vn -0.97673335 0.13914895 0.16318559
vn -0.97673335 0.13914895 0.16318559
vn -0.97673335 0.13914895 0.16318559
vn -0.97710002 0.13922188 0.16091244
vn -0.97710002 0.13922188 0.16091244
vn -0.97710002 0.13922188 0.16091244
vn -0.97944599 0.13649534 0.14850781
vn -0.97944599 0.13649534 0.14850781
vn -0.97944599 0.13649534 0.14850781
vn -0.98547641 0.15340182 0.07282942
vn -0.98547641 0.15340182 0.07282942
vn -0.98547641 0.15340182 0.07282942
vn -0.98687837 0.15278672 0.05222361
vn -0.98687837 0.15278672 0.05222361
vn -0.98687837 0.15278672 0.05222361
vn -0.98743675 0.15221533 0.04241659
vn -0.98743675 0.15221533 0.04241659
vn -0.98743675 0.15221533 0.04241659
vn -0.98747513 0.15243956 0.04068241
vn -0.98747513 0.15243956 0.04068241
vn -0.98747513 0.15243956 0.04068241
vn -0.98797679 0.15233753 0.02636543
vn -0.98797679 0.15233753 0.02636543
vn -0.98797679 0.15233753 0.02636543
vn -0.98841712 0.15091025 0.01605257
vn -0.98841712 0.15091025 0.01605257
vn -0.98841712 0.15091025 0.01605257
vn -0.98836105 0.15162552 0.01233457
vn -0.98836105 0.15162552 0.01233457
vn -0.98836105 0.15162552 0.01233457
vn -0.98835136 0.15215736 0.00311853
vn -0.98835136 0.15215736 0.00311853
vn -0.98835136 0.15215736 0.00311853
vn -0.98635163 0.15250673 0.06206582
vn -0.98635163 0.15250673 0.06206582
vn -0.98635163 0.15250673 0.06206582
vn -0.98622567 0.15217770 0.06481413
vn -0.98622567 0.15217770 0.06481413
vn -0.98622567 0.15217770 0.06481413
vn -0.98671304 0.15293812 0.05483892
vn -0.98671304 0.15293812 0.05483892
vn -0.98671304 0.15293812 0.05483892
vn -0.98363307 0.15351588 0.09433375
vn -0.98363307 0.15351588 0.09433375
vn -0.98363307 0.15351588 0.09433375
vn -0.98388240 0.15123010 0.09541950
vn -0.98388240 0.15123010 0.09541950
vn -0.98388240 0.15123010 0.09541950
vn -0.98397180 0.15020780 0.09610991
vn -0.98397180 0.15020780 0.09610991
vn -0.98397180 0.15020780 0.09610991
vn -0.98403107 0.14916487 0.09712204
vn -0.98403107 0.14916487 0.09712204
vn -0.98403107 0.14916487 0.09712204
vn -0.98403074 0.15006024 0.09573626
vn -0.98403074 0.15006024 0.09573626
vn -0.98403074 0.15006024 0.09573626
vn -0.98416054 0.15138021 0.09226086
vn -0.98416054 0.15138021 0.09226086
vn -0.98416054 0.15138021 0.09226086
vn -0.98464062 0.15292726 0.08423843
vn -0.98464062 0.15292726 0.08423843
vn -0.98464062 0.15292726 0.08423843
vn -0.98833048 0.15219232 0.00635250
vn -0.98833048 0.15219232 0.00635250
vn -0.98833048 0.15219232 0.00635250
vn -0.98314437 0.15565741 0.09590578
vn -0.98314437 0.15565741 0.09590578
vn -0.98314437 0.15565741 0.09590578
vn -0.98409821 0.15333397 0.08966270
vn -0.98409821 0.15333397 0.08966270
vn -0.98409821 0.15333397 0.08966270
vn -0.98335231 0.15507210 0.09471469
vn -0.98335231 0.15507210 0.09471469
vn -0.98335231 0.15507210 0.09471469
vn -0.98305305 0.15600878 0.09627027
vn -0.98305305 0.15600878 0.09627027
vn -0.98305305 0.15600878 0.09627027
vn -0.98331304 0.15487236 0.09544646
vn -0.98331304 0.15487236 0.09544646
vn -0.98331304 0.15487236 0.09544646
vn -0.98361109 0.15342564 0.09470905
vn -0.98361109 0.15342564 0.09470905
vn -0.98361109 0.15342564 0.09470905
vn -0.98408280 0.15050741 0.09449101
vn -0.98408280 0.15050741 0.09449101
vn -0.98408280 0.15050741 0.09449101
vn -0.98637738 0.15233767 0.06207164
vn -0.98637738 0.15233767 0.06207164
vn -0.98637738 0.15233767 0.06207164
vn -0.98595257 0.15173549 0.06981319
vn -0.98595257 0.15173549 0.06981319
vn -0.98595257 0.15173549 0.06981319
vn -0.98505032 0.15194937 0.08116187
vn -0.98505032 0.15194937 0.08116187
vn -0.98505032 0.15194937 0.08116187
vn -0.98806054 0.15332070 0.01513728
vn -0.98806054 0.15332070 0.01513728
vn -0.98806054 0.15332070 0.01513728
vn -0.98776808 0.15447115 0.02128112
vn -0.98776808 0.15447115 0.02128112
vn -0.98776808 0.15447115 0.02128112
vn -0.98808136 0.15309528 0.01603312
vn -0.98808136 0.15309528 0.01603312
vn -0.98808136 0.15309528 0.01603312
vn -0.98787468 0.15188240 0.03217685
vn -0.98787468 0.15188240 0.03217685
vn -0.98787468 0.15188240 0.03217685
vn -0.98740647 0.15241291 0.04241194
vn -0.98740647 0.15241291 0.04241194
vn -0.98740647 0.15241291 0.04241194
vn -0.98733140 0.15201166 0.04548798
vn -0.98733140 0.15201166 0.04548798
vn -0.98733140 0.15201166 0.04548798
vn -0.98700361 0.15196777 0.05224615
vn -0.98700361 0.15196777 0.05224615
vn -0.98700361 0.15196777 0.05224615
vn -0.98688380 0.15195020 0.05451150
vn -0.98688380 0.15195020 0.05451150
vn -0.98688380 0.15195020 0.05451150
vn -0.98647866 0.15218085 0.06083456
vn -0.98647866 0.15218085 0.06083456
vn -0.98647866 0.15218085 0.06083456
vn 1.00000000 -0.00000017 0.00000122
vn 1.00000000 -0.00000017 0.00000122
vn 1.00000000 -0.00000017 0.00000122
vn 1.00000000 0.00000034 -0.00000058
vn 1.00000000 0.00000034 -0.00000058
vn 1.00000000 0.00000034 -0.00000058
vn 1.00000000 -0.00000014 0.00000051
vn 1.00000000 -0.00000014 0.00000051
vn 1.00000000 -0.00000014 0.00000051
vn 1.00000000 0.00000042 -0.00000039
vn 1.00000000 0.00000042 -0.00000039
vn 1.00000000 0.00000042 -0.00000039
vn 1.00000000 0.00000006 0.00000005
vn 1.00000000 0.00000006 0.00000005
vn 1.00000000 0.00000006 0.00000005
vn 1.00000000 0.00000043 -0.00000030
vn 1.00000000 0.00000043 -0.00000030
vn 1.00000000 0.00000043 -0.00000030
vn 1.00000000 -0.00000032 0.00000022
vn 1.00000000 -0.00000032 0.00000022
vn 1.00000000 -0.00000032 0.00000022
vn 1.00000000 0.00000057 0.00000010
vn 1.00000000 0.00000057 0.00000010
vn 1.00000000 0.00000057 0.00000010
vn 1.00000000 0.00000016 -0.00000069
vn 1.00000000 0.00000016 -0.00000069
vn 1.00000000 0.00000016 -0.00000069
vn 1.00000000 0.00000000 -0.00000185
vn 1.00000000 0.00000000 -0.00000185
vn 1.00000000 0.00000000 -0.00000185
vn 1.00000000 0.00000000 0.00000000
vn 1.00000000 0.00000000 0.00000000
vn 1.00000000 0.00000000 0.00000000
vn 1.00000000 -0.00000012 0.00000010
vn 1.00000000 -0.00000012 0.00000010
vn 1.00000000 -0.00000012 0.00000010
vn 1.00000000 0.00000079 0.00000023
vn 1.00000000 0.00000079 0.00000023
vn 1.00000000 0.00000079 0.00000023
vn 1.00000000 -0.00000126 -0.00000036
vn 1.00000000 -0.00000126 -0.00000036
vn 1.00000000 -0.00000126 -0.00000036
vn 1.00000000 0.00000065 -0.00000009
vn 1.00000000 0.00000065 -0.00000009
vn 1.00000000 0.00000065 -0.00000009
vn 1.00000000 0.00000191 0.00000027
vn 1.00000000 0.00000191 0.00000027
vn 1.00000000 0.00000191 0.00000027
vn -0.00000171 0.56829127 0.82282746
vn -0.00000171 0.56829127 0.82282746
vn -0.00000171 0.56829127 0.82282746
vn -0.00000224 0.56829139 0.82282738
vn -0.00000224 0.56829139 0.82282738
vn -0.00000224 0.56829139 0.82282738
vn -0.00000081 0.77107864 0.63673992
vn -0.00000081 0.77107864 0.63673992
vn -0.00000081 0.77107864 0.63673992
vn 0.00000465 0.77107766 0.63674111
vn 0.00000465 0.77107766 0.63674111
vn 0.00000465 0.77107766 0.63674111
vn 0.00000453 0.91545577 0.40241860
vn 0.00000453 0.91545577 0.40241860
vn 0.00000453 0.91545577 0.40241860
vn 0.00000368 0.91545587 0.40241838
vn 0.00000368 0.91545587 0.40241838
vn 0.00000368 0.91545587 0.40241838
vn 0.00000315 0.99048568 0.13761585
vn 0.00000315 0.99048568 0.13761585
vn 0.00000315 0.99048568 0.13761585
vn -0.00001069 0.99048621 0.13761199
vn -0.00001069 0.99048621 0.13761199
vn -0.00001069 0.99048621 0.13761199
vn -0.00001145 0.99048567 -0.13761589
vn -0.00001145 0.99048567 -0.13761589
vn -0.00001145 0.99048567 -0.13761589
vn 0.00000433 0.99048629 -0.13761148
vn 0.00000433 0.99048629 -0.13761148
vn 0.00000433 0.99048629 -0.13761148
vn 0.00000528 0.91545646 -0.40241704
vn 0.00000528 0.91545646 -0.40241704
vn 0.00000528 0.91545646 -0.40241704
vn -0.00001221 0.91545447 -0.40242156
vn -0.00001221 0.91545447 -0.40242156
vn -0.00001221 0.91545447 -0.40242156
vn -0.00001111 0.77107822 -0.63674043
vn -0.00001111 0.77107822 -0.63674043
vn -0.00001111 0.77107822 -0.63674043
vn -0.00000637 0.77107908 -0.63673940
vn -0.00000637 0.77107908 -0.63673940
vn -0.00000637 0.77107908 -0.63673940
vn -0.00000305 0.56829052 -0.82282798
vn -0.00000305 0.56829052 -0.82282798
vn -0.00000305 0.56829052 -0.82282798
vn -0.00000045 0.56829112 -0.82282757
vn -0.00000045 0.56829112 -0.82282757
vn -0.00000045 0.56829112 -0.82282757
vn -0.00002394 -1.00000000 -0.00004171
vn -0.00002394 -1.00000000 -0.00004171
vn -0.00002394 -1.00000000 -0.00004171
vn -0.00000044 -1.00000000 -0.00000591
vn -0.00000044 -1.00000000 -0.00000591
vn -0.00000044 -1.00000000 -0.00000591
vn -0.00000415 -1.00000000 -0.00000229
vn -0.00000415 -1.00000000 -0.00000229
vn -0.00000415 -1.00000000 -0.00000229
vn 0.00001872 -1.00000000 -0.00000570
vn 0.00001872 -1.00000000 -0.00000570
vn 0.00001872 -1.00000000 -0.00000570
vn -0.00000089 -1.00000000 -0.00000882
vn -0.00000089 -1.00000000 -0.00000882
vn -0.00000089 -1.00000000 -0.00000882
vn 0.00000098 -1.00000000 -0.00000219
vn 0.00000098 -1.00000000 -0.00000219
vn 0.00000098 -1.00000000 -0.00000219
vn -0.00000009 -1.00000000 -0.00000306
vn -0.00000009 -1.00000000 -0.00000306
vn -0.00000009 -1.00000000 -0.00000306
vn -0.00000926 -1.00000000 -0.00001193
vn -0.00000926 -1.00000000 -0.00001193
vn -0.00000926 -1.00000000 -0.00001193
vn -0.00000261 -1.00000000 0.00000109
vn -0.00000261 -1.00000000 0.00000109
vn -0.00000261 -1.00000000 0.00000109
vn 0.00000048 -1.00000000 -0.00000308
vn 0.00000048 -1.00000000 -0.00000308
vn 0.00000048 -1.00000000 -0.00000308
vn 0.00000098 -1.00000000 -0.00000624
vn 0.00000098 -1.00000000 -0.00000624
vn 0.00000098 -1.00000000 -0.00000624
vn 0.00000233 -1.00000000 -0.00000057
vn 0.00000233 -1.00000000 -0.00000057
vn 0.00000233 -1.00000000 -0.00000057
vn -0.00000112 -1.00000000 -0.00000468
vn -0.00000112 -1.00000000 -0.00000468
vn -0.00000112 -1.00000000 -0.00000468
vn 0.00000006 -1.00000000 -0.00000256
vn 0.00000006 -1.00000000 -0.00000256
vn 0.00000006 -1.00000000 -0.00000256
vn 0.00000079 -1.00000000 -0.00000211
vn 0.00000079 -1.00000000 -0.00000211
vn 0.00000079 -1.00000000 -0.00000211
vn 0.00000098 -1.00000000 -0.00000091
vn 0.00000098 -1.00000000 -0.00000091
vn 0.00000098 -1.00000000 -0.00000091
vn 0.00000013 -1.00000000 -0.00000234
vn 0.00000013 -1.00000000 -0.00000234
vn 0.00000013 -1.00000000 -0.00000234
vn 0.00000126 -1.00000000 -0.00000026
vn 0.00000126 -1.00000000 -0.00000026
vn 0.00000126 -1.00000000 -0.00000026
vn 0.00000011 -1.00000000 -0.00000311
vn 0.00000011 -1.00000000 -0.00000311
vn 0.00000011 -1.00000000 -0.00000311
vn 0.00000032 -1.00000000 -0.00000242
vn 0.00000032 -1.00000000 -0.00000242
vn 0.00000032 -1.00000000 -0.00000242
vn 0.00000000 -1.00000000 -0.00000266
vn 0.00000000 -1.00000000 -0.00000266
vn 0.00000000 -1.00000000 -0.00000266
vn 0.00000098 -1.00000000 -0.00000271
vn 0.00000098 -1.00000000 -0.00000271
vn 0.00000098 -1.00000000 -0.00000271
vn 0.00000058 -1.00000000 -0.00000284
vn 0.00000058 -1.00000000 -0.00000284
vn 0.00000058 -1.00000000 -0.00000284
vn 0.00000033 -1.00000000 -0.00000283
vn 0.00000033 -1.00000000 -0.00000283
vn 0.00000033 -1.00000000 -0.00000283
vn -0.00000017 -1.00000000 -0.00000307
vn -0.00000017 -1.00000000 -0.00000307
vn -0.00000017 -1.00000000 -0.00000307
vn 0.00000005 -1.00000000 -0.00000261
vn 0.00000005 -1.00000000 -0.00000261
vn 0.00000005 -1.00000000 -0.00000261
vn 0.00000012 -1.00000000 -0.00000242
vn 0.00000012 -1.00000000 -0.00000242
vn 0.00000012 -1.00000000 -0.00000242
vn -0.00000350 -1.00000000 -0.00000084
vn -0.00000350 -1.00000000 -0.00000084
vn -0.00000350 -1.00000000 -0.00000084
vn -0.00000057 -1.00000000 -0.00000265
vn -0.00000057 -1.00000000 -0.00000265
vn -0.00000057 -1.00000000 -0.00000265
vn -0.00000193 -1.00000000 -0.00000195
vn -0.00000193 -1.00000000 -0.00000195
vn -0.00000193 -1.00000000 -0.00000195
vn -0.00001980 -1.00000000 -0.00001443
vn -0.00001980 -1.00000000 -0.00001443
vn -0.00001980 -1.00000000 -0.00001443
vn 0.00000048 -1.00000000 -0.00000091
vn 0.00000048 -1.00000000 -0.00000091
vn 0.00000048 -1.00000000 -0.00000091
vn 0.00000014 -1.00000000 -0.00000447
vn 0.00000014 -1.00000000 -0.00000447
vn 0.00000014 -1.00000000 -0.00000447
vn -0.00000010 -1.00000000 -0.00000314
vn -0.00000010 -1.00000000 -0.00000314
vn -0.00000010 -1.00000000 -0.00000314
vn 0.00000019 -1.00000000 -0.00000098
vn 0.00000019 -1.00000000 -0.00000098
vn 0.00000019 -1.00000000 -0.00000098
vn 0.00000036 -1.00000000 -0.00000184
vn 0.00000036 -1.00000000 -0.00000184
vn 0.00000036 -1.00000000 -0.00000184
vn -0.00000003 -1.00000000 -0.00000399
vn -0.00000003 -1.00000000 -0.00000399
vn -0.00000003 -1.00000000 -0.00000399
vn -0.00000018 -1.00000000 -0.00000308
vn -0.00000018 -1.00000000 -0.00000308
vn -0.00000018 -1.00000000 -0.00000308
vn -0.00000023 -1.00000000 -0.00000333
vn -0.00000023 -1.00000000 -0.00000333
vn -0.00000023 -1.00000000 -0.00000333
vn 0.00000172 -1.00000000 -0.00000565
vn 0.00000172 -1.00000000 -0.00000565
vn 0.00000172 -1.00000000 -0.00000565
vn -0.00000143 -1.00000000 -0.00000062
vn -0.00000143 -1.00000000 -0.00000062
vn -0.00000143 -1.00000000 -0.00000062
vn 0.00000031 -1.00000000 -0.00000274
vn 0.00000031 -1.00000000 -0.00000274
vn 0.00000031 -1.00000000 -0.00000274
vn 0.00000398 -1.00000000 -0.00000059
vn 0.00000398 -1.00000000 -0.00000059
vn 0.00000398 -1.00000000 -0.00000059
vn -0.00000348 -1.00000000 -0.00000579
vn -0.00000348 -1.00000000 -0.00000579
vn -0.00000348 -1.00000000 -0.00000579
vn 0.00000158 -1.00000000 -0.00000165
vn 0.00000158 -1.00000000 -0.00000165
vn 0.00000158 -1.00000000 -0.00000165
vn 0.00000422 -1.00000000 -0.00000433
vn 0.00000422 -1.00000000 -0.00000433
vn 0.00000422 -1.00000000 -0.00000433
vn -0.00000190 -1.00000000 -0.00000289
vn -0.00000190 -1.00000000 -0.00000289
vn -0.00000190 -1.00000000 -0.00000289
vn 0.00000034 -1.00000000 -0.00000310
vn 0.00000034 -1.00000000 -0.00000310
vn 0.00000034 -1.00000000 -0.00000310
vn 0.00000091 -1.00000000 -0.00000275
vn 0.00000091 -1.00000000 -0.00000275
vn 0.00000091 -1.00000000 -0.00000275
vn -0.00000052 -1.00000000 -0.00000374
vn -0.00000052 -1.00000000 -0.00000374
vn -0.00000052 -1.00000000 -0.00000374
vn -0.00000131 -1.00000000 -0.00000432
vn -0.00000131 -1.00000000 -0.00000432
vn -0.00000131 -1.00000000 -0.00000432
vn -0.00000076 -1.00000000 -0.00000122
vn -0.00000076 -1.00000000 -0.00000122
vn -0.00000076 -1.00000000 -0.00000122
vn -0.00000089 -1.00000000 -0.00000296
vn -0.00000089 -1.00000000 -0.00000296
vn -0.00000089 -1.00000000 -0.00000296
vn 0.00000039 -1.00000000 -0.00000433
vn 0.00000039 -1.00000000 -0.00000433
vn 0.00000039 -1.00000000 -0.00000433
vn 0.00000025 -1.00000000 -0.00000279
vn 0.00000025 -1.00000000 -0.00000279
vn 0.00000025 -1.00000000 -0.00000279
vn -0.00000070 -1.00000000 -0.00000202
vn -0.00000070 -1.00000000 -0.00000202
vn -0.00000070 -1.00000000 -0.00000202
vn -0.00000049 -1.00000000 -0.00000284
vn -0.00000049 -1.00000000 -0.00000284
vn -0.00000049 -1.00000000 -0.00000284
vn -0.00000000 -1.00000000 -0.00000313
vn -0.00000000 -1.00000000 -0.00000313
vn -0.00000000 -1.00000000 -0.00000313
vn -0.00000000 -1.00000000 -0.00000313
vn -0.00000000 -1.00000000 -0.00000313
vn -0.00000000 -1.00000000 -0.00000313
vn -0.00000098 -1.00000000 -0.00000272
vn -0.00000098 -1.00000000 -0.00000272
vn -0.00000098 -1.00000000 -0.00000272
vn -0.00000030 -1.00000000 -0.00000337
vn -0.00000030 -1.00000000 -0.00000337
vn -0.00000030 -1.00000000 -0.00000337
vn 0.00000084 -1.00000000 -0.00000360
vn 0.00000084 -1.00000000 -0.00000360
vn 0.00000084 -1.00000000 -0.00000360
vn 0.00000046 -1.00000000 -0.00000336
vn 0.00000046 -1.00000000 -0.00000336
vn 0.00000046 -1.00000000 -0.00000336
vn -0.00000117 -1.00000000 -0.00000335
vn -0.00000117 -1.00000000 -0.00000335
vn -0.00000117 -1.00000000 -0.00000335
vn 0.00000047 -1.00000000 -0.00000310
vn 0.00000047 -1.00000000 -0.00000310
vn 0.00000047 -1.00000000 -0.00000310
vn -0.00000079 -1.00000000 -0.00000335
vn -0.00000079 -1.00000000 -0.00000335
vn -0.00000079 -1.00000000 -0.00000335
vn 0.00000087 -1.00000000 -0.00000267
vn 0.00000087 -1.00000000 -0.00000267
vn 0.00000087 -1.00000000 -0.00000267
vn 0.00002827 -1.00000000 0.00001958
vn 0.00002827 -1.00000000 0.00001958
vn 0.00002827 -1.00000000 0.00001958
vn 0.00000186 -1.00000000 -0.00000186
vn 0.00000186 -1.00000000 -0.00000186
vn 0.00000186 -1.00000000 -0.00000186
vn 0.00000190 -1.00000000 -0.00000146
vn 0.00000190 -1.00000000 -0.00000146
vn 0.00000190 -1.00000000 -0.00000146
vn 0.00000683 -1.00000000 0.00000380
vn 0.00000683 -1.00000000 0.00000380
vn 0.00000683 -1.00000000 0.00000380
vn 0.00000385 -1.00000000 0.00000046
vn 0.00000385 -1.00000000 0.00000046
vn 0.00000385 -1.00000000 0.00000046
vn -0.00000768 -1.00000000 -0.00001102
vn -0.00000768 -1.00000000 -0.00001102
vn -0.00000768 -1.00000000 -0.00001102
vn 0.00000117 -1.00000000 -0.00000334
vn 0.00000117 -1.00000000 -0.00000334
vn 0.00000117 -1.00000000 -0.00000334
vn -0.00000107 -1.00000000 -0.00000299
vn -0.00000107 -1.00000000 -0.00000299
vn -0.00000107 -1.00000000 -0.00000299
vn -0.00000113 -1.00000000 -0.00000304
vn -0.00000113 -1.00000000 -0.00000304
vn -0.00000113 -1.00000000 -0.00000304
vn 0.00000172 -1.00000000 -0.00000289
vn 0.00000172 -1.00000000 -0.00000289
vn 0.00000172 -1.00000000 -0.00000289
vn 0.00000153 -1.00000000 -0.00000311
vn 0.00000153 -1.00000000 -0.00000311
vn 0.00000153 -1.00000000 -0.00000311
vn -0.00000047 -1.00000000 -0.00000364
vn -0.00000047 -1.00000000 -0.00000364
vn -0.00000047 -1.00000000 -0.00000364
vn 0.00000046 -1.00000000 -0.00000218
vn 0.00000046 -1.00000000 -0.00000218
vn 0.00000046 -1.00000000 -0.00000218
vn 0.00000075 -1.00000000 -0.00000202
vn 0.00000075 -1.00000000 -0.00000202
vn 0.00000075 -1.00000000 -0.00000202
vn -0.00000050 -1.00000000 -0.00000499
vn -0.00000050 -1.00000000 -0.00000499
vn -0.00000050 -1.00000000 -0.00000499
vn 0.00000133 -1.00000000 -0.00000350
vn 0.00000133 -1.00000000 -0.00000350
vn 0.00000133 -1.00000000 -0.00000350
vn 0.00000119 -1.00000000 -0.00000405
vn 0.00000119 -1.00000000 -0.00000405
vn 0.00000119 -1.00000000 -0.00000405
vn -0.00000036 -1.00000000 -0.00000359
vn -0.00000036 -1.00000000 -0.00000359
vn -0.00000036 -1.00000000 -0.00000359
vn 0.00000159 -1.00000000 -0.00000130
vn 0.00000159 -1.00000000 -0.00000130
vn 0.00000159 -1.00000000 -0.00000130
vn 0.00000171 -1.00000000 -0.00000114
vn 0.00000171 -1.00000000 -0.00000114
vn 0.00000171 -1.00000000 -0.00000114
vn 0.00000107 -1.00000000 -0.00000257
vn 0.00000107 -1.00000000 -0.00000257
vn 0.00000107 -1.00000000 -0.00000257
vn -0.00000054 -1.00000000 -0.00000365
vn -0.00000054 -1.00000000 -0.00000365
vn -0.00000054 -1.00000000 -0.00000365
vn 0.00000141 -1.00000000 -0.00000194
vn 0.00000141 -1.00000000 -0.00000194
vn 0.00000141 -1.00000000 -0.00000194
vn 1.00000000 0.00000000 -0.00000066
vn 1.00000000 0.00000000 -0.00000066
vn 1.00000000 0.00000000 -0.00000066
vn 1.00000000 0.00000000 0.00000000
vn 1.00000000 0.00000000 0.00000000
vn 1.00000000 0.00000000 0.00000000
vn 1.00000000 0.00000000 0.00000000
vn 1.00000000 0.00000000 0.00000000
vn 1.00000000 0.00000000 0.00000000
vn 1.00000000 0.00000000 0.00000000
vn 1.00000000 0.00000000 0.00000000
vn 1.00000000 0.00000000 0.00000000
vn 1.00000000 0.00000186 0.00000081
vn 1.00000000 0.00000186 0.00000081
vn 1.00000000 0.00000186 0.00000081
vn 1.00000000 -0.00000018 0.00000062
vn 1.00000000 -0.00000018 0.00000062
vn 1.00000000 -0.00000018 0.00000062
vn 1.00000000 0.00000070 0.00000017
vn 1.00000000 0.00000070 0.00000017
vn 1.00000000 0.00000070 0.00000017
vn 1.00000000 0.00000004 -0.00000078
vn 1.00000000 0.00000004 -0.00000078
vn 1.00000000 0.00000004 -0.00000078
vn 1.00000000 0.00000005 -0.00000078
vn 1.00000000 0.00000005 -0.00000078
vn 1.00000000 0.00000005 -0.00000078
vn 1.00000000 0.00000291 0.00000263
vn 1.00000000 0.00000291 0.00000263
vn 1.00000000 0.00000291 0.00000263
vn 1.00000000 0.00000094 0.00000085
vn 1.00000000 0.00000094 0.00000085
vn 1.00000000 0.00000094 0.00000085
vn 1.00000000 -0.00000015 -0.00000090
vn 1.00000000 -0.00000015 -0.00000090
vn 1.00000000 -0.00000015 -0.00000090
vn 1.00000000 0.00000024 0.00000074
vn 1.00000000 0.00000024 0.00000074
vn 1.00000000 0.00000024 0.00000074
vn 1.00000000 0.00003770 0.00000149
vn 1.00000000 0.00003770 0.00000149
vn 1.00000000 0.00003770 0.00000149
vn 1.00000000 -0.00000034 -0.00000001
vn 1.00000000 -0.00000034 -0.00000001
vn 1.00000000 -0.00000034 -0.00000001
vn 1.00000000 -0.00000061 0.00000026
vn 1.00000000 -0.00000061 0.00000026
vn 1.00000000 -0.00000061 0.00000026
vn 1.00000000 -0.00000036 0.00000015
vn 1.00000000 -0.00000036 0.00000015
vn 1.00000000 -0.00000036 0.00000015
vn 1.00000000 -0.00000055 -0.00000005
vn 1.00000000 -0.00000055 -0.00000005
vn 1.00000000 -0.00000055 -0.00000005
vn 1.00000000 -0.00000000 -0.00000074
vn 1.00000000 -0.00000000 -0.00000074
vn 1.00000000 -0.00000000 -0.00000074
vn 1.00000000 -0.00001863 -0.00000000
vn 1.00000000 -0.00001863 -0.00000000
vn 1.00000000 -0.00001863 -0.00000000
vn 1.00000000 -0.00000049 -0.00000011
vn 1.00000000 -0.00000049 -0.00000011
vn 1.00000000 -0.00000049 -0.00000011
vn 1.00000000 0.00000088 0.00000071
vn 1.00000000 0.00000088 0.00000071
vn 1.00000000 0.00000088 0.00000071
vn 1.00000000 0.00000000 0.00000000
vn 1.00000000 0.00000000 0.00000000
vn 1.00000000 0.00000000 0.00000000
vn 1.00000000 0.00000000 0.00000000
vn 1.00000000 0.00000000 0.00000000
vn 1.00000000 0.00000000 0.00000000
vn 1.00000000 0.00000026 -0.00000163
vn 1.00000000 0.00000026 -0.00000163
vn 1.00000000 0.00000026 -0.00000163
vn 1.00000000 -0.00000014 -0.00000000
vn 1.00000000 -0.00000014 -0.00000000
vn 1.00000000 -0.00000014 -0.00000000
vn 1.00000000 -0.00000004 -0.00000053
vn 1.00000000 -0.00000004 -0.00000053
vn 1.00000000 -0.00000004 -0.00000053
vn 1.00000000 -0.00000050 -0.00000012
vn 1.00000000 -0.00000050 -0.00000012
vn 1.00000000 -0.00000050 -0.00000012
vn 1.00000000 -0.00000060 -0.00000006
vn 1.00000000 -0.00000060 -0.00000006
vn 1.00000000 -0.00000060 -0.00000006
vn 1.00000000 0.00000000 0.00000000
vn 1.00000000 0.00000000 0.00000000
vn 1.00000000 0.00000000 0.00000000
vn 1.00000000 0.00000000 0.00000000
vn 1.00000000 0.00000000 0.00000000
vn 1.00000000 0.00000000 0.00000000
vn 1.00000000 0.00000003 0.00000015
vn 1.00000000 0.00000003 0.00000015
vn 1.00000000 0.00000003 0.00000015
vn 1.00000000 0.00000023 -0.00000047
vn 1.00000000 0.00000023 -0.00000047
vn 1.00000000 0.00000023 -0.00000047
vn 1.00000000 -0.00000009 -0.00000001
vn 1.00000000 -0.00000009 -0.00000001
vn 1.00000000 -0.00000009 -0.00000001
vn 1.00000000 -0.00000010 -0.00000000
vn 1.00000000 -0.00000010 -0.00000000
vn 1.00000000 -0.00000010 -0.00000000
vn 1.00000000 -0.00000009 0.00000001
vn 1.00000000 -0.00000009 0.00000001
vn 1.00000000 -0.00000009 0.00000001
vn 1.00000000 0.00000059 0.00000089
vn 1.00000000 0.00000059 0.00000089
vn 1.00000000 0.00000059 0.00000089
vn 1.00000000 0.00000223 0.00000120
vn 1.00000000 0.00000223 0.00000120
vn 1.00000000 0.00000223 0.00000120
vn 1.00000000 -0.00000030 -0.00000031
vn 1.00000000 -0.00000030 -0.00000031
vn 1.00000000 -0.00000030 -0.00000031
vn 1.00000000 -0.00000037 -0.00000038
vn 1.00000000 -0.00000037 -0.00000038
vn 1.00000000 -0.00000037 -0.00000038
vn 1.00000000 0.00000074 0.00000043
vn 1.00000000 0.00000074 0.00000043
vn 1.00000000 0.00000074 0.00000043
vn 1.00000000 -0.00000006 -0.00000028
vn 1.00000000 -0.00000006 -0.00000028
vn 1.00000000 -0.00000006 -0.00000028
vn 1.00000000 0.00000000 -0.00000034
vn 1.00000000 0.00000000 -0.00000034
vn 1.00000000 0.00000000 -0.00000034
vn 1.00000000 0.00000004 0.00000015
vn 1.00000000 0.00000004 0.00000015
vn 1.00000000 0.00000004 0.00000015
vn 1.00000000 0.00000016 0.00000003
vn 1.00000000 0.00000016 0.00000003
vn 1.00000000 0.00000016 0.00000003
vn 1.00000000 -0.00000072 -0.00000011
vn 1.00000000 -0.00000072 -0.00000011
vn 1.00000000 -0.00000072 -0.00000011
vn 1.00000000 0.00000060 -0.00000068
vn 1.00000000 0.00000060 -0.00000068
vn 1.00000000 0.00000060 -0.00000068
vn 1.00000000 0.00000220 -0.00000250
vn 1.00000000 0.00000220 -0.00000250
vn 1.00000000 0.00000220 -0.00000250
vn 1.00000000 0.00000003 0.00000016
vn 1.00000000 0.00000003 0.00000016
vn 1.00000000 0.00000003 0.00000016
vn 1.00000000 -0.00000057 0.00000031
vn 1.00000000 -0.00000057 0.00000031
vn 1.00000000 -0.00000057 0.00000031
vn 1.00000000 0.00000002 0.00000032
vn 1.00000000 0.00000002 0.00000032
vn 1.00000000 0.00000002 0.00000032
vn 1.00000000 -0.00000371 0.00000244
vn 1.00000000 -0.00000371 0.00000244
vn 1.00000000 -0.00000371 0.00000244
vn 1.00000000 0.00000000 0.00000000
vn 1.00000000 0.00000000 0.00000000
vn 1.00000000 0.00000000 0.00000000
vn 1.00000000 0.00000000 0.00000000
vn 1.00000000 0.00000000 0.00000000
vn 1.00000000 0.00000000 0.00000000
vn 1.00000000 0.00000000 0.00000000
vn 1.00000000 0.00000000 0.00000000
vn 1.00000000 0.00000000 0.00000000
vn 1.00000000 0.00000058 -0.00000027
vn 1.00000000 0.00000058 -0.00000027
vn 1.00000000 0.00000058 -0.00000027
vn 1.00000000 0.00000062 0.00000074
vn 1.00000000 0.00000062 0.00000074
vn 1.00000000 0.00000062 0.00000074
vn 1.00000000 0.00000014 0.00000013
vn 1.00000000 0.00000014 0.00000013
vn 1.00000000 0.00000014 0.00000013
vn 1.00000000 0.00000015 0.00000012
vn 1.00000000 0.00000015 0.00000012
vn 1.00000000 0.00000015 0.00000012
vn 1.00000000 -0.00000192 0.00000204
vn 1.00000000 -0.00000192 0.00000204
vn 1.00000000 -0.00000192 0.00000204
vn 1.00000000 0.00000021 -0.00000048
vn 1.00000000 0.00000021 -0.00000048
vn 1.00000000 0.00000021 -0.00000048
vn 1.00000000 0.00000028 -0.00000186
vn 1.00000000 0.00000028 -0.00000186
vn 1.00000000 0.00000028 -0.00000186
vn 1.00000000 -0.00000063 0.00000169
vn 1.00000000 -0.00000063 0.00000169
vn 1.00000000 -0.00000063 0.00000169
vn 1.00000000 0.00000000 0.00000000
vn 1.00000000 0.00000000 0.00000000
vn 1.00000000 0.00000000 0.00000000
vn 1.00000000 0.00000000 0.00000000
vn 1.00000000 0.00000000 0.00000000
vn 1.00000000 0.00000000 0.00000000
vn 1.00000000 -0.00000020 -0.00000001
vn 1.00000000 -0.00000020 -0.00000001
vn 1.00000000 -0.00000020 -0.00000001
vn 1.00000000 -0.00000004 -0.00000077
vn 1.00000000 -0.00000004 -0.00000077
vn 1.00000000 -0.00000004 -0.00000077
vn 1.00000000 -0.00000039 -0.00000005
vn 1.00000000 -0.00000039 -0.00000005
vn 1.00000000 -0.00000039 -0.00000005
vn 1.00000000 -0.00000052 0.00000141
vn 1.00000000 -0.00000052 0.00000141
vn 1.00000000 -0.00000052 0.00000141
vn 1.00000000 0.00000000 0.00000000
vn 1.00000000 0.00000000 0.00000000
vn 1.00000000 0.00000000 0.00000000
vn 1.00000000 0.00000053 0.00000014
vn 1.00000000 0.00000053 0.00000014
vn 1.00000000 0.00000053 0.00000014
vn 1.00000000 0.00000000 0.00000000
vn 1.00000000 0.00000000 0.00000000
vn 1.00000000 0.00000000 0.00000000
vn 1.00000000 -0.00000032 -0.00000019
vn 1.00000000 -0.00000032 -0.00000019
vn 1.00000000 -0.00000032 -0.00000019
vn 1.00000000 0.00000009 -0.00000039
vn 1.00000000 0.00000009 -0.00000039
vn 1.00000000 0.00000009 -0.00000039
vn 1.00000000 -0.00000075 -0.00000026
vn 1.00000000 -0.00000075 -0.00000026
vn 1.00000000 -0.00000075 -0.00000026
vn 1.00000000 -0.00000180 0.00000209
vn 1.00000000 -0.00000180 0.00000209
vn 1.00000000 -0.00000180 0.00000209
vn 1.00000000 -0.00000006 -0.00000005
vn 1.00000000 -0.00000006 -0.00000005
vn 1.00000000 -0.00000006 -0.00000005
vn 1.00000000 0.00000100 -0.00000101
vn 1.00000000 0.00000100 -0.00000101
vn 1.00000000 0.00000100 -0.00000101
vn 1.00000000 -0.00000012 0.00000025
vn 1.00000000 -0.00000012 0.00000025
vn 1.00000000 -0.00000012 0.00000025
vn 1.00000000 0.00000000 0.00000029
vn 1.00000000 0.00000000 0.00000029
vn 1.00000000 0.00000000 0.00000029
vn 1.00000000 -0.00000019 -0.00000076
vn 1.00000000 -0.00000019 -0.00000076
vn 1.00000000 -0.00000019 -0.00000076
vn 1.00000000 0.00000000 0.00000000
vn 1.00000000 0.00000000 0.00000000
vn 1.00000000 0.00000000 0.00000000
vn 1.00000000 -0.00000009 0.00000076
vn 1.00000000 -0.00000009 0.00000076
vn 1.00000000 -0.00000009 0.00000076
vn 1.00000000 -0.00000015 0.00000012
vn 1.00000000 -0.00000015 0.00000012
vn 1.00000000 -0.00000015 0.00000012
vn 1.00000000 0.00000142 0.00000118
vn 1.00000000 0.00000142 0.00000118
vn 1.00000000 0.00000142 0.00000118
vn 1.00000000 -0.00000167 -0.00000198
vn 1.00000000 -0.00000167 -0.00000198
vn 1.00000000 -0.00000167 -0.00000198
vn 1.00000000 0.00000076 -0.00000015
vn 1.00000000 0.00000076 -0.00000015
vn 1.00000000 0.00000076 -0.00000015
vn 1.00000000 -0.00000370 -0.00000194
vn 1.00000000 -0.00000370 -0.00000194
vn 1.00000000 -0.00000370 -0.00000194
vn 1.00000000 0.00000061 0.00000005
vn 1.00000000 0.00000061 0.00000005
vn 1.00000000 0.00000061 0.00000005
vn 1.00000000 0.00000081 0.00000006
vn 1.00000000 0.00000081 0.00000006
vn 1.00000000 0.00000081 0.00000006
vn 1.00000000 -0.00000249 -0.00000105
vn 1.00000000 -0.00000249 -0.00000105
vn 1.00000000 -0.00000249 -0.00000105
vn 1.00000000 -0.00000024 0.00000028
vn 1.00000000 -0.00000024 0.00000028
vn 1.00000000 -0.00000024 0.00000028
vn 1.00000000 0.00001070 -0.00000635
vn 1.00000000 0.00001070 -0.00000635
vn 1.00000000 0.00001070 -0.00000635
vn 1.00000000 0.00000000 -0.00000013
vn 1.00000000 0.00000000 -0.00000013
vn 1.00000000 0.00000000 -0.00000013
vn 1.00000000 -0.00000308 0.00000053
vn 1.00000000 -0.00000308 0.00000053
vn 1.00000000 -0.00000308 0.00000053
vn 1.00000000 0.00000180 -0.00000031
vn 1.00000000 0.00000180 -0.00000031
vn 1.00000000 0.00000180 -0.00000031
vn 1.00000000 0.00000051 -0.00000018
vn 1.00000000 0.00000051 -0.00000018
vn 1.00000000 0.00000051 -0.00000018
vn 1.00000000 -0.00000177 0.00000064
vn 1.00000000 -0.00000177 0.00000064
vn 1.00000000 -0.00000177 0.00000064
vn 1.00000000 -0.00000001 0.00000016
vn 1.00000000 -0.00000001 0.00000016
vn 1.00000000 -0.00000001 0.00000016
vn 1.00000000 -0.00000122 -0.00000263
vn 1.00000000 -0.00000122 -0.00000263
vn 1.00000000 -0.00000122 -0.00000263
vn 1.00000000 0.00000000 0.00000000
vn 1.00000000 0.00000000 0.00000000
vn 1.00000000 0.00000000 0.00000000
vn 1.00000000 0.00000000 0.00000000
vn 1.00000000 0.00000000 0.00000000
vn 1.00000000 0.00000000 0.00000000
vn 1.00000000 0.00000000 0.00000000
vn 1.00000000 0.00000000 0.00000000
vn 1.00000000 0.00000000 0.00000000
vn 1.00000000 0.00000000 0.00000000
vn 1.00000000 0.00000000 0.00000000
vn 1.00000000 0.00000000 0.00000000
vn 1.00000000 0.00000001 0.00000057
vn 1.00000000 0.00000001 0.00000057
vn 1.00000000 0.00000001 0.00000057
vn 1.00000000 0.00000051 0.00000193
vn 1.00000000 0.00000051 0.00000193
vn 1.00000000 0.00000051 0.00000193
vn 1.00000000 -0.00000042 -0.00000157
vn 1.00000000 -0.00000042 -0.00000157
vn 1.00000000 -0.00000042 -0.00000157
vn 1.00000000 -0.00000156 -0.00000066
vn 1.00000000 -0.00000156 -0.00000066
vn 1.00000000 -0.00000156 -0.00000066
vn 1.00000000 0.00000488 0.00000412
vn 1.00000000 0.00000488 0.00000412
vn 1.00000000 0.00000488 0.00000412
vn 1.00000000 -0.00000120 -0.00000135
vn 1.00000000 -0.00000120 -0.00000135
vn 1.00000000 -0.00000120 -0.00000135
vn 0.01694262 -0.03781950 -0.99914095
vn 0.01694262 -0.03781950 -0.99914095
vn 0.01694262 -0.03781950 -0.99914095
vn 0.01778366 -0.03964041 -0.99905574
vn 0.01778366 -0.03964041 -0.99905574
vn 0.01778366 -0.03964041 -0.99905574
vn 0.01802170 -0.06558279 -0.99768438
vn 0.01802170 -0.06558279 -0.99768438
vn 0.01802170 -0.06558279 -0.99768438
vn 0.04155262 -0.06752891 -0.99685166
vn 0.04155262 -0.06752891 -0.99685166
vn 0.04155262 -0.06752891 -0.99685166
vn 0.04196715 -0.09089565 -0.99497575
vn 0.04196715 -0.09089565 -0.99497575
vn 0.04196715 -0.09089565 -0.99497575
vn 0.05240919 -0.11332708 -0.99217451
vn 0.05240919 -0.11332708 -0.99217451
vn 0.05240919 -0.11332708 -0.99217451
vn 0.05233455 -0.11333435 -0.99217762
vn 0.05233455 -0.11333435 -0.99217762
vn 0.05233455 -0.11333435 -0.99217762
vn 0.07345764 0.09805731 -0.99246599
vn 0.07345764 0.09805731 -0.99246599
vn 0.07345764 0.09805731 -0.99246599
vn 0.07100660 0.09479932 -0.99296080
vn 0.07100660 0.09479932 -0.99296080
vn 0.07100660 0.09479932 -0.99296080
vn 0.08937069 0.09482963 -0.99147376
vn 0.08937069 0.09482963 -0.99147376
vn 0.08937069 0.09482963 -0.99147376
vn 0.10982099 0.06748731 -0.99165761
vn 0.10982099 0.06748731 -0.99165761
vn 0.10982099 0.06748731 -0.99165761
vn 0.11225217 0.05503842 -0.99215433
vn 0.11225217 0.05503842 -0.99215433
vn 0.11225217 0.05503842 -0.99215433
vn 0.07100551 0.09725845 -0.99272303
vn 0.07100551 0.09725845 -0.99272303
vn 0.07100551 0.09725845 -0.99272303
vn 0.07602019 0.10439976 -0.99162575
vn 0.07602019 0.10439976 -0.99162575
vn 0.07602019 0.10439976 -0.99162575
vn 0.08929206 0.08399738 -0.99245724
vn 0.08929206 0.08399738 -0.99245724
vn 0.08929206 0.08399738 -0.99245724
vn 0.12964374 0.07814347 -0.98847666
vn 0.12964374 0.07814347 -0.98847666
vn 0.12964374 0.07814347 -0.98847666
vn 0.13962553 0.10638794 -0.98447261
vn 0.13962553 0.10638794 -0.98447261
vn 0.13962553 0.10638794 -0.98447261
vn 0.50429835 0.10254286 -0.85741946
vn 0.50429835 0.10254286 -0.85741946
vn 0.50429835 0.10254286 -0.85741946
vn 0.98936509 0.14481399 -0.01362454
vn 0.98936509 0.14481399 -0.01362454
vn 0.98936509 0.14481399 -0.01362454
vn 0.99043316 0.13692576 -0.01713177
vn 0.99043316 0.13692576 -0.01713177
vn 0.99043316 0.13692576 -0.01713177
vn 0.98746887 0.14978115 -0.04970743
vn 0.98746887 0.14978115 -0.04970743
vn 0.98746887 0.14978115 -0.04970743
vn 0.95538079 0.12309826 -0.26850394
vn 0.95538079 0.12309826 -0.26850394
vn 0.95538079 0.12309826 -0.26850394
vn 0.96405303 0.14898930 -0.22000896
vn 0.96405303 0.14898930 -0.22000896
vn 0.96405303 0.14898930 -0.22000896
vn 0.97087131 0.13240913 -0.19969159
vn 0.97087131 0.13240913 -0.19969159
vn 0.97087131 0.13240913 -0.19969159
vn 0.97704164 0.14235182 -0.15851053
vn 0.97704164 0.14235182 -0.15851053
vn 0.97704164 0.14235182 -0.15851053
vn 0.98297634 0.12308435 -0.13641023
vn 0.98297634 0.12308435 -0.13641023
vn 0.98297634 0.12308435 -0.13641023
vn 0.98262986 0.15524578 -0.10167258
vn 0.98262986 0.15524578 -0.10167258
vn 0.98262986 0.15524578 -0.10167258
vn 0.98339862 0.15220546 -0.09879599
vn 0.98339862 0.15220546 -0.09879599
vn 0.98339862 0.15220546 -0.09879599
vn 0.98997438 0.12610391 -0.06362804
vn 0.98997438 0.12610391 -0.06362804
vn 0.98997438 0.12610391 -0.06362804
vn 0.91792029 0.16880233 -0.35906561
vn 0.91792029 0.16880233 -0.35906561
vn 0.91792029 0.16880233 -0.35906561
vn 0.90770199 0.08745587 -0.41040049
vn 0.90770199 0.08745587 -0.41040049
vn 0.90770199 0.08745587 -0.41040049
vn 0.93955109 0.15067817 -0.30747332
vn 0.93955109 0.15067817 -0.30747332
vn 0.93955109 0.15067817 -0.30747332
vn 0.58414967 0.12609382 -0.80179144
vn 0.58414967 0.12609382 -0.80179144
vn 0.58414967 0.12609382 -0.80179144
vn 0.60624996 0.14139951 -0.78260281
vn 0.60624996 0.14139951 -0.78260281
vn 0.60624996 0.14139951 -0.78260281
vn 0.66140649 0.10279948 -0.74294934
vn 0.66140649 0.10279948 -0.74294934
vn 0.66140649 0.10279948 -0.74294934
vn 0.87650248 0.11669811 -0.46703848
vn 0.87650248 0.11669811 -0.46703848
vn 0.87650248 0.11669811 -0.46703848
vn 0.83733093 0.15282946 -0.52490006
vn 0.83733093 0.15282946 -0.52490006
vn 0.83733093 0.15282946 -0.52490006
vn 0.84292158 0.14707868 -0.51754330
vn 0.84292158 0.14707868 -0.51754330
vn 0.84292158 0.14707868 -0.51754330
vn 0.82476149 0.13191852 -0.54987816
vn 0.82476149 0.13191852 -0.54987816
vn 0.82476149 0.13191852 -0.54987816
vn 0.76655992 0.11920736 -0.63101149
vn 0.76655992 0.11920736 -0.63101149
vn 0.76655992 0.11920736 -0.63101149
vn 0.76815693 0.12217990 -0.62849583
vn 0.76815693 0.12217990 -0.62849583
vn 0.76815693 0.12217990 -0.62849583
vn 0.71409065 0.12498964 -0.68880486
vn 0.71409065 0.12498964 -0.68880486
vn 0.71409065 0.12498964 -0.68880486
vn 0.68832790 0.12045373 -0.71532901
vn 0.68832790 0.12045373 -0.71532901
vn 0.68832790 0.12045373 -0.71532901
vn 0.21847884 0.08072304 -0.97249719
vn 0.21847884 0.08072304 -0.97249719
vn 0.21847884 0.08072304 -0.97249719
vn 0.28191057 0.10751360 -0.95339774
vn 0.28191057 0.10751360 -0.95339774
vn 0.28191057 0.10751360 -0.95339774
vn 0.30739252 0.10441497 -0.94583685
vn 0.30739252 0.10441497 -0.94583685
vn 0.30739252 0.10441497 -0.94583685
vn 0.33336851 0.11607100 -0.93562437
vn 0.33336851 0.11607100 -0.93562437
vn 0.33336851 0.11607100 -0.93562437
vn 0.38269182 0.09123362 -0.91936032
vn 0.38269182 0.09123362 -0.91936032
vn 0.38269182 0.09123362 -0.91936032
vn 0.39645180 0.10377143 -0.91217184
vn 0.39645180 0.10377143 -0.91217184
vn 0.39645180 0.10377143 -0.91217184
vn 0.48244984 0.12480233 -0.86698704
vn 0.48244984 0.12480233 -0.86698704
vn 0.48244984 0.12480233 -0.86698704
vn 0.08443929 0.09715009 -0.99168133
vn 0.08443929 0.09715009 -0.99168133
vn 0.08443929 0.09715009 -0.99168133
vn 0.10622410 0.15757457 -0.98177731
vn 0.10622410 0.15757457 -0.98177731
vn 0.10622410 0.15757457 -0.98177731
vn 0.23493640 0.11799127 -0.96482275
vn 0.23493640 0.11799127 -0.96482275
vn 0.23493640 0.11799127 -0.96482275
vn 0.14915837 0.08913578 -0.98478759
vn 0.14915837 0.08913578 -0.98478759
vn 0.14915837 0.08913578 -0.98478759
vn 0.13620178 0.11105744 -0.98443655
vn 0.13620178 0.11105744 -0.98443655
vn 0.13620178 0.11105744 -0.98443655
vn 0.08879777 0.08927097 -0.99204115
vn 0.08879777 0.08927097 -0.99204115
vn 0.08879777 0.08927097 -0.99204115
vn 0.08535763 0.09794150 -0.99152486
vn 0.08535763 0.09794150 -0.99152486
vn 0.08535763 0.09794150 -0.99152486
vn 0.00016393 -0.99999999 -0.00000343
vn 0.00016393 -0.99999999 -0.00000343
vn 0.00016393 -0.99999999 -0.00000343
vn 0.00016525 -0.99999999 0.00000478
vn 0.00016525 -0.99999999 0.00000478
vn 0.00016525 -0.99999999 0.00000478
vn 0.00016737 -0.99999999 -0.00000195
vn 0.00016737 -0.99999999 -0.00000195
vn 0.00016737 -0.99999999 -0.00000195
vn 0.00016383 -0.99999999 -0.00000320
vn 0.00016383 -0.99999999 -0.00000320
vn 0.00016383 -0.99999999 -0.00000320
vn 0.00016108 -0.99999999 -0.00001133
vn 0.00016108 -0.99999999 -0.00001133
vn 0.00016108 -0.99999999 -0.00001133
vn -0.00207141 -0.99999785 -0.00000625
vn -0.00207141 -0.99999785 -0.00000625
vn -0.00207141 -0.99999785 -0.00000625
vn 0.00015962 -0.99999999 -0.00000332
vn 0.00015962 -0.99999999 -0.00000332
vn 0.00015962 -0.99999999 -0.00000332
vn 0.00015536 -0.99999999 -0.00000241
vn 0.00015536 -0.99999999 -0.00000241
vn 0.00015536 -0.99999999 -0.00000241
vn 0.00015656 -0.99999999 -0.00000171
vn 0.00015656 -0.99999999 -0.00000171
vn 0.00015656 -0.99999999 -0.00000171
vn 0.00015541 -0.99999999 -0.00000139
vn 0.00015541 -0.99999999 -0.00000139
vn 0.00015541 -0.99999999 -0.00000139
vn 0.00015801 -0.99999999 0.00000011
vn 0.00015801 -0.99999999 0.00000011
vn 0.00015801 -0.99999999 0.00000011
vn 0.00015413 -0.99999999 -0.00000416
vn 0.00015413 -0.99999999 -0.00000416
vn 0.00015413 -0.99999999 -0.00000416
vn 0.00015515 -0.99999999 0.00000273
vn 0.00015515 -0.99999999 0.00000273
vn 0.00015515 -0.99999999 0.00000273
vn 0.00016097 -0.99999999 0.00000222
vn 0.00016097 -0.99999999 0.00000222
vn 0.00016097 -0.99999999 0.00000222
vn 0.00016099 -0.99999999 -0.00001204
vn 0.00016099 -0.99999999 -0.00001204
vn 0.00016099 -0.99999999 -0.00001204
vn 0.00016233 -0.99999999 -0.00000969
vn 0.00016233 -0.99999999 -0.00000969
vn 0.00016233 -0.99999999 -0.00000969
vn 0.00015717 -0.99999999 0.00000120
vn 0.00015717 -0.99999999 0.00000120
vn 0.00015717 -0.99999999 0.00000120
vn 0.00016223 -0.99999999 -0.00000085
vn 0.00016223 -0.99999999 -0.00000085
vn 0.00016223 -0.99999999 -0.00000085
vn 0.00015898 -0.99999999 -0.00000124
vn 0.00015898 -0.99999999 -0.00000124
vn 0.00015898 -0.99999999 -0.00000124
vn 0.00016036 -0.99999999 -0.00000490
vn 0.00016036 -0.99999999 -0.00000490
vn 0.00016036 -0.99999999 -0.00000490
vn 0.00016096 -0.99999999 -0.00000375
vn 0.00016096 -0.99999999 -0.00000375
vn 0.00016096 -0.99999999 -0.00000375
vn 0.00018220 -0.99999998 -0.00006204
vn 0.00018220 -0.99999998 -0.00006204
vn 0.00018220 -0.99999998 -0.00006204
vn 0.01860138 -0.99982698 -0.00000626
vn 0.01860138 -0.99982698 -0.00000626
vn 0.01860138 -0.99982698 -0.00000626
vn 0.00016285 -0.99999999 -0.00001302
vn 0.00016285 -0.99999999 -0.00001302
vn 0.00016285 -0.99999999 -0.00001302
vn 0.00016087 -0.99999999 -0.00000372
vn 0.00016087 -0.99999999 -0.00000372
vn 0.00016087 -0.99999999 -0.00000372
vn 0.00015999 -0.99999999 -0.00001264
vn 0.00015999 -0.99999999 -0.00001264
vn 0.00015999 -0.99999999 -0.00001264
vn 0.00015913 -0.99999999 -0.00000408
vn 0.00015913 -0.99999999 -0.00000408
vn 0.00015913 -0.99999999 -0.00000408
vn 0.00016098 -0.99999999 -0.00000461
vn 0.00016098 -0.99999999 -0.00000461
vn 0.00016098 -0.99999999 -0.00000461
vn 0.00016438 -0.99999999 -0.00001438
vn 0.00016438 -0.99999999 -0.00001438
vn 0.00016438 -0.99999999 -0.00001438
vn 0.00016165 -0.99999999 -0.00001760
vn 0.00016165 -0.99999999 -0.00001760
vn 0.00016165 -0.99999999 -0.00001760
vn 0.00016281 -0.99999999 -0.00000658
vn 0.00016281 -0.99999999 -0.00000658
vn 0.00016281 -0.99999999 -0.00000658
vn 0.00016811 -0.99999999 -0.00001160
vn 0.00016811 -0.99999999 -0.00001160
vn 0.00016811 -0.99999999 -0.00001160
vn 0.00016030 -0.99999999 -0.00001392
vn 0.00016030 -0.99999999 -0.00001392
vn 0.00016030 -0.99999999 -0.00001392
vn 0.00016514 -0.99999999 0.00000130
vn 0.00016514 -0.99999999 0.00000130
vn 0.00016514 -0.99999999 0.00000130
vn 0.00016790 -0.99999999 -0.00000068
vn 0.00016790 -0.99999999 -0.00000068
vn 0.00016790 -0.99999999 -0.00000068
vn 0.00016650 -0.99999999 -0.00000065
vn 0.00016650 -0.99999999 -0.00000065
vn 0.00016650 -0.99999999 -0.00000065
vn 0.00016020 -0.99999999 -0.00001135
vn 0.00016020 -0.99999999 -0.00001135
vn 0.00016020 -0.99999999 -0.00001135
vn 0.00015774 -0.99999999 -0.00000845
vn 0.00015774 -0.99999999 -0.00000845
vn 0.00015774 -0.99999999 -0.00000845
vn 0.00015497 -0.99999999 -0.00001084
vn 0.00015497 -0.99999999 -0.00001084
vn 0.00015497 -0.99999999 -0.00001084
vn 0.00016305 -0.99999999 0.00000682
vn 0.00016305 -0.99999999 0.00000682
vn 0.00016305 -0.99999999 0.00000682
vn 0.00015904 -0.99999999 -0.00000620
vn 0.00015904 -0.99999999 -0.00000620
vn 0.00015904 -0.99999999 -0.00000620
vn 0.00015934 -0.99999999 -0.00000618
vn 0.00015934 -0.99999999 -0.00000618
vn 0.00015934 -0.99999999 -0.00000618
vn 0.00015970 -0.99999999 -0.00000574
vn 0.00015970 -0.99999999 -0.00000574
vn 0.00015970 -0.99999999 -0.00000574
vn 0.00017153 -0.99999999 -0.00000716
vn 0.00017153 -0.99999999 -0.00000716
vn 0.00017153 -0.99999999 -0.00000716
vn 0.00016011 -0.99999999 -0.00000901
vn 0.00016011 -0.99999999 -0.00000901
vn 0.00016011 -0.99999999 -0.00000901
vn 0.00015913 -0.99999999 -0.00000697
vn 0.00015913 -0.99999999 -0.00000697
vn 0.00015913 -0.99999999 -0.00000697
vn 0.00016947 -0.99999999 -0.00000627
vn 0.00016947 -0.99999999 -0.00000627
vn 0.00016947 -0.99999999 -0.00000627
vn 0.00016424 -0.99999999 -0.00001534
vn 0.00016424 -0.99999999 -0.00001534
vn 0.00016424 -0.99999999 -0.00001534
vn 0.00015997 -0.99999999 -0.00000331
vn 0.00015997 -0.99999999 -0.00000331
vn 0.00015997 -0.99999999 -0.00000331
vn 0.00015830 -0.99999999 -0.00000134
vn 0.00015830 -0.99999999 -0.00000134
vn 0.00015830 -0.99999999 -0.00000134
vn 0.00015871 -0.99999999 0.00000106
vn 0.00015871 -0.99999999 0.00000106
vn 0.00015871 -0.99999999 0.00000106
vn 0.00016134 -0.99999999 -0.00001188
vn 0.00016134 -0.99999999 -0.00001188
vn 0.00016134 -0.99999999 -0.00001188
vn 0.00015816 -0.99999999 -0.00001440
vn 0.00015816 -0.99999999 -0.00001440
vn 0.00015816 -0.99999999 -0.00001440
vn 0.00016272 -0.99999999 -0.00000581
vn 0.00016272 -0.99999999 -0.00000581
vn 0.00016272 -0.99999999 -0.00000581
vn 0.00016249 -0.99999999 -0.00000289
vn 0.00016249 -0.99999999 -0.00000289
vn 0.00016249 -0.99999999 -0.00000289
vn 0.00016340 -0.99999999 -0.00000478
vn 0.00016340 -0.99999999 -0.00000478
vn 0.00016340 -0.99999999 -0.00000478
vn 0.00016238 -0.99999999 -0.00001021
vn 0.00016238 -0.99999999 -0.00001021
vn 0.00016238 -0.99999999 -0.00001021
vn 0.00015840 -0.99999999 -0.00000327
vn 0.00015840 -0.99999999 -0.00000327
vn 0.00015840 -0.99999999 -0.00000327
vn 0.00015995 -0.99999999 -0.00000131
vn 0.00015995 -0.99999999 -0.00000131
vn 0.00015995 -0.99999999 -0.00000131
vn 0.00016175 -0.99999999 -0.00001143
vn 0.00016175 -0.99999999 -0.00001143
vn 0.00016175 -0.99999999 -0.00001143
vn 0.00016344 -0.99999999 -0.00001168
vn 0.00016344 -0.99999999 -0.00001168
vn 0.00016344 -0.99999999 -0.00001168
vn 0.00016291 -0.99999999 -0.00000281
vn 0.00016291 -0.99999999 -0.00000281
vn 0.00016291 -0.99999999 -0.00000281
vn 0.00016088 -0.99999999 0.00000091
vn 0.00016088 -0.99999999 0.00000091
vn 0.00016088 -0.99999999 0.00000091
vn 0.00016340 -0.99999999 -0.00000746
vn 0.00016340 -0.99999999 -0.00000746
vn 0.00016340 -0.99999999 -0.00000746
vn 0.00016555 -0.99999999 -0.00000704
vn 0.00016555 -0.99999999 -0.00000704
vn 0.00016555 -0.99999999 -0.00000704
vn 0.00016507 -0.99999999 -0.00000573
vn 0.00016507 -0.99999999 -0.00000573
vn 0.00016507 -0.99999999 -0.00000573
vn 0.00016401 -0.99999999 -0.00000581
vn 0.00016401 -0.99999999 -0.00000581
vn 0.00016401 -0.99999999 -0.00000581
vn 0.00016089 -0.99999999 -0.00000816
vn 0.00016089 -0.99999999 -0.00000816
vn 0.00016089 -0.99999999 -0.00000816
vn 0.00016305 -0.99999999 -0.00000350
vn 0.00016305 -0.99999999 -0.00000350
vn 0.00016305 -0.99999999 -0.00000350
vn 0.00015596 -0.99999999 -0.00001084
vn 0.00015596 -0.99999999 -0.00001084
vn 0.00015596 -0.99999999 -0.00001084
vn 0.00015402 -0.99999999 -0.00001032
vn 0.00015402 -0.99999999 -0.00001032
vn 0.00015402 -0.99999999 -0.00001032
vn 0.00017744 -0.99999998 0.00000084
vn 0.00017744 -0.99999998 0.00000084
vn 0.00017744 -0.99999998 0.00000084
vn 0.00017271 -0.99999999 -0.00000464
vn 0.00017271 -0.99999999 -0.00000464
vn 0.00017271 -0.99999999 -0.00000464
vn 0.00016879 -0.99999999 -0.00000543
vn 0.00016879 -0.99999999 -0.00000543
vn 0.00016879 -0.99999999 -0.00000543
vn 0.00016980 -0.99999999 -0.00000494
vn 0.00016980 -0.99999999 -0.00000494
vn 0.00016980 -0.99999999 -0.00000494
vn 0.00015586 -0.99999999 -0.00000723
vn 0.00015586 -0.99999999 -0.00000723
vn 0.00015586 -0.99999999 -0.00000723
vn 0.00015586 -0.99999999 -0.00000578
vn 0.00015586 -0.99999999 -0.00000578
vn 0.00015586 -0.99999999 -0.00000578
vn 0.08936892 0.09522075 0.99143643
vn 0.08936892 0.09522075 0.99143643
vn 0.08936892 0.09522075 0.99143643
vn 0.12127596 0.05465519 0.99111299
vn 0.12127596 0.05465519 0.99111299
vn 0.12127596 0.05465519 0.99111299
vn 0.12143144 0.05508983 0.99106988
vn 0.12143144 0.05508983 0.99106988
vn 0.12143144 0.05508983 0.99106988
vn 0.11002436 0.08622694 0.99018158
vn 0.11002436 0.08622694 0.99018158
vn 0.11002436 0.08622694 0.99018158
vn 0.08928266 0.08334961 0.99251270
vn 0.08928266 0.08334961 0.99251270
vn 0.08928266 0.08334961 0.99251270
vn 0.07438923 0.10205976 0.99199297
vn 0.07438923 0.10205976 0.99199297
vn 0.07438923 0.10205976 0.99199297
vn 0.06856334 0.09376241 0.99323093
vn 0.06856334 0.09376241 0.99323093
vn 0.06856334 0.09376241 0.99323093
vn 0.07394208 0.09764473 0.99247069
vn 0.07394208 0.09764473 0.99247069
vn 0.07394208 0.09764473 0.99247069
vn 0.09435495 0.09745131 0.99075748
vn 0.09435495 0.09745131 0.99075748
vn 0.09435495 0.09745131 0.99075748
vn 0.09813587 0.08988448 0.99110551
vn 0.09813587 0.08988448 0.99110551
vn 0.09813587 0.08988448 0.99110551
vn 0.13463382 0.10102252 0.98573231
vn 0.13463382 0.10102252 0.98573231
vn 0.13463382 0.10102252 0.98573231
vn 0.13694238 0.09994281 0.98552434
vn 0.13694238 0.09994281 0.98552434
vn 0.13694238 0.09994281 0.98552434
vn 0.17032471 0.09653113 0.98064837
vn 0.17032471 0.09653113 0.98064837
vn 0.17032471 0.09653113 0.98064837
vn 0.17278507 0.09353991 0.98050783
vn 0.17278507 0.09353991 0.98050783
vn 0.17278507 0.09353991 0.98050783
vn 0.20724833 0.10323100 0.97282655
vn 0.20724833 0.10323100 0.97282655
vn 0.20724833 0.10323100 0.97282655
vn 0.24448615 0.09393206 0.96509238
vn 0.24448615 0.09393206 0.96509238
vn 0.24448615 0.09393206 0.96509238
vn 0.25813840 0.11091069 0.95972047
vn 0.25813840 0.11091069 0.95972047
vn 0.25813840 0.11091069 0.95972047
vn 0.34102691 0.09927580 0.93479675
vn 0.34102691 0.09927580 0.93479675
vn 0.34102691 0.09927580 0.93479675
vn 0.34819868 0.10941518 0.93101342
vn 0.34819868 0.10941518 0.93101342
vn 0.34819868 0.10941518 0.93101342
vn 0.40959425 0.11133282 0.90544881
vn 0.40959425 0.11133282 0.90544881
vn 0.40959425 0.11133282 0.90544881
vn 0.44550474 0.12143230 0.88700604
vn 0.44550474 0.12143230 0.88700604
vn 0.44550474 0.12143230 0.88700604
vn 0.46396977 0.10786196 0.87925983
vn 0.46396977 0.10786196 0.87925983
vn 0.46396977 0.10786196 0.87925983
vn 0.55145026 0.12584984 0.82466019
vn 0.55145026 0.12584984 0.82466019
vn 0.55145026 0.12584984 0.82466019
vn 0.56833887 0.10918619 0.81551782
vn 0.56833887 0.10918619 0.81551782
vn 0.56833887 0.10918619 0.81551782
vn 0.64411271 0.12628031 0.75443496
vn 0.64411271 0.12628031 0.75443496
vn 0.64411271 0.12628031 0.75443496
vn 0.66761863 0.14219046 0.73079904
vn 0.66761863 0.14219046 0.73079904
vn 0.66761863 0.14219046 0.73079904
vn 0.72050864 0.10415085 0.68557997
vn 0.72050864 0.10415085 0.68557997
vn 0.72050864 0.10415085 0.68557997
vn 0.74539229 0.12354015 0.65507875
vn 0.74539229 0.12354015 0.65507875
vn 0.74539229 0.12354015 0.65507875
vn 0.81201469 0.13321559 0.56823037
vn 0.81201469 0.13321559 0.56823037
vn 0.81201469 0.13321559 0.56823037
vn 0.81648069 0.12661484 0.56331871
vn 0.81648069 0.12661484 0.56331871
vn 0.81648069 0.12661484 0.56331871
vn 0.86638373 0.13158768 0.48173013
vn 0.86638373 0.13158768 0.48173013
vn 0.86638373 0.13158768 0.48173013
vn 0.88477703 0.14925896 0.44146502
vn 0.88477703 0.14925896 0.44146502
vn 0.88477703 0.14925896 0.44146502
vn 0.91069855 0.11126854 0.39780329
vn 0.91069855 0.11126854 0.39780329
vn 0.91069855 0.11126854 0.39780329
vn 0.91882024 0.12492628 0.37438321
vn 0.91882024 0.12492628 0.37438321
vn 0.91882024 0.12492628 0.37438321
vn 0.94696937 0.15887325 0.27929967
vn 0.94696937 0.15887325 0.27929967
vn 0.94696937 0.15887325 0.27929967
vn 0.94562906 0.11676525 0.30356475
vn 0.94562906 0.11676525 0.30356475
vn 0.94562906 0.11676525 0.30356475
vn 0.96731388 0.14520077 0.20789562
vn 0.96731388 0.14520077 0.20789562
vn 0.96731388 0.14520077 0.20789562
vn 0.96780309 0.15573810 0.19774431
vn 0.96780309 0.15573810 0.19774431
vn 0.96780309 0.15573810 0.19774431
vn 0.98197874 0.12068825 0.14543765
vn 0.98197874 0.12068825 0.14543765
vn 0.98197874 0.12068825 0.14543765
vn 0.98182633 0.13181384 0.13653632
vn 0.98182633 0.13181384 0.13653632
vn 0.98182633 0.13181384 0.13653632
vn 0.98556515 0.15290608 0.07267093
vn 0.98556515 0.15290608 0.07267093
vn 0.98556515 0.15290608 0.07267093
vn 0.98830269 0.12926556 0.08092094
vn 0.98830269 0.12926556 0.08092094
vn 0.98830269 0.12926556 0.08092094
vn 0.98805834 0.15285689 0.01937724
vn 0.98805834 0.15285689 0.01937724
vn 0.98805834 0.15285689 0.01937724
vn 0.98922130 0.14479187 0.02182946
vn 0.98922130 0.14479187 0.02182946
vn 0.98922130 0.14479187 0.02182946
vn -0.01970000 0.06412386 -0.99774748
vn -0.01970000 0.06412386 -0.99774748
vn -0.01970000 0.06412386 -0.99774748
vn -0.03895141 0.08113512 -0.99594170
vn -0.03895141 0.08113512 -0.99594170
vn -0.03895141 0.08113512 -0.99594170
vn -0.04927158 0.11203458 -0.99248202
vn -0.04927158 0.11203458 -0.99248202
vn -0.04927158 0.11203458 -0.99248202
vn -0.04969840 0.11240978 -0.99241831
vn -0.04969840 0.11240978 -0.99241831
vn -0.04969840 0.11240978 -0.99241831
vn -0.06005501 0.13001756 -0.98969128
vn -0.06005501 0.13001756 -0.98969128
vn -0.06005501 0.13001756 -0.98969128
vn -0.03187430 -0.74768350 -0.66328984
vn -0.03187430 -0.74768350 -0.66328984
vn -0.03187430 -0.74768350 -0.66328984
vn -0.02355617 -0.70445256 -0.70936006
vn -0.02355617 -0.70445256 -0.70936006
vn -0.02355617 -0.70445256 -0.70936006
vn 0.00441879 -0.70471885 -0.70947292
vn 0.00441879 -0.70471885 -0.70947292
vn 0.00441879 -0.70471885 -0.70947292
vn -0.10322918 -0.72798686 -0.67777494
vn -0.10322918 -0.72798686 -0.67777494
vn -0.10322918 -0.72798686 -0.67777494
vn -0.10665464 -0.72394615 -0.68156200
vn -0.10665464 -0.72394615 -0.68156200
vn -0.10665464 -0.72394615 -0.68156200
vn -0.10651177 -0.72413207 -0.68138682
vn -0.10651177 -0.72413207 -0.68138682
vn -0.10651177 -0.72413207 -0.68138682
vn -0.10641240 -0.72426690 -0.68125903
vn -0.10641240 -0.72426690 -0.68125903
vn -0.10641240 -0.72426690 -0.68125903
vn -0.10615087 -0.72464985 -0.68089249
vn -0.10615087 -0.72464985 -0.68089249
vn -0.10615087 -0.72464985 -0.68089249
vn -0.10564865 -0.72543590 -0.68013316
vn -0.10564865 -0.72543590 -0.68013316
vn -0.10564865 -0.72543590 -0.68013316
vn -0.10492826 -0.72663132 -0.67896759
vn -0.10492826 -0.72663132 -0.67896759
vn -0.10492826 -0.72663132 -0.67896759
vn -0.10406415 -0.72814109 -0.67748151
vn -0.10406415 -0.72814109 -0.67748151
vn -0.10406415 -0.72814109 -0.67748151
vn -0.10329981 -0.72950648 -0.67612827
vn -0.10329981 -0.72950648 -0.67612827
vn -0.10329981 -0.72950648 -0.67612827
vn -0.09681560 -0.74147338 -0.66396082
vn -0.09681560 -0.74147338 -0.66396082
vn -0.09681560 -0.74147338 -0.66396082
vn -0.09871782 -0.75120550 -0.65264469
vn -0.09871782 -0.75120550 -0.65264469
vn -0.09871782 -0.75120550 -0.65264469
vn -0.09828816 -0.74913905 -0.65508024
vn -0.09828816 -0.74913905 -0.65508024
vn -0.09828816 -0.74913905 -0.65508024
vn -0.09777579 -0.74694949 -0.65765215
vn -0.09777579 -0.74694949 -0.65765215
vn -0.09777579 -0.74694949 -0.65765215
vn -0.09732011 -0.74511312 -0.65979939
vn -0.09732011 -0.74511312 -0.65979939
vn -0.09732011 -0.74511312 -0.65979939
vn -0.09669031 -0.74286219 -0.66242490
vn -0.09669031 -0.74286219 -0.66242490
vn -0.09669031 -0.74286219 -0.66242490
vn -0.09612868 -0.74097140 -0.66462069
vn -0.09612868 -0.74097140 -0.66462069
vn -0.09612868 -0.74097140 -0.66462069
vn -0.09527953 -0.73844512 -0.66754821
vn -0.09527953 -0.73844512 -0.66754821
vn -0.09527953 -0.73844512 -0.66754821
vn -0.09398898 -0.73483276 -0.67170446
vn -0.09398898 -0.73483276 -0.67170446
vn -0.09398898 -0.73483276 -0.67170446
vn -0.08625580 -0.71811679 -0.69055645
vn -0.08625580 -0.71811679 -0.69055645
vn -0.08625580 -0.71811679 -0.69055645
vn -0.06828859 -0.71302338 -0.69780680
vn -0.06828859 -0.71302338 -0.69780680
vn -0.06828859 -0.71302338 -0.69780680
vn -0.07573911 -0.72779001 -0.68160493
vn -0.07573911 -0.72779001 -0.68160493
vn -0.07573911 -0.72779001 -0.68160493
vn -0.07464077 -0.70412887 -0.70613829
vn -0.07464077 -0.70412887 -0.70613829
vn -0.07464077 -0.70412887 -0.70613829
vn -0.04604863 -0.74095328 -0.66997594
vn -0.04604863 -0.74095328 -0.66997594
vn -0.04604863 -0.74095328 -0.66997594
vn -0.06349406 -0.74077342 0.66874752
vn -0.06349406 -0.74077342 0.66874752
vn -0.06349406 -0.74077342 0.66874752
vn -0.07547863 -0.69604266 0.71402213
vn -0.07547863 -0.69604266 0.71402213
vn -0.07547863 -0.69604266 0.71402213
vn -0.09335533 -0.72799077 0.67920116
vn -0.09335533 -0.72799077 0.67920116
vn -0.09335533 -0.72799077 0.67920116
vn -0.11334858 -0.05965688 -0.99176265
vn -0.11334858 -0.05965688 -0.99176265
vn -0.11334858 -0.05965688 -0.99176265
vn -0.07050463 -0.08634886 -0.99376706
vn -0.07050463 -0.08634886 -0.99376706
vn -0.07050463 -0.08634886 -0.99376706
vn -0.07827824 -0.08041393 -0.99368311
vn -0.07827824 -0.08041393 -0.99368311
vn -0.07827824 -0.08041393 -0.99368311
vn -0.04917213 -0.09295006 -0.99445583
vn -0.04917213 -0.09295006 -0.99445583
vn -0.04917213 -0.09295006 -0.99445583
vn -0.04677084 -0.08486899 -0.99529380
vn -0.04677084 -0.08486899 -0.99529380
vn -0.04677084 -0.08486899 -0.99529380
vn -0.65171166 -0.75846511 -0.00161094
vn -0.65171166 -0.75846511 -0.00161094
vn -0.65171166 -0.75846511 -0.00161094
vn -0.64567034 -0.76359689 -0.00543992
vn -0.64567034 -0.76359689 -0.00543992
vn -0.64567034 -0.76359689 -0.00543992
vn -0.63473774 -0.77267723 -0.00882578
vn -0.63473774 -0.77267723 -0.00882578
vn -0.63473774 -0.77267723 -0.00882578
vn -0.06474209 -0.74084303 -0.66855072
vn -0.06474209 -0.74084303 -0.66855072
vn -0.06474209 -0.74084303 -0.66855072
vn -0.06261587 -0.70681926 -0.70461748
vn -0.06261587 -0.70681926 -0.70461748
vn -0.06261587 -0.70681926 -0.70461748
vn -0.09548340 -0.77591987 -0.62356337
vn -0.09548340 -0.77591987 -0.62356337
vn -0.09548340 -0.77591987 -0.62356337
vn -0.09586529 -0.80256964 -0.58880542
vn -0.09586529 -0.80256964 -0.58880542
vn -0.09586529 -0.80256964 -0.58880542
vn -0.14655545 -0.72203171 -0.67615953
vn -0.14655545 -0.72203171 -0.67615953
vn -0.14655545 -0.72203171 -0.67615953
vn -0.18248612 -0.78620557 -0.59040632
vn -0.18248612 -0.78620557 -0.59040632
vn -0.18248612 -0.78620557 -0.59040632
vn -0.36563455 -0.74815550 -0.55369190
vn -0.36563455 -0.74815550 -0.55369190
vn -0.36563455 -0.74815550 -0.55369190
vn -0.32869107 -0.74772322 -0.57695075
vn -0.32869107 -0.74772322 -0.57695075
vn -0.32869107 -0.74772322 -0.57695075
vn -0.27051475 -0.80500703 -0.52800138
vn -0.27051475 -0.80500703 -0.52800138
vn -0.27051475 -0.80500703 -0.52800138
vn -0.27783594 -0.70833691 -0.64889599
vn -0.27783594 -0.70833691 -0.64889599
vn -0.27783594 -0.70833691 -0.64889599
vn -0.17561859 -0.79738327 -0.57735433
vn -0.17561859 -0.79738327 -0.57735433
vn -0.17561859 -0.79738327 -0.57735433
vn -0.38857106 -0.78061230 -0.48954772
vn -0.38857106 -0.78061230 -0.48954772
vn -0.38857106 -0.78061230 -0.48954772
vn -0.37440145 -0.80611811 -0.45825446
vn -0.37440145 -0.80611811 -0.45825446
vn -0.37440145 -0.80611811 -0.45825446
vn -0.46187520 -0.75109048 -0.47173552
vn -0.46187520 -0.75109048 -0.47173552
vn -0.46187520 -0.75109048 -0.47173552
vn -0.57465922 -0.75304189 -0.32046014
vn -0.57465922 -0.75304189 -0.32046014
vn -0.57465922 -0.75304189 -0.32046014
vn -0.55049458 -0.75306090 -0.36035399
vn -0.55049458 -0.75306090 -0.36035399
vn -0.55049458 -0.75306090 -0.36035399
vn -0.46415297 -0.81130253 -0.35545776
vn -0.46415297 -0.81130253 -0.35545776
vn -0.46415297 -0.81130253 -0.35545776
vn -0.49285085 -0.77442024 -0.39670056
vn -0.49285085 -0.77442024 -0.39670056
vn -0.49285085 -0.77442024 -0.39670056
vn -0.48169749 -0.75082542 -0.45191672
vn -0.48169749 -0.75082542 -0.45191672
vn -0.48169749 -0.75082542 -0.45191672
vn -0.59442605 -0.75335269 -0.28127814
vn -0.59442605 -0.75335269 -0.28127814
vn -0.59442605 -0.75335269 -0.28127814
vn -0.46880189 -0.86159580 -0.19462134
vn -0.46880189 -0.86159580 -0.19462134
vn -0.46880189 -0.86159580 -0.19462134
vn -0.53668440 -0.80183182 -0.26274624
vn -0.53668440 -0.80183182 -0.26274624
vn -0.53668440 -0.80183182 -0.26274624
vn -0.58803134 -0.80388802 -0.08934870
vn -0.58803134 -0.80388802 -0.08934870
vn -0.58803134 -0.80388802 -0.08934870
vn -0.63810076 -0.76199304 -0.11042656
vn -0.63810076 -0.76199304 -0.11042656
vn -0.63810076 -0.76199304 -0.11042656
vn -0.64661248 -0.74096956 -0.18126338
vn -0.64661248 -0.74096956 -0.18126338
vn -0.64661248 -0.74096956 -0.18126338
vn -0.55961317 -0.81631128 -0.14306987
vn -0.55961317 -0.81631128 -0.14306987
vn -0.55961317 -0.81631128 -0.14306987
vn -0.62111756 -0.75464361 -0.21148523
vn -0.62111756 -0.75464361 -0.21148523
vn -0.62111756 -0.75464361 -0.21148523
vn -0.64650455 -0.76281610 -0.01197751
vn -0.64650455 -0.76281610 -0.01197751
vn -0.64650455 -0.76281610 -0.01197751
vn -0.66019395 -0.75055984 -0.02835261
vn -0.66019395 -0.75055984 -0.02835261
vn -0.66019395 -0.75055984 -0.02835261
vn -0.59508019 -0.80280469 -0.03720464
vn -0.59508019 -0.80280469 -0.03720464
vn -0.59508019 -0.80280469 -0.03720464
vn -0.60937801 -0.79180502 -0.04127044
vn -0.60937801 -0.79180502 -0.04127044
vn -0.60937801 -0.79180502 -0.04127044
vn -0.69121314 -0.71886568 -0.07386835
vn -0.69121314 -0.71886568 -0.07386835
vn -0.69121314 -0.71886568 -0.07386835
vn -0.28278074 -0.74651423 0.60228859
vn -0.28278074 -0.74651423 0.60228859
vn -0.28278074 -0.74651423 0.60228859
vn -0.65171169 -0.75846516 0.00157309
vn -0.65171169 -0.75846516 0.00157309
vn -0.65171169 -0.75846516 0.00157309
vn -0.58461565 -0.81112463 0.01735989
vn -0.58461565 -0.81112463 0.01735989
vn -0.58461565 -0.81112463 0.01735989
vn -0.62607006 -0.77968205 0.01149709
vn -0.62607006 -0.77968205 0.01149709
vn -0.62607006 -0.77968205 0.01149709
vn -0.64572953 -0.76354718 0.00539288
vn -0.64572953 -0.76354718 0.00539288
vn -0.64572953 -0.76354718 0.00539288
vn -0.59500951 -0.80108246 0.06504285
vn -0.59500951 -0.80108246 0.06504285
vn -0.59500951 -0.80108246 0.06504285
vn -0.66489820 -0.74461504 0.05881173
vn -0.66489820 -0.74461504 0.05881173
vn -0.66489820 -0.74461504 0.05881173
vn -0.63877827 -0.76891169 0.02715020
vn -0.63877827 -0.76891169 0.02715020
vn -0.63877827 -0.76891169 0.02715020
vn -0.61913638 -0.77613025 0.11954905
vn -0.61913638 -0.77613025 0.11954905
vn -0.61913638 -0.77613025 0.11954905
vn -0.64494230 -0.75618564 0.11060151
vn -0.64494230 -0.75618564 0.11060151
vn -0.64494230 -0.75618564 0.11060151
vn -0.64820130 -0.75615083 0.08983875
vn -0.64820130 -0.75615083 0.08983875
vn -0.64820130 -0.75615083 0.08983875
vn -0.54228094 -0.82986597 0.13135392
vn -0.54228094 -0.82986597 0.13135392
vn -0.54228094 -0.82986597 0.13135392
vn -0.63976168 -0.75594616 0.13874578
vn -0.63976168 -0.75594616 0.13874578
vn -0.63976168 -0.75594616 0.13874578
vn -0.62132676 -0.75381151 0.21382532
vn -0.62132676 -0.75381151 0.21382532
vn -0.62132676 -0.75381151 0.21382532
vn -0.55237868 -0.80727137 0.20782381
vn -0.55237868 -0.80727137 0.20782381
vn -0.55237868 -0.80727137 0.20782381
vn -0.60070908 -0.75379702 0.26634310
vn -0.60070908 -0.75379702 0.26634310
vn -0.60070908 -0.75379702 0.26634310
vn -0.52396024 -0.75159806 0.40070691
vn -0.52396024 -0.75159806 0.40070691
vn -0.52396024 -0.75159806 0.40070691
vn -0.54906596 -0.76604982 0.33420690
vn -0.54906596 -0.76604982 0.33420690
vn -0.54906596 -0.76604982 0.33420690
vn -0.48767847 -0.81533946 0.31207576
vn -0.48767847 -0.81533946 0.31207576
vn -0.48767847 -0.81533946 0.31207576
vn -0.58454934 -0.75385792 0.30000052
vn -0.58454934 -0.75385792 0.30000052
vn -0.58454934 -0.75385792 0.30000052
vn -0.49999236 -0.75611616 0.42225111
vn -0.49999236 -0.75611616 0.42225111
vn -0.49999236 -0.75611616 0.42225111
vn -0.48121752 -0.77042393 0.41818257
vn -0.48121752 -0.77042393 0.41818257
vn -0.48121752 -0.77042393 0.41818257
vn -0.47834974 -0.74211213 0.46952222
vn -0.47834974 -0.74211213 0.46952222
vn -0.47834974 -0.74211213 0.46952222
vn -0.42704222 -0.76908844 0.47553960
vn -0.42704222 -0.76908844 0.47553960
vn -0.42704222 -0.76908844 0.47553960
vn -0.44375893 -0.71041702 0.54624689
vn -0.44375893 -0.71041702 0.54624689
vn -0.44375893 -0.71041702 0.54624689
vn -0.35460716 -0.74497565 0.56503543
vn -0.35460716 -0.74497565 0.56503543
vn -0.35460716 -0.74497565 0.56503543
vn -0.25216829 -0.85538146 0.45247510
vn -0.25216829 -0.85538146 0.45247510
vn -0.25216829 -0.85538146 0.45247510
vn -0.33966601 -0.78761898 0.51408496
vn -0.33966601 -0.78761898 0.51408496
vn -0.33966601 -0.78761898 0.51408496
vn -0.20968814 -0.79892147 0.56369794
vn -0.20968814 -0.79892147 0.56369794
vn -0.20968814 -0.79892147 0.56369794
vn -0.25017104 -0.73535274 0.62981806
vn -0.25017104 -0.73535274 0.62981806
vn -0.25017104 -0.73535274 0.62981806
vn -0.16896184 -0.74834821 0.64142564
vn -0.16896184 -0.74834821 0.64142564
vn -0.16896184 -0.74834821 0.64142564
vn -0.13344258 -0.80724281 0.57493662
vn -0.13344258 -0.80724281 0.57493662
vn -0.13344258 -0.80724281 0.57493662
vn -0.12790911 -0.74167838 0.65844699
vn -0.12790911 -0.74167838 0.65844699
vn -0.12790911 -0.74167838 0.65844699
vn -0.05069320 -0.74086502 0.66973818
vn -0.05069320 -0.74086502 0.66973818
vn -0.05069320 -0.74086502 0.66973818
vn -0.05653685 -0.74965111 0.65941398
vn -0.05653685 -0.74965111 0.65941398
vn -0.05653685 -0.74965111 0.65941398
vn -0.06950514 -0.78619768 0.61405394
vn -0.06950514 -0.78619768 0.61405394
vn -0.06950514 -0.78619768 0.61405394
vn -0.06842232 -0.78951649 0.60990336
vn -0.06842232 -0.78951649 0.60990336
vn -0.06842232 -0.78951649 0.60990336
vn -0.10061606 -0.74175353 0.66308228
vn -0.10061606 -0.74175353 0.66308228
vn -0.10061606 -0.74175353 0.66308228
vn -0.13743056 -0.05958480 0.98871760
vn -0.13743056 -0.05958480 0.98871760
vn -0.13743056 -0.05958480 0.98871760
vn -0.09769100 -0.06560181 0.99305230
vn -0.09769100 -0.06560181 0.99305230
vn -0.09769100 -0.06560181 0.99305230
vn -0.06177779 -0.09290433 0.99375665
vn -0.06177779 -0.09290433 0.99375665
vn -0.06177779 -0.09290433 0.99375665
vn -0.04514704 -0.08035122 0.99574365
vn -0.04514704 -0.08035122 0.99574365
vn -0.04514704 -0.08035122 0.99574365
vn -0.04677240 -0.08447003 0.99532766
vn -0.04677240 -0.08447003 0.99532766
vn -0.04677240 -0.08447003 0.99532766
vn 0.01897100 -0.70428523 0.70966359
vn 0.01897100 -0.70428523 0.70966359
vn 0.01897100 -0.70428523 0.70966359
vn -0.09664791 -0.72800088 0.67872962
vn -0.09664791 -0.72800088 0.67872962
vn -0.09664791 -0.72800088 0.67872962
vn -0.10083459 -0.71536095 0.69144132
vn -0.10083459 -0.71536095 0.69144132
vn -0.10083459 -0.71536095 0.69144132
vn 0.01245520 -0.70433926 0.70975424
vn 0.01245520 -0.70433926 0.70975424
vn 0.01245520 -0.70433926 0.70975424
vn -0.00849761 -0.71174524 0.70238629
vn -0.00849761 -0.71174524 0.70238629
vn -0.00849761 -0.71174524 0.70238629
vn -0.03102925 -0.76289234 0.64578050
vn -0.03102925 -0.76289234 0.64578050
vn -0.03102925 -0.76289234 0.64578050
vn -0.05036259 -0.71485312 0.69745869
vn -0.05036259 -0.71485312 0.69745869
vn -0.05036259 -0.71485312 0.69745869
vn -0.07382868 -0.71514922 0.69506181
vn -0.07382868 -0.71514922 0.69506181
vn -0.07382868 -0.71514922 0.69506181
vn -0.01117498 0.06414485 0.99787803
vn -0.01117498 0.06414485 0.99787803
vn -0.01117498 0.06414485 0.99787803
vn -0.02706263 0.06805460 0.99731449
vn -0.02706263 0.06805460 0.99731449
vn -0.02706263 0.06805460 0.99731449
vn -0.04351110 0.09021699 0.99497120
vn -0.04351110 0.09021699 0.99497120
vn -0.04351110 0.09021699 0.99497120
vn -0.04804018 0.11208969 0.99253617
vn -0.04804018 0.11208969 0.99253617
vn -0.04804018 0.11208969 0.99253617
vn -0.05564333 0.12051091 0.99115132
vn -0.05564333 0.12051091 0.99115132
vn -0.05564333 0.12051091 0.99115132
vn -0.06575717 0.14242087 0.98761951
vn -0.06575717 0.14242087 0.98761951
vn -0.06575717 0.14242087 0.98761951
vn -0.07267325 0.16306521 0.98393513
vn -0.07267325 0.16306521 0.98393513
vn -0.07267325 0.16306521 0.98393513
vn -0.07624069 0.16728586 0.98295615
vn -0.07624069 0.16728586 0.98295615
vn -0.07624069 0.16728586 0.98295615
vn -0.10459902 0.22448342 0.96884789
vn -0.10459902 0.22448342 0.96884789
vn -0.10459902 0.22448342 0.96884789
vn -0.09850736 0.20654143 0.97346645
vn -0.09850736 0.20654143 0.97346645
vn -0.09850736 0.20654143 0.97346645
vn -0.08665576 0.18459233 0.97898746
vn -0.08665576 0.18459233 0.97898746
vn -0.08665576 0.18459233 0.97898746
vn -0.13752094 0.28144187 0.94967282
vn -0.13752094 0.28144187 0.94967282
vn -0.13752094 0.28144187 0.94967282
vn -0.12842818 0.26212475 0.95645011
vn -0.12842818 0.26212475 0.95645011
vn -0.12842818 0.26212475 0.95645011
vn -0.11427149 0.23784181 0.96455860
vn -0.11427149 0.23784181 0.96455860
vn -0.11427149 0.23784181 0.96455860
vn -0.17767073 0.34586201 0.92131025
vn -0.17767073 0.34586201 0.92131025
vn -0.17767073 0.34586201 0.92131025
vn -0.18417800 0.36940862 0.91083244
vn -0.18417800 0.36940862 0.91083244
vn -0.18417800 0.36940862 0.91083244
vn -0.15692431 0.31310747 0.93666348
vn -0.15692431 0.31310747 0.93666348
vn -0.15692431 0.31310747 0.93666348
vn -0.15570628 0.31019366 0.93783551
vn -0.15570628 0.31019366 0.93783551
vn -0.15570628 0.31019366 0.93783551
vn -0.13675498 0.28031459 0.95011673
vn -0.13675498 0.28031459 0.95011673
vn -0.13675498 0.28031459 0.95011673
vn 0.00498725 0.01736019 0.99983686
vn 0.00498725 0.01736019 0.99983686
vn 0.00498725 0.01736019 0.99983686
vn -0.10783980 -0.00906963 0.99412691
vn -0.10783980 -0.00906963 0.99412691
vn -0.10783980 -0.00906963 0.99412691
vn 0.01999579 -0.05266324 0.99841212
vn 0.01999579 -0.05266324 0.99841212
vn 0.01999579 -0.05266324 0.99841212
vn 0.01165529 -0.05427955 0.99845775
vn 0.01165529 -0.05427955 0.99845775
vn 0.01165529 -0.05427955 0.99845775
vn -0.00008816 -0.02184852 0.99976129
vn -0.00008816 -0.02184852 0.99976129
vn -0.00008816 -0.02184852 0.99976129
vn -0.00010239 -0.00903924 0.99995914
vn -0.00010239 -0.00903924 0.99995914
vn -0.00010239 -0.00903924 0.99995914
vn -0.04793037 0.01907573 0.99866851
vn -0.04793037 0.01907573 0.99866851
vn -0.04793037 0.01907573 0.99866851
vn -0.07217496 0.10080255 0.99228505
vn -0.07217496 0.10080255 0.99228505
vn -0.07217496 0.10080255 0.99228505
vn -0.01488718 0.02157242 0.99965644
vn -0.01488718 0.02157242 0.99965644
vn -0.01488718 0.02157242 0.99965644
vn -0.14482898 -0.05952887 0.98766436
vn -0.14482898 -0.05952887 0.98766436
vn -0.14482898 -0.05952887 0.98766436
vn -0.05944599 -0.00913854 0.99818969
vn -0.05944599 -0.00913854 0.99818969
vn -0.05944599 -0.00913854 0.99818969
vn -0.05919718 -0.08030447 0.99501100
vn -0.05919718 -0.08030447 0.99501100
vn -0.05919718 -0.08030447 0.99501100
vn -0.01455235 -0.04288529 0.99897401
vn -0.01455235 -0.04288529 0.99897401
vn -0.01455235 -0.04288529 0.99897401
vn -0.00222405 -0.08453972 0.99641763
vn -0.00222405 -0.08453972 0.99641763
vn -0.00222405 -0.08453972 0.99641763
vn 0.00034201 -0.01145151 0.99993437
vn 0.00034201 -0.01145151 0.99993437
vn 0.00034201 -0.01145151 0.99993437
vn -0.93335328 0.03368237 0.35737536
vn -0.93335328 0.03368237 0.35737536
vn -0.93335328 0.03368237 0.35737536
vn -0.99961841 -0.01132337 0.02519544
vn -0.99961841 -0.01132337 0.02519544
vn -0.99961841 -0.01132337 0.02519544
vn 0.01996825 -0.07811223 0.99674458
vn 0.01996825 -0.07811223 0.99674458
vn 0.01996825 -0.07811223 0.99674458
vn -0.07542742 -0.09281872 0.99282193
vn -0.07542742 -0.09281872 0.99282193
vn -0.07542742 -0.09281872 0.99282193
vn -0.00222691 -0.07616444 0.99709278
vn -0.00222691 -0.07616444 0.99709278
vn -0.00222691 -0.07616444 0.99709278
vn 0.02818343 -0.09736258 0.99484985
vn 0.02818343 -0.09736258 0.99484985
vn 0.02818343 -0.09736258 0.99484985
vn -0.04678665 -0.08095543 0.99561902
vn -0.04678665 -0.08095543 0.99561902
vn -0.04678665 -0.08095543 0.99561902
vn -0.05755186 -0.05294362 0.99693769
vn -0.05755186 -0.05294362 0.99693769
vn -0.05755186 -0.05294362 0.99693769
vn -0.08741251 -0.09188494 0.99192551
vn -0.08741251 -0.09188494 0.99192551
vn -0.08741251 -0.09188494 0.99192551
vn -0.19015491 -0.09105097 0.97752280
vn -0.19015491 -0.09105097 0.97752280
vn -0.19015491 -0.09105097 0.97752280
vn -0.14963019 -0.09222452 0.98443153
vn -0.14963019 -0.09222452 0.98443153
vn -0.14963019 -0.09222452 0.98443153
vn -0.12351188 -0.09027391 0.98822843
vn -0.12351188 -0.09027391 0.98822843
vn -0.12351188 -0.09027391 0.98822843
vn -0.11149384 -0.09243437 0.98945693
vn -0.11149384 -0.09243437 0.98945693
vn -0.11149384 -0.09243437 0.98945693
vn -0.08520524 -0.09172126 0.99213269
vn -0.08520524 -0.09172126 0.99213269
vn -0.08520524 -0.09172126 0.99213269
vn -0.25468073 -0.10116828 0.96171862
vn -0.25468073 -0.10116828 0.96171862
vn -0.25468073 -0.10116828 0.96171862
vn -0.29565898 -0.09111398 0.95093849
vn -0.29565898 -0.09111398 0.95093849
vn -0.29565898 -0.09111398 0.95093849
vn -0.34713216 -0.10680623 0.93171438
vn -0.34713216 -0.10680623 0.93171438
vn -0.34713216 -0.10680623 0.93171438
vn -0.45259058 -0.10001211 0.88609218
vn -0.45259058 -0.10001211 0.88609218
vn -0.45259058 -0.10001211 0.88609218
vn -0.48695645 -0.08227873 0.86954219
vn -0.48695645 -0.08227873 0.86954219
vn -0.48695645 -0.08227873 0.86954219
vn -0.42366120 -0.09818136 0.90048410
vn -0.42366120 -0.09818136 0.90048410
vn -0.42366120 -0.09818136 0.90048410
vn -0.76052654 -0.11056458 0.63982409
vn -0.76052654 -0.11056458 0.63982409
vn -0.76052654 -0.11056458 0.63982409
vn -0.70968001 -0.10891829 0.69605394
vn -0.70968001 -0.10891829 0.69605394
vn -0.70968001 -0.10891829 0.69605394
vn -0.64652838 -0.09347579 0.75714155
vn -0.64652838 -0.09347579 0.75714155
vn -0.64652838 -0.09347579 0.75714155
vn -0.62777567 -0.10192301 0.77169256
vn -0.62777567 -0.10192301 0.77169256
vn -0.62777567 -0.10192301 0.77169256
vn -0.54979442 -0.10701260 0.82841680
vn -0.54979442 -0.10701260 0.82841680
vn -0.54979442 -0.10701260 0.82841680
vn -0.91978096 -0.10021857 0.37941959
vn -0.91978096 -0.10021857 0.37941959
vn -0.91978096 -0.10021857 0.37941959
vn -0.90921163 -0.10708170 0.40232788
vn -0.90921163 -0.10708170 0.40232788
vn -0.90921163 -0.10708170 0.40232788
vn -0.88408357 -0.11249916 0.45358590
vn -0.88408357 -0.11249916 0.45358590
vn -0.88408357 -0.11249916 0.45358590
vn -0.81705009 -0.10713679 0.56652525
vn -0.81705009 -0.10713679 0.56652525
vn -0.81705009 -0.10713679 0.56652525
vn -0.83930022 -0.08863176 0.53639496
vn -0.83930022 -0.08863176 0.53639496
vn -0.83930022 -0.08863176 0.53639496
vn -0.79132371 -0.10384068 0.60251464
vn -0.79132371 -0.10384068 0.60251464
vn -0.79132371 -0.10384068 0.60251464
vn -0.96486546 -0.11007087 0.23857713
vn -0.96486546 -0.11007087 0.23857713
vn -0.96486546 -0.11007087 0.23857713
vn -0.96620862 -0.10789628 0.23409250
vn -0.96620862 -0.10789628 0.23409250
vn -0.96620862 -0.10789628 0.23409250
vn -0.93937968 -0.11635518 0.32253263
vn -0.93937968 -0.11635518 0.32253263
vn -0.93937968 -0.11635518 0.32253263
vn -0.98701037 -0.11319212 0.11400913
vn -0.98701037 -0.11319212 0.11400913
vn -0.98701037 -0.11319212 0.11400913
vn -0.99246823 -0.08568396 0.08755036
vn -0.99246823 -0.08568396 0.08755036
vn -0.99246823 -0.08568396 0.08755036
vn -0.98485480 -0.10807804 0.13557344
vn -0.98485480 -0.10807804 0.13557344
vn -0.98485480 -0.10807804 0.13557344
vn -0.97919215 -0.11381785 0.16801259
vn -0.97919215 -0.11381785 0.16801259
vn -0.97919215 -0.11381785 0.16801259
vn -0.97538904 -0.11404315 0.18870712
vn -0.97538904 -0.11404315 0.18870712
vn -0.97538904 -0.11404315 0.18870712
vn -0.99240933 -0.12295017 0.00264344
vn -0.99240933 -0.12295017 0.00264344
vn -0.99240933 -0.12295017 0.00264344
vn -0.99249248 -0.12202329 0.00830653
vn -0.99249248 -0.12202329 0.00830653
vn -0.99249248 -0.12202329 0.00830653
vn -0.99291889 -0.11511348 0.02934222
vn -0.99291889 -0.11511348 0.02934222
vn -0.99291889 -0.11511348 0.02934222
vn -0.99416483 -0.10637089 0.01793094
vn -0.99416483 -0.10637089 0.01793094
vn -0.99416483 -0.10637089 0.01793094
vn -0.99210903 -0.11813548 0.04199620
vn -0.99210903 -0.11813548 0.04199620
vn -0.99210903 -0.11813548 0.04199620
vn -0.99916505 0.02753576 0.03018266
vn -0.99916505 0.02753576 0.03018266
vn -0.99916505 0.02753576 0.03018266
vn -0.99860083 0.04052048 0.03397758
vn -0.99860083 0.04052048 0.03397758
vn -0.99860083 0.04052048 0.03397758
vn -0.99864100 0.04476847 0.02668201
vn -0.99864100 0.04476847 0.02668201
vn -0.99864100 0.04476847 0.02668201
vn -0.98987998 0.03830156 0.13664049
vn -0.98987998 0.03830156 0.13664049
vn -0.98987998 0.03830156 0.13664049
vn -0.99304379 0.03277277 0.11309278
vn -0.99304379 0.03277277 0.11309278
vn -0.99304379 0.03277277 0.11309278
vn -0.99520071 0.04085459 0.08891821
vn -0.99520071 0.04085459 0.08891821
vn -0.99520071 0.04085459 0.08891821
vn -0.99718953 0.04184806 0.06214329
vn -0.99718953 0.04184806 0.06214329
vn -0.99718953 0.04184806 0.06214329
vn -0.97343717 0.03309076 0.22655040
vn -0.97343717 0.03309076 0.22655040
vn -0.97343717 0.03309076 0.22655040
vn -0.97546862 0.03570832 0.21722314
vn -0.97546862 0.03570832 0.21722314
vn -0.97546862 0.03570832 0.21722314
vn -0.98456231 0.03789860 0.17088226
vn -0.98456231 0.03789860 0.17088226
vn -0.98456231 0.03789860 0.17088226
vn -0.81899564 0.02518235 0.57324689
vn -0.81899564 0.02518235 0.57324689
vn -0.81899564 0.02518235 0.57324689
vn -0.88997489 0.01999426 0.45557098
vn -0.88997489 0.01999426 0.45557098
vn -0.88997489 0.01999426 0.45557098
vn -0.87633194 0.02236319 0.48118834
vn -0.87633194 0.02236319 0.48118834
vn -0.87633194 0.02236319 0.48118834
vn -0.91522431 0.02760187 0.40199825
vn -0.91522431 0.02760187 0.40199825
vn -0.91522431 0.02760187 0.40199825
vn -0.94979992 0.01970466 0.31223683
vn -0.94979992 0.01970466 0.31223683
vn -0.94979992 0.01970466 0.31223683
vn -0.56136560 -0.00393665 0.82755855
vn -0.56136560 -0.00393665 0.82755855
vn -0.56136560 -0.00393665 0.82755855
vn -0.66953684 0.00304543 0.74277261
vn -0.66953684 0.00304543 0.74277261
vn -0.66953684 0.00304543 0.74277261
vn -0.65699494 0.00492659 0.75387889
vn -0.65699494 0.00492659 0.75387889
vn -0.65699494 0.00492659 0.75387889
vn -0.75190515 0.00871559 0.65921369
vn -0.75190515 0.00871559 0.65921369
vn -0.75190515 0.00871559 0.65921369
vn -0.74453178 0.00955678 0.66751861
vn -0.74453178 0.00955678 0.66751861
vn -0.74453178 0.00955678 0.66751861
vn -0.79928558 0.01510620 0.60076148
vn -0.79928558 0.01510620 0.60076148
vn -0.79928558 0.01510620 0.60076148
vn -0.85240850 0.01423169 0.52268270
vn -0.85240850 0.01423169 0.52268270
vn -0.85240850 0.01423169 0.52268270
vn -0.43070591 -0.00948315 0.90244251
vn -0.43070591 -0.00948315 0.90244251
vn -0.43070591 -0.00948315 0.90244251
vn -0.33283193 -0.02064549 0.94276013
vn -0.33283193 -0.02064549 0.94276013
vn -0.33283193 -0.02064549 0.94276013
vn -0.31716441 -0.01784194 0.94820272
vn -0.31716441 -0.01784194 0.94820272
vn -0.31716441 -0.01784194 0.94820272
vn -0.23225912 -0.01809374 0.97248564
vn -0.23225912 -0.01809374 0.97248564
vn -0.23225912 -0.01809374 0.97248564
vn -0.21464640 -0.02139868 0.97645738
vn -0.21464640 -0.02139868 0.97645738
vn -0.21464640 -0.02139868 0.97645738
vn -0.19417880 -0.01975730 0.98076717
vn -0.19417880 -0.01975730 0.98076717
vn -0.19417880 -0.01975730 0.98076717
vn -0.14073134 -0.01763857 0.98989069
vn -0.14073134 -0.01763857 0.98989069
vn -0.14073134 -0.01763857 0.98989069
vn -0.14953237 -0.02050060 0.98854428
vn -0.14953237 -0.02050060 0.98854428
vn -0.14953237 -0.02050060 0.98854428
vn -0.00280273 -0.00535214 0.99998175
vn -0.00280273 -0.00535214 0.99998175
vn -0.00280273 -0.00535214 0.99998175
vn -0.04702238 0.00312513 0.99888895
vn -0.04702238 0.00312513 0.99888895
vn -0.04702238 0.00312513 0.99888895
vn -0.02036841 -0.00045468 0.99979244
vn -0.02036841 -0.00045468 0.99979244
vn -0.02036841 -0.00045468 0.99979244
vn -0.09709928 -0.01854932 0.99510183
vn -0.09709928 -0.01854932 0.99510183
vn -0.09709928 -0.01854932 0.99510183
vn -0.08358610 -0.02008408 0.99629815
vn -0.08358610 -0.02008408 0.99629815
vn -0.08358610 -0.02008408 0.99629815
vn -0.06319098 -0.01701568 0.99785639
vn -0.06319098 -0.01701568 0.99785639
vn -0.06319098 -0.01701568 0.99785639
vn -0.03780600 -0.01739112 0.99913375
vn -0.03780600 -0.01739112 0.99913375
vn -0.03780600 -0.01739112 0.99913375
vn -0.06062093 -0.02323362 0.99789043
vn -0.06062093 -0.02323362 0.99789043
vn -0.06062093 -0.02323362 0.99789043
vn -0.00976881 -0.02339301 0.99967862
vn -0.00976881 -0.02339301 0.99967862
vn -0.00976881 -0.02339301 0.99967862
vn -0.00445348 -0.02064567 0.99977694
vn -0.00445348 -0.02064567 0.99977694
vn -0.00445348 -0.02064567 0.99977694
vn 0.01559632 -0.05713275 0.99824476
vn 0.01559632 -0.05713275 0.99824476
vn 0.01559632 -0.05713275 0.99824476
vn 0.01596142 -0.05735236 0.99822640
vn 0.01596142 -0.05735236 0.99822640
vn 0.01596142 -0.05735236 0.99822640
vn 0.00786394 -0.05333241 0.99854585
vn 0.00786394 -0.05333241 0.99854585
vn 0.00786394 -0.05333241 0.99854585
vn 0.00787710 -0.05064448 0.99868568
vn 0.00787710 -0.05064448 0.99868568
vn 0.00787710 -0.05064448 0.99868568
vn 0.01130693 -0.05377444 0.99848909
vn 0.01130693 -0.05377444 0.99848909
vn 0.01130693 -0.05377444 0.99848909
vn 0.01439486 -0.05633249 0.99830829
vn 0.01439486 -0.05633249 0.99830829
vn 0.01439486 -0.05633249 0.99830829
vn -0.00417414 -0.04899727 0.99879019
vn -0.00417414 -0.04899727 0.99879019
vn -0.00417414 -0.04899727 0.99879019
vn 0.00145120 -0.03762299 0.99929095
vn 0.00145120 -0.03762299 0.99929095
vn 0.00145120 -0.03762299 0.99929095
vn -0.00006073 -0.02901074 0.99957910
vn -0.00006073 -0.02901074 0.99957910
vn -0.00006073 -0.02901074 0.99957910
vn -0.48849133 -0.04638070 0.87133521
vn -0.48849133 -0.04638070 0.87133521
vn -0.48849133 -0.04638070 0.87133521
vn -0.55768531 -0.03418381 0.82934827
vn -0.55768531 -0.03418381 0.82934827
vn -0.55768531 -0.03418381 0.82934827
vn -0.63197081 -0.03213302 0.77432575
vn -0.63197081 -0.03213302 0.77432575
vn -0.63197081 -0.03213302 0.77432575
vn -0.65382406 -0.02770397 0.75613927
vn -0.65382406 -0.02770397 0.75613927
vn -0.65382406 -0.02770397 0.75613927
vn -0.72390642 -0.02532800 0.68943310
vn -0.72390642 -0.02532800 0.68943310
vn -0.72390642 -0.02532800 0.68943310
vn -0.74230167 -0.02104719 0.66973520
vn -0.74230167 -0.02104719 0.66973520
vn -0.74230167 -0.02104719 0.66973520
vn -0.80361338 -0.01854198 0.59486279
vn -0.80361338 -0.01854198 0.59486279
vn -0.80361338 -0.01854198 0.59486279
vn -0.81717476 -0.01483614 0.57619901
vn -0.81717476 -0.01483614 0.57619901
vn -0.81717476 -0.01483614 0.57619901
vn -0.86637900 -0.01245153 0.49923180
vn -0.86637900 -0.01245153 0.49923180
vn -0.86637900 -0.01245153 0.49923180
vn -0.87541282 -0.00949751 0.48328272
vn -0.87541282 -0.00949751 0.48328272
vn -0.87541282 -0.00949751 0.48328272
vn -0.92865395 -0.00632284 0.37089334
vn -0.92865395 -0.00632284 0.37089334
vn -0.92865395 -0.00632284 0.37089334
vn -0.93320419 -0.00266766 0.35933664
vn -0.93320419 -0.00266766 0.35933664
vn -0.93320419 -0.00266766 0.35933664
vn -0.97186752 0.00018648 0.23552809
vn -0.97186752 0.00018648 0.23552809
vn -0.97186752 0.00018648 0.23552809
vn -0.97375853 0.00257710 0.22756909
vn -0.97375853 0.00257710 0.22756909
vn -0.97375853 0.00257710 0.22756909
vn -0.98941453 0.00405319 0.14506018
vn -0.98941453 0.00405319 0.14506018
vn -0.98941453 0.00405319 0.14506018
vn -0.99345848 0.01325457 0.11342205
vn -0.99345848 0.01325457 0.11342205
vn -0.99345848 0.01325457 0.11342205
vn -0.99613577 0.00638522 0.08759432
vn -0.99613577 0.00638522 0.08759432
vn -0.99613577 0.00638522 0.08759432
vn -0.99951757 0.00685393 0.03029261
vn -0.99951757 0.00685393 0.03029261
vn -0.99951757 0.00685393 0.03029261
vn -0.99897200 0.01357827 0.04325014
vn -0.99897200 0.01357827 0.04325014
vn -0.99897200 0.01357827 0.04325014
vn -0.00420491 -0.04903709 0.99878811
vn -0.00420491 -0.04903709 0.99878811
vn -0.00420491 -0.04903709 0.99878811
vn -0.03262969 -0.04901525 0.99826490
vn -0.03262969 -0.04901525 0.99826490
vn -0.03262969 -0.04901525 0.99826490
vn -0.05925269 -0.05586739 0.99667846
vn -0.05925269 -0.05586739 0.99667846
vn -0.05925269 -0.05586739 0.99667846
vn -0.07840630 -0.05115207 0.99560832
vn -0.07840630 -0.05115207 0.99560832
vn -0.07840630 -0.05115207 0.99560832
vn -0.13341293 -0.05095804 0.98974960
vn -0.13341293 -0.05095804 0.98974960
vn -0.13341293 -0.05095804 0.98974960
vn -0.13519883 -0.05050694 0.98953036
vn -0.13519883 -0.05050694 0.98953036
vn -0.13519883 -0.05050694 0.98953036
vn -0.20551093 -0.05008032 0.97737261
vn -0.20551093 -0.05008032 0.97737261
vn -0.20551093 -0.05008032 0.97737261
vn -0.21001611 -0.04890345 0.97647411
vn -0.21001611 -0.04890345 0.97647411
vn -0.21001611 -0.04890345 0.97647411
vn -0.31828229 -0.04779730 0.94679026
vn -0.31828229 -0.04779730 0.94679026
vn -0.31828229 -0.04779730 0.94679026
vn -0.32893612 -0.04483373 0.94328732
vn -0.32893612 -0.04483373 0.94328732
vn -0.32893612 -0.04483373 0.94328732
vn -0.46033684 -0.04266979 0.88671827
vn -0.46033684 -0.04266979 0.88671827
vn -0.46033684 -0.04266979 0.88671827
vn -0.46477310 -0.01154846 0.88535450
vn -0.46477310 -0.01154846 0.88535450
vn -0.46477310 -0.01154846 0.88535450
vn -0.55302412 -0.00304776 0.83315967
vn -0.55302412 -0.00304776 0.83315967
vn -0.55302412 -0.00304776 0.83315967
vn -0.18199137 -0.09257713 0.97893239
vn -0.18199137 -0.09257713 0.97893239
vn -0.18199137 -0.09257713 0.97893239
vn -0.19396245 -0.08697235 0.97714604
vn -0.19396245 -0.08697235 0.97714604
vn -0.19396245 -0.08697235 0.97714604
vn -0.29573900 -0.08960826 0.95105668
vn -0.29573900 -0.08960826 0.95105668
vn -0.29573900 -0.08960826 0.95105668
vn -0.30190249 -0.08660509 0.94939689
vn -0.30190249 -0.08660509 0.94939689
vn -0.30190249 -0.08660509 0.94939689
vn -0.45323540 -0.09012666 0.88682290
vn -0.45323540 -0.09012666 0.88682290
vn -0.45323540 -0.09012666 0.88682290
vn -0.81806731 -0.09608872 0.56703866
vn -0.81806731 -0.09608872 0.56703866
vn -0.81806731 -0.09608872 0.56703866
vn -0.85519396 -0.07858516 0.51231598
vn -0.85519396 -0.07858516 0.51231598
vn -0.85519396 -0.07858516 0.51231598
vn -0.92178412 -0.07688045 0.38000452
vn -0.92178412 -0.07688045 0.38000452
vn -0.92178412 -0.07688045 0.38000452
vn -0.92226253 -0.07627127 0.37896506
vn -0.92226253 -0.07627127 0.37896506
vn -0.92226253 -0.07627127 0.37896506
vn -0.96814071 -0.07416284 0.23917239
vn -0.96814071 -0.07416284 0.23917239
vn -0.96814071 -0.07416284 0.23917239
vn -0.99650253 -0.07850999 0.02861628
vn -0.99650253 -0.07850999 0.02861628
vn -0.99650253 -0.07850999 0.02861628
vn -0.99700140 -0.07380582 0.02325745
vn -0.99700140 -0.07380582 0.02325745
vn -0.99700140 -0.07380582 0.02325745
vn -0.99351474 -0.07442289 0.08596330
vn -0.99351474 -0.07442289 0.08596330
vn -0.99351474 -0.07442289 0.08596330
vn -0.98940041 -0.08967747 0.11421379
vn -0.98940041 -0.08967747 0.11421379
vn -0.98940041 -0.08967747 0.11421379
vn -0.98649232 -0.07308321 0.14660064
vn -0.98649232 -0.07308321 0.14660064
vn -0.98649232 -0.07308321 0.14660064
vn -0.96795541 -0.07452041 0.23981041
vn -0.96795541 -0.07452041 0.23981041
vn -0.96795541 -0.07452041 0.23981041
vn -0.46354051 -0.08463025 0.88202490
vn -0.46354051 -0.08463025 0.88202490
vn -0.46354051 -0.08463025 0.88202490
vn -0.60608960 -0.08713273 0.79060944
vn -0.60608960 -0.08713273 0.79060944
vn -0.60608960 -0.08713273 0.79060944
vn -0.64593034 -0.10110583 0.75667140
vn -0.64593034 -0.10110583 0.75667140
vn -0.64593034 -0.10110583 0.75667140
vn -0.70235264 -0.08228500 0.70705724
vn -0.70235264 -0.08228500 0.70705724
vn -0.70235264 -0.08228500 0.70705724
vn -0.78731646 -0.08232293 0.61102842
vn -0.78731646 -0.08232293 0.61102842
vn -0.78731646 -0.08232293 0.61102842
vn -0.01845312 -0.05956844 0.99805365
vn -0.01845312 -0.05956844 0.99805365
vn -0.01845312 -0.05956844 0.99805365
vn 0.02989448 -0.07523955 0.99671728
vn 0.02989448 -0.07523955 0.99671728
vn 0.02989448 -0.07523955 0.99671728
vn -0.05621100 -0.07550081 0.99556012
vn -0.05621100 -0.07550081 0.99556012
vn -0.05621100 -0.07550081 0.99556012
vn -0.05708065 -0.07509169 0.99554158
vn -0.05708065 -0.07509169 0.99554158
vn -0.05708065 -0.07509169 0.99554158
vn -0.12448336 -0.07563650 0.98933463
vn -0.12448336 -0.07563650 0.98933463
vn -0.12448336 -0.07563650 0.98933463
vn -0.13068204 -0.07414856 0.98864766
vn -0.13068204 -0.07414856 0.98864766
vn -0.13068204 -0.07414856 0.98864766
vn -0.19483598 -0.07465596 0.97799050
vn -0.19483598 -0.07465596 0.97799050
vn -0.19483598 -0.07465596 0.97799050
vn -0.20278877 -0.07270243 0.97651988
vn -0.20278877 -0.07270243 0.97651988
vn -0.20278877 -0.07270243 0.97651988
vn -0.30291375 -0.07333233 0.95019242
vn -0.30291375 -0.07333233 0.95019242
vn -0.30291375 -0.07333233 0.95019242
vn -0.31561782 -0.07003901 0.94629801
vn -0.31561782 -0.07003901 0.94629801
vn -0.31561782 -0.07003901 0.94629801
vn -0.46468194 -0.07016634 0.88269325
vn -0.46468194 -0.07016634 0.88269325
vn -0.46468194 -0.07016634 0.88269325
vn -0.48659020 -0.06377390 0.87129953
vn -0.48659020 -0.06377390 0.87129953
vn -0.48659020 -0.06377390 0.87129953
vn -0.60798653 -0.06295456 0.79144747
vn -0.60798653 -0.06295456 0.79144747
vn -0.60798653 -0.06295456 0.79144747
vn -0.62951709 -0.05913080 0.77473336
vn -0.62951709 -0.05913080 0.77473336
vn -0.62951709 -0.05913080 0.77473336
vn -0.70417509 -0.05794056 0.70765835
vn -0.70417509 -0.05794056 0.70765835
vn -0.70417509 -0.05794056 0.70765835
vn -0.72168447 -0.05433158 0.69008667
vn -0.72168447 -0.05433158 0.69008667
vn -0.72168447 -0.05433158 0.69008667
vn -0.78945036 -0.05268971 0.61154879
vn -0.78945036 -0.05268971 0.61154879
vn -0.78945036 -0.05268971 0.61154879
vn -0.80167478 -0.04969046 0.59569153
vn -0.80167478 -0.04969046 0.59569153
vn -0.80167478 -0.04969046 0.59569153
vn -0.85726303 -0.04781240 0.51265396
vn -0.85726303 -0.04781240 0.51265396
vn -0.85726303 -0.04781240 0.51265396
vn -0.86474490 -0.04558413 0.50013833
vn -0.86474490 -0.04558413 0.50013833
vn -0.86474490 -0.04558413 0.50013833
vn -0.92434854 -0.04267661 0.37915496
vn -0.92434854 -0.04267661 0.37915496
vn -0.92434854 -0.04267661 0.37915496
vn -0.92747207 -0.04035805 0.37170793
vn -0.92747207 -0.04035805 0.37170793
vn -0.92747207 -0.04035805 0.37170793
vn -0.97006891 -0.03748303 0.23991943
vn -0.97006891 -0.03748303 0.23991943
vn -0.97006891 -0.03748303 0.23991943
vn -0.97104893 -0.03634938 0.23609892
vn -0.97104893 -0.03634938 0.23609892
vn -0.97104893 -0.03634938 0.23609892
vn -0.98857852 -0.03466845 0.14666498
vn -0.98857852 -0.03466845 0.14666498
vn -0.98857852 -0.03466845 0.14666498
vn -0.98877524 -0.03430895 0.14541809
vn -0.98877524 -0.03430895 0.14541809
vn -0.98877524 -0.03430895 0.14541809
vn -0.99573591 -0.03344348 0.08597401
vn -0.99573591 -0.03344348 0.08597401
vn -0.99573591 -0.03344348 0.08597401
vn -0.99555261 -0.03397686 0.08786674
vn -0.99555261 -0.03397686 0.08786674
vn -0.99555261 -0.03397686 0.08786674
vn -0.99905953 -0.03338164 0.02767183
vn -0.99905953 -0.03338164 0.02767183
vn -0.99905953 -0.03338164 0.02767183
vn -0.99815631 -0.04174776 0.04405799
vn -0.99815631 -0.04174776 0.04405799
vn -0.99815631 -0.04174776 0.04405799
vn -0.59421577 0.03616002 0.80349242
vn -0.59421577 0.03616002 0.80349242
vn -0.59421577 0.03616002 0.80349242
vn -0.19797876 -0.00200936 0.98020425
vn -0.19797876 -0.00200936 0.98020425
vn -0.19797876 -0.00200936 0.98020425
vn -0.15846137 0.02129026 0.98713561
vn -0.15846137 0.02129026 0.98713561
vn -0.15846137 0.02129026 0.98713561
vn -0.15781424 0.04873769 0.98626533
vn -0.15781424 0.04873769 0.98626533
vn -0.15781424 0.04873769 0.98626533
vn -0.10232648 0.00581427 0.99473388
vn -0.10232648 0.00581427 0.99473388
vn -0.10232648 0.00581427 0.99473388
vn -0.06775106 0.00434809 0.99769278
vn -0.06775106 0.00434809 0.99769278
vn -0.06775106 0.00434809 0.99769278
vn -0.23592870 -0.00080277 0.97177004
vn -0.23592870 -0.00080277 0.97177004
vn -0.23592870 -0.00080277 0.97177004
vn -0.26309861 0.04674522 0.96363583
vn -0.26309861 0.04674522 0.96363583
vn -0.26309861 0.04674522 0.96363583
vn -0.31929739 -0.00751813 0.94762474
vn -0.31929739 -0.00751813 0.94762474
vn -0.31929739 -0.00751813 0.94762474
vn -0.43135565 0.02821275 0.90174073
vn -0.43135565 0.02821275 0.90174073
vn -0.43135565 0.02821275 0.90174073
vn -0.43643866 0.02221941 0.89945961
vn -0.43643866 0.02221941 0.89945961
vn -0.43643866 0.02221941 0.89945961
vn -0.43599894 0.01793700 0.89976841
vn -0.43599894 0.01793700 0.89976841
vn -0.43599894 0.01793700 0.89976841
vn -0.48221989 0.03688733 0.87527327
vn -0.48221989 0.03688733 0.87527327
vn -0.48221989 0.03688733 0.87527327
vn -0.59156450 0.03690886 0.80541243
vn -0.59156450 0.03690886 0.80541243
vn -0.59156450 0.03690886 0.80541243
vn -0.26695960 0.00704284 0.96368199
vn -0.26695960 0.00704284 0.96368199
vn -0.26695960 0.00704284 0.96368199
vn -0.32668788 0.02214680 0.94487277
vn -0.32668788 0.02214680 0.94487277
vn -0.32668788 0.02214680 0.94487277
vn -0.38545845 0.02536755 0.92237643
vn -0.38545845 0.02536755 0.92237643
vn -0.38545845 0.02536755 0.92237643
vn -0.10215474 -0.01791775 0.99460714
vn -0.10215474 -0.01791775 0.99460714
vn -0.10215474 -0.01791775 0.99460714
vn -0.16283716 0.01607487 0.98652200
vn -0.16283716 0.01607487 0.98652200
vn -0.16283716 0.01607487 0.98652200
vn -0.25148556 0.01357506 0.96776584
vn -0.25148556 0.01357506 0.96776584
vn -0.25148556 0.01357506 0.96776584
vn -0.02857410 0.01809120 0.99942795
vn -0.02857410 0.01809120 0.99942795
vn -0.02857410 0.01809120 0.99942795
vn -0.03604322 0.00840452 0.99931489
vn -0.03604322 0.00840452 0.99931489
vn -0.03604322 0.00840452 0.99931489
vn -0.03604874 0.00841841 0.99931457
vn -0.03604874 0.00841841 0.99931457
vn -0.03604874 0.00841841 0.99931457
vn -0.03159546 0.04379891 0.99854063
vn -0.03159546 0.04379891 0.99854063
vn -0.03159546 0.04379891 0.99854063
vn -0.02146476 0.00475451 0.99975830
vn -0.02146476 0.00475451 0.99975830
vn -0.02146476 0.00475451 0.99975830
vn -0.06689860 0.01685194 0.99761746
vn -0.06689860 0.01685194 0.99761746
vn -0.06689860 0.01685194 0.99761746
vn -0.13669291 0.02022359 0.99040702
vn -0.13669291 0.02022359 0.99040702
vn -0.13669291 0.02022359 0.99040702
vn -0.13754762 0.00211690 0.99049289
vn -0.13754762 0.00211690 0.99049289
vn -0.13754762 0.00211690 0.99049289
vn -0.26696566 0.00690773 0.96368128
vn -0.26696566 0.00690773 0.96368128
vn -0.26696566 0.00690773 0.96368128
vn -0.26499662 0.00940729 0.96420345
vn -0.26499662 0.00940729 0.96420345
vn -0.26499662 0.00940729 0.96420345
vn -0.43609352 0.01580270 0.89976259
vn -0.43609352 0.01580270 0.89976259
vn -0.43609352 0.01580270 0.89976259
vn -0.43172678 0.02030165 0.90177593
vn -0.43172678 0.02030165 0.90177593
vn -0.43172678 0.02030165 0.90177593
vn -0.57600279 0.02609869 0.81703100
vn -0.57600279 0.02609869 0.81703100
vn -0.57600279 0.02609869 0.81703100
vn -0.56367764 0.00329207 0.82598831
vn -0.56367764 0.00329207 0.82598831
vn -0.56367764 0.00329207 0.82598831
vn -0.55596444 0.01630541 0.83104614
vn -0.55596444 0.01630541 0.83104614
vn -0.55596444 0.01630541 0.83104614
vn 0.00898893 -0.06545844 -0.99781481
vn 0.00898893 -0.06545844 -0.99781481
vn 0.00898893 -0.06545844 -0.99781481
vn 0.00850871 -0.01552297 -0.99984331
vn 0.00850871 -0.01552297 -0.99984331
vn 0.00850871 -0.01552297 -0.99984331
vn -0.06072225 -0.00088647 -0.99815431
vn -0.06072225 -0.00088647 -0.99815431
vn -0.06072225 -0.00088647 -0.99815431
vn 0.02919044 -0.07218385 -0.99696410
vn 0.02919044 -0.07218385 -0.99696410
vn 0.02919044 -0.07218385 -0.99696410
vn 0.00769435 -0.06523409 -0.99784032
vn 0.00769435 -0.06523409 -0.99784032
vn 0.00769435 -0.06523409 -0.99784032
vn 0.00382640 -0.03006824 -0.99954052
vn 0.00382640 -0.03006824 -0.99954052
vn 0.00382640 -0.03006824 -0.99954052
vn 0.00965903 -0.03400813 -0.99937488
vn 0.00965903 -0.03400813 -0.99937488
vn 0.00965903 -0.03400813 -0.99937488
vn 0.99924395 0.03887847 0.00000228
vn 0.99924395 0.03887847 0.00000228
vn 0.99924395 0.03887847 0.00000228
vn 0.99924271 0.03891019 -0.00009800
vn 0.99924271 0.03891019 -0.00009800
vn 0.99924271 0.03891019 -0.00009800
vn 0.99964359 0.02669605 0.00008355
vn 0.99964359 0.02669605 0.00008355
vn 0.99964359 0.02669605 0.00008355
vn 0.99964165 0.02676824 -0.00015238
vn 0.99964165 0.02676824 -0.00015238
vn 0.99964165 0.02676824 -0.00015238
vn 0.99978754 0.02061253 0.00003067
vn 0.99978754 0.02061253 0.00003067
vn 0.99978754 0.02061253 0.00003067
vn 0.99978567 0.02070314 -0.00002901
vn 0.99978567 0.02070314 -0.00002901
vn 0.99978567 0.02070314 -0.00002901
vn 0.99983806 0.01799566 0.00005152
vn 0.99983806 0.01799566 0.00005152
vn 0.99983806 0.01799566 0.00005152
vn 0.99984995 0.01729499 0.00097946
vn 0.99984995 0.01729499 0.00097946
vn 0.99984995 0.01729499 0.00097946
vn 0.99989048 0.01479144 -0.00048997
vn 0.99989048 0.01479144 -0.00048997
vn 0.99989048 0.01479144 -0.00048997
vn 0.99990030 0.01412081 -0.00002379
vn 0.99990030 0.01412081 -0.00002379
vn 0.99990030 0.01412081 -0.00002379
vn 0.99991250 0.01322828 0.00000322
vn 0.99991250 0.01322828 0.00000322
vn 0.99991250 0.01322828 0.00000322
vn 0.99995785 0.00917374 -0.00037444
vn 0.99995785 0.00917374 -0.00037444
vn 0.99995785 0.00917374 -0.00037444
vn 0.99995837 0.00912424 -0.00012507
vn 0.99995837 0.00912424 -0.00012507
vn 0.99995837 0.00912424 -0.00012507
vn 0.99998478 0.00551785 0.00000481
vn 0.99998478 0.00551785 0.00000481
vn 0.99998478 0.00551785 0.00000481
vn 0.99999577 0.00289659 -0.00026842
vn 0.99999577 0.00289659 -0.00026842
vn 0.99999577 0.00289659 -0.00026842
vn 0.99999780 -0.00209887 0.00005668
vn 0.99999780 -0.00209887 0.00005668
vn 0.99999780 -0.00209887 0.00005668
vn 0.99999958 -0.00087927 -0.00024399
vn 0.99999958 -0.00087927 -0.00024399
vn 0.99999958 -0.00087927 -0.00024399
vn 0.99999974 -0.00067310 0.00024486
vn 0.99999974 -0.00067310 0.00024486
vn 0.99999974 -0.00067310 0.00024486
vn 0.99999571 0.00290919 -0.00035040
vn 0.99999571 0.00290919 -0.00035040
vn 0.99999571 0.00290919 -0.00035040
vn 0.99999997 -0.00022412 0.00000000
vn 0.99999997 -0.00022412 0.00000000
vn 0.99999997 -0.00022412 0.00000000
vn 0.99999984 -0.00023519 -0.00051374
vn 0.99999984 -0.00023519 -0.00051374
vn 0.99999984 -0.00023519 -0.00051374
vn 0.99999992 -0.00037589 0.00012871
vn 0.99999992 -0.00037589 0.00012871
vn 0.99999992 -0.00037589 0.00012871
vn 0.99999972 -0.00074245 -0.00000627
vn 0.99999972 -0.00074245 -0.00000627
vn 0.99999972 -0.00074245 -0.00000627
vn 0.99999950 -0.00099875 0.00001475
vn 0.99999950 -0.00099875 0.00001475
vn 0.99999950 -0.00099875 0.00001475
vn 0.99999864 -0.00161356 -0.00033391
vn 0.99999864 -0.00161356 -0.00033391
vn 0.99999864 -0.00161356 -0.00033391
vn 0.99999866 -0.00163292 -0.00011673
vn 0.99999866 -0.00163292 -0.00011673
vn 0.99999866 -0.00163292 -0.00011673
vn 0.99999778 -0.00210744 0.00003961
vn 0.99999778 -0.00210744 0.00003961
vn 0.99999778 -0.00210744 0.00003961
vn 0.01075882 -0.01702937 -0.99979710
vn 0.01075882 -0.01702937 -0.99979710
vn 0.01075882 -0.01702937 -0.99979710
vn 0.01972656 -0.01785225 -0.99964602
vn 0.01972656 -0.01785225 -0.99964602
vn 0.01972656 -0.01785225 -0.99964602
vn -0.00443806 -0.00939874 -0.99994598
vn -0.00443806 -0.00939874 -0.99994598
vn -0.00443806 -0.00939874 -0.99994598
vn -0.00114960 -0.00987674 -0.99995056
vn -0.00114960 -0.00987674 -0.99995056
vn -0.00114960 -0.00987674 -0.99995056
vn -0.00264119 -0.00714100 -0.99997101
vn -0.00264119 -0.00714100 -0.99997101
vn -0.00264119 -0.00714100 -0.99997101
vn 0.99890906 0.04669776 0.00000229
vn 0.99890906 0.04669776 0.00000229
vn 0.99890906 0.04669776 0.00000229
vn 0.99890923 0.04669420 0.00000301
vn 0.99890923 0.04669420 0.00000301
vn 0.99890923 0.04669420 0.00000301
vn 0.99862531 0.05241644 -0.00003186
vn 0.99862531 0.05241644 -0.00003186
vn 0.99862531 0.05241644 -0.00003186
vn 0.99862759 0.05237296 0.00003464
vn 0.99862759 0.05237296 0.00003464
vn 0.99862759 0.05237296 0.00003464
vn 0.99714479 0.07551324 -0.00010620
vn 0.99714479 0.07551324 -0.00010620
vn 0.99714479 0.07551324 -0.00010620
vn 0.99714672 0.07548785 0.00000033
vn 0.99714672 0.07548785 0.00000033
vn 0.99714672 0.07548785 0.00000033
vn 0.77552279 0.63131957 0.00000235
vn 0.77552279 0.63131957 0.00000235
vn 0.77552279 0.63131957 0.00000235
vn 0.77552366 0.63131851 0.00000109
vn 0.77552366 0.63131851 0.00000109
vn 0.77552366 0.63131851 0.00000109
vn 0.77736968 0.62904402 0.00000101
vn 0.77736968 0.62904402 0.00000101
vn 0.77736968 0.62904402 0.00000101
vn 0.78626739 0.61788609 -0.00060081
vn 0.78626739 0.61788609 -0.00060081
vn 0.78626739 0.61788609 -0.00060081
vn 0.83079124 0.55633247 -0.01673629
vn 0.83079124 0.55633247 -0.01673629
vn 0.83079124 0.55633247 -0.01673629
vn 0.81607952 0.57603411 -0.04689266
vn 0.81607952 0.57603411 -0.04689266
vn 0.81607952 0.57603411 -0.04689266
vn 0.86882193 0.49496373 0.01262389
vn 0.86882193 0.49496373 0.01262389
vn 0.86882193 0.49496373 0.01262389
vn 0.90331738 0.42858378 -0.01826618
vn 0.90331738 0.42858378 -0.01826618
vn 0.90331738 0.42858378 -0.01826618
vn 0.91955323 0.39229595 0.02292910
vn 0.91955323 0.39229595 0.02292910
vn 0.91955323 0.39229595 0.02292910
vn 0.94730693 0.31937068 -0.02473756
vn 0.94730693 0.31937068 -0.02473756
vn 0.94730693 0.31937068 -0.02473756
vn 0.94356964 0.32888647 -0.03885897
vn 0.94356964 0.32888647 -0.03885897
vn 0.94356964 0.32888647 -0.03885897
vn 0.96424660 0.26353185 0.02791862
vn 0.96424660 0.26353185 0.02791862
vn 0.96424660 0.26353185 0.02791862
vn 0.97552583 0.21725941 -0.03387771
vn 0.97552583 0.21725941 -0.03387771
vn 0.97552583 0.21725941 -0.03387771
vn 0.98021961 0.19786448 -0.00437755
vn 0.98021961 0.19786448 -0.00437755
vn 0.98021961 0.19786448 -0.00437755
vn 0.98602309 0.16660026 0.00167646
vn 0.98602309 0.16660026 0.00167646
vn 0.98602309 0.16660026 0.00167646
vn 0.98963869 0.14277371 -0.01519620
vn 0.98963869 0.14277371 -0.01519620
vn 0.98963869 0.14277371 -0.01519620
vn 0.99204931 0.12356826 0.02385483
vn 0.99204931 0.12356826 0.02385483
vn 0.99204931 0.12356826 0.02385483
vn 0.99426921 0.10690530 0.00000047
vn 0.99426921 0.10690530 0.00000047
vn 0.99426921 0.10690530 0.00000047
vn 0.99858813 0.05312003 0.00000225
vn 0.99858813 0.05312003 0.00000225
vn 0.99858813 0.05312003 0.00000225
vn 0.99261130 0.11709347 0.03181067
vn 0.99261130 0.11709347 0.03181067
vn 0.99261130 0.11709347 0.03181067
vn 0.97457734 0.22177829 -0.03183385
vn 0.97457734 0.22177829 -0.03183385
vn 0.97457734 0.22177829 -0.03183385
vn 0.95799212 0.28679087 0.00144587
vn 0.95799212 0.28679087 0.00144587
vn 0.95799212 0.28679087 0.00144587
vn 0.92338364 0.38387577 -0.00143430
vn 0.92338364 0.38387577 -0.00143430
vn 0.92338364 0.38387577 -0.00143430
vn 0.89514397 0.44463931 0.03183021
vn 0.89514397 0.44463931 0.03183021
vn 0.89514397 0.44463931 0.03183021
vn 0.84275123 0.53736082 -0.03183901
vn 0.84275123 0.53736082 -0.03183901
vn 0.84275123 0.53736082 -0.03183901
vn 0.80699399 0.59055965 0.00000157
vn 0.80699399 0.59055965 0.00000157
vn 0.80699399 0.59055965 0.00000157
vn 0.99999867 0.00163044 0.00001119
vn 0.99999867 0.00163044 0.00001119
vn 0.99999867 0.00163044 0.00001119
vn 0.99999867 0.00163286 -0.00000073
vn 0.99999867 0.00163286 -0.00000073
vn 0.99999867 0.00163286 -0.00000073
vn 0.99999867 0.00163277 0.00000113
vn 0.99999867 0.00163277 0.00000113
vn 0.99999867 0.00163277 0.00000113
vn 0.99999867 0.00163323 -0.00000165
vn 0.99999867 0.00163323 -0.00000165
vn 0.99999867 0.00163323 -0.00000165
vn 0.99999867 0.00163362 -0.00000073
vn 0.99999867 0.00163362 -0.00000073
vn 0.99999867 0.00163362 -0.00000073
vn 0.99999867 0.00163317 0.00000167
vn 0.99999867 0.00163317 0.00000167
vn 0.99999867 0.00163317 0.00000167
vn 0.99999867 0.00163317 0.00000167
vn 0.99999867 0.00163317 0.00000167
vn 0.99999867 0.00163317 0.00000167
vn 0.99999867 0.00163319 0.00000162
vn 0.99999867 0.00163319 0.00000162
vn 0.99999867 0.00163319 0.00000162
vn 0.99999867 0.00163325 0.00000171
vn 0.99999867 0.00163325 0.00000171
vn 0.99999867 0.00163325 0.00000171
vn 0.99999867 0.00163201 0.00000036
vn 0.99999867 0.00163201 0.00000036
vn 0.99999867 0.00163201 0.00000036
vn 0.99999867 0.00163287 0.00000001
vn 0.99999867 0.00163287 0.00000001
vn 0.99999867 0.00163287 0.00000001
vn 0.99999867 0.00163334 -0.00000060
vn 0.99999867 0.00163334 -0.00000060
vn 0.99999867 0.00163334 -0.00000060
vn 0.99999867 0.00163385 0.00000014
vn 0.99999867 0.00163385 0.00000014
vn 0.99999867 0.00163385 0.00000014
vn 0.99999866 0.00163470 -0.00000254
vn 0.99999866 0.00163470 -0.00000254
vn 0.99999866 0.00163470 -0.00000254
vn 0.99999867 0.00163293 -0.00000074
vn 0.99999867 0.00163293 -0.00000074
vn 0.99999867 0.00163293 -0.00000074
vn 0.00002092 0.02656921 -0.99964698
vn 0.00002092 0.02656921 -0.99964698
vn 0.00002092 0.02656921 -0.99964698
vn 0.02891249 -0.02732997 -0.99920826
vn 0.02891249 -0.02732997 -0.99920826
vn 0.02891249 -0.02732997 -0.99920826
vn 0.00360678 -0.00859522 -0.99995656
vn 0.00360678 -0.00859522 -0.99995656
vn 0.00360678 -0.00859522 -0.99995656
vn -0.00726705 -0.02062821 -0.99976080
vn -0.00726705 -0.02062821 -0.99976080
vn -0.00726705 -0.02062821 -0.99976080
vn 0.00009354 0.00604495 -0.99998172
vn 0.00009354 0.00604495 -0.99998172
vn 0.00009354 0.00604495 -0.99998172
vn -0.01955239 0.05618177 -0.99822909
vn -0.01955239 0.05618177 -0.99822909
vn -0.01955239 0.05618177 -0.99822909
vn -0.02911058 0.06143176 -0.99768668
vn -0.02911058 0.06143176 -0.99768668
vn -0.02911058 0.06143176 -0.99768668
vn -0.01119272 0.04168923 -0.99906793
vn -0.01119272 0.04168923 -0.99906793
vn -0.01119272 0.04168923 -0.99906793
vn 0.13456579 0.05517475 -0.98936737
vn 0.13456579 0.05517475 -0.98936737
vn 0.13456579 0.05517475 -0.98936737
vn 0.13091497 0.04477521 -0.99038197
vn 0.13091497 0.04477521 -0.99038197
vn 0.13091497 0.04477521 -0.99038197
vn 0.11879633 0.01412226 -0.99281821
vn 0.11879633 0.01412226 -0.99281821
vn 0.11879633 0.01412226 -0.99281821
vn 0.05352743 0.05789024 -0.99688692
vn 0.05352743 0.05789024 -0.99688692
vn 0.05352743 0.05789024 -0.99688692
vn 0.03858805 0.02979870 -0.99881079
vn 0.03858805 0.02979870 -0.99881079
vn 0.03858805 0.02979870 -0.99881079
vn -0.00108751 0.07911827 -0.99686464
vn -0.00108751 0.07911827 -0.99686464
vn -0.00108751 0.07911827 -0.99686464
vn -0.01952040 0.07650015 -0.99687847
vn -0.01952040 0.07650015 -0.99687847
vn -0.01952040 0.07650015 -0.99687847
vn -0.00087144 0.02709667 -0.99963244
vn -0.00087144 0.02709667 -0.99963244
vn -0.00087144 0.02709667 -0.99963244
vn 0.00280420 0.03358222 -0.99943202
vn 0.00280420 0.03358222 -0.99943202
vn 0.00280420 0.03358222 -0.99943202
vn 0.00152514 0.03405071 -0.99941894
vn 0.00152514 0.03405071 -0.99941894
vn 0.00152514 0.03405071 -0.99941894
vn -0.00313313 0.03798328 -0.99927346
vn -0.00313313 0.03798328 -0.99927346
vn -0.00313313 0.03798328 -0.99927346
vn -0.00653495 0.04154241 -0.99911537
vn -0.00653495 0.04154241 -0.99911537
vn -0.00653495 0.04154241 -0.99911537
vn -0.00847240 0.04824200 -0.99879974
vn -0.00847240 0.04824200 -0.99879974
vn -0.00847240 0.04824200 -0.99879974
vn -0.00851898 0.05268197 -0.99857500
vn -0.00851898 0.05268197 -0.99857500
vn -0.00851898 0.05268197 -0.99857500
vn -0.01157747 0.05218732 -0.99857020
vn -0.01157747 0.05218732 -0.99857020
vn -0.01157747 0.05218732 -0.99857020
vn -0.00808358 0.04845848 -0.99879249
vn -0.00808358 0.04845848 -0.99879249
vn -0.00808358 0.04845848 -0.99879249
vn -0.02318813 0.06620248 -0.99753674
vn -0.02318813 0.06620248 -0.99753674
vn -0.02318813 0.06620248 -0.99753674
vn -0.01106038 0.05759110 -0.99827899
vn -0.01106038 0.05759110 -0.99827899
vn -0.01106038 0.05759110 -0.99827899
vn -0.00890879 0.07131200 -0.99741427
vn -0.00890879 0.07131200 -0.99741427
vn -0.00890879 0.07131200 -0.99741427
vn -0.00992312 0.07604604 -0.99705493
vn -0.00992312 0.07604604 -0.99705493
vn -0.00992312 0.07604604 -0.99705493
vn -0.00108702 0.08080097 -0.99672966
vn -0.00108702 0.08080097 -0.99672966
vn -0.00108702 0.08080097 -0.99672966
vn -0.01048510 0.05347247 -0.99851428
vn -0.01048510 0.05347247 -0.99851428
vn -0.01048510 0.05347247 -0.99851428
vn -0.01365776 0.05496642 -0.99839479
vn -0.01365776 0.05496642 -0.99839479
vn -0.01365776 0.05496642 -0.99839479
vn -0.01447742 0.05536796 -0.99836105
vn -0.01447742 0.05536796 -0.99836105
vn -0.01447742 0.05536796 -0.99836105
vn -0.01485246 0.05498940 -0.99837647
vn -0.01485246 0.05498940 -0.99837647
vn -0.01485246 0.05498940 -0.99837647
vn -0.01690055 0.05656667 -0.99825577
vn -0.01690055 0.05656667 -0.99825577
vn -0.01690055 0.05656667 -0.99825577
vn -0.01226669 0.05985132 -0.99813193
vn -0.01226669 0.05985132 -0.99813193
vn -0.01226669 0.05985132 -0.99813193
vn -0.00305463 -0.00517745 -0.99998193
vn -0.00305463 -0.00517745 -0.99998193
vn -0.00305463 -0.00517745 -0.99998193
vn 0.01721622 0.00510511 -0.99983876
vn 0.01721622 0.00510511 -0.99983876
vn 0.01721622 0.00510511 -0.99983876
vn 0.01357723 0.00553575 -0.99989250
vn 0.01357723 0.00553575 -0.99989250
vn 0.01357723 0.00553575 -0.99989250
vn -0.01148667 0.02094216 -0.99971470
vn -0.01148667 0.02094216 -0.99971470
vn -0.01148667 0.02094216 -0.99971470
vn 0.00458098 0.01738149 -0.99983844
vn 0.00458098 0.01738149 -0.99983844
vn 0.00458098 0.01738149 -0.99983844
vn -0.00029283 0.02361923 -0.99972098
vn -0.00029283 0.02361923 -0.99972098
vn -0.00029283 0.02361923 -0.99972098
vn -0.07804385 0.05362921 0.99550644
vn -0.07804385 0.05362921 0.99550644
vn -0.07804385 0.05362921 0.99550644
vn -0.07189294 0.09812988 0.99257339
vn -0.07189294 0.09812988 0.99257339
vn -0.07189294 0.09812988 0.99257339
vn -0.03064154 0.05986171 0.99773627
vn -0.03064154 0.05986171 0.99773627
vn -0.03064154 0.05986171 0.99773627
vn -0.04891653 0.08075733 0.99553274
vn -0.04891653 0.08075733 0.99553274
vn -0.04891653 0.08075733 0.99553274
vn -0.02907684 0.09558608 0.99499640
vn -0.02907684 0.09558608 0.99499640
vn -0.02907684 0.09558608 0.99499640
vn -0.07551493 0.07263804 0.99449546
vn -0.07551493 0.07263804 0.99449546
vn -0.07551493 0.07263804 0.99449546
vn -0.09630344 0.03407243 0.99476867
vn -0.09630344 0.03407243 0.99476867
vn -0.09630344 0.03407243 0.99476867
vn -0.03126312 0.02771698 0.99912681
vn -0.03126312 0.02771698 0.99912681
vn -0.03126312 0.02771698 0.99912681
vn -0.05566157 0.04608324 0.99738565
vn -0.05566157 0.04608324 0.99738565
vn -0.05566157 0.04608324 0.99738565
vn -0.05007193 0.03682151 0.99806662
vn -0.05007193 0.03682151 0.99806662
vn -0.05007193 0.03682151 0.99806662
vn -0.00042301 0.07405452 0.99725410
vn -0.00042301 0.07405452 0.99725410
vn -0.00042301 0.07405452 0.99725410
vn -0.02327679 0.03015807 0.99927408
vn -0.02327679 0.03015807 0.99927408
vn -0.02327679 0.03015807 0.99927408
vn -0.03493052 0.02318532 0.99912076
vn -0.03493052 0.02318532 0.99912076
vn -0.03493052 0.02318532 0.99912076
vn -0.02375901 0.04729786 0.99859823
vn -0.02375901 0.04729786 0.99859823
vn -0.02375901 0.04729786 0.99859823
vn -0.04817723 0.06048643 0.99700569
vn -0.04817723 0.06048643 0.99700569
vn -0.04817723 0.06048643 0.99700569
vn -0.04759938 0.06096816 0.99700410
vn -0.04759938 0.06096816 0.99700410
vn -0.04759938 0.06096816 0.99700410
vn -0.08270694 0.07987512 0.99336777
vn -0.08270694 0.07987512 0.99336777
vn -0.08270694 0.07987512 0.99336777
vn -0.06682996 0.12173414 0.99031033
vn -0.06682996 0.12173414 0.99031033
vn -0.06682996 0.12173414 0.99031033
vn -0.37780656 0.07846962 0.92255337
vn -0.37780656 0.07846962 0.92255337
vn -0.37780656 0.07846962 0.92255337
vn -0.14708533 0.01384667 0.98902688
vn -0.14708533 0.01384667 0.98902688
vn -0.14708533 0.01384667 0.98902688
vn -0.16209047 0.02937691 0.98633852
vn -0.16209047 0.02937691 0.98633852
vn -0.16209047 0.02937691 0.98633852
vn -0.09812094 0.02087459 0.99495554
vn -0.09812094 0.02087459 0.99495554
vn -0.09812094 0.02087459 0.99495554
vn -0.09994720 0.02303763 0.99472600
vn -0.09994720 0.02303763 0.99472600
vn -0.09994720 0.02303763 0.99472600
vn -0.05680105 0.02296181 0.99812143
vn -0.05680105 0.02296181 0.99812143
vn -0.05680105 0.02296181 0.99812143
vn -0.32607702 0.03323648 0.94475876
vn -0.32607702 0.03323648 0.94475876
vn -0.32607702 0.03323648 0.94475876
vn -0.25046431 0.03201086 0.96759647
vn -0.25046431 0.03201086 0.96759647
vn -0.25046431 0.03201086 0.96759647
vn -0.26372918 0.02681928 0.96422386
vn -0.26372918 0.02681928 0.96422386
vn -0.26372918 0.02681928 0.96422386
vn -0.17839657 0.02848124 0.98354638
vn -0.17839657 0.02848124 0.98354638
vn -0.17839657 0.02848124 0.98354638
vn -0.18331639 0.01245348 0.98297508
vn -0.18331639 0.01245348 0.98297508
vn -0.18331639 0.01245348 0.98297508
vn -0.34529078 0.06547074 0.93620930
vn -0.34529078 0.06547074 0.93620930
vn -0.34529078 0.06547074 0.93620930
vn -0.18404182 0.07594523 0.97998007
vn -0.18404182 0.07594523 0.97998007
vn -0.18404182 0.07594523 0.97998007
vn -0.29308920 0.05746374 0.95435666
vn -0.29308920 0.05746374 0.95435666
vn -0.29308920 0.05746374 0.95435666
vn -0.26063134 0.07540206 0.96248939
vn -0.26063134 0.07540206 0.96248939
vn -0.26063134 0.07540206 0.96248939
vn -0.36924137 0.08288085 0.92563037
vn -0.36924137 0.08288085 0.92563037
vn -0.36924137 0.08288085 0.92563037
vn -0.37187573 0.04349674 0.92726290
vn -0.37187573 0.04349674 0.92726290
vn -0.37187573 0.04349674 0.92726290
vn -0.38455585 0.04159965 0.92216390
vn -0.38455585 0.04159965 0.92216390
vn -0.38455585 0.04159965 0.92216390
vn -0.06569287 0.03802630 0.99711506
vn -0.06569287 0.03802630 0.99711506
vn -0.06569287 0.03802630 0.99711506
vn -0.02904843 0.00993250 0.99952866
vn -0.02904843 0.00993250 0.99952866
vn -0.02904843 0.00993250 0.99952866
vn -0.01496353 0.03473977 0.99928436
vn -0.01496353 0.03473977 0.99928436
vn -0.01496353 0.03473977 0.99928436
vn -0.38441851 0.83253672 -0.39887970
vn -0.38441851 0.83253672 -0.39887970
vn -0.38441851 0.83253672 -0.39887970
vn -0.38455349 0.83370541 -0.39630027
vn -0.38455349 0.83370541 -0.39630027
vn -0.38455349 0.83370541 -0.39630027
vn -0.36405053 0.78804496 -0.49643968
vn -0.36405053 0.78804496 -0.49643968
vn -0.36405053 0.78804496 -0.49643968
vn -0.35715203 0.75465384 -0.55039987
vn -0.35715203 0.75465384 -0.55039987
vn -0.35715203 0.75465384 -0.55039987
vn -0.36244649 0.78866193 -0.49663358
vn -0.36244649 0.78866193 -0.49663358
vn -0.36244649 0.78866193 -0.49663358
vn -0.34245454 0.74033125 -0.57847603
vn -0.34245454 0.74033125 -0.57847603
vn -0.34245454 0.74033125 -0.57847603
vn -0.34499397 0.74804185 -0.56693259
vn -0.34499397 0.74804185 -0.56693259
vn -0.34499397 0.74804185 -0.56693259
vn -0.32903290 0.71199541 -0.62032241
vn -0.32903290 0.71199541 -0.62032241
vn -0.32903290 0.71199541 -0.62032241
vn -0.33075841 0.71759485 -0.61290824
vn -0.33075841 0.71759485 -0.61290824
vn -0.33075841 0.71759485 -0.61290824
vn -0.30647113 0.66216644 -0.68382092
vn -0.30647113 0.66216644 -0.68382092
vn -0.30647113 0.66216644 -0.68382092
vn -0.31045035 0.67862355 -0.66565055
vn -0.31045035 0.67862355 -0.66565055
vn -0.31045035 0.67862355 -0.66565055
vn -0.29696007 0.64342505 -0.70556284
vn -0.29696007 0.64342505 -0.70556284
vn -0.29696007 0.64342505 -0.70556284
vn -0.27597818 0.59745206 -0.75291904
vn -0.27597818 0.59745206 -0.75291904
vn -0.27597818 0.59745206 -0.75291904
vn -0.27696527 0.60107942 -0.74966244
vn -0.27696527 0.60107942 -0.74966244
vn -0.27696527 0.60107942 -0.74966244
vn -0.06036176 0.12962665 -0.98972390
vn -0.06036176 0.12962665 -0.98972390
vn -0.06036176 0.12962665 -0.98972390
vn -0.07786909 0.09848988 -0.99208676
vn -0.07786909 0.09848988 -0.99208676
vn -0.07786909 0.09848988 -0.99208676
vn -0.07409041 0.07527225 -0.99440671
vn -0.07409041 0.07527225 -0.99440671
vn -0.07409041 0.07527225 -0.99440671
vn -0.09901837 0.03624991 -0.99442511
vn -0.09901837 0.03624991 -0.99442511
vn -0.09901837 0.03624991 -0.99442511
vn -0.04016584 0.03982434 -0.99839908
vn -0.04016584 0.03982434 -0.99839908
vn -0.04016584 0.03982434 -0.99839908
vn -0.06775492 0.05365976 -0.99625795
vn -0.06775492 0.05365976 -0.99625795
vn -0.06775492 0.05365976 -0.99625795
vn 0.00724567 0.08562381 -0.99630119
vn 0.00724567 0.08562381 -0.99630119
vn 0.00724567 0.08562381 -0.99630119
vn -0.01973831 0.04514397 -0.99878547
vn -0.01973831 0.04514397 -0.99878547
vn -0.01973831 0.04514397 -0.99878547
vn -0.03276173 0.02787877 -0.99907429
vn -0.03276173 0.02787877 -0.99907429
vn -0.03276173 0.02787877 -0.99907429
vn -0.07160228 0.07985749 -0.99423131
vn -0.07160228 0.07985749 -0.99423131
vn -0.07160228 0.07985749 -0.99423131
vn -0.07134900 0.08007181 -0.99423228
vn -0.07134900 0.08007181 -0.99423228
vn -0.07134900 0.08007181 -0.99423228
vn -0.03870088 0.08161281 -0.99591244
vn -0.03870088 0.08161281 -0.99591244
vn -0.03870088 0.08161281 -0.99591244
vn -0.03321988 0.02983335 -0.99900271
vn -0.03321988 0.02983335 -0.99900271
vn -0.03321988 0.02983335 -0.99900271
vn -0.03029602 0.03320375 -0.99898932
vn -0.03029602 0.03320375 -0.99898932
vn -0.03029602 0.03320375 -0.99898932
vn -0.03882674 0.07772012 -0.99621888
vn -0.03882674 0.07772012 -0.99621888
vn -0.03882674 0.07772012 -0.99621888
vn -0.04817727 0.06050746 -0.99700441
vn -0.04817727 0.06050746 -0.99700441
vn -0.04817727 0.06050746 -0.99700441
vn -0.04759100 0.06099624 -0.99700279
vn -0.04759100 0.06099624 -0.99700279
vn -0.04759100 0.06099624 -0.99700279
vn -0.07362757 0.01276921 -0.99720406
vn -0.07362757 0.01276921 -0.99720406
vn -0.07362757 0.01276921 -0.99720406
vn -0.07258664 0.10664100 -0.99164453
vn -0.07258664 0.10664100 -0.99164453
vn -0.07258664 0.10664100 -0.99164453
vn -0.18410382 0.06725221 -0.98060335
vn -0.18410382 0.06725221 -0.98060335
vn -0.18410382 0.06725221 -0.98060335
vn -0.01090059 0.03483229 -0.99933372
vn -0.01090059 0.03483229 -0.99933372
vn -0.01090059 0.03483229 -0.99933372
vn -0.02994783 0.00357191 -0.99954508
vn -0.02994783 0.00357191 -0.99954508
vn -0.02994783 0.00357191 -0.99954508
vn -0.04568498 0.02774189 -0.99857061
vn -0.04568498 0.02774189 -0.99857061
vn -0.04568498 0.02774189 -0.99857061
vn -0.06713383 0.02217571 -0.99749751
vn -0.06713383 0.02217571 -0.99749751
vn -0.06713383 0.02217571 -0.99749751
vn -0.08355816 0.02636540 -0.99615405
vn -0.08355816 0.02636540 -0.99615405
vn -0.08355816 0.02636540 -0.99615405
vn -0.09848564 0.01920742 -0.99495309
vn -0.09848564 0.01920742 -0.99495309
vn -0.09848564 0.01920742 -0.99495309
vn -0.12965362 0.02768753 -0.99117271
vn -0.12965362 0.02768753 -0.99117271
vn -0.12965362 0.02768753 -0.99117271
vn -0.15530364 0.02137229 -0.98763556
vn -0.15530364 0.02137229 -0.98763556
vn -0.15530364 0.02137229 -0.98763556
vn -0.25549143 0.06935276 -0.96432065
vn -0.25549143 0.06935276 -0.96432065
vn -0.25549143 0.06935276 -0.96432065
vn -0.26133115 0.06662094 -0.96294739
vn -0.26133115 0.06662094 -0.96294739
vn -0.26133115 0.06662094 -0.96294739
vn -0.29662617 0.07732589 -0.95185798
vn -0.29662617 0.07732589 -0.95185798
vn -0.29662617 0.07732589 -0.95185798
vn -0.36916433 0.08468840 -0.92549747
vn -0.36916433 0.08468840 -0.92549747
vn -0.36916433 0.08468840 -0.92549747
vn -0.35975223 0.07731593 -0.92983901
vn -0.35975223 0.07731593 -0.92983901
vn -0.35975223 0.07731593 -0.92983901
vn -0.38456127 0.04150101 -0.92216609
vn -0.38456127 0.04150101 -0.92216609
vn -0.38456127 0.04150101 -0.92216609
vn -0.37193927 0.04340502 -0.92724171
vn -0.37193927 0.04340502 -0.92724171
vn -0.37193927 0.04340502 -0.92724171
vn -0.32152424 0.03206708 -0.94635821
vn -0.32152424 0.03206708 -0.94635821
vn -0.32152424 0.03206708 -0.94635821
vn -0.26345210 0.03318288 -0.96410160
vn -0.26345210 0.03318288 -0.96410160
vn -0.26345210 0.03318288 -0.96410160
vn -0.23990290 0.02443321 -0.97048937
vn -0.23990290 0.02443321 -0.97048937
vn -0.23990290 0.02443321 -0.97048937
vn -0.18284329 0.02952600 -0.98269860
vn -0.18284329 0.02952600 -0.98269860
vn -0.18284329 0.02952600 -0.98269860
vn -0.17124835 0.02753668 -0.98484300
vn -0.17124835 0.02753668 -0.98484300
vn -0.17124835 0.02753668 -0.98484300
vn -0.43599966 0.01794557 -0.89976789
vn -0.43599966 0.01794557 -0.89976789
vn -0.43599966 0.01794557 -0.89976789
vn -0.46489078 0.02973256 -0.88486865
vn -0.46489078 0.02973256 -0.88486865
vn -0.46489078 0.02973256 -0.88486865
vn -0.57510175 0.04195583 -0.81700531
vn -0.57510175 0.04195583 -0.81700531
vn -0.57510175 0.04195583 -0.81700531
vn -0.57399650 0.04145047 -0.81780797
vn -0.57399650 0.04145047 -0.81780797
vn -0.57399650 0.04145047 -0.81780797
vn -0.21356680 -0.03351402 -0.97635344
vn -0.21356680 -0.03351402 -0.97635344
vn -0.21356680 -0.03351402 -0.97635344
vn -0.33223230 0.16907454 -0.92791998
vn -0.33223230 0.16907454 -0.92791998
vn -0.33223230 0.16907454 -0.92791998
vn -0.26528441 0.00305993 -0.96416535
vn -0.26528441 0.00305993 -0.96416535
vn -0.26528441 0.00305993 -0.96416535
vn -0.36482225 0.00616092 -0.93105680
vn -0.36482225 0.00616092 -0.93105680
vn -0.36482225 0.00616092 -0.93105680
vn -0.43118880 0.03163008 -0.90170713
vn -0.43118880 0.03163008 -0.90170713
vn -0.43118880 0.03163008 -0.90170713
vn -0.44253160 0.01908464 -0.89654981
vn -0.44253160 0.01908464 -0.89654981
vn -0.44253160 0.01908464 -0.89654981
vn -0.09418035 0.00559902 -0.99553941
vn -0.09418035 0.00559902 -0.99553941
vn -0.09418035 0.00559902 -0.99553941
vn -0.13643433 0.02553587 -0.99031995
vn -0.13643433 0.02553587 -0.99031995
vn -0.13643433 0.02553587 -0.99031995
vn -0.03664589 0.00366316 -0.99932160
vn -0.03664589 0.00366316 -0.99932160
vn -0.03664589 0.00366316 -0.99932160
vn -0.02637704 0.06826409 -0.99731854
vn -0.02637704 0.06826409 -0.99731854
vn -0.02637704 0.06826409 -0.99731854
vn -0.05899439 0.00410684 -0.99824987
vn -0.05899439 0.00410684 -0.99824987
vn -0.05899439 0.00410684 -0.99824987
vn -0.06743193 0.01688796 -0.99758094
vn -0.06743193 0.01688796 -0.99758094
vn -0.06743193 0.01688796 -0.99758094
vn -0.03604916 0.00843265 -0.99931444
vn -0.03604916 0.00843265 -0.99931444
vn -0.03604916 0.00843265 -0.99931444
vn -0.03616531 0.00872483 -0.99930773
vn -0.03616531 0.00872483 -0.99930773
vn -0.03616531 0.00872483 -0.99930773
vn -0.02911005 0.01801364 -0.99941389
vn -0.02911005 0.01801364 -0.99941389
vn -0.02911005 0.01801364 -0.99941389
vn -0.38545746 0.02537663 -0.92237659
vn -0.38545746 0.02537663 -0.92237659
vn -0.38545746 0.02537663 -0.92237659
vn -0.32208295 0.02190310 -0.94645804
vn -0.32208295 0.02190310 -0.94645804
vn -0.32208295 0.02190310 -0.94645804
vn -0.26700206 0.00609203 -0.96367670
vn -0.26700206 0.00609203 -0.96367670
vn -0.26700206 0.00609203 -0.96367670
vn -0.24034051 0.01648134 -0.97054871
vn -0.24034051 0.01648134 -0.97054871
vn -0.24034051 0.01648134 -0.97054871
vn -0.13706538 0.01246632 -0.99048355
vn -0.13706538 0.01246632 -0.99048355
vn -0.13706538 0.01246632 -0.99048355
vn -0.15675626 -0.00564156 -0.98762121
vn -0.15675626 -0.00564156 -0.98762121
vn -0.15675626 -0.00564156 -0.98762121
vn -0.09853059 0.01839833 -0.99496393
vn -0.09853059 0.01839833 -0.99496393
vn -0.09853059 0.01839833 -0.99496393
vn -0.14240310 0.01547964 -0.98968770
vn -0.14240310 0.01547964 -0.98968770
vn -0.14240310 0.01547964 -0.98968770
vn -0.18812487 0.00399380 -0.98213700
vn -0.18812487 0.00399380 -0.98213700
vn -0.18812487 0.00399380 -0.98213700
vn -0.26696505 0.00691838 -0.96368138
vn -0.26696505 0.00691838 -0.96368138
vn -0.26696505 0.00691838 -0.96368138
vn -0.26499834 0.00941498 -0.96420290
vn -0.26499834 0.00941498 -0.96420290
vn -0.26499834 0.00941498 -0.96420290
vn -0.43609429 0.01580994 -0.89976209
vn -0.43609429 0.01580994 -0.89976209
vn -0.43609429 0.01580994 -0.89976209
vn -0.43172840 0.02030817 -0.90177501
vn -0.43172840 0.02030817 -0.90177501
vn -0.43172840 0.02030817 -0.90177501
vn -0.57585806 0.02609853 -0.81713302
vn -0.57585806 0.02609853 -0.81713302
vn -0.57585806 0.02609853 -0.81713302
vn -0.61595394 0.00036843 -0.78778208
vn -0.61595394 0.00036843 -0.78778208
vn -0.61595394 0.00036843 -0.78778208
vn -0.55970813 0.02248372 -0.82838475
vn -0.55970813 0.02248372 -0.82838475
vn -0.55970813 0.02248372 -0.82838475
vn -0.21875672 0.43792906 0.87198832
vn -0.21875672 0.43792906 0.87198832
vn -0.21875672 0.43792906 0.87198832
vn -0.21268021 0.38285040 0.89899538
vn -0.21268021 0.38285040 0.89899538
vn -0.21268021 0.38285040 0.89899538
vn -0.22028706 0.42358655 0.87866265
vn -0.22028706 0.42358655 0.87866265
vn -0.22028706 0.42358655 0.87866265
vn -0.23593179 0.47123970 0.84986430
vn -0.23593179 0.47123970 0.84986430
vn -0.23593179 0.47123970 0.84986430
vn -0.25198180 0.50801313 0.82366731
vn -0.25198180 0.50801313 0.82366731
vn -0.25198180 0.50801313 0.82366731
vn -0.25263953 0.50925755 0.82269679
vn -0.25263953 0.50925755 0.82269679
vn -0.25263953 0.50925755 0.82269679
vn -0.27089382 0.56186346 0.78161755
vn -0.27089382 0.56186346 0.78161755
vn -0.27089382 0.56186346 0.78161755
vn -0.31013286 0.63270717 0.70957681
vn -0.31013286 0.63270717 0.70957681
vn -0.31013286 0.63270717 0.70957681
vn -0.27210909 0.58447118 0.76442794
vn -0.27210909 0.58447118 0.76442794
vn -0.27210909 0.58447118 0.76442794
vn -0.38871425 0.84194083 0.37421500
vn -0.38871425 0.84194083 0.37421500
vn -0.38871425 0.84194083 0.37421500
vn -0.38604264 0.83172689 0.39900058
vn -0.38604264 0.83172689 0.39900058
vn -0.38604264 0.83172689 0.39900058
vn -0.37370273 0.81158729 0.44907943
vn -0.37370273 0.81158729 0.44907943
vn -0.37370273 0.81158729 0.44907943
vn -0.36509367 0.78321133 0.50327589
vn -0.36509367 0.78321133 0.50327589
vn -0.36509367 0.78321133 0.50327589
vn -0.35333696 0.76338173 0.54074146
vn -0.35333696 0.76338173 0.54074146
vn -0.35333696 0.76338173 0.54074146
vn -0.33984130 0.72342086 0.60097433
vn -0.33984130 0.72342086 0.60097433
vn -0.33984130 0.72342086 0.60097433
vn -0.32849723 0.70403061 0.62962725
vn -0.32849723 0.70403061 0.62962725
vn -0.32849723 0.70403061 0.62962725
vn -0.31575019 0.66675839 0.67508153
vn -0.31575019 0.66675839 0.67508153
vn -0.31575019 0.66675839 0.67508153
vn -0.29886153 0.63238897 0.71467893
vn -0.29886153 0.63238897 0.71467893
vn -0.29886153 0.63238897 0.71467893
vn 0.05238083 -0.11343539 0.99216363
vn 0.05238083 -0.11343539 0.99216363
vn 0.05238083 -0.11343539 0.99216363
vn 0.08199923 -0.11048687 0.99048916
vn 0.08199923 -0.11048687 0.99048916
vn 0.08199923 -0.11048687 0.99048916
vn 0.02633044 -0.08143571 0.99633074
vn 0.02633044 -0.08143571 0.99633074
vn 0.02633044 -0.08143571 0.99633074
vn 0.08375182 -0.06450174 0.99439688
vn 0.08375182 -0.06450174 0.99439688
vn 0.08375182 -0.06450174 0.99439688
vn 0.01789896 -0.05473061 0.99834072
vn 0.01789896 -0.05473061 0.99834072
vn 0.01789896 -0.05473061 0.99834072
vn 0.01776031 -0.03977403 0.99905085
vn 0.01776031 -0.03977403 0.99905085
vn 0.01776031 -0.03977403 0.99905085
vn 0.01689051 -0.03789090 0.99913912
vn 0.01689051 -0.03789090 0.99913912
vn 0.01689051 -0.03789090 0.99913912
vn 0.10394197 -0.22508499 0.96877903
vn 0.10394197 -0.22508499 0.96877903
vn 0.10394197 -0.22508499 0.96877903
vn 0.11101454 -0.22437472 0.96815895
vn 0.11101454 -0.22437472 0.96815895
vn 0.11101454 -0.22437472 0.96815895
vn 0.06857278 -0.16231547 0.98435332
vn 0.06857278 -0.16231547 0.98435332
vn 0.06857278 -0.16231547 0.98435332
vn 0.07512733 -0.16270850 0.98380985
vn 0.07512733 -0.16270850 0.98380985
vn 0.07512733 -0.16270850 0.98380985
vn 0.06868134 0.04777029 0.99649429
vn 0.06868134 0.04777029 0.99649429
vn 0.06868134 0.04777029 0.99649429
vn 0.13084656 0.05514593 0.98986772
vn 0.13084656 0.05514593 0.98986772
vn 0.13084656 0.05514593 0.98986772
vn 0.15708388 0.04764136 0.98643548
vn 0.15708388 0.04764136 0.98643548
vn 0.15708388 0.04764136 0.98643548
vn 0.12288989 0.01134938 0.99235541
vn 0.12288989 0.01134938 0.99235541
vn 0.12288989 0.01134938 0.99235541
vn 0.11574155 0.01278333 0.99319710
vn 0.11574155 0.01278333 0.99319710
vn 0.11574155 0.01278333 0.99319710
vn 0.06039762 0.06249966 0.99621580
vn 0.06039762 0.06249966 0.99621580
vn 0.06039762 0.06249966 0.99621580
vn 0.06029499 0.05266644 0.99679023
vn 0.06029499 0.05266644 0.99679023
vn 0.06029499 0.05266644 0.99679023
vn 0.00850590 0.07711373 0.99698602
vn 0.00850590 0.07711373 0.99698602
vn 0.00850590 0.07711373 0.99698602
vn 0.00015537 -0.01146580 0.99993425
vn 0.00015537 -0.01146580 0.99993425
vn 0.00015537 -0.01146580 0.99993425
vn 0.00004947 0.01854414 0.99982804
vn 0.00004947 0.01854414 0.99982804
vn 0.00004947 0.01854414 0.99982804
vn -0.00929479 0.05224717 0.99859093
vn -0.00929479 0.05224717 0.99859093
vn -0.00929479 0.05224717 0.99859093
vn -0.03696808 0.03393598 0.99874006
vn -0.03696808 0.03393598 0.99874006
vn -0.03696808 0.03393598 0.99874006
vn -0.01236268 0.06146672 0.99803257
vn -0.01236268 0.06146672 0.99803257
vn -0.01236268 0.06146672 0.99803257
vn 0.03072375 -0.00260666 0.99952452
vn 0.03072375 -0.00260666 0.99952452
vn 0.03072375 -0.00260666 0.99952452
vn -0.01339430 -0.02741602 0.99953437
vn -0.01339430 -0.02741602 0.99953437
vn -0.01339430 -0.02741602 0.99953437
vn -0.02426785 -0.03944343 0.99892707
vn -0.02426785 -0.03944343 0.99892707
vn -0.02426785 -0.03944343 0.99892707
vn 0.99999866 0.00163472 -0.00000088
vn 0.99999866 0.00163472 -0.00000088
vn 0.99999866 0.00163472 -0.00000088
vn 0.99999866 0.00163503 -0.00000111
vn 0.99999866 0.00163503 -0.00000111
vn 0.99999866 0.00163503 -0.00000111
vn 0.99999867 0.00163293 -0.00000139
vn 0.99999867 0.00163293 -0.00000139
vn 0.99999867 0.00163293 -0.00000139
vn 0.99999867 0.00163266 -0.00000029
vn 0.99999867 0.00163266 -0.00000029
vn 0.99999867 0.00163266 -0.00000029
vn 0.99999868 0.00162182 -0.00000469
vn 0.99999868 0.00162182 -0.00000469
vn 0.99999868 0.00162182 -0.00000469
vn 0.99999866 0.00163477 -0.00000082
vn 0.99999866 0.00163477 -0.00000082
vn 0.99999866 0.00163477 -0.00000082
vn 0.99999866 0.00163419 -0.00000158
vn 0.99999866 0.00163419 -0.00000158
vn 0.99999866 0.00163419 -0.00000158
vn 0.99999868 0.00162179 0.00001656
vn 0.99999868 0.00162179 0.00001656
vn 0.99999868 0.00162179 0.00001656
vn 0.99999867 0.00163291 0.00000111
vn 0.99999867 0.00163291 0.00000111
vn 0.99999867 0.00163291 0.00000111
vn 0.99999867 0.00163298 -0.00000117
vn 0.99999867 0.00163298 -0.00000117
vn 0.99999867 0.00163298 -0.00000117
vn 0.99999867 0.00163355 -0.00000117
vn 0.99999867 0.00163355 -0.00000117
vn 0.99999867 0.00163355 -0.00000117
vn 0.99999867 0.00163347 0.00000159
vn 0.99999867 0.00163347 0.00000159
vn 0.99999867 0.00163347 0.00000159
vn 0.99999867 0.00163262 0.00000166
vn 0.99999867 0.00163262 0.00000166
vn 0.99999867 0.00163262 0.00000166
vn 0.99999867 0.00163318 -0.00000157
vn 0.99999867 0.00163318 -0.00000157
vn 0.99999867 0.00163318 -0.00000157
vn 0.99999867 0.00163317 -0.00000155
vn 0.99999867 0.00163317 -0.00000155
vn 0.99999867 0.00163317 -0.00000155
vn 0.99858776 0.05312714 0.00000179
vn 0.99858776 0.05312714 0.00000179
vn 0.99858776 0.05312714 0.00000179
vn 0.99222215 0.12033182 0.03186620
vn 0.99222215 0.12033182 0.03186620
vn 0.99222215 0.12033182 0.03186620
vn 0.97532871 0.21845603 -0.03179407
vn 0.97532871 0.21845603 -0.03179407
vn 0.97532871 0.21845603 -0.03179407
vn 0.95794856 0.28693633 0.00144596
vn 0.95794856 0.28693633 0.00144596
vn 0.95794856 0.28693633 0.00144596
vn 0.92344895 0.38371860 -0.00143880
vn 0.92344895 0.38371860 -0.00143880
vn 0.92344895 0.38371860 -0.00143880
vn 0.89352064 0.44789113 0.03184976
vn 0.89352064 0.44789113 0.03184976
vn 0.89352064 0.44789113 0.03184976
vn 0.84469848 0.53429326 -0.03186204
vn 0.84469848 0.53429326 -0.03186204
vn 0.84469848 0.53429326 -0.03186204
vn 0.80698454 0.59057256 0.00000258
vn 0.80698454 0.59057256 0.00000258
vn 0.80698454 0.59057256 0.00000258
vn 0.77553049 0.63131012 0.00000276
vn 0.77553049 0.63131012 0.00000276
vn 0.77553049 0.63131012 0.00000276
vn 0.77552183 0.63132076 0.00000661
vn 0.77552183 0.63132076 0.00000661
vn 0.77552183 0.63132076 0.00000661
vn 0.77551943 0.63132370 0.00000513
vn 0.77551943 0.63132370 0.00000513
vn 0.77551943 0.63132370 0.00000513
vn 0.77552629 0.63131528 0.00000287
vn 0.77552629 0.63131528 0.00000287
vn 0.77552629 0.63131528 0.00000287
vn 0.99251485 0.12212400 0.00000054
vn 0.99251485 0.12212400 0.00000054
vn 0.99251485 0.12212400 0.00000054
vn 0.99170998 0.12723548 -0.01795689
vn 0.99170998 0.12723548 -0.01795689
vn 0.99170998 0.12723548 -0.01795689
vn 0.98434199 0.17596472 0.01035710
vn 0.98434199 0.17596472 0.01035710
vn 0.98434199 0.17596472 0.01035710
vn 0.98141779 0.19150755 -0.01199908
vn 0.98141779 0.19150755 -0.01199908
vn 0.98141779 0.19150755 -0.01199908
vn 0.96990753 0.24284947 0.01742202
vn 0.96990753 0.24284947 0.01742202
vn 0.96990753 0.24284947 0.01742202
vn 0.96322887 0.26750069 -0.02517002
vn 0.96322887 0.26750069 -0.02517002
vn 0.96322887 0.26750069 -0.02517002
vn 0.94086366 0.33789751 0.02451209
vn 0.94086366 0.33789751 0.02451209
vn 0.94086366 0.33789751 0.02451209
vn 0.92509714 0.37844431 -0.03122781
vn 0.92509714 0.37844431 -0.03122781
vn 0.92509714 0.37844431 -0.03122781
vn 0.89246860 0.45043233 0.02470859
vn 0.89246860 0.45043233 0.02470859
vn 0.89246860 0.45043233 0.02470859
vn 0.88401020 0.46737432 0.00933879
vn 0.88401020 0.46737432 0.00933879
vn 0.88401020 0.46737432 0.00933879
vn 0.82237310 0.56857458 -0.02062601
vn 0.82237310 0.56857458 -0.02062601
vn 0.82237310 0.56857458 -0.02062601
vn 0.82989360 0.55792169 0.00000607
vn 0.82989360 0.55792169 0.00000607
vn 0.82989360 0.55792169 0.00000607
vn 0.77547678 0.63137609 0.00000616
vn 0.77547678 0.63137609 0.00000616
vn 0.77547678 0.63137609 0.00000616
vn -0.01234455 0.07814465 0.99686560
vn -0.01234455 0.07814465 0.99686560
vn -0.01234455 0.07814465 0.99686560
vn -0.00003594 0.02348921 0.99972409
vn -0.00003594 0.02348921 0.99972409
vn -0.00003594 0.02348921 0.99972409
vn -0.00400363 -0.00070373 0.99999174
vn -0.00400363 -0.00070373 0.99999174
vn -0.00400363 -0.00070373 0.99999174
vn 0.03564727 0.00783549 0.99933372
vn 0.03564727 0.00783549 0.99933372
vn 0.03564727 0.00783549 0.99933372
vn 0.01985689 0.01068962 0.99974569
vn 0.01985689 0.01068962 0.99974569
vn 0.01985689 0.01068962 0.99974569
vn -0.00179763 0.01715603 0.99985121
vn -0.00179763 0.01715603 0.99985121
vn -0.00179763 0.01715603 0.99985121
vn -0.01568258 0.05530271 0.99834647
vn -0.01568258 0.05530271 0.99834647
vn -0.01568258 0.05530271 0.99834647
vn -0.01738121 0.05628208 0.99826360
vn -0.01738121 0.05628208 0.99826360
vn -0.01738121 0.05628208 0.99826360
vn -0.01400296 0.05311783 0.99849007
vn -0.01400296 0.05311783 0.99849007
vn -0.01400296 0.05311783 0.99849007
vn -0.01645420 0.05550531 0.99832280
vn -0.01645420 0.05550531 0.99832280
vn -0.01645420 0.05550531 0.99832280
vn -0.01828202 0.05689205 0.99821293
vn -0.01828202 0.05689205 0.99821293
vn -0.01828202 0.05689205 0.99821293
vn -0.01513462 0.05499950 0.99837167
vn -0.01513462 0.05499950 0.99837167
vn -0.01513462 0.05499950 0.99837167
vn -0.01011958 0.05225222 0.99858265
vn -0.01011958 0.05225222 0.99858265
vn -0.01011958 0.05225222 0.99858265
vn -0.00279029 0.04943965 0.99877322
vn -0.00279029 0.04943965 0.99877322
vn -0.00279029 0.04943965 0.99877322
vn -0.00297036 0.04898412 0.99879514
vn -0.00297036 0.04898412 0.99879514
vn -0.00297036 0.04898412 0.99879514
vn -0.00517494 0.04109366 0.99914190
vn -0.00517494 0.04109366 0.99914190
vn -0.00517494 0.04109366 0.99914190
vn -0.00152487 0.03102287 0.99951751
vn -0.00152487 0.03102287 0.99951751
vn -0.00152487 0.03102287 0.99951751
vn 0.00381245 0.03502104 0.99937930
vn 0.00381245 0.03502104 0.99937930
vn 0.00381245 0.03502104 0.99937930
vn -0.00145074 0.02629732 0.99965311
vn -0.00145074 0.02629732 0.99965311
vn -0.00145074 0.02629732 0.99965311
vn 0.00850484 0.07932326 0.99681266
vn 0.00850484 0.07932326 0.99681266
vn 0.00850484 0.07932326 0.99681266
vn -0.00613617 0.07598836 0.99708982
vn -0.00613617 0.07598836 0.99708982
vn -0.00613617 0.07598836 0.99708982
vn -0.01073465 0.06566600 0.99778392
vn -0.01073465 0.06566600 0.99778392
vn -0.01073465 0.06566600 0.99778392
vn -0.01793866 0.05961816 0.99806006
vn -0.01793866 0.05961816 0.99806006
vn -0.01793866 0.05961816 0.99806006
vn -0.01100197 0.04983877 0.99869668
vn -0.01100197 0.04983877 0.99869668
vn -0.01100197 0.04983877 0.99869668
vn 0.99613678 0.08781519 0.00000039
vn 0.99613678 0.08781519 0.00000039
vn 0.99613678 0.08781519 0.00000039
vn 0.99890953 0.04668773 0.00000010
vn 0.99890953 0.04668773 0.00000010
vn 0.99890953 0.04668773 0.00000010
vn 0.99890837 0.04671263 -0.00000478
vn 0.99890837 0.04671263 -0.00000478
vn 0.99890837 0.04671263 -0.00000478
vn 0.99728866 0.06290738 0.03818358
vn 0.99728866 0.06290738 0.03818358
vn 0.99728866 0.06290738 0.03818358
vn 0.99657481 0.07527451 -0.03424031
vn 0.99657481 0.07527451 -0.03424031
vn 0.99657481 0.07527451 -0.03424031
vn 0.99862754 0.05237399 0.00002975
vn 0.99862754 0.05237399 0.00002975
vn 0.99862754 0.05237399 0.00002975
vn -0.00246336 -0.00801900 0.99996481
vn -0.00246336 -0.00801900 0.99996481
vn -0.00246336 -0.00801900 0.99996481
vn 0.01071071 -0.01810313 0.99977875
vn 0.01071071 -0.01810313 0.99977875
vn 0.01071071 -0.01810313 0.99977875
vn 0.02912987 -0.01515371 0.99946076
vn 0.02912987 -0.01515371 0.99946076
vn 0.02912987 -0.01515371 0.99946076
vn -0.00241173 -0.00993688 0.99994772
vn -0.00241173 -0.00993688 0.99994772
vn -0.00241173 -0.00993688 0.99994772
vn -0.00204233 -0.00709196 0.99997277
vn -0.00204233 -0.00709196 0.99997277
vn -0.00204233 -0.00709196 0.99997277
vn 0.99999574 0.00290288 0.00031049
vn 0.99999574 0.00290288 0.00031049
vn 0.99999574 0.00290288 0.00031049
vn 0.99997634 0.00687708 -0.00016208
vn 0.99997634 0.00687708 -0.00016208
vn 0.99997634 0.00687708 -0.00016208
vn 0.99995306 0.00895959 0.00368874
vn 0.99995306 0.00895959 0.00368874
vn 0.99995306 0.00895959 0.00368874
vn 0.99999972 -0.00074780 0.00000987
vn 0.99999972 -0.00074780 0.00000987
vn 0.99999972 -0.00074780 0.00000987
vn 0.99999891 -0.00147528 -0.00010868
vn 0.99999891 -0.00147528 -0.00010868
vn 0.99999891 -0.00147528 -0.00010868
vn 0.99999889 -0.00148016 0.00016636
vn 0.99999889 -0.00148016 0.00016636
vn 0.99999889 -0.00148016 0.00016636
vn 0.99999779 -0.00210135 -0.00003835
vn 0.99999779 -0.00210135 -0.00003835
vn 0.99999779 -0.00210135 -0.00003835
vn 0.99999779 -0.00210143 -0.00006765
vn 0.99999779 -0.00210143 -0.00006765
vn 0.99999779 -0.00210143 -0.00006765
vn 0.99999967 -0.00075781 0.00028822
vn 0.99999967 -0.00075781 0.00028822
vn 0.99999967 -0.00075781 0.00028822
vn 0.99999965 -0.00079492 -0.00026496
vn 0.99999965 -0.00079492 -0.00026496
vn 0.99999965 -0.00079492 -0.00026496
vn 0.99999577 0.00288886 0.00034686
vn 0.99999577 0.00288886 0.00034686
vn 0.99999577 0.00288886 0.00034686
vn 0.99999997 -0.00015172 -0.00017566
vn 0.99999997 -0.00015172 -0.00017566
vn 0.99999997 -0.00015172 -0.00017566
vn 0.99999996 -0.00028499 0.00000508
vn 0.99999996 -0.00028499 0.00000508
vn 0.99999996 -0.00028499 0.00000508
vn 1.00000000 -0.00000081 0.00000196
vn 1.00000000 -0.00000081 0.00000196
vn 1.00000000 -0.00000081 0.00000196
vn 0.99924267 0.03891127 0.00000009
vn 0.99924267 0.03891127 0.00000009
vn 0.99924267 0.03891127 0.00000009
vn 0.99924399 0.03887721 0.00010094
vn 0.99924399 0.03887721 0.00010094
vn 0.99924399 0.03887721 0.00010094
vn 0.99964149 0.02677474 -0.00008816
vn 0.99964149 0.02677474 -0.00008816
vn 0.99964149 0.02677474 -0.00008816
vn 0.99964370 0.02669161 0.00015066
vn 0.99964370 0.02669161 0.00015066
vn 0.99964370 0.02669161 0.00015066
vn 0.99978571 0.02070088 -0.00002753
vn 0.99978571 0.02070088 -0.00002753
vn 0.99978571 0.02070088 -0.00002753
vn 0.99978758 0.02061053 0.00002420
vn 0.99978758 0.02061053 0.00002420
vn 0.99978758 0.02061053 0.00002420
vn 0.99982134 0.01890214 -0.00002660
vn 0.99982134 0.01890214 -0.00002660
vn 0.99982134 0.01890214 -0.00002660
vn 0.99983816 0.01798268 0.00053537
vn 0.99983816 0.01798268 0.00053537
vn 0.99983816 0.01798268 0.00053537
vn 0.99987634 0.01569395 -0.00099986
vn 0.99987634 0.01569395 -0.00099986
vn 0.99987634 0.01569395 -0.00099986
vn 0.99989048 0.01479947 0.00004686
vn 0.99989048 0.01479947 0.00004686
vn 0.99989048 0.01479947 0.00004686
vn 0.99991250 0.01322819 -0.00000071
vn 0.99991250 0.01322819 -0.00000071
vn 0.99991250 0.01322819 -0.00000071
vn 0.99994309 0.01066610 0.00023775
vn 0.99994309 0.01066610 0.00023775
vn 0.99994309 0.01066610 0.00023775
vn 0.01803964 0.01379044 0.99974216
vn 0.01803964 0.01379044 0.99974216
vn 0.01803964 0.01379044 0.99974216
vn 0.01454076 -0.04486323 0.99888731
vn 0.01454076 -0.04486323 0.99888731
vn 0.01454076 -0.04486323 0.99888731
vn 0.03539084 0.00057888 0.99937338
vn 0.03539084 0.00057888 0.99937338
vn 0.03539084 0.00057888 0.99937338
vn -0.06188582 -0.05218317 0.99671815
vn -0.06188582 -0.05218317 0.99671815
vn -0.06188582 -0.05218317 0.99671815
vn 0.00945403 -0.06415927 0.99789489
vn 0.00945403 -0.06415927 0.99789489
vn 0.00945403 -0.06415927 0.99789489
vn 0.00993495 -0.03008260 0.99949804
vn 0.00993495 -0.03008260 0.99949804
vn 0.00993495 -0.03008260 0.99949804
vn 0.00251334 -0.03417780 0.99941261
vn 0.00251334 -0.03417780 0.99941261
vn 0.00251334 -0.03417780 0.99941261
vn 0.42788763 -0.74164026 -0.51660614
vn 0.42788763 -0.74164026 -0.51660614
vn 0.42788763 -0.74164026 -0.51660614
vn 0.27318922 -0.59263003 -0.75773168
vn 0.27318922 -0.59263003 -0.75773168
vn 0.27318922 -0.59263003 -0.75773168
vn 0.19490872 -0.61085689 -0.76737503
vn 0.19490872 -0.61085689 -0.76737503
vn 0.19490872 -0.61085689 -0.76737503
vn 0.36269079 -0.63378786 -0.68320446
vn 0.36269079 -0.63378786 -0.68320446
vn 0.36269079 -0.63378786 -0.68320446
vn 0.15817010 -0.69053808 -0.70578990
vn 0.15817010 -0.69053808 -0.70578990
vn 0.15817010 -0.69053808 -0.70578990
vn 0.31893333 -0.68659750 -0.65334938
vn 0.31893333 -0.68659750 -0.65334938
vn 0.31893333 -0.68659750 -0.65334938
vn 0.32625863 -0.71212109 -0.62164207
vn 0.32625863 -0.71212109 -0.62164207
vn 0.32625863 -0.71212109 -0.62164207
vn 0.33745830 -0.79746254 -0.50017537
vn 0.33745830 -0.79746254 -0.50017537
vn 0.33745830 -0.79746254 -0.50017537
vn 0.46567731 -0.76871941 -0.43842345
vn 0.46567731 -0.76871941 -0.43842345
vn 0.46567731 -0.76871941 -0.43842345
vn 0.13795198 -0.87708593 -0.46009730
vn 0.13795198 -0.87708593 -0.46009730
vn 0.13795198 -0.87708593 -0.46009730
vn 0.39116479 -0.84195442 -0.37162194
vn 0.39116479 -0.84195442 -0.37162194
vn 0.39116479 -0.84195442 -0.37162194
vn 0.39475158 -0.85078797 -0.34688761
vn 0.39475158 -0.85078797 -0.34688761
vn 0.39475158 -0.85078797 -0.34688761
vn 0.39294192 -0.85150131 -0.34719184
vn 0.39294192 -0.85150131 -0.34719184
vn 0.39294192 -0.85150131 -0.34719184
vn 0.28922244 -0.73821290 -0.60941948
vn 0.28922244 -0.73821290 -0.60941948
vn 0.28922244 -0.73821290 -0.60941948
vn 0.42700689 -0.73855278 -0.52173260
vn 0.42700689 -0.73855278 -0.52173260
vn 0.42700689 -0.73855278 -0.52173260
vn 0.37758607 -0.75949656 -0.52971099
vn 0.37758607 -0.75949656 -0.52971099
vn 0.37758607 -0.75949656 -0.52971099
vn 0.34623412 -0.82243200 -0.45136187
vn 0.34623412 -0.82243200 -0.45136187
vn 0.34623412 -0.82243200 -0.45136187
vn 0.49205437 -0.75635443 -0.43105739
vn 0.49205437 -0.75635443 -0.43105739
vn 0.49205437 -0.75635443 -0.43105739
vn 0.31871018 -0.86106040 -0.39623075
vn 0.31871018 -0.86106040 -0.39623075
vn 0.31871018 -0.86106040 -0.39623075
vn 0.51347099 -0.78018789 -0.35728756
vn 0.51347099 -0.78018789 -0.35728756
vn 0.51347099 -0.78018789 -0.35728756
vn 0.38969355 -0.84581327 -0.36433343
vn 0.38969355 -0.84581327 -0.36433343
vn 0.38969355 -0.84581327 -0.36433343
vn 0.40101617 -0.57167309 -0.71580438
vn 0.40101617 -0.57167309 -0.71580438
vn 0.40101617 -0.57167309 -0.71580438
vn 0.21470697 -0.65843422 -0.72136350
vn 0.21470697 -0.65843422 -0.72136350
vn 0.21470697 -0.65843422 -0.72136350
vn 0.16746801 -0.66903008 -0.72412238
vn 0.16746801 -0.66903008 -0.72412238
vn 0.16746801 -0.66903008 -0.72412238
vn 0.46392366 -0.64020067 -0.61230543
vn 0.46392366 -0.64020067 -0.61230543
vn 0.46392366 -0.64020067 -0.61230543
vn 0.43651932 -0.65265183 -0.61927092
vn 0.43651932 -0.65265183 -0.61927092
vn 0.43651932 -0.65265183 -0.61927092
vn 0.23363456 -0.74408437 -0.62590202
vn 0.23363456 -0.74408437 -0.62590202
vn 0.23363456 -0.74408437 -0.62590202
vn 0.43266460 -0.69122251 -0.57880289
vn 0.43266460 -0.69122251 -0.57880289
vn 0.43266460 -0.69122251 -0.57880289
vn 0.17266819 -0.79149555 -0.58627681
vn 0.17266819 -0.79149555 -0.58627681
vn 0.17266819 -0.79149555 -0.58627681
vn 0.31020726 -0.66279979 0.68151882
vn 0.31020726 -0.66279979 0.68151882
vn 0.31020726 -0.66279979 0.68151882
vn 0.31322509 -0.68793537 0.65470220
vn 0.31322509 -0.68793537 0.65470220
vn 0.31322509 -0.68793537 0.65470220
vn 0.16276051 -0.73733148 0.65563047
vn 0.16276051 -0.73733148 0.65563047
vn 0.16276051 -0.73733148 0.65563047
vn 0.39981659 -0.70252007 0.58873784
vn 0.39981659 -0.70252007 0.58873784
vn 0.39981659 -0.70252007 0.58873784
vn 0.30368353 -0.76328046 0.57024491
vn 0.30368353 -0.76328046 0.57024491
vn 0.30368353 -0.76328046 0.57024491
vn 0.46539840 -0.72651764 0.50554570
vn 0.46539840 -0.72651764 0.50554570
vn 0.46539840 -0.72651764 0.50554570
vn 0.15258877 -0.84004184 0.52062114
vn 0.15258877 -0.84004184 0.52062114
vn 0.15258877 -0.84004184 0.52062114
vn 0.46877280 -0.76731580 0.43758259
vn 0.46877280 -0.76731580 0.43758259
vn 0.46877280 -0.76731580 0.43758259
vn 0.22754878 -0.87993330 0.41705987
vn 0.22754878 -0.87993330 0.41705987
vn 0.22754878 -0.87993330 0.41705987
vn 0.38692477 -0.83790501 0.38497328
vn 0.38692477 -0.83790501 0.38497328
vn 0.38692477 -0.83790501 0.38497328
vn 0.39397301 -0.85333547 0.34147306
vn 0.39397301 -0.85333547 0.34147306
vn 0.39397301 -0.85333547 0.34147306
vn 0.39221728 -0.85027867 0.35098687
vn 0.39221728 -0.85027867 0.35098687
vn 0.39221728 -0.85027867 0.35098687
vn 0.26471071 -0.57365123 0.77514676
vn 0.26471071 -0.57365123 0.77514676
vn 0.26471071 -0.57365123 0.77514676
vn 0.32881665 -0.58496692 0.74141305
vn 0.32881665 -0.58496692 0.74141305
vn 0.32881665 -0.58496692 0.74141305
vn -0.00562863 -0.60085342 0.79933941
vn -0.00562863 -0.60085342 0.79933941
vn -0.00562863 -0.60085342 0.79933941
vn 0.46825856 -0.58053635 0.66611670
vn 0.46825856 -0.58053635 0.66611670
vn 0.46825856 -0.58053635 0.66611670
vn 0.13049763 -0.63970114 0.75746473
vn 0.13049763 -0.63970114 0.75746473
vn 0.13049763 -0.63970114 0.75746473
vn 0.39394185 -0.62535281 0.67360499
vn 0.39394185 -0.62535281 0.67360499
vn 0.39394185 -0.62535281 0.67360499
vn 0.20459989 -0.66452602 0.71870999
vn 0.20459989 -0.66452602 0.71870999
vn 0.20459989 -0.66452602 0.71870999
vn 0.39353572 -0.66653485 0.63313579
vn 0.39353572 -0.66653485 0.63313579
vn 0.39353572 -0.66653485 0.63313579
vn 0.47992595 -0.64464305 0.59506842
vn 0.47992595 -0.64464305 0.59506842
vn 0.47992595 -0.64464305 0.59506842
vn 0.23429877 -0.74397303 0.62578608
vn 0.23429877 -0.74397303 0.62578608
vn 0.23429877 -0.74397303 0.62578608
vn 0.35016211 -0.73468108 0.58105956
vn 0.35016211 -0.73468108 0.58105956
vn 0.35016211 -0.73468108 0.58105956
vn 0.33099744 -0.77371097 0.54019629
vn 0.33099744 -0.77371097 0.54019629
vn 0.33099744 -0.77371097 0.54019629
vn 0.45309544 -0.73965808 0.49760471
vn 0.45309544 -0.73965808 0.49760471
vn 0.45309544 -0.73965808 0.49760471
vn 0.29869882 -0.82818861 0.47421793
vn 0.29869882 -0.82818861 0.47421793
vn 0.29869882 -0.82818861 0.47421793
vn 0.31410158 -0.82524197 0.46937820
vn 0.31410158 -0.82524197 0.46937820
vn 0.31410158 -0.82524197 0.46937820
vn 0.48372563 -0.79563455 0.36465762
vn 0.48372563 -0.79563455 0.36465762
vn 0.48372563 -0.79563455 0.36465762
vn 0.38504886 -0.83397981 0.39524050
vn 0.38504886 -0.83397981 0.39524050
vn 0.38504886 -0.83397981 0.39524050
vn 0.39246123 -0.85018325 0.35094532
vn 0.39246123 -0.85018325 0.35094532
vn 0.39246123 -0.85018325 0.35094532
vn 0.40891830 -0.88177532 0.23507043
vn 0.40891830 -0.88177532 0.23507043
vn 0.40891830 -0.88177532 0.23507043
vn 1.00000000 0.00001595 -0.00000000
vn 1.00000000 0.00001595 -0.00000000
vn 1.00000000 0.00001595 -0.00000000
vn 1.00000000 0.00002573 -0.00000046
vn 1.00000000 0.00002573 -0.00000046
vn 1.00000000 0.00002573 -0.00000046
vn 1.00000000 0.00002192 -0.00000421
vn 1.00000000 0.00002192 -0.00000421
vn 1.00000000 0.00002192 -0.00000421
vn 0.99999983 0.00020512 0.00053987
vn 0.99999983 0.00020512 0.00053987
vn 0.99999983 0.00020512 0.00053987
vn 1.00000000 0.00002544 0.00000003
vn 1.00000000 0.00002544 0.00000003
vn 1.00000000 0.00002544 0.00000003
vn 1.00000000 0.00002200 0.00000014
vn 1.00000000 0.00002200 0.00000014
vn 1.00000000 0.00002200 0.00000014
vn 1.00000000 0.00002217 0.00000038
vn 1.00000000 0.00002217 0.00000038
vn 1.00000000 0.00002217 0.00000038
vn 1.00000000 0.00002328 0.00000023
vn 1.00000000 0.00002328 0.00000023
vn 1.00000000 0.00002328 0.00000023
vn 1.00000000 0.00002230 -0.00000106
vn 1.00000000 0.00002230 -0.00000106
vn 1.00000000 0.00002230 -0.00000106
vn 1.00000000 0.00002586 0.00000072
vn 1.00000000 0.00002586 0.00000072
vn 1.00000000 0.00002586 0.00000072
vn 1.00000000 0.00002593 0.00000170
vn 1.00000000 0.00002593 0.00000170
vn 1.00000000 0.00002593 0.00000170
vn 1.00000000 0.00002506 0.00000023
vn 1.00000000 0.00002506 0.00000023
vn 1.00000000 0.00002506 0.00000023
vn 1.00000000 0.00002508 -0.00000104
vn 1.00000000 0.00002508 -0.00000104
vn 1.00000000 0.00002508 -0.00000104
vn 1.00000000 0.00002271 -0.00000174
vn 1.00000000 0.00002271 -0.00000174
vn 1.00000000 0.00002271 -0.00000174
vn 1.00000000 0.00002271 -0.00000084
vn 1.00000000 0.00002271 -0.00000084
vn 1.00000000 0.00002271 -0.00000084
vn 1.00000000 0.00002266 -0.00000084
vn 1.00000000 0.00002266 -0.00000084
vn 1.00000000 0.00002266 -0.00000084
vn 1.00000000 0.00002291 0.00000082
vn 1.00000000 0.00002291 0.00000082
vn 1.00000000 0.00002291 0.00000082
vn 1.00000000 0.00002474 0.00000063
vn 1.00000000 0.00002474 0.00000063
vn 1.00000000 0.00002474 0.00000063
vn 1.00000000 0.00002544 0.00000293
vn 1.00000000 0.00002544 0.00000293
vn 1.00000000 0.00002544 0.00000293
vn 1.00000000 0.00002579 0.00000114
vn 1.00000000 0.00002579 0.00000114
vn 1.00000000 0.00002579 0.00000114
vn 1.00000000 0.00002447 0.00000035
vn 1.00000000 0.00002447 0.00000035
vn 1.00000000 0.00002447 0.00000035
vn 1.00000000 0.00002335 0.00000049
vn 1.00000000 0.00002335 0.00000049
vn 1.00000000 0.00002335 0.00000049
vn 1.00000000 0.00002341 0.00000095
vn 1.00000000 0.00002341 0.00000095
vn 1.00000000 0.00002341 0.00000095
vn 1.00000000 0.00002716 0.00000014
vn 1.00000000 0.00002716 0.00000014
vn 1.00000000 0.00002716 0.00000014
vn 1.00000000 0.00002335 -0.00000037
vn 1.00000000 0.00002335 -0.00000037
vn 1.00000000 0.00002335 -0.00000037
vn 1.00000000 0.00002424 0.00000261
vn 1.00000000 0.00002424 0.00000261
vn 1.00000000 0.00002424 0.00000261
vn 1.00000000 0.00002496 -0.00000069
vn 1.00000000 0.00002496 -0.00000069
vn 1.00000000 0.00002496 -0.00000069
vn 1.00000000 0.00002300 -0.00000136
vn 1.00000000 0.00002300 -0.00000136
vn 1.00000000 0.00002300 -0.00000136
vn 0.99999999 -0.00008053 0.00013792
vn 0.99999999 -0.00008053 0.00013792
vn 0.99999999 -0.00008053 0.00013792
vn 1.00000000 0.00001063 0.00001856
vn 1.00000000 0.00001063 0.00001856
vn 1.00000000 0.00001063 0.00001856
vn 1.00000000 0.00002441 -0.00000077
vn 1.00000000 0.00002441 -0.00000077
vn 1.00000000 0.00002441 -0.00000077
vn 1.00000000 0.00002383 -0.00000067
vn 1.00000000 0.00002383 -0.00000067
vn 1.00000000 0.00002383 -0.00000067
vn 1.00000000 0.00002133 -0.00000099
vn 1.00000000 0.00002133 -0.00000099
vn 1.00000000 0.00002133 -0.00000099
vn 1.00000000 0.00002393 0.00000128
vn 1.00000000 0.00002393 0.00000128
vn 1.00000000 0.00002393 0.00000128
vn 1.00000000 0.00002191 0.00000145
vn 1.00000000 0.00002191 0.00000145
vn 1.00000000 0.00002191 0.00000145
vn 1.00000000 0.00000000 0.00000000
vn 1.00000000 0.00000000 0.00000000
vn 1.00000000 0.00000000 0.00000000
vn 0.99999999 -0.00016115 0.00000304
vn 0.99999999 -0.00016115 0.00000304
vn 0.99999999 -0.00016115 0.00000304
vn 1.00000000 0.00002391 0.00000168
vn 1.00000000 0.00002391 0.00000168
vn 1.00000000 0.00002391 0.00000168
vn 1.00000000 0.00002739 -0.00000192
vn 1.00000000 0.00002739 -0.00000192
vn 1.00000000 0.00002739 -0.00000192
vn 1.00000000 0.00001503 0.00000196
vn 1.00000000 0.00001503 0.00000196
vn 1.00000000 0.00001503 0.00000196
vn 1.00000000 0.00002444 -0.00000051
vn 1.00000000 0.00002444 -0.00000051
vn 1.00000000 0.00002444 -0.00000051
vn 1.00000000 0.00002429 -0.00000076
vn 1.00000000 0.00002429 -0.00000076
vn 1.00000000 0.00002429 -0.00000076
vn 1.00000000 0.00002373 0.00000040
vn 1.00000000 0.00002373 0.00000040
vn 1.00000000 0.00002373 0.00000040
vn 1.00000000 0.00002195 -0.00000014
vn 1.00000000 0.00002195 -0.00000014
vn 1.00000000 0.00002195 -0.00000014
vn 1.00000000 0.00002157 -0.00000067
vn 1.00000000 0.00002157 -0.00000067
vn 1.00000000 0.00002157 -0.00000067
vn 1.00000000 0.00002601 0.00000041
vn 1.00000000 0.00002601 0.00000041
vn 1.00000000 0.00002601 0.00000041
vn 1.00000000 0.00002595 -0.00000034
vn 1.00000000 0.00002595 -0.00000034
vn 1.00000000 0.00002595 -0.00000034
vn 1.00000000 0.00002785 0.00000028
vn 1.00000000 0.00002785 0.00000028
vn 1.00000000 0.00002785 0.00000028
vn 1.00000000 0.00002785 0.00000045
vn 1.00000000 0.00002785 0.00000045
vn 1.00000000 0.00002785 0.00000045
vn 1.00000000 0.00002733 0.00000023
vn 1.00000000 0.00002733 0.00000023
vn 1.00000000 0.00002733 0.00000023
vn 1.00000000 0.00002742 0.00000061
vn 1.00000000 0.00002742 0.00000061
vn 1.00000000 0.00002742 0.00000061
vn 1.00000000 0.00002513 -0.00000049
vn 1.00000000 0.00002513 -0.00000049
vn 1.00000000 0.00002513 -0.00000049
vn 1.00000000 0.00002633 0.00000208
vn 1.00000000 0.00002633 0.00000208
vn 1.00000000 0.00002633 0.00000208
vn 1.00000000 0.00002268 -0.00000080
vn 1.00000000 0.00002268 -0.00000080
vn 1.00000000 0.00002268 -0.00000080
vn 1.00000000 0.00002184 0.00000061
vn 1.00000000 0.00002184 0.00000061
vn 1.00000000 0.00002184 0.00000061
vn 1.00000000 0.00002011 -0.00000256
vn 1.00000000 0.00002011 -0.00000256
vn 1.00000000 0.00002011 -0.00000256
vn 1.00000000 0.00002586 0.00000125
vn 1.00000000 0.00002586 0.00000125
vn 1.00000000 0.00002586 0.00000125
vn 1.00000000 0.00002661 -0.00000469
vn 1.00000000 0.00002661 -0.00000469
vn 1.00000000 0.00002661 -0.00000469
vn 1.00000000 0.00002180 -0.00000064
vn 1.00000000 0.00002180 -0.00000064
vn 1.00000000 0.00002180 -0.00000064
vn 1.00000000 0.00002202 -0.00000029
vn 1.00000000 0.00002202 -0.00000029
vn 1.00000000 0.00002202 -0.00000029
vn 1.00000000 0.00002358 -0.00000181
vn 1.00000000 0.00002358 -0.00000181
vn 1.00000000 0.00002358 -0.00000181
vn 1.00000000 0.00002477 0.00000207
vn 1.00000000 0.00002477 0.00000207
vn 1.00000000 0.00002477 0.00000207
vn 1.00000000 0.00002510 0.00000107
vn 1.00000000 0.00002510 0.00000107
vn 1.00000000 0.00002510 0.00000107
vn 1.00000000 0.00002499 0.00000084
vn 1.00000000 0.00002499 0.00000084
vn 1.00000000 0.00002499 0.00000084
vn 0.39996964 -0.86690016 -0.29750361
vn 0.39996964 -0.86690016 -0.29750361
vn 0.39996964 -0.86690016 -0.29750361
vn 0.45264509 -0.89086438 -0.03838078
vn 0.45264509 -0.89086438 -0.03838078
vn 0.45264509 -0.89086438 -0.03838078
vn 0.38217961 -0.91598812 -0.12208399
vn 0.38217961 -0.91598812 -0.12208399
vn 0.38217961 -0.91598812 -0.12208399
vn 0.65186646 -0.74916854 -0.11754410
vn 0.65186646 -0.74916854 -0.11754410
vn 0.65186646 -0.74916854 -0.11754410
vn 0.41191993 -0.89252594 -0.18362849
vn 0.41191993 -0.89252594 -0.18362849
vn 0.41191993 -0.89252594 -0.18362849
vn 0.29259925 -0.92160032 -0.25502653
vn 0.29259925 -0.92160032 -0.25502653
vn 0.29259925 -0.92160032 -0.25502653
vn 0.53917780 -0.82446682 -0.17187718
vn 0.53917780 -0.82446682 -0.17187718
vn 0.53917780 -0.82446682 -0.17187718
vn 0.06345675 -0.98550120 -0.15735507
vn 0.06345675 -0.98550120 -0.15735507
vn 0.06345675 -0.98550120 -0.15735507
vn 0.51814990 -0.85016433 -0.09349486
vn 0.51814990 -0.85016433 -0.09349486
vn 0.51814990 -0.85016433 -0.09349486
vn 0.31702705 -0.94717562 -0.04849935
vn 0.31702705 -0.94717562 -0.04849935
vn 0.31702705 -0.94717562 -0.04849935
vn 0.41894899 -0.90753506 -0.02935738
vn 0.41894899 -0.90753506 -0.02935738
vn 0.41894899 -0.90753506 -0.02935738
vn 0.40805316 -0.88410496 -0.22770825
vn 0.40805316 -0.88410496 -0.22770825
vn 0.40805316 -0.88410496 -0.22770825
vn 0.68264745 -0.69604800 -0.22250761
vn 0.68264745 -0.69604800 -0.22250761
vn 0.68264745 -0.69604800 -0.22250761
vn 0.06971955 -0.95373000 -0.29246925
vn 0.06971955 -0.95373000 -0.29246925
vn 0.06971955 -0.95373000 -0.29246925
vn 0.40156058 -0.86572056 -0.29879259
vn 0.40156058 -0.86572056 -0.29879259
vn 0.40156058 -0.86572056 -0.29879259
vn 0.39602519 -0.85344632 0.33881177
vn 0.39602519 -0.85344632 0.33881177
vn 0.39602519 -0.85344632 0.33881177
vn 0.45937379 -0.88743706 0.03783101
vn 0.45937379 -0.88743706 0.03783101
vn 0.45937379 -0.88743706 0.03783101
vn 0.41877577 -0.90716129 0.04105174
vn 0.41877577 -0.90716129 0.04105174
vn 0.41877577 -0.90716129 0.04105174
vn 0.38629064 -0.91562701 0.11138542
vn 0.38629064 -0.91562701 0.11138542
vn 0.38629064 -0.91562701 0.11138542
vn 0.67600993 -0.72801031 0.11406824
vn 0.67600993 -0.72801031 0.11406824
vn 0.67600993 -0.72801031 0.11406824
vn 0.23993747 -0.95005059 0.19958429
vn 0.23993747 -0.95005059 0.19958429
vn 0.23993747 -0.95005059 0.19958429
vn 0.39471175 -0.85574150 0.33452819
vn 0.39471175 -0.85574150 0.33452819
vn 0.39471175 -0.85574150 0.33452819
vn 0.60838638 -0.75605371 0.24134788
vn 0.60838638 -0.75605371 0.24134788
vn 0.60838638 -0.75605371 0.24134788
vn 0.62706185 -0.74240221 0.23586519
vn 0.62706185 -0.74240221 0.23586519
vn 0.62706185 -0.74240221 0.23586519
vn 0.10974839 -0.95012329 0.29192641
vn 0.10974839 -0.95012329 0.29192641
vn 0.10974839 -0.95012329 0.29192641
vn 0.32984511 -0.89673779 0.29506531
vn 0.32984511 -0.89673779 0.29506531
vn 0.32984511 -0.89673779 0.29506531
vn 0.38322222 -0.92282430 0.03919242
vn 0.38322222 -0.92282430 0.03919242
vn 0.38322222 -0.92282430 0.03919242
vn 0.44800395 -0.88628996 0.11739919
vn 0.44800395 -0.88628996 0.11739919
vn 0.44800395 -0.88628996 0.11739919
vn 0.10022498 -0.98254117 0.15674121
vn 0.10022498 -0.98254117 0.15674121
vn 0.10022498 -0.98254117 0.15674121
vn 0.41194560 -0.89255347 0.18343698
vn 0.41194560 -0.89255347 0.18343698
vn 0.41194560 -0.89255347 0.18343698
vn 0.40852356 -0.88500730 0.22331720
vn 0.40852356 -0.88500730 0.22331720
vn 0.40852356 -0.88500730 0.22331720
vn 0.25051027 -0.52328179 0.81450646
vn 0.25051027 -0.52328179 0.81450646
vn 0.25051027 -0.52328179 0.81450646
vn 0.22682398 -0.48423116 0.84502726
vn 0.22682398 -0.48423116 0.84502726
vn 0.22682398 -0.48423116 0.84502726
vn 0.22666862 -0.48388176 0.84526906
vn 0.22666862 -0.48388176 0.84526906
vn 0.22666862 -0.48388176 0.84526906
vn 0.22673759 -0.48399899 0.84518344
vn 0.22673759 -0.48399899 0.84518344
vn 0.22673759 -0.48399899 0.84518344
vn 0.21286738 -0.45281975 0.86581854
vn 0.21286738 -0.45281975 0.86581854
vn 0.21286738 -0.45281975 0.86581854
vn 0.21542087 -0.45270373 0.86524747
vn 0.21542087 -0.45270373 0.86524747
vn 0.21542087 -0.45270373 0.86524747
vn 0.19945183 -0.41695540 0.88677345
vn 0.19945183 -0.41695540 0.88677345
vn 0.19945183 -0.41695540 0.88677345
vn 0.26522899 -0.38723097 0.88300949
vn 0.26522899 -0.38723097 0.88300949
vn 0.26522899 -0.38723097 0.88300949
vn -0.01191073 -0.38102718 0.92448711
vn -0.01191073 -0.38102718 0.92448711
vn -0.01191073 -0.38102718 0.92448711
vn 0.13138563 -0.28434715 0.94967600
vn 0.13138563 -0.28434715 0.94967600
vn 0.13138563 -0.28434715 0.94967600
vn -0.02525759 -0.29564117 0.95496510
vn -0.02525759 -0.29564117 0.95496510
vn -0.02525759 -0.29564117 0.95496510
vn 0.25851289 -0.32670626 0.90908421
vn 0.25851289 -0.32670626 0.90908421
vn 0.25851289 -0.32670626 0.90908421
vn 0.29146551 -0.32681239 0.89902254
vn 0.29146551 -0.32681239 0.89902254
vn 0.29146551 -0.32681239 0.89902254
vn 0.14456772 -0.33765121 0.93010313
vn 0.14456772 -0.33765121 0.93010313
vn 0.14456772 -0.33765121 0.93010313
vn 0.15288974 -0.28472842 0.94633739
vn 0.15288974 -0.28472842 0.94633739
vn 0.15288974 -0.28472842 0.94633739
vn 0.24249362 -0.52404907 0.81643702
vn 0.24249362 -0.52404907 0.81643702
vn 0.24249362 -0.52404907 0.81643702
vn 0.19067120 -0.53342498 0.82407662
vn 0.19067120 -0.53342498 0.82407662
vn 0.19067120 -0.53342498 0.82407662
vn 0.23039233 -0.48346538 0.84450021
vn 0.23039233 -0.48346538 0.84450021
vn 0.23039233 -0.48346538 0.84450021
vn 0.23539954 -0.47749816 0.84651200
vn 0.23539954 -0.47749816 0.84651200
vn 0.23539954 -0.47749816 0.84651200
vn 0.13134144 -0.45910522 0.87861927
vn 0.13134144 -0.45910522 0.87861927
vn 0.13134144 -0.45910522 0.87861927
vn 0.35147428 -0.41189028 0.84072126
vn 0.35147428 -0.41189028 0.84072126
vn 0.35147428 -0.41189028 0.84072126
vn 0.08533222 -0.39961626 0.91270217
vn 0.08533222 -0.39961626 0.91270217
vn 0.08533222 -0.39961626 0.91270217
vn 0.12657176 -0.39199452 0.91121890
vn 0.12657176 -0.39199452 0.91121890
vn 0.12657176 -0.39199452 0.91121890
vn 0.28409337 -0.33578160 0.89807665
vn 0.28409337 -0.33578160 0.89807665
vn 0.28409337 -0.33578160 0.89807665
vn -0.41088931 0.88434119 -0.22160917
vn -0.41088931 0.88434119 -0.22160917
vn -0.41088931 0.88434119 -0.22160917
vn -0.41080987 0.90202565 -0.13260834
vn -0.41080987 0.90202565 -0.13260834
vn -0.41080987 0.90202565 -0.13260834
vn -0.41441531 0.89862212 -0.14400780
vn -0.41441531 0.89862212 -0.14400780
vn -0.41441531 0.89862212 -0.14400780
vn -0.41897759 0.90697177 -0.04312762
vn -0.41897759 0.90697177 -0.04312762
vn -0.41897759 0.90697177 -0.04312762
vn -0.41875196 0.90711575 -0.04228252
vn -0.41875196 0.90711575 -0.04228252
vn -0.41875196 0.90711575 -0.04228252
vn -0.38749622 0.86967023 -0.30581100
vn -0.38749622 0.86967023 -0.30581100
vn -0.38749622 0.86967023 -0.30581100
vn -0.40856282 0.87449447 -0.26141126
vn -0.40856282 0.87449447 -0.26141126
vn -0.40856282 0.87449447 -0.26141126
vn -0.40035361 0.86744990 -0.29537714
vn -0.40035361 0.86744990 -0.29537714
vn -0.40035361 0.86744990 -0.29537714
vn -0.41975918 0.90679936 -0.03895070
vn -0.41975918 0.90679936 -0.03895070
vn -0.41975918 0.90679936 -0.03895070
vn -0.41534386 0.90195692 -0.11816594
vn -0.41534386 0.90195692 -0.11816594
vn -0.41534386 0.90195692 -0.11816594
vn -0.42002649 0.89608032 -0.14358904
vn -0.42002649 0.89608032 -0.14358904
vn -0.42002649 0.89608032 -0.14358904
vn -0.41203383 0.89269509 -0.18254752
vn -0.41203383 0.89269509 -0.18254752
vn -0.41203383 0.89269509 -0.18254752
vn -0.40821318 0.88431274 -0.22661197
vn -0.40821318 0.88431274 -0.22661197
vn -0.40821318 0.88431274 -0.22661197
vn -0.41538818 0.90353243 0.10527014
vn -0.41538818 0.90353243 0.10527014
vn -0.41538818 0.90353243 0.10527014
vn -0.42098748 0.90639583 0.03487328
vn -0.42098748 0.90639583 0.03487328
vn -0.42098748 0.90639583 0.03487328
vn -0.41875171 0.90711538 0.04229295
vn -0.41875171 0.90711538 0.04229295
vn -0.41875171 0.90711538 0.04229295
vn -0.40929194 0.90338090 0.12799633
vn -0.40929194 0.90338090 0.12799633
vn -0.40929194 0.90338090 0.12799633
vn -0.41145575 0.89327795 0.18099355
vn -0.41145575 0.89327795 0.18099355
vn -0.41145575 0.89327795 0.18099355
vn -0.40667068 0.87413806 0.26552140
vn -0.40667068 0.87413806 0.26552140
vn -0.40667068 0.87413806 0.26552140
vn -0.41126217 0.89379575 0.17886474
vn -0.41126217 0.89379575 0.17886474
vn -0.41126217 0.89379575 0.17886474
vn -0.42037350 0.89592119 0.14356650
vn -0.42037350 0.89592119 0.14356650
vn -0.42037350 0.89592119 0.14356650
vn -0.41435829 0.89864716 0.14401561
vn -0.41435829 0.89864716 0.14401561
vn -0.41435829 0.89864716 0.14401561
vn -0.41901723 0.90694583 0.04328764
vn -0.41901723 0.90694583 0.04328764
vn -0.41901723 0.90694583 0.04328764
vn -0.40307033 0.87341983 0.27326196
vn -0.40307033 0.87341983 0.27326196
vn -0.40307033 0.87341983 0.27326196
vn -0.41495063 0.85128170 0.32114708
vn -0.41495063 0.85128170 0.32114708
vn -0.41495063 0.85128170 0.32114708
vn -0.40634354 0.87621523 0.25909803
vn -0.40634354 0.87621523 0.25909803
vn -0.40634354 0.87621523 0.25909803
vn -0.01091769 -0.08492496 -0.99632753
vn -0.01091769 -0.08492496 -0.99632753
vn -0.01091769 -0.08492496 -0.99632753
vn 0.01897617 -0.05269107 -0.99843055
vn 0.01897617 -0.05269107 -0.99843055
vn 0.01897617 -0.05269107 -0.99843055
vn 0.01176420 -0.05388774 -0.99847770
vn 0.01176420 -0.05388774 -0.99847770
vn 0.01176420 -0.05388774 -0.99847770
vn 0.01021135 -0.05318381 -0.99853253
vn 0.01021135 -0.05318381 -0.99853253
vn 0.01021135 -0.05318381 -0.99853253
vn -0.05976751 -0.05314727 -0.99679647
vn -0.05976751 -0.05314727 -0.99679647
vn -0.05976751 -0.05314727 -0.99679647
vn -0.01260807 -0.08060780 -0.99666615
vn -0.01260807 -0.08060780 -0.99666615
vn -0.01260807 -0.08060780 -0.99666615
vn -0.09918869 -0.00929481 -0.99502523
vn -0.09918869 -0.00929481 -0.99502523
vn -0.09918869 -0.00929481 -0.99502523
vn -0.13047097 -0.00836885 -0.99141681
vn -0.13047097 -0.00836885 -0.99141681
vn -0.13047097 -0.00836885 -0.99141681
vn -0.14867585 -0.00504454 -0.98887312
vn -0.14867585 -0.00504454 -0.98887312
vn -0.14867585 -0.00504454 -0.98887312
vn -0.15223345 -0.00425784 -0.98833539
vn -0.15223345 -0.00425784 -0.98833539
vn -0.15223345 -0.00425784 -0.98833539
vn -0.15393920 -0.00386419 -0.98807277
vn -0.15393920 -0.00386419 -0.98807277
vn -0.15393920 -0.00386419 -0.98807277
vn -0.15542583 -0.00349266 -0.98784139
vn -0.15542583 -0.00349266 -0.98784139
vn -0.15542583 -0.00349266 -0.98784139
vn -0.15652807 -0.00320661 -0.98766831
vn -0.15652807 -0.00320661 -0.98766831
vn -0.15652807 -0.00320661 -0.98766831
vn -0.05984488 -0.02990612 -0.99775960
vn -0.05984488 -0.02990612 -0.99775960
vn -0.05984488 -0.02990612 -0.99775960
vn -0.15662344 -0.06060041 -0.98579749
vn -0.15662344 -0.06060041 -0.98579749
vn -0.15662344 -0.06060041 -0.98579749
vn -0.15716703 -0.06076726 -0.98570070
vn -0.15716703 -0.06076726 -0.98570070
vn -0.15716703 -0.06076726 -0.98570070
vn -0.15510997 -0.06034971 -0.98605213
vn -0.15510997 -0.06034971 -0.98605213
vn -0.15510997 -0.06034971 -0.98605213
vn -0.15755524 -0.06087896 -0.98563183
vn -0.15755524 -0.06087896 -0.98563183
vn -0.15755524 -0.06087896 -0.98563183
vn -0.15760139 -0.06089179 -0.98562366
vn -0.15760139 -0.06089179 -0.98562366
vn -0.15760139 -0.06089179 -0.98562366
vn -0.15733280 -0.06082225 -0.98567086
vn -0.15733280 -0.06082225 -0.98567086
vn -0.15733280 -0.06082225 -0.98567086
vn -0.15713805 -0.06077369 -0.98570492
vn -0.15713805 -0.06077369 -0.98570492
vn -0.15713805 -0.06077369 -0.98570492
vn -0.15657525 -0.06064415 -0.98580245
vn -0.15657525 -0.06064415 -0.98580245
vn -0.15657525 -0.06064415 -0.98580245
vn -0.15588486 -0.06049844 -0.98592081
vn -0.15588486 -0.06049844 -0.98592081
vn -0.15588486 -0.06049844 -0.98592081
vn -0.15448717 -0.06024207 -0.98615648
vn -0.15448717 -0.06024207 -0.98615648
vn -0.15448717 -0.06024207 -0.98615648
vn -0.15379322 -0.06012873 -0.98627186
vn -0.15379322 -0.06012873 -0.98627186
vn -0.15379322 -0.06012873 -0.98627186
vn -0.14882255 -0.05941133 -0.98707758
vn -0.14882255 -0.05941133 -0.98707758
vn -0.14882255 -0.05941133 -0.98707758
vn -0.03534694 0.01760669 -0.99922000
vn -0.03534694 0.01760669 -0.99922000
vn -0.03534694 0.01760669 -0.99922000
vn -0.02843760 -0.00090443 -0.99959516
vn -0.02843760 -0.00090443 -0.99959516
vn -0.02843760 -0.00090443 -0.99959516
vn -0.00062066 0.01918283 -0.99981580
vn -0.00062066 0.01918283 -0.99981580
vn -0.00062066 0.01918283 -0.99981580
vn -0.00016485 -0.02183058 -0.99976167
vn -0.00016485 -0.02183058 -0.99976167
vn -0.00016485 -0.02183058 -0.99976167
vn 0.00596089 -0.04858305 -0.99880136
vn 0.00596089 -0.04858305 -0.99880136
vn 0.00596089 -0.04858305 -0.99880136
vn -0.99240927 -0.12294988 -0.00267636
vn -0.99240927 -0.12294988 -0.00267636
vn -0.99240927 -0.12294988 -0.00267636
vn -0.81864021 0.01475075 -0.57411726
vn -0.81864021 0.01475075 -0.57411726
vn -0.81864021 0.01475075 -0.57411726
vn -0.03683920 -0.02330231 -0.99904949
vn -0.03683920 -0.02330231 -0.99904949
vn -0.03683920 -0.02330231 -0.99904949
vn -0.01172421 -0.00168857 -0.99992984
vn -0.01172421 -0.00168857 -0.99992984
vn -0.01172421 -0.00168857 -0.99992984
vn -0.05250049 -0.01603019 -0.99849223
vn -0.05250049 -0.01603019 -0.99849223
vn -0.05250049 -0.01603019 -0.99849223
vn -0.05475359 -0.01580478 -0.99837481
vn -0.05475359 -0.01580478 -0.99837481
vn -0.05475359 -0.01580478 -0.99837481
vn -0.08357433 -0.02014189 -0.99629797
vn -0.08357433 -0.02014189 -0.99629797
vn -0.08357433 -0.02014189 -0.99629797
vn -0.08878708 -0.01955050 -0.99585874
vn -0.08878708 -0.01955050 -0.99585874
vn -0.08878708 -0.01955050 -0.99585874
vn -0.29870079 -0.01743306 -0.95418757
vn -0.29870079 -0.01743306 -0.95418757
vn -0.29870079 -0.01743306 -0.95418757
vn -0.21676595 -0.01879380 -0.97604268
vn -0.21676595 -0.01879380 -0.97604268
vn -0.21676595 -0.01879380 -0.97604268
vn -0.21499580 -0.01925939 -0.97642505
vn -0.21499580 -0.01925939 -0.97642505
vn -0.21499580 -0.01925939 -0.97642505
vn -0.62197360 -0.01059333 -0.78296655
vn -0.62197360 -0.01059333 -0.78296655
vn -0.62197360 -0.01059333 -0.78296655
vn -0.55584429 -0.00336449 -0.83127962
vn -0.55584429 -0.00336449 -0.83127962
vn -0.55584429 -0.00336449 -0.83127962
vn -0.43658359 -0.01370384 -0.89955932
vn -0.43658359 -0.01370384 -0.89955932
vn -0.43658359 -0.01370384 -0.89955932
vn -0.56160376 -0.00175806 -0.82740445
vn -0.56160376 -0.00175806 -0.82740445
vn -0.56160376 -0.00175806 -0.82740445
vn -0.65663532 0.00092667 -0.75420766
vn -0.65663532 0.00092667 -0.75420766
vn -0.65663532 0.00092667 -0.75420766
vn -0.68691657 0.00739782 -0.72669863
vn -0.68691657 0.00739782 -0.72669863
vn -0.68691657 0.00739782 -0.72669863
vn -0.74493209 0.01653615 -0.66693533
vn -0.74493209 0.01653615 -0.66693533
vn -0.74493209 0.01653615 -0.66693533
vn -0.79998651 0.00286769 -0.60001114
vn -0.79998651 0.00286769 -0.60001114
vn -0.79998651 0.00286769 -0.60001114
vn -0.75821564 0.00794038 -0.65195551
vn -0.75821564 0.00794038 -0.65195551
vn -0.75821564 0.00794038 -0.65195551
vn -0.91634508 0.01488269 -0.40011273
vn -0.91634508 0.01488269 -0.40011273
vn -0.91634508 0.01488269 -0.40011273
vn -0.89125013 0.01971983 -0.45308315
vn -0.89125013 0.01971983 -0.45308315
vn -0.89125013 0.01971983 -0.45308315
vn -0.85552014 0.02308264 -0.51725476
vn -0.85552014 0.02308264 -0.51725476
vn -0.85552014 0.02308264 -0.51725476
vn -0.98978282 0.03899946 -0.13714595
vn -0.98978282 0.03899946 -0.13714595
vn -0.98978282 0.03899946 -0.13714595
vn -0.97615004 0.03615025 -0.21406601
vn -0.97615004 0.03615025 -0.21406601
vn -0.97615004 0.03615025 -0.21406601
vn -0.97344388 0.03275545 -0.22657027
vn -0.97344388 0.03275545 -0.22657027
vn -0.97344388 0.03275545 -0.22657027
vn -0.95109770 0.03394559 -0.30701932
vn -0.95109770 0.03394559 -0.30701932
vn -0.95109770 0.03394559 -0.30701932
vn -0.93343117 0.02370982 -0.35797219
vn -0.93343117 0.02370982 -0.35797219
vn -0.93343117 0.02370982 -0.35797219
vn -0.87644641 0.03578861 -0.48016754
vn -0.87644641 0.03578861 -0.48016754
vn -0.87644641 0.03578861 -0.48016754
vn -0.99944975 0.01358374 -0.03026032
vn -0.99944975 0.01358374 -0.03026032
vn -0.99944975 0.01358374 -0.03026032
vn -0.99916506 0.02753441 -0.03018333
vn -0.99916506 0.02753441 -0.03018333
vn -0.99916506 0.02753441 -0.03018333
vn -0.99601337 0.02573233 -0.08541204
vn -0.99601337 0.02573233 -0.08541204
vn -0.99601337 0.02573233 -0.08541204
vn -0.99273895 0.04140979 -0.11293633
vn -0.99273895 0.04140979 -0.11293633
vn -0.99273895 0.04140979 -0.11293633
vn -0.99743399 0.04173698 -0.05816753
vn -0.99743399 0.04173698 -0.05816753
vn -0.99743399 0.04173698 -0.05816753
vn -0.99861810 0.04017763 -0.03387701
vn -0.99861810 0.04017763 -0.03387701
vn -0.99861810 0.04017763 -0.03387701
vn -0.99866643 0.04476879 -0.02571227
vn -0.99866643 0.04476879 -0.02571227
vn -0.99866643 0.04476879 -0.02571227
vn -0.99662488 -0.07851797 -0.02395372
vn -0.99662488 -0.07851797 -0.02395372
vn -0.99662488 -0.07851797 -0.02395372
vn -0.99207286 -0.11827900 -0.04244431
vn -0.99207286 -0.11827900 -0.04244431
vn -0.99207286 -0.11827900 -0.04244431
vn -0.99332378 -0.11169593 -0.02884243
vn -0.99332378 -0.11169593 -0.02884243
vn -0.99332378 -0.11169593 -0.02884243
vn -0.99275295 -0.11880666 -0.01807113
vn -0.99275295 -0.11880666 -0.01807113
vn -0.99275295 -0.11880666 -0.01807113
vn -0.99249349 -0.12201090 -0.00836783
vn -0.99249349 -0.12201090 -0.00836783
vn -0.99249349 -0.12201090 -0.00836783
vn -0.98830764 -0.10110772 -0.11412816
vn -0.98830764 -0.10110772 -0.11412816
vn -0.98830764 -0.10110772 -0.11412816
vn -0.98851831 -0.10858657 -0.10507385
vn -0.98851831 -0.10858657 -0.10507385
vn -0.98851831 -0.10858657 -0.10507385
vn -0.99090577 -0.11640570 -0.06749422
vn -0.99090577 -0.11640570 -0.06749422
vn -0.99090577 -0.11640570 -0.06749422
vn -0.91951094 -0.10292139 -0.37935052
vn -0.91951094 -0.10292139 -0.37935052
vn -0.91951094 -0.10292139 -0.37935052
vn -0.91922424 -0.10257555 -0.38013821
vn -0.91922424 -0.10257555 -0.38013821
vn -0.91922424 -0.10257555 -0.38013821
vn -0.94080972 -0.11292031 -0.31957172
vn -0.94080972 -0.11292031 -0.31957172
vn -0.94080972 -0.11292031 -0.31957172
vn -0.96454635 -0.11293496 -0.23852888
vn -0.96454635 -0.11293496 -0.23852888
vn -0.96454635 -0.11293496 -0.23852888
vn -0.96311620 -0.10874233 -0.24613469
vn -0.96311620 -0.10874233 -0.24613469
vn -0.96311620 -0.10874233 -0.24613469
vn -0.97872013 -0.11589591 -0.16933705
vn -0.97872013 -0.11589591 -0.16933705
vn -0.97872013 -0.11589591 -0.16933705
vn -0.83250148 -0.10251045 -0.54445652
vn -0.83250148 -0.10251045 -0.54445652
vn -0.83250148 -0.10251045 -0.54445652
vn -0.86778499 -0.11265145 -0.48400295
vn -0.86778499 -0.11265145 -0.48400295
vn -0.86778499 -0.11265145 -0.48400295
vn -0.89275771 -0.11111617 -0.43661983
vn -0.89275771 -0.11111617 -0.43661983
vn -0.89275771 -0.11111617 -0.43661983
vn -0.64579861 -0.10260142 -0.75658252
vn -0.64579861 -0.10260142 -0.75658252
vn -0.64579861 -0.10260142 -0.75658252
vn -0.62025639 -0.08526556 -0.77975111
vn -0.62025639 -0.08526556 -0.77975111
vn -0.62025639 -0.08526556 -0.77975111
vn -0.69568789 -0.10599480 -0.71048115
vn -0.69568789 -0.10599480 -0.71048115
vn -0.69568789 -0.10599480 -0.71048115
vn -0.72550254 -0.10947289 -0.67945695
vn -0.72550254 -0.10947289 -0.67945695
vn -0.72550254 -0.10947289 -0.67945695
vn -0.29547606 -0.09446406 -0.95066842
vn -0.29547606 -0.09446406 -0.95066842
vn -0.29547606 -0.09446406 -0.95066842
vn -0.39177809 -0.10716010 -0.91379792
vn -0.39177809 -0.10716010 -0.91379792
vn -0.39177809 -0.10716010 -0.91379792
vn -0.45318881 -0.09073373 -0.88678481
vn -0.45318881 -0.09073373 -0.88678481
vn -0.45318881 -0.09073373 -0.88678481
vn -0.49355002 -0.10393314 -0.86348496
vn -0.49355002 -0.10393314 -0.86348496
vn -0.49355002 -0.10393314 -0.86348496
vn -0.54938672 -0.10662134 -0.82873767
vn -0.54938672 -0.10662134 -0.82873767
vn -0.54938672 -0.10662134 -0.82873767
vn -0.07172078 -0.09282588 -0.99309591
vn -0.07172078 -0.09282588 -0.99309591
vn -0.07172078 -0.09282588 -0.99309591
vn -0.09620279 -0.09917578 -0.99040860
vn -0.09620279 -0.09917578 -0.99040860
vn -0.09620279 -0.09917578 -0.99040860
vn -0.11970340 -0.09191566 -0.98854570
vn -0.11970340 -0.09191566 -0.98854570
vn -0.11970340 -0.09191566 -0.98854570
vn -0.15091356 -0.09832629 -0.98364477
vn -0.15091356 -0.09832629 -0.98364477
vn -0.15091356 -0.09832629 -0.98364477
vn -0.18951309 -0.09153407 -0.97760232
vn -0.18951309 -0.09153407 -0.97760232
vn -0.18951309 -0.09153407 -0.97760232
vn -0.21152286 -0.09935231 -0.97231024
vn -0.21152286 -0.09935231 -0.97231024
vn -0.21152286 -0.09935231 -0.97231024
vn -0.29068629 -0.09643056 -0.95194676
vn -0.29068629 -0.09643056 -0.95194676
vn -0.29068629 -0.09643056 -0.95194676
vn 0.01894765 -0.07808872 -0.99676634
vn 0.01894765 -0.07808872 -0.99676634
vn 0.01894765 -0.07808872 -0.99676634
vn 0.01019938 -0.07743952 -0.99694488
vn 0.01019938 -0.07743952 -0.99694488
vn 0.01019938 -0.07743952 -0.99694488
vn -0.00142361 -0.07338877 -0.99730239
vn -0.00142361 -0.07338877 -0.99730239
vn -0.00142361 -0.07338877 -0.99730239
vn -0.01091325 -0.08886798 -0.99598363
vn -0.01091325 -0.08886798 -0.99598363
vn -0.01091325 -0.08886798 -0.99598363
vn -0.05600676 -0.07889648 -0.99530829
vn -0.05600676 -0.07889648 -0.99530829
vn -0.05600676 -0.07889648 -0.99530829
vn -0.00184524 -0.04975788 -0.99875961
vn -0.00184524 -0.04975788 -0.99875961
vn -0.00184524 -0.04975788 -0.99875961
vn -0.01680578 -0.04562010 -0.99881749
vn -0.01680578 -0.04562010 -0.99881749
vn -0.01680578 -0.04562010 -0.99881749
vn 0.00889985 -0.05383548 -0.99851016
vn 0.00889985 -0.05383548 -0.99851016
vn 0.00889985 -0.05383548 -0.99851016
vn 0.01474207 -0.05673598 -0.99828037
vn 0.01474207 -0.05673598 -0.99828037
vn 0.01474207 -0.05673598 -0.99828037
vn 0.01671523 -0.05785185 -0.99818524
vn 0.01671523 -0.05785185 -0.99818524
vn 0.01671523 -0.05785185 -0.99818524
vn 0.01576781 -0.05728198 -0.99823352
vn 0.01576781 -0.05728198 -0.99823352
vn 0.01576781 -0.05728198 -0.99823352
vn 0.01333291 -0.05544513 -0.99837271
vn 0.01333291 -0.05544513 -0.99837271
vn 0.01333291 -0.05544513 -0.99837271
vn 0.00974651 -0.05245769 -0.99857558
vn 0.00974651 -0.05245769 -0.99857558
vn 0.00974651 -0.05245769 -0.99857558
vn -0.04556437 0.00285615 -0.99895732
vn -0.04556437 0.00285615 -0.99895732
vn -0.04556437 0.00285615 -0.99895732
vn -0.00335539 -0.00523630 -0.99998066
vn -0.00335539 -0.00523630 -0.99998066
vn -0.00335539 -0.00523630 -0.99998066
vn 0.00600947 -0.02341674 -0.99970773
vn 0.00600947 -0.02341674 -0.99970773
vn 0.00600947 -0.02341674 -0.99970773
vn -0.02213483 -0.01848737 -0.99958405
vn -0.02213483 -0.01848737 -0.99958405
vn -0.02213483 -0.01848737 -0.99958405
vn -0.00516194 -0.02555577 -0.99966007
vn -0.00516194 -0.02555577 -0.99966007
vn -0.00516194 -0.02555577 -0.99966007
vn -0.31860607 -0.04495061 -0.94682079
vn -0.31860607 -0.04495061 -0.94682079
vn -0.31860607 -0.04495061 -0.94682079
vn -0.32846355 -0.04764853 -0.94331401
vn -0.32846355 -0.04764853 -0.94331401
vn -0.32846355 -0.04764853 -0.94331401
vn -0.20564156 -0.04892361 -0.97740372
vn -0.20564156 -0.04892361 -0.97740372
vn -0.20564156 -0.04892361 -0.97740372
vn -0.20981821 -0.05003506 -0.97645932
vn -0.20981821 -0.05003506 -0.97645932
vn -0.20981821 -0.05003506 -0.97645932
vn -0.13346535 -0.05050349 -0.98976583
vn -0.13346535 -0.05050349 -0.98976583
vn -0.13346535 -0.05050349 -0.98976583
vn 0.00086725 -0.03131538 -0.99950918
vn 0.00086725 -0.03131538 -0.99950918
vn 0.00086725 -0.03131538 -0.99950918
vn 0.00103324 -0.04902518 -0.99879701
vn 0.00103324 -0.04902518 -0.99879701
vn 0.00103324 -0.04902518 -0.99879701
vn -0.03262914 -0.04900365 -0.99826549
vn -0.03262914 -0.04900365 -0.99826549
vn -0.03262914 -0.04900365 -0.99826549
vn -0.05925215 -0.05585570 -0.99667915
vn -0.05925215 -0.05585570 -0.99667915
vn -0.05925215 -0.05585570 -0.99667915
vn -0.07840592 -0.05114042 -0.99560894
vn -0.07840592 -0.05114042 -0.99560894
vn -0.07840592 -0.05114042 -0.99560894
vn -0.13512074 -0.05093788 -0.98951893
vn -0.13512074 -0.05093788 -0.98951893
vn -0.13512074 -0.05093788 -0.98951893
vn -0.14069024 -0.01785965 -0.98989256
vn -0.14069024 -0.01785965 -0.98989256
vn -0.14069024 -0.01785965 -0.98989256
vn -0.13490667 -0.01949822 -0.99066645
vn -0.13490667 -0.01949822 -0.99066645
vn -0.13490667 -0.01949822 -0.99066645
vn -0.99961842 -0.01132363 -0.02519523
vn -0.99961842 -0.01132363 -0.02519523
vn -0.99961842 -0.01132363 -0.02519523
vn -0.99924207 0.00679173 -0.03832958
vn -0.99924207 0.00679173 -0.03832958
vn -0.99924207 0.00679173 -0.03832958
vn -0.99613549 0.00638775 -0.08759732
vn -0.99613549 0.00638775 -0.08759732
vn -0.99613549 0.00638775 -0.08759732
vn -0.99345806 0.01325736 -0.11342538
vn -0.99345806 0.01325736 -0.11342538
vn -0.99345806 0.01325736 -0.11342538
vn -0.35859685 -0.02521008 -0.93315205
vn -0.35859685 -0.02521008 -0.93315205
vn -0.35859685 -0.02521008 -0.93315205
vn -0.33288163 -0.02029139 -0.94275028
vn -0.33288163 -0.02029139 -0.94275028
vn -0.33288163 -0.02029139 -0.94275028
vn -0.46544796 -0.00639912 -0.88505212
vn -0.46544796 -0.00639912 -0.88505212
vn -0.46544796 -0.00639912 -0.88505212
vn -0.46032355 -0.04265963 -0.88672565
vn -0.46032355 -0.04265963 -0.88672565
vn -0.46032355 -0.04265963 -0.88672565
vn -0.55481363 -0.05519255 -0.83014193
vn -0.55481363 -0.05519255 -0.83014193
vn -0.55481363 -0.05519255 -0.83014193
vn -0.48957399 -0.03571255 -0.87123012
vn -0.48957399 -0.03571255 -0.87123012
vn -0.48957399 -0.03571255 -0.87123012
vn -0.65340519 -0.03144925 -0.75635481
vn -0.65340519 -0.03144925 -0.75635481
vn -0.65340519 -0.03144925 -0.75635481
vn -0.63226910 -0.02833849 -0.77423040
vn -0.63226910 -0.02833849 -0.77423040
vn -0.63226910 -0.02833849 -0.77423040
vn -0.74198506 -0.02462578 -0.66996398
vn -0.74198506 -0.02462578 -0.66996398
vn -0.74198506 -0.02462578 -0.66996398
vn -0.72412960 -0.02169688 -0.68932254
vn -0.72412960 -0.02169688 -0.68932254
vn -0.72412960 -0.02169688 -0.68932254
vn -0.81697143 -0.01791926 -0.57639967
vn -0.81697143 -0.01791926 -0.57639967
vn -0.81697143 -0.01791926 -0.57639967
vn -0.80375535 -0.01540795 -0.59476040
vn -0.80375535 -0.01540795 -0.59476040
vn -0.80375535 -0.01540795 -0.59476040
vn -0.87529923 -0.01195906 -0.48343380
vn -0.87529923 -0.01195906 -0.48343380
vn -0.87529923 -0.01195906 -0.48343380
vn -0.86645824 -0.00994500 -0.49915050
vn -0.86645824 -0.00994500 -0.49915050
vn -0.86645824 -0.00994500 -0.49915050
vn -0.93312414 -0.00599986 -0.35950431
vn -0.93312414 -0.00599986 -0.35950431
vn -0.93312414 -0.00599986 -0.35950431
vn -0.92870856 -0.00293245 -0.37079887
vn -0.92870856 -0.00293245 -0.37079887
vn -0.92870856 -0.00293245 -0.37079887
vn -0.97374471 0.00036808 -0.22764250
vn -0.97374471 0.00036808 -0.22764250
vn -0.97374471 0.00036808 -0.22764250
vn -0.97187348 0.00243600 -0.23549101
vn -0.97187348 0.00243600 -0.23549101
vn -0.97187348 0.00243600 -0.23549101
vn -0.98941343 0.00405525 -0.14506760
vn -0.98941343 0.00405525 -0.14506760
vn -0.98941343 0.00405525 -0.14506760
vn -0.77545241 -0.11093756 -0.62158380
vn -0.77545241 -0.11093756 -0.62158380
vn -0.77545241 -0.11093756 -0.62158380
vn -0.81819686 -0.09447526 -0.56712285
vn -0.81819686 -0.09447526 -0.56712285
vn -0.81819686 -0.09447526 -0.56712285
vn -0.81805737 -0.09608251 -0.56705405
vn -0.81805737 -0.09608251 -0.56705405
vn -0.81805737 -0.09608251 -0.56705405
vn -0.99686019 -0.07386629 -0.02852258
vn -0.99686019 -0.07386629 -0.02852258
vn -0.99686019 -0.07386629 -0.02852258
vn -0.99351439 -0.07441989 -0.08596994
vn -0.99351439 -0.07441989 -0.08596994
vn -0.99351439 -0.07441989 -0.08596994
vn -0.98940011 -0.08967341 -0.11421954
vn -0.98940011 -0.08967341 -0.11421954
vn -0.98940011 -0.08967341 -0.11421954
vn -0.98649180 -0.07307905 -0.14660619
vn -0.98649180 -0.07307905 -0.14660619
vn -0.98649180 -0.07307905 -0.14660619
vn -0.96811223 -0.07450775 -0.23918050
vn -0.96811223 -0.07450775 -0.23918050
vn -0.96811223 -0.07450775 -0.23918050
vn -0.96797933 -0.07417290 -0.23982161
vn -0.96797933 -0.07417290 -0.23982161
vn -0.96797933 -0.07417290 -0.23982161
vn -0.92182420 -0.07627701 -0.38002889
vn -0.92182420 -0.07627701 -0.38002889
vn -0.92182420 -0.07627701 -0.38002889
vn -0.92221163 -0.07685633 -0.37897072
vn -0.92221163 -0.07685633 -0.37897072
vn -0.92221163 -0.07685633 -0.37897072
vn -0.85518584 -0.07857932 -0.51233043
vn -0.85518584 -0.07857932 -0.51233043
vn -0.85518584 -0.07857932 -0.51233043
vn -0.04691146 -0.03908594 -0.99813406
vn -0.04691146 -0.03908594 -0.99813406
vn -0.04691146 -0.03908594 -0.99813406
vn -0.08483052 -0.08850532 -0.99245685
vn -0.08483052 -0.08850532 -0.99245685
vn -0.08483052 -0.08850532 -0.99245685
vn -0.12357784 -0.08925673 -0.98831258
vn -0.12357784 -0.08925673 -0.98831258
vn -0.12357784 -0.08925673 -0.98831258
vn -0.11988449 -0.08728581 -0.98894332
vn -0.11988449 -0.08728581 -0.98894332
vn -0.11988449 -0.08728581 -0.98894332
vn -0.19380393 -0.08908111 -0.97698751
vn -0.19380393 -0.08908111 -0.97698751
vn -0.19380393 -0.08908111 -0.97698751
vn -0.18972402 -0.08683261 -0.97799023
vn -0.18972402 -0.08683261 -0.97799023
vn -0.18972402 -0.08683261 -0.97799023
vn -0.30165238 -0.08972270 -0.94918685
vn -0.30165238 -0.08972270 -0.94918685
vn -0.30165238 -0.08972270 -0.94918685
vn -0.29590407 -0.08641345 -0.95130095
vn -0.29590407 -0.08641345 -0.95130095
vn -0.29590407 -0.08641345 -0.95130095
vn -0.46305853 -0.09026939 -0.88171891
vn -0.46305853 -0.09026939 -0.88171891
vn -0.46305853 -0.09026939 -0.88171891
vn -0.45358179 -0.08437008 -0.88721207
vn -0.45358179 -0.08437008 -0.88721207
vn -0.45358179 -0.08437008 -0.88721207
vn -0.60608294 -0.08712572 -0.79061531
vn -0.60608294 -0.08712572 -0.79061531
vn -0.60608294 -0.08712572 -0.79061531
vn -0.64592100 -0.10109786 -0.75668044
vn -0.64592100 -0.10109786 -0.75668044
vn -0.64592100 -0.10109786 -0.75668044
vn -0.70234151 -0.08227865 -0.70706904
vn -0.70234151 -0.08227865 -0.70706904
vn -0.70234151 -0.08227865 -0.70706904
vn -0.78730793 -0.08231750 -0.61104014
vn -0.78730793 -0.08231750 -0.61104014
vn -0.78730793 -0.08231750 -0.61104014
vn 0.01577212 -0.05955119 -0.99810064
vn 0.01577212 -0.05955119 -0.99810064
vn 0.01577212 -0.05955119 -0.99810064
vn 0.00102970 -0.07537855 -0.99715446
vn 0.00102970 -0.07537855 -0.99715446
vn 0.00102970 -0.07537855 -0.99715446
vn -0.05703349 -0.07548970 -0.99551418
vn -0.05703349 -0.07548970 -0.99551418
vn -0.05703349 -0.07548970 -0.99551418
vn -0.05623705 -0.07507264 -0.99559103
vn -0.05623705 -0.07507264 -0.99559103
vn -0.05623705 -0.07507264 -0.99559103
vn -0.13050123 -0.07565840 -0.98855715
vn -0.13050123 -0.07565840 -0.98855715
vn -0.13050123 -0.07565840 -0.98855715
vn -0.12458304 -0.07407364 -0.98944033
vn -0.12458304 -0.07407364 -0.98944033
vn -0.12458304 -0.07407364 -0.98944033
vn -0.20253924 -0.07468530 -0.97642202
vn -0.20253924 -0.07468530 -0.97642202
vn -0.20253924 -0.07468530 -0.97642202
vn -0.19497226 -0.07261068 -0.97811733
vn -0.19497226 -0.07261068 -0.97811733
vn -0.19497226 -0.07261068 -0.97811733
vn -0.31520213 -0.07334526 -0.94618607
vn -0.31520213 -0.07334526 -0.94618607
vn -0.31520213 -0.07334526 -0.94618607
vn -0.30315902 -0.06993768 -0.95037010
vn -0.30315902 -0.06993768 -0.95037010
vn -0.30315902 -0.06993768 -0.95037010
vn -0.48586188 -0.07001783 -0.87122657
vn -0.48586188 -0.07001783 -0.87122657
vn -0.48586188 -0.07001783 -0.87122657
vn -0.46514523 -0.06376944 -0.88293453
vn -0.46514523 -0.06376944 -0.88293453
vn -0.46514523 -0.06376944 -0.88293453
vn -0.62915384 -0.06264643 -0.77475213
vn -0.62915384 -0.06264643 -0.77475213
vn -0.62915384 -0.06264643 -0.77475213
vn -0.60823201 -0.05934154 -0.79153800
vn -0.60823201 -0.05934154 -0.79153800
vn -0.60823201 -0.05934154 -0.79153800
vn -0.72138786 -0.05755187 -0.69013574
vn -0.72138786 -0.05755187 -0.69013574
vn -0.72138786 -0.05755187 -0.69013574
vn -0.70437894 -0.05462883 -0.70771887
vn -0.70437894 -0.05462883 -0.70771887
vn -0.70437894 -0.05462883 -0.70771887
vn -0.80146648 -0.05230338 -0.59574814
vn -0.80146648 -0.05230338 -0.59574814
vn -0.80146648 -0.05230338 -0.59574814
vn -0.78960049 -0.04999967 -0.61158081
vn -0.78960049 -0.04999967 -0.61158081
vn -0.78960049 -0.04999967 -0.61158081
vn -0.86461578 -0.04749456 -0.50018379
vn -0.86461578 -0.04749456 -0.50018379
vn -0.86461578 -0.04749456 -0.50018379
vn -0.85735931 -0.04584233 -0.51267289
vn -0.85735931 -0.04584233 -0.51267289
vn -0.85735931 -0.04584233 -0.51267289
vn -0.92735867 -0.04247446 -0.37175504
vn -0.92735867 -0.04247446 -0.37175504
vn -0.92735867 -0.04247446 -0.37175504
vn -0.92444257 -0.04049604 -0.37916487
vn -0.92444257 -0.04049604 -0.37916487
vn -0.92444257 -0.04049604 -0.37916487
vn -0.97100458 -0.03738693 -0.23611930
vn -0.97100458 -0.03738693 -0.23611930
vn -0.97100458 -0.03738693 -0.23611930
vn -0.97010811 -0.03641129 -0.23992598
vn -0.97010811 -0.03641129 -0.23992598
vn -0.97010811 -0.03641129 -0.23992598
vn -0.98876222 -0.03464021 -0.14542805
vn -0.98876222 -0.03464021 -0.14542805
vn -0.98876222 -0.03464021 -0.14542805
vn -0.98858985 -0.03432355 -0.14666969
vn -0.98858985 -0.03432355 -0.14666969
vn -0.98858985 -0.03432355 -0.14666969
vn -0.99556967 -0.03347098 -0.08786771
vn -0.99556967 -0.03347098 -0.08786771
vn -0.99556967 -0.03347098 -0.08786771
vn -0.99571790 -0.03395747 -0.08598114
vn -0.99571790 -0.03395747 -0.08598114
vn -0.99571790 -0.03395747 -0.08598114
vn -0.99867958 -0.03350017 -0.03894656
vn -0.99867958 -0.03350017 -0.03894656
vn -0.99867958 -0.03350017 -0.03894656
vn -0.99873897 -0.04177125 -0.02785030
vn -0.99873897 -0.04177125 -0.02785030
vn -0.99873897 -0.04177125 -0.02785030
vn -0.10560623 0.22884066 -0.96771859
vn -0.10560623 0.22884066 -0.96771859
vn -0.10560623 0.22884066 -0.96771859
vn -0.10273168 0.22533438 -0.96885015
vn -0.10273168 0.22533438 -0.96885015
vn -0.10273168 0.22533438 -0.96885015
vn -0.08069423 0.17251795 -0.98169547
vn -0.08069423 0.17251795 -0.98169547
vn -0.08069423 0.17251795 -0.98169547
vn -0.07262498 0.16297488 -0.98395366
vn -0.07262498 0.16297488 -0.98395366
vn -0.07262498 0.16297488 -0.98395366
vn -0.06562836 0.14209147 -0.98767552
vn -0.06562836 0.14209147 -0.98767552
vn -0.06562836 0.14209147 -0.98767552
vn -0.14646815 0.31736159 -0.93692513
vn -0.14646815 0.31736159 -0.93692513
vn -0.14646815 0.31736159 -0.93692513
vn -0.14076721 0.29038956 -0.94649802
vn -0.14076721 0.29038956 -0.94649802
vn -0.14076721 0.29038956 -0.94649802
vn -0.17444121 0.36262715 -0.91546262
vn -0.17444121 0.36262715 -0.91546262
vn -0.17444121 0.36262715 -0.91546262
vn -0.17369193 0.35934785 -0.91689707
vn -0.17369193 0.35934785 -0.91689707
vn -0.17369193 0.35934785 -0.91689707
vn -0.18097316 0.37487184 -0.90924134
vn -0.18097316 0.37487184 -0.90924134
vn -0.18097316 0.37487184 -0.90924134
vn -0.20174597 0.41909167 -0.88524615
vn -0.20174597 0.41909167 -0.88524615
vn -0.20174597 0.41909167 -0.88524615
vn -0.20487236 0.43218403 -0.87820515
vn -0.20487236 0.43218403 -0.87820515
vn -0.20487236 0.43218403 -0.87820515
vn -0.23444653 0.50185202 -0.83257395
vn -0.23444653 0.50185202 -0.83257395
vn -0.23444653 0.50185202 -0.83257395
vn -0.23838734 0.50814827 -0.82762118
vn -0.23838734 0.50814827 -0.82762118
vn -0.23838734 0.50814827 -0.82762118
vn -0.25452246 0.55086321 -0.79483837
vn -0.25452246 0.55086321 -0.79483837
vn -0.25452246 0.55086321 -0.79483837
vn 0.07517795 -0.16281699 -0.98378804
vn 0.07517795 -0.16281699 -0.98378804
vn 0.07517795 -0.16281699 -0.98378804
vn 0.11150007 -0.24145922 -0.96398401
vn 0.11150007 -0.24145922 -0.96398401
vn 0.11150007 -0.24145922 -0.96398401
vn -0.01284857 -0.22618890 -0.97399871
vn -0.01284857 -0.22618890 -0.97399871
vn -0.01284857 -0.22618890 -0.97399871
vn 0.09946537 -0.20659476 -0.97335772
vn 0.09946537 -0.20659476 -0.97335772
vn 0.09946537 -0.20659476 -0.97335772
vn 0.06739965 -0.16235213 -0.98442830
vn 0.06739965 -0.16235213 -0.98442830
vn 0.06739965 -0.16235213 -0.98442830
vn -0.02530619 -0.29563051 -0.95496712
vn -0.02530619 -0.29563051 -0.95496712
vn -0.02530619 -0.29563051 -0.95496712
vn 0.25841451 -0.32669821 -0.90911507
vn 0.25841451 -0.32669821 -0.90911507
vn 0.25841451 -0.32669821 -0.90911507
vn 0.29147263 -0.32680534 -0.89902279
vn 0.29147263 -0.32680534 -0.89902279
vn 0.29147263 -0.32680534 -0.89902279
vn -0.01187700 -0.38101751 -0.92449153
vn -0.01187700 -0.38101751 -0.92449153
vn -0.01187700 -0.38101751 -0.92449153
vn 0.26521778 -0.38721970 -0.88301780
vn 0.26521778 -0.38721970 -0.88301780
vn 0.26521778 -0.38721970 -0.88301780
vn 0.19942105 -0.41695262 -0.88678168
vn 0.19942105 -0.41695262 -0.88678168
vn 0.19942105 -0.41695262 -0.88678168
vn 0.21533365 -0.45257349 -0.86533731
vn 0.21533365 -0.45257349 -0.86533731
vn 0.21533365 -0.45257349 -0.86533731
vn 0.21295087 -0.45294631 -0.86573181
vn 0.21295087 -0.45294631 -0.86573181
vn 0.21295087 -0.45294631 -0.86573181
vn 0.22683928 -0.48422939 -0.84502417
vn 0.22683928 -0.48422939 -0.84502417
vn 0.22683928 -0.48422939 -0.84502417
vn 0.25051960 -0.52327366 -0.81450881
vn 0.25051960 -0.52327366 -0.81450881
vn 0.25051960 -0.52327366 -0.81450881
vn 0.25728339 -0.55708765 -0.78959395
vn 0.25728339 -0.55708765 -0.78959395
vn 0.25728339 -0.55708765 -0.78959395
vn 0.17457784 -0.52906197 -0.83043122
vn 0.17457784 -0.52906197 -0.83043122
vn 0.17457784 -0.52906197 -0.83043122
vn 0.29049577 -0.50558586 -0.81240085
vn 0.29049577 -0.50558586 -0.81240085
vn 0.29049577 -0.50558586 -0.81240085
vn 0.13135471 -0.28433718 -0.94968327
vn 0.13135471 -0.28433718 -0.94968327
vn 0.13135471 -0.28433718 -0.94968327
vn 0.24449406 -0.28481949 -0.92687675
vn 0.24449406 -0.28481949 -0.92687675
vn 0.24449406 -0.28481949 -0.92687675
vn 0.06922404 -0.34021258 -0.93779712
vn 0.06922404 -0.34021258 -0.93779712
vn 0.06922404 -0.34021258 -0.93779712
vn 0.35703620 -0.34070031 -0.86974045
vn 0.35703620 -0.34070031 -0.86974045
vn 0.35703620 -0.34070031 -0.86974045
vn 0.08819666 -0.39951179 -0.91247557
vn 0.08819666 -0.39951179 -0.91247557
vn 0.08819666 -0.39951179 -0.91247557
vn 0.35767763 -0.41714581 -0.83549751
vn 0.35767763 -0.41714581 -0.83549751
vn 0.35767763 -0.41714581 -0.83549751
vn 0.17204754 -0.45636347 -0.87300174
vn 0.17204754 -0.45636347 -0.87300174
vn 0.17204754 -0.45636347 -0.87300174
vn 0.23159189 -0.48283863 -0.84453067
vn 0.23159189 -0.48283863 -0.84453067
vn 0.23159189 -0.48283863 -0.84453067
vn 0.22650669 -0.48340872 -0.84558307
vn 0.22650669 -0.48340872 -0.84558307
vn 0.22650669 -0.48340872 -0.84558307
vn 0.22657744 -0.48364050 -0.84543156
vn 0.22657744 -0.48364050 -0.84543156
vn 0.22657744 -0.48364050 -0.84543156
vn -0.00000279 -0.00000008 -1.00000000
vn -0.00000279 -0.00000008 -1.00000000
vn -0.00000279 -0.00000008 -1.00000000
vn -0.00000279 -0.00000008 -1.00000000
vn -0.00000279 -0.00000008 -1.00000000
vn -0.00000279 -0.00000008 -1.00000000
vn -0.00000466 0.00000008 1.00000000
vn -0.00000466 0.00000008 1.00000000
vn -0.00000466 0.00000008 1.00000000
vn -0.00000466 0.00000008 1.00000000
vn -0.00000466 0.00000008 1.00000000
vn -0.00000466 0.00000008 1.00000000
vn -0.73248672 -0.00000182 -0.68078132
vn -0.73248672 -0.00000182 -0.68078132
vn -0.73248672 -0.00000182 -0.68078132
vn -0.73248801 0.00000307 -0.68077993
vn -0.73248801 0.00000307 -0.68077993
vn -0.73248801 0.00000307 -0.68077993
vn -0.87795669 0.00000216 -0.47874007
vn -0.87795669 0.00000216 -0.47874007
vn -0.87795669 0.00000216 -0.47874007
vn -0.87795644 0.00000082 -0.47874053
vn -0.87795644 0.00000082 -0.47874053
vn -0.87795644 0.00000082 -0.47874053
vn -0.96900913 0.00000109 -0.24702489
vn -0.96900913 0.00000109 -0.24702489
vn -0.96900913 0.00000109 -0.24702489
vn -0.96900901 -0.00000018 -0.24702537
vn -0.96900901 -0.00000018 -0.24702537
vn -0.96900901 -0.00000018 -0.24702537
vn -1.00000000 0.00000000 0.00000000
vn -1.00000000 0.00000000 0.00000000
vn -1.00000000 0.00000000 0.00000000
vn -1.00000000 0.00000000 0.00000000
vn -1.00000000 0.00000000 0.00000000
vn -1.00000000 0.00000000 0.00000000
vn -0.96900893 0.00000018 0.24702571
vn -0.96900893 0.00000018 0.24702571
vn -0.96900893 0.00000018 0.24702571
vn -0.96900905 -0.00000109 0.24702523
vn -0.96900905 -0.00000109 0.24702523
vn -0.96900905 -0.00000109 0.24702523
vn -0.87795672 -0.00000082 0.47874000
vn -0.87795672 -0.00000082 0.47874000
vn -0.87795672 -0.00000082 0.47874000
vn -0.87795672 -0.00000082 0.47874000
vn -0.87795672 -0.00000082 0.47874000
vn -0.87795672 -0.00000082 0.47874000
vn -0.73248720 -0.00000050 0.68078080
vn -0.73248720 -0.00000050 0.68078080
vn -0.73248720 -0.00000050 0.68078080
vn -0.73248684 0.00000088 0.68078120
vn -0.73248684 0.00000088 0.68078120
vn -0.73248684 0.00000088 0.68078120
vn 0.00000123 -0.00000000 -1.00000000
vn 0.00000123 -0.00000000 -1.00000000
vn 0.00000123 -0.00000000 -1.00000000
vn 0.00000126 -0.00000064 -1.00000000
vn 0.00000126 -0.00000064 -1.00000000
vn 0.00000126 -0.00000064 -1.00000000
vn -0.00000024 -0.00000534 -1.00000000
vn -0.00000024 -0.00000534 -1.00000000
vn -0.00000024 -0.00000534 -1.00000000
vn 0.00000029 0.00000139 -1.00000000
vn 0.00000029 0.00000139 -1.00000000
vn 0.00000029 0.00000139 -1.00000000
vn 0.00000074 -0.00000000 -1.00000000
vn 0.00000074 -0.00000000 -1.00000000
vn 0.00000074 -0.00000000 -1.00000000
vn 0.00000123 -0.00000129 -1.00000000
vn 0.00000123 -0.00000129 -1.00000000
vn 0.00000123 -0.00000129 -1.00000000
vn 0.73248659 0.00000020 0.68078146
vn 0.73248659 0.00000020 0.68078146
vn 0.73248659 0.00000020 0.68078146
vn 0.73248701 0.00000178 0.68078101
vn 0.73248701 0.00000178 0.68078101
vn 0.73248701 0.00000178 0.68078101
vn 0.87795666 0.00000191 0.47874013
vn 0.87795666 0.00000191 0.47874013
vn 0.87795666 0.00000191 0.47874013
vn 0.87795612 -0.00000095 0.47874110
vn 0.87795612 -0.00000095 0.47874110
vn 0.87795612 -0.00000095 0.47874110
vn 0.96900908 -0.00000132 0.24702510
vn 0.96900908 -0.00000132 0.24702510
vn 0.96900908 -0.00000132 0.24702510
vn 0.96900902 -0.00000200 0.24702536
vn 0.96900902 -0.00000200 0.24702536
vn 0.96900902 -0.00000200 0.24702536
vn 1.00000000 -0.00000225 0.00000006
vn 1.00000000 -0.00000225 0.00000006
vn 1.00000000 -0.00000225 0.00000006
vn 1.00000000 -0.00000048 -0.00000062
vn 1.00000000 -0.00000048 -0.00000062
vn 1.00000000 -0.00000048 -0.00000062
vn 0.96900901 -0.00000065 -0.24702538
vn 0.96900901 -0.00000065 -0.24702538
vn 0.96900901 -0.00000065 -0.24702538
vn 0.96900905 -0.00000110 -0.24702521
vn 0.96900905 -0.00000110 -0.24702521
vn 0.96900905 -0.00000110 -0.24702521
vn 0.87795706 -0.00000124 -0.47873939
vn 0.87795706 -0.00000124 -0.47873939
vn 0.87795706 -0.00000124 -0.47873939
vn 0.87795666 0.00000094 -0.47874013
vn 0.87795666 0.00000094 -0.47874013
vn 0.87795666 0.00000094 -0.47874013
vn 0.73248617 0.00000205 -0.68078191
vn 0.73248617 0.00000205 -0.68078191
vn 0.73248617 0.00000205 -0.68078191
vn 0.73248667 0.00000015 -0.68078138
vn 0.73248667 0.00000015 -0.68078138
vn 0.73248667 0.00000015 -0.68078138
vn 0.00001055 0.00003215 1.00000000
vn 0.00001055 0.00003215 1.00000000
vn 0.00001055 0.00003215 1.00000000
vn 0.00000068 0.00000064 1.00000000
vn 0.00000068 0.00000064 1.00000000
vn 0.00000068 0.00000064 1.00000000
vn 0.00000072 -0.00000000 1.00000000
vn 0.00000072 -0.00000000 1.00000000
vn 0.00000072 -0.00000000 1.00000000
vn 0.00000248 -1.00000000 -0.00000042
vn 0.00000248 -1.00000000 -0.00000042
vn 0.00000248 -1.00000000 -0.00000042
vn 0.00000000 -1.00000000 0.00000000
vn 0.00000000 -1.00000000 0.00000000
vn 0.00000000 -1.00000000 0.00000000
vn 0.00000000 -1.00000000 0.00000000
vn 0.00000000 -1.00000000 0.00000000
vn 0.00000000 -1.00000000 0.00000000
vn 0.00000015 -1.00000000 -0.00000122
vn 0.00000015 -1.00000000 -0.00000122
vn 0.00000015 -1.00000000 -0.00000122
vn -0.00000017 -1.00000000 0.00000004
vn -0.00000017 -1.00000000 0.00000004
vn -0.00000017 -1.00000000 0.00000004
vn -0.00000015 -1.00000000 -0.00000000
vn -0.00000015 -1.00000000 -0.00000000
vn -0.00000015 -1.00000000 -0.00000000
vn 0.00000000 -1.00000000 0.00000136
vn 0.00000000 -1.00000000 0.00000136
vn 0.00000000 -1.00000000 0.00000136
vn -0.00000045 -1.00000000 0.00000030
vn -0.00000045 -1.00000000 0.00000030
vn -0.00000045 -1.00000000 0.00000030
vn -0.00000011 -1.00000000 -0.00000006
vn -0.00000011 -1.00000000 -0.00000006
vn -0.00000011 -1.00000000 -0.00000006
vn -0.00000013 -1.00000000 -0.00000003
vn -0.00000013 -1.00000000 -0.00000003
vn -0.00000013 -1.00000000 -0.00000003
vn 0.00000000 -1.00000000 0.00000000
vn 0.00000000 -1.00000000 0.00000000
vn 0.00000000 -1.00000000 0.00000000
vn 0.00000000 -1.00000000 0.00000000
vn 0.00000000 -1.00000000 0.00000000
vn 0.00000000 -1.00000000 0.00000000
vn -0.00000093 -1.00000000 0.00000127
vn -0.00000093 -1.00000000 0.00000127
vn -0.00000093 -1.00000000 0.00000127
vn 0.00000041 -1.00000000 0.00000000
vn 0.00000041 -1.00000000 0.00000000
vn 0.00000041 -1.00000000 0.00000000
vn -0.00000080 -1.00000000 0.00000083
vn -0.00000080 -1.00000000 0.00000083
vn -0.00000080 -1.00000000 0.00000083
vn 0.00000043 -1.00000000 0.00000023
vn 0.00000043 -1.00000000 0.00000023
vn 0.00000043 -1.00000000 0.00000023
vn -0.19913782 -0.00000307 -0.97997149
vn -0.19913782 -0.00000307 -0.97997149
vn -0.19913782 -0.00000307 -0.97997149
vn -0.19911999 -0.00000082 -0.97997512
vn -0.19911999 -0.00000082 -0.97997512
vn -0.19911999 -0.00000082 -0.97997512
vn -0.06704915 0.00000321 -0.99774967
vn -0.06704915 0.00000321 -0.99774967
vn -0.06704915 0.00000321 -0.99774967
vn -0.06704915 0.00000321 -0.99774967
vn -0.06704915 0.00000321 -0.99774967
vn -0.06704915 0.00000321 -0.99774967
vn 0.00002656 -1.00000000 -0.00001054
vn 0.00002656 -1.00000000 -0.00001054
vn 0.00002656 -1.00000000 -0.00001054
vn 0.00002827 -1.00000000 -0.00003519
vn 0.00002827 -1.00000000 -0.00003519
vn 0.00002827 -1.00000000 -0.00003519
vn 0.98536387 0.00003041 -0.17046421
vn 0.98536387 0.00003041 -0.17046421
vn 0.98536387 0.00003041 -0.17046421
vn -0.19666772 -0.00000548 -0.98047020
vn -0.19666772 -0.00000548 -0.98047020
vn -0.19666772 -0.00000548 -0.98047020
vn 0.98536433 0.00003018 -0.17046152
vn 0.98536433 0.00003018 -0.17046152
vn 0.98536433 0.00003018 -0.17046152
vn 0.82479275 0.00002625 -0.56543517
vn 0.82479275 0.00002625 -0.56543517
vn 0.82479275 0.00002625 -0.56543517
vn 0.82478576 0.00002782 -0.56544535
vn 0.82478576 0.00002782 -0.56544535
vn 0.82478576 0.00002782 -0.56544535
vn 0.65230066 0.00002374 -0.75796032
vn 0.65230066 0.00002374 -0.75796032
vn 0.65230066 0.00002374 -0.75796032
vn 0.64947535 0.00087187 -0.76038215
vn 0.64947535 0.00087187 -0.76038215
vn 0.64947535 0.00087187 -0.76038215
vn -0.19666489 -0.00000047 -0.98047077
vn -0.19666489 -0.00000047 -0.98047077
vn -0.19666489 -0.00000047 -0.98047077
vn -0.00580869 0.00000541 -0.99998313
vn -0.00580869 0.00000541 -0.99998313
vn -0.00580869 0.00000541 -0.99998313
vn -0.00580869 0.00000541 -0.99998313
vn -0.00580869 0.00000541 -0.99998313
vn -0.00580869 0.00000541 -0.99998313
vn 0.19018023 0.00001124 -0.98174919
vn 0.19018023 0.00001124 -0.98174919
vn 0.19018023 0.00001124 -0.98174919
vn 0.19018047 0.00001080 -0.98174915
vn 0.19018047 0.00001080 -0.98174915
vn 0.19018047 0.00001080 -0.98174915
vn 0.38168472 0.00001583 -0.92429258
vn 0.38168472 0.00001583 -0.92429258
vn 0.38168472 0.00001583 -0.92429258
vn 0.38168427 0.00001672 -0.92429276
vn 0.38168427 0.00001672 -0.92429276
vn 0.38168427 0.00001672 -0.92429276
vn 0.55739667 0.00002151 -0.83024632
vn 0.55739667 0.00002151 -0.83024632
vn 0.55739667 0.00002151 -0.83024632
vn 0.55739677 0.00002130 -0.83024625
vn 0.55739677 0.00002130 -0.83024625
vn 0.55739677 0.00002130 -0.83024625
vn 0.63992877 0.00002342 -0.76843423
vn 0.63992877 0.00002342 -0.76843423
vn 0.63992877 0.00002342 -0.76843423
vn -0.34522239 0.00000278 -0.93852091
vn -0.34522239 0.00000278 -0.93852091
vn -0.34522239 0.00000278 -0.93852091
vn -0.34522256 0.00000517 -0.93852085
vn -0.34522256 0.00000517 -0.93852085
vn -0.34522256 0.00000517 -0.93852085
vn -0.11722181 0.00000447 -0.99310576
vn -0.11722181 0.00000447 -0.99310576
vn -0.11722181 0.00000447 -0.99310576
vn -0.11722185 0.00000494 -0.99310575
vn -0.11722185 0.00000494 -0.99310575
vn -0.11722185 0.00000494 -0.99310575
vn 0.11722120 0.00000305 -0.99310583
vn 0.11722120 0.00000305 -0.99310583
vn 0.11722120 0.00000305 -0.99310583
vn 0.11722113 0.00000400 -0.99310584
vn 0.11722113 0.00000400 -0.99310584
vn 0.11722113 0.00000400 -0.99310584
vn 0.34522177 0.00000378 -0.93852114
vn 0.34522177 0.00000378 -0.93852114
vn 0.34522177 0.00000378 -0.93852114
vn 0.34522214 -0.00000139 -0.93852100
vn 0.34522214 -0.00000139 -0.93852100
vn 0.34522214 -0.00000139 -0.93852100
vn 0.34014317 -0.00000069 0.94037366
vn 0.34014317 -0.00000069 0.94037366
vn 0.34014317 -0.00000069 0.94037366
vn 0.34014312 -0.00000137 0.94037368
vn 0.34014312 -0.00000137 0.94037368
vn 0.34014312 -0.00000137 0.94037368
vn 0.11543246 -0.00000047 0.99331533
vn 0.11543246 -0.00000047 0.99331533
vn 0.11543246 -0.00000047 0.99331533
vn 0.11543219 -0.00000401 0.99331536
vn 0.11543219 -0.00000401 0.99331536
vn 0.11543219 -0.00000401 0.99331536
vn -0.11543216 -0.00000401 0.99331537
vn -0.11543216 -0.00000401 0.99331537
vn -0.11543216 -0.00000401 0.99331537
vn -0.11543181 0.00000047 0.99331541
vn -0.11543181 0.00000047 0.99331541
vn -0.11543181 0.00000047 0.99331541
vn -0.34014267 0.00000137 0.94037384
vn -0.34014267 0.00000137 0.94037384
vn -0.34014267 0.00000137 0.94037384
vn -0.34014277 0.00000000 0.94037381
vn -0.34014277 0.00000000 0.94037381
vn -0.34014277 0.00000000 0.94037381
vn -0.19911763 -0.00001296 0.97997560
vn -0.19911763 -0.00001296 0.97997560
vn -0.19911763 -0.00001296 0.97997560
vn -0.19913275 -0.00001105 0.97997252
vn -0.19913275 -0.00001105 0.97997252
vn -0.19913275 -0.00001105 0.97997252
vn -0.06703361 -0.00000720 0.99775072
vn -0.06703361 -0.00000720 0.99775072
vn -0.06703361 -0.00000720 0.99775072
vn -0.06703354 -0.00000720 0.99775072
vn -0.06703354 -0.00000720 0.99775072
vn -0.06703354 -0.00000720 0.99775072
vn 0.11195594 0.00000852 -0.99371317
vn 0.11195594 0.00000852 -0.99371317
vn 0.11195594 0.00000852 -0.99371317
vn 0.11195596 0.00000852 -0.99371317
vn 0.11195596 0.00000852 -0.99371317
vn 0.11195596 0.00000852 -0.99371317
vn 0.33027110 0.00001475 -0.94388612
vn 0.33027110 0.00001475 -0.94388612
vn 0.33027110 0.00001475 -0.94388612
vn 0.33027107 0.00001476 -0.94388613
vn 0.33027107 0.00001476 -0.94388613
vn 0.33027107 0.00001476 -0.94388613
vn 0.53202345 0.00002026 -0.84672962
vn 0.53202345 0.00002026 -0.84672962
vn 0.53202345 0.00002026 -0.84672962
vn 0.53202474 0.00001994 -0.84672881
vn 0.53202474 0.00001994 -0.84672881
vn 0.53202474 0.00001994 -0.84672881
vn 0.70710070 0.00002444 -0.70711286
vn 0.70710070 0.00002444 -0.70711286
vn 0.70710070 0.00002444 -0.70711286
vn 0.70709996 0.00002466 -0.70711360
vn 0.70709996 0.00002466 -0.70711360
vn 0.70709996 0.00002466 -0.70711360
vn 0.84671939 0.00002789 -0.53203973
vn 0.84671939 0.00002789 -0.53203973
vn 0.84671939 0.00002789 -0.53203973
vn 0.84671929 0.00002793 -0.53203990
vn 0.84671929 0.00002793 -0.53203990
vn 0.84671929 0.00002793 -0.53203990
vn 0.94388029 0.00002976 -0.33028775
vn 0.94388029 0.00002976 -0.33028775
vn 0.94388029 0.00002976 -0.33028775
vn 0.94388023 0.00002979 -0.33028792
vn 0.94388023 0.00002979 -0.33028792
vn 0.94388023 0.00002979 -0.33028792
vn 0.99371121 0.00003013 -0.11197336
vn 0.99371121 0.00003013 -0.11197336
vn 0.99371121 0.00003013 -0.11197336
vn 0.99371122 0.00003011 -0.11197326
vn 0.99371122 0.00003011 -0.11197326
vn 0.99371122 0.00003011 -0.11197326
vn 0.99371319 0.00002893 0.11195574
vn 0.99371319 0.00002893 0.11195574
vn 0.99371319 0.00002893 0.11195574
vn 0.99371322 0.00002897 0.11195555
vn 0.99371322 0.00002897 0.11195555
vn 0.99371322 0.00002897 0.11195555
vn 0.94388638 0.00002642 0.33027034
vn 0.94388638 0.00002642 0.33027034
vn 0.94388638 0.00002642 0.33027034
vn 0.94388631 0.00002637 0.33027056
vn 0.94388631 0.00002637 0.33027056
vn 0.94388631 0.00002637 0.33027056
vn 0.84672919 0.00002250 0.53202413
vn 0.84672919 0.00002250 0.53202413
vn 0.84672919 0.00002250 0.53202413
vn 0.84672888 0.00002238 0.53202463
vn 0.84672888 0.00002238 0.53202463
vn 0.84672888 0.00002238 0.53202463
vn 0.70711316 0.00001731 0.70710040
vn 0.70711316 0.00001731 0.70710040
vn 0.70711316 0.00001731 0.70710040
vn 0.70711295 0.00001725 0.70710061
vn 0.70711295 0.00001725 0.70710061
vn 0.70711295 0.00001725 0.70710061
vn 0.53203951 0.00001134 0.84671953
vn 0.53203951 0.00001134 0.84671953
vn 0.53203951 0.00001134 0.84671953
vn 0.53203981 0.00001141 0.84671934
vn 0.53203981 0.00001141 0.84671934
vn 0.53203981 0.00001141 0.84671934
vn 0.33028766 0.00000490 0.94388032
vn 0.33028766 0.00000490 0.94388032
vn 0.33028766 0.00000490 0.94388032
vn 0.33028771 0.00000491 0.94388030
vn 0.33028771 0.00000491 0.94388030
vn 0.33028771 0.00000491 0.94388030
vn 0.11197344 -0.00000185 0.99371120
vn 0.11197344 -0.00000185 0.99371120
vn 0.11197344 -0.00000185 0.99371120
vn 0.11197337 -0.00000186 0.99371121
vn 0.11197337 -0.00000186 0.99371121
vn 0.11197337 -0.00000186 0.99371121
vn -1.00000000 -0.00002979 0.00000868
vn -1.00000000 -0.00002979 0.00000868
vn -1.00000000 -0.00002979 0.00000868
vn -1.00000000 -0.00002914 0.00001031
vn -1.00000000 -0.00002914 0.00001031
vn -1.00000000 -0.00002914 0.00001031
vn -1.00000000 -0.00004089 0.00001128
vn -1.00000000 -0.00004089 0.00001128
vn -1.00000000 -0.00004089 0.00001128
vn -1.00000000 0.00005781 0.00000858
vn -1.00000000 0.00005781 0.00000858
vn -1.00000000 0.00005781 0.00000858
vn -1.00000000 -0.00002168 0.00000858
vn -1.00000000 -0.00002168 0.00000858
vn -1.00000000 -0.00002168 0.00000858
vn -1.00000000 -0.00002914 0.00001175
vn -1.00000000 -0.00002914 0.00001175
vn -1.00000000 -0.00002914 0.00001175
vn -1.00000000 -0.00002977 0.00001011
vn -1.00000000 -0.00002977 0.00001011
vn -1.00000000 -0.00002977 0.00001011
vn -1.00000000 -0.00009380 0.00000483
vn -1.00000000 -0.00009380 0.00000483
vn -1.00000000 -0.00009380 0.00000483
vn -0.27312098 -0.00001400 0.96197969
vn -0.27312098 -0.00001400 0.96197969
vn -0.27312098 -0.00001400 0.96197969
vn -0.38982328 -0.00001482 0.92088968
vn -0.38982328 -0.00001482 0.92088968
vn -0.38982328 -0.00001482 0.92088968
vn -0.36833175 -0.00001419 0.92969442
vn -0.36833175 -0.00001419 0.92969442
vn -0.36833175 -0.00001419 0.92969442
vn -0.34663265 0.00541559 0.93798533
vn -0.34663265 0.00541559 0.93798533
vn -0.34663265 0.00541559 0.93798533
vn -0.33576433 0.00946456 0.94189847
vn -0.33576433 0.00946456 0.94189847
vn -0.33576433 0.00946456 0.94189847
vn -0.32843442 0.01263662 0.94444224
vn -0.32843442 0.01263662 0.94444224
vn -0.32843442 0.01263662 0.94444224
vn -0.32475869 0.01444950 0.94568653
vn -0.32475869 0.01444950 0.94568653
vn -0.32475869 0.01444950 0.94568653
vn -0.31010614 0.00721803 0.95067454
vn -0.31010614 0.00721803 0.95067454
vn -0.31010614 0.00721803 0.95067454
vn -0.28795216 0.00179146 0.95764312
vn -0.28795216 0.00179146 0.95764312
vn -0.28795216 0.00179146 0.95764312
vn -0.46668440 -0.00001862 0.88442392
vn -0.46668440 -0.00001862 0.88442392
vn -0.46668440 -0.00001862 0.88442392
vn -0.43904684 0.01444501 0.89834805
vn -0.43904684 0.01444501 0.89834805
vn -0.43904684 0.01444501 0.89834805
vn -0.42512917 0.00721708 0.90510392
vn -0.42512917 0.00721708 0.90510392
vn -0.42512917 0.00721708 0.90510392
vn -0.40400611 0.00179073 0.91475453
vn -0.40400611 0.00179073 0.91475453
vn -0.40400611 0.00179073 0.91475453
vn 0.28138428 0.00000327 0.95959517
vn 0.28138428 0.00000327 0.95959517
vn 0.28138428 0.00000327 0.95959517
vn 0.28138879 0.00000210 0.95959385
vn 0.28138879 0.00000210 0.95959385
vn 0.28138879 0.00000210 0.95959385
vn 0.28138063 0.00001521 -0.95959624
vn 0.28138063 0.00001521 -0.95959624
vn 0.28138063 0.00001521 -0.95959624
vn 0.28137723 0.00001434 -0.95959724
vn 0.28137723 0.00001434 -0.95959724
vn 0.28137723 0.00001434 -0.95959724
vn -0.48710434 -0.00000978 -0.87334378
vn -0.48710434 -0.00000978 -0.87334378
vn -0.48710434 -0.00000978 -0.87334378
vn -0.41110143 -0.00000827 -0.91158961
vn -0.41110143 -0.00000827 -0.91158961
vn -0.41110143 -0.00000827 -0.91158961
vn -0.43906576 0.01445247 -0.89833868
vn -0.43906576 0.01445247 -0.89833868
vn -0.43906576 0.01445247 -0.89833868
vn -0.45293925 0.00722761 -0.89151209
vn -0.45293925 0.00722761 -0.89151209
vn -0.45293925 0.00722761 -0.89151209
vn -0.47353846 0.00179810 -0.88077131
vn -0.47353846 0.00179810 -0.88077131
vn -0.47353846 0.00179810 -0.88077131
vn -0.29538394 -0.00000411 -0.95537863
vn -0.29538394 -0.00000411 -0.95537863
vn -0.29538394 -0.00000411 -0.95537863
vn -0.35026821 0.00452150 -0.93663853
vn -0.35026821 0.00452150 -0.93663853
vn -0.35026821 0.00452150 -0.93663853
vn -0.36115452 0.00179959 -0.93250425
vn -0.36115452 0.00179959 -0.93250425
vn -0.36115452 0.00179959 -0.93250425
vn -0.37552509 -0.00000726 -0.92681223
vn -0.37552509 -0.00000726 -0.92681223
vn -0.37552509 -0.00000726 -0.92681223
vn -0.32477333 0.01445803 -0.94568137
vn -0.32477333 0.01445803 -0.94568137
vn -0.32477333 0.01445803 -0.94568137
vn -0.33210937 0.01083666 -0.94317863
vn -0.33210937 0.01083666 -0.94317863
vn -0.33210937 0.01083666 -0.94317863
vn -0.34303844 0.00677180 -0.93929695
vn -0.34303844 0.00677180 -0.93929695
vn -0.34303844 0.00677180 -0.93929695
vn -0.60229783 -0.00001448 -0.79827146
vn -0.60229783 -0.00001448 -0.79827146
vn -0.60229783 -0.00001448 -0.79827146
vn -0.60229675 -0.00001330 -0.79827228
vn -0.60229675 -0.00001330 -0.79827228
vn -0.60229675 -0.00001330 -0.79827228
vn -0.60228335 -0.00002251 0.79828239
vn -0.60228335 -0.00002251 0.79828239
vn -0.60228335 -0.00002251 0.79828239
vn -0.60228336 -0.00002250 0.79828238
vn -0.60228336 -0.00002250 0.79828238
vn -0.60228336 -0.00002250 0.79828238
vn -0.56119564 -0.00001199 -0.82768319
vn -0.56119564 -0.00001199 -0.82768319
vn -0.56119564 -0.00001199 -0.82768319
vn -0.56119028 -0.00001187 -0.82768682
vn -0.56119028 -0.00001187 -0.82768682
vn -0.56119028 -0.00001187 -0.82768682
vn -0.56117277 -0.00002148 0.82769869
vn -0.56117277 -0.00002148 0.82769869
vn -0.56117277 -0.00002148 0.82769869
vn -0.56117277 -0.00002148 0.82769869
vn -0.56117277 -0.00002148 0.82769869
vn -0.56117277 -0.00002148 0.82769869
vn 0.93394368 0.29455910 -0.20244541
vn 0.93394368 0.29455910 -0.20244541
vn 0.93394368 0.29455910 -0.20244541
vn 0.80201823 0.05865560 -0.59441255
vn 0.80201823 0.05865560 -0.59441255
vn 0.80201823 0.05865560 -0.59441255
vn 0.77904050 0.22266554 -0.58610235
vn 0.77904050 0.22266554 -0.58610235
vn 0.77904050 0.22266554 -0.58610235
vn 0.78129034 0.19955280 -0.59140856
vn 0.78129034 0.19955280 -0.59140856
vn 0.78129034 0.19955280 -0.59140856
vn 0.95758123 0.19988605 -0.20756626
vn 0.95758123 0.19988605 -0.20756626
vn 0.95758123 0.19988605 -0.20756626
vn 0.97661390 0.09770378 -0.19151833
vn 0.97661390 0.09770378 -0.19151833
vn 0.97661390 0.09770378 -0.19151833
vn -0.47033426 -0.00001155 -0.88248835
vn -0.47033426 -0.00001155 -0.88248835
vn -0.47033426 -0.00001155 -0.88248835
vn -0.47025763 -0.00000932 -0.88252918
vn -0.47025763 -0.00000932 -0.88252918
vn -0.47025763 -0.00000932 -0.88252918
vn -0.29148335 -0.00000552 -0.95657590
vn -0.29148335 -0.00000552 -0.95657590
vn -0.29148335 -0.00000552 -0.95657590
vn -0.29142758 -0.00000401 -0.95659289
vn -0.29142758 -0.00000401 -0.95659289
vn -0.29142758 -0.00000401 -0.95659289
vn 0.29142973 0.00001158 -0.95659224
vn 0.29142973 0.00001158 -0.95659224
vn 0.29142973 0.00001158 -0.95659224
vn 0.29154234 0.00001462 -0.95655792
vn 0.29154234 0.00001462 -0.95655792
vn 0.29154234 0.00001462 -0.95655792
vn 0.29144467 0.00000575 0.95658769
vn 0.29144467 0.00000575 0.95658769
vn 0.29144467 0.00000575 0.95658769
vn 0.29155950 0.00000266 0.95655269
vn 0.29155950 0.00000266 0.95655269
vn 0.29155950 0.00000266 0.95655269
vn -0.29141257 -0.00001507 0.95659747
vn -0.29141257 -0.00001507 0.95659747
vn -0.29141257 -0.00001507 0.95659747
vn -0.29143402 -0.00001450 0.95659093
vn -0.29143402 -0.00001450 0.95659093
vn -0.29143402 -0.00001450 0.95659093
vn -0.47033745 -0.00001920 0.88248665
vn -0.47033745 -0.00001920 0.88248665
vn -0.47033745 -0.00001920 0.88248665
vn -0.47035348 -0.00001874 0.88247810
vn -0.47035348 -0.00001874 0.88247810
vn -0.47035348 -0.00001874 0.88247810
vn 0.77012395 0.27018856 0.57784707
vn 0.77012395 0.27018856 0.57784707
vn 0.77012395 0.27018856 0.57784707
vn 0.78874434 0.10884613 0.60500817
vn 0.78874434 0.10884613 0.60500817
vn 0.78874434 0.10884613 0.60500817
vn 0.95783217 0.19996763 0.20632613
vn 0.95783217 0.19996763 0.20632613
vn 0.95783217 0.19996763 0.20632613
vn 0.95783941 0.19993758 0.20632166
vn 0.95783941 0.19993758 0.20632166
vn 0.95783941 0.19993758 0.20632166
vn 0.78793217 0.19993347 0.58239978
vn 0.78793217 0.19993347 0.58239978
vn 0.78793217 0.19993347 0.58239978
vn 0.57414264 0.09922722 0.81272024
vn 0.57414264 0.09922722 0.81272024
vn 0.57414264 0.09922722 0.81272024
vn 0.57414422 0.09920495 0.81272184
vn 0.57414422 0.09920495 0.81272184
vn 0.57414422 0.09920495 0.81272184
vn 0.43177777 0.09921150 0.89650713
vn 0.43177777 0.09921150 0.89650713
vn 0.43177777 0.09921150 0.89650713
vn 0.43178387 0.09910664 0.89651579
vn 0.43178387 0.09910664 0.89651579
vn 0.43178387 0.09910664 0.89651579
vn 0.32480254 0.09937905 0.94054618
vn 0.32480254 0.09937905 0.94054618
vn 0.32480254 0.09937905 0.94054618
vn 0.18568288 -0.74621353 0.63928651
vn 0.18568288 -0.74621353 0.63928651
vn 0.18568288 -0.74621353 0.63928651
vn -0.21024122 0.10180324 0.97233468
vn -0.21024122 0.10180324 0.97233468
vn -0.21024122 0.10180324 0.97233468
vn -0.21025286 0.09923749 0.97259738
vn -0.21025286 0.09923749 0.97259738
vn -0.21025286 0.09923749 0.97259738
vn -0.04949448 0.09922745 0.99383309
vn -0.04949448 0.09922745 0.99383309
vn -0.04949448 0.09922745 0.99383309
vn -0.04949375 0.09916497 0.99383936
vn -0.04949375 0.09916497 0.99383936
vn -0.04949375 0.09916497 0.99383936
vn 0.06622615 0.09945426 0.99283581
vn 0.06622615 0.09945426 0.99283581
vn 0.06622615 0.09945426 0.99283581
vn 0.07734146 -0.74639913 0.66098914
vn 0.07734146 -0.74639913 0.66098914
vn 0.07734146 -0.74639913 0.66098914
vn 0.14840773 0.09936059 0.98392206
vn 0.14840773 0.09936059 0.98392206
vn 0.14840773 0.09936059 0.98392206
vn 0.24561660 0.09936289 0.96426112
vn 0.24561660 0.09936289 0.96426112
vn 0.24561660 0.09936289 0.96426112
vn -0.20113391 0.30657489 0.93035315
vn -0.20113391 0.30657489 0.93035315
vn -0.20113391 0.30657489 0.93035315
vn -0.20146295 0.29979699 0.93248831
vn -0.20146295 0.29979699 0.93248831
vn -0.20146295 0.29979699 0.93248831
vn -0.04745814 0.29973065 0.95284273
vn -0.04745814 0.29973065 0.95284273
vn -0.04745814 0.29973065 0.95284273
vn -0.04745832 0.29979791 0.95282156
vn -0.04745832 0.29979791 0.95282156
vn -0.04745832 0.29979791 0.95282156
vn 0.11082836 0.29979892 0.94754297
vn 0.11082836 0.29979892 0.94754297
vn 0.11082836 0.29979892 0.94754297
vn 0.11082807 0.29980430 0.94754130
vn 0.11082807 0.29980430 0.94754130
vn 0.11082807 0.29980430 0.94754130
vn 0.26605680 0.29980410 0.91615025
vn 0.26605680 0.29980410 0.91615025
vn 0.26605680 0.29980410 0.91615025
vn 0.26605901 0.29978310 0.91615648
vn 0.26605901 0.29978310 0.91615648
vn 0.26605901 0.29978310 0.91615648
vn 0.41395709 0.29977730 0.85951911
vn 0.41395709 0.29977730 0.85951911
vn 0.41395709 0.29977730 0.85951911
vn 0.41394904 0.29983001 0.85950460
vn 0.41394904 0.29983001 0.85950460
vn 0.41394904 0.29983001 0.85950460
vn 0.55043784 0.29984015 0.77917525
vn 0.55043784 0.29984015 0.77917525
vn 0.55043784 0.29984015 0.77917525
vn 0.55045768 0.29973909 0.77920012
vn 0.55045768 0.29973909 0.77920012
vn 0.55045768 0.29973909 0.77920012
vn -0.23756011 0.20693087 -0.94907577
vn -0.23756011 0.20693087 -0.94907577
vn -0.23756011 0.20693087 -0.94907577
vn -0.23786153 0.20417252 -0.94959753
vn -0.23786153 0.20417252 -0.94959753
vn -0.23786153 0.20417252 -0.94959753
vn -0.14503538 0.20416006 -0.96813398
vn -0.14503538 0.20416006 -0.96813398
vn -0.14503538 0.20416006 -0.96813398
vn -0.14504823 0.20464292 -0.96803011
vn -0.14504823 0.20464292 -0.96803011
vn -0.14504823 0.20464292 -0.96803011
vn -0.04867544 0.20356512 -0.97785068
vn -0.04867544 0.20356512 -0.97785068
vn -0.04867544 0.20356512 -0.97785068
vn -0.04869945 0.20407660 -0.97774286
vn -0.04869945 0.20407660 -0.97774286
vn -0.04869945 0.20407660 -0.97774286
vn 0.04889918 0.20407897 -0.97773240
vn 0.04889918 0.20407897 -0.97773240
vn 0.04889918 0.20407897 -0.97773240
vn 0.04887323 0.20446244 -0.97765358
vn 0.04887323 0.20446244 -0.97765358
vn 0.04887323 0.20446244 -0.97765358
vn 0.14528180 0.20366493 -0.96820132
vn 0.14528180 0.20366493 -0.96820132
vn 0.14528180 0.20366493 -0.96820132
vn 0.14524420 0.20408995 -0.96811746
vn 0.14524420 0.20408995 -0.96811746
vn 0.14524420 0.20408995 -0.96811746
vn 0.24092015 0.20408042 -0.94884597
vn 0.24092015 0.20408042 -0.94884597
vn 0.24092015 0.20408042 -0.94884597
vn 0.24089329 0.20433356 -0.94879830
vn 0.24089329 0.20433356 -0.94879830
vn 0.24089329 0.20433356 -0.94879830
vn 0.33444463 0.20380670 -0.92011392
vn 0.33444463 0.20380670 -0.92011392
vn 0.33444463 0.20380670 -0.92011392
vn 0.33440662 0.20410925 -0.92006066
vn 0.33440662 0.20410925 -0.92006066
vn 0.33440662 0.20410925 -0.92006066
vn 0.42434810 0.20410062 -0.88219705
vn 0.42434810 0.20410062 -0.88219705
vn 0.42434810 0.20410062 -0.88219705
vn 0.42433032 0.20422616 -0.88217654
vn 0.42433032 0.20422616 -0.88217654
vn 0.42433032 0.20422616 -0.88217654
vn 0.51029281 0.20396647 -0.83546330
vn 0.51029281 0.20396647 -0.83546330
vn 0.51029281 0.20396647 -0.83546330
vn 0.51027154 0.20410127 -0.83544337
vn 0.51027154 0.20410127 -0.83544337
vn 0.51027154 0.20410127 -0.83544337
vn 0.59090764 0.20409760 -0.78049492
vn 0.59090764 0.20409760 -0.78049492
vn 0.59090764 0.20409760 -0.78049492
vn 0.59090400 0.20411884 -0.78049213
vn 0.59090400 0.20411884 -0.78049213
vn 0.59090400 0.20411884 -0.78049213
vn 0.96898570 0.20228310 -0.14194455
vn 0.96898570 0.20228310 -0.14194455
vn 0.96898570 0.20228310 -0.14194455
vn 0.73156815 0.20229626 -0.65106395
vn 0.73156815 0.20229626 -0.65106395
vn 0.73156815 0.20229626 -0.65106395
vn 0.73157559 0.20227464 -0.65106231
vn 0.73157559 0.20227464 -0.65106231
vn 0.73157559 0.20227464 -0.65106231
vn 0.85487730 0.20382611 -0.47711604
vn 0.85487730 0.20382611 -0.47711604
vn 0.85487730 0.20382611 -0.47711604
vn 0.90379769 0.07437466 -0.42144768
vn 0.90379769 0.07437466 -0.42144768
vn 0.90379769 0.07437466 -0.42144768
vn 0.91499483 0.20380993 -0.34820392
vn 0.91499483 0.20380993 -0.34820392
vn 0.91499483 0.20380993 -0.34820392
vn 0.96899167 0.20225882 -0.14193842
vn 0.96899167 0.20225882 -0.14193842
vn 0.96899167 0.20225882 -0.14193842
vn 0.78959929 0.09725666 0.60586641
vn 0.78959929 0.09725666 0.60586641
vn 0.78959929 0.09725666 0.60586641
vn 0.78959289 0.09730450 0.60586706
vn 0.78959289 0.09730450 0.60586706
vn 0.78959289 0.09730450 0.60586706
vn 0.97166240 0.09731420 0.21541154
vn 0.97166240 0.09731420 0.21541154
vn 0.97166240 0.09731420 0.21541154
vn 0.97167272 0.09722472 0.21540537
vn 0.97167272 0.09722472 0.21540537
vn 0.97167272 0.09722472 0.21540537
vn 0.75824643 0.29418746 0.58182136
vn 0.75824643 0.29418746 0.58182136
vn 0.75824643 0.29418746 0.58182136
vn 0.75822843 0.29424632 0.58181505
vn 0.75822843 0.29424632 0.58181505
vn 0.75822843 0.29424632 0.58181505
vn 0.93308056 0.29423312 0.20685148
vn 0.93308056 0.29423312 0.20685148
vn 0.93308056 0.29423312 0.20685148
vn 0.93307808 0.29424081 0.20685172
vn 0.93307808 0.29424081 0.20685172
vn 0.93307808 0.29424081 0.20685172
vn -0.19616688 -0.00000264 -0.98057052
vn -0.19616688 -0.00000264 -0.98057052
vn -0.19616688 -0.00000264 -0.98057052
vn 0.27972402 0.00001276 -0.96008045
vn 0.27972402 0.00001276 -0.96008045
vn 0.27972402 0.00001276 -0.96008045
vn 0.19338704 -0.07043334 -0.97859113
vn 0.19338704 -0.07043334 -0.97859113
vn 0.19338704 -0.07043334 -0.97859113
vn 0.17615279 0.00000829 -0.98436284
vn 0.17615279 0.00000829 -0.98436284
vn 0.17615279 0.00000829 -0.98436284
vn -0.33085411 -0.00000543 -0.94368191
vn -0.33085411 -0.00000543 -0.94368191
vn -0.33085411 -0.00000543 -0.94368191
vn -0.31145683 -0.00930958 -0.95021470
vn -0.31145683 -0.00930958 -0.95021470
vn -0.31145683 -0.00930958 -0.95021470
vn -0.23541635 -0.08014554 -0.96858445
vn -0.23541635 -0.08014554 -0.96858445
vn -0.23541635 -0.08014554 -0.96858445
vn -0.51647435 -0.00001045 -0.85630266
vn -0.51647435 -0.00001045 -0.85630266
vn -0.51647435 -0.00001045 -0.85630266
vn -0.51646570 -0.00001305 -0.85630788
vn -0.51646570 -0.00001305 -0.85630788
vn -0.51646570 -0.00001305 -0.85630788
vn -0.48713770 -0.03397540 -0.87266404
vn -0.48713770 -0.03397540 -0.87266404
vn -0.48713770 -0.03397540 -0.87266404
vn -0.46747325 -0.06593856 -0.88154459
vn -0.46747325 -0.06593856 -0.88154459
vn -0.46747325 -0.06593856 -0.88154459
vn -0.43728175 -0.12617023 -0.89043009
vn -0.43728175 -0.12617023 -0.89043009
vn -0.43728175 -0.12617023 -0.89043009
vn -0.44407451 -0.15269004 -0.88288368
vn -0.44407451 -0.15269004 -0.88288368
vn -0.44407451 -0.15269004 -0.88288368
vn -0.42771006 -0.10248112 -0.89808782
vn -0.42771006 -0.10248112 -0.89808782
vn -0.42771006 -0.10248112 -0.89808782
vn -0.40022598 -0.04119951 -0.91548991
vn -0.40022598 -0.04119951 -0.91548991
vn -0.40022598 -0.04119951 -0.91548991
vn -0.37071957 -0.01032133 -0.92868750
vn -0.37071957 -0.01032133 -0.92868750
vn -0.37071957 -0.01032133 -0.92868750
vn -0.35062284 -0.00000605 -0.93651675
vn -0.35062284 -0.00000605 -0.93651675
vn -0.35062284 -0.00000605 -0.93651675
vn -0.27256043 -0.25778419 -0.92696177
vn -0.27256043 -0.25778419 -0.92696177
vn -0.27256043 -0.25778419 -0.92696177
vn -0.19616924 -0.00000018 -0.98057005
vn -0.19616924 -0.00000018 -0.98057005
vn -0.19616924 -0.00000018 -0.98057005
vn -0.02036212 0.00000529 -0.99979267
vn -0.02036212 0.00000529 -0.99979267
vn -0.02036212 0.00000529 -0.99979267
vn -0.02036357 0.00000351 -0.99979264
vn -0.02036357 0.00000351 -0.99979264
vn -0.02036357 0.00000351 -0.99979264
vn 0.17615160 0.00000949 -0.98436305
vn 0.17615160 0.00000949 -0.98436305
vn 0.17615160 0.00000949 -0.98436305
vn 0.17616311 0.00000219 0.98436099
vn 0.17616311 0.00000219 0.98436099
vn 0.17616311 0.00000219 0.98436099
vn -0.39045777 -0.03091554 0.92010160
vn -0.39045777 -0.03091554 0.92010160
vn -0.39045777 -0.03091554 0.92010160
vn -0.37070176 -0.01032601 0.92869456
vn -0.37070176 -0.01032601 0.92869456
vn -0.37070176 -0.01032601 0.92869456
vn -0.40962737 -0.06174439 0.91016100
vn -0.40962737 -0.06174439 0.91016100
vn -0.40962737 -0.06174439 0.91016100
vn -0.42769565 -0.10248609 0.89809411
vn -0.42769565 -0.10248609 0.89809411
vn -0.42769565 -0.10248609 0.89809411
vn -0.43701342 -0.13062265 0.88991966
vn -0.43701342 -0.13062265 0.88991966
vn -0.43701342 -0.13062265 0.88991966
vn -0.51645367 -0.00002037 0.85631513
vn -0.51645367 -0.00002037 0.85631513
vn -0.51645367 -0.00002037 0.85631513
vn -0.51645363 -0.00002036 0.85631516
vn -0.51645363 -0.00002036 0.85631516
vn -0.51645363 -0.00002036 0.85631516
vn -0.47749060 -0.04485133 0.87749136
vn -0.47749060 -0.04485133 0.87749136
vn -0.47749060 -0.04485133 0.87749136
vn -0.44669673 -0.10785800 0.88816028
vn -0.44669673 -0.10785800 0.88816028
vn -0.44669673 -0.10785800 0.88816028
vn -0.31142071 -0.00934159 0.95022622
vn -0.31142071 -0.00934159 0.95022622
vn -0.31142071 -0.00934159 0.95022622
vn -0.33086509 -0.00001441 0.94367807
vn -0.33086509 -0.00001441 0.94367807
vn -0.33086509 -0.00001441 0.94367807
vn -0.35061255 -0.00001497 0.93652060
vn -0.35061255 -0.00001497 0.93652060
vn -0.35061255 -0.00001497 0.93652060
vn -0.19615509 -0.00001154 0.98057288
vn -0.19615509 -0.00001154 0.98057288
vn -0.19615509 -0.00001154 0.98057288
vn -0.19615604 -0.00001228 0.98057269
vn -0.19615604 -0.00001228 0.98057269
vn -0.19615604 -0.00001228 0.98057269
vn -0.23438012 -0.12270294 0.96437023
vn -0.23438012 -0.12270294 0.96437023
vn -0.23438012 -0.12270294 0.96437023
vn -0.27181965 -0.05580950 0.96072857
vn -0.27181965 -0.05580950 0.96072857
vn -0.27181965 -0.05580950 0.96072857
vn -0.29179026 -0.02795238 0.95607380
vn -0.29179026 -0.02795238 0.95607380
vn -0.29179026 -0.02795238 0.95607380
vn -0.02035531 -0.00000651 0.99979281
vn -0.02035531 -0.00000651 0.99979281
vn -0.02035531 -0.00000651 0.99979281
vn -0.02035675 -0.00000473 0.99979278
vn -0.02035675 -0.00000473 0.99979278
vn -0.02035675 -0.00000473 0.99979278
vn 0.17616229 0.00000108 0.98436114
vn 0.17616229 0.00000108 0.98436114
vn 0.17616229 0.00000108 0.98436114
vn 0.19339026 -0.07041912 0.97859152
vn 0.19339026 -0.07041912 0.97859152
vn 0.19339026 -0.07041912 0.97859152
vn 0.27974189 0.00000447 0.96007525
vn 0.27974189 0.00000447 0.96007525
vn 0.27974189 0.00000447 0.96007525
vn 0.00070742 0.99999654 0.00253197
vn 0.00070742 0.99999654 0.00253197
vn 0.00070742 0.99999654 0.00253197
vn -0.00002679 1.00000000 0.00000000
vn -0.00002679 1.00000000 0.00000000
vn -0.00002679 1.00000000 0.00000000
vn -0.00207552 0.99999076 0.00376328
vn -0.00207552 0.99999076 0.00376328
vn -0.00207552 0.99999076 0.00376328
vn 0.00000957 1.00000000 -0.00006174
vn 0.00000957 1.00000000 -0.00006174
vn 0.00000957 1.00000000 -0.00006174
vn 0.00107958 0.99999155 -0.00396615
vn 0.00107958 0.99999155 -0.00396615
vn 0.00107958 0.99999155 -0.00396615
vn 0.00085967 0.99999458 -0.00317690
vn 0.00085967 0.99999458 -0.00317690
vn 0.00085967 0.99999458 -0.00317690
vn 0.00060179 0.99999772 -0.00204848
vn 0.00060179 0.99999772 -0.00204848
vn 0.00060179 0.99999772 -0.00204848
vn -0.00006524 0.99999999 0.00010852
vn -0.00006524 0.99999999 0.00010852
vn -0.00006524 0.99999999 0.00010852
vn -0.00007846 0.99999999 0.00015304
vn -0.00007846 0.99999999 0.00015304
vn -0.00007846 0.99999999 0.00015304
vn 0.00081345 0.99999651 -0.00251495
vn 0.00081345 0.99999651 -0.00251495
vn 0.00081345 0.99999651 -0.00251495
vn 0.00183561 0.99998438 -0.00527845
vn 0.00183561 0.99998438 -0.00527845
vn 0.00183561 0.99998438 -0.00527845
vn -0.00043150 0.99999929 0.00110689
vn -0.00043150 0.99999929 0.00110689
vn -0.00043150 0.99999929 0.00110689
vn -0.00088553 0.99999810 0.00173901
vn -0.00088553 0.99999810 0.00173901
vn -0.00088553 0.99999810 0.00173901
vn -0.00091309 0.99999791 0.00182676
vn -0.00091309 0.99999791 0.00182676
vn -0.00091309 0.99999791 0.00182676
vn -0.00019797 0.99999992 0.00034172
vn -0.00019797 0.99999992 0.00034172
vn -0.00019797 0.99999992 0.00034172
vn -0.00235151 0.99998383 0.00517742
vn -0.00235151 0.99998383 0.00517742
vn -0.00235151 0.99998383 0.00517742
vn -0.00107486 0.99999662 0.00236657
vn -0.00107486 0.99999662 0.00236657
vn -0.00107486 0.99999662 0.00236657
vn -0.00169224 0.99999101 0.00388800
vn -0.00169224 0.99999101 0.00388800
vn -0.00169224 0.99999101 0.00388800
vn 0.00208727 0.99998567 -0.00493080
vn 0.00208727 0.99998567 -0.00493080
vn 0.00208727 0.99998567 -0.00493080
vn 0.00120040 0.99999468 -0.00303355
vn 0.00120040 0.99999468 -0.00303355
vn 0.00120040 0.99999468 -0.00303355
vn -0.00038011 0.99999955 0.00086736
vn -0.00038011 0.99999955 0.00086736
vn -0.00038011 0.99999955 0.00086736
vn -0.00163504 0.99998949 0.00428404
vn -0.00163504 0.99998949 0.00428404
vn -0.00163504 0.99998949 0.00428404
vn -0.00060749 0.99999859 0.00156562
vn -0.00060749 0.99999859 0.00156562
vn -0.00060749 0.99999859 0.00156562
vn -0.00067305 0.99999814 0.00180727
vn -0.00067305 0.99999814 0.00180727
vn -0.00067305 0.99999814 0.00180727
vn 0.00086335 0.99999499 0.00304505
vn 0.00086335 0.99999499 0.00304505
vn 0.00086335 0.99999499 0.00304505
vn 0.00047060 0.99999950 0.00088300
vn 0.00047060 0.99999950 0.00088300
vn 0.00047060 0.99999950 0.00088300
vn -0.00023279 0.99999990 -0.00038333
vn -0.00023279 0.99999990 -0.00038333
vn -0.00023279 0.99999990 -0.00038333
vn -0.00054883 0.99999938 -0.00097261
vn -0.00054883 0.99999938 -0.00097261
vn -0.00054883 0.99999938 -0.00097261
vn -0.00103200 0.99999768 -0.00189086
vn -0.00103200 0.99999768 -0.00189086
vn -0.00103200 0.99999768 -0.00189086
vn -0.00216421 0.99999045 -0.00379674
vn -0.00216421 0.99999045 -0.00379674
vn -0.00216421 0.99999045 -0.00379674
vn -0.00004200 1.00000000 -0.00004399
vn -0.00004200 1.00000000 -0.00004399
vn -0.00004200 1.00000000 -0.00004399
vn 0.00070974 0.99999786 0.00194339
vn 0.00070974 0.99999786 0.00194339
vn 0.00070974 0.99999786 0.00194339
vn 0.00093813 0.99999568 0.00278677
vn 0.00093813 0.99999568 0.00278677
vn 0.00093813 0.99999568 0.00278677
vn -0.00127319 0.99999271 -0.00360051
vn -0.00127319 0.99999271 -0.00360051
vn -0.00127319 0.99999271 -0.00360051
vn -0.00083408 0.99999674 -0.00241313
vn -0.00083408 0.99999674 -0.00241313
vn -0.00083408 0.99999674 -0.00241313
vn -0.00105378 0.99999590 -0.00266297
vn -0.00105378 0.99999590 -0.00266297
vn -0.00105378 0.99999590 -0.00266297
vn 0.00052492 0.99999872 0.00151313
vn 0.00052492 0.99999872 0.00151313
vn 0.00052492 0.99999872 0.00151313
vn -0.00006180 0.99999999 -0.00008447
vn -0.00006180 0.99999999 -0.00008447
vn -0.00006180 0.99999999 -0.00008447
vn -0.00098748 0.99999671 -0.00236869
vn -0.00098748 0.99999671 -0.00236869
vn -0.00098748 0.99999671 -0.00236869
vn 0.00026689 0.99999964 0.00080317
vn 0.00026689 0.99999964 0.00080317
vn 0.00026689 0.99999964 0.00080317
vn 0.00115458 0.99999568 0.00270177
vn 0.00115458 0.99999568 0.00270177
vn 0.00115458 0.99999568 0.00270177
vn 0.00008247 0.99999997 0.00024062
vn 0.00008247 0.99999997 0.00024062
vn 0.00008247 0.99999997 0.00024062
vn -0.00090951 0.99999793 -0.00181917
vn -0.00090951 0.99999793 -0.00181917
vn -0.00090951 0.99999793 -0.00181917
vn -0.00084660 0.99999833 -0.00161814
vn -0.00084660 0.99999833 -0.00161814
vn -0.00084660 0.99999833 -0.00161814
vn -0.00002008 1.00000000 0.00000000
vn -0.00002008 1.00000000 0.00000000
vn -0.00002008 1.00000000 0.00000000
vn 0.00212392 0.99997041 -0.00739388
vn 0.00212392 0.99997041 -0.00739388
vn 0.00212392 0.99997041 -0.00739388
vn 0.80340171 0.00002701 -0.59543739
vn 0.80340171 0.00002701 -0.59543739
vn 0.80340171 0.00002701 -0.59543739
vn 0.80340111 0.00002684 -0.59543821
vn 0.80340111 0.00002684 -0.59543821
vn 0.80340111 0.00002684 -0.59543821
vn 0.97730414 0.00003014 -0.21184104
vn 0.97730414 0.00003014 -0.21184104
vn 0.97730414 0.00003014 -0.21184104
vn 0.97730406 0.00003021 -0.21184140
vn 0.97730406 0.00003021 -0.21184140
vn 0.97730406 0.00003021 -0.21184140
vn 0.80417133 0.00002087 0.59439757
vn 0.80417133 0.00002087 0.59439757
vn 0.80417133 0.00002087 0.59439757
vn 0.80417193 0.00002105 0.59439676
vn 0.80417193 0.00002105 0.59439676
vn 0.80417193 0.00002105 0.59439676
vn 0.97757835 0.00002808 0.21057201
vn 0.97757835 0.00002808 0.21057201
vn 0.97757835 0.00002808 0.21057201
vn 0.97757764 0.00002751 0.21057529
vn 0.97757764 0.00002751 0.21057529
vn 0.97757764 0.00002751 0.21057529
vn -0.27879918 -0.00001391 0.96034942
vn -0.27879918 -0.00001391 0.96034942
vn -0.27879918 -0.00001391 0.96034942
vn -0.21132797 -0.00873488 0.97737618
vn -0.21132797 -0.00873488 0.97737618
vn -0.21132797 -0.00873488 0.97737618
vn -0.17792371 0.01958478 0.98384937
vn -0.17792371 0.01958478 0.98384937
vn -0.17792371 0.01958478 0.98384937
vn -0.04972966 -0.01677733 0.99862179
vn -0.04972966 -0.01677733 0.99862179
vn -0.04972966 -0.01677733 0.99862179
vn 0.00964403 0.02551579 0.99962790
vn 0.00964403 0.02551579 0.99962790
vn 0.00964403 0.02551579 0.99962790
vn 0.06655911 0.00110716 0.99778187
vn 0.06655911 0.00110716 0.99778187
vn 0.06655911 0.00110716 0.99778187
vn 0.14507088 -0.00133655 0.98942036
vn 0.14507088 -0.00133655 0.98942036
vn 0.14507088 -0.00133655 0.98942036
vn 0.14914802 -0.00346337 0.98880882
vn 0.14914802 -0.00346337 0.98880882
vn 0.14914802 -0.00346337 0.98880882
vn 0.24033075 0.00400613 0.97068279
vn 0.24033075 0.00400613 0.97068279
vn 0.24033075 0.00400613 0.97068279
vn 0.24684131 0.00000265 0.96905592
vn 0.24684131 0.00000265 0.96905592
vn 0.24684131 0.00000265 0.96905592
vn 0.33628064 0.00000546 0.94176182
vn 0.33628064 0.00000546 0.94176182
vn 0.33628064 0.00000546 0.94176182
vn 0.32641602 0.00546445 0.94521041
vn 0.32641602 0.00546445 0.94521041
vn 0.32641602 0.00546445 0.94521041
vn 0.42834399 -0.00829465 0.90357768
vn 0.42834399 -0.00829465 0.90357768
vn 0.42834399 -0.00829465 0.90357768
vn 0.43388535 -0.01319636 0.90087144
vn 0.43388535 -0.01319636 0.90087144
vn 0.43388535 -0.01319636 0.90087144
vn 0.51656419 0.00548106 0.85623092
vn 0.51656419 0.00548106 0.85623092
vn 0.51656419 0.00548106 0.85623092
vn 0.57689675 -0.01827449 0.81661262
vn 0.57689675 -0.01827449 0.81661262
vn 0.57689675 -0.01827449 0.81661262
vn 0.59924384 0.00001394 0.80056656
vn 0.59924384 0.00001394 0.80056656
vn 0.59924384 0.00001394 0.80056656
vn -0.24297472 -0.00000474 -0.97003262
vn -0.24297472 -0.00000474 -0.97003262
vn -0.24297472 -0.00000474 -0.97003262
vn -0.19659676 0.02700595 -0.98011244
vn -0.19659676 0.02700595 -0.98011244
vn -0.19659676 0.02700595 -0.98011244
vn -0.00580726 0.02806357 -0.99958927
vn -0.00580726 0.02806357 -0.99958927
vn -0.00580726 0.02806357 -0.99958927
vn -0.04971006 0.00102939 -0.99876316
vn -0.04971006 0.00102939 -0.99876316
vn -0.04971006 0.00102939 -0.99876316
vn -0.14814939 -0.00094756 -0.98896454
vn -0.14814939 -0.00094756 -0.98896454
vn -0.14814939 -0.00094756 -0.98896454
vn 0.19009522 0.02980181 -0.98131323
vn 0.19009522 0.02980181 -0.98131323
vn 0.19009522 0.02980181 -0.98131323
vn 0.14839651 0.00275282 -0.98892411
vn 0.14839651 0.00275282 -0.98892411
vn 0.14839651 0.00275282 -0.98892411
vn 0.04995674 -0.00233606 -0.99874865
vn 0.04995674 -0.00233606 -0.99874865
vn 0.04995674 -0.00233606 -0.99874865
vn 0.38151298 0.02989164 -0.92388004
vn 0.38151298 0.02989164 -0.92388004
vn 0.38151298 0.02989164 -0.92388004
vn 0.34161924 0.00252084 -0.93983506
vn 0.34161924 0.00252084 -0.93983506
vn 0.34161924 0.00252084 -0.93983506
vn 0.24610470 -0.00218428 -0.96924079
vn 0.24610470 -0.00218428 -0.96924079
vn 0.24610470 -0.00218428 -0.96924079
vn 0.63992877 0.00002295 -0.76843423
vn 0.63992877 0.00002295 -0.76843423
vn 0.63992877 0.00002295 -0.76843423
vn 0.60361588 -0.00204266 -0.79727266
vn 0.60361588 -0.00204266 -0.79727266
vn 0.60361588 -0.00204266 -0.79727266
vn 0.55715485 0.02942894 -0.82988699
vn 0.55715485 0.02942894 -0.82988699
vn 0.55715485 0.02942894 -0.82988699
vn 0.52125369 0.00220605 -0.85339893
vn 0.52125369 0.00220605 -0.85339893
vn 0.52125369 0.00220605 -0.85339893
vn 0.43347617 -0.00191480 -0.90116299
vn 0.43347617 -0.00191480 -0.90116299
vn 0.43347617 -0.00191480 -0.90116299
vn 0.98944103 0.00003057 -0.14493600
vn 0.98944103 0.00003057 -0.14493600
vn 0.98944103 0.00003057 -0.14493600
vn 0.97625910 0.00866148 -0.21643279
vn 0.97625910 0.00866148 -0.21643279
vn 0.97625910 0.00866148 -0.21643279
vn 0.74701312 0.00002566 -0.66480930
vn 0.74701312 0.00002566 -0.66480930
vn 0.74701312 0.00002566 -0.66480930
vn 0.79331526 0.00865846 -0.60874948
vn 0.79331526 0.00865846 -0.60874948
vn 0.79331526 0.00865846 -0.60874948
vn 0.87321056 0.00002752 -0.48734313
vn 0.87321056 0.00002752 -0.48734313
vn 0.87321056 0.00002752 -0.48734313
vn 0.93461189 0.00002864 -0.35566925
vn 0.93461189 0.00002864 -0.35566925
vn 0.93461189 0.00002864 -0.35566925
vn 0.79336116 0.00002066 0.60875123
vn 0.79336116 0.00002066 0.60875123
vn 0.79336116 0.00002066 0.60875123
vn 0.79335271 0.00001820 0.60876225
vn 0.79335271 0.00001820 0.60876225
vn 0.79335271 0.00001820 0.60876225
vn 0.97629647 0.00002630 0.21643750
vn 0.97629647 0.00002630 0.21643750
vn 0.97629647 0.00002630 0.21643750
vn 0.97629849 0.00002795 0.21642840
vn 0.97629849 0.00002795 0.21642840
vn 0.97629849 0.00002795 0.21642840
vn 0.00002897 -1.00000000 -0.00001677
vn 0.00002897 -1.00000000 -0.00001677
vn 0.00002897 -1.00000000 -0.00001677
vn 0.00002940 -1.00000000 -0.00001053
vn 0.00002940 -1.00000000 -0.00001053
vn 0.00002940 -1.00000000 -0.00001053
vn 0.00002988 -1.00000000 0.00000225
vn 0.00002988 -1.00000000 0.00000225
vn 0.00002988 -1.00000000 0.00000225
vn 0.00003136 -1.00000000 -0.00000484
vn 0.00003136 -1.00000000 -0.00000484
vn 0.00003136 -1.00000000 -0.00000484
vn 0.00003056 -1.00000000 -0.00000569
vn 0.00003056 -1.00000000 -0.00000569
vn 0.00003056 -1.00000000 -0.00000569
vn 0.00003006 -1.00000000 -0.00000534
vn 0.00003006 -1.00000000 -0.00000534
vn 0.00003006 -1.00000000 -0.00000534
vn 0.00003099 -1.00000000 -0.00000403
vn 0.00003099 -1.00000000 -0.00000403
vn 0.00003099 -1.00000000 -0.00000403
vn 0.00003026 -1.00000000 -0.00000358
vn 0.00003026 -1.00000000 -0.00000358
vn 0.00003026 -1.00000000 -0.00000358
vn 0.00002881 -1.00000000 -0.00000649
vn 0.00002881 -1.00000000 -0.00000649
vn 0.00002881 -1.00000000 -0.00000649
vn 0.00002880 -1.00000000 -0.00000649
vn 0.00002880 -1.00000000 -0.00000649
vn 0.00002880 -1.00000000 -0.00000649
vn 0.00002951 -1.00000000 -0.00000423
vn 0.00002951 -1.00000000 -0.00000423
vn 0.00002951 -1.00000000 -0.00000423
vn 0.00003042 -1.00000000 -0.00000475
vn 0.00003042 -1.00000000 -0.00000475
vn 0.00003042 -1.00000000 -0.00000475
vn 0.00003037 -1.00000000 -0.00000513
vn 0.00003037 -1.00000000 -0.00000513
vn 0.00003037 -1.00000000 -0.00000513
vn 0.00002928 -1.00000000 -0.00000448
vn 0.00002928 -1.00000000 -0.00000448
vn 0.00002928 -1.00000000 -0.00000448
vn 0.00002985 -1.00000000 -0.00001688
vn 0.00002985 -1.00000000 -0.00001688
vn 0.00002985 -1.00000000 -0.00001688
vn 0.00002988 -1.00000000 -0.00001711
vn 0.00002988 -1.00000000 -0.00001711
vn 0.00002988 -1.00000000 -0.00001711
vn 0.00002925 -1.00000000 -0.00000299
vn 0.00002925 -1.00000000 -0.00000299
vn 0.00002925 -1.00000000 -0.00000299
vn 0.00003452 -1.00000000 -0.00000319
vn 0.00003452 -1.00000000 -0.00000319
vn 0.00003452 -1.00000000 -0.00000319
vn 0.00003016 -1.00000000 -0.00000579
vn 0.00003016 -1.00000000 -0.00000579
vn 0.00003016 -1.00000000 -0.00000579
vn 0.00002695 -1.00000000 -0.00000363
vn 0.00002695 -1.00000000 -0.00000363
vn 0.00002695 -1.00000000 -0.00000363
vn 0.00002783 -1.00000000 -0.00000312
vn 0.00002783 -1.00000000 -0.00000312
vn 0.00002783 -1.00000000 -0.00000312
vn 0.00002882 -1.00000000 -0.00000356
vn 0.00002882 -1.00000000 -0.00000356
vn 0.00002882 -1.00000000 -0.00000356
vn 0.00002653 -1.00000000 -0.00000488
vn 0.00002653 -1.00000000 -0.00000488
vn 0.00002653 -1.00000000 -0.00000488
vn 0.00003029 -1.00000000 -0.00000576
vn 0.00003029 -1.00000000 -0.00000576
vn 0.00003029 -1.00000000 -0.00000576
vn 0.00003075 -1.00000000 -0.00000547
vn 0.00003075 -1.00000000 -0.00000547
vn 0.00003075 -1.00000000 -0.00000547
vn 0.00003201 -1.00000000 -0.00000553
vn 0.00003201 -1.00000000 -0.00000553
vn 0.00003201 -1.00000000 -0.00000553
vn 0.00003232 -1.00000000 -0.00000532
vn 0.00003232 -1.00000000 -0.00000532
vn 0.00003232 -1.00000000 -0.00000532
vn 0.00002861 -1.00000000 -0.00000587
vn 0.00002861 -1.00000000 -0.00000587
vn 0.00002861 -1.00000000 -0.00000587
vn 0.00003060 -1.00000000 -0.00000419
vn 0.00003060 -1.00000000 -0.00000419
vn 0.00003060 -1.00000000 -0.00000419
vn 0.00000888 -0.00000492 1.00000000
vn 0.00000888 -0.00000492 1.00000000
vn 0.00000888 -0.00000492 1.00000000
vn 0.00000926 -0.00000617 1.00000000
vn 0.00000926 -0.00000617 1.00000000
vn 0.00000926 -0.00000617 1.00000000
vn 0.00000989 -0.00000492 1.00000000
vn 0.00000989 -0.00000492 1.00000000
vn 0.00000989 -0.00000492 1.00000000
vn 0.22646518 0.00000195 0.97401926
vn 0.22646518 0.00000195 0.97401926
vn 0.22646518 0.00000195 0.97401926
vn 0.22646518 0.00000195 0.97401926
vn 0.22646518 0.00000195 0.97401926
vn 0.22646518 0.00000195 0.97401926
vn 0.52961631 0.00001160 0.84823733
vn 0.52961631 0.00001160 0.84823733
vn 0.52961631 0.00001160 0.84823733
vn 0.52961637 0.00001172 0.84823729
vn 0.52961637 0.00001172 0.84823729
vn 0.52961637 0.00001172 0.84823729
vn 0.68941464 0.00001712 0.72436693
vn 0.68941464 0.00001712 0.72436693
vn 0.68941464 0.00001712 0.72436693
vn 0.68941455 0.00001691 0.72436702
vn 0.68941455 0.00001691 0.72436702
vn 0.68941455 0.00001691 0.72436702
vn 0.82102872 0.00002157 0.57088688
vn 0.82102872 0.00002157 0.57088688
vn 0.82102872 0.00002157 0.57088688
vn 0.82102872 0.00002157 0.57088688
vn 0.82102872 0.00002157 0.57088688
vn 0.82102872 0.00002157 0.57088688
vn 0.91908135 0.00002535 0.39406784
vn 0.91908135 0.00002535 0.39406784
vn 0.91908135 0.00002535 0.39406784
vn 0.91908139 0.00002552 0.39406775
vn 0.91908139 0.00002552 0.39406775
vn 0.91908139 0.00002552 0.39406775
vn 0.97956233 0.00002827 0.20114083
vn 0.97956233 0.00002827 0.20114083
vn 0.97956233 0.00002827 0.20114083
vn 0.97956233 0.00002827 0.20114083
vn 0.97956233 0.00002827 0.20114083
vn 0.97956233 0.00002827 0.20114083
vn 1.00000000 0.00002987 -0.00000879
vn 1.00000000 0.00002987 -0.00000879
vn 1.00000000 0.00002987 -0.00000879
vn 1.00000000 0.00002987 -0.00000879
vn 1.00000000 0.00002987 -0.00000879
vn 1.00000000 0.00002987 -0.00000879
vn 0.97955868 0.00003025 -0.20115864
vn 0.97955868 0.00003025 -0.20115864
vn 0.97955868 0.00003025 -0.20115864
vn 0.97955876 0.00002956 -0.20115824
vn 0.97955876 0.00002956 -0.20115824
vn 0.97955876 0.00002956 -0.20115824
vn 0.91907418 0.00002875 -0.39408457
vn 0.91907418 0.00002875 -0.39408457
vn 0.91907418 0.00002875 -0.39408457
vn 0.91907381 0.00003034 -0.39408544
vn 0.91907381 0.00003034 -0.39408544
vn 0.91907381 0.00003034 -0.39408544
vn 0.82101858 0.00002880 -0.57090147
vn 0.82101858 0.00002880 -0.57090147
vn 0.82101858 0.00002880 -0.57090147
vn 0.82101952 0.00002604 -0.57090013
vn 0.82101952 0.00002604 -0.57090013
vn 0.82101952 0.00002604 -0.57090013
vn 0.68940116 0.00002307 -0.72437976
vn 0.68940116 0.00002307 -0.72437976
vn 0.68940116 0.00002307 -0.72437976
vn 0.68940072 0.00002410 -0.72438019
vn 0.68940072 0.00002410 -0.72438019
vn 0.68940072 0.00002410 -0.72438019
vn 0.52960085 0.00001995 -0.84824698
vn 0.52960085 0.00001995 -0.84824698
vn 0.52960085 0.00001995 -0.84824698
vn 0.52960116 0.00001935 -0.84824679
vn 0.52960116 0.00001935 -0.84824679
vn 0.52960116 0.00001935 -0.84824679
vn 0.22644880 0.00001085 -0.97402307
vn 0.22644880 0.00001085 -0.97402307
vn 0.22644880 0.00001085 -0.97402307
vn 0.22644728 0.00001152 -0.97402342
vn 0.22644728 0.00001152 -0.97402342
vn 0.22644728 0.00001152 -0.97402342
vn -0.00000926 0.00000492 -1.00000000
vn -0.00000926 0.00000492 -1.00000000
vn -0.00000926 0.00000492 -1.00000000
vn -0.00000888 0.00000694 -1.00000000
vn -0.00000888 0.00000694 -1.00000000
vn -0.00000888 0.00000694 -1.00000000
vn -0.00000989 0.00000492 -1.00000000
vn -0.00000989 0.00000492 -1.00000000
vn -0.00000989 0.00000492 -1.00000000
vn -0.00002854 1.00000000 0.00000533
vn -0.00002854 1.00000000 0.00000533
vn -0.00002854 1.00000000 0.00000533
vn -0.00002202 1.00000000 0.00000595
vn -0.00002202 1.00000000 0.00000595
vn -0.00002202 1.00000000 0.00000595
vn -0.00002945 1.00000000 0.00000532
vn -0.00002945 1.00000000 0.00000532
vn -0.00002945 1.00000000 0.00000532
vn -0.00003115 1.00000000 0.00000501
vn -0.00003115 1.00000000 0.00000501
vn -0.00003115 1.00000000 0.00000501
vn -0.00002995 1.00000000 0.00000531
vn -0.00002995 1.00000000 0.00000531
vn -0.00002995 1.00000000 0.00000531
vn -0.00003242 1.00000000 0.00000456
vn -0.00003242 1.00000000 0.00000456
vn -0.00003242 1.00000000 0.00000456
vn -0.00002995 1.00000000 0.00000531
vn -0.00002995 1.00000000 0.00000531
vn -0.00002995 1.00000000 0.00000531
vn -0.00003150 1.00000000 0.00000450
vn -0.00003150 1.00000000 0.00000450
vn -0.00003150 1.00000000 0.00000450
vn -0.00002785 1.00000000 0.00000596
vn -0.00002785 1.00000000 0.00000596
vn -0.00002785 1.00000000 0.00000596
vn -0.00003039 1.00000000 0.00000509
vn -0.00003039 1.00000000 0.00000509
vn -0.00003039 1.00000000 0.00000509
vn -0.00002832 1.00000000 0.00000540
vn -0.00002832 1.00000000 0.00000540
vn -0.00002832 1.00000000 0.00000540
vn -0.00003150 1.00000000 0.00000524
vn -0.00003150 1.00000000 0.00000524
vn -0.00003150 1.00000000 0.00000524
vn 0.00000880 1.00000000 -0.00002370
vn 0.00000880 1.00000000 -0.00002370
vn 0.00000880 1.00000000 -0.00002370
vn 0.00000039 1.00000000 -0.00001985
vn 0.00000039 1.00000000 -0.00001985
vn 0.00000039 1.00000000 -0.00001985
vn -0.00003024 1.00000000 0.00000518
vn -0.00003024 1.00000000 0.00000518
vn -0.00003024 1.00000000 0.00000518
vn -0.00003380 1.00000000 0.00000526
vn -0.00003380 1.00000000 0.00000526
vn -0.00003380 1.00000000 0.00000526
vn -0.00002838 1.00000000 0.00000886
vn -0.00002838 1.00000000 0.00000886
vn -0.00002838 1.00000000 0.00000886
vn -0.00006343 -1.00000000 -0.00007471
vn -0.00006343 -1.00000000 -0.00007471
vn -0.00006343 -1.00000000 -0.00007471
vn 0.00003012 -1.00000000 -0.00000614
vn 0.00003012 -1.00000000 -0.00000614
vn 0.00003012 -1.00000000 -0.00000614
vn 0.00002766 -1.00000000 -0.00000614
vn 0.00002766 -1.00000000 -0.00000614
vn 0.00002766 -1.00000000 -0.00000614
vn 0.00003120 -1.00000000 -0.00000517
vn 0.00003120 -1.00000000 -0.00000517
vn 0.00003120 -1.00000000 -0.00000517
vn 0.00002808 -1.00000000 -0.00000550
vn 0.00002808 -1.00000000 -0.00000550
vn 0.00002808 -1.00000000 -0.00000550
vn 0.00003001 -1.00000000 -0.00000508
vn 0.00003001 -1.00000000 -0.00000508
vn 0.00003001 -1.00000000 -0.00000508
vn 0.00027024 -0.99999995 0.00017927
vn 0.00027024 -0.99999995 0.00017927
vn 0.00027024 -0.99999995 0.00017927
vn 0.00002857 -1.00000000 -0.00000745
vn 0.00002857 -1.00000000 -0.00000745
vn 0.00002857 -1.00000000 -0.00000745
vn 0.00002770 -1.00000000 -0.00000853
vn 0.00002770 -1.00000000 -0.00000853
vn 0.00002770 -1.00000000 -0.00000853
vn 0.00001951 -1.00000000 0.00000239
vn 0.00001951 -1.00000000 0.00000239
vn 0.00001951 -1.00000000 0.00000239
vn 0.00006562 -1.00000000 0.00000802
vn 0.00006562 -1.00000000 0.00000802
vn 0.00006562 -1.00000000 0.00000802
vn 0.00007417 -1.00000000 -0.00000939
vn 0.00007417 -1.00000000 -0.00000939
vn 0.00007417 -1.00000000 -0.00000939
vn -0.00010291 -0.99999999 -0.00002656
vn -0.00010291 -0.99999999 -0.00002656
vn -0.00010291 -0.99999999 -0.00002656
vn 0.00004371 -1.00000000 -0.00000506
vn 0.00004371 -1.00000000 -0.00000506
vn 0.00004371 -1.00000000 -0.00000506
vn -0.00002071 -1.00000000 -0.00000534
vn -0.00002071 -1.00000000 -0.00000534
vn -0.00002071 -1.00000000 -0.00000534
vn 0.00002321 -1.00000000 -0.00000503
vn 0.00002321 -1.00000000 -0.00000503
vn 0.00002321 -1.00000000 -0.00000503
vn -0.00003123 -1.00000000 -0.00000518
vn -0.00003123 -1.00000000 -0.00000518
vn -0.00003123 -1.00000000 -0.00000518
vn 0.00000180 -1.00000000 -0.00001370
vn 0.00000180 -1.00000000 -0.00001370
vn 0.00000180 -1.00000000 -0.00001370
vn 0.00002903 -1.00000000 0.00000722
vn 0.00002903 -1.00000000 0.00000722
vn 0.00002903 -1.00000000 0.00000722
vn 0.00002605 -1.00000000 -0.00002338
vn 0.00002605 -1.00000000 -0.00002338
vn 0.00002605 -1.00000000 -0.00002338
vn 0.00003037 -1.00000000 -0.00000496
vn 0.00003037 -1.00000000 -0.00000496
vn 0.00003037 -1.00000000 -0.00000496
vn 0.00000981 -1.00000000 -0.00001447
vn 0.00000981 -1.00000000 -0.00001447
vn 0.00000981 -1.00000000 -0.00001447
vn 0.00002927 -1.00000000 -0.00000543
vn 0.00002927 -1.00000000 -0.00000543
vn 0.00002927 -1.00000000 -0.00000543
vn 0.00002922 -1.00000000 -0.00000544
vn 0.00002922 -1.00000000 -0.00000544
vn 0.00002922 -1.00000000 -0.00000544
vn 0.00003077 -1.00000000 -0.00000475
vn 0.00003077 -1.00000000 -0.00000475
vn 0.00003077 -1.00000000 -0.00000475
vn 0.00002817 -1.00000000 -0.00000558
vn 0.00002817 -1.00000000 -0.00000558
vn 0.00002817 -1.00000000 -0.00000558
vn 0.00002971 -1.00000000 -0.00000508
vn 0.00002971 -1.00000000 -0.00000508
vn 0.00002971 -1.00000000 -0.00000508
vn 0.00003074 -1.00000000 -0.00000506
vn 0.00003074 -1.00000000 -0.00000506
vn 0.00003074 -1.00000000 -0.00000506
vn 1.00000000 0.00002990 -0.00000907
vn 1.00000000 0.00002990 -0.00000907
vn 1.00000000 0.00002990 -0.00000907
vn 1.00000000 0.00002990 -0.00000907
vn 1.00000000 0.00002990 -0.00000907
vn 1.00000000 0.00002990 -0.00000907
vn -0.27880049 -0.00001342 0.96034905
vn -0.27880049 -0.00001342 0.96034905
vn -0.27880049 -0.00001342 0.96034905
vn -0.27879918 -0.00001368 0.96034942
vn -0.27879918 -0.00001368 0.96034942
vn -0.27879918 -0.00001368 0.96034942
vn -0.17795729 -0.00001080 0.98403821
vn -0.17795729 -0.00001080 0.98403821
vn -0.17795729 -0.00001080 0.98403821
vn -0.17795734 -0.00001089 0.98403820
vn -0.17795734 -0.00001089 0.98403820
vn -0.17795734 -0.00001089 0.98403820
vn 0.00964794 -0.00000530 0.99995346
vn 0.00964794 -0.00000530 0.99995346
vn 0.00964794 -0.00000530 0.99995346
vn 0.00964794 -0.00000530 0.99995346
vn 0.00964794 -0.00000530 0.99995346
vn 0.00964794 -0.00000530 0.99995346
vn 0.14507098 -0.00000114 0.98942125
vn 0.14507098 -0.00000114 0.98942125
vn 0.14507098 -0.00000114 0.98942125
vn 0.14506938 -0.00000233 0.98942148
vn 0.14506938 -0.00000233 0.98942148
vn 0.14506938 -0.00000233 0.98942148
vn 0.28248039 0.00000177 0.95927307
vn 0.28248039 0.00000177 0.95927307
vn 0.28248039 0.00000177 0.95927307
vn 0.23956991 0.07949141 0.96761944
vn 0.23956991 0.07949141 0.96761944
vn 0.23956991 0.07949141 0.96761944
vn 0.33628064 0.00000484 0.94176182
vn 0.33628064 0.00000484 0.94176182
vn 0.33628064 0.00000484 0.94176182
vn 0.46780099 0.00000911 0.88383383
vn 0.46780099 0.00000911 0.88383383
vn 0.46780099 0.00000911 0.88383383
vn 0.42697476 0.08025253 0.90069534
vn 0.42697476 0.08025253 0.90069534
vn 0.42697476 0.08025253 0.90069534
vn 0.51657208 0.00000989 0.85624370
vn 0.51657208 0.00000989 0.85624370
vn 0.51657208 0.00000989 0.85624370
vn 0.59924384 0.00001255 0.80056656
vn 0.59924384 0.00001255 0.80056656
vn 0.59924384 0.00001255 0.80056656
vn 0.60388917 0.00592229 0.79704630
vn 0.60388917 0.00592229 0.79704630
vn 0.60388917 0.00592229 0.79704630
vn 0.64723588 0.00001757 0.76228978
vn 0.64723588 0.00001757 0.76228978
vn 0.64723588 0.00001757 0.76228978
vn 0.71364780 0.00001970 0.70050468
vn 0.71364780 0.00001970 0.70050468
vn 0.71364780 0.00001970 0.70050468
vn 0.71364030 0.00001742 0.70051232
vn 0.71364030 0.00001742 0.70051232
vn 0.71364030 0.00001742 0.70051232
vn 0.97046420 0.00002766 0.24124516
vn 0.97046420 0.00002766 0.24124516
vn 0.97046420 0.00002766 0.24124516
vn 0.97046422 0.00002767 0.24124511
vn 0.97046422 0.00002767 0.24124511
vn 0.97046422 0.00002767 0.24124511
vn -0.00003217 1.00000000 0.00000438
vn -0.00003217 1.00000000 0.00000438
vn -0.00003217 1.00000000 0.00000438
vn -0.00003197 1.00000000 0.00000517
vn -0.00003197 1.00000000 0.00000517
vn -0.00003197 1.00000000 0.00000517
vn -0.00003497 1.00000000 0.00000512
vn -0.00003497 1.00000000 0.00000512
vn -0.00003497 1.00000000 0.00000512
vn -0.00003002 1.00000000 0.00000600
vn -0.00003002 1.00000000 0.00000600
vn -0.00003002 1.00000000 0.00000600
vn -0.00003067 1.00000000 0.00000481
vn -0.00003067 1.00000000 0.00000481
vn -0.00003067 1.00000000 0.00000481
vn -0.00000493 1.00000000 0.00001616
vn -0.00000493 1.00000000 0.00001616
vn -0.00000493 1.00000000 0.00001616
vn -0.00003039 1.00000000 0.00000491
vn -0.00003039 1.00000000 0.00000491
vn -0.00003039 1.00000000 0.00000491
vn 0.00005561 1.00000000 0.00002861
vn 0.00005561 1.00000000 0.00002861
vn 0.00005561 1.00000000 0.00002861
vn -0.00003089 1.00000000 0.00000493
vn -0.00003089 1.00000000 0.00000493
vn -0.00003089 1.00000000 0.00000493
vn -0.00000956 1.00000000 0.00001410
vn -0.00000956 1.00000000 0.00001410
vn -0.00000956 1.00000000 0.00001410
vn -0.00003417 1.00000000 0.00000319
vn -0.00003417 1.00000000 0.00000319
vn -0.00003417 1.00000000 0.00000319
vn 0.00004948 1.00000000 0.00003801
vn 0.00004948 1.00000000 0.00003801
vn 0.00004948 1.00000000 0.00003801
vn -0.00007799 1.00000000 0.00000456
vn -0.00007799 1.00000000 0.00000456
vn -0.00007799 1.00000000 0.00000456
vn -0.00003001 1.00000000 0.00000511
vn -0.00003001 1.00000000 0.00000511
vn -0.00003001 1.00000000 0.00000511
vn -0.00002926 1.00000000 0.00000517
vn -0.00002926 1.00000000 0.00000517
vn -0.00002926 1.00000000 0.00000517
vn -0.00006283 1.00000000 0.00000512
vn -0.00006283 1.00000000 0.00000512
vn -0.00006283 1.00000000 0.00000512
vn -0.00002450 1.00000000 0.00000688
vn -0.00002450 1.00000000 0.00000688
vn -0.00002450 1.00000000 0.00000688
vn -0.00002920 1.00000000 0.00000538
vn -0.00002920 1.00000000 0.00000538
vn -0.00002920 1.00000000 0.00000538
vn -0.00002883 1.00000000 0.00000546
vn -0.00002883 1.00000000 0.00000546
vn -0.00002883 1.00000000 0.00000546
vn -0.00002989 1.00000000 0.00000510
vn -0.00002989 1.00000000 0.00000510
vn -0.00002989 1.00000000 0.00000510
vn 0.00000411 1.00000000 0.00001348
vn 0.00000411 1.00000000 0.00001348
vn 0.00000411 1.00000000 0.00001348
vn -0.00003063 1.00000000 0.00000483
vn -0.00003063 1.00000000 0.00000483
vn -0.00003063 1.00000000 0.00000483
vn -0.00002846 1.00000000 0.00000523
vn -0.00002846 1.00000000 0.00000523
vn -0.00002846 1.00000000 0.00000523
vn -0.00002664 1.00000000 0.00000731
vn -0.00002664 1.00000000 0.00000731
vn -0.00002664 1.00000000 0.00000731
vn -0.00010083 0.99999999 -0.00005837
vn -0.00010083 0.99999999 -0.00005837
vn -0.00010083 0.99999999 -0.00005837
vn -0.00002925 1.00000000 0.00001249
vn -0.00002925 1.00000000 0.00001249
vn -0.00002925 1.00000000 0.00001249
vn -0.00002977 1.00000000 0.00000455
vn -0.00002977 1.00000000 0.00000455
vn -0.00002977 1.00000000 0.00000455
vn -0.00002946 1.00000000 0.00000425
vn -0.00002946 1.00000000 0.00000425
vn -0.00002946 1.00000000 0.00000425
vn -0.00002924 1.00000000 0.00000373
vn -0.00002924 1.00000000 0.00000373
vn -0.00002924 1.00000000 0.00000373
vn -0.00002980 1.00000000 0.00000632
vn -0.00002980 1.00000000 0.00000632
vn -0.00002980 1.00000000 0.00000632
vn -0.00003088 1.00000000 0.00000269
vn -0.00003088 1.00000000 0.00000269
vn -0.00003088 1.00000000 0.00000269
vn -0.00002872 1.00000000 0.00000595
vn -0.00002872 1.00000000 0.00000595
vn -0.00002872 1.00000000 0.00000595
vn -0.00004137 1.00000000 -0.00000623
vn -0.00004137 1.00000000 -0.00000623
vn -0.00004137 1.00000000 -0.00000623
vn 0.00019039 0.99999997 0.00017115
vn 0.00019039 0.99999997 0.00017115
vn 0.00019039 0.99999997 0.00017115
vn -0.00003173 1.00000000 0.00000300
vn -0.00003173 1.00000000 0.00000300
vn -0.00003173 1.00000000 0.00000300
vn -0.00003036 1.00000000 0.00000489
vn -0.00003036 1.00000000 0.00000489
vn -0.00003036 1.00000000 0.00000489
vn -0.00002922 1.00000000 0.00000507
vn -0.00002922 1.00000000 0.00000507
vn -0.00002922 1.00000000 0.00000507
vn -0.00002948 1.00000000 0.00000510
vn -0.00002948 1.00000000 0.00000510
vn -0.00002948 1.00000000 0.00000510
vn -0.00002811 1.00000000 0.00000558
vn -0.00002811 1.00000000 0.00000558
vn -0.00002811 1.00000000 0.00000558
vn -0.00002690 1.00000000 0.00000497
vn -0.00002690 1.00000000 0.00000497
vn -0.00002690 1.00000000 0.00000497
vn -0.00003003 1.00000000 0.00000611
vn -0.00003003 1.00000000 0.00000611
vn -0.00003003 1.00000000 0.00000611
vn -0.00003020 1.00000000 0.00000718
vn -0.00003020 1.00000000 0.00000718
vn -0.00003020 1.00000000 0.00000718
vn -0.00002981 1.00000000 0.00000580
vn -0.00002981 1.00000000 0.00000580
vn -0.00002981 1.00000000 0.00000580
vn -0.00002960 1.00000000 0.00000642
vn -0.00002960 1.00000000 0.00000642
vn -0.00002960 1.00000000 0.00000642
vn -0.00003011 1.00000000 0.00000440
vn -0.00003011 1.00000000 0.00000440
vn -0.00003011 1.00000000 0.00000440
vn -0.00003329 1.00000000 -0.00000038
vn -0.00003329 1.00000000 -0.00000038
vn -0.00003329 1.00000000 -0.00000038
vn -0.00002957 1.00000000 0.00000590
vn -0.00002957 1.00000000 0.00000590
vn -0.00002957 1.00000000 0.00000590
vn -0.00003123 1.00000000 0.00000419
vn -0.00003123 1.00000000 0.00000419
vn -0.00003123 1.00000000 0.00000419
vn -0.00003179 1.00000000 -0.00000749
vn -0.00003179 1.00000000 -0.00000749
vn -0.00003179 1.00000000 -0.00000749
vn -0.00002938 1.00000000 0.00000430
vn -0.00002938 1.00000000 0.00000430
vn -0.00002938 1.00000000 0.00000430
vn -0.00002918 1.00000000 0.00000499
vn -0.00002918 1.00000000 0.00000499
vn -0.00002918 1.00000000 0.00000499
vn -0.00002932 1.00000000 0.00000542
vn -0.00002932 1.00000000 0.00000542
vn -0.00002932 1.00000000 0.00000542
vn -0.00003071 1.00000000 0.00000497
vn -0.00003071 1.00000000 0.00000497
vn -0.00003071 1.00000000 0.00000497
vn -0.00002880 1.00000000 0.00000591
vn -0.00002880 1.00000000 0.00000591
vn -0.00002880 1.00000000 0.00000591
vn -0.00003214 1.00000000 0.00000446
vn -0.00003214 1.00000000 0.00000446
vn -0.00003214 1.00000000 0.00000446
vn -0.00002863 1.00000000 0.00000629
vn -0.00002863 1.00000000 0.00000629
vn -0.00002863 1.00000000 0.00000629
vn -0.00003166 1.00000000 0.00000245
vn -0.00003166 1.00000000 0.00000245
vn -0.00003166 1.00000000 0.00000245
vn -0.00003408 1.00000000 0.00000128
vn -0.00003408 1.00000000 0.00000128
vn -0.00003408 1.00000000 0.00000128
vn -0.00002956 1.00000000 0.00000537
vn -0.00002956 1.00000000 0.00000537
vn -0.00002956 1.00000000 0.00000537
vn -0.00002825 1.00000000 0.00000571
vn -0.00002825 1.00000000 0.00000571
vn -0.00002825 1.00000000 0.00000571
vn -0.00002803 1.00000000 0.00000647
vn -0.00002803 1.00000000 0.00000647
vn -0.00002803 1.00000000 0.00000647
vn -0.00002920 1.00000000 0.00000484
vn -0.00002920 1.00000000 0.00000484
vn -0.00002920 1.00000000 0.00000484
vn -0.00002910 1.00000000 0.00000201
vn -0.00002910 1.00000000 0.00000201
vn -0.00002910 1.00000000 0.00000201
vn -0.00002862 1.00000000 0.00000110
vn -0.00002862 1.00000000 0.00000110
vn -0.00002862 1.00000000 0.00000110
vn -0.00002981 1.00000000 0.00000472
vn -0.00002981 1.00000000 0.00000472
vn -0.00002981 1.00000000 0.00000472
vn -0.00003237 1.00000000 -0.00000802
vn -0.00003237 1.00000000 -0.00000802
vn -0.00003237 1.00000000 -0.00000802
vn -0.00002834 1.00000000 0.00000696
vn -0.00002834 1.00000000 0.00000696
vn -0.00002834 1.00000000 0.00000696
vn 0.00000259 -1.00000000 0.00004401
vn 0.00000259 -1.00000000 0.00004401
vn 0.00000259 -1.00000000 0.00004401
vn -0.00000003 -1.00000000 0.00003287
vn -0.00000003 -1.00000000 0.00003287
vn -0.00000003 -1.00000000 0.00003287
vn 0.00000000 -1.00000000 0.00003316
vn 0.00000000 -1.00000000 0.00003316
vn 0.00000000 -1.00000000 0.00003316
vn -0.00000308 0.00000077 1.00000000
vn -0.00000308 0.00000077 1.00000000
vn -0.00000308 0.00000077 1.00000000
vn 0.00000024 0.00003215 1.00000000
vn 0.00000024 0.00003215 1.00000000
vn 0.00000024 0.00003215 1.00000000
vn 0.00000000 -1.00000000 0.00002503
vn 0.00000000 -1.00000000 0.00002503
vn 0.00000000 -1.00000000 0.00002503
vn 0.00000062 -1.00000000 0.00003029
vn 0.00000062 -1.00000000 0.00003029
vn 0.00000062 -1.00000000 0.00003029
vn 0.00000062 -1.00000000 0.00004738
vn 0.00000062 -1.00000000 0.00004738
vn 0.00000062 -1.00000000 0.00004738
vn 1.00000000 0.00000000 0.00000000
vn 1.00000000 0.00000000 0.00000000
vn 1.00000000 0.00000000 0.00000000
vn 1.00000000 -0.00000233 0.00000000
vn 1.00000000 -0.00000233 0.00000000
vn 1.00000000 -0.00000233 0.00000000
vn 1.00000000 -0.00000000 0.00000005
vn 1.00000000 -0.00000000 0.00000005
vn 1.00000000 -0.00000000 0.00000005
vn 1.00000000 0.00000079 0.00000000
vn 1.00000000 0.00000079 0.00000000
vn 1.00000000 0.00000079 0.00000000
vn 1.00000000 -0.00000233 -0.00000000
vn 1.00000000 -0.00000233 -0.00000000
vn 1.00000000 -0.00000233 -0.00000000
vn 1.00000000 -0.00000000 -0.00000005
vn 1.00000000 -0.00000000 -0.00000005
vn 1.00000000 -0.00000000 -0.00000005
vn 0.00007831 0.99999987 -0.00050030
vn 0.00007831 0.99999987 -0.00050030
vn 0.00007831 0.99999987 -0.00050030
vn 0.00006817 0.99999987 -0.00050422
vn 0.00006817 0.99999987 -0.00050422
vn 0.00006817 0.99999987 -0.00050422
vn 0.00007396 0.99999987 -0.00050593
vn 0.00007396 0.99999987 -0.00050593
vn 0.00007396 0.99999987 -0.00050593
vn 0.00014665 0.99999986 -0.00050540
vn 0.00014665 0.99999986 -0.00050540
vn 0.00014665 0.99999986 -0.00050540
vn 0.00056802 0.99999977 -0.00035747
vn 0.00056802 0.99999977 -0.00035747
vn 0.00056802 0.99999977 -0.00035747
vn 0.00018681 0.99999996 -0.00018850
vn 0.00018681 0.99999996 -0.00018850
vn 0.00018681 0.99999996 -0.00018850
vn 0.00236871 0.99999712 -0.00038313
vn 0.00236871 0.99999712 -0.00038313
vn 0.00236871 0.99999712 -0.00038313
vn 0.01146361 0.99993396 -0.00081778
vn 0.01146361 0.99993396 -0.00081778
vn 0.01146361 0.99993396 -0.00081778
vn 0.01450547 0.99989141 -0.00259950
vn 0.01450547 0.99989141 -0.00259950
vn 0.01450547 0.99989141 -0.00259950
vn 0.13127312 0.99134377 0.00221120
vn 0.13127312 0.99134377 0.00221120
vn 0.13127312 0.99134377 0.00221120
vn 0.14562063 0.98932513 -0.00551547
vn 0.14562063 0.98932513 -0.00551547
vn 0.14562063 0.98932513 -0.00551547
vn 0.26859702 0.96324301 0.00430619
vn 0.26859702 0.96324301 0.00430619
vn 0.26859702 0.96324301 0.00430619
vn 0.27661700 0.96098023 -0.00015272
vn 0.27661700 0.96098023 -0.00015272
vn 0.27661700 0.96098023 -0.00015272
vn 0.34316006 0.93927684 -0.00044282
vn 0.34316006 0.93927684 -0.00044282
vn 0.34316006 0.93927684 -0.00044282
vn 0.39894180 0.91696365 0.00480658
vn 0.39894180 0.91696365 0.00480658
vn 0.39894180 0.91696365 0.00480658
vn 0.40779058 0.91307541 -0.00037461
vn 0.40779058 0.91307541 -0.00037461
vn 0.40779058 0.91307541 -0.00037461
vn 0.00006816 0.99999986 0.00051696
vn 0.00006816 0.99999986 0.00051696
vn 0.00006816 0.99999986 0.00051696
vn 0.05184015 0.99858909 0.01150744
vn 0.05184015 0.99858909 0.01150744
vn 0.05184015 0.99858909 0.01150744
vn -0.00038086 0.99999936 0.00106439
vn -0.00038086 0.99999936 0.00106439
vn -0.00038086 0.99999936 0.00106439
vn 0.00041003 0.99999960 0.00079263
vn 0.00041003 0.99999960 0.00079263
vn 0.00041003 0.99999960 0.00079263
vn 0.00010764 0.99999986 0.00052035
vn 0.00010764 0.99999986 0.00052035
vn 0.00010764 0.99999986 0.00052035
vn 0.00006521 0.99999986 0.00052066
vn 0.00006521 0.99999986 0.00052066
vn 0.00006521 0.99999986 0.00052066
vn 0.01798968 0.99974263 -0.01382179
vn 0.01798968 0.99974263 -0.01382179
vn 0.01798968 0.99974263 -0.01382179
vn 0.12708561 0.99186660 0.00706396
vn 0.12708561 0.99186660 0.00706396
vn 0.12708561 0.99186660 0.00706396
vn 0.20198515 0.97936181 -0.00724132
vn 0.20198515 0.97936181 -0.00724132
vn 0.20198515 0.97936181 -0.00724132
vn 0.26435636 0.96440564 0.00612239
vn 0.26435636 0.96440564 0.00612239
vn 0.26435636 0.96440564 0.00612239
vn 0.30310855 0.95295578 0.00069423
vn 0.30310855 0.95295578 0.00069423
vn 0.30310855 0.95295578 0.00069423
vn 0.39758193 0.91756664 -0.00027410
vn 0.39758193 0.91756664 -0.00027410
vn 0.39758193 0.91756664 -0.00027410
vn 0.39553326 0.91845157 0.00038775
vn 0.39553326 0.91845157 0.00038775
vn 0.39553326 0.91845157 0.00038775
vn 0.08368124 -0.71996970 -0.68894201
vn 0.08368124 -0.71996970 -0.68894201
vn 0.08368124 -0.71996970 -0.68894201
vn 0.04228237 -0.70396371 -0.70897623
vn 0.04228237 -0.70396371 -0.70897623
vn 0.04228237 -0.70396371 -0.70897623
vn 0.03146224 -0.72708106 -0.68583035
vn 0.03146224 -0.72708106 -0.68583035
vn 0.03146224 -0.72708106 -0.68583035
vn 0.05753371 -0.70169634 -0.71014936
vn 0.05753371 -0.70169634 -0.71014936
vn 0.05753371 -0.70169634 -0.71014936
vn 0.12506909 -0.71827171 -0.68442931
vn 0.12506909 -0.71827171 -0.68442931
vn 0.12506909 -0.71827171 -0.68442931
vn 0.12903064 -0.71830472 -0.68365885
vn 0.12903064 -0.71830472 -0.68365885
vn 0.12903064 -0.71830472 -0.68365885
vn 0.13125534 -0.71598081 -0.68567012
vn 0.13125534 -0.71598081 -0.68567012
vn 0.13125534 -0.71598081 -0.68567012
vn 0.13344572 -0.71598240 -0.68524553
vn 0.13344572 -0.71598240 -0.68524553
vn 0.13344572 -0.71598240 -0.68524553
vn 0.12766613 -0.71563323 -0.68670987
vn 0.12766613 -0.71563323 -0.68670987
vn 0.12766613 -0.71563323 -0.68670987
vn 0.12956429 -0.71370926 -0.68835470
vn 0.12956429 -0.71370926 -0.68835470
vn 0.12956429 -0.71370926 -0.68835470
vn 0.10977997 -0.71367096 -0.69182521
vn 0.10977997 -0.71367096 -0.69182521
vn 0.10977997 -0.71367096 -0.69182521
vn 0.11247396 -0.71059974 -0.69454850
vn 0.11247396 -0.71059974 -0.69454850
vn 0.11247396 -0.71059974 -0.69454850
vn 0.08168588 -0.71267129 -0.69672595
vn 0.08168588 -0.71267129 -0.69672595
vn 0.08168588 -0.71267129 -0.69672595
vn 0.12359902 -0.71827027 -0.68469782
vn 0.12359902 -0.71827027 -0.68469782
vn 0.12359902 -0.71827027 -0.68469782
vn 0.11616442 -0.72103499 -0.68309177
vn 0.11616442 -0.72103499 -0.68309177
vn 0.11616442 -0.72103499 -0.68309177
vn 0.10737718 -0.70950370 -0.69647300
vn 0.10737718 -0.70950370 -0.69647300
vn 0.10737718 -0.70950370 -0.69647300
vn 0.09904423 -0.72461840 -0.68199590
vn 0.09904423 -0.72461840 -0.68199590
vn 0.09904423 -0.72461840 -0.68199590
vn 0.08963724 -0.72463612 -0.68327714
vn 0.08963724 -0.72463612 -0.68327714
vn 0.08963724 -0.72463612 -0.68327714
vn 0.08600189 -0.72720143 -0.68101523
vn 0.08600189 -0.72720143 -0.68101523
vn 0.08600189 -0.72720143 -0.68101523
vn 0.07571102 -0.71977622 -0.69006523
vn 0.07571102 -0.71977622 -0.69006523
vn 0.07571102 -0.71977622 -0.69006523
vn 0.07603913 -0.73475371 -0.67405863
vn 0.07603913 -0.73475371 -0.67405863
vn 0.07603913 -0.73475371 -0.67405863
vn 0.74371127 -0.66846227 -0.00719260
vn 0.74371127 -0.66846227 -0.00719260
vn 0.74371127 -0.66846227 -0.00719260
vn 0.72842839 -0.68504134 -0.01050903
vn 0.72842839 -0.68504134 -0.01050903
vn 0.72842839 -0.68504134 -0.01050903
vn 0.74299369 -0.66893909 -0.02192872
vn 0.74299369 -0.66893909 -0.02192872
vn 0.74299369 -0.66893909 -0.02192872
vn 0.29171375 -0.71800127 -0.63196303
vn 0.29171375 -0.71800127 -0.63196303
vn 0.29171375 -0.71800127 -0.63196303
vn 0.29046871 -0.71801269 -0.63252328
vn 0.29046871 -0.71801269 -0.63252328
vn 0.29046871 -0.71801269 -0.63252328
vn 0.29377981 -0.71799415 -0.63101333
vn 0.29377981 -0.71799415 -0.63101333
vn 0.29377981 -0.71799415 -0.63101333
vn 0.28920435 -0.71810804 -0.63299423
vn 0.28920435 -0.71810804 -0.63299423
vn 0.28920435 -0.71810804 -0.63299423
vn 0.29024417 -0.71803640 -0.63259944
vn 0.29024417 -0.71803640 -0.63259944
vn 0.29024417 -0.71803640 -0.63259944
vn 0.29073944 -0.71801899 -0.63239173
vn 0.29073944 -0.71801899 -0.63239173
vn 0.29073944 -0.71801899 -0.63239173
vn 0.27233663 -0.72410080 -0.63364879
vn 0.27233663 -0.72410080 -0.63364879
vn 0.27233663 -0.72410080 -0.63364879
vn 0.28240989 -0.71956065 -0.63441084
vn 0.28240989 -0.71956065 -0.63441084
vn 0.28240989 -0.71956065 -0.63441084
vn 0.28704409 -0.71839609 -0.63365034
vn 0.28704409 -0.71839609 -0.63365034
vn 0.28704409 -0.71839609 -0.63365034
vn 0.24998529 -0.74067267 -0.62362758
vn 0.24998529 -0.74067267 -0.62362758
vn 0.24998529 -0.74067267 -0.62362758
vn 0.23570823 -0.75643135 -0.61012559
vn 0.23570823 -0.75643135 -0.61012559
vn 0.23570823 -0.75643135 -0.61012559
vn 0.22860626 -0.71893792 -0.65640494
vn 0.22860626 -0.71893792 -0.65640494
vn 0.22860626 -0.71893792 -0.65640494
vn 0.37174480 -0.71110504 -0.59677083
vn 0.37174480 -0.71110504 -0.59677083
vn 0.37174480 -0.71110504 -0.59677083
vn 0.28889587 -0.71800719 -0.63324944
vn 0.28889587 -0.71800719 -0.63324944
vn 0.28889587 -0.71800719 -0.63324944
vn 0.32783619 -0.71740430 -0.61469871
vn 0.32783619 -0.71740430 -0.61469871
vn 0.32783619 -0.71740430 -0.61469871
vn 0.28717953 -0.76631697 -0.57470534
vn 0.28717953 -0.76631697 -0.57470534
vn 0.28717953 -0.76631697 -0.57470534
vn 0.35624221 -0.70718086 -0.61072639
vn 0.35624221 -0.70718086 -0.61072639
vn 0.35624221 -0.70718086 -0.61072639
vn 0.39308665 -0.71094110 -0.58313432
vn 0.39308665 -0.71094110 -0.58313432
vn 0.39308665 -0.71094110 -0.58313432
vn 0.39279461 -0.72594094 -0.56455482
vn 0.39279461 -0.72594094 -0.56455482
vn 0.39279461 -0.72594094 -0.56455482
vn 0.45344882 -0.69253499 -0.56105210
vn 0.45344882 -0.69253499 -0.56105210
vn 0.45344882 -0.69253499 -0.56105210
vn 0.45350889 -0.69306262 -0.56035158
vn 0.45350889 -0.69306262 -0.56035158
vn 0.45350889 -0.69306262 -0.56035158
vn 0.48326922 -0.72686876 -0.48796790
vn 0.48326922 -0.72686876 -0.48796790
vn 0.48326922 -0.72686876 -0.48796790
vn 0.50412149 -0.67524184 -0.53843290
vn 0.50412149 -0.67524184 -0.53843290
vn 0.50412149 -0.67524184 -0.53843290
vn 0.54179141 -0.71530316 -0.44136544
vn 0.54179141 -0.71530316 -0.44136544
vn 0.54179141 -0.71530316 -0.44136544
vn 0.56189226 -0.67434432 -0.47910001
vn 0.56189226 -0.67434432 -0.47910001
vn 0.56189226 -0.67434432 -0.47910001
vn 0.58989855 -0.70329277 -0.39673541
vn 0.58989855 -0.70329277 -0.39673541
vn 0.58989855 -0.70329277 -0.39673541
vn 0.58975317 -0.70356586 -0.39646724
vn 0.58975317 -0.70356586 -0.39646724
vn 0.58975317 -0.70356586 -0.39646724
vn 0.64933978 -0.67208570 -0.35589136
vn 0.64933978 -0.67208570 -0.35589136
vn 0.64933978 -0.67208570 -0.35589136
vn 0.63191770 -0.70250160 -0.32737062
vn 0.63191770 -0.70250160 -0.32737062
vn 0.63191770 -0.70250160 -0.32737062
vn 0.66702228 -0.67883252 -0.30703043
vn 0.66702228 -0.67883252 -0.30703043
vn 0.66702228 -0.67883252 -0.30703043
vn 0.67085763 -0.69195319 -0.26674111
vn 0.67085763 -0.69195319 -0.26674111
vn 0.67085763 -0.69195319 -0.26674111
vn 0.71846121 -0.67446057 -0.17004828
vn 0.71846121 -0.67446057 -0.17004828
vn 0.71846121 -0.67446057 -0.17004828
vn 0.71764041 -0.67447518 -0.17342282
vn 0.71764041 -0.67447518 -0.17342282
vn 0.71764041 -0.67447518 -0.17342282
vn 0.71780286 -0.67447184 -0.17276223
vn 0.71780286 -0.67447184 -0.17276223
vn 0.71780286 -0.67447184 -0.17276223
vn 0.71750644 -0.67446855 -0.17400199
vn 0.71750644 -0.67446855 -0.17400199
vn 0.71750644 -0.67446855 -0.17400199
vn 0.71761364 -0.67446614 -0.17356865
vn 0.71761364 -0.67446614 -0.17356865
vn 0.71761364 -0.67446614 -0.17356865
vn 0.71809884 -0.67446084 -0.17157108
vn 0.71809884 -0.67446084 -0.17157108
vn 0.71809884 -0.67446084 -0.17157108
vn 0.71738555 -0.67450382 -0.17436332
vn 0.71738555 -0.67450382 -0.17436332
vn 0.71738555 -0.67450382 -0.17436332
vn 0.71765880 -0.67448055 -0.17332582
vn 0.71765880 -0.67448055 -0.17332582
vn 0.71765880 -0.67448055 -0.17332582
vn 0.71770937 -0.67448210 -0.17311025
vn 0.71770937 -0.67448210 -0.17311025
vn 0.71770937 -0.67448210 -0.17311025
vn 0.71618231 -0.67479550 -0.17814020
vn 0.71618231 -0.67479550 -0.17814020
vn 0.71618231 -0.67479550 -0.17814020
vn 0.71717949 -0.67451693 -0.17515847
vn 0.71717949 -0.67451693 -0.17515847
vn 0.71717949 -0.67451693 -0.17515847
vn 0.71748141 -0.67455383 -0.17377445
vn 0.71748141 -0.67455383 -0.17377445
vn 0.71748141 -0.67455383 -0.17377445
vn 0.70810425 -0.67897886 -0.19384551
vn 0.70810425 -0.67897886 -0.19384551
vn 0.70810425 -0.67897886 -0.19384551
vn 0.71533462 -0.67448547 -0.18266287
vn 0.71533462 -0.67448547 -0.18266287
vn 0.71533462 -0.67448547 -0.18266287
vn 0.71614387 -0.67502732 -0.17741498
vn 0.71614387 -0.67502732 -0.17741498
vn 0.71614387 -0.67502732 -0.17741498
vn 0.67879685 -0.68432616 -0.26633165
vn 0.67879685 -0.68432616 -0.26633165
vn 0.67879685 -0.68432616 -0.26633165
vn 0.69513254 -0.67771042 -0.23979022
vn 0.69513254 -0.67771042 -0.23979022
vn 0.69513254 -0.67771042 -0.23979022
vn 0.69687270 -0.68150944 -0.22341290
vn 0.69687270 -0.68150944 -0.22341290
vn 0.69687270 -0.68150944 -0.22341290
vn 0.70888449 -0.67042059 -0.21913239
vn 0.70888449 -0.67042059 -0.21913239
vn 0.70888449 -0.67042059 -0.21913239
vn 0.70676954 -0.68090011 -0.19196835
vn 0.70676954 -0.68090011 -0.19196835
vn 0.70676954 -0.68090011 -0.19196835
vn 0.73434551 -0.67101340 -0.10236059
vn 0.73434551 -0.67101340 -0.10236059
vn 0.73434551 -0.67101340 -0.10236059
vn 0.73071994 -0.67234002 -0.11835230
vn 0.73071994 -0.67234002 -0.11835230
vn 0.73071994 -0.67234002 -0.11835230
vn 0.72232222 -0.67293137 -0.15941764
vn 0.72232222 -0.67293137 -0.15941764
vn 0.72232222 -0.67293137 -0.15941764
vn 0.71048907 -0.68863792 -0.14485544
vn 0.71048907 -0.68863792 -0.14485544
vn 0.71048907 -0.68863792 -0.14485544
vn 0.72724327 -0.67241196 -0.13776566
vn 0.72724327 -0.67241196 -0.13776566
vn 0.72724327 -0.67241196 -0.13776566
vn 0.73066163 -0.67241398 -0.11829206
vn 0.73066163 -0.67241398 -0.11829206
vn 0.73066163 -0.67241398 -0.11829206
vn 0.74263051 -0.66894159 -0.03189162
vn 0.74263051 -0.66894159 -0.03189162
vn 0.74263051 -0.66894159 -0.03189162
vn 0.75142557 -0.65865685 -0.03912511
vn 0.75142557 -0.65865685 -0.03912511
vn 0.75142557 -0.65865685 -0.03912511
vn 0.75877400 -0.64994596 -0.04280490
vn 0.75877400 -0.64994596 -0.04280490
vn 0.75877400 -0.64994596 -0.04280490
vn 0.72077795 -0.69082771 -0.05688775
vn 0.72077795 -0.69082771 -0.05688775
vn 0.72077795 -0.69082771 -0.05688775
vn 0.74860832 -0.65901394 -0.07270637
vn 0.74860832 -0.65901394 -0.07270637
vn 0.74860832 -0.65901394 -0.07270637
vn 0.73940650 -0.66845977 -0.08024688
vn 0.73940650 -0.66845977 -0.08024688
vn 0.73940650 -0.66845977 -0.08024688
vn 0.73368748 -0.67346568 -0.09025885
vn 0.73368748 -0.67346568 -0.09025885
vn 0.73368748 -0.67346568 -0.09025885
vn 0.73631251 -0.67082873 -0.08850256
vn 0.73631251 -0.67082873 -0.08850256
vn 0.73631251 -0.67082873 -0.08850256
vn 0.73408184 -0.67134050 -0.10210675
vn 0.73408184 -0.67134050 -0.10210675
vn 0.73408184 -0.67134050 -0.10210675
vn 0.18013647 -0.73309168 -0.65584102
vn 0.18013647 -0.73309168 -0.65584102
vn 0.18013647 -0.73309168 -0.65584102
vn 0.17279462 -0.74604116 -0.64308989
vn 0.17279462 -0.74604116 -0.64308989
vn 0.17279462 -0.74604116 -0.64308989
vn 0.15288375 -0.72877900 -0.66746366
vn 0.15288375 -0.72877900 -0.66746366
vn 0.15288375 -0.72877900 -0.66746366
vn 0.12642239 -0.73194392 -0.66953378
vn 0.12642239 -0.73194392 -0.66953378
vn 0.12642239 -0.73194392 -0.66953378
vn 0.10927928 -0.76975392 -0.62891727
vn 0.10927928 -0.76975392 -0.62891727
vn 0.10927928 -0.76975392 -0.62891727
vn 0.09885069 -0.73537823 -0.67040838
vn 0.09885069 -0.73537823 -0.67040838
vn 0.09885069 -0.73537823 -0.67040838
vn 0.08508886 -0.73329364 -0.67456677
vn 0.08508886 -0.73329364 -0.67456677
vn 0.08508886 -0.73329364 -0.67456677
vn 0.08584089 -0.73475244 -0.67288200
vn 0.08584089 -0.73475244 -0.67288200
vn 0.08584089 -0.73475244 -0.67288200
vn 0.04873709 -0.68352549 0.72829774
vn 0.04873709 -0.68352549 0.72829774
vn 0.04873709 -0.68352549 0.72829774
vn 0.03374150 -0.70422010 0.70917950
vn 0.03374150 -0.70422010 0.70917950
vn 0.03374150 -0.70422010 0.70917950
vn 0.08014672 -0.75217880 0.65406694
vn 0.08014672 -0.75217880 0.65406694
vn 0.08014672 -0.75217880 0.65406694
vn 0.07929774 -0.74741930 0.65960310
vn 0.07929774 -0.74741930 0.65960310
vn 0.07929774 -0.74741930 0.65960310
vn 0.10951060 -0.71367972 0.69185887
vn 0.10951060 -0.71367972 0.69185887
vn 0.10951060 -0.71367972 0.69185887
vn 0.12975604 -0.71371957 0.68830789
vn 0.12975604 -0.71371957 0.68830789
vn 0.12975604 -0.71371957 0.68830789
vn 0.12761297 -0.71597052 0.68636808
vn 0.12761297 -0.71597052 0.68636808
vn 0.12761297 -0.71597052 0.68636808
vn 0.12948232 -0.71597716 0.68601096
vn 0.12948232 -0.71597716 0.68601096
vn 0.12948232 -0.71597716 0.68601096
vn 0.13078182 -0.71828282 0.68334904
vn 0.13078182 -0.71828282 0.68334904
vn 0.13078182 -0.71828282 0.68334904
vn 0.11206639 -0.71822427 0.68672776
vn 0.11206639 -0.71822427 0.68672776
vn 0.11206639 -0.71822427 0.68672776
vn 0.10953993 -0.70727742 0.69839792
vn 0.10953993 -0.70727742 0.69839792
vn 0.10953993 -0.70727742 0.69839792
vn 0.09525905 -0.72464330 0.68250847
vn 0.09525905 -0.72464330 0.68250847
vn 0.09525905 -0.72464330 0.68250847
vn 0.09139763 -0.72464772 0.68303159
vn 0.09139763 -0.72464772 0.68303159
vn 0.09139763 -0.72464772 0.68303159
vn 0.07702456 -0.72716705 0.68212557
vn 0.07702456 -0.72716705 0.68212557
vn 0.07702456 -0.72716705 0.68212557
vn 0.07723344 -0.73247195 0.67640212
vn 0.07723344 -0.73247195 0.67640212
vn 0.07723344 -0.73247195 0.67640212
vn 0.07538043 -0.73475066 0.67413593
vn 0.07538043 -0.73475066 0.67413593
vn 0.07538043 -0.73475066 0.67413593
vn 0.74324071 -0.66889000 0.01339448
vn 0.74324071 -0.66889000 0.01339448
vn 0.74324071 -0.66889000 0.01339448
vn 0.73172913 -0.68151389 0.01054974
vn 0.73172913 -0.68151389 0.01054974
vn 0.73172913 -0.68151389 0.01054974
vn 0.74372932 -0.66847867 0.00172203
vn 0.74372932 -0.66847867 0.00172203
vn 0.74372932 -0.66847867 0.00172203
vn 0.72397718 -0.58945992 0.35832115
vn 0.72397718 -0.58945992 0.35832115
vn 0.72397718 -0.58945992 0.35832115
vn 0.66923104 -0.69586519 0.26057906
vn 0.66923104 -0.69586519 0.26057906
vn 0.66923104 -0.69586519 0.26057906
vn 0.71500896 -0.65823965 0.23554779
vn 0.71500896 -0.65823965 0.23554779
vn 0.71500896 -0.65823965 0.23554779
vn 0.70215986 -0.67678547 0.22120794
vn 0.70215986 -0.67678547 0.22120794
vn 0.70215986 -0.67678547 0.22120794
vn 0.70978740 -0.67569770 0.19908406
vn 0.70978740 -0.67569770 0.19908406
vn 0.70978740 -0.67569770 0.19908406
vn 0.70974548 -0.67583930 0.19875260
vn 0.70974548 -0.67583930 0.19875260
vn 0.70974548 -0.67583930 0.19875260
vn 0.71526289 -0.67430306 0.18361478
vn 0.71526289 -0.67430306 0.18361478
vn 0.71526289 -0.67430306 0.18361478
vn 0.71518238 -0.67441692 0.18351017
vn 0.71518238 -0.67441692 0.18351017
vn 0.71518238 -0.67441692 0.18351017
vn 0.72352132 -0.67428113 0.14785758
vn 0.72352132 -0.67428113 0.14785758
vn 0.72352132 -0.67428113 0.14785758
vn 0.61757940 -0.74015353 0.26602336
vn 0.61757940 -0.74015353 0.26602336
vn 0.61757940 -0.74015353 0.26602336
vn 0.64790819 -0.67871423 0.34577735
vn 0.64790819 -0.67871423 0.34577735
vn 0.64790819 -0.67871423 0.34577735
vn 0.62809521 -0.68839940 0.36277082
vn 0.62809521 -0.68839940 0.36277082
vn 0.62809521 -0.68839940 0.36277082
vn 0.62682037 -0.68718612 0.36724850
vn 0.62682037 -0.68718612 0.36724850
vn 0.62682037 -0.68718612 0.36724850
vn 0.61666758 -0.68711419 0.38418119
vn 0.61666758 -0.68711419 0.38418119
vn 0.61666758 -0.68711419 0.38418119
vn 0.62013696 -0.64224952 0.45049495
vn 0.62013696 -0.64224952 0.45049495
vn 0.62013696 -0.64224952 0.45049495
vn 0.36721427 -0.71109147 0.59958535
vn 0.36721427 -0.71109147 0.59958535
vn 0.36721427 -0.71109147 0.59958535
vn 0.56318934 -0.73806878 0.37158073
vn 0.56318934 -0.73806878 0.37158073
vn 0.56318934 -0.73806878 0.37158073
vn 0.57436114 -0.67151147 0.46816839
vn 0.57436114 -0.67151147 0.46816839
vn 0.57436114 -0.67151147 0.46816839
vn 0.51737856 -0.71654185 0.46785384
vn 0.51737856 -0.71654185 0.46785384
vn 0.51737856 -0.71654185 0.46785384
vn 0.51717607 -0.69909202 0.49376034
vn 0.51717607 -0.69909202 0.49376034
vn 0.51717607 -0.69909202 0.49376034
vn 0.48494423 -0.70027235 0.52387759
vn 0.48494423 -0.70027235 0.52387759
vn 0.48494423 -0.70027235 0.52387759
vn 0.48461618 -0.70335769 0.52003376
vn 0.48461618 -0.70335769 0.52003376
vn 0.48461618 -0.70335769 0.52003376
vn 0.45249981 -0.70362725 0.54786186
vn 0.45249981 -0.70362725 0.54786186
vn 0.45249981 -0.70362725 0.54786186
vn 0.45313873 -0.70580226 0.54452590
vn 0.45313873 -0.70580226 0.54452590
vn 0.45313873 -0.70580226 0.54452590
vn 0.41384275 -0.70602505 0.57468496
vn 0.41384275 -0.70602505 0.57468496
vn 0.41384275 -0.70602505 0.57468496
vn 0.41505886 -0.69163860 0.59106869
vn 0.41505886 -0.69163860 0.59106869
vn 0.41505886 -0.69163860 0.59106869
vn 0.37888710 -0.70967031 0.59398032
vn 0.37888710 -0.70967031 0.59398032
vn 0.37888710 -0.70967031 0.59398032
vn 0.36973098 -0.71100897 0.59813481
vn 0.36973098 -0.71100897 0.59813481
vn 0.36973098 -0.71100897 0.59813481
vn 0.32950977 -0.71727697 0.61395200
vn 0.32950977 -0.71727697 0.61395200
vn 0.32950977 -0.71727697 0.61395200
vn 0.32902447 -0.71990625 0.61112837
vn 0.32902447 -0.71990625 0.61112837
vn 0.32902447 -0.71990625 0.61112837
vn 0.37342781 -0.71112214 0.59569873
vn 0.37342781 -0.71112214 0.59569873
vn 0.37342781 -0.71112214 0.59569873
vn 0.36641554 -0.71109314 0.60007183
vn 0.36641554 -0.71109314 0.60007183
vn 0.36641554 -0.71109314 0.60007183
vn 0.20037487 -0.72532788 0.65859652
vn 0.20037487 -0.72532788 0.65859652
vn 0.20037487 -0.72532788 0.65859652
vn 0.20084717 -0.72545921 0.65830794
vn 0.20084717 -0.72545921 0.65830794
vn 0.20084717 -0.72545921 0.65830794
vn 0.21076431 -0.72415804 0.65663806
vn 0.21076431 -0.72415804 0.65663806
vn 0.21076431 -0.72415804 0.65663806
vn 0.22371126 -0.71479533 0.66258653
vn 0.22371126 -0.71479533 0.66258653
vn 0.22371126 -0.71479533 0.66258653
vn 0.23762646 -0.70142064 0.67196931
vn 0.23762646 -0.70142064 0.67196931
vn 0.23762646 -0.70142064 0.67196931
vn 0.23799603 -0.70330977 0.66986062
vn 0.23799603 -0.70330977 0.66986062
vn 0.23799603 -0.70330977 0.66986062
vn 0.25990118 -0.73910319 0.62143209
vn 0.25990118 -0.73910319 0.62143209
vn 0.25990118 -0.73910319 0.62143209
vn 0.25529264 -0.70912090 0.65724670
vn 0.25529264 -0.70912090 0.65724670
vn 0.25529264 -0.70912090 0.65724670
vn 0.28007869 -0.72713906 0.62675731
vn 0.28007869 -0.72713906 0.62675731
vn 0.28007869 -0.72713906 0.62675731
vn 0.27690523 -0.71793434 0.63866562
vn 0.27690523 -0.71793434 0.63866562
vn 0.27690523 -0.71793434 0.63866562
vn 0.29295604 -0.71801651 0.63137077
vn 0.29295604 -0.71801651 0.63137077
vn 0.29295604 -0.71801651 0.63137077
vn 0.16975519 -0.75327780 0.63541776
vn 0.16975519 -0.75327780 0.63541776
vn 0.16975519 -0.75327780 0.63541776
vn 0.16957914 -0.70681047 0.68677644
vn 0.16957914 -0.70681047 0.68677644
vn 0.16957914 -0.70681047 0.68677644
vn 0.19161574 -0.72612081 0.66032717
vn 0.19161574 -0.72612081 0.66032717
vn 0.19161574 -0.72612081 0.66032717
vn 0.15360171 -0.73197731 0.66378892
vn 0.15360171 -0.73197731 0.66378892
vn 0.15360171 -0.73197731 0.66378892
vn 0.14252599 -0.72708259 0.67159307
vn 0.14252599 -0.72708259 0.67159307
vn 0.14252599 -0.72708259 0.67159307
vn 0.12094569 -0.74647159 0.65433348
vn 0.12094569 -0.74647159 0.65433348
vn 0.12094569 -0.74647159 0.65433348
vn 0.12033426 -0.74217709 0.65931239
vn 0.12033426 -0.74217709 0.65931239
vn 0.12033426 -0.74217709 0.65931239
vn 0.09876856 -0.72502427 0.68160442
vn 0.09876856 -0.72502427 0.68160442
vn 0.09876856 -0.72502427 0.68160442
vn 0.09746028 -0.71930579 0.68782314
vn 0.09746028 -0.71930579 0.68782314
vn 0.09746028 -0.71930579 0.68782314
vn 0.08528564 -0.73475379 0.67295113
vn 0.08528564 -0.73475379 0.67295113
vn 0.08528564 -0.73475379 0.67295113
vn 0.72515962 -0.67230150 0.14884293
vn 0.72515962 -0.67230150 0.14884293
vn 0.72515962 -0.67230150 0.14884293
vn 0.72930033 -0.67245270 0.12620775
vn 0.72930033 -0.67245270 0.12620775
vn 0.72930033 -0.67245270 0.12620775
vn 0.73538760 -0.66938066 0.10552067
vn 0.73538760 -0.66938066 0.10552067
vn 0.73538760 -0.66938066 0.10552067
vn 0.69289322 -0.71576034 0.08709830
vn 0.69289322 -0.71576034 0.08709830
vn 0.69289322 -0.71576034 0.08709830
vn 0.74262943 -0.66894795 0.03178327
vn 0.74262943 -0.66894795 0.03178327
vn 0.74262943 -0.66894795 0.03178327
vn 0.73240234 -0.67978095 0.03853137
vn 0.73240234 -0.67978095 0.03853137
vn 0.73240234 -0.67978095 0.03853137
vn 0.71948334 -0.69317946 0.04296465
vn 0.71948334 -0.69317946 0.04296465
vn 0.71948334 -0.69317946 0.04296465
vn 0.75933011 -0.64784354 0.06096332
vn 0.75933011 -0.64784354 0.06096332
vn 0.75933011 -0.64784354 0.06096332
vn 0.71866634 -0.69075531 0.07984861
vn 0.71866634 -0.69075531 0.07984861
vn 0.71866634 -0.69075531 0.07984861
vn 0.00013891 -0.99999999 -0.00003983
vn 0.00013891 -0.99999999 -0.00003983
vn 0.00013891 -0.99999999 -0.00003983
vn 0.00016087 -0.99999999 -0.00000258
vn 0.00016087 -0.99999999 -0.00000258
vn 0.00016087 -0.99999999 -0.00000258
vn 0.00016019 -0.99999999 -0.00000688
vn 0.00016019 -0.99999999 -0.00000688
vn 0.00016019 -0.99999999 -0.00000688
vn 0.00015954 -0.99999999 -0.00000910
vn 0.00015954 -0.99999999 -0.00000910
vn 0.00015954 -0.99999999 -0.00000910
vn 0.00015956 -0.99999999 -0.00000831
vn 0.00015956 -0.99999999 -0.00000831
vn 0.00015956 -0.99999999 -0.00000831
vn 0.00016014 -0.99999999 -0.00000344
vn 0.00016014 -0.99999999 -0.00000344
vn 0.00016014 -0.99999999 -0.00000344
vn 0.00016160 -0.99999999 -0.00000088
vn 0.00016160 -0.99999999 -0.00000088
vn 0.00016160 -0.99999999 -0.00000088
vn 0.00015357 -0.99999999 -0.00002873
vn 0.00015357 -0.99999999 -0.00002873
vn 0.00015357 -0.99999999 -0.00002873
vn 0.00016100 -0.99999999 -0.00000712
vn 0.00016100 -0.99999999 -0.00000712
vn 0.00016100 -0.99999999 -0.00000712
vn 0.00016210 -0.99999999 0.00000467
vn 0.00016210 -0.99999999 0.00000467
vn 0.00016210 -0.99999999 0.00000467
vn 0.00015950 -0.99999999 -0.00000775
vn 0.00015950 -0.99999999 -0.00000775
vn 0.00015950 -0.99999999 -0.00000775
vn 0.00016007 -0.99999999 -0.00000652
vn 0.00016007 -0.99999999 -0.00000652
vn 0.00016007 -0.99999999 -0.00000652
vn 0.00015968 -0.99999999 -0.00000770
vn 0.00015968 -0.99999999 -0.00000770
vn 0.00015968 -0.99999999 -0.00000770
vn 0.00015379 -0.99999999 -0.00003716
vn 0.00015379 -0.99999999 -0.00003716
vn 0.00015379 -0.99999999 -0.00003716
vn -0.00005262 -0.99999958 -0.00091665
vn -0.00005262 -0.99999958 -0.00091665
vn -0.00005262 -0.99999958 -0.00091665
vn 0.00016181 -0.99999999 -0.00000053
vn 0.00016181 -0.99999999 -0.00000053
vn 0.00016181 -0.99999999 -0.00000053
vn 0.00017051 -0.99999999 0.00001786
vn 0.00017051 -0.99999999 0.00001786
vn 0.00017051 -0.99999999 0.00001786
vn 0.00016019 -0.99999999 -0.00000451
vn 0.00016019 -0.99999999 -0.00000451
vn 0.00016019 -0.99999999 -0.00000451
vn 0.00016160 -0.99999999 -0.00000312
vn 0.00016160 -0.99999999 -0.00000312
vn 0.00016160 -0.99999999 -0.00000312
vn 0.00016140 -0.99999999 -0.00000381
vn 0.00016140 -0.99999999 -0.00000381
vn 0.00016140 -0.99999999 -0.00000381
vn 0.00016999 -0.99999999 0.00003126
vn 0.00016999 -0.99999999 0.00003126
vn 0.00016999 -0.99999999 0.00003126
vn 0.00015878 -0.99999999 -0.00000601
vn 0.00015878 -0.99999999 -0.00000601
vn 0.00015878 -0.99999999 -0.00000601
vn 0.00016282 -0.99999999 -0.00000196
vn 0.00016282 -0.99999999 -0.00000196
vn 0.00016282 -0.99999999 -0.00000196
vn 0.00016007 -0.99999999 -0.00000570
vn 0.00016007 -0.99999999 -0.00000570
vn 0.00016007 -0.99999999 -0.00000570
vn 0.00015934 -0.99999999 -0.00000716
vn 0.00015934 -0.99999999 -0.00000716
vn 0.00015934 -0.99999999 -0.00000716
vn 0.00015867 -0.99999999 -0.00000802
vn 0.00015867 -0.99999999 -0.00000802
vn 0.00015867 -0.99999999 -0.00000802
vn 0.00015993 -0.99999999 -0.00000567
vn 0.00015993 -0.99999999 -0.00000567
vn 0.00015993 -0.99999999 -0.00000567
vn 0.00016323 -0.99999999 -0.00000167
vn 0.00016323 -0.99999999 -0.00000167
vn 0.00016323 -0.99999999 -0.00000167
vn 0.00015924 -0.99999999 -0.00000880
vn 0.00015924 -0.99999999 -0.00000880
vn 0.00015924 -0.99999999 -0.00000880
vn 0.00016508 -0.99999999 -0.00000607
vn 0.00016508 -0.99999999 -0.00000607
vn 0.00016508 -0.99999999 -0.00000607
vn 0.00016389 -0.99999999 -0.00000647
vn 0.00016389 -0.99999999 -0.00000647
vn 0.00016389 -0.99999999 -0.00000647
vn 0.00015973 -0.99999999 -0.00000652
vn 0.00015973 -0.99999999 -0.00000652
vn 0.00015973 -0.99999999 -0.00000652
vn 0.00016242 -0.99999999 -0.00000429
vn 0.00016242 -0.99999999 -0.00000429
vn 0.00016242 -0.99999999 -0.00000429
vn 0.00016038 -0.99999999 -0.00000518
vn 0.00016038 -0.99999999 -0.00000518
vn 0.00016038 -0.99999999 -0.00000518
vn 0.00016093 -0.99999999 -0.00000463
vn 0.00016093 -0.99999999 -0.00000463
vn 0.00016093 -0.99999999 -0.00000463
vn 0.00015798 -0.99999999 -0.00000639
vn 0.00015798 -0.99999999 -0.00000639
vn 0.00015798 -0.99999999 -0.00000639
vn 0.00015687 -0.99999999 -0.00000762
vn 0.00015687 -0.99999999 -0.00000762
vn 0.00015687 -0.99999999 -0.00000762
vn 0.00016231 -0.99999999 -0.00000375
vn 0.00016231 -0.99999999 -0.00000375
vn 0.00016231 -0.99999999 -0.00000375
vn 0.00016352 -0.99999999 -0.00000241
vn 0.00016352 -0.99999999 -0.00000241
vn 0.00016352 -0.99999999 -0.00000241
vn 0.00011905 -0.99999999 -0.00003518
vn 0.00011905 -0.99999999 -0.00003518
vn 0.00011905 -0.99999999 -0.00003518
vn 0.00016122 -0.99999999 -0.00000326
vn 0.00016122 -0.99999999 -0.00000326
vn 0.00016122 -0.99999999 -0.00000326
vn 0.00017253 -0.99999999 0.00000830
vn 0.00017253 -0.99999999 0.00000830
vn 0.00017253 -0.99999999 0.00000830
vn 0.00015673 -0.99999999 -0.00000909
vn 0.00015673 -0.99999999 -0.00000909
vn 0.00015673 -0.99999999 -0.00000909
vn 0.00015674 -0.99999999 -0.00000306
vn 0.00015674 -0.99999999 -0.00000306
vn 0.00015674 -0.99999999 -0.00000306
vn 0.00017165 -0.99999999 -0.00000246
vn 0.00017165 -0.99999999 -0.00000246
vn 0.00017165 -0.99999999 -0.00000246
vn 0.00015966 -0.99999999 -0.00000689
vn 0.00015966 -0.99999999 -0.00000689
vn 0.00015966 -0.99999999 -0.00000689
vn 0.00015910 -0.99999999 -0.00000722
vn 0.00015910 -0.99999999 -0.00000722
vn 0.00015910 -0.99999999 -0.00000722
vn 0.00016142 -0.99999999 -0.00000438
vn 0.00016142 -0.99999999 -0.00000438
vn 0.00016142 -0.99999999 -0.00000438
vn 0.00015879 -0.99999999 -0.00000401
vn 0.00015879 -0.99999999 -0.00000401
vn 0.00015879 -0.99999999 -0.00000401
vn 0.00015504 -0.99999999 -0.00000541
vn 0.00015504 -0.99999999 -0.00000541
vn 0.00015504 -0.99999999 -0.00000541
vn 0.00015979 -0.99999999 -0.00000442
vn 0.00015979 -0.99999999 -0.00000442
vn 0.00015979 -0.99999999 -0.00000442
vn 0.00015916 -0.99999999 -0.00000360
vn 0.00015916 -0.99999999 -0.00000360
vn 0.00015916 -0.99999999 -0.00000360
vn 0.00015490 -0.99999999 -0.00000355
vn 0.00015490 -0.99999999 -0.00000355
vn 0.00015490 -0.99999999 -0.00000355
vn 0.00026351 -0.99999996 0.00002425
vn 0.00026351 -0.99999996 0.00002425
vn 0.00026351 -0.99999996 0.00002425
vn 0.00016200 -0.99999999 -0.00000306
vn 0.00016200 -0.99999999 -0.00000306
vn 0.00016200 -0.99999999 -0.00000306
vn 0.00015921 -0.99999999 -0.00000224
vn 0.00015921 -0.99999999 -0.00000224
vn 0.00015921 -0.99999999 -0.00000224
vn -0.00000086 -1.00000000 0.00000469
vn -0.00000086 -1.00000000 0.00000469
vn -0.00000086 -1.00000000 0.00000469
vn 0.00016192 -0.99999994 -0.00029013
vn 0.00016192 -0.99999994 -0.00029013
vn 0.00016192 -0.99999994 -0.00029013
vn -0.00037965 -0.99999991 -0.00017372
vn -0.00037965 -0.99999991 -0.00017372
vn -0.00037965 -0.99999991 -0.00017372
vn 0.00016350 -0.99999999 -0.00000563
vn 0.00016350 -0.99999999 -0.00000563
vn 0.00016350 -0.99999999 -0.00000563
vn 0.00015865 -0.99999999 -0.00000436
vn 0.00015865 -0.99999999 -0.00000436
vn 0.00015865 -0.99999999 -0.00000436
vn 0.00015721 -0.99999999 -0.00000478
vn 0.00015721 -0.99999999 -0.00000478
vn 0.00015721 -0.99999999 -0.00000478
vn 0.98973506 0.14282646 0.00501065
vn 0.98973506 0.14282646 0.00501065
vn 0.98973506 0.14282646 0.00501065
vn 0.99301639 0.11758100 -0.00965194
vn 0.99301639 0.11758100 -0.00965194
vn 0.99301639 0.11758100 -0.00965194
vn 0.99408756 0.10794128 0.01177321
vn 0.99408756 0.10794128 0.01177321
vn 0.99408756 0.10794128 0.01177321
vn 0.99110610 0.13263061 -0.01085493
vn 0.99110610 0.13263061 -0.01085493
vn 0.99110610 0.13263061 -0.01085493
vn 0.98337839 0.18139701 -0.00787767
vn 0.98337839 0.18139701 -0.00787767
vn 0.98337839 0.18139701 -0.00787767
vn 0.98969398 0.14151748 -0.02187774
vn 0.98969398 0.14151748 -0.02187774
vn 0.98969398 0.14151748 -0.02187774
vn 0.98659141 0.16114569 -0.02587377
vn 0.98659141 0.16114569 -0.02587377
vn 0.98659141 0.16114569 -0.02587377
vn 0.98729525 0.15882007 -0.00492609
vn 0.98729525 0.15882007 -0.00492609
vn 0.98729525 0.15882007 -0.00492609
vn 0.98842990 0.15133629 -0.01018182
vn 0.98842990 0.15133629 -0.01018182
vn 0.98842990 0.15133629 -0.01018182
vn 0.98825294 0.15127557 -0.02172151
vn 0.98825294 0.15127557 -0.02172151
vn 0.98825294 0.15127557 -0.02172151
vn 0.98826710 0.15113199 -0.02207381
vn 0.98826710 0.15113199 -0.02207381
vn 0.98826710 0.15113199 -0.02207381
vn 0.99276275 0.11646289 -0.02930041
vn 0.99276275 0.11646289 -0.02930041
vn 0.99276275 0.11646289 -0.02930041
vn 0.99323155 0.11389028 -0.02280558
vn 0.99323155 0.11389028 -0.02280558
vn 0.99323155 0.11389028 -0.02280558
vn 0.99091688 0.13255214 -0.02266438
vn 0.99091688 0.13255214 -0.02266438
vn 0.99091688 0.13255214 -0.02266438
vn 0.99161430 0.12860699 -0.01270124
vn 0.99161430 0.12860699 -0.01270124
vn 0.99161430 0.12860699 -0.01270124
vn 0.99021825 0.13774411 -0.02223469
vn 0.99021825 0.13774411 -0.02223469
vn 0.99021825 0.13774411 -0.02223469
vn 0.12521849 -0.07646617 -0.98917807
vn 0.12521849 -0.07646617 -0.98917807
vn 0.12521849 -0.07646617 -0.98917807
vn 0.08844973 -0.06624028 -0.99387568
vn 0.08844973 -0.06624028 -0.99387568
vn 0.08844973 -0.06624028 -0.99387568
vn 0.03279667 -0.08056059 -0.99621000
vn 0.03279667 -0.08056059 -0.99621000
vn 0.03279667 -0.08056059 -0.99621000
vn 0.25050164 -0.02264434 -0.96785131
vn 0.25050164 -0.02264434 -0.96785131
vn 0.25050164 -0.02264434 -0.96785131
vn 0.45110280 0.02256389 -0.89218672
vn 0.45110280 0.02256389 -0.89218672
vn 0.45110280 0.02256389 -0.89218672
vn 0.98865851 0.11521130 -0.09633644
vn 0.98865851 0.11521130 -0.09633644
vn 0.98865851 0.11521130 -0.09633644
vn 0.99196383 0.11335509 -0.05619949
vn 0.99196383 0.11335509 -0.05619949
vn 0.99196383 0.11335509 -0.05619949
vn 0.98979376 0.12312553 -0.07175249
vn 0.98979376 0.12312553 -0.07175249
vn 0.98979376 0.12312553 -0.07175249
vn 0.98937594 0.12777244 -0.06935016
vn 0.98937594 0.12777244 -0.06935016
vn 0.98937594 0.12777244 -0.06935016
vn 0.98812866 0.13706913 -0.06938165
vn 0.98812866 0.13706913 -0.06938165
vn 0.98812866 0.13706913 -0.06938165
vn 0.98579764 0.15044863 -0.07462051
vn 0.98579764 0.15044863 -0.07462051
vn 0.98579764 0.15044863 -0.07462051
vn 0.98995922 0.13215966 -0.05014536
vn 0.98995922 0.13215966 -0.05014536
vn 0.98995922 0.13215966 -0.05014536
vn 0.98589521 0.16095344 -0.04587616
vn 0.98589521 0.16095344 -0.04587616
vn 0.98589521 0.16095344 -0.04587616
vn 0.98009231 0.13932940 -0.14144395
vn 0.98009231 0.13932940 -0.14144395
vn 0.98009231 0.13932940 -0.14144395
vn 0.98293432 0.14536061 -0.11274047
vn 0.98293432 0.14536061 -0.11274047
vn 0.98293432 0.14536061 -0.11274047
vn 0.98684641 0.14246035 -0.07641468
vn 0.98684641 0.14246035 -0.07641468
vn 0.98684641 0.14246035 -0.07641468
vn 0.97709909 0.04564730 -0.20783091
vn 0.97709909 0.04564730 -0.20783091
vn 0.97709909 0.04564730 -0.20783091
vn 0.97477330 0.07387253 -0.21061784
vn 0.97477330 0.07387253 -0.21061784
vn 0.97477330 0.07387253 -0.21061784
vn 0.95597558 0.16667889 -0.24151365
vn 0.95597558 0.16667889 -0.24151365
vn 0.95597558 0.16667889 -0.24151365
vn 0.94958331 0.13311282 -0.28385297
vn 0.94958331 0.13311282 -0.28385297
vn 0.94958331 0.13311282 -0.28385297
vn 0.94029980 0.15869067 -0.30108729
vn 0.94029980 0.15869067 -0.30108729
vn 0.94029980 0.15869067 -0.30108729
vn 0.92879447 0.12900072 -0.34741855
vn 0.92879447 0.12900072 -0.34741855
vn 0.92879447 0.12900072 -0.34741855
vn 0.91673270 0.14911737 -0.37062808
vn 0.91673270 0.14911737 -0.37062808
vn 0.91673270 0.14911737 -0.37062808
vn 0.89875843 0.12247251 -0.42099141
vn 0.89875843 0.12247251 -0.42099141
vn 0.89875843 0.12247251 -0.42099141
vn 0.88655051 0.13484472 -0.44254389
vn 0.88655051 0.13484472 -0.44254389
vn 0.88655051 0.13484472 -0.44254389
vn 0.85565914 0.11539195 -0.50451178
vn 0.85565914 0.11539195 -0.50451178
vn 0.85565914 0.11539195 -0.50451178
vn 0.84610937 0.12355358 -0.51849152
vn 0.84610937 0.12355358 -0.51849152
vn 0.84610937 0.12355358 -0.51849152
vn 0.79787210 0.10366809 -0.59384597
vn 0.79787210 0.10366809 -0.59384597
vn 0.79787210 0.10366809 -0.59384597
vn 0.79077040 0.10777392 -0.60255037
vn 0.79077040 0.10777392 -0.60255037
vn 0.79077040 0.10777392 -0.60255037
vn 0.72552790 0.08978293 -0.68231099
vn 0.72552790 0.08978293 -0.68231099
vn 0.72552790 0.08978293 -0.68231099
vn 0.72452016 0.09020094 -0.68332593
vn 0.72452016 0.09020094 -0.68332593
vn 0.72452016 0.09020094 -0.68332593
vn 0.67643422 0.08057131 -0.73208266
vn 0.67643422 0.08057131 -0.73208266
vn 0.67643422 0.08057131 -0.73208266
vn 0.64324319 0.06898459 -0.76254792
vn 0.64324319 0.06898459 -0.76254792
vn 0.64324319 0.06898459 -0.76254792
vn 0.62358238 0.07182812 -0.77845085
vn 0.62358238 0.07182812 -0.77845085
vn 0.62358238 0.07182812 -0.77845085
vn 0.55754560 0.05117795 -0.82856727
vn 0.55754560 0.05117795 -0.82856727
vn 0.55754560 0.05117795 -0.82856727
vn 0.53837607 0.05240625 -0.84107359
vn 0.53837607 0.05240625 -0.84107359
vn 0.53837607 0.05240625 -0.84107359
vn 0.32647389 -0.00307635 -0.94520122
vn 0.32647389 -0.00307635 -0.94520122
vn 0.32647389 -0.00307635 -0.94520122
vn 0.36966624 0.02229396 -0.92889711
vn 0.36966624 0.02229396 -0.92889711
vn 0.36966624 0.02229396 -0.92889711
vn 0.41077889 0.02484518 -0.91139641
vn 0.41077889 0.02484518 -0.91139641
vn 0.41077889 0.02484518 -0.91139641
vn 0.22946632 -0.01060937 -0.97325878
vn 0.22946632 -0.01060937 -0.97325878
vn 0.22946632 -0.01060937 -0.97325878
vn 0.17864485 -0.03292943 -0.98336243
vn 0.17864485 -0.03292943 -0.98336243
vn 0.17864485 -0.03292943 -0.98336243
vn 0.17855972 -0.03290391 -0.98337875
vn 0.17855972 -0.03290391 -0.98337875
vn 0.17855972 -0.03290391 -0.98337875
vn 0.15287850 -0.03555604 -0.98760515
vn 0.15287850 -0.03555604 -0.98760515
vn 0.15287850 -0.03555604 -0.98760515
vn 0.12607355 -0.04533163 -0.99098461
vn 0.12607355 -0.04533163 -0.99098461
vn 0.12607355 -0.04533163 -0.99098461
vn 0.13156221 -0.04597323 -0.99024131
vn 0.13156221 -0.04597323 -0.99024131
vn 0.13156221 -0.04597323 -0.99024131
vn 0.08454146 -0.05617565 -0.99483518
vn 0.08454146 -0.05617565 -0.99483518
vn 0.08454146 -0.05617565 -0.99483518
vn 0.09885721 -0.05594952 -0.99352750
vn 0.09885721 -0.05594952 -0.99352750
vn 0.09885721 -0.05594952 -0.99352750
vn 0.08684030 -0.05431820 -0.99474032
vn 0.08684030 -0.05431820 -0.99474032
vn 0.08684030 -0.05431820 -0.99474032
vn 0.11373034 -0.04728807 -0.99238564
vn 0.11373034 -0.04728807 -0.99238564
vn 0.11373034 -0.04728807 -0.99238564
vn 0.12347818 -0.04631155 -0.99126605
vn 0.12347818 -0.04631155 -0.99126605
vn 0.12347818 -0.04631155 -0.99126605
vn 0.05599806 -0.07334261 -0.99573344
vn 0.05599806 -0.07334261 -0.99573344
vn 0.05599806 -0.07334261 -0.99573344
vn 0.04868182 -0.07180089 -0.99623025
vn 0.04868182 -0.07180089 -0.99623025
vn 0.04868182 -0.07180089 -0.99623025
vn 0.04507303 -0.06324369 -0.99697977
vn 0.04507303 -0.06324369 -0.99697977
vn 0.04507303 -0.06324369 -0.99697977
vn 0.05931790 -0.06843432 -0.99589062
vn 0.05931790 -0.06843432 -0.99589062
vn 0.05931790 -0.06843432 -0.99589062
vn 0.06822369 -0.20143870 -0.97712229
vn 0.06822369 -0.20143870 -0.97712229
vn 0.06822369 -0.20143870 -0.97712229
vn 0.05173286 -0.05969301 -0.99687535
vn 0.05173286 -0.05969301 -0.99687535
vn 0.05173286 -0.05969301 -0.99687535
vn 0.18134729 -0.06401205 -0.98133359
vn 0.18134729 -0.06401205 -0.98133359
vn 0.18134729 -0.06401205 -0.98133359
vn 0.15101403 -0.03055139 -0.98805940
vn 0.15101403 -0.03055139 -0.98805940
vn 0.15101403 -0.03055139 -0.98805940
vn 0.12956558 -0.09762722 -0.98675310
vn 0.12956558 -0.09762722 -0.98675310
vn 0.12956558 -0.09762722 -0.98675310
vn 0.10109208 -0.01886766 -0.99469815
vn 0.10109208 -0.01886766 -0.99469815
vn 0.10109208 -0.01886766 -0.99469815
vn 0.14442701 -0.07027398 -0.98701692
vn 0.14442701 -0.07027398 -0.98701692
vn 0.14442701 -0.07027398 -0.98701692
vn 0.18369779 -0.06767083 -0.98065069
vn 0.18369779 -0.06767083 -0.98065069
vn 0.18369779 -0.06767083 -0.98065069
vn 0.20082588 -0.05745249 -0.97794078
vn 0.20082588 -0.05745249 -0.97794078
vn 0.20082588 -0.05745249 -0.97794078
vn 0.22204706 -0.05723104 -0.97335487
vn 0.22204706 -0.05723104 -0.97335487
vn 0.22204706 -0.05723104 -0.97335487
vn 0.26265176 -0.05262434 -0.96345458
vn 0.26265176 -0.05262434 -0.96345458
vn 0.26265176 -0.05262434 -0.96345458
vn 0.28937391 -0.03893426 -0.95642400
vn 0.28937391 -0.03893426 -0.95642400
vn 0.28937391 -0.03893426 -0.95642400
vn 0.32590149 -0.04006241 -0.94455451
vn 0.32590149 -0.04006241 -0.94455451
vn 0.32590149 -0.04006241 -0.94455451
vn 0.36915259 -0.03109172 -0.92884857
vn 0.36915259 -0.03109172 -0.92884857
vn 0.36915259 -0.03109172 -0.92884857
vn 0.38068005 -0.02727710 -0.92430442
vn 0.38068005 -0.02727710 -0.92430442
vn 0.38068005 -0.02727710 -0.92430442
vn 0.39279896 -0.02646016 -0.91924362
vn 0.39279896 -0.02646016 -0.91924362
vn 0.39279896 -0.02646016 -0.91924362
vn 0.50094872 -0.00884606 -0.86543176
vn 0.50094872 -0.00884606 -0.86543176
vn 0.50094872 -0.00884606 -0.86543176
vn 0.44373790 -0.01480853 -0.89603425
vn 0.44373790 -0.01480853 -0.89603425
vn 0.44373790 -0.01480853 -0.89603425
vn 0.41725785 -0.01304168 -0.90869456
vn 0.41725785 -0.01304168 -0.90869456
vn 0.41725785 -0.01304168 -0.90869456
vn 0.41738201 -0.01305016 -0.90863741
vn 0.41738201 -0.01305016 -0.90863741
vn 0.41738201 -0.01305016 -0.90863741
vn 0.41529415 -0.01291117 -0.90959555
vn 0.41529415 -0.01291117 -0.90959555
vn 0.41529415 -0.01291117 -0.90959555
vn 0.41897126 -0.01315726 -0.90790416
vn 0.41897126 -0.01315726 -0.90790416
vn 0.41897126 -0.01315726 -0.90790416
vn 0.41502450 -0.01289319 -0.90971888
vn 0.41502450 -0.01289319 -0.90971888
vn 0.41502450 -0.01289319 -0.90971888
vn 0.41634632 -0.01297784 -0.90911348
vn 0.41634632 -0.01297784 -0.90911348
vn 0.41634632 -0.01297784 -0.90911348
vn 0.41457971 -0.01284784 -0.90992230
vn 0.41457971 -0.01284784 -0.90992230
vn 0.41457971 -0.01284784 -0.90992230
vn 0.45565465 -0.01618423 -0.89000950
vn 0.45565465 -0.01618423 -0.89000950
vn 0.45565465 -0.01618423 -0.89000950
vn 0.41152443 -0.02389351 -0.91108548
vn 0.41152443 -0.02389351 -0.91108548
vn 0.41152443 -0.02389351 -0.91108548
vn 0.40513214 -0.02489710 -0.91391908
vn 0.40513214 -0.02489710 -0.91391908
vn 0.40513214 -0.02489710 -0.91391908
vn 0.85100454 0.06375393 -0.52127412
vn 0.85100454 0.06375393 -0.52127412
vn 0.85100454 0.06375393 -0.52127412
vn 0.77204314 0.05203477 -0.63343648
vn 0.77204314 0.05203477 -0.63343648
vn 0.77204314 0.05203477 -0.63343648
vn 0.78990497 0.04898821 -0.61126941
vn 0.78990497 0.04898821 -0.61126941
vn 0.78990497 0.04898821 -0.61126941
vn 0.69702036 0.03492972 -0.71620006
vn 0.69702036 0.03492972 -0.71620006
vn 0.69702036 0.03492972 -0.71620006
vn 0.71409959 0.03264103 -0.69928273
vn 0.71409959 0.03264103 -0.69928273
vn 0.71409959 0.03264103 -0.69928273
vn 0.62307745 0.01837148 -0.78194435
vn 0.62307745 0.01837148 -0.78194435
vn 0.62307745 0.01837148 -0.78194435
vn 0.62768207 0.01812102 -0.77825886
vn 0.62768207 0.01812102 -0.77825886
vn 0.62768207 0.01812102 -0.77825886
vn 0.89594632 0.08202391 -0.43652293
vn 0.89594632 0.08202391 -0.43652293
vn 0.89594632 0.08202391 -0.43652293
vn 0.87414729 0.07113658 -0.48042284
vn 0.87414729 0.07113658 -0.48042284
vn 0.87414729 0.07113658 -0.48042284
vn 0.82797415 0.06873035 -0.55653836
vn 0.82797415 0.06873035 -0.55653836
vn 0.82797415 0.06873035 -0.55653836
vn 0.95031659 0.09789999 -0.29548938
vn 0.95031659 0.09789999 -0.29548938
vn 0.95031659 0.09789999 -0.29548938
vn 0.94008661 0.09364491 -0.32782281
vn 0.94008661 0.09364491 -0.32782281
vn 0.94008661 0.09364491 -0.32782281
vn 0.92815250 0.09050333 -0.36102921
vn 0.92815250 0.09050333 -0.36102921
vn 0.92815250 0.09050333 -0.36102921
vn 0.92582698 0.08854352 -0.36742951
vn 0.92582698 0.08854352 -0.36742951
vn 0.92582698 0.08854352 -0.36742951
vn 0.90395983 0.08239558 -0.41960409
vn 0.90395983 0.08239558 -0.41960409
vn 0.90395983 0.08239558 -0.41960409
vn 0.96576747 0.11212395 -0.23392610
vn 0.96576747 0.11212395 -0.23392610
vn 0.96576747 0.11212395 -0.23392610
vn 0.96653094 0.11165091 -0.23098053
vn 0.96653094 0.11165091 -0.23098053
vn 0.96653094 0.11165091 -0.23098053
vn 0.96652133 0.11165672 -0.23101797
vn 0.96652133 0.11165672 -0.23101797
vn 0.96652133 0.11165672 -0.23101797
vn 0.96623088 0.11183434 -0.23214428
vn 0.96623088 0.11183434 -0.23214428
vn 0.96623088 0.11183434 -0.23214428
vn 0.96654385 0.11164253 -0.23093057
vn 0.96654385 0.11164253 -0.23093057
vn 0.96654385 0.11164253 -0.23093057
vn 0.96689078 0.11143485 -0.22957460
vn 0.96689078 0.11143485 -0.22957460
vn 0.96689078 0.11143485 -0.22957460
vn 0.96665090 0.11157887 -0.23051288
vn 0.96665090 0.11157887 -0.23051288
vn 0.96665090 0.11157887 -0.23051288
vn 0.97044381 0.10922766 -0.21519323
vn 0.97044381 0.10922766 -0.21519323
vn 0.97044381 0.10922766 -0.21519323
vn 0.96478735 0.11276262 -0.23763411
vn 0.96478735 0.11276262 -0.23763411
vn 0.96478735 0.11276262 -0.23763411
vn 0.96271426 0.11421782 -0.24522548
vn 0.96271426 0.11421782 -0.24522548
vn 0.96271426 0.11421782 -0.24522548
vn 0.96992212 0.10793726 -0.21817568
vn 0.96992212 0.10793726 -0.21817568
vn 0.96992212 0.10793726 -0.21817568
vn 0.95992020 0.10095957 -0.26145817
vn 0.95992020 0.10095957 -0.26145817
vn 0.95992020 0.10095957 -0.26145817
vn 0.95010878 0.09794780 -0.29614107
vn 0.95010878 0.09794780 -0.29614107
vn 0.95010878 0.09794780 -0.29614107
vn 0.98602366 0.11423718 -0.12127328
vn 0.98602366 0.11423718 -0.12127328
vn 0.98602366 0.11423718 -0.12127328
vn 0.98386543 0.11464099 -0.13735450
vn 0.98386543 0.11464099 -0.13735450
vn 0.98386543 0.11464099 -0.13735450
vn 0.98323977 0.11525228 -0.14126736
vn 0.98323977 0.11525228 -0.14126736
vn 0.98323977 0.11525228 -0.14126736
vn 0.98083155 0.11104207 -0.16012224
vn 0.98083155 0.11104207 -0.16012224
vn 0.98083155 0.11104207 -0.16012224
vn 0.97658475 0.10837520 -0.18584142
vn 0.97658475 0.10837520 -0.18584142
vn 0.97658475 0.10837520 -0.18584142
vn 0.14748971 -0.07088831 -0.98651996
vn 0.14748971 -0.07088831 -0.98651996
vn 0.14748971 -0.07088831 -0.98651996
vn 0.14262249 -0.05956469 -0.98798323
vn 0.14262249 -0.05956469 -0.98798323
vn 0.14262249 -0.05956469 -0.98798323
vn 0.20002438 -0.05260558 -0.97837769
vn 0.20002438 -0.05260558 -0.97837769
vn 0.20002438 -0.05260558 -0.97837769
vn 0.21987299 -0.04239725 -0.97460676
vn 0.21987299 -0.04239725 -0.97460676
vn 0.21987299 -0.04239725 -0.97460676
vn 0.28852716 -0.03352316 -0.95688467
vn 0.28852716 -0.03352316 -0.95688467
vn 0.28852716 -0.03352316 -0.95688467
vn 0.31167958 -0.02107937 -0.94995342
vn 0.31167958 -0.02107937 -0.94995342
vn 0.31167958 -0.02107937 -0.94995342
vn 0.37840716 -0.01186170 -0.92556325
vn 0.37840716 -0.01186170 -0.92556325
vn 0.37840716 -0.01186170 -0.92556325
vn 0.40351229 -0.00314915 -0.91496881
vn 0.40351229 -0.00314915 -0.91496881
vn 0.40351229 -0.00314915 -0.91496881
vn 0.45282080 0.00402331 -0.89159247
vn 0.45282080 0.00402331 -0.89159247
vn 0.45282080 0.00402331 -0.89159247
vn 0.95835750 0.24589041 -0.14521989
vn 0.95835750 0.24589041 -0.14521989
vn 0.95835750 0.24589041 -0.14521989
vn 0.97862188 0.14066770 -0.15003937
vn 0.97862188 0.14066770 -0.15003937
vn 0.97862188 0.14066770 -0.15003937
vn 0.96811021 0.13792340 -0.20914052
vn 0.96811021 0.13792340 -0.20914052
vn 0.96811021 0.13792340 -0.20914052
vn 0.96660946 0.13390955 -0.21848201
vn 0.96660946 0.13390955 -0.21848201
vn 0.96660946 0.13390955 -0.21848201
vn 0.95003913 0.12987144 -0.28382927
vn 0.95003913 0.12987144 -0.28382927
vn 0.95003913 0.12987144 -0.28382927
vn 0.94675285 0.12670174 -0.29598261
vn 0.94675285 0.12670174 -0.29598261
vn 0.94675285 0.12670174 -0.29598261
vn 0.92965281 0.12283452 -0.34735765
vn 0.92965281 0.12283452 -0.34735765
vn 0.92965281 0.12283452 -0.34735765
vn 0.92470194 0.11887793 -0.36165503
vn 0.92470194 0.11887793 -0.36165503
vn 0.92470194 0.11887793 -0.36165503
vn 0.89997816 0.11360150 -0.42087291
vn 0.89997816 0.11360150 -0.42087291
vn 0.89997816 0.11360150 -0.42087291
vn 0.89273711 0.10869370 -0.43727124
vn 0.89273711 0.10869370 -0.43727124
vn 0.89273711 0.10869370 -0.43727124
vn 0.85754665 0.10160369 -0.50427219
vn 0.85754665 0.10160369 -0.50427219
vn 0.85754665 0.10160369 -0.50427219
vn 0.84728033 0.09562724 -0.52246672
vn 0.84728033 0.09562724 -0.52246672
vn 0.84728033 0.09562724 -0.52246672
vn 0.80018394 0.08667519 -0.59345857
vn 0.80018394 0.08667519 -0.59345857
vn 0.80018394 0.08667519 -0.59345857
vn 0.78629740 0.07961227 -0.61269755
vn 0.78629740 0.07961227 -0.61269755
vn 0.78629740 0.07961227 -0.61269755
vn 0.72833252 0.06921484 -0.68171918
vn 0.72833252 0.06921484 -0.68171918
vn 0.72833252 0.06921484 -0.68171918
vn 0.71064492 0.06118661 -0.70088516
vn 0.71064492 0.06118661 -0.70088516
vn 0.71064492 0.06118661 -0.70088516
vn 0.64580045 0.05019297 -0.76185461
vn 0.64580045 0.05019297 -0.76185461
vn 0.64580045 0.05019297 -0.76185461
vn 0.62471207 0.04146981 -0.77975322
vn 0.62471207 0.04146981 -0.77975322
vn 0.62471207 0.04146981 -0.77975322
vn 0.56031633 0.03112150 -0.82769382
vn 0.56031633 0.03112150 -0.82769382
vn 0.56031633 0.03112150 -0.82769382
vn 0.21744863 -0.02654972 -0.97571062
vn 0.21744863 -0.02654972 -0.97571062
vn 0.21744863 -0.02654972 -0.97571062
vn 0.32776858 -0.01244115 -0.94467612
vn 0.32776858 -0.01244115 -0.94467612
vn 0.32776858 -0.01244115 -0.94467612
vn 0.30879096 -0.00163141 -0.95112853
vn 0.30879096 -0.00163141 -0.95112853
vn 0.30879096 -0.00163141 -0.95112853
vn 0.45489508 0.01868760 -0.89034894
vn 0.45489508 0.01868760 -0.89034894
vn 0.45489508 0.01868760 -0.89034894
vn 0.39811169 0.03357810 -0.91672220
vn 0.39811169 0.03357810 -0.91672220
vn 0.39811169 0.03357810 -0.91672220
vn 0.47485514 0.03359650 -0.87942246
vn 0.47485514 0.03359650 -0.87942246
vn 0.47485514 0.03359650 -0.87942246
vn 0.47774748 0.01305526 -0.87840020
vn 0.47774748 0.01305526 -0.87840020
vn 0.47774748 0.01305526 -0.87840020
vn 0.53670247 0.02205619 -0.84348325
vn 0.53670247 0.02205619 -0.84348325
vn 0.53670247 0.02205619 -0.84348325
vn 0.53929258 0.00274322 -0.84211400
vn 0.53929258 0.00274322 -0.84211400
vn 0.53929258 0.00274322 -0.84211400
vn 0.56107460 0.00356755 -0.82775755
vn 0.56107460 0.00356755 -0.82775755
vn 0.56107460 0.00356755 -0.82775755
vn 0.30439325 0.02311178 -0.95226603
vn 0.30439325 0.02311178 -0.95226603
vn 0.30439325 0.02311178 -0.95226603
vn 0.31766801 -0.00182852 -0.94820024
vn 0.31766801 -0.00182852 -0.94820024
vn 0.31766801 -0.00182852 -0.94820024
vn 0.24892042 -0.01050890 -0.96846693
vn 0.24892042 -0.01050890 -0.96846693
vn 0.24892042 -0.01050890 -0.96846693
vn 0.22681357 -0.03171396 -0.97342171
vn 0.22681357 -0.03171396 -0.97342171
vn 0.22681357 -0.03171396 -0.97342171
vn 0.17922228 -0.03731888 -0.98310054
vn 0.17922228 -0.03731888 -0.98310054
vn 0.17922228 -0.03731888 -0.98310054
vn 0.15408333 -0.04989970 -0.98679701
vn 0.15408333 -0.04989970 -0.98679701
vn 0.15408333 -0.04989970 -0.98679701
vn 0.12707704 -0.05285618 -0.99048354
vn 0.12707704 -0.05285618 -0.99048354
vn 0.12707704 -0.05285618 -0.99048354
vn 0.10812276 -0.06208144 -0.99219724
vn 0.10812276 -0.06208144 -0.99219724
vn 0.10812276 -0.06208144 -0.99219724
vn 0.07956840 -0.06500778 -0.99470742
vn 0.07956840 -0.06500778 -0.99470742
vn 0.07956840 -0.06500778 -0.99470742
vn 0.08415812 -0.28038217 -0.95619206
vn 0.08415812 -0.28038217 -0.95619206
vn 0.08415812 -0.28038217 -0.95619206
vn 0.03284669 -0.05678673 -0.99784586
vn 0.03284669 -0.05678673 -0.99784586
vn 0.03284669 -0.05678673 -0.99784586
vn 0.04568228 0.00275888 -0.99895221
vn 0.04568228 0.00275888 -0.99895221
vn 0.04568228 0.00275888 -0.99895221
vn 0.04788960 0.02666025 -0.99849678
vn 0.04788960 0.02666025 -0.99849678
vn 0.04788960 0.02666025 -0.99849678
vn 0.08280994 0.03694773 -0.99588020
vn 0.08280994 0.03694773 -0.99588020
vn 0.08280994 0.03694773 -0.99588020
vn 0.03999718 0.00908291 -0.99915851
vn 0.03999718 0.00908291 -0.99915851
vn 0.03999718 0.00908291 -0.99915851
vn 0.12275580 -0.00716049 -0.99241107
vn 0.12275580 -0.00716049 -0.99241107
vn 0.12275580 -0.00716049 -0.99241107
vn 0.16967018 -0.04947523 -0.98425821
vn 0.16967018 -0.04947523 -0.98425821
vn 0.16967018 -0.04947523 -0.98425821
vn 0.18751247 -0.05170244 -0.98090057
vn 0.18751247 -0.05170244 -0.98090057
vn 0.18751247 -0.05170244 -0.98090057
vn 0.09890452 -0.02822504 -0.99469656
vn 0.09890452 -0.02822504 -0.99469656
vn 0.09890452 -0.02822504 -0.99469656
vn 0.18512569 -0.00274500 -0.98271102
vn 0.18512569 -0.00274500 -0.98271102
vn 0.18512569 -0.00274500 -0.98271102
vn 0.15893176 -0.00688100 -0.98726559
vn 0.15893176 -0.00688100 -0.98726559
vn 0.15893176 -0.00688100 -0.98726559
vn 0.14567180 -0.05017179 -0.98805998
vn 0.14567180 -0.05017179 -0.98805998
vn 0.14567180 -0.05017179 -0.98805998
vn 0.09525238 -0.06463386 -0.99335263
vn 0.09525238 -0.06463386 -0.99335263
vn 0.09525238 -0.06463386 -0.99335263
vn 0.12690993 -0.07320456 -0.98920926
vn 0.12690993 -0.07320456 -0.98920926
vn 0.12690993 -0.07320456 -0.98920926
vn 0.10428887 -0.07052354 -0.99204348
vn 0.10428887 -0.07052354 -0.99204348
vn 0.10428887 -0.07052354 -0.99204348
vn 0.11039274 -0.07660221 -0.99093165
vn 0.11039274 -0.07660221 -0.99093165
vn 0.11039274 -0.07660221 -0.99093165
vn 0.12991071 -0.06454488 -0.98942264
vn 0.12991071 -0.06454488 -0.98942264
vn 0.12991071 -0.06454488 -0.98942264
vn 0.10063249 -0.07663753 -0.99196764
vn 0.10063249 -0.07663753 -0.99196764
vn 0.10063249 -0.07663753 -0.99196764
vn 0.08738212 -0.07666322 -0.99322058
vn 0.08738212 -0.07666322 -0.99322058
vn 0.08738212 -0.07666322 -0.99322058
vn 0.09519570 -0.07234837 -0.99282601
vn 0.09519570 -0.07234837 -0.99282601
vn 0.09519570 -0.07234837 -0.99282601
vn 0.05600123 -0.07254005 -0.99579205
vn 0.05600123 -0.07254005 -0.99579205
vn 0.05600123 -0.07254005 -0.99579205
vn 0.09882802 -0.04871349 -0.99391147
vn 0.09882802 -0.04871349 -0.99391147
vn 0.09882802 -0.04871349 -0.99391147
vn 0.02479035 -0.04935988 -0.99847336
vn 0.02479035 -0.04935988 -0.99847336
vn 0.02479035 -0.04935988 -0.99847336
vn 0.04345452 -0.02680338 -0.99869579
vn 0.04345452 -0.02680338 -0.99869579
vn 0.04345452 -0.02680338 -0.99869579
vn 0.00013891 -0.99999999 -0.00000680
vn 0.00013891 -0.99999999 -0.00000680
vn 0.00013891 -0.99999999 -0.00000680
vn 0.00015441 -0.99999999 0.00003059
vn 0.00015441 -0.99999999 0.00003059
vn 0.00015441 -0.99999999 0.00003059
vn 0.00016020 -0.99999999 -0.00000610
vn 0.00016020 -0.99999999 -0.00000610
vn 0.00016020 -0.99999999 -0.00000610
vn 0.00016034 -0.99999999 -0.00000478
vn 0.00016034 -0.99999999 -0.00000478
vn 0.00016034 -0.99999999 -0.00000478
vn 0.00016025 -0.99999999 -0.00000457
vn 0.00016025 -0.99999999 -0.00000457
vn 0.00016025 -0.99999999 -0.00000457
vn 0.00016050 -0.99999999 -0.00000638
vn 0.00016050 -0.99999999 -0.00000638
vn 0.00016050 -0.99999999 -0.00000638
vn 0.00016052 -0.99999999 -0.00000617
vn 0.00016052 -0.99999999 -0.00000617
vn 0.00016052 -0.99999999 -0.00000617
vn 0.00014626 -0.99999999 0.00002531
vn 0.00014626 -0.99999999 0.00002531
vn 0.00014626 -0.99999999 0.00002531
vn 0.00015949 -0.99999999 -0.00000312
vn 0.00015949 -0.99999999 -0.00000312
vn 0.00015949 -0.99999999 -0.00000312
vn 0.00015967 -0.99999999 -0.00000400
vn 0.00015967 -0.99999999 -0.00000400
vn 0.00015967 -0.99999999 -0.00000400
vn 0.00016041 -0.99999999 -0.00000556
vn 0.00016041 -0.99999999 -0.00000556
vn 0.00016041 -0.99999999 -0.00000556
vn 0.00016108 -0.99999999 -0.00000843
vn 0.00016108 -0.99999999 -0.00000843
vn 0.00016108 -0.99999999 -0.00000843
vn 0.00016185 -0.99999999 -0.00001068
vn 0.00016185 -0.99999999 -0.00001068
vn 0.00016185 -0.99999999 -0.00001068
vn 0.00015954 -0.99999999 -0.00000513
vn 0.00015954 -0.99999999 -0.00000513
vn 0.00015954 -0.99999999 -0.00000513
vn 0.00015886 -0.99999999 -0.00000297
vn 0.00015886 -0.99999999 -0.00000297
vn 0.00015886 -0.99999999 -0.00000297
vn 0.00015995 -0.99999999 -0.00000493
vn 0.00015995 -0.99999999 -0.00000493
vn 0.00015995 -0.99999999 -0.00000493
vn 0.00016235 -0.99999999 -0.00000799
vn 0.00016235 -0.99999999 -0.00000799
vn 0.00016235 -0.99999999 -0.00000799
vn 0.00016156 -0.99999999 -0.00000642
vn 0.00016156 -0.99999999 -0.00000642
vn 0.00016156 -0.99999999 -0.00000642
vn 0.00015888 -0.99999999 -0.00000270
vn 0.00015888 -0.99999999 -0.00000270
vn 0.00015888 -0.99999999 -0.00000270
vn 0.00015345 -0.99999999 0.00000909
vn 0.00015345 -0.99999999 0.00000909
vn 0.00015345 -0.99999999 0.00000909
vn 0.00016415 -0.99999999 -0.00001173
vn 0.00016415 -0.99999999 -0.00001173
vn 0.00016415 -0.99999999 -0.00001173
vn 0.00016104 -0.99999999 -0.00000630
vn 0.00016104 -0.99999999 -0.00000630
vn 0.00016104 -0.99999999 -0.00000630
vn 0.00016093 -0.99999999 -0.00000617
vn 0.00016093 -0.99999999 -0.00000617
vn 0.00016093 -0.99999999 -0.00000617
vn 0.00015592 -0.99999999 -0.00000232
vn 0.00015592 -0.99999999 -0.00000232
vn 0.00015592 -0.99999999 -0.00000232
vn 0.00015963 -0.99999999 -0.00000555
vn 0.00015963 -0.99999999 -0.00000555
vn 0.00015963 -0.99999999 -0.00000555
vn 0.00016517 -0.99999999 -0.00000836
vn 0.00016517 -0.99999999 -0.00000836
vn 0.00016517 -0.99999999 -0.00000836
vn 0.00015935 -0.99999999 -0.00000195
vn 0.00015935 -0.99999999 -0.00000195
vn 0.00015935 -0.99999999 -0.00000195
vn 0.00016047 -0.99999999 -0.00000331
vn 0.00016047 -0.99999999 -0.00000331
vn 0.00016047 -0.99999999 -0.00000331
vn 0.00016123 -0.99999999 -0.00000376
vn 0.00016123 -0.99999999 -0.00000376
vn 0.00016123 -0.99999999 -0.00000376
vn 0.00016265 -0.99999999 -0.00000498
vn 0.00016265 -0.99999999 -0.00000498
vn 0.00016265 -0.99999999 -0.00000498
vn 0.00015474 -0.99999999 -0.00000214
vn 0.00015474 -0.99999999 -0.00000214
vn 0.00015474 -0.99999999 -0.00000214
vn 0.00015962 -0.99999999 -0.00000523
vn 0.00015962 -0.99999999 -0.00000523
vn 0.00015962 -0.99999999 -0.00000523
vn 0.00016158 -0.99999999 -0.00000635
vn 0.00016158 -0.99999999 -0.00000635
vn 0.00016158 -0.99999999 -0.00000635
vn 0.00004843 -1.00000000 0.00007931
vn 0.00004843 -1.00000000 0.00007931
vn 0.00004843 -1.00000000 0.00007931
vn -0.00018761 -0.99999995 0.00025821
vn -0.00018761 -0.99999995 0.00025821
vn -0.00018761 -0.99999995 0.00025821
vn 0.00015830 -0.99999999 -0.00000364
vn 0.00015830 -0.99999999 -0.00000364
vn 0.00015830 -0.99999999 -0.00000364
vn 0.00016627 -0.99999999 -0.00000901
vn 0.00016627 -0.99999999 -0.00000901
vn 0.00016627 -0.99999999 -0.00000901
vn 0.00016570 -0.99999999 -0.00000865
vn 0.00016570 -0.99999999 -0.00000865
vn 0.00016570 -0.99999999 -0.00000865
vn 0.00015989 -0.99999999 -0.00000444
vn 0.00015989 -0.99999999 -0.00000444
vn 0.00015989 -0.99999999 -0.00000444
vn 0.00003822 -1.00000000 0.00008237
vn 0.00003822 -1.00000000 0.00008237
vn 0.00003822 -1.00000000 0.00008237
vn 0.00016021 -0.99999999 -0.00000464
vn 0.00016021 -0.99999999 -0.00000464
vn 0.00016021 -0.99999999 -0.00000464
vn 0.00016457 -0.99999999 -0.00000943
vn 0.00016457 -0.99999999 -0.00000943
vn 0.00016457 -0.99999999 -0.00000943
vn 0.00015821 -0.99999999 -0.00000357
vn 0.00015821 -0.99999999 -0.00000357
vn 0.00015821 -0.99999999 -0.00000357
vn 0.00016018 -0.99999999 -0.00000597
vn 0.00016018 -0.99999999 -0.00000597
vn 0.00016018 -0.99999999 -0.00000597
vn 0.00015296 -0.99999999 -0.00000006
vn 0.00015296 -0.99999999 -0.00000006
vn 0.00015296 -0.99999999 -0.00000006
vn 0.00022538 -0.99999997 -0.00005597
vn 0.00022538 -0.99999997 -0.00005597
vn 0.00022538 -0.99999997 -0.00005597
vn 0.00015880 -0.99999999 -0.00000253
vn 0.00015880 -0.99999999 -0.00000253
vn 0.00015880 -0.99999999 -0.00000253
vn 0.00016020 -0.99999999 -0.00000428
vn 0.00016020 -0.99999999 -0.00000428
vn 0.00016020 -0.99999999 -0.00000428
vn 0.00015916 -0.99999999 -0.00000330
vn 0.00015916 -0.99999999 -0.00000330
vn 0.00015916 -0.99999999 -0.00000330
vn 0.00016874 -0.99999999 -0.00001661
vn 0.00016874 -0.99999999 -0.00001661
vn 0.00016874 -0.99999999 -0.00001661
vn 0.00015393 -0.99999999 0.00000046
vn 0.00015393 -0.99999999 0.00000046
vn 0.00015393 -0.99999999 0.00000046
vn 0.00016143 -0.99999999 -0.00000643
vn 0.00016143 -0.99999999 -0.00000643
vn 0.00016143 -0.99999999 -0.00000643
vn 0.00012290 -0.99999999 0.00000305
vn 0.00012290 -0.99999999 0.00000305
vn 0.00012290 -0.99999999 0.00000305
vn 0.00016020 -0.99999999 -0.00000470
vn 0.00016020 -0.99999999 -0.00000470
vn 0.00016020 -0.99999999 -0.00000470
vn 0.00015968 -0.99999999 -0.00000424
vn 0.00015968 -0.99999999 -0.00000424
vn 0.00015968 -0.99999999 -0.00000424
vn 0.00016044 -0.99999999 -0.00000421
vn 0.00016044 -0.99999999 -0.00000421
vn 0.00016044 -0.99999999 -0.00000421
vn 0.00016771 -0.99999999 -0.00000848
vn 0.00016771 -0.99999999 -0.00000848
vn 0.00016771 -0.99999999 -0.00000848
vn 0.00016050 -0.99999999 -0.00000653
vn 0.00016050 -0.99999999 -0.00000653
vn 0.00016050 -0.99999999 -0.00000653
vn 0.00015839 -0.99999999 -0.00000454
vn 0.00015839 -0.99999999 -0.00000454
vn 0.00015839 -0.99999999 -0.00000454
vn 0.00015991 -0.99999999 -0.00000546
vn 0.00015991 -0.99999999 -0.00000546
vn 0.00015991 -0.99999999 -0.00000546
vn 0.00015856 -0.99999999 -0.00000372
vn 0.00015856 -0.99999999 -0.00000372
vn 0.00015856 -0.99999999 -0.00000372
vn 0.00016648 -0.99999999 -0.00000438
vn 0.00016648 -0.99999999 -0.00000438
vn 0.00016648 -0.99999999 -0.00000438
vn -0.00077787 -0.99999966 0.00028224
vn -0.00077787 -0.99999966 0.00028224
vn -0.00077787 -0.99999966 0.00028224
vn 0.45961611 0.88811768 0.00012471
vn 0.45961611 0.88811768 0.00012471
vn 0.45961611 0.88811768 0.00012471
vn 0.45961608 0.88811769 0.00012468
vn 0.45961608 0.88811769 0.00012468
vn 0.45961608 0.88811769 0.00012468
vn 0.45961478 0.88811797 0.00085331
vn 0.45961478 0.88811797 0.00085331
vn 0.45961478 0.88811797 0.00085331
vn 0.45987312 0.88798449 0.00050605
vn 0.45987312 0.88798449 0.00050605
vn 0.45987312 0.88798449 0.00050605
vn 0.45984458 0.88799934 0.00035508
vn 0.45984458 0.88799934 0.00035508
vn 0.45984458 0.88799934 0.00035508
vn 0.45984461 0.88799933 0.00034041
vn 0.45984461 0.88799933 0.00034041
vn 0.45984461 0.88799933 0.00034041
vn 0.45984612 0.88799855 0.00034849
vn 0.45984612 0.88799855 0.00034849
vn 0.45984612 0.88799855 0.00034849
vn -0.99840523 0.00010191 0.05645346
vn -0.99840523 0.00010191 0.05645346
vn -0.99840523 0.00010191 0.05645346
vn -0.34049093 0.00002444 0.94024780
vn -0.34049093 0.00002444 0.94024780
vn -0.34049093 0.00002444 0.94024780
vn -0.99947310 0.00399066 0.03221178
vn -0.99947310 0.00399066 0.03221178
vn -0.99947310 0.00399066 0.03221178
vn -0.99592759 -0.00000174 0.09015677
vn -0.99592759 -0.00000174 0.09015677
vn -0.99592759 -0.00000174 0.09015677
vn -0.98853492 -0.00000185 0.15099244
vn -0.98853492 -0.00000185 0.15099244
vn -0.98853492 -0.00000185 0.15099244
vn -0.99037994 0.00131257 0.13836856
vn -0.99037994 0.00131257 0.13836856
vn -0.99037994 0.00131257 0.13836856
vn -0.97466845 -0.00167040 0.22364845
vn -0.97466845 -0.00167040 0.22364845
vn -0.97466845 -0.00167040 0.22364845
vn -0.97724799 -0.00005240 0.21209991
vn -0.97724799 -0.00005240 0.21209991
vn -0.97724799 -0.00005240 0.21209991
vn -0.95557745 -0.00009572 0.29474009
vn -0.95557745 -0.00009572 0.29474009
vn -0.95557745 -0.00009572 0.29474009
vn -0.95555340 -0.00010393 0.29481808
vn -0.95555340 -0.00010393 0.29481808
vn -0.95555340 -0.00010393 0.29481808
vn -0.93141972 -0.00012433 0.36394681
vn -0.93141972 -0.00012433 0.36394681
vn -0.93141972 -0.00012433 0.36394681
vn -0.93139003 -0.00013239 0.36402280
vn -0.93139003 -0.00013239 0.36402280
vn -0.93139003 -0.00013239 0.36402280
vn -0.90240695 -0.00016807 0.43088476
vn -0.90240695 -0.00016807 0.43088476
vn -0.90240695 -0.00016807 0.43088476
vn -0.90234117 -0.00018277 0.43102247
vn -0.90234117 -0.00018277 0.43102247
vn -0.90234117 -0.00018277 0.43102247
vn -0.86873254 -0.00018803 0.49528147
vn -0.86873254 -0.00018803 0.49528147
vn -0.86873254 -0.00018803 0.49528147
vn -0.86865506 -0.00020273 0.49541735
vn -0.86865506 -0.00020273 0.49541735
vn -0.86865506 -0.00020273 0.49541735
vn -0.83064246 -0.00023611 0.55680611
vn -0.83064246 -0.00023611 0.55680611
vn -0.83064246 -0.00023611 0.55680611
vn -0.83053631 -0.00025351 0.55696442
vn -0.83053631 -0.00025351 0.55696442
vn -0.83053631 -0.00025351 0.55696442
vn -0.78837676 -0.00025089 0.61519267
vn -0.78837676 -0.00025089 0.61519267
vn -0.78837676 -0.00025089 0.61519267
vn -0.78825504 -0.00026842 0.61534862
vn -0.78825504 -0.00026842 0.61534862
vn -0.78825504 -0.00026842 0.61534862
vn -0.74295592 -0.00029847 0.66934028
vn -0.74295592 -0.00029847 0.66934028
vn -0.74295592 -0.00029847 0.66934028
vn -0.74289212 -0.00030639 0.66941109
vn -0.74289212 -0.00030639 0.66941109
vn -0.74289212 -0.00030639 0.66941109
vn -0.69484960 -0.00031859 0.71915501
vn -0.69484960 -0.00031859 0.71915501
vn -0.69484960 -0.00031859 0.71915501
vn -0.69478033 -0.00032636 0.71922193
vn -0.69478033 -0.00032636 0.71922193
vn -0.69478033 -0.00032636 0.71922193
vn -0.64264567 -0.00035320 0.76616344
vn -0.64264567 -0.00035320 0.76616344
vn -0.64264567 -0.00035320 0.76616344
vn -0.64259444 -0.00035860 0.76620641
vn -0.64259444 -0.00035860 0.76620641
vn -0.64259444 -0.00035860 0.76620641
vn -0.58667887 -0.00037358 0.80981959
vn -0.58667887 -0.00037358 0.80981959
vn -0.58667887 -0.00037358 0.80981959
vn -0.58662150 -0.00037907 0.80986115
vn -0.58662150 -0.00037907 0.80986115
vn -0.58662150 -0.00037907 0.80986115
vn -0.52827772 -0.00040234 0.84907154
vn -0.52827772 -0.00040234 0.84907154
vn -0.52827772 -0.00040234 0.84907154
vn -0.52822141 -0.00040727 0.84910657
vn -0.52822141 -0.00040727 0.84910657
vn -0.52822141 -0.00040727 0.84910657
vn -0.46749259 -0.00041821 0.88399689
vn -0.46749259 -0.00041821 0.88399689
vn -0.46749259 -0.00041821 0.88399689
vn -0.46742824 -0.00042346 0.88403091
vn -0.46742824 -0.00042346 0.88403091
vn -0.46742824 -0.00042346 0.88403091
vn -0.40474482 -0.00044249 0.91442957
vn -0.40474482 -0.00044249 0.91442957
vn -0.40474482 -0.00044249 0.91442957
vn -0.39206799 -0.00139598 0.91993518
vn -0.39206799 -0.00139598 0.91993518
vn -0.39206799 -0.00139598 0.91993518
vn -0.33690229 0.00019485 0.94153960
vn -0.33690229 0.00019485 0.94153960
vn -0.33690229 0.00019485 0.94153960
vn -0.21937074 -0.00045570 0.97564147
vn -0.21937074 -0.00045570 0.97564147
vn -0.21937074 -0.00045570 0.97564147
vn -0.20865252 -0.00000192 0.97798984
vn -0.20865252 -0.00000192 0.97798984
vn -0.20865252 -0.00000192 0.97798984
vn -0.31807550 -0.00046190 0.94806527
vn -0.31807550 -0.00046190 0.94806527
vn -0.31807550 -0.00046190 0.94806527
vn -0.29815475 -0.00047095 0.95451743
vn -0.29815475 -0.00047095 0.95451743
vn -0.29815475 -0.00047095 0.95451743
vn -0.27502745 -0.00002012 0.96143638
vn -0.27502745 -0.00002012 0.96143638
vn -0.27502745 -0.00002012 0.96143638
vn -0.26755611 -0.00036796 0.96354221
vn -0.26755611 -0.00036796 0.96354221
vn -0.26755611 -0.00036796 0.96354221
vn -0.24365588 -0.00048250 0.96986163
vn -0.24365588 -0.00048250 0.96986163
vn -0.24365588 -0.00048250 0.96986163
vn -0.05472781 -0.00242461 0.99849837
vn -0.05472781 -0.00242461 0.99849837
vn -0.05472781 -0.00242461 0.99849837
vn -0.18651788 -0.00048936 0.98245145
vn -0.18651788 -0.00048936 0.98245145
vn -0.18651788 -0.00048936 0.98245145
vn -0.16055483 -0.00049317 0.98702680
vn -0.16055483 -0.00049317 0.98702680
vn -0.16055483 -0.00049317 0.98702680
vn -0.14166841 0.00002070 0.98991417
vn -0.14166841 0.00002070 0.98991417
vn -0.14166841 0.00002070 0.98991417
vn -0.11907747 -0.00078265 0.99288466
vn -0.11907747 -0.00078265 0.99288466
vn -0.11907747 -0.00078265 0.99288466
vn -0.07447090 -0.00012112 0.99722318
vn -0.07447090 -0.00012112 0.99722318
vn -0.07447090 -0.00012112 0.99722318
vn -0.05490746 -0.00104949 0.99849090
vn -0.05490746 -0.00104949 0.99849090
vn -0.05490746 -0.00104949 0.99849090
vn -0.03367969 -0.00051125 0.99943255
vn -0.03367969 -0.00051125 0.99943255
vn -0.03367969 -0.00051125 0.99943255
vn 0.45984615 0.88799849 0.00045881
vn 0.45984615 0.88799849 0.00045881
vn 0.45984615 0.88799849 0.00045881
vn 0.45981190 0.88801626 0.00036499
vn 0.45981190 0.88801626 0.00036499
vn 0.45981190 0.88801626 0.00036499
vn 0.45981190 0.88801627 0.00036028
vn 0.45981190 0.88801627 0.00036028
vn 0.45981190 0.88801627 0.00036028
vn 0.45981090 0.88801679 0.00035723
vn 0.45981090 0.88801679 0.00035723
vn 0.45981090 0.88801679 0.00035723
vn 0.45981108 0.88801669 0.00035984
vn 0.45981108 0.88801669 0.00035984
vn 0.45981108 0.88801669 0.00035984
vn 0.45981028 0.88801711 0.00035769
vn 0.45981028 0.88801711 0.00035769
vn 0.45981028 0.88801711 0.00035769
vn 0.45981593 0.88801418 0.00035533
vn 0.45981593 0.88801418 0.00035533
vn 0.45981593 0.88801418 0.00035533
vn 0.45981043 0.88801703 0.00035887
vn 0.45981043 0.88801703 0.00035887
vn 0.45981043 0.88801703 0.00035887
vn 0.45981102 0.88801672 0.00036033
vn 0.45981102 0.88801672 0.00036033
vn 0.45981102 0.88801672 0.00036033
vn 0.45981001 0.88801725 0.00035860
vn 0.45981001 0.88801725 0.00035860
vn 0.45981001 0.88801725 0.00035860
vn 0.45981056 0.88801696 0.00036035
vn 0.45981056 0.88801696 0.00036035
vn 0.45981056 0.88801696 0.00036035
vn 0.45980783 0.88801837 0.00035528
vn 0.45980783 0.88801837 0.00035528
vn 0.45980783 0.88801837 0.00035528
vn 0.45981152 0.88801646 0.00035992
vn 0.45981152 0.88801646 0.00035992
vn 0.45981152 0.88801646 0.00035992
vn 0.45981259 0.88801591 0.00036208
vn 0.45981259 0.88801591 0.00036208
vn 0.45981259 0.88801591 0.00036208
vn 0.45981290 0.88801575 0.00036251
vn 0.45981290 0.88801575 0.00036251
vn 0.45981290 0.88801575 0.00036251
vn 0.45981230 0.88801606 0.00036119
vn 0.45981230 0.88801606 0.00036119
vn 0.45981230 0.88801606 0.00036119
vn 0.45981016 0.88801717 0.00035780
vn 0.45981016 0.88801717 0.00035780
vn 0.45981016 0.88801717 0.00035780
vn 0.45980943 0.88801755 0.00035698
vn 0.45980943 0.88801755 0.00035698
vn 0.45980943 0.88801755 0.00035698
vn 0.45980938 0.88801757 0.00035690
vn 0.45980938 0.88801757 0.00035690
vn 0.45980938 0.88801757 0.00035690
vn 0.45981352 0.88801543 0.00036199
vn 0.45981352 0.88801543 0.00036199
vn 0.45981352 0.88801543 0.00036199
vn 0.45981317 0.88801561 0.00036169
vn 0.45981317 0.88801561 0.00036169
vn 0.45981317 0.88801561 0.00036169
vn 0.45981216 0.88801613 0.00036034
vn 0.45981216 0.88801613 0.00036034
vn 0.45981216 0.88801613 0.00036034
vn 0.45980950 0.88801751 0.00035716
vn 0.45980950 0.88801751 0.00035716
vn 0.45980950 0.88801751 0.00035716
vn 0.45980860 0.88801798 0.00035643
vn 0.45980860 0.88801798 0.00035643
vn 0.45980860 0.88801798 0.00035643
vn 0.45981254 0.88801594 0.00036134
vn 0.45981254 0.88801594 0.00036134
vn 0.45981254 0.88801594 0.00036134
vn 0.45981008 0.88801721 0.00035935
vn 0.45981008 0.88801721 0.00035935
vn 0.45981008 0.88801721 0.00035935
vn 0.45980996 0.88801727 0.00035919
vn 0.45980996 0.88801727 0.00035919
vn 0.45980996 0.88801727 0.00035919
vn 0.45981337 0.88801550 0.00036198
vn 0.45981337 0.88801550 0.00036198
vn 0.45981337 0.88801550 0.00036198
vn 0.45981298 0.88801570 0.00036169
vn 0.45981298 0.88801570 0.00036169
vn 0.45981298 0.88801570 0.00036169
vn 0.45981059 0.88801695 0.00035874
vn 0.45981059 0.88801695 0.00035874
vn 0.45981059 0.88801695 0.00035874
vn 0.45981238 0.88801602 0.00035996
vn 0.45981238 0.88801602 0.00035996
vn 0.45981238 0.88801602 0.00035996
vn 0.45981080 0.88801684 0.00035810
vn 0.45981080 0.88801684 0.00035810
vn 0.45981080 0.88801684 0.00035810
vn 0.45980839 0.88801808 0.00035694
vn 0.45980839 0.88801808 0.00035694
vn 0.45980839 0.88801808 0.00035694
vn 0.45981219 0.88801612 0.00036055
vn 0.45981219 0.88801612 0.00036055
vn 0.45981219 0.88801612 0.00036055
vn 0.45981099 0.88801674 0.00036029
vn 0.45981099 0.88801674 0.00036029
vn 0.45981099 0.88801674 0.00036029
vn 0.45981029 0.88801710 0.00035927
vn 0.45981029 0.88801710 0.00035927
vn 0.45981029 0.88801710 0.00035927
vn 0.45981038 0.88801705 0.00035933
vn 0.45981038 0.88801705 0.00035933
vn 0.45981038 0.88801705 0.00035933
vn -0.99999890 -0.00148201 -0.00000164
vn -0.99999890 -0.00148201 -0.00000164
vn -0.99999890 -0.00148201 -0.00000164
vn -0.99999889 -0.00148901 -0.00000026
vn -0.99999889 -0.00148901 -0.00000026
vn -0.99999889 -0.00148901 -0.00000026
vn -0.99999896 -0.00144556 0.00000323
vn -0.99999896 -0.00144556 0.00000323
vn -0.99999896 -0.00144556 0.00000323
vn 0.43004094 0.90280931 0.00036881
vn 0.43004094 0.90280931 0.00036881
vn 0.43004094 0.90280931 0.00036881
vn 0.37149125 0.92826121 -0.01803843
vn 0.37149125 0.92826121 -0.01803843
vn 0.37149125 0.92826121 -0.01803843
vn 0.39732450 0.91767800 0.00057821
vn 0.39732450 0.91767800 0.00057821
vn 0.39732450 0.91767800 0.00057821
vn 0.26675577 0.96376413 0.00023072
vn 0.26675577 0.96376413 0.00023072
vn 0.26675577 0.96376413 0.00023072
vn 0.30485241 0.95224035 -0.01741648
vn 0.30485241 0.95224035 -0.01741648
vn 0.30485241 0.95224035 -0.01741648
vn 0.13348033 0.99102636 -0.00705304
vn 0.13348033 0.99102636 -0.00705304
vn 0.13348033 0.99102636 -0.00705304
vn 0.12146695 0.99252850 -0.01153111
vn 0.12146695 0.99252850 -0.01153111
vn 0.12146695 0.99252850 -0.01153111
vn 0.19542683 0.98067043 0.00968815
vn 0.19542683 0.98067043 0.00968815
vn 0.19542683 0.98067043 0.00968815
vn 0.00017964 0.99999996 0.00019926
vn 0.00017964 0.99999996 0.00019926
vn 0.00017964 0.99999996 0.00019926
vn 0.00017943 0.99999996 0.00019917
vn 0.00017943 0.99999996 0.00019917
vn 0.00017943 0.99999996 0.00019917
vn 0.01129296 0.99993552 0.00119052
vn 0.01129296 0.99993552 0.00119052
vn 0.01129296 0.99993552 0.00119052
vn 0.00117010 0.99998524 -0.00530653
vn 0.00117010 0.99998524 -0.00530653
vn 0.00117010 0.99998524 -0.00530653
vn 0.03948103 0.99919158 0.00757851
vn 0.03948103 0.99919158 0.00757851
vn 0.03948103 0.99919158 0.00757851
vn 0.00050334 0.99999973 0.00053913
vn 0.00050334 0.99999973 0.00053913
vn 0.00050334 0.99999973 0.00053913
vn 0.00006851 0.99999987 0.00051492
vn 0.00006851 0.99999987 0.00051492
vn 0.00006851 0.99999987 0.00051492
vn 0.00007864 0.99999987 0.00050895
vn 0.00007864 0.99999987 0.00050895
vn 0.00007864 0.99999987 0.00050895
vn -0.99999892 -0.00146648 0.00005992
vn -0.99999892 -0.00146648 0.00005992
vn -0.99999892 -0.00146648 0.00005992
vn -0.99999891 -0.00147703 0.00002282
vn -0.99999891 -0.00147703 0.00002282
vn -0.99999891 -0.00147703 0.00002282
vn -0.99999892 -0.00147203 0.00000144
vn -0.99999892 -0.00147203 0.00000144
vn -0.99999892 -0.00147203 0.00000144
vn -0.99999892 -0.00147130 -0.00000026
vn -0.99999892 -0.00147130 -0.00000026
vn -0.99999892 -0.00147130 -0.00000026
vn -0.99999891 -0.00147475 0.00001552
vn -0.99999891 -0.00147475 0.00001552
vn -0.99999891 -0.00147475 0.00001552
vn -0.99999891 -0.00147266 0.00004583
vn -0.99999891 -0.00147266 0.00004583
vn -0.99999891 -0.00147266 0.00004583
vn -0.99999892 -0.00147137 0.00004719
vn -0.99999892 -0.00147137 0.00004719
vn -0.99999892 -0.00147137 0.00004719
vn -0.99999892 -0.00147072 0.00004850
vn -0.99999892 -0.00147072 0.00004850
vn -0.99999892 -0.00147072 0.00004850
vn 0.98885683 0.14728221 0.02168239
vn 0.98885683 0.14728221 0.02168239
vn 0.98885683 0.14728221 0.02168239
vn 0.99306013 0.11758617 0.00225378
vn 0.99306013 0.11758617 0.00225378
vn 0.99306013 0.11758617 0.00225378
vn 0.99273860 0.11894192 0.01796888
vn 0.99273860 0.11894192 0.01796888
vn 0.99273860 0.11894192 0.01796888
vn 0.99269184 0.11954131 0.01651627
vn 0.99269184 0.11954131 0.01651627
vn 0.99269184 0.11954131 0.01651627
vn 0.98942685 0.14459008 0.01132367
vn 0.98942685 0.14459008 0.01132367
vn 0.98942685 0.14459008 0.01132367
vn 0.98957406 0.14280313 0.01872022
vn 0.98957406 0.14280313 0.01872022
vn 0.98957406 0.14280313 0.01872022
vn 0.98729358 0.15881966 0.00526366
vn 0.98729358 0.15881966 0.00526366
vn 0.98729358 0.15881966 0.00526366
vn 0.45961466 0.88811790 -0.00098299
vn 0.45961466 0.88811790 -0.00098299
vn 0.45961466 0.88811790 -0.00098299
vn 0.45961610 0.88811769 -0.00007796
vn 0.45961610 0.88811769 -0.00007796
vn 0.45961610 0.88811769 -0.00007796
vn 0.45961602 0.88811720 -0.00098060
vn 0.45961602 0.88811720 -0.00098060
vn 0.45961602 0.88811720 -0.00098060
vn 0.45981554 0.88801441 -0.00028581
vn 0.45981554 0.88801441 -0.00028581
vn 0.45981554 0.88801441 -0.00028581
vn 0.45982587 0.88800903 -0.00036912
vn 0.45982587 0.88800903 -0.00036912
vn 0.45982587 0.88800903 -0.00036912
vn 0.45983159 0.88800610 -0.00028304
vn 0.45983159 0.88800610 -0.00028304
vn 0.45983159 0.88800610 -0.00028304
vn 0.45984524 0.88799901 -0.00033756
vn 0.45984524 0.88799901 -0.00033756
vn 0.45984524 0.88799901 -0.00033756
vn 0.45984592 0.88799866 -0.00034119
vn 0.45984592 0.88799866 -0.00034119
vn 0.45984592 0.88799866 -0.00034119
vn -0.04180197 -0.00239837 -0.99912304
vn -0.04180197 -0.00239837 -0.99912304
vn -0.04180197 -0.00239837 -0.99912304
vn -0.99971536 0.00010248 -0.02385768
vn -0.99971536 0.00010248 -0.02385768
vn -0.99971536 0.00010248 -0.02385768
vn -0.99840248 0.00235032 -0.05645326
vn -0.99840248 0.00235032 -0.05645326
vn -0.99840248 0.00235032 -0.05645326
vn -0.99041767 -0.00001220 -0.13810442
vn -0.99041767 -0.00001220 -0.13810442
vn -0.99041767 -0.00001220 -0.13810442
vn -0.99431049 0.00000318 -0.10652067
vn -0.99431049 0.00000318 -0.10652067
vn -0.99431049 0.00000318 -0.10652067
vn -0.99724411 0.00072863 -0.07418657
vn -0.99724411 0.00072863 -0.07418657
vn -0.99724411 0.00072863 -0.07418657
vn -0.98853855 0.00087361 -0.15096615
vn -0.98853855 0.00087361 -0.15096615
vn -0.98853855 0.00087361 -0.15096615
vn -0.97467421 -0.00166461 -0.22362337
vn -0.97467421 -0.00166461 -0.22362337
vn -0.97467421 -0.00166461 -0.22362337
vn -0.97724780 -0.00005037 -0.21210075
vn -0.97724780 -0.00005037 -0.21210075
vn -0.97724780 -0.00005037 -0.21210075
vn -0.95554973 -0.00009287 -0.29482995
vn -0.95554973 -0.00009287 -0.29482995
vn -0.95554973 -0.00009287 -0.29482995
vn -0.95558640 -0.00010509 -0.29471108
vn -0.95558640 -0.00010509 -0.29471108
vn -0.95558640 -0.00010509 -0.29471108
vn -0.93143225 -0.00011595 -0.36391475
vn -0.93143225 -0.00011595 -0.36391475
vn -0.93143225 -0.00011595 -0.36391475
vn -0.93138543 -0.00012865 -0.36403457
vn -0.93138543 -0.00012865 -0.36403457
vn -0.93138543 -0.00012865 -0.36403457
vn -0.90235765 -0.00016368 -0.43098799
vn -0.90235765 -0.00016368 -0.43098799
vn -0.90235765 -0.00016368 -0.43098799
vn -0.90236749 -0.00016148 -0.43096738
vn -0.90236749 -0.00016148 -0.43096738
vn -0.90236749 -0.00016148 -0.43096738
vn -0.86867670 -0.00019983 -0.49537941
vn -0.86867670 -0.00019983 -0.49537941
vn -0.86867670 -0.00019983 -0.49537941
vn -0.86868816 -0.00019765 -0.49535931
vn -0.86868816 -0.00019765 -0.49535931
vn -0.86868816 -0.00019765 -0.49535931
vn -0.83067855 -0.00023043 -0.55675228
vn -0.83067855 -0.00023043 -0.55675228
vn -0.83067855 -0.00023043 -0.55675228
vn -0.83050027 -0.00025959 -0.55701816
vn -0.83050027 -0.00025959 -0.55701816
vn -0.83050027 -0.00025959 -0.55701816
vn -0.78841546 -0.00023340 -0.61514307
vn -0.78841546 -0.00023340 -0.61514307
vn -0.78841546 -0.00023340 -0.61514307
vn -0.78821802 -0.00026178 -0.61539604
vn -0.78821802 -0.00026178 -0.61539604
vn -0.78821802 -0.00026178 -0.61539604
vn -0.74292375 -0.00029126 -0.66937599
vn -0.74292375 -0.00029126 -0.66937599
vn -0.74292375 -0.00029126 -0.66937599
vn -0.74291472 -0.00029238 -0.66938601
vn -0.74291472 -0.00029238 -0.66938601
vn -0.74291472 -0.00029238 -0.66938601
vn -0.69481332 -0.00031836 -0.71919007
vn -0.69481332 -0.00031836 -0.71919007
vn -0.69481332 -0.00031836 -0.71919007
vn -0.69480622 -0.00031916 -0.71919692
vn -0.69480622 -0.00031916 -0.71919692
vn -0.69480622 -0.00031916 -0.71919692
vn -0.64271105 -0.00034550 -0.76610860
vn -0.64271105 -0.00034550 -0.76610860
vn -0.64271105 -0.00034550 -0.76610860
vn -0.64254019 -0.00036345 -0.76625190
vn -0.64254019 -0.00036345 -0.76625190
vn -0.64254019 -0.00036345 -0.76625190
vn -0.58675059 -0.00035227 -0.80976763
vn -0.58675059 -0.00035227 -0.80976763
vn -0.58675059 -0.00035227 -0.80976763
vn -0.58655962 -0.00037051 -0.80990597
vn -0.58655962 -0.00037051 -0.80990597
vn -0.58655962 -0.00037051 -0.80990597
vn -0.52822787 -0.00039338 -0.84910256
vn -0.52822787 -0.00039338 -0.84910256
vn -0.52822787 -0.00039338 -0.84910256
vn -0.52813510 -0.00040152 -0.84916027
vn -0.52813510 -0.00040152 -0.84916027
vn -0.52813510 -0.00040152 -0.84916027
vn -0.46744040 -0.00040615 -0.88402450
vn -0.46744040 -0.00040615 -0.88402450
vn -0.46744040 -0.00040615 -0.88402450
vn -0.46733973 -0.00041434 -0.88407771
vn -0.46733973 -0.00041434 -0.88407771
vn -0.46733973 -0.00041434 -0.88407771
vn -0.39165234 -0.00043661 -0.92011317
vn -0.39165234 -0.00043661 -0.92011317
vn -0.39165234 -0.00043661 -0.92011317
vn -0.40477383 -0.00176003 -0.91441514
vn -0.40477383 -0.00176003 -0.91441514
vn -0.40477383 -0.00176003 -0.91441514
vn -0.33008073 0.00040147 -0.94395262
vn -0.33008073 0.00040147 -0.94395262
vn -0.33008073 0.00040147 -0.94395262
vn -0.34052241 -0.00024074 -0.94023637
vn -0.34052241 -0.00024074 -0.94023637
vn -0.34052241 -0.00024074 -0.94023637
vn -0.31121484 -0.00045588 -0.95033947
vn -0.31121484 -0.00045588 -0.95033947
vn -0.31121484 -0.00045588 -0.95033947
vn -0.29110905 -0.00046245 -0.95668976
vn -0.29110905 -0.00046245 -0.95668976
vn -0.29110905 -0.00046245 -0.95668976
vn -0.27502748 0.00007676 -0.96143636
vn -0.27502748 0.00007676 -0.96143636
vn -0.27502748 0.00007676 -0.96143636
vn -0.25221345 -0.00065920 -0.96767140
vn -0.25221345 -0.00065920 -0.96767140
vn -0.25221345 -0.00065920 -0.96767140
vn -0.20459069 -0.00010903 -0.97884761
vn -0.20459069 -0.00010903 -0.97884761
vn -0.20459069 -0.00010903 -0.97884761
vn -0.20865620 -0.00035423 -0.97798899
vn -0.20865620 -0.00035423 -0.97798899
vn -0.20865620 -0.00035423 -0.97798899
vn -0.17708374 -0.00048083 -0.98419567
vn -0.17708374 -0.00048083 -0.98419567
vn -0.17708374 -0.00048083 -0.98419567
vn -0.03367270 -0.00050088 -0.99943279
vn -0.03367270 -0.00050088 -0.99943279
vn -0.03367270 -0.00050088 -0.99943279
vn -0.04214369 -0.00071565 -0.99911130
vn -0.04214369 -0.00071565 -0.99911130
vn -0.04214369 -0.00071565 -0.99911130
vn -0.07447563 -0.00001820 -0.99722283
vn -0.07447563 -0.00001820 -0.99722283
vn -0.07447563 -0.00001820 -0.99722283
vn -0.08179738 -0.00031629 -0.99664893
vn -0.08179738 -0.00031629 -0.99664893
vn -0.08179738 -0.00031629 -0.99664893
vn -0.14166439 -0.00078876 -0.98991443
vn -0.14166439 -0.00078876 -0.98991443
vn -0.14166439 -0.00078876 -0.98991443
vn -0.12100921 0.00066935 -0.99265116
vn -0.12100921 0.00066935 -0.99265116
vn -0.12100921 0.00066935 -0.99265116
vn -0.15877481 -0.00048343 -0.98731470
vn -0.15877481 -0.00048343 -0.98731470
vn -0.15877481 -0.00048343 -0.98731470
vn 0.99206215 0.11859930 0.04179588
vn 0.99206215 0.11859930 0.04179588
vn 0.99206215 0.11859930 0.04179588
vn 0.17880635 -0.03416856 0.98329080
vn 0.17880635 -0.03416856 0.98329080
vn 0.17880635 -0.03416856 0.98329080
vn 0.16581141 -0.05821367 0.98443778
vn 0.16581141 -0.05821367 0.98443778
vn 0.16581141 -0.05821367 0.98443778
vn 0.13776394 -0.07141944 0.98788681
vn 0.13776394 -0.07141944 0.98788681
vn 0.13776394 -0.07141944 0.98788681
vn 0.13888164 -0.07186592 0.98769792
vn 0.13888164 -0.07186592 0.98769792
vn 0.13888164 -0.07186592 0.98769792
vn 0.17393182 -0.05581141 0.98317486
vn 0.17393182 -0.05581141 0.98317486
vn 0.17393182 -0.05581141 0.98317486
vn 0.15101282 -0.03055550 0.98805946
vn 0.15101282 -0.03055550 0.98805946
vn 0.15101282 -0.03055550 0.98805946
vn 0.12956589 -0.09762707 0.98675308
vn 0.12956589 -0.09762707 0.98675308
vn 0.12956589 -0.09762707 0.98675308
vn 0.10109193 -0.01886647 0.99469818
vn 0.10109193 -0.01886647 0.99469818
vn 0.10109193 -0.01886647 0.99469818
vn 0.08415651 -0.28042314 0.95618018
vn 0.08415651 -0.28042314 0.95618018
vn 0.08415651 -0.28042314 0.95618018
vn 0.04808357 -0.07785857 0.99580420
vn 0.04808357 -0.07785857 0.99580420
vn 0.04808357 -0.07785857 0.99580420
vn 0.08401229 -0.05619110 0.99487914
vn 0.08401229 -0.05619110 0.99487914
vn 0.08401229 -0.05619110 0.99487914
vn 0.07433929 -0.05805355 0.99554179
vn 0.07433929 -0.05805355 0.99554179
vn 0.07433929 -0.05805355 0.99554179
vn 0.07077158 -0.05888974 0.99575267
vn 0.07077158 -0.05888974 0.99575267
vn 0.07077158 -0.05888974 0.99575267
vn 0.06732382 -0.05984270 0.99593491
vn 0.06732382 -0.05984270 0.99593491
vn 0.06732382 -0.05984270 0.99593491
vn 0.05226447 -0.06462958 0.99653973
vn 0.05226447 -0.06462958 0.99653973
vn 0.05226447 -0.06462958 0.99653973
vn 0.06393335 -0.06939771 0.99553829
vn 0.06393335 -0.06939771 0.99553829
vn 0.06393335 -0.06939771 0.99553829
vn 0.06144527 -0.06851387 0.99575616
vn 0.06144527 -0.06851387 0.99575616
vn 0.06144527 -0.06851387 0.99575616
vn 0.05905835 -0.06772906 0.99595426
vn 0.05905835 -0.06772906 0.99595426
vn 0.05905835 -0.06772906 0.99595426
vn 0.05590357 -0.06685882 0.99619511
vn 0.05590357 -0.06685882 0.99619511
vn 0.05590357 -0.06685882 0.99619511
vn 0.05359258 -0.06634362 0.99635654
vn 0.05359258 -0.06634362 0.99635654
vn 0.05359258 -0.06634362 0.99635654
vn 0.05131813 -0.06589658 0.99650594
vn 0.05131813 -0.06589658 0.99650594
vn 0.05131813 -0.06589658 0.99650594
vn 0.04836800 -0.06547272 0.99668142
vn 0.04836800 -0.06547272 0.99668142
vn 0.04836800 -0.06547272 0.99668142
vn 0.04620330 -0.06527608 0.99679701
vn 0.04620330 -0.06527608 0.99679701
vn 0.04620330 -0.06527608 0.99679701
vn 0.04726695 -0.06534456 0.99674266
vn 0.04726695 -0.06534456 0.99674266
vn 0.04726695 -0.06534456 0.99674266
vn 0.04369138 -0.05972981 0.99725795
vn 0.04369138 -0.05972981 0.99725795
vn 0.04369138 -0.05972981 0.99725795
vn 0.12721986 -0.04594948 0.99080964
vn 0.12721986 -0.04594948 0.99080964
vn 0.12721986 -0.04594948 0.99080964
vn 0.11440385 -0.04722609 0.99231117
vn 0.11440385 -0.04722609 0.99231117
vn 0.11440385 -0.04722609 0.99231117
vn 0.08680135 -0.05405542 0.99475803
vn 0.08680135 -0.05405542 0.99475803
vn 0.08680135 -0.05405542 0.99475803
vn 0.10573791 -0.05688948 0.99276537
vn 0.10573791 -0.05688948 0.99276537
vn 0.10573791 -0.05688948 0.99276537
vn 0.09871835 -0.05596588 0.99354039
vn 0.09871835 -0.05596588 0.99354039
vn 0.09871835 -0.05596588 0.99354039
vn 0.12420094 -0.03143727 0.99175895
vn 0.12420094 -0.03143727 0.99175895
vn 0.12420094 -0.03143727 0.99175895
vn 0.15160466 -0.04831768 0.98725956
vn 0.15160466 -0.04831768 0.98725956
vn 0.15160466 -0.04831768 0.98725956
vn 0.13478041 -0.04635868 0.98979044
vn 0.13478041 -0.04635868 0.98979044
vn 0.13478041 -0.04635868 0.98979044
vn 0.30839113 0.01679068 0.95111145
vn 0.30839113 0.01679068 0.95111145
vn 0.30839113 0.01679068 0.95111145
vn 0.23895577 -0.02724876 0.97064805
vn 0.23895577 -0.02724876 0.97064805
vn 0.23895577 -0.02724876 0.97064805
vn 0.32647443 -0.00308777 0.94520099
vn 0.32647443 -0.00308777 0.94520099
vn 0.32647443 -0.00308777 0.94520099
vn 0.31785654 -0.00181358 0.94813708
vn 0.31785654 -0.00181358 0.94813708
vn 0.31785654 -0.00181358 0.94813708
vn 0.24892157 -0.01051813 0.96846653
vn 0.24892157 -0.01051813 0.96846653
vn 0.24892157 -0.01051813 0.96846653
vn 0.24946756 -0.01467629 0.96827194
vn 0.24946756 -0.01467629 0.96827194
vn 0.24946756 -0.01467629 0.96827194
vn 0.20125769 -0.02019040 0.97933022
vn 0.20125769 -0.02019040 0.97933022
vn 0.20125769 -0.02019040 0.97933022
vn 0.44595350 0.02275514 0.89476683
vn 0.44595350 0.02275514 0.89476683
vn 0.44595350 0.02275514 0.89476683
vn 0.41050852 0.02486950 0.91151756
vn 0.41050852 0.02486950 0.91151756
vn 0.41050852 0.02486950 0.91151756
vn 0.36952105 0.02199251 0.92896207
vn 0.36952105 0.02199251 0.92896207
vn 0.36952105 0.02199251 0.92896207
vn 0.90937870 0.12001842 0.39827876
vn 0.90937870 0.12001842 0.39827876
vn 0.90937870 0.12001842 0.39827876
vn 0.89228119 0.16280093 0.42110584
vn 0.89228119 0.16280093 0.42110584
vn 0.89228119 0.16280093 0.42110584
vn 0.92874400 0.12935371 0.34742223
vn 0.92874400 0.12935371 0.34742223
vn 0.92874400 0.12935371 0.34742223
vn 0.93623467 0.16300707 0.31127694
vn 0.93623467 0.16300707 0.31127694
vn 0.93623467 0.16300707 0.31127694
vn 0.94977315 0.13176819 0.28384523
vn 0.94977315 0.13176819 0.28384523
vn 0.94977315 0.13176819 0.28384523
vn 0.95448628 0.17443369 0.24192732
vn 0.95448628 0.17443369 0.24192732
vn 0.95448628 0.17443369 0.24192732
vn 0.97200131 0.09036545 0.21690446
vn 0.97200131 0.09036545 0.21690446
vn 0.97200131 0.09036545 0.21690446
vn 0.97740735 0.03931338 0.20767602
vn 0.97740735 0.03931338 0.20767602
vn 0.97740735 0.03931338 0.20767602
vn 0.94910420 0.27407075 0.15519806
vn 0.94910420 0.27407075 0.15519806
vn 0.94910420 0.27407075 0.15519806
vn 0.98818461 0.14704211 0.04324119
vn 0.98818461 0.14704211 0.04324119
vn 0.98818461 0.14704211 0.04324119
vn 0.98767578 0.14044571 0.06907641
vn 0.98767578 0.14044571 0.06907641
vn 0.98767578 0.14044571 0.06907641
vn 0.99140061 0.11979576 0.05266686
vn 0.99140061 0.11979576 0.05266686
vn 0.99140061 0.11979576 0.05266686
vn 0.98887129 0.12546325 0.07995339
vn 0.98887129 0.12546325 0.07995339
vn 0.98887129 0.12546325 0.07995339
vn 0.99040304 0.11924721 0.06987081
vn 0.99040304 0.11924721 0.06987081
vn 0.99040304 0.11924721 0.06987081
vn 0.98731416 0.11476320 0.10972766
vn 0.98731416 0.11476320 0.10972766
vn 0.98731416 0.11476320 0.10972766
vn 0.98349354 0.11308963 0.14124866
vn 0.98349354 0.11308963 0.14124866
vn 0.98349354 0.11308963 0.14124866
vn 0.98345185 0.11289803 0.14169158
vn 0.98345185 0.11289803 0.14169158
vn 0.98345185 0.11289803 0.14169158
vn 0.97395578 0.10687042 0.19997212
vn 0.97395578 0.10687042 0.19997212
vn 0.97395578 0.10687042 0.19997212
vn 0.96971983 0.10968846 0.21820149
vn 0.96971983 0.10968846 0.21820149
vn 0.96971983 0.10968846 0.21820149
vn 0.96359012 0.10284523 0.24681357
vn 0.96359012 0.10284523 0.24681357
vn 0.96359012 0.10284523 0.24681357
vn 0.95765193 0.10017720 0.26993947
vn 0.95765193 0.10017720 0.26993947
vn 0.95765193 0.10017720 0.26993947
vn 0.95027423 0.09828301 0.29549844
vn 0.95027423 0.09828301 0.29549844
vn 0.95027423 0.09828301 0.29549844
vn 0.94480055 0.09305779 0.31415310
vn 0.94480055 0.09305779 0.31415310
vn 0.94480055 0.09305779 0.31415310
vn 0.92804499 0.09148965 0.36105698
vn 0.92804499 0.09148965 0.36105698
vn 0.92804499 0.09148965 0.36105698
vn 0.91364795 0.08228063 0.39809210
vn 0.91364795 0.08228063 0.39809210
vn 0.91364795 0.08228063 0.39809210
vn 0.89595100 0.08196878 0.43652369
vn 0.89595100 0.08196878 0.43652369
vn 0.89595100 0.08196878 0.43652369
vn 0.87909582 0.07393475 0.47087598
vn 0.87909582 0.07393475 0.47087598
vn 0.87909582 0.07393475 0.47087598
vn 0.86049250 0.07088363 0.50450785
vn 0.86049250 0.07088363 0.50450785
vn 0.86049250 0.07088363 0.50450785
vn 0.85037314 0.06973968 0.52153801
vn 0.85037314 0.06973968 0.52153801
vn 0.85037314 0.06973968 0.52153801
vn 0.83327447 0.06110587 0.54947222
vn 0.83327447 0.06110587 0.54947222
vn 0.83327447 0.06110587 0.54947222
vn 0.78931682 0.05443934 0.61156791
vn 0.78931682 0.05443934 0.61156791
vn 0.78931682 0.05443934 0.61156791
vn 0.77233864 0.04611296 0.63353502
vn 0.77233864 0.04611296 0.63353502
vn 0.77233864 0.04611296 0.63353502
vn 0.71762009 0.03796882 0.69539901
vn 0.71762009 0.03796882 0.69539901
vn 0.71762009 0.03796882 0.69539901
vn 0.71350198 0.03791231 0.69962674
vn 0.71350198 0.03791231 0.69962674
vn 0.71350198 0.03791231 0.69962674
vn 0.67509665 0.02589513 0.73727468
vn 0.67509665 0.02589513 0.73727468
vn 0.67509665 0.02589513 0.73727468
vn 0.63315596 0.02029643 0.77375809
vn 0.63315596 0.02029643 0.77375809
vn 0.63315596 0.02029643 0.77375809
vn 0.62744292 0.02013071 0.77840230
vn 0.62744292 0.02013071 0.77840230
vn 0.62744292 0.02013071 0.77840230
vn 0.57468028 0.00408114 0.81836784
vn 0.57468028 0.00408114 0.81836784
vn 0.57468028 0.00408114 0.81836784
vn 0.53929162 0.00273540 0.84211464
vn 0.53929162 0.00273540 0.84211464
vn 0.53929162 0.00273540 0.84211464
vn 0.52809379 -0.00068498 0.84918577
vn 0.52809379 -0.00068498 0.84918577
vn 0.52809379 -0.00068498 0.84918577
vn 0.46997628 -0.01658121 0.88252329
vn 0.46997628 -0.01658121 0.88252329
vn 0.46997628 -0.01658121 0.88252329
vn 0.45557784 -0.01561190 0.89005904
vn 0.45557784 -0.01561190 0.89005904
vn 0.45557784 -0.01561190 0.89005904
vn 0.40652629 -0.02489587 0.91329982
vn 0.40652629 -0.02489587 0.91329982
vn 0.40652629 -0.02489587 0.91329982
vn 0.38311360 -0.04454797 0.92262638
vn 0.38311360 -0.04454797 0.92262638
vn 0.38311360 -0.04454797 0.92262638
vn 0.33066864 -0.02827124 0.94332337
vn 0.33066864 -0.02827124 0.94332337
vn 0.33066864 -0.02827124 0.94332337
vn 0.38331951 -0.02736637 0.92321029
vn 0.38331951 -0.02736637 0.92321029
vn 0.38331951 -0.02736637 0.92321029
vn 0.20627557 -0.05770900 0.97679069
vn 0.20627557 -0.05770900 0.97679069
vn 0.20627557 -0.05770900 0.97679069
vn 0.22420756 -0.05700331 0.97287286
vn 0.22420756 -0.05700331 0.97287286
vn 0.22420756 -0.05700331 0.97287286
vn 0.29096676 -0.04928108 0.95546309
vn 0.29096676 -0.04928108 0.95546309
vn 0.29096676 -0.04928108 0.95546309
vn 0.25611650 -0.03541955 0.96599679
vn 0.25611650 -0.03541955 0.96599679
vn 0.25611650 -0.03541955 0.96599679
vn 0.28841159 -0.03867972 0.95672495
vn 0.28841159 -0.03867972 0.95672495
vn 0.28841159 -0.03867972 0.95672495
vn 0.98703336 0.14259525 0.07370042
vn 0.98703336 0.14259525 0.07370042
vn 0.98703336 0.14259525 0.07370042
vn 0.98207771 0.14546633 0.11984543
vn 0.98207771 0.14546633 0.11984543
vn 0.98207771 0.14546633 0.11984543
vn 0.98009886 0.13928209 0.14144514
vn 0.98009886 0.13928209 0.14144514
vn 0.98009886 0.13928209 0.14144514
vn 0.97770853 0.14040868 0.15611350
vn 0.97770853 0.14040868 0.15611350
vn 0.97770853 0.14040868 0.15611350
vn 0.96610727 0.13743677 0.21851287
vn 0.96610727 0.13743677 0.21851287
vn 0.96610727 0.13743677 0.21851287
vn 0.96860467 0.13443151 0.20912477
vn 0.96860467 0.13443151 0.20912477
vn 0.96860467 0.13443151 0.20912477
vn 0.94642738 0.12904048 0.29601312
vn 0.94642738 0.12904048 0.29601312
vn 0.94642738 0.12904048 0.29601312
vn 0.95035847 0.12755184 0.28381211
vn 0.95035847 0.12755184 0.28381211
vn 0.95035847 0.12755184 0.28381211
vn 0.92432007 0.12167191 0.36170203
vn 0.92432007 0.12167191 0.36170203
vn 0.92432007 0.12167191 0.36170203
vn 0.93002699 0.12005903 0.34732641
vn 0.93002699 0.12005903 0.34732641
vn 0.93002699 0.12005903 0.34732641
vn 0.89229004 0.11201576 0.43734534
vn 0.89229004 0.11201576 0.43734534
vn 0.89229004 0.11201576 0.43734534
vn 0.90041298 0.11029711 0.42082182
vn 0.90041298 0.11029711 0.42082182
vn 0.90041298 0.11029711 0.42082182
vn 0.84676768 0.09950067 0.52257450
vn 0.84676768 0.09950067 0.52257450
vn 0.84676768 0.09950067 0.52257450
vn 0.85804506 0.09774303 0.50418744
vn 0.85804506 0.09774303 0.50418744
vn 0.85804506 0.09774303 0.50418744
vn 0.78571587 0.08400663 0.61285680
vn 0.78571587 0.08400663 0.61285680
vn 0.78571587 0.08400663 0.61285680
vn 0.80073902 0.08228339 0.59333504
vn 0.80073902 0.08228339 0.59333504
vn 0.80073902 0.08228339 0.59333504
vn 0.70999680 0.06601678 0.70110365
vn 0.70999680 0.06601678 0.70110365
vn 0.70999680 0.06601678 0.70110365
vn 0.72894762 0.06437479 0.68153595
vn 0.72894762 0.06437479 0.68153595
vn 0.72894762 0.06437479 0.68153595
vn 0.62401611 0.04659132 0.78002125
vn 0.62401611 0.04659132 0.78002125
vn 0.62401611 0.04659132 0.78002125
vn 0.64645898 0.04504884 0.76161761
vn 0.64645898 0.04504884 0.76161761
vn 0.64645898 0.04504884 0.76161761
vn 0.53596231 0.02729507 0.84380056
vn 0.53596231 0.02729507 0.84380056
vn 0.53596231 0.02729507 0.84380056
vn 0.56100665 0.02584471 0.82740775
vn 0.56100665 0.02584471 0.82740775
vn 0.56100665 0.02584471 0.82740775
vn 0.45206351 0.00921079 0.89193819
vn 0.45206351 0.00921079 0.89193819
vn 0.45206351 0.00921079 0.89193819
vn 0.47844664 0.00781889 0.87808182
vn 0.47844664 0.00781889 0.87808182
vn 0.47844664 0.00781889 0.87808182
vn 0.37764448 -0.00684744 0.92592535
vn 0.37764448 -0.00684744 0.92592535
vn 0.37764448 -0.00684744 0.92592535
vn 0.40421621 -0.00821553 0.91462657
vn 0.40421621 -0.00821553 0.91462657
vn 0.40421621 -0.00821553 0.91462657
vn 0.28707864 -0.02440652 0.95759604
vn 0.28707864 -0.02440652 0.95759604
vn 0.28707864 -0.02440652 0.95759604
vn 0.31300044 -0.03028016 0.94927016
vn 0.31300044 -0.03028016 0.94927016
vn 0.31300044 -0.03028016 0.94927016
vn 0.88400312 0.12935425 0.44922820
vn 0.88400312 0.12935425 0.44922820
vn 0.88400312 0.12935425 0.44922820
vn 0.85530162 0.12120341 0.50375477
vn 0.85530162 0.12120341 0.50375477
vn 0.85530162 0.12120341 0.50375477
vn 0.85491736 0.12049757 0.50457571
vn 0.85491736 0.12049757 0.50457571
vn 0.85491736 0.12049757 0.50457571
vn 0.80266570 0.11035861 0.58613032
vn 0.80266570 0.11035861 0.58613032
vn 0.80266570 0.11035861 0.58613032
vn 0.79771246 0.10475488 0.59386973
vn 0.79771246 0.10475488 0.59386973
vn 0.79771246 0.10475488 0.59386973
vn 0.73901941 0.09723657 0.66662986
vn 0.73901941 0.09723657 0.66662986
vn 0.73901941 0.09723657 0.66662986
vn 0.72590035 0.08718983 0.68225114
vn 0.72590035 0.08718983 0.68225114
vn 0.72590035 0.08718983 0.68225114
vn 0.66942562 0.08190735 0.73834986
vn 0.66942562 0.08190735 0.73834986
vn 0.66942562 0.08190735 0.73834986
vn 0.64335590 0.06818525 0.76252472
vn 0.64335590 0.06818525 0.76252472
vn 0.64335590 0.06818525 0.76252472
vn 0.59665535 0.06624430 0.79975876
vn 0.59665535 0.06624430 0.79975876
vn 0.59665535 0.06624430 0.79975876
vn 0.55768637 0.05019613 0.82853260
vn 0.55768637 0.05019613 0.82853260
vn 0.55768637 0.05019613 0.82853260
vn 0.52070347 0.04859339 0.85235356
vn 0.52070347 0.04859339 0.85235356
vn 0.52070347 0.04859339 0.85235356
vn 0.47493943 0.03298300 0.87940017
vn 0.47493943 0.03298300 0.87940017
vn 0.47493943 0.03298300 0.87940017
vn 0.43593634 0.03110437 0.89943984
vn 0.43593634 0.03110437 0.89943984
vn 0.43593634 0.03110437 0.89943984
vn 0.40148316 0.01111735 0.91579893
vn 0.40148316 0.01111735 0.91579893
vn 0.40148316 0.01111735 0.91579893
vn 0.32594425 0.00068743 0.94538874
vn 0.32594425 0.00068743 0.94538874
vn 0.32594425 0.00068743 0.94538874
vn 0.31073798 -0.01467850 0.95038227
vn 0.31073798 -0.01467850 0.95038227
vn 0.31073798 -0.01467850 0.95038227
vn 0.23444117 -0.02443499 0.97182317
vn 0.23444117 -0.02443499 0.97182317
vn 0.23444117 -0.02443499 0.97182317
vn 0.03282443 -0.06845714 0.99711392
vn 0.03282443 -0.06845714 0.99711392
vn 0.03282443 -0.06845714 0.99711392
vn 0.05599811 -0.07335227 0.99573272
vn 0.05599811 -0.07335227 0.99573272
vn 0.05599811 -0.07335227 0.99573272
vn 0.08844773 -0.06625038 0.99387519
vn 0.08844773 -0.06625038 0.99387519
vn 0.08844773 -0.06625038 0.99387519
vn 0.07956648 -0.06501789 0.99470692
vn 0.07956648 -0.06501789 0.99470692
vn 0.07956648 -0.06501789 0.99470692
vn 0.12802408 -0.06001574 0.98995351
vn 0.12802408 -0.06001574 0.98995351
vn 0.12802408 -0.06001574 0.98995351
vn 0.10698912 -0.05503343 0.99273594
vn 0.10698912 -0.05503343 0.99273594
vn 0.10698912 -0.05503343 0.99273594
vn 0.18047822 -0.04697176 0.98245675
vn 0.18047822 -0.04697176 0.98245675
vn 0.18047822 -0.04697176 0.98245675
vn 0.15258255 -0.04040647 0.98746437
vn 0.15258255 -0.04040647 0.98746437
vn 0.15258255 -0.04040647 0.98746437
vn 0.21840001 -0.03272546 0.97531045
vn 0.21840001 -0.03272546 0.97531045
vn 0.21840001 -0.03272546 0.97531045
vn 0.22101711 -0.05000355 0.97398721
vn 0.22101711 -0.05000355 0.97398721
vn 0.22101711 -0.05000355 0.97398721
vn 0.19876795 -0.04506327 0.97901001
vn 0.19876795 -0.04506327 0.97901001
vn 0.19876795 -0.04506327 0.97901001
vn 0.20186552 -0.06378134 0.97733426
vn 0.20186552 -0.06378134 0.97733426
vn 0.20186552 -0.06378134 0.97733426
vn 0.17760261 -0.05363260 0.98263974
vn 0.17760261 -0.05363260 0.98263974
vn 0.17760261 -0.05363260 0.98263974
vn 0.11172833 -0.07165556 0.99115199
vn 0.11172833 -0.07165556 0.99115199
vn 0.11172833 -0.07165556 0.99115199
vn 0.11385896 -0.07184769 0.99089558
vn 0.11385896 -0.07184769 0.99089558
vn 0.11385896 -0.07184769 0.99089558
vn 0.10536869 -0.06738695 0.99214739
vn 0.10536869 -0.06738695 0.99214739
vn 0.10536869 -0.06738695 0.99214739
vn 0.13985526 -0.07670665 0.98719633
vn 0.13985526 -0.07670665 0.98719633
vn 0.13985526 -0.07670665 0.98719633
vn 0.09530098 -0.05778889 0.99376967
vn 0.09530098 -0.05778889 0.99376967
vn 0.09530098 -0.05778889 0.99376967
vn 0.16305539 -0.04865755 0.98541635
vn 0.16305539 -0.04865755 0.98541635
vn 0.16305539 -0.04865755 0.98541635
vn 0.15854232 -0.00695264 0.98732770
vn 0.15854232 -0.00695264 0.98732770
vn 0.15854232 -0.00695264 0.98732770
vn 0.09892995 -0.01627938 0.99496123
vn 0.09892995 -0.01627938 0.99496123
vn 0.09892995 -0.01627938 0.99496123
vn 0.18478031 -0.05098998 0.98145619
vn 0.18478031 -0.05098998 0.98145619
vn 0.18478031 -0.05098998 0.98145619
vn 0.18750694 -0.05171216 0.98090112
vn 0.18750694 -0.05171216 0.98090112
vn 0.18750694 -0.05171216 0.98090112
vn 0.06867506 0.02639860 0.99728975
vn 0.06867506 0.02639860 0.99728975
vn 0.06867506 0.02639860 0.99728975
vn 0.12391447 0.06662411 0.99005375
vn 0.12391447 0.06662411 0.99005375
vn 0.12391447 0.06662411 0.99005375
vn 0.06986078 0.00680797 0.99753352
vn 0.06986078 0.00680797 0.99753352
vn 0.06986078 0.00680797 0.99753352
vn 0.04415095 -0.00737571 0.99899764
vn 0.04415095 -0.00737571 0.99899764
vn 0.04415095 -0.00737571 0.99899764
vn 0.04502619 -0.02643726 0.99863593
vn 0.04502619 -0.02643726 0.99863593
vn 0.04502619 -0.02643726 0.99863593
vn 0.01518373 -0.05863772 0.99816385
vn 0.01518373 -0.05863772 0.99816385
vn 0.01518373 -0.05863772 0.99816385
vn 0.03285851 -0.04931266 0.99824275
vn 0.03285851 -0.04931266 0.99824275
vn 0.03285851 -0.04931266 0.99824275
vn 0.09882799 -0.04872345 0.99391099
vn 0.09882799 -0.04872345 0.99391099
vn 0.09882799 -0.04872345 0.99391099
vn 0.05600128 -0.07254987 0.99579133
vn 0.05600128 -0.07254987 0.99579133
vn 0.05600128 -0.07254987 0.99579133
vn 0.09519877 -0.07235812 0.99282501
vn 0.09519877 -0.07235812 0.99282501
vn 0.09519877 -0.07235812 0.99282501
vn 0.08738084 -0.07667536 0.99321975
vn 0.08738084 -0.07667536 0.99321975
vn 0.08738084 -0.07667536 0.99321975
vn 0.11470836 -0.07660740 0.99044096
vn 0.11470836 -0.07660740 0.99044096
vn 0.11470836 -0.07660740 0.99044096
vn 0.12995818 -0.05854212 0.98978972
vn 0.12995818 -0.05854212 0.98978972
vn 0.12995818 -0.05854212 0.98978972
vn 0.45984595 0.88799858 -0.00047967
vn 0.45984595 0.88799858 -0.00047967
vn 0.45984595 0.88799858 -0.00047967
vn 0.45981003 0.88801724 -0.00035162
vn 0.45981003 0.88801724 -0.00035162
vn 0.45981003 0.88801724 -0.00035162
vn 0.45981027 0.88801711 -0.00034844
vn 0.45981027 0.88801711 -0.00034844
vn 0.45981027 0.88801711 -0.00034844
vn 0.45981127 0.88801660 -0.00035153
vn 0.45981127 0.88801660 -0.00035153
vn 0.45981127 0.88801660 -0.00035153
vn 0.45981137 0.88801654 -0.00035167
vn 0.45981137 0.88801654 -0.00035167
vn 0.45981137 0.88801654 -0.00035167
vn 0.45981054 0.88801697 -0.00034984
vn 0.45981054 0.88801697 -0.00034984
vn 0.45981054 0.88801697 -0.00034984
vn 0.45980934 0.88801759 -0.00034870
vn 0.45980934 0.88801759 -0.00034870
vn 0.45980934 0.88801759 -0.00034870
vn 0.45981161 0.88801642 -0.00035229
vn 0.45981161 0.88801642 -0.00035229
vn 0.45981161 0.88801642 -0.00035229
vn 0.45981271 0.88801585 -0.00035370
vn 0.45981271 0.88801585 -0.00035370
vn 0.45981271 0.88801585 -0.00035370
vn 0.45981145 0.88801650 -0.00035098
vn 0.45981145 0.88801650 -0.00035098
vn 0.45981145 0.88801650 -0.00035098
vn 0.45981151 0.88801647 -0.00035106
vn 0.45981151 0.88801647 -0.00035106
vn 0.45981151 0.88801647 -0.00035106
vn 0.45980288 0.88802094 -0.00033367
vn 0.45980288 0.88802094 -0.00033367
vn 0.45980288 0.88802094 -0.00033367
vn 0.45981100 0.88801674 -0.00034786
vn 0.45981100 0.88801674 -0.00034786
vn 0.45981100 0.88801674 -0.00034786
vn 0.45981211 0.88801616 -0.00035147
vn 0.45981211 0.88801616 -0.00035147
vn 0.45981211 0.88801616 -0.00035147
vn 0.45981208 0.88801618 -0.00035141
vn 0.45981208 0.88801618 -0.00035141
vn 0.45981208 0.88801618 -0.00035141
vn 0.45980964 0.88801744 -0.00034857
vn 0.45980964 0.88801744 -0.00034857
vn 0.45980964 0.88801744 -0.00034857
vn 0.45980910 0.88801772 -0.00034759
vn 0.45980910 0.88801772 -0.00034759
vn 0.45980910 0.88801772 -0.00034759
vn 0.45981305 0.88801567 -0.00035242
vn 0.45981305 0.88801567 -0.00035242
vn 0.45981305 0.88801567 -0.00035242
vn 0.45981986 0.88801214 -0.00036553
vn 0.45981986 0.88801214 -0.00036553
vn 0.45981986 0.88801214 -0.00036553
vn 0.45981245 0.88801598 -0.00035152
vn 0.45981245 0.88801598 -0.00035152
vn 0.45981245 0.88801598 -0.00035152
vn 0.45980927 0.88801763 -0.00034854
vn 0.45980927 0.88801763 -0.00034854
vn 0.45980927 0.88801763 -0.00034854
vn 0.45981018 0.88801716 -0.00034974
vn 0.45981018 0.88801716 -0.00034974
vn 0.45981018 0.88801716 -0.00034974
vn 0.45981264 0.88801588 -0.00035186
vn 0.45981264 0.88801588 -0.00035186
vn 0.45981264 0.88801588 -0.00035186
vn 0.45980981 0.88801735 -0.00034846
vn 0.45980981 0.88801735 -0.00034846
vn 0.45980981 0.88801735 -0.00034846
vn 0.45980854 0.88801801 -0.00034833
vn 0.45980854 0.88801801 -0.00034833
vn 0.45980854 0.88801801 -0.00034833
vn 0.45981212 0.88801615 -0.00035087
vn 0.45981212 0.88801615 -0.00035087
vn 0.45981212 0.88801615 -0.00035087
vn 0.45981168 0.88801638 -0.00035041
vn 0.45981168 0.88801638 -0.00035041
vn 0.45981168 0.88801638 -0.00035041
vn 0.45981308 0.88801566 -0.00035130
vn 0.45981308 0.88801566 -0.00035130
vn 0.45981308 0.88801566 -0.00035130
vn 0.45980457 0.88802007 -0.00034503
vn 0.45980457 0.88802007 -0.00034503
vn 0.45980457 0.88802007 -0.00034503
vn 0.45981179 0.88801632 -0.00035094
vn 0.45981179 0.88801632 -0.00035094
vn 0.45981179 0.88801632 -0.00035094
vn 0.45981139 0.88801653 -0.00035076
vn 0.45981139 0.88801653 -0.00035076
vn 0.45981139 0.88801653 -0.00035076
vn 0.45980930 0.88801762 -0.00034918
vn 0.45980930 0.88801762 -0.00034918
vn 0.45980930 0.88801762 -0.00034918
vn 0.45980840 0.88801808 -0.00035005
vn 0.45980840 0.88801808 -0.00035005
vn 0.45980840 0.88801808 -0.00035005
vn 0.45981140 0.88801653 -0.00035046
vn 0.45981140 0.88801653 -0.00035046
vn 0.45981140 0.88801653 -0.00035046
vn 0.45981003 0.88801724 -0.00034962
vn 0.45981003 0.88801724 -0.00034962
vn 0.45981003 0.88801724 -0.00034962
vn 0.45981173 0.88801636 -0.00035003
vn 0.45981173 0.88801636 -0.00035003
vn 0.45981173 0.88801636 -0.00035003
vn 0.45981245 0.88801598 -0.00035052
vn 0.45981245 0.88801598 -0.00035052
vn 0.45981245 0.88801598 -0.00035052
vn -0.99999896 -0.00144556 -0.00000252
vn -0.99999896 -0.00144556 -0.00000252
vn -0.99999896 -0.00144556 -0.00000252
vn -0.99999890 -0.00148323 0.00000050
vn -0.99999890 -0.00148323 0.00000050
vn -0.99999890 -0.00148323 0.00000050
vn -0.99999890 -0.00148643 -0.00000013
vn -0.99999890 -0.00148643 -0.00000013
vn -0.99999890 -0.00148643 -0.00000013
vn 0.43539695 0.90023850 -0.00035967
vn 0.43539695 0.90023850 -0.00035967
vn 0.43539695 0.90023850 -0.00035967
vn 0.39583872 0.91830379 -0.00546423
vn 0.39583872 0.91830379 -0.00546423
vn 0.39583872 0.91830379 -0.00546423
vn 0.34549871 0.93840464 0.00523107
vn 0.34549871 0.93840464 0.00523107
vn 0.34549871 0.93840464 0.00523107
vn 0.26437036 0.96440200 -0.00609053
vn 0.26437036 0.96440200 -0.00609053
vn 0.26437036 0.96440200 -0.00609053
vn 0.20876714 0.97794737 0.00593552
vn 0.20876714 0.97794737 0.00593552
vn 0.20876714 0.97794737 0.00593552
vn 0.12712479 0.99186246 -0.00693921
vn 0.12712479 0.99186246 -0.00693921
vn 0.12712479 0.99186246 -0.00693921
vn 0.12839258 0.99169703 -0.00723554
vn 0.12839258 0.99169703 -0.00723554
vn 0.12839258 0.99169703 -0.00723554
vn 0.01752815 0.99976473 0.01277712
vn 0.01752815 0.99976473 0.01277712
vn 0.01752815 0.99976473 0.01277712
vn 0.00004190 0.99999987 -0.00050387
vn 0.00004190 0.99999987 -0.00050387
vn 0.00004190 0.99999987 -0.00050387
vn 0.00006956 0.99999987 -0.00050942
vn 0.00006956 0.99999987 -0.00050942
vn 0.00006956 0.99999987 -0.00050942
vn 0.00025562 0.99999980 -0.00058493
vn 0.00025562 0.99999980 -0.00058493
vn 0.00025562 0.99999980 -0.00058493
vn 0.00016843 0.99999984 -0.00053113
vn 0.00016843 0.99999984 -0.00053113
vn 0.00016843 0.99999984 -0.00053113
vn 0.00042517 0.99999963 -0.00074555
vn 0.00042517 0.99999963 -0.00074555
vn 0.00042517 0.99999963 -0.00074555
vn -0.00038695 0.99999937 -0.00105629
vn -0.00038695 0.99999937 -0.00105629
vn -0.00038695 0.99999937 -0.00105629
vn 0.05028956 0.99867107 -0.01127141
vn 0.05028956 0.99867107 -0.01127141
vn 0.05028956 0.99867107 -0.01127141
vn 0.00006601 0.99999986 -0.00051676
vn 0.00006601 0.99999986 -0.00051676
vn 0.00006601 0.99999986 -0.00051676
vn 0.00004685 0.99999986 -0.00053123
vn 0.00004685 0.99999986 -0.00053123
vn 0.00004685 0.99999986 -0.00053123
vn 0.00006092 0.99999986 -0.00052319
vn 0.00006092 0.99999986 -0.00052319
vn 0.00006092 0.99999986 -0.00052319
vn 0.00009019 0.99999987 -0.00050918
vn 0.00009019 0.99999987 -0.00050918
vn 0.00009019 0.99999987 -0.00050918
vn 0.00008857 0.99999987 -0.00050965
vn 0.00008857 0.99999987 -0.00050965
vn 0.00008857 0.99999987 -0.00050965
vn 0.00014710 0.99999986 -0.00050397
vn 0.00014710 0.99999986 -0.00050397
vn 0.00014710 0.99999986 -0.00050397
vn 0.00003498 0.99999987 -0.00050299
vn 0.00003498 0.99999987 -0.00050299
vn 0.00003498 0.99999987 -0.00050299
vn 0.00003602 0.99999987 -0.00050331
vn 0.00003602 0.99999987 -0.00050331
vn 0.00003602 0.99999987 -0.00050331
vn 0.00006403 0.99999987 -0.00051541
vn 0.00006403 0.99999987 -0.00051541
vn 0.00006403 0.99999987 -0.00051541
vn -0.99999892 -0.00147137 0.00000050
vn -0.99999892 -0.00147137 0.00000050
vn -0.99999892 -0.00147137 0.00000050
vn -0.99999896 -0.00144350 -0.00004703
vn -0.99999896 -0.00144350 -0.00004703
vn -0.99999896 -0.00144350 -0.00004703
vn -0.99999891 -0.00147586 -0.00004392
vn -0.99999891 -0.00147586 -0.00004392
vn -0.99999891 -0.00147586 -0.00004392
vn -0.99999892 -0.00147130 -0.00004843
vn -0.99999892 -0.00147130 -0.00004843
vn -0.99999892 -0.00147130 -0.00004843
vn -0.99999892 -0.00146998 -0.00005094
vn -0.99999892 -0.00146998 -0.00005094
vn -0.99999892 -0.00146998 -0.00005094
vn -0.99999891 -0.00147725 -0.00003073
vn -0.99999891 -0.00147725 -0.00003073
vn -0.99999891 -0.00147725 -0.00003073
vn -0.99999892 -0.00147068 0.00000502
vn -0.99999892 -0.00147068 0.00000502
vn -0.99999892 -0.00147068 0.00000502
vn -0.99999892 -0.00147190 -0.00000021
vn -0.99999892 -0.00147190 -0.00000021
vn -0.99999892 -0.00147190 -0.00000021
f 1//1 2//2 3//3
f 4//4 5//5 6//6
f 7//7 8//8 9//9
f 10//10 11//11 12//12
f 13//13 14//14 15//15
f 16//16 17//17 18//18
f 19//19 20//20 21//21
f 22//22 23//23 24//24
f 25//25 26//26 27//27
f 28//28 29//29 30//30
f 31//31 32//32 33//33
f 34//34 35//35 36//36
f 37//37 38//38 39//39
f 40//40 41//41 42//42
f 43//43 44//44 45//45
f 46//46 47//47 48//48
f 49//49 50//50 51//51
f 52//52 53//53 54//54
f 55//55 56//56 57//57
f 58//58 59//59 60//60
f 61//61 62//62 63//63
f 64//64 65//65 66//66
f 67//67 68//68 69//69
f 70//70 71//71 72//72
f 73//73 74//74 75//75
f 76//76 77//77 78//78
f 79//79 80//80 81//81
f 82//82 83//83 84//84
f 85//85 86//86 87//87
f 88//88 89//89 90//90
f 91//91 92//92 93//93
f 94//94 95//95 96//96
f 97//97 98//98 99//99
f 100//100 101//101 102//102
f 103//103 104//104 105//105
f 106//106 107//107 108//108
f 109//109 110//110 111//111
f 112//112 113//113 114//114
f 115//115 116//116 117//117
f 118//118 119//119 120//120
f 121//121 122//122 123//123
f 124//124 125//125 126//126
f 127//127 128//128 129//129
f 130//130 131//131 132//132
f 133//133 134//134 135//135
f 136//136 137//137 138//138
f 139//139 140//140 141//141
f 142//142 143//143 144//144
f 145//145 146//146 147//147
f 148//148 149//149 150//150
f 151//151 152//152 153//153
f 154//154 155//155 156//156
f 157//157 158//158 159//159
f 160//160 161//161 162//162
f 163//163 164//164 165//165
f 166//166 167//167 168//168
f 169//169 170//170 171//171
f 172//172 173//173 174//174
f 175//175 176//176 177//177
f 178//178 179//179 180//180
f 181//181 182//182 183//183
f 184//184 185//185 186//186
f 187//187 188//188 189//189
f 190//190 191//191 192//192
f 193//193 194//194 195//195
f 196//196 197//197 198//198
f 199//199 200//200 201//201
f 202//202 203//203 204//204
f 205//205 206//206 207//207
f 208//208 209//209 210//210
f 211//211 212//212 213//213
f 214//214 215//215 216//216
f 217//217 218//218 219//219
f 220//220 221//221 222//222
f 223//223 224//224 225//225
f 226//226 227//227 228//228
f 229//229 230//230 231//231
f 232//232 233//233 234//234
f 235//235 236//236 237//237
f 238//238 239//239 240//240
f 241//241 242//242 243//243
f 244//244 245//245 246//246
f 247//247 248//248 249//249
f 250//250 251//251 252//252
f 253//253 254//254 255//255
f 256//256 257//257 258//258
f 259//259 260//260 261//261
f 262//262 263//263 264//264
f 265//265 266//266 267//267
f 268//268 269//269 270//270
f 271//271 272//272 273//273
f 274//274 275//275 276//276
f 277//277 278//278 279//279
f 280//280 281//281 282//282
f 283//283 284//284 285//285
f 286//286 287//287 288//288
f 289//289 290//290 291//291
f 292//292 293//293 294//294
f 295//295 296//296 297//297
f 298//298 299//299 300//300
f 301//301 302//302 303//303
f 304//304 305//305 306//306
f 307//307 308//308 309//309
f 310//310 311//311 312//312
f 313//313 314//314 315//315
f 316//316 317//317 318//318
f 319//319 320//320 321//321
f 322//322 323//323 324//324
f 325//325 326//326 327//327
f 328//328 329//329 330//330
f 331//331 332//332 333//333
f 334//334 335//335 336//336
f 337//337 338//338 339//339
f 340//340 341//341 342//342
f 343//343 344//344 345//345
f 346//346 347//347 348//348
f 349//349 350//350 351//351
f 352//352 353//353 354//354
f 355//355 356//356 357//357
f 358//358 359//359 360//360
f 361//361 362//362 363//363
f 364//364 365//365 366//366
f 367//367 368//368 369//369
f 370//370 371//371 372//372
f 373//373 374//374 375//375
f 376//376 377//377 378//378
f 379//379 380//380 381//381
f 382//382 383//383 384//384
f 385//385 386//386 387//387
f 388//388 389//389 390//390
f 391//391 392//392 393//393
f 394//394 395//395 396//396
f 397//397 398//398 399//399
f 400//400 401//401 402//402
f 403//403 404//404 405//405
f 406//406 407//407 408//408
f 409//409 410//410 411//411
f 412//412 413//413 414//414
f 415//415 416//416 417//417
f 418//418 419//419 420//420
f 421//421 422//422 423//423
f 424//424 425//425 426//426
f 427//427 428//428 429//429
f 430//430 431//431 432//432
f 433//433 434//434 435//435
f 436//436 437//437 438//438
f 439//439 440//440 441//441
f 442//442 443//443 444//444
f 445//445 446//446 447//447
f 448//448 449//449 450//450
f 451//451 452//452 453//453
f 454//454 455//455 456//456
f 457//457 458//458 459//459
f 460//460 461//461 462//462
f 463//463 464//464 465//465
f 466//466 467//467 468//468
f 469//469 470//470 471//471
f 472//472 473//473 474//474
f 475//475 476//476 477//477
f 478//478 479//479 480//480
f 481//481 482//482 483//483
f 484//484 485//485 486//486
f 487//487 488//488 489//489
f 490//490 491//491 492//492
f 493//493 494//494 495//495
f 496//496 497//497 498//498
f 499//499 500//500 501//501
f 502//502 503//503 504//504
f 505//505 506//506 507//507
f 508//508 509//509 510//510
f 511//511 512//512 513//513
f 514//514 515//515 516//516
f 517//517 518//518 519//519
f 520//520 521//521 522//522
f 523//523 524//524 525//525
f 526//526 527//527 528//528
f 529//529 530//530 531//531
f 532//532 533//533 534//534
f 535//535 536//536 537//537
f 538//538 539//539 540//540
f 541//541 542//542 543//543
f 544//544 545//545 546//546
f 547//547 548//548 549//549
f 550//550 551//551 552//552
f 553//553 554//554 555//555
f 556//556 557//557 558//558
f 559//559 560//560 561//561
f 562//562 563//563 564//564
f 565//565 566//566 567//567
f 568//568 569//569 570//570
f 571//571 572//572 573//573
f 574//574 575//575 576//576
f 577//577 578//578 579//579
f 580//580 581//581 582//582
f 583//583 584//584 585//585
f 586//586 587//587 588//588
f 589//589 590//590 591//591
f 592//592 593//593 594//594
f 595//595 596//596 597//597
f 598//598 599//599 600//600
f 601//601 602//602 603//603
f 604//604 605//605 606//606
f 607//607 608//608 609//609
f 610//610 611//611 612//612
f 613//613 614//614 615//615
f 616//616 617//617 618//618
f 619//619 620//620 621//621
f 622//622 623//623 624//624
f 625//625 626//626 627//627
f 628//628 629//629 630//630
f 631//631 632//632 633//633
f 634//634 635//635 636//636
f 637//637 638//638 639//639
f 640//640 641//641 642//642
f 643//643 644//644 645//645
f 646//646 647//647 648//648
f 649//649 650//650 651//651
f 652//652 653//653 654//654
f 655//655 656//656 657//657
f 658//658 659//659 660//660
f 661//661 662//662 663//663
f 664//664 665//665 666//666
f 667//667 668//668 669//669
f 670//670 671//671 672//672
f 673//673 674//674 675//675
f 676//676 677//677 678//678
f 679//679 680//680 681//681
f 682//682 683//683 684//684
f 685//685 686//686 687//687
f 688//688 689//689 690//690
f 691//691 692//692 693//693
f 694//694 695//695 696//696
f 697//697 698//698 699//699
f 700//700 701//701 702//702
f 703//703 704//704 705//705
f 706//706 707//707 708//708
f 709//709 710//710 711//711
f 712//712 713//713 714//714
f 715//715 716//716 717//717
f 718//718 719//719 720//720
f 721//721 722//722 723//723
f 724//724 725//725 726//726
f 727//727 728//728 729//729
f 730//730 731//731 732//732
f 733//733 734//734 735//735
f 736//736 737//737 738//738
f 739//739 740//740 741//741
f 742//742 743//743 744//744
f 745//745 746//746 747//747
f 748//748 749//749 750//750
f 751//751 752//752 753//753
f 754//754 755//755 756//756
f 757//757 758//758 759//759
f 760//760 761//761 762//762
f 763//763 764//764 765//765
f 766//766 767//767 768//768
f 769//769 770//770 771//771
f 772//772 773//773 774//774
f 775//775 776//776 777//777
f 778//778 779//779 780//780
f 781//781 782//782 783//783
f 784//784 785//785 786//786
f 787//787 788//788 789//789
f 790//790 791//791 792//792
f 793//793 794//794 795//795
f 796//796 797//797 798//798
f 799//799 800//800 801//801
f 802//802 803//803 804//804
f 805//805 806//806 807//807
f 808//808 809//809 810//810
f 811//811 812//812 813//813
f 814//814 815//815 816//816
f 817//817 818//818 819//819
f 820//820 821//821 822//822
f 823//823 824//824 825//825
f 826//826 827//827 828//828
f 829//829 830//830 831//831
f 832//832 833//833 834//834
f 835//835 836//836 837//837
f 838//838 839//839 840//840
f 841//841 842//842 843//843
f 844//844 845//845 846//846
f 847//847 848//848 849//849
f 850//850 851//851 852//852
f 853//853 854//854 855//855
f 856//856 857//857 858//858
f 859//859 860//860 861//861
f 862//862 863//863 864//864
f 865//865 866//866 867//867
f 868//868 869//869 870//870
f 871//871 872//872 873//873
f 874//874 875//875 876//876
f 877//877 878//878 879//879
f 880//880 881//881 882//882
f 883//883 884//884 885//885
f 886//886 887//887 888//888
f 889//889 890//890 891//891
f 892//892 893//893 894//894
f 895//895 896//896 897//897
f 898//898 899//899 900//900
f 901//901 902//902 903//903
f 904//904 905//905 906//906
f 907//907 908//908 909//909
f 910//910 911//911 912//912
f 913//913 914//914 915//915
f 916//916 917//917 918//918
f 919//919 920//920 921//921
f 922//922 923//923 924//924
f 925//925 926//926 927//927
f 928//928 929//929 930//930
f 931//931 932//932 933//933
f 934//934 935//935 936//936
f 937//937 938//938 939//939
f 940//940 941//941 942//942
f 943//943 944//944 945//945
f 946//946 947//947 948//948
f 949//949 950//950 951//951
f 952//952 953//953 954//954
f 955//955 956//956 957//957
f 958//958 959//959 960//960
f 961//961 962//962 963//963
f 964//964 965//965 966//966
f 967//967 968//968 969//969
f 970//970 971//971 972//972
f 973//973 974//974 975//975
f 976//976 977//977 978//978
f 979//979 980//980 981//981
f 982//982 983//983 984//984
f 985//985 986//986 987//987
f 988//988 989//989 990//990
f 991//991 992//992 993//993
f 994//994 995//995 996//996
f 997//997 998//998 999//999
f 1000//1000 1001//1001 1002//1002
f 1003//1003 1004//1004 1005//1005
f 1006//1006 1007//1007 1008//1008
f 1009//1009 1010//1010 1011//1011
f 1012//1012 1013//1013 1014//1014
f 1015//1015 1016//1016 1017//1017
f 1018//1018 1019//1019 1020//1020
f 1021//1021 1022//1022 1023//1023
f 1024//1024 1025//1025 1026//1026
f 1027//1027 1028//1028 1029//1029
f 1030//1030 1031//1031 1032//1032
f 1033//1033 1034//1034 1035//1035
f 1036//1036 1037//1037 1038//1038
f 1039//1039 1040//1040 1041//1041
f 1042//1042 1043//1043 1044//1044
f 1045//1045 1046//1046 1047//1047
f 1048//1048 1049//1049 1050//1050
f 1051//1051 1052//1052 1053//1053
f 1054//1054 1055//1055 1056//1056
f 1057//1057 1058//1058 1059//1059
f 1060//1060 1061//1061 1062//1062
f 1063//1063 1064//1064 1065//1065
f 1066//1066 1067//1067 1068//1068
f 1069//1069 1070//1070 1071//1071
f 1072//1072 1073//1073 1074//1074
f 1075//1075 1076//1076 1077//1077
f 1078//1078 1079//1079 1080//1080
f 1081//1081 1082//1082 1083//1083
f 1084//1084 1085//1085 1086//1086
f 1087//1087 1088//1088 1089//1089
f 1090//1090 1091//1091 1092//1092
f 1093//1093 1094//1094 1095//1095
f 1096//1096 1097//1097 1098//1098
f 1099//1099 1100//1100 1101//1101
f 1102//1102 1103//1103 1104//1104
f 1105//1105 1106//1106 1107//1107
f 1108//1108 1109//1109 1110//1110
f 1111//1111 1112//1112 1113//1113
f 1114//1114 1115//1115 1116//1116
f 1117//1117 1118//1118 1119//1119
f 1120//1120 1121//1121 1122//1122
f 1123//1123 1124//1124 1125//1125
f 1126//1126 1127//1127 1128//1128
f 1129//1129 1130//1130 1131//1131
f 1132//1132 1133//1133 1134//1134
f 1135//1135 1136//1136 1137//1137
f 1138//1138 1139//1139 1140//1140
f 1141//1141 1142//1142 1143//1143
f 1144//1144 1145//1145 1146//1146
f 1147//1147 1148//1148 1149//1149
f 1150//1150 1151//1151 1152//1152
f 1153//1153 1154//1154 1155//1155
f 1156//1156 1157//1157 1158//1158
f 1159//1159 1160//1160 1161//1161
f 1162//1162 1163//1163 1164//1164
f 1165//1165 1166//1166 1167//1167
f 1168//1168 1169//1169 1170//1170
f 1171//1171 1172//1172 1173//1173
f 1174//1174 1175//1175 1176//1176
f 1177//1177 1178//1178 1179//1179
f 1180//1180 1181//1181 1182//1182
f 1183//1183 1184//1184 1185//1185
f 1186//1186 1187//1187 1188//1188
f 1189//1189 1190//1190 1191//1191
f 1192//1192 1193//1193 1194//1194
f 1195//1195 1196//1196 1197//1197
f 1198//1198 1199//1199 1200//1200
f 1201//1201 1202//1202 1203//1203
f 1204//1204 1205//1205 1206//1206
f 1207//1207 1208//1208 1209//1209
f 1210//1210 1211//1211 1212//1212
f 1213//1213 1214//1214 1215//1215
f 1216//1216 1217//1217 1218//1218
f 1219//1219 1220//1220 1221//1221
f 1222//1222 1223//1223 1224//1224
f 1225//1225 1226//1226 1227//1227
f 1228//1228 1229//1229 1230//1230
f 1231//1231 1232//1232 1233//1233
f 1234//1234 1235//1235 1236//1236
f 1237//1237 1238//1238 1239//1239
f 1240//1240 1241//1241 1242//1242
f 1243//1243 1244//1244 1245//1245
f 1246//1246 1247//1247 1248//1248
f 1249//1249 1250//1250 1251//1251
f 1252//1252 1253//1253 1254//1254
f 1255//1255 1256//1256 1257//1257
f 1258//1258 1259//1259 1260//1260
f 1261//1261 1262//1262 1263//1263
f 1264//1264 1265//1265 1266//1266
f 1267//1267 1268//1268 1269//1269
f 1270//1270 1271//1271 1272//1272
f 1273//1273 1274//1274 1275//1275
f 1276//1276 1277//1277 1278//1278
f 1279//1279 1280//1280 1281//1281
f 1282//1282 1283//1283 1284//1284
f 1285//1285 1286//1286 1287//1287
f 1288//1288 1289//1289 1290//1290
f 1291//1291 1292//1292 1293//1293
f 1294//1294 1295//1295 1296//1296
f 1297//1297 1298//1298 1299//1299
f 1300//1300 1301//1301 1302//1302
f 1303//1303 1304//1304 1305//1305
f 1306//1306 1307//1307 1308//1308
f 1309//1309 1310//1310 1311//1311
f 1312//1312 1313//1313 1314//1314
f 1315//1315 1316//1316 1317//1317
f 1318//1318 1319//1319 1320//1320
f 1321//1321 1322//1322 1323//1323
f 1324//1324 1325//1325 1326//1326
f 1327//1327 1328//1328 1329//1329
f 1330//1330 1331//1331 1332//1332
f 1333//1333 1334//1334 1335//1335
f 1336//1336 1337//1337 1338//1338
f 1339//1339 1340//1340 1341//1341
f 1342//1342 1343//1343 1344//1344
f 1345//1345 1346//1346 1347//1347
f 1348//1348 1349//1349 1350//1350
f 1351//1351 1352//1352 1353//1353
f 1354//1354 1355//1355 1356//1356
f 1357//1357 1358//1358 1359//1359
f 1360//1360 1361//1361 1362//1362
f 1363//1363 1364//1364 1365//1365
f 1366//1366 1367//1367 1368//1368
f 1369//1369 1370//1370 1371//1371
f 1372//1372 1373//1373 1374//1374
f 1375//1375 1376//1376 1377//1377
f 1378//1378 1379//1379 1380//1380
f 1381//1381 1382//1382 1383//1383
f 1384//1384 1385//1385 1386//1386
f 1387//1387 1388//1388 1389//1389
f 1390//1390 1391//1391 1392//1392
f 1393//1393 1394//1394 1395//1395
f 1396//1396 1397//1397 1398//1398
f 1399//1399 1400//1400 1401//1401
f 1402//1402 1403//1403 1404//1404
f 1405//1405 1406//1406 1407//1407
f 1408//1408 1409//1409 1410//1410
f 1411//1411 1412//1412 1413//1413
f 1414//1414 1415//1415 1416//1416
f 1417//1417 1418//1418 1419//1419
f 1420//1420 1421//1421 1422//1422
f 1423//1423 1424//1424 1425//1425
f 1426//1426 1427//1427 1428//1428
f 1429//1429 1430//1430 1431//1431
f 1432//1432 1433//1433 1434//1434
f 1435//1435 1436//1436 1437//1437
f 1438//1438 1439//1439 1440//1440
f 1441//1441 1442//1442 1443//1443
f 1444//1444 1445//1445 1446//1446
f 1447//1447 1448//1448 1449//1449
f 1450//1450 1451//1451 1452//1452
f 1453//1453 1454//1454 1455//1455
f 1456//1456 1457//1457 1458//1458
f 1459//1459 1460//1460 1461//1461
f 1462//1462 1463//1463 1464//1464
f 1465//1465 1466//1466 1467//1467
f 1468//1468 1469//1469 1470//1470
f 1471//1471 1472//1472 1473//1473
f 1474//1474 1475//1475 1476//1476
f 1477//1477 1478//1478 1479//1479
f 1480//1480 1481//1481 1482//1482
f 1483//1483 1484//1484 1485//1485
f 1486//1486 1487//1487 1488//1488
f 1489//1489 1490//1490 1491//1491
f 1492//1492 1493//1493 1494//1494
f 1495//1495 1496//1496 1497//1497
f 1498//1498 1499//1499 1500//1500
f 1501//1501 1502//1502 1503//1503
f 1504//1504 1505//1505 1506//1506
f 1507//1507 1508//1508 1509//1509
f 1510//1510 1511//1511 1512//1512
f 1513//1513 1514//1514 1515//1515
f 1516//1516 1517//1517 1518//1518
f 1519//1519 1520//1520 1521//1521
f 1522//1522 1523//1523 1524//1524
f 1525//1525 1526//1526 1527//1527
f 1528//1528 1529//1529 1530//1530
f 1531//1531 1532//1532 1533//1533
f 1534//1534 1535//1535 1536//1536
f 1537//1537 1538//1538 1539//1539
f 1540//1540 1541//1541 1542//1542
f 1543//1543 1544//1544 1545//1545
f 1546//1546 1547//1547 1548//1548
f 1549//1549 1550//1550 1551//1551
f 1552//1552 1553//1553 1554//1554
f 1555//1555 1556//1556 1557//1557
f 1558//1558 1559//1559 1560//1560
f 1561//1561 1562//1562 1563//1563
f 1564//1564 1565//1565 1566//1566
f 1567//1567 1568//1568 1569//1569
f 1570//1570 1571//1571 1572//1572
f 1573//1573 1574//1574 1575//1575
f 1576//1576 1577//1577 1578//1578
f 1579//1579 1580//1580 1581//1581
f 1582//1582 1583//1583 1584//1584
f 1585//1585 1586//1586 1587//1587
f 1588//1588 1589//1589 1590//1590
f 1591//1591 1592//1592 1593//1593
f 1594//1594 1595//1595 1596//1596
f 1597//1597 1598//1598 1599//1599
f 1600//1600 1601//1601 1602//1602
f 1603//1603 1604//1604 1605//1605
f 1606//1606 1607//1607 1608//1608
f 1609//1609 1610//1610 1611//1611
f 1612//1612 1613//1613 1614//1614
f 1615//1615 1616//1616 1617//1617
f 1618//1618 1619//1619 1620//1620
f 1621//1621 1622//1622 1623//1623
f 1624//1624 1625//1625 1626//1626
f 1627//1627 1628//1628 1629//1629
f 1630//1630 1631//1631 1632//1632
f 1633//1633 1634//1634 1635//1635
f 1636//1636 1637//1637 1638//1638
f 1639//1639 1640//1640 1641//1641
f 1642//1642 1643//1643 1644//1644
f 1645//1645 1646//1646 1647//1647
f 1648//1648 1649//1649 1650//1650
f 1651//1651 1652//1652 1653//1653
f 1654//1654 1655//1655 1656//1656
f 1657//1657 1658//1658 1659//1659
f 1660//1660 1661//1661 1662//1662
f 1663//1663 1664//1664 1665//1665
f 1666//1666 1667//1667 1668//1668
f 1669//1669 1670//1670 1671//1671
f 1672//1672 1673//1673 1674//1674
f 1675//1675 1676//1676 1677//1677
f 1678//1678 1679//1679 1680//1680
f 1681//1681 1682//1682 1683//1683
f 1684//1684 1685//1685 1686//1686
f 1687//1687 1688//1688 1689//1689
f 1690//1690 1691//1691 1692//1692
f 1693//1693 1694//1694 1695//1695
f 1696//1696 1697//1697 1698//1698
f 1699//1699 1700//1700 1701//1701
f 1702//1702 1703//1703 1704//1704
f 1705//1705 1706//1706 1707//1707
f 1708//1708 1709//1709 1710//1710
f 1711//1711 1712//1712 1713//1713
f 1714//1714 1715//1715 1716//1716
f 1717//1717 1718//1718 1719//1719
f 1720//1720 1721//1721 1722//1722
f 1723//1723 1724//1724 1725//1725
f 1726//1726 1727//1727 1728//1728
f 1729//1729 1730//1730 1731//1731
f 1732//1732 1733//1733 1734//1734
f 1735//1735 1736//1736 1737//1737
f 1738//1738 1739//1739 1740//1740
f 1741//1741 1742//1742 1743//1743
f 1744//1744 1745//1745 1746//1746
f 1747//1747 1748//1748 1749//1749
f 1750//1750 1751//1751 1752//1752
f 1753//1753 1754//1754 1755//1755
f 1756//1756 1757//1757 1758//1758
f 1759//1759 1760//1760 1761//1761
f 1762//1762 1763//1763 1764//1764
f 1765//1765 1766//1766 1767//1767
f 1768//1768 1769//1769 1770//1770
f 1771//1771 1772//1772 1773//1773
f 1774//1774 1775//1775 1776//1776
f 1777//1777 1778//1778 1779//1779
f 1780//1780 1781//1781 1782//1782
f 1783//1783 1784//1784 1785//1785
f 1786//1786 1787//1787 1788//1788
f 1789//1789 1790//1790 1791//1791
f 1792//1792 1793//1793 1794//1794
f 1795//1795 1796//1796 1797//1797
f 1798//1798 1799//1799 1800//1800
f 1801//1801 1802//1802 1803//1803
f 1804//1804 1805//1805 1806//1806
f 1807//1807 1808//1808 1809//1809
f 1810//1810 1811//1811 1812//1812
f 1813//1813 1814//1814 1815//1815
f 1816//1816 1817//1817 1818//1818
f 1819//1819 1820//1820 1821//1821
f 1822//1822 1823//1823 1824//1824
f 1825//1825 1826//1826 1827//1827
f 1828//1828 1829//1829 1830//1830
f 1831//1831 1832//1832 1833//1833
f 1834//1834 1835//1835 1836//1836
f 1837//1837 1838//1838 1839//1839
f 1840//1840 1841//1841 1842//1842
f 1843//1843 1844//1844 1845//1845
f 1846//1846 1847//1847 1848//1848
f 1849//1849 1850//1850 1851//1851
f 1852//1852 1853//1853 1854//1854
f 1855//1855 1856//1856 1857//1857
f 1858//1858 1859//1859 1860//1860
f 1861//1861 1862//1862 1863//1863
f 1864//1864 1865//1865 1866//1866
f 1867//1867 1868//1868 1869//1869
f 1870//1870 1871//1871 1872//1872
f 1873//1873 1874//1874 1875//1875
f 1876//1876 1877//1877 1878//1878
f 1879//1879 1880//1880 1881//1881
f 1882//1882 1883//1883 1884//1884
f 1885//1885 1886//1886 1887//1887
f 1888//1888 1889//1889 1890//1890
f 1891//1891 1892//1892 1893//1893
f 1894//1894 1895//1895 1896//1896
f 1897//1897 1898//1898 1899//1899
f 1900//1900 1901//1901 1902//1902
f 1903//1903 1904//1904 1905//1905
f 1906//1906 1907//1907 1908//1908
f 1909//1909 1910//1910 1911//1911
f 1912//1912 1913//1913 1914//1914
f 1915//1915 1916//1916 1917//1917
f 1918//1918 1919//1919 1920//1920
f 1921//1921 1922//1922 1923//1923
f 1924//1924 1925//1925 1926//1926
f 1927//1927 1928//1928 1929//1929
f 1930//1930 1931//1931 1932//1932
f 1933//1933 1934//1934 1935//1935
f 1936//1936 1937//1937 1938//1938
f 1939//1939 1940//1940 1941//1941
f 1942//1942 1943//1943 1944//1944
f 1945//1945 1946//1946 1947//1947
f 1948//1948 1949//1949 1950//1950
f 1951//1951 1952//1952 1953//1953
f 1954//1954 1955//1955 1956//1956
f 1957//1957 1958//1958 1959//1959
f 1960//1960 1961//1961 1962//1962
f 1963//1963 1964//1964 1965//1965
f 1966//1966 1967//1967 1968//1968
f 1969//1969 1970//1970 1971//1971
f 1972//1972 1973//1973 1974//1974
f 1975//1975 1976//1976 1977//1977
f 1978//1978 1979//1979 1980//1980
f 1981//1981 1982//1982 1983//1983
f 1984//1984 1985//1985 1986//1986
f 1987//1987 1988//1988 1989//1989
f 1990//1990 1991//1991 1992//1992
f 1993//1993 1994//1994 1995//1995
f 1996//1996 1997//1997 1998//1998
f 1999//1999 2000//2000 2001//2001
f 2002//2002 2003//2003 2004//2004
f 2005//2005 2006//2006 2007//2007
f 2008//2008 2009//2009 2010//2010
f 2011//2011 2012//2012 2013//2013
f 2014//2014 2015//2015 2016//2016
f 2017//2017 2018//2018 2019//2019
f 2020//2020 2021//2021 2022//2022
f 2023//2023 2024//2024 2025//2025
f 2026//2026 2027//2027 2028//2028
f 2029//2029 2030//2030 2031//2031
f 2032//2032 2033//2033 2034//2034
f 2035//2035 2036//2036 2037//2037
f 2038//2038 2039//2039 2040//2040
f 2041//2041 2042//2042 2043//2043
f 2044//2044 2045//2045 2046//2046
f 2047//2047 2048//2048 2049//2049
f 2050//2050 2051//2051 2052//2052
f 2053//2053 2054//2054 2055//2055
f 2056//2056 2057//2057 2058//2058
f 2059//2059 2060//2060 2061//2061
f 2062//2062 2063//2063 2064//2064
f 2065//2065 2066//2066 2067//2067
f 2068//2068 2069//2069 2070//2070
f 2071//2071 2072//2072 2073//2073
f 2074//2074 2075//2075 2076//2076
f 2077//2077 2078//2078 2079//2079
f 2080//2080 2081//2081 2082//2082
f 2083//2083 2084//2084 2085//2085
f 2086//2086 2087//2087 2088//2088
f 2089//2089 2090//2090 2091//2091
f 2092//2092 2093//2093 2094//2094
f 2095//2095 2096//2096 2097//2097
f 2098//2098 2099//2099 2100//2100
f 2101//2101 2102//2102 2103//2103
f 2104//2104 2105//2105 2106//2106
f 2107//2107 2108//2108 2109//2109
f 2110//2110 2111//2111 2112//2112
f 2113//2113 2114//2114 2115//2115
f 2116//2116 2117//2117 2118//2118
f 2119//2119 2120//2120 2121//2121
f 2122//2122 2123//2123 2124//2124
f 2125//2125 2126//2126 2127//2127
f 2128//2128 2129//2129 2130//2130
f 2131//2131 2132//2132 2133//2133
f 2134//2134 2135//2135 2136//2136
f 2137//2137 2138//2138 2139//2139
f 2140//2140 2141//2141 2142//2142
f 2143//2143 2144//2144 2145//2145
f 2146//2146 2147//2147 2148//2148
f 2149//2149 2150//2150 2151//2151
f 2152//2152 2153//2153 2154//2154
f 2155//2155 2156//2156 2157//2157
f 2158//2158 2159//2159 2160//2160
f 2161//2161 2162//2162 2163//2163
f 2164//2164 2165//2165 2166//2166
f 2167//2167 2168//2168 2169//2169
f 2170//2170 2171//2171 2172//2172
f 2173//2173 2174//2174 2175//2175
f 2176//2176 2177//2177 2178//2178
f 2179//2179 2180//2180 2181//2181
f 2182//2182 2183//2183 2184//2184
f 2185//2185 2186//2186 2187//2187
f 2188//2188 2189//2189 2190//2190
f 2191//2191 2192//2192 2193//2193
f 2194//2194 2195//2195 2196//2196
f 2197//2197 2198//2198 2199//2199
f 2200//2200 2201//2201 2202//2202
f 2203//2203 2204//2204 2205//2205
f 2206//2206 2207//2207 2208//2208
f 2209//2209 2210//2210 2211//2211
f 2212//2212 2213//2213 2214//2214
f 2215//2215 2216//2216 2217//2217
f 2218//2218 2219//2219 2220//2220
f 2221//2221 2222//2222 2223//2223
f 2224//2224 2225//2225 2226//2226
f 2227//2227 2228//2228 2229//2229
f 2230//2230 2231//2231 2232//2232
f 2233//2233 2234//2234 2235//2235
f 2236//2236 2237//2237 2238//2238
f 2239//2239 2240//2240 2241//2241
f 2242//2242 2243//2243 2244//2244
f 2245//2245 2246//2246 2247//2247
f 2248//2248 2249//2249 2250//2250
f 2251//2251 2252//2252 2253//2253
f 2254//2254 2255//2255 2256//2256
f 2257//2257 2258//2258 2259//2259
f 2260//2260 2261//2261 2262//2262
f 2263//2263 2264//2264 2265//2265
f 2266//2266 2267//2267 2268//2268
f 2269//2269 2270//2270 2271//2271
f 2272//2272 2273//2273 2274//2274
f 2275//2275 2276//2276 2277//2277
f 2278//2278 2279//2279 2280//2280
f 2281//2281 2282//2282 2283//2283
f 2284//2284 2285//2285 2286//2286
f 2287//2287 2288//2288 2289//2289
f 2290//2290 2291//2291 2292//2292
f 2293//2293 2294//2294 2295//2295
f 2296//2296 2297//2297 2298//2298
f 2299//2299 2300//2300 2301//2301
f 2302//2302 2303//2303 2304//2304
f 2305//2305 2306//2306 2307//2307
f 2308//2308 2309//2309 2310//2310
f 2311//2311 2312//2312 2313//2313
f 2314//2314 2315//2315 2316//2316
f 2317//2317 2318//2318 2319//2319
f 2320//2320 2321//2321 2322//2322
f 2323//2323 2324//2324 2325//2325
f 2326//2326 2327//2327 2328//2328
f 2329//2329 2330//2330 2331//2331
f 2332//2332 2333//2333 2334//2334
f 2335//2335 2336//2336 2337//2337
f 2338//2338 2339//2339 2340//2340
f 2341//2341 2342//2342 2343//2343
f 2344//2344 2345//2345 2346//2346
f 2347//2347 2348//2348 2349//2349
f 2350//2350 2351//2351 2352//2352
f 2353//2353 2354//2354 2355//2355
f 2356//2356 2357//2357 2358//2358
f 2359//2359 2360//2360 2361//2361
f 2362//2362 2363//2363 2364//2364
f 2365//2365 2366//2366 2367//2367
f 2368//2368 2369//2369 2370//2370
f 2371//2371 2372//2372 2373//2373
f 2374//2374 2375//2375 2376//2376
f 2377//2377 2378//2378 2379//2379
f 2380//2380 2381//2381 2382//2382
f 2383//2383 2384//2384 2385//2385
f 2386//2386 2387//2387 2388//2388
f 2389//2389 2390//2390 2391//2391
f 2392//2392 2393//2393 2394//2394
f 2395//2395 2396//2396 2397//2397
f 2398//2398 2399//2399 2400//2400
f 2401//2401 2402//2402 2403//2403
f 2404//2404 2405//2405 2406//2406
f 2407//2407 2408//2408 2409//2409
f 2410//2410 2411//2411 2412//2412
f 2413//2413 2414//2414 2415//2415
f 2416//2416 2417//2417 2418//2418
f 2419//2419 2420//2420 2421//2421
f 2422//2422 2423//2423 2424//2424
f 2425//2425 2426//2426 2427//2427
f 2428//2428 2429//2429 2430//2430
f 2431//2431 2432//2432 2433//2433
f 2434//2434 2435//2435 2436//2436
f 2437//2437 2438//2438 2439//2439
f 2440//2440 2441//2441 2442//2442
f 2443//2443 2444//2444 2445//2445
f 2446//2446 2447//2447 2448//2448
f 2449//2449 2450//2450 2451//2451
f 2452//2452 2453//2453 2454//2454
f 2455//2455 2456//2456 2457//2457
f 2458//2458 2459//2459 2460//2460
f 2461//2461 2462//2462 2463//2463
f 2464//2464 2465//2465 2466//2466
f 2467//2467 2468//2468 2469//2469
f 2470//2470 2471//2471 2472//2472
f 2473//2473 2474//2474 2475//2475
f 2476//2476 2477//2477 2478//2478
f 2479//2479 2480//2480 2481//2481
f 2482//2482 2483//2483 2484//2484
f 2485//2485 2486//2486 2487//2487
f 2488//2488 2489//2489 2490//2490
f 2491//2491 2492//2492 2493//2493
f 2494//2494 2495//2495 2496//2496
f 2497//2497 2498//2498 2499//2499
f 2500//2500 2501//2501 2502//2502
f 2503//2503 2504//2504 2505//2505
f 2506//2506 2507//2507 2508//2508
f 2509//2509 2510//2510 2511//2511
f 2512//2512 2513//2513 2514//2514
f 2515//2515 2516//2516 2517//2517
f 2518//2518 2519//2519 2520//2520
f 2521//2521 2522//2522 2523//2523
f 2524//2524 2525//2525 2526//2526
f 2527//2527 2528//2528 2529//2529
f 2530//2530 2531//2531 2532//2532
f 2533//2533 2534//2534 2535//2535
f 2536//2536 2537//2537 2538//2538
f 2539//2539 2540//2540 2541//2541
f 2542//2542 2543//2543 2544//2544
f 2545//2545 2546//2546 2547//2547
f 2548//2548 2549//2549 2550//2550
f 2551//2551 2552//2552 2553//2553
f 2554//2554 2555//2555 2556//2556
f 2557//2557 2558//2558 2559//2559
f 2560//2560 2561//2561 2562//2562
f 2563//2563 2564//2564 2565//2565
f 2566//2566 2567//2567 2568//2568
f 2569//2569 2570//2570 2571//2571
f 2572//2572 2573//2573 2574//2574
f 2575//2575 2576//2576 2577//2577
f 2578//2578 2579//2579 2580//2580
f 2581//2581 2582//2582 2583//2583
f 2584//2584 2585//2585 2586//2586
f 2587//2587 2588//2588 2589//2589
f 2590//2590 2591//2591 2592//2592
f 2593//2593 2594//2594 2595//2595
f 2596//2596 2597//2597 2598//2598
f 2599//2599 2600//2600 2601//2601
f 2602//2602 2603//2603 2604//2604
f 2605//2605 2606//2606 2607//2607
f 2608//2608 2609//2609 2610//2610
f 2611//2611 2612//2612 2613//2613
f 2614//2614 2615//2615 2616//2616
f 2617//2617 2618//2618 2619//2619
f 2620//2620 2621//2621 2622//2622
f 2623//2623 2624//2624 2625//2625
f 2626//2626 2627//2627 2628//2628
f 2629//2629 2630//2630 2631//2631
f 2632//2632 2633//2633 2634//2634
f 2635//2635 2636//2636 2637//2637
f 2638//2638 2639//2639 2640//2640
f 2641//2641 2642//2642 2643//2643
f 2644//2644 2645//2645 2646//2646
f 2647//2647 2648//2648 2649//2649
f 2650//2650 2651//2651 2652//2652
f 2653//2653 2654//2654 2655//2655
f 2656//2656 2657//2657 2658//2658
f 2659//2659 2660//2660 2661//2661
f 2662//2662 2663//2663 2664//2664
f 2665//2665 2666//2666 2667//2667
f 2668//2668 2669//2669 2670//2670
f 2671//2671 2672//2672 2673//2673
f 2674//2674 2675//2675 2676//2676
f 2677//2677 2678//2678 2679//2679
f 2680//2680 2681//2681 2682//2682
f 2683//2683 2684//2684 2685//2685
f 2686//2686 2687//2687 2688//2688
f 2689//2689 2690//2690 2691//2691
f 2692//2692 2693//2693 2694//2694
f 2695//2695 2696//2696 2697//2697
f 2698//2698 2699//2699 2700//2700
f 2701//2701 2702//2702 2703//2703
f 2704//2704 2705//2705 2706//2706
f 2707//2707 2708//2708 2709//2709
f 2710//2710 2711//2711 2712//2712
f 2713//2713 2714//2714 2715//2715
f 2716//2716 2717//2717 2718//2718
f 2719//2719 2720//2720 2721//2721
f 2722//2722 2723//2723 2724//2724
f 2725//2725 2726//2726 2727//2727
f 2728//2728 2729//2729 2730//2730
f 2731//2731 2732//2732 2733//2733
f 2734//2734 2735//2735 2736//2736
f 2737//2737 2738//2738 2739//2739
f 2740//2740 2741//2741 2742//2742
f 2743//2743 2744//2744 2745//2745
f 2746//2746 2747//2747 2748//2748
f 2749//2749 2750//2750 2751//2751
f 2752//2752 2753//2753 2754//2754
f 2755//2755 2756//2756 2757//2757
f 2758//2758 2759//2759 2760//2760
f 2761//2761 2762//2762 2763//2763
f 2764//2764 2765//2765 2766//2766
f 2767//2767 2768//2768 2769//2769
f 2770//2770 2771//2771 2772//2772
f 2773//2773 2774//2774 2775//2775
f 2776//2776 2777//2777 2778//2778
f 2779//2779 2780//2780 2781//2781
f 2782//2782 2783//2783 2784//2784
f 2785//2785 2786//2786 2787//2787
f 2788//2788 2789//2789 2790//2790
f 2791//2791 2792//2792 2793//2793
f 2794//2794 2795//2795 2796//2796
f 2797//2797 2798//2798 2799//2799
f 2800//2800 2801//2801 2802//2802
f 2803//2803 2804//2804 2805//2805
f 2806//2806 2807//2807 2808//2808
f 2809//2809 2810//2810 2811//2811
f 2812//2812 2813//2813 2814//2814
f 2815//2815 2816//2816 2817//2817
f 2818//2818 2819//2819 2820//2820
f 2821//2821 2822//2822 2823//2823
f 2824//2824 2825//2825 2826//2826
f 2827//2827 2828//2828 2829//2829
f 2830//2830 2831//2831 2832//2832
f 2833//2833 2834//2834 2835//2835
f 2836//2836 2837//2837 2838//2838
f 2839//2839 2840//2840 2841//2841
f 2842//2842 2843//2843 2844//2844
f 2845//2845 2846//2846 2847//2847
f 2848//2848 2849//2849 2850//2850
f 2851//2851 2852//2852 2853//2853
f 2854//2854 2855//2855 2856//2856
f 2857//2857 2858//2858 2859//2859
f 2860//2860 2861//2861 2862//2862
f 2863//2863 2864//2864 2865//2865
f 2866//2866 2867//2867 2868//2868
f 2869//2869 2870//2870 2871//2871
f 2872//2872 2873//2873 2874//2874
f 2875//2875 2876//2876 2877//2877
f 2878//2878 2879//2879 2880//2880
f 2881//2881 2882//2882 2883//2883
f 2884//2884 2885//2885 2886//2886
f 2887//2887 2888//2888 2889//2889
f 2890//2890 2891//2891 2892//2892
f 2893//2893 2894//2894 2895//2895
f 2896//2896 2897//2897 2898//2898
f 2899//2899 2900//2900 2901//2901
f 2902//2902 2903//2903 2904//2904
f 2905//2905 2906//2906 2907//2907
f 2908//2908 2909//2909 2910//2910
f 2911//2911 2912//2912 2913//2913
f 2914//2914 2915//2915 2916//2916
f 2917//2917 2918//2918 2919//2919
f 2920//2920 2921//2921 2922//2922
f 2923//2923 2924//2924 2925//2925
f 2926//2926 2927//2927 2928//2928
f 2929//2929 2930//2930 2931//2931
f 2932//2932 2933//2933 2934//2934
f 2935//2935 2936//2936 2937//2937
f 2938//2938 2939//2939 2940//2940
f 2941//2941 2942//2942 2943//2943
f 2944//2944 2945//2945 2946//2946
f 2947//2947 2948//2948 2949//2949
f 2950//2950 2951//2951 2952//2952
f 2953//2953 2954//2954 2955//2955
f 2956//2956 2957//2957 2958//2958
f 2959//2959 2960//2960 2961//2961
f 2962//2962 2963//2963 2964//2964
f 2965//2965 2966//2966 2967//2967
f 2968//2968 2969//2969 2970//2970
f 2971//2971 2972//2972 2973//2973
f 2974//2974 2975//2975 2976//2976
f 2977//2977 2978//2978 2979//2979
f 2980//2980 2981//2981 2982//2982
f 2983//2983 2984//2984 2985//2985
f 2986//2986 2987//2987 2988//2988
f 2989//2989 2990//2990 2991//2991
f 2992//2992 2993//2993 2994//2994
f 2995//2995 2996//2996 2997//2997
f 2998//2998 2999//2999 3000//3000
f 3001//3001 3002//3002 3003//3003
f 3004//3004 3005//3005 3006//3006
f 3007//3007 3008//3008 3009//3009
f 3010//3010 3011//3011 3012//3012
f 3013//3013 3014//3014 3015//3015
f 3016//3016 3017//3017 3018//3018
f 3019//3019 3020//3020 3021//3021
f 3022//3022 3023//3023 3024//3024
f 3025//3025 3026//3026 3027//3027
f 3028//3028 3029//3029 3030//3030
f 3031//3031 3032//3032 3033//3033
f 3034//3034 3035//3035 3036//3036
f 3037//3037 3038//3038 3039//3039
f 3040//3040 3041//3041 3042//3042
f 3043//3043 3044//3044 3045//3045
f 3046//3046 3047//3047 3048//3048
f 3049//3049 3050//3050 3051//3051
f 3052//3052 3053//3053 3054//3054
f 3055//3055 3056//3056 3057//3057
f 3058//3058 3059//3059 3060//3060
f 3061//3061 3062//3062 3063//3063
f 3064//3064 3065//3065 3066//3066
f 3067//3067 3068//3068 3069//3069
f 3070//3070 3071//3071 3072//3072
f 3073//3073 3074//3074 3075//3075
f 3076//3076 3077//3077 3078//3078
f 3079//3079 3080//3080 3081//3081
f 3082//3082 3083//3083 3084//3084
f 3085//3085 3086//3086 3087//3087
f 3088//3088 3089//3089 3090//3090
f 3091//3091 3092//3092 3093//3093
f 3094//3094 3095//3095 3096//3096
f 3097//3097 3098//3098 3099//3099
f 3100//3100 3101//3101 3102//3102
f 3103//3103 3104//3104 3105//3105
f 3106//3106 3107//3107 3108//3108
f 3109//3109 3110//3110 3111//3111
f 3112//3112 3113//3113 3114//3114
f 3115//3115 3116//3116 3117//3117
f 3118//3118 3119//3119 3120//3120
f 3121//3121 3122//3122 3123//3123
f 3124//3124 3125//3125 3126//3126
f 3127//3127 3128//3128 3129//3129
f 3130//3130 3131//3131 3132//3132
f 3133//3133 3134//3134 3135//3135
f 3136//3136 3137//3137 3138//3138
f 3139//3139 3140//3140 3141//3141
f 3142//3142 3143//3143 3144//3144
f 3145//3145 3146//3146 3147//3147
f 3148//3148 3149//3149 3150//3150
f 3151//3151 3152//3152 3153//3153
f 3154//3154 3155//3155 3156//3156
f 3157//3157 3158//3158 3159//3159
f 3160//3160 3161//3161 3162//3162
f 3163//3163 3164//3164 3165//3165
f 3166//3166 3167//3167 3168//3168
f 3169//3169 3170//3170 3171//3171
f 3172//3172 3173//3173 3174//3174
f 3175//3175 3176//3176 3177//3177
f 3178//3178 3179//3179 3180//3180
f 3181//3181 3182//3182 3183//3183
f 3184//3184 3185//3185 3186//3186
f 3187//3187 3188//3188 3189//3189
f 3190//3190 3191//3191 3192//3192
f 3193//3193 3194//3194 3195//3195
f 3196//3196 3197//3197 3198//3198
f 3199//3199 3200//3200 3201//3201
f 3202//3202 3203//3203 3204//3204
f 3205//3205 3206//3206 3207//3207
f 3208//3208 3209//3209 3210//3210
f 3211//3211 3212//3212 3213//3213
f 3214//3214 3215//3215 3216//3216
f 3217//3217 3218//3218 3219//3219
f 3220//3220 3221//3221 3222//3222
f 3223//3223 3224//3224 3225//3225
f 3226//3226 3227//3227 3228//3228
f 3229//3229 3230//3230 3231//3231
f 3232//3232 3233//3233 3234//3234
f 3235//3235 3236//3236 3237//3237
f 3238//3238 3239//3239 3240//3240
f 3241//3241 3242//3242 3243//3243
f 3244//3244 3245//3245 3246//3246
f 3247//3247 3248//3248 3249//3249
f 3250//3250 3251//3251 3252//3252
f 3253//3253 3254//3254 3255//3255
f 3256//3256 3257//3257 3258//3258
f 3259//3259 3260//3260 3261//3261
f 3262//3262 3263//3263 3264//3264
f 3265//3265 3266//3266 3267//3267
f 3268//3268 3269//3269 3270//3270
f 3271//3271 3272//3272 3273//3273
f 3274//3274 3275//3275 3276//3276
f 3277//3277 3278//3278 3279//3279
f 3280//3280 3281//3281 3282//3282
f 3283//3283 3284//3284 3285//3285
f 3286//3286 3287//3287 3288//3288
f 3289//3289 3290//3290 3291//3291
f 3292//3292 3293//3293 3294//3294
f 3295//3295 3296//3296 3297//3297
f 3298//3298 3299//3299 3300//3300
f 3301//3301 3302//3302 3303//3303
f 3304//3304 3305//3305 3306//3306
f 3307//3307 3308//3308 3309//3309
f 3310//3310 3311//3311 3312//3312
f 3313//3313 3314//3314 3315//3315
f 3316//3316 3317//3317 3318//3318
f 3319//3319 3320//3320 3321//3321
f 3322//3322 3323//3323 3324//3324
f 3325//3325 3326//3326 3327//3327
f 3328//3328 3329//3329 3330//3330
f 3331//3331 3332//3332 3333//3333
f 3334//3334 3335//3335 3336//3336
f 3337//3337 3338//3338 3339//3339
f 3340//3340 3341//3341 3342//3342
f 3343//3343 3344//3344 3345//3345
f 3346//3346 3347//3347 3348//3348
f 3349//3349 3350//3350 3351//3351
f 3352//3352 3353//3353 3354//3354
f 3355//3355 3356//3356 3357//3357
f 3358//3358 3359//3359 3360//3360
f 3361//3361 3362//3362 3363//3363
f 3364//3364 3365//3365 3366//3366
f 3367//3367 3368//3368 3369//3369
f 3370//3370 3371//3371 3372//3372
f 3373//3373 3374//3374 3375//3375
f 3376//3376 3377//3377 3378//3378
f 3379//3379 3380//3380 3381//3381
f 3382//3382 3383//3383 3384//3384
f 3385//3385 3386//3386 3387//3387
f 3388//3388 3389//3389 3390//3390
f 3391//3391 3392//3392 3393//3393
f 3394//3394 3395//3395 3396//3396
f 3397//3397 3398//3398 3399//3399
f 3400//3400 3401//3401 3402//3402
f 3403//3403 3404//3404 3405//3405
f 3406//3406 3407//3407 3408//3408
f 3409//3409 3410//3410 3411//3411
f 3412//3412 3413//3413 3414//3414
f 3415//3415 3416//3416 3417//3417
f 3418//3418 3419//3419 3420//3420
f 3421//3421 3422//3422 3423//3423
f 3424//3424 3425//3425 3426//3426
f 3427//3427 3428//3428 3429//3429
f 3430//3430 3431//3431 3432//3432
f 3433//3433 3434//3434 3435//3435
f 3436//3436 3437//3437 3438//3438
f 3439//3439 3440//3440 3441//3441
f 3442//3442 3443//3443 3444//3444
f 3445//3445 3446//3446 3447//3447
f 3448//3448 3449//3449 3450//3450
f 3451//3451 3452//3452 3453//3453
f 3454//3454 3455//3455 3456//3456
f 3457//3457 3458//3458 3459//3459
f 3460//3460 3461//3461 3462//3462
f 3463//3463 3464//3464 3465//3465
f 3466//3466 3467//3467 3468//3468
f 3469//3469 3470//3470 3471//3471
f 3472//3472 3473//3473 3474//3474
f 3475//3475 3476//3476 3477//3477
f 3478//3478 3479//3479 3480//3480
f 3481//3481 3482//3482 3483//3483
f 3484//3484 3485//3485 3486//3486
f 3487//3487 3488//3488 3489//3489
f 3490//3490 3491//3491 3492//3492
f 3493//3493 3494//3494 3495//3495
f 3496//3496 3497//3497 3498//3498
f 3499//3499 3500//3500 3501//3501
f 3502//3502 3503//3503 3504//3504
f 3505//3505 3506//3506 3507//3507
f 3508//3508 3509//3509 3510//3510
f 3511//3511 3512//3512 3513//3513
f 3514//3514 3515//3515 3516//3516
f 3517//3517 3518//3518 3519//3519
f 3520//3520 3521//3521 3522//3522
f 3523//3523 3524//3524 3525//3525
f 3526//3526 3527//3527 3528//3528
f 3529//3529 3530//3530 3531//3531
f 3532//3532 3533//3533 3534//3534
f 3535//3535 3536//3536 3537//3537
f 3538//3538 3539//3539 3540//3540
f 3541//3541 3542//3542 3543//3543
f 3544//3544 3545//3545 3546//3546
f 3547//3547 3548//3548 3549//3549
f 3550//3550 3551//3551 3552//3552
f 3553//3553 3554//3554 3555//3555
f 3556//3556 3557//3557 3558//3558
f 3559//3559 3560//3560 3561//3561
f 3562//3562 3563//3563 3564//3564
f 3565//3565 3566//3566 3567//3567
f 3568//3568 3569//3569 3570//3570
f 3571//3571 3572//3572 3573//3573
f 3574//3574 3575//3575 3576//3576
f 3577//3577 3578//3578 3579//3579
f 3580//3580 3581//3581 3582//3582
f 3583//3583 3584//3584 3585//3585
f 3586//3586 3587//3587 3588//3588
f 3589//3589 3590//3590 3591//3591
f 3592//3592 3593//3593 3594//3594
f 3595//3595 3596//3596 3597//3597
f 3598//3598 3599//3599 3600//3600
f 3601//3601 3602//3602 3603//3603
f 3604//3604 3605//3605 3606//3606
f 3607//3607 3608//3608 3609//3609
f 3610//3610 3611//3611 3612//3612
f 3613//3613 3614//3614 3615//3615
f 3616//3616 3617//3617 3618//3618
f 3619//3619 3620//3620 3621//3621
f 3622//3622 3623//3623 3624//3624
f 3625//3625 3626//3626 3627//3627
f 3628//3628 3629//3629 3630//3630
f 3631//3631 3632//3632 3633//3633
f 3634//3634 3635//3635 3636//3636
f 3637//3637 3638//3638 3639//3639
f 3640//3640 3641//3641 3642//3642
f 3643//3643 3644//3644 3645//3645
f 3646//3646 3647//3647 3648//3648
f 3649//3649 3650//3650 3651//3651
f 3652//3652 3653//3653 3654//3654
f 3655//3655 3656//3656 3657//3657
f 3658//3658 3659//3659 3660//3660
f 3661//3661 3662//3662 3663//3663
f 3664//3664 3665//3665 3666//3666
f 3667//3667 3668//3668 3669//3669
f 3670//3670 3671//3671 3672//3672
f 3673//3673 3674//3674 3675//3675
f 3676//3676 3677//3677 3678//3678
f 3679//3679 3680//3680 3681//3681
f 3682//3682 3683//3683 3684//3684
f 3685//3685 3686//3686 3687//3687
f 3688//3688 3689//3689 3690//3690
f 3691//3691 3692//3692 3693//3693
f 3694//3694 3695//3695 3696//3696
f 3697//3697 3698//3698 3699//3699
f 3700//3700 3701//3701 3702//3702
f 3703//3703 3704//3704 3705//3705
f 3706//3706 3707//3707 3708//3708
f 3709//3709 3710//3710 3711//3711
f 3712//3712 3713//3713 3714//3714
f 3715//3715 3716//3716 3717//3717
f 3718//3718 3719//3719 3720//3720
f 3721//3721 3722//3722 3723//3723
f 3724//3724 3725//3725 3726//3726
f 3727//3727 3728//3728 3729//3729
f 3730//3730 3731//3731 3732//3732
f 3733//3733 3734//3734 3735//3735
f 3736//3736 3737//3737 3738//3738
f 3739//3739 3740//3740 3741//3741
f 3742//3742 3743//3743 3744//3744
f 3745//3745 3746//3746 3747//3747
f 3748//3748 3749//3749 3750//3750
f 3751//3751 3752//3752 3753//3753
f 3754//3754 3755//3755 3756//3756
f 3757//3757 3758//3758 3759//3759
f 3760//3760 3761//3761 3762//3762
f 3763//3763 3764//3764 3765//3765
f 3766//3766 3767//3767 3768//3768
f 3769//3769 3770//3770 3771//3771
f 3772//3772 3773//3773 3774//3774
f 3775//3775 3776//3776 3777//3777
f 3778//3778 3779//3779 3780//3780
f 3781//3781 3782//3782 3783//3783
f 3784//3784 3785//3785 3786//3786
f 3787//3787 3788//3788 3789//3789
f 3790//3790 3791//3791 3792//3792
f 3793//3793 3794//3794 3795//3795
f 3796//3796 3797//3797 3798//3798
f 3799//3799 3800//3800 3801//3801
f 3802//3802 3803//3803 3804//3804
f 3805//3805 3806//3806 3807//3807
f 3808//3808 3809//3809 3810//3810
f 3811//3811 3812//3812 3813//3813
f 3814//3814 3815//3815 3816//3816
f 3817//3817 3818//3818 3819//3819
f 3820//3820 3821//3821 3822//3822
f 3823//3823 3824//3824 3825//3825
f 3826//3826 3827//3827 3828//3828
f 3829//3829 3830//3830 3831//3831
f 3832//3832 3833//3833 3834//3834
f 3835//3835 3836//3836 3837//3837
f 3838//3838 3839//3839 3840//3840
f 3841//3841 3842//3842 3843//3843
f 3844//3844 3845//3845 3846//3846
f 3847//3847 3848//3848 3849//3849
f 3850//3850 3851//3851 3852//3852
f 3853//3853 3854//3854 3855//3855
f 3856//3856 3857//3857 3858//3858
f 3859//3859 3860//3860 3861//3861
f 3862//3862 3863//3863 3864//3864
f 3865//3865 3866//3866 3867//3867
f 3868//3868 3869//3869 3870//3870
f 3871//3871 3872//3872 3873//3873
f 3874//3874 3875//3875 3876//3876
f 3877//3877 3878//3878 3879//3879
f 3880//3880 3881//3881 3882//3882
f 3883//3883 3884//3884 3885//3885
f 3886//3886 3887//3887 3888//3888
f 3889//3889 3890//3890 3891//3891
f 3892//3892 3893//3893 3894//3894
f 3895//3895 3896//3896 3897//3897
f 3898//3898 3899//3899 3900//3900
f 3901//3901 3902//3902 3903//3903
f 3904//3904 3905//3905 3906//3906
f 3907//3907 3908//3908 3909//3909
f 3910//3910 3911//3911 3912//3912
f 3913//3913 3914//3914 3915//3915
f 3916//3916 3917//3917 3918//3918
f 3919//3919 3920//3920 3921//3921
f 3922//3922 3923//3923 3924//3924
f 3925//3925 3926//3926 3927//3927
f 3928//3928 3929//3929 3930//3930
f 3931//3931 3932//3932 3933//3933
f 3934//3934 3935//3935 3936//3936
f 3937//3937 3938//3938 3939//3939
f 3940//3940 3941//3941 3942//3942
f 3943//3943 3944//3944 3945//3945
f 3946//3946 3947//3947 3948//3948
f 3949//3949 3950//3950 3951//3951
f 3952//3952 3953//3953 3954//3954
f 3955//3955 3956//3956 3957//3957
f 3958//3958 3959//3959 3960//3960
f 3961//3961 3962//3962 3963//3963
f 3964//3964 3965//3965 3966//3966
f 3967//3967 3968//3968 3969//3969
f 3970//3970 3971//3971 3972//3972
f 3973//3973 3974//3974 3975//3975
f 3976//3976 3977//3977 3978//3978
f 3979//3979 3980//3980 3981//3981
f 3982//3982 3983//3983 3984//3984
f 3985//3985 3986//3986 3987//3987
f 3988//3988 3989//3989 3990//3990
f 3991//3991 3992//3992 3993//3993
f 3994//3994 3995//3995 3996//3996
f 3997//3997 3998//3998 3999//3999
f 4000//4000 4001//4001 4002//4002
f 4003//4003 4004//4004 4005//4005
f 4006//4006 4007//4007 4008//4008
f 4009//4009 4010//4010 4011//4011
f 4012//4012 4013//4013 4014//4014
f 4015//4015 4016//4016 4017//4017
f 4018//4018 4019//4019 4020//4020
f 4021//4021 4022//4022 4023//4023
f 4024//4024 4025//4025 4026//4026
f 4027//4027 4028//4028 4029//4029
f 4030//4030 4031//4031 4032//4032
f 4033//4033 4034//4034 4035//4035
f 4036//4036 4037//4037 4038//4038
f 4039//4039 4040//4040 4041//4041
f 4042//4042 4043//4043 4044//4044
f 4045//4045 4046//4046 4047//4047
f 4048//4048 4049//4049 4050//4050
f 4051//4051 4052//4052 4053//4053
f 4054//4054 4055//4055 4056//4056
f 4057//4057 4058//4058 4059//4059
f 4060//4060 4061//4061 4062//4062
f 4063//4063 4064//4064 4065//4065
f 4066//4066 4067//4067 4068//4068
f 4069//4069 4070//4070 4071//4071
f 4072//4072 4073//4073 4074//4074
f 4075//4075 4076//4076 4077//4077
f 4078//4078 4079//4079 4080//4080
f 4081//4081 4082//4082 4083//4083
f 4084//4084 4085//4085 4086//4086
f 4087//4087 4088//4088 4089//4089
f 4090//4090 4091//4091 4092//4092
f 4093//4093 4094//4094 4095//4095
f 4096//4096 4097//4097 4098//4098
f 4099//4099 4100//4100 4101//4101
f 4102//4102 4103//4103 4104//4104
f 4105//4105 4106//4106 4107//4107
f 4108//4108 4109//4109 4110//4110
f 4111//4111 4112//4112 4113//4113
f 4114//4114 4115//4115 4116//4116
f 4117//4117 4118//4118 4119//4119
f 4120//4120 4121//4121 4122//4122
f 4123//4123 4124//4124 4125//4125
f 4126//4126 4127//4127 4128//4128
f 4129//4129 4130//4130 4131//4131
f 4132//4132 4133//4133 4134//4134
f 4135//4135 4136//4136 4137//4137
f 4138//4138 4139//4139 4140//4140
f 4141//4141 4142//4142 4143//4143
f 4144//4144 4145//4145 4146//4146
f 4147//4147 4148//4148 4149//4149
f 4150//4150 4151//4151 4152//4152
f 4153//4153 4154//4154 4155//4155
f 4156//4156 4157//4157 4158//4158
f 4159//4159 4160//4160 4161//4161
f 4162//4162 4163//4163 4164//4164
f 4165//4165 4166//4166 4167//4167
f 4168//4168 4169//4169 4170//4170
f 4171//4171 4172//4172 4173//4173
f 4174//4174 4175//4175 4176//4176
f 4177//4177 4178//4178 4179//4179
f 4180//4180 4181//4181 4182//4182
f 4183//4183 4184//4184 4185//4185
f 4186//4186 4187//4187 4188//4188
f 4189//4189 4190//4190 4191//4191
f 4192//4192 4193//4193 4194//4194
f 4195//4195 4196//4196 4197//4197
f 4198//4198 4199//4199 4200//4200
f 4201//4201 4202//4202 4203//4203
f 4204//4204 4205//4205 4206//4206
f 4207//4207 4208//4208 4209//4209
f 4210//4210 4211//4211 4212//4212
f 4213//4213 4214//4214 4215//4215
f 4216//4216 4217//4217 4218//4218
f 4219//4219 4220//4220 4221//4221
f 4222//4222 4223//4223 4224//4224
f 4225//4225 4226//4226 4227//4227
f 4228//4228 4229//4229 4230//4230
f 4231//4231 4232//4232 4233//4233
f 4234//4234 4235//4235 4236//4236
f 4237//4237 4238//4238 4239//4239
f 4240//4240 4241//4241 4242//4242
f 4243//4243 4244//4244 4245//4245
f 4246//4246 4247//4247 4248//4248
f 4249//4249 4250//4250 4251//4251
f 4252//4252 4253//4253 4254//4254
f 4255//4255 4256//4256 4257//4257
f 4258//4258 4259//4259 4260//4260
f 4261//4261 4262//4262 4263//4263
f 4264//4264 4265//4265 4266//4266
f 4267//4267 4268//4268 4269//4269
f 4270//4270 4271//4271 4272//4272
f 4273//4273 4274//4274 4275//4275
f 4276//4276 4277//4277 4278//4278
f 4279//4279 4280//4280 4281//4281
f 4282//4282 4283//4283 4284//4284
f 4285//4285 4286//4286 4287//4287
f 4288//4288 4289//4289 4290//4290
f 4291//4291 4292//4292 4293//4293
f 4294//4294 4295//4295 4296//4296
f 4297//4297 4298//4298 4299//4299
f 4300//4300 4301//4301 4302//4302
f 4303//4303 4304//4304 4305//4305
f 4306//4306 4307//4307 4308//4308
f 4309//4309 4310//4310 4311//4311
f 4312//4312 4313//4313 4314//4314
f 4315//4315 4316//4316 4317//4317
f 4318//4318 4319//4319 4320//4320
f 4321//4321 4322//4322 4323//4323
f 4324//4324 4325//4325 4326//4326
f 4327//4327 4328//4328 4329//4329
f 4330//4330 4331//4331 4332//4332
f 4333//4333 4334//4334 4335//4335
f 4336//4336 4337//4337 4338//4338
f 4339//4339 4340//4340 4341//4341
f 4342//4342 4343//4343 4344//4344
f 4345//4345 4346//4346 4347//4347
f 4348//4348 4349//4349 4350//4350
f 4351//4351 4352//4352 4353//4353
f 4354//4354 4355//4355 4356//4356
f 4357//4357 4358//4358 4359//4359
f 4360//4360 4361//4361 4362//4362
f 4363//4363 4364//4364 4365//4365
f 4366//4366 4367//4367 4368//4368
f 4369//4369 4370//4370 4371//4371
f 4372//4372 4373//4373 4374//4374
f 4375//4375 4376//4376 4377//4377
f 4378//4378 4379//4379 4380//4380
f 4381//4381 4382//4382 4383//4383
f 4384//4384 4385//4385 4386//4386
f 4387//4387 4388//4388 4389//4389
f 4390//4390 4391//4391 4392//4392
f 4393//4393 4394//4394 4395//4395
f 4396//4396 4397//4397 4398//4398
f 4399//4399 4400//4400 4401//4401
f 4402//4402 4403//4403 4404//4404
f 4405//4405 4406//4406 4407//4407
f 4408//4408 4409//4409 4410//4410
f 4411//4411 4412//4412 4413//4413
f 4414//4414 4415//4415 4416//4416
f 4417//4417 4418//4418 4419//4419
f 4420//4420 4421//4421 4422//4422
f 4423//4423 4424//4424 4425//4425
f 4426//4426 4427//4427 4428//4428
f 4429//4429 4430//4430 4431//4431
f 4432//4432 4433//4433 4434//4434
f 4435//4435 4436//4436 4437//4437
f 4438//4438 4439//4439 4440//4440
f 4441//4441 4442//4442 4443//4443
f 4444//4444 4445//4445 4446//4446
f 4447//4447 4448//4448 4449//4449
f 4450//4450 4451//4451 4452//4452
f 4453//4453 4454//4454 4455//4455
f 4456//4456 4457//4457 4458//4458
f 4459//4459 4460//4460 4461//4461
f 4462//4462 4463//4463 4464//4464
f 4465//4465 4466//4466 4467//4467
f 4468//4468 4469//4469 4470//4470
f 4471//4471 4472//4472 4473//4473
f 4474//4474 4475//4475 4476//4476
f 4477//4477 4478//4478 4479//4479
f 4480//4480 4481//4481 4482//4482
f 4483//4483 4484//4484 4485//4485
f 4486//4486 4487//4487 4488//4488
f 4489//4489 4490//4490 4491//4491
f 4492//4492 4493//4493 4494//4494
f 4495//4495 4496//4496 4497//4497
f 4498//4498 4499//4499 4500//4500
f 4501//4501 4502//4502 4503//4503
f 4504//4504 4505//4505 4506//4506
f 4507//4507 4508//4508 4509//4509
f 4510//4510 4511//4511 4512//4512
f 4513//4513 4514//4514 4515//4515
f 4516//4516 4517//4517 4518//4518
f 4519//4519 4520//4520 4521//4521
f 4522//4522 4523//4523 4524//4524
f 4525//4525 4526//4526 4527//4527
f 4528//4528 4529//4529 4530//4530
f 4531//4531 4532//4532 4533//4533
f 4534//4534 4535//4535 4536//4536
f 4537//4537 4538//4538 4539//4539
f 4540//4540 4541//4541 4542//4542
f 4543//4543 4544//4544 4545//4545
f 4546//4546 4547//4547 4548//4548
f 4549//4549 4550//4550 4551//4551
f 4552//4552 4553//4553 4554//4554
f 4555//4555 4556//4556 4557//4557
f 4558//4558 4559//4559 4560//4560
f 4561//4561 4562//4562 4563//4563
f 4564//4564 4565//4565 4566//4566
f 4567//4567 4568//4568 4569//4569
f 4570//4570 4571//4571 4572//4572
f 4573//4573 4574//4574 4575//4575
f 4576//4576 4577//4577 4578//4578
f 4579//4579 4580//4580 4581//4581
f 4582//4582 4583//4583 4584//4584
f 4585//4585 4586//4586 4587//4587
f 4588//4588 4589//4589 4590//4590
f 4591//4591 4592//4592 4593//4593
f 4594//4594 4595//4595 4596//4596
f 4597//4597 4598//4598 4599//4599
f 4600//4600 4601//4601 4602//4602
f 4603//4603 4604//4604 4605//4605
f 4606//4606 4607//4607 4608//4608
f 4609//4609 4610//4610 4611//4611
f 4612//4612 4613//4613 4614//4614
f 4615//4615 4616//4616 4617//4617
f 4618//4618 4619//4619 4620//4620
f 4621//4621 4622//4622 4623//4623
f 4624//4624 4625//4625 4626//4626
f 4627//4627 4628//4628 4629//4629
f 4630//4630 4631//4631 4632//4632
f 4633//4633 4634//4634 4635//4635
f 4636//4636 4637//4637 4638//4638
f 4639//4639 4640//4640 4641//4641
f 4642//4642 4643//4643 4644//4644
f 4645//4645 4646//4646 4647//4647
f 4648//4648 4649//4649 4650//4650
f 4651//4651 4652//4652 4653//4653
f 4654//4654 4655//4655 4656//4656
f 4657//4657 4658//4658 4659//4659
f 4660//4660 4661//4661 4662//4662
f 4663//4663 4664//4664 4665//4665
f 4666//4666 4667//4667 4668//4668
f 4669//4669 4670//4670 4671//4671
f 4672//4672 4673//4673 4674//4674
f 4675//4675 4676//4676 4677//4677
f 4678//4678 4679//4679 4680//4680
f 4681//4681 4682//4682 4683//4683
f 4684//4684 4685//4685 4686//4686
f 4687//4687 4688//4688 4689//4689
f 4690//4690 4691//4691 4692//4692
f 4693//4693 4694//4694 4695//4695
f 4696//4696 4697//4697 4698//4698
f 4699//4699 4700//4700 4701//4701
f 4702//4702 4703//4703 4704//4704
f 4705//4705 4706//4706 4707//4707
f 4708//4708 4709//4709 4710//4710
f 4711//4711 4712//4712 4713//4713
f 4714//4714 4715//4715 4716//4716
f 4717//4717 4718//4718 4719//4719
f 4720//4720 4721//4721 4722//4722
f 4723//4723 4724//4724 4725//4725
f 4726//4726 4727//4727 4728//4728
f 4729//4729 4730//4730 4731//4731
f 4732//4732 4733//4733 4734//4734
f 4735//4735 4736//4736 4737//4737
f 4738//4738 4739//4739 4740//4740
f 4741//4741 4742//4742 4743//4743
f 4744//4744 4745//4745 4746//4746
f 4747//4747 4748//4748 4749//4749
f 4750//4750 4751//4751 4752//4752
f 4753//4753 4754//4754 4755//4755
f 4756//4756 4757//4757 4758//4758
f 4759//4759 4760//4760 4761//4761
f 4762//4762 4763//4763 4764//4764
f 4765//4765 4766//4766 4767//4767
f 4768//4768 4769//4769 4770//4770
f 4771//4771 4772//4772 4773//4773
f 4774//4774 4775//4775 4776//4776
f 4777//4777 4778//4778 4779//4779
f 4780//4780 4781//4781 4782//4782
f 4783//4783 4784//4784 4785//4785
f 4786//4786 4787//4787 4788//4788
f 4789//4789 4790//4790 4791//4791
f 4792//4792 4793//4793 4794//4794
f 4795//4795 4796//4796 4797//4797
f 4798//4798 4799//4799 4800//4800
f 4801//4801 4802//4802 4803//4803
f 4804//4804 4805//4805 4806//4806
f 4807//4807 4808//4808 4809//4809
f 4810//4810 4811//4811 4812//4812
f 4813//4813 4814//4814 4815//4815
f 4816//4816 4817//4817 4818//4818
f 4819//4819 4820//4820 4821//4821
f 4822//4822 4823//4823 4824//4824
f 4825//4825 4826//4826 4827//4827
f 4828//4828 4829//4829 4830//4830
f 4831//4831 4832//4832 4833//4833
f 4834//4834 4835//4835 4836//4836
f 4837//4837 4838//4838 4839//4839
f 4840//4840 4841//4841 4842//4842
f 4843//4843 4844//4844 4845//4845
f 4846//4846 4847//4847 4848//4848
f 4849//4849 4850//4850 4851//4851
f 4852//4852 4853//4853 4854//4854
f 4855//4855 4856//4856 4857//4857
f 4858//4858 4859//4859 4860//4860
f 4861//4861 4862//4862 4863//4863
f 4864//4864 4865//4865 4866//4866
f 4867//4867 4868//4868 4869//4869
f 4870//4870 4871//4871 4872//4872
f 4873//4873 4874//4874 4875//4875
f 4876//4876 4877//4877 4878//4878
f 4879//4879 4880//4880 4881//4881
f 4882//4882 4883//4883 4884//4884
f 4885//4885 4886//4886 4887//4887
f 4888//4888 4889//4889 4890//4890
f 4891//4891 4892//4892 4893//4893
f 4894//4894 4895//4895 4896//4896
f 4897//4897 4898//4898 4899//4899
f 4900//4900 4901//4901 4902//4902
f 4903//4903 4904//4904 4905//4905
f 4906//4906 4907//4907 4908//4908
f 4909//4909 4910//4910 4911//4911
f 4912//4912 4913//4913 4914//4914
f 4915//4915 4916//4916 4917//4917
f 4918//4918 4919//4919 4920//4920
f 4921//4921 4922//4922 4923//4923
f 4924//4924 4925//4925 4926//4926
f 4927//4927 4928//4928 4929//4929
f 4930//4930 4931//4931 4932//4932
f 4933//4933 4934//4934 4935//4935
f 4936//4936 4937//4937 4938//4938
f 4939//4939 4940//4940 4941//4941
f 4942//4942 4943//4943 4944//4944
f 4945//4945 4946//4946 4947//4947
f 4948//4948 4949//4949 4950//4950
f 4951//4951 4952//4952 4953//4953
f 4954//4954 4955//4955 4956//4956
f 4957//4957 4958//4958 4959//4959
f 4960//4960 4961//4961 4962//4962
f 4963//4963 4964//4964 4965//4965
f 4966//4966 4967//4967 4968//4968
f 4969//4969 4970//4970 4971//4971
f 4972//4972 4973//4973 4974//4974
f 4975//4975 4976//4976 4977//4977
f 4978//4978 4979//4979 4980//4980
f 4981//4981 4982//4982 4983//4983
f 4984//4984 4985//4985 4986//4986
f 4987//4987 4988//4988 4989//4989
f 4990//4990 4991//4991 4992//4992
f 4993//4993 4994//4994 4995//4995
f 4996//4996 4997//4997 4998//4998
f 4999//4999 5000//5000 5001//5001
f 5002//5002 5003//5003 5004//5004
f 5005//5005 5006//5006 5007//5007
f 5008//5008 5009//5009 5010//5010
f 5011//5011 5012//5012 5013//5013
f 5014//5014 5015//5015 5016//5016
f 5017//5017 5018//5018 5019//5019
f 5020//5020 5021//5021 5022//5022
f 5023//5023 5024//5024 5025//5025
f 5026//5026 5027//5027 5028//5028
f 5029//5029 5030//5030 5031//5031
f 5032//5032 5033//5033 5034//5034
f 5035//5035 5036//5036 5037//5037
f 5038//5038 5039//5039 5040//5040
f 5041//5041 5042//5042 5043//5043
f 5044//5044 5045//5045 5046//5046
f 5047//5047 5048//5048 5049//5049
f 5050//5050 5051//5051 5052//5052
f 5053//5053 5054//5054 5055//5055
f 5056//5056 5057//5057 5058//5058
f 5059//5059 5060//5060 5061//5061
f 5062//5062 5063//5063 5064//5064
f 5065//5065 5066//5066 5067//5067
f 5068//5068 5069//5069 5070//5070
f 5071//5071 5072//5072 5073//5073
f 5074//5074 5075//5075 5076//5076
f 5077//5077 5078//5078 5079//5079
f 5080//5080 5081//5081 5082//5082
f 5083//5083 5084//5084 5085//5085
f 5086//5086 5087//5087 5088//5088
f 5089//5089 5090//5090 5091//5091
f 5092//5092 5093//5093 5094//5094
f 5095//5095 5096//5096 5097//5097
f 5098//5098 5099//5099 5100//5100
f 5101//5101 5102//5102 5103//5103
f 5104//5104 5105//5105 5106//5106
f 5107//5107 5108//5108 5109//5109
f 5110//5110 5111//5111 5112//5112
f 5113//5113 5114//5114 5115//5115
f 5116//5116 5117//5117 5118//5118
f 5119//5119 5120//5120 5121//5121
f 5122//5122 5123//5123 5124//5124
f 5125//5125 5126//5126 5127//5127
f 5128//5128 5129//5129 5130//5130
f 5131//5131 5132//5132 5133//5133
f 5134//5134 5135//5135 5136//5136
f 5137//5137 5138//5138 5139//5139
f 5140//5140 5141//5141 5142//5142
f 5143//5143 5144//5144 5145//5145
f 5146//5146 5147//5147 5148//5148
f 5149//5149 5150//5150 5151//5151
f 5152//5152 5153//5153 5154//5154
f 5155//5155 5156//5156 5157//5157
f 5158//5158 5159//5159 5160//5160
f 5161//5161 5162//5162 5163//5163
f 5164//5164 5165//5165 5166//5166
f 5167//5167 5168//5168 5169//5169
f 5170//5170 5171//5171 5172//5172
f 5173//5173 5174//5174 5175//5175
f 5176//5176 5177//5177 5178//5178
f 5179//5179 5180//5180 5181//5181
f 5182//5182 5183//5183 5184//5184
f 5185//5185 5186//5186 5187//5187
f 5188//5188 5189//5189 5190//5190
f 5191//5191 5192//5192 5193//5193
f 5194//5194 5195//5195 5196//5196
f 5197//5197 5198//5198 5199//5199
f 5200//5200 5201//5201 5202//5202
f 5203//5203 5204//5204 5205//5205
f 5206//5206 5207//5207 5208//5208
f 5209//5209 5210//5210 5211//5211
f 5212//5212 5213//5213 5214//5214
f 5215//5215 5216//5216 5217//5217
f 5218//5218 5219//5219 5220//5220
f 5221//5221 5222//5222 5223//5223
f 5224//5224 5225//5225 5226//5226
f 5227//5227 5228//5228 5229//5229
f 5230//5230 5231//5231 5232//5232
f 5233//5233 5234//5234 5235//5235
f 5236//5236 5237//5237 5238//5238
f 5239//5239 5240//5240 5241//5241
f 5242//5242 5243//5243 5244//5244
f 5245//5245 5246//5246 5247//5247
f 5248//5248 5249//5249 5250//5250
f 5251//5251 5252//5252 5253//5253
f 5254//5254 5255//5255 5256//5256
f 5257//5257 5258//5258 5259//5259
f 5260//5260 5261//5261 5262//5262
f 5263//5263 5264//5264 5265//5265
f 5266//5266 5267//5267 5268//5268
f 5269//5269 5270//5270 5271//5271
f 5272//5272 5273//5273 5274//5274
f 5275//5275 5276//5276 5277//5277
f 5278//5278 5279//5279 5280//5280
f 5281//5281 5282//5282 5283//5283
f 5284//5284 5285//5285 5286//5286
f 5287//5287 5288//5288 5289//5289
f 5290//5290 5291//5291 5292//5292
f 5293//5293 5294//5294 5295//5295
f 5296//5296 5297//5297 5298//5298
f 5299//5299 5300//5300 5301//5301
f 5302//5302 5303//5303 5304//5304
f 5305//5305 5306//5306 5307//5307
f 5308//5308 5309//5309 5310//5310
f 5311//5311 5312//5312 5313//5313
f 5314//5314 5315//5315 5316//5316
f 5317//5317 5318//5318 5319//5319
f 5320//5320 5321//5321 5322//5322
f 5323//5323 5324//5324 5325//5325
f 5326//5326 5327//5327 5328//5328
f 5329//5329 5330//5330 5331//5331
f 5332//5332 5333//5333 5334//5334
f 5335//5335 5336//5336 5337//5337
f 5338//5338 5339//5339 5340//5340
f 5341//5341 5342//5342 5343//5343
f 5344//5344 5345//5345 5346//5346
f 5347//5347 5348//5348 5349//5349
f 5350//5350 5351//5351 5352//5352
f 5353//5353 5354//5354 5355//5355
f 5356//5356 5357//5357 5358//5358
f 5359//5359 5360//5360 5361//5361
f 5362//5362 5363//5363 5364//5364
f 5365//5365 5366//5366 5367//5367
f 5368//5368 5369//5369 5370//5370
f 5371//5371 5372//5372 5373//5373
f 5374//5374 5375//5375 5376//5376
f 5377//5377 5378//5378 5379//5379
f 5380//5380 5381//5381 5382//5382
f 5383//5383 5384//5384 5385//5385
f 5386//5386 5387//5387 5388//5388
f 5389//5389 5390//5390 5391//5391
f 5392//5392 5393//5393 5394//5394
f 5395//5395 5396//5396 5397//5397
f 5398//5398 5399//5399 5400//5400
f 5401//5401 5402//5402 5403//5403
f 5404//5404 5405//5405 5406//5406
f 5407//5407 5408//5408 5409//5409
f 5410//5410 5411//5411 5412//5412
f 5413//5413 5414//5414 5415//5415
f 5416//5416 5417//5417 5418//5418
f 5419//5419 5420//5420 5421//5421
f 5422//5422 5423//5423 5424//5424
f 5425//5425 5426//5426 5427//5427
f 5428//5428 5429//5429 5430//5430
f 5431//5431 5432//5432 5433//5433
f 5434//5434 5435//5435 5436//5436
f 5437//5437 5438//5438 5439//5439
f 5440//5440 5441//5441 5442//5442
f 5443//5443 5444//5444 5445//5445
f 5446//5446 5447//5447 5448//5448
f 5449//5449 5450//5450 5451//5451
f 5452//5452 5453//5453 5454//5454
f 5455//5455 5456//5456 5457//5457
f 5458//5458 5459//5459 5460//5460
f 5461//5461 5462//5462 5463//5463
f 5464//5464 5465//5465 5466//5466
f 5467//5467 5468//5468 5469//5469
f 5470//5470 5471//5471 5472//5472
f 5473//5473 5474//5474 5475//5475
f 5476//5476 5477//5477 5478//5478
f 5479//5479 5480//5480 5481//5481
f 5482//5482 5483//5483 5484//5484
f 5485//5485 5486//5486 5487//5487
f 5488//5488 5489//5489 5490//5490
f 5491//5491 5492//5492 5493//5493
f 5494//5494 5495//5495 5496//5496
f 5497//5497 5498//5498 5499//5499
f 5500//5500 5501//5501 5502//5502
f 5503//5503 5504//5504 5505//5505
f 5506//5506 5507//5507 5508//5508
f 5509//5509 5510//5510 5511//5511
f 5512//5512 5513//5513 5514//5514
f 5515//5515 5516//5516 5517//5517
f 5518//5518 5519//5519 5520//5520
f 5521//5521 5522//5522 5523//5523
f 5524//5524 5525//5525 5526//5526
f 5527//5527 5528//5528 5529//5529
f 5530//5530 5531//5531 5532//5532
f 5533//5533 5534//5534 5535//5535
f 5536//5536 5537//5537 5538//5538
f 5539//5539 5540//5540 5541//5541
f 5542//5542 5543//5543 5544//5544
f 5545//5545 5546//5546 5547//5547
f 5548//5548 5549//5549 5550//5550
f 5551//5551 5552//5552 5553//5553
f 5554//5554 5555//5555 5556//5556
f 5557//5557 5558//5558 5559//5559
f 5560//5560 5561//5561 5562//5562
f 5563//5563 5564//5564 5565//5565
f 5566//5566 5567//5567 5568//5568
f 5569//5569 5570//5570 5571//5571
f 5572//5572 5573//5573 5574//5574
f 5575//5575 5576//5576 5577//5577
f 5578//5578 5579//5579 5580//5580
f 5581//5581 5582//5582 5583//5583
f 5584//5584 5585//5585 5586//5586
f 5587//5587 5588//5588 5589//5589
f 5590//5590 5591//5591 5592//5592
f 5593//5593 5594//5594 5595//5595
f 5596//5596 5597//5597 5598//5598
f 5599//5599 5600//5600 5601//5601
f 5602//5602 5603//5603 5604//5604
f 5605//5605 5606//5606 5607//5607
f 5608//5608 5609//5609 5610//5610
f 5611//5611 5612//5612 5613//5613
f 5614//5614 5615//5615 5616//5616
f 5617//5617 5618//5618 5619//5619
f 5620//5620 5621//5621 5622//5622
f 5623//5623 5624//5624 5625//5625
f 5626//5626 5627//5627 5628//5628
f 5629//5629 5630//5630 5631//5631
f 5632//5632 5633//5633 5634//5634
f 5635//5635 5636//5636 5637//5637
f 5638//5638 5639//5639 5640//5640
f 5641//5641 5642//5642 5643//5643
f 5644//5644 5645//5645 5646//5646
f 5647//5647 5648//5648 5649//5649
f 5650//5650 5651//5651 5652//5652
f 5653//5653 5654//5654 5655//5655
f 5656//5656 5657//5657 5658//5658
f 5659//5659 5660//5660 5661//5661
f 5662//5662 5663//5663 5664//5664
f 5665//5665 5666//5666 5667//5667
f 5668//5668 5669//5669 5670//5670
f 5671//5671 5672//5672 5673//5673
f 5674//5674 5675//5675 5676//5676
f 5677//5677 5678//5678 5679//5679
f 5680//5680 5681//5681 5682//5682
f 5683//5683 5684//5684 5685//5685
f 5686//5686 5687//5687 5688//5688
f 5689//5689 5690//5690 5691//5691
f 5692//5692 5693//5693 5694//5694
f 5695//5695 5696//5696 5697//5697
f 5698//5698 5699//5699 5700//5700
f 5701//5701 5702//5702 5703//5703
f 5704//5704 5705//5705 5706//5706
f 5707//5707 5708//5708 5709//5709
f 5710//5710 5711//5711 5712//5712
f 5713//5713 5714//5714 5715//5715
f 5716//5716 5717//5717 5718//5718
f 5719//5719 5720//5720 5721//5721
f 5722//5722 5723//5723 5724//5724
f 5725//5725 5726//5726 5727//5727
f 5728//5728 5729//5729 5730//5730
f 5731//5731 5732//5732 5733//5733
f 5734//5734 5735//5735 5736//5736
f 5737//5737 5738//5738 5739//5739
f 5740//5740 5741//5741 5742//5742
f 5743//5743 5744//5744 5745//5745
f 5746//5746 5747//5747 5748//5748
f 5749//5749 5750//5750 5751//5751
f 5752//5752 5753//5753 5754//5754
f 5755//5755 5756//5756 5757//5757
f 5758//5758 5759//5759 5760//5760
f 5761//5761 5762//5762 5763//5763
f 5764//5764 5765//5765 5766//5766
f 5767//5767 5768//5768 5769//5769
f 5770//5770 5771//5771 5772//5772
f 5773//5773 5774//5774 5775//5775
f 5776//5776 5777//5777 5778//5778
f 5779//5779 5780//5780 5781//5781
f 5782//5782 5783//5783 5784//5784
f 5785//5785 5786//5786 5787//5787
f 5788//5788 5789//5789 5790//5790
f 5791//5791 5792//5792 5793//5793
f 5794//5794 5795//5795 5796//5796
f 5797//5797 5798//5798 5799//5799
f 5800//5800 5801//5801 5802//5802
f 5803//5803 5804//5804 5805//5805
f 5806//5806 5807//5807 5808//5808
f 5809//5809 5810//5810 5811//5811
f 5812//5812 5813//5813 5814//5814
f 5815//5815 5816//5816 5817//5817
f 5818//5818 5819//5819 5820//5820
f 5821//5821 5822//5822 5823//5823
f 5824//5824 5825//5825 5826//5826
f 5827//5827 5828//5828 5829//5829
f 5830//5830 5831//5831 5832//5832
f 5833//5833 5834//5834 5835//5835
f 5836//5836 5837//5837 5838//5838
f 5839//5839 5840//5840 5841//5841
f 5842//5842 5843//5843 5844//5844
f 5845//5845 5846//5846 5847//5847
f 5848//5848 5849//5849 5850//5850
f 5851//5851 5852//5852 5853//5853
f 5854//5854 5855//5855 5856//5856
f 5857//5857 5858//5858 5859//5859
f 5860//5860 5861//5861 5862//5862
f 5863//5863 5864//5864 5865//5865
f 5866//5866 5867//5867 5868//5868
f 5869//5869 5870//5870 5871//5871
f 5872//5872 5873//5873 5874//5874
f 5875//5875 5876//5876 5877//5877
f 5878//5878 5879//5879 5880//5880
f 5881//5881 5882//5882 5883//5883
f 5884//5884 5885//5885 5886//5886
f 5887//5887 5888//5888 5889//5889
f 5890//5890 5891//5891 5892//5892
f 5893//5893 5894//5894 5895//5895
f 5896//5896 5897//5897 5898//5898
f 5899//5899 5900//5900 5901//5901
f 5902//5902 5903//5903 5904//5904
f 5905//5905 5906//5906 5907//5907
f 5908//5908 5909//5909 5910//5910
f 5911//5911 5912//5912 5913//5913
f 5914//5914 5915//5915 5916//5916
f 5917//5917 5918//5918 5919//5919
f 5920//5920 5921//5921 5922//5922
f 5923//5923 5924//5924 5925//5925
f 5926//5926 5927//5927 5928//5928
f 5929//5929 5930//5930 5931//5931
f 5932//5932 5933//5933 5934//5934
f 5935//5935 5936//5936 5937//5937
f 5938//5938 5939//5939 5940//5940
f 5941//5941 5942//5942 5943//5943
f 5944//5944 5945//5945 5946//5946
f 5947//5947 5948//5948 5949//5949
f 5950//5950 5951//5951 5952//5952
f 5953//5953 5954//5954 5955//5955
f 5956//5956 5957//5957 5958//5958
f 5959//5959 5960//5960 5961//5961
f 5962//5962 5963//5963 5964//5964
f 5965//5965 5966//5966 5967//5967
f 5968//5968 5969//5969 5970//5970
f 5971//5971 5972//5972 5973//5973
f 5974//5974 5975//5975 5976//5976
f 5977//5977 5978//5978 5979//5979
f 5980//5980 5981//5981 5982//5982
f 5983//5983 5984//5984 5985//5985
f 5986//5986 5987//5987 5988//5988
f 5989//5989 5990//5990 5991//5991
f 5992//5992 5993//5993 5994//5994
f 5995//5995 5996//5996 5997//5997
f 5998//5998 5999//5999 6000//6000
f 6001//6001 6002//6002 6003//6003
f 6004//6004 6005//6005 6006//6006
f 6007//6007 6008//6008 6009//6009
f 6010//6010 6011//6011 6012//6012
f 6013//6013 6014//6014 6015//6015
f 6016//6016 6017//6017 6018//6018
f 6019//6019 6020//6020 6021//6021
f 6022//6022 6023//6023 6024//6024
f 6025//6025 6026//6026 6027//6027
f 6028//6028 6029//6029 6030//6030
f 6031//6031 6032//6032 6033//6033
f 6034//6034 6035//6035 6036//6036
f 6037//6037 6038//6038 6039//6039
f 6040//6040 6041//6041 6042//6042
f 6043//6043 6044//6044 6045//6045
f 6046//6046 6047//6047 6048//6048
f 6049//6049 6050//6050 6051//6051
f 6052//6052 6053//6053 6054//6054
f 6055//6055 6056//6056 6057//6057
f 6058//6058 6059//6059 6060//6060
f 6061//6061 6062//6062 6063//6063
f 6064//6064 6065//6065 6066//6066
f 6067//6067 6068//6068 6069//6069
f 6070//6070 6071//6071 6072//6072
f 6073//6073 6074//6074 6075//6075
f 6076//6076 6077//6077 6078//6078
f 6079//6079 6080//6080 6081//6081
f 6082//6082 6083//6083 6084//6084
f 6085//6085 6086//6086 6087//6087
f 6088//6088 6089//6089 6090//6090
f 6091//6091 6092//6092 6093//6093
f 6094//6094 6095//6095 6096//6096
f 6097//6097 6098//6098 6099//6099
f 6100//6100 6101//6101 6102//6102
f 6103//6103 6104//6104 6105//6105
f 6106//6106 6107//6107 6108//6108
f 6109//6109 6110//6110 6111//6111
f 6112//6112 6113//6113 6114//6114
f 6115//6115 6116//6116 6117//6117
f 6118//6118 6119//6119 6120//6120
f 6121//6121 6122//6122 6123//6123
f 6124//6124 6125//6125 6126//6126
f 6127//6127 6128//6128 6129//6129
f 6130//6130 6131//6131 6132//6132
f 6133//6133 6134//6134 6135//6135
f 6136//6136 6137//6137 6138//6138
f 6139//6139 6140//6140 6141//6141
f 6142//6142 6143//6143 6144//6144
f 6145//6145 6146//6146 6147//6147
f 6148//6148 6149//6149 6150//6150
f 6151//6151 6152//6152 6153//6153
f 6154//6154 6155//6155 6156//6156
f 6157//6157 6158//6158 6159//6159
f 6160//6160 6161//6161 6162//6162
f 6163//6163 6164//6164 6165//6165
f 6166//6166 6167//6167 6168//6168
f 6169//6169 6170//6170 6171//6171
f 6172//6172 6173//6173 6174//6174
f 6175//6175 6176//6176 6177//6177
f 6178//6178 6179//6179 6180//6180
f 6181//6181 6182//6182 6183//6183
f 6184//6184 6185//6185 6186//6186
f 6187//6187 6188//6188 6189//6189
f 6190//6190 6191//6191 6192//6192
f 6193//6193 6194//6194 6195//6195
f 6196//6196 6197//6197 6198//6198
f 6199//6199 6200//6200 6201//6201
f 6202//6202 6203//6203 6204//6204
f 6205//6205 6206//6206 6207//6207
f 6208//6208 6209//6209 6210//6210
f 6211//6211 6212//6212 6213//6213
f 6214//6214 6215//6215 6216//6216
f 6217//6217 6218//6218 6219//6219
f 6220//6220 6221//6221 6222//6222
f 6223//6223 6224//6224 6225//6225
f 6226//6226 6227//6227 6228//6228
f 6229//6229 6230//6230 6231//6231
f 6232//6232 6233//6233 6234//6234
f 6235//6235 6236//6236 6237//6237
f 6238//6238 6239//6239 6240//6240
f 6241//6241 6242//6242 6243//6243
f 6244//6244 6245//6245 6246//6246
f 6247//6247 6248//6248 6249//6249
f 6250//6250 6251//6251 6252//6252
f 6253//6253 6254//6254 6255//6255
f 6256//6256 6257//6257 6258//6258
f 6259//6259 6260//6260 6261//6261
f 6262//6262 6263//6263 6264//6264
f 6265//6265 6266//6266 6267//6267
f 6268//6268 6269//6269 6270//6270
f 6271//6271 6272//6272 6273//6273
f 6274//6274 6275//6275 6276//6276
f 6277//6277 6278//6278 6279//6279
f 6280//6280 6281//6281 6282//6282
f 6283//6283 6284//6284 6285//6285
f 6286//6286 6287//6287 6288//6288
f 6289//6289 6290//6290 6291//6291
f 6292//6292 6293//6293 6294//6294
f 6295//6295 6296//6296 6297//6297
f 6298//6298 6299//6299 6300//6300
f 6301//6301 6302//6302 6303//6303
f 6304//6304 6305//6305 6306//6306
f 6307//6307 6308//6308 6309//6309
f 6310//6310 6311//6311 6312//6312
f 6313//6313 6314//6314 6315//6315
f 6316//6316 6317//6317 6318//6318
f 6319//6319 6320//6320 6321//6321
f 6322//6322 6323//6323 6324//6324
f 6325//6325 6326//6326 6327//6327
f 6328//6328 6329//6329 6330//6330
f 6331//6331 6332//6332 6333//6333
f 6334//6334 6335//6335 6336//6336
f 6337//6337 6338//6338 6339//6339
f 6340//6340 6341//6341 6342//6342
f 6343//6343 6344//6344 6345//6345
f 6346//6346 6347//6347 6348//6348
f 6349//6349 6350//6350 6351//6351
f 6352//6352 6353//6353 6354//6354
f 6355//6355 6356//6356 6357//6357
f 6358//6358 6359//6359 6360//6360
f 6361//6361 6362//6362 6363//6363
f 6364//6364 6365//6365 6366//6366
f 6367//6367 6368//6368 6369//6369
f 6370//6370 6371//6371 6372//6372
f 6373//6373 6374//6374 6375//6375
f 6376//6376 6377//6377 6378//6378
f 6379//6379 6380//6380 6381//6381
f 6382//6382 6383//6383 6384//6384
f 6385//6385 6386//6386 6387//6387
f 6388//6388 6389//6389 6390//6390
f 6391//6391 6392//6392 6393//6393
f 6394//6394 6395//6395 6396//6396
f 6397//6397 6398//6398 6399//6399
f 6400//6400 6401//6401 6402//6402
f 6403//6403 6404//6404 6405//6405
f 6406//6406 6407//6407 6408//6408
f 6409//6409 6410//6410 6411//6411
f 6412//6412 6413//6413 6414//6414
f 6415//6415 6416//6416 6417//6417
f 6418//6418 6419//6419 6420//6420
f 6421//6421 6422//6422 6423//6423
f 6424//6424 6425//6425 6426//6426
f 6427//6427 6428//6428 6429//6429
f 6430//6430 6431//6431 6432//6432
f 6433//6433 6434//6434 6435//6435
f 6436//6436 6437//6437 6438//6438
f 6439//6439 6440//6440 6441//6441
f 6442//6442 6443//6443 6444//6444
f 6445//6445 6446//6446 6447//6447
f 6448//6448 6449//6449 6450//6450
f 6451//6451 6452//6452 6453//6453
f 6454//6454 6455//6455 6456//6456
f 6457//6457 6458//6458 6459//6459
f 6460//6460 6461//6461 6462//6462
f 6463//6463 6464//6464 6465//6465
f 6466//6466 6467//6467 6468//6468
f 6469//6469 6470//6470 6471//6471
f 6472//6472 6473//6473 6474//6474
f 6475//6475 6476//6476 6477//6477
f 6478//6478 6479//6479 6480//6480
f 6481//6481 6482//6482 6483//6483
f 6484//6484 6485//6485 6486//6486
f 6487//6487 6488//6488 6489//6489
f 6490//6490 6491//6491 6492//6492
f 6493//6493 6494//6494 6495//6495
f 6496//6496 6497//6497 6498//6498
f 6499//6499 6500//6500 6501//6501
f 6502//6502 6503//6503 6504//6504
f 6505//6505 6506//6506 6507//6507
f 6508//6508 6509//6509 6510//6510
f 6511//6511 6512//6512 6513//6513
f 6514//6514 6515//6515 6516//6516
f 6517//6517 6518//6518 6519//6519
f 6520//6520 6521//6521 6522//6522
f 6523//6523 6524//6524 6525//6525
f 6526//6526 6527//6527 6528//6528
f 6529//6529 6530//6530 6531//6531
f 6532//6532 6533//6533 6534//6534
f 6535//6535 6536//6536 6537//6537
f 6538//6538 6539//6539 6540//6540
f 6541//6541 6542//6542 6543//6543
f 6544//6544 6545//6545 6546//6546
f 6547//6547 6548//6548 6549//6549
f 6550//6550 6551//6551 6552//6552
f 6553//6553 6554//6554 6555//6555
f 6556//6556 6557//6557 6558//6558
f 6559//6559 6560//6560 6561//6561
f 6562//6562 6563//6563 6564//6564
f 6565//6565 6566//6566 6567//6567
f 6568//6568 6569//6569 6570//6570
f 6571//6571 6572//6572 6573//6573
f 6574//6574 6575//6575 6576//6576
f 6577//6577 6578//6578 6579//6579
f 6580//6580 6581//6581 6582//6582
f 6583//6583 6584//6584 6585//6585
f 6586//6586 6587//6587 6588//6588
f 6589//6589 6590//6590 6591//6591
f 6592//6592 6593//6593 6594//6594
f 6595//6595 6596//6596 6597//6597
f 6598//6598 6599//6599 6600//6600
f 6601//6601 6602//6602 6603//6603
f 6604//6604 6605//6605 6606//6606
f 6607//6607 6608//6608 6609//6609
f 6610//6610 6611//6611 6612//6612
f 6613//6613 6614//6614 6615//6615
f 6616//6616 6617//6617 6618//6618
f 6619//6619 6620//6620 6621//6621
f 6622//6622 6623//6623 6624//6624
f 6625//6625 6626//6626 6627//6627
f 6628//6628 6629//6629 6630//6630
f 6631//6631 6632//6632 6633//6633
f 6634//6634 6635//6635 6636//6636
f 6637//6637 6638//6638 6639//6639
f 6640//6640 6641//6641 6642//6642
f 6643//6643 6644//6644 6645//6645
f 6646//6646 6647//6647 6648//6648
f 6649//6649 6650//6650 6651//6651
f 6652//6652 6653//6653 6654//6654
f 6655//6655 6656//6656 6657//6657
f 6658//6658 6659//6659 6660//6660
f 6661//6661 6662//6662 6663//6663
f 6664//6664 6665//6665 6666//6666
f 6667//6667 6668//6668 6669//6669
f 6670//6670 6671//6671 6672//6672
f 6673//6673 6674//6674 6675//6675
f 6676//6676 6677//6677 6678//6678
f 6679//6679 6680//6680 6681//6681
f 6682//6682 6683//6683 6684//6684
f 6685//6685 6686//6686 6687//6687
f 6688//6688 6689//6689 6690//6690
f 6691//6691 6692//6692 6693//6693
f 6694//6694 6695//6695 6696//6696
f 6697//6697 6698//6698 6699//6699
f 6700//6700 6701//6701 6702//6702
f 6703//6703 6704//6704 6705//6705
f 6706//6706 6707//6707 6708//6708
f 6709//6709 6710//6710 6711//6711
f 6712//6712 6713//6713 6714//6714
f 6715//6715 6716//6716 6717//6717
f 6718//6718 6719//6719 6720//6720
f 6721//6721 6722//6722 6723//6723
f 6724//6724 6725//6725 6726//6726
f 6727//6727 6728//6728 6729//6729
f 6730//6730 6731//6731 6732//6732
f 6733//6733 6734//6734 6735//6735
f 6736//6736 6737//6737 6738//6738
f 6739//6739 6740//6740 6741//6741
f 6742//6742 6743//6743 6744//6744
f 6745//6745 6746//6746 6747//6747
f 6748//6748 6749//6749 6750//6750
f 6751//6751 6752//6752 6753//6753
f 6754//6754 6755//6755 6756//6756
f 6757//6757 6758//6758 6759//6759
f 6760//6760 6761//6761 6762//6762
f 6763//6763 6764//6764 6765//6765
f 6766//6766 6767//6767 6768//6768
f 6769//6769 6770//6770 6771//6771
f 6772//6772 6773//6773 6774//6774
f 6775//6775 6776//6776 6777//6777
f 6778//6778 6779//6779 6780//6780
f 6781//6781 6782//6782 6783//6783
f 6784//6784 6785//6785 6786//6786
f 6787//6787 6788//6788 6789//6789
f 6790//6790 6791//6791 6792//6792
f 6793//6793 6794//6794 6795//6795
f 6796//6796 6797//6797 6798//6798
f 6799//6799 6800//6800 6801//6801
f 6802//6802 6803//6803 6804//6804
f 6805//6805 6806//6806 6807//6807
f 6808//6808 6809//6809 6810//6810
f 6811//6811 6812//6812 6813//6813
f 6814//6814 6815//6815 6816//6816
f 6817//6817 6818//6818 6819//6819
f 6820//6820 6821//6821 6822//6822
f 6823//6823 6824//6824 6825//6825
f 6826//6826 6827//6827 6828//6828
f 6829//6829 6830//6830 6831//6831
f 6832//6832 6833//6833 6834//6834
f 6835//6835 6836//6836 6837//6837
f 6838//6838 6839//6839 6840//6840
f 6841//6841 6842//6842 6843//6843
f 6844//6844 6845//6845 6846//6846
f 6847//6847 6848//6848 6849//6849
f 6850//6850 6851//6851 6852//6852
f 6853//6853 6854//6854 6855//6855
f 6856//6856 6857//6857 6858//6858
f 6859//6859 6860//6860 6861//6861
f 6862//6862 6863//6863 6864//6864
f 6865//6865 6866//6866 6867//6867
f 6868//6868 6869//6869 6870//6870
f 6871//6871 6872//6872 6873//6873
f 6874//6874 6875//6875 6876//6876
f 6877//6877 6878//6878 6879//6879
f 6880//6880 6881//6881 6882//6882
f 6883//6883 6884//6884 6885//6885
f 6886//6886 6887//6887 6888//6888
f 6889//6889 6890//6890 6891//6891
f 6892//6892 6893//6893 6894//6894
f 6895//6895 6896//6896 6897//6897
f 6898//6898 6899//6899 6900//6900
f 6901//6901 6902//6902 6903//6903
f 6904//6904 6905//6905 6906//6906
f 6907//6907 6908//6908 6909//6909
f 6910//6910 6911//6911 6912//6912
f 6913//6913 6914//6914 6915//6915
f 6916//6916 6917//6917 6918//6918
f 6919//6919 6920//6920 6921//6921
f 6922//6922 6923//6923 6924//6924
f 6925//6925 6926//6926 6927//6927
f 6928//6928 6929//6929 6930//6930
f 6931//6931 6932//6932 6933//6933
f 6934//6934 6935//6935 6936//6936
f 6937//6937 6938//6938 6939//6939
f 6940//6940 6941//6941 6942//6942
f 6943//6943 6944//6944 6945//6945
f 6946//6946 6947//6947 6948//6948
f 6949//6949 6950//6950 6951//6951
f 6952//6952 6953//6953 6954//6954
f 6955//6955 6956//6956 6957//6957
f 6958//6958 6959//6959 6960//6960
f 6961//6961 6962//6962 6963//6963
f 6964//6964 6965//6965 6966//6966
f 6967//6967 6968//6968 6969//6969
f 6970//6970 6971//6971 6972//6972
f 6973//6973 6974//6974 6975//6975
f 6976//6976 6977//6977 6978//6978
f 6979//6979 6980//6980 6981//6981
f 6982//6982 6983//6983 6984//6984
f 6985//6985 6986//6986 6987//6987
f 6988//6988 6989//6989 6990//6990
f 6991//6991 6992//6992 6993//6993
f 6994//6994 6995//6995 6996//6996
f 6997//6997 6998//6998 6999//6999
f 7000//7000 7001//7001 7002//7002
f 7003//7003 7004//7004 7005//7005
f 7006//7006 7007//7007 7008//7008
f 7009//7009 7010//7010 7011//7011
f 7012//7012 7013//7013 7014//7014
f 7015//7015 7016//7016 7017//7017
f 7018//7018 7019//7019 7020//7020
f 7021//7021 7022//7022 7023//7023
f 7024//7024 7025//7025 7026//7026
f 7027//7027 7028//7028 7029//7029
f 7030//7030 7031//7031 7032//7032
f 7033//7033 7034//7034 7035//7035
f 7036//7036 7037//7037 7038//7038
f 7039//7039 7040//7040 7041//7041
f 7042//7042 7043//7043 7044//7044
f 7045//7045 7046//7046 7047//7047
f 7048//7048 7049//7049 7050//7050
f 7051//7051 7052//7052 7053//7053
f 7054//7054 7055//7055 7056//7056
f 7057//7057 7058//7058 7059//7059
f 7060//7060 7061//7061 7062//7062
f 7063//7063 7064//7064 7065//7065
f 7066//7066 7067//7067 7068//7068
f 7069//7069 7070//7070 7071//7071
f 7072//7072 7073//7073 7074//7074
f 7075//7075 7076//7076 7077//7077
f 7078//7078 7079//7079 7080//7080
f 7081//7081 7082//7082 7083//7083
f 7084//7084 7085//7085 7086//7086
f 7087//7087 7088//7088 7089//7089
f 7090//7090 7091//7091 7092//7092
f 7093//7093 7094//7094 7095//7095
f 7096//7096 7097//7097 7098//7098
f 7099//7099 7100//7100 7101//7101
f 7102//7102 7103//7103 7104//7104
f 7105//7105 7106//7106 7107//7107
f 7108//7108 7109//7109 7110//7110
f 7111//7111 7112//7112 7113//7113
f 7114//7114 7115//7115 7116//7116
f 7117//7117 7118//7118 7119//7119
f 7120//7120 7121//7121 7122//7122
f 7123//7123 7124//7124 7125//7125
f 7126//7126 7127//7127 7128//7128
f 7129//7129 7130//7130 7131//7131
f 7132//7132 7133//7133 7134//7134
f 7135//7135 7136//7136 7137//7137
f 7138//7138 7139//7139 7140//7140
f 7141//7141 7142//7142 7143//7143
f 7144//7144 7145//7145 7146//7146
f 7147//7147 7148//7148 7149//7149
f 7150//7150 7151//7151 7152//7152
f 7153//7153 7154//7154 7155//7155
f 7156//7156 7157//7157 7158//7158
f 7159//7159 7160//7160 7161//7161
f 7162//7162 7163//7163 7164//7164
f 7165//7165 7166//7166 7167//7167
f 7168//7168 7169//7169 7170//7170
f 7171//7171 7172//7172 7173//7173
f 7174//7174 7175//7175 7176//7176
f 7177//7177 7178//7178 7179//7179
f 7180//7180 7181//7181 7182//7182
f 7183//7183 7184//7184 7185//7185
f 7186//7186 7187//7187 7188//7188
f 7189//7189 7190//7190 7191//7191
f 7192//7192 7193//7193 7194//7194
f 7195//7195 7196//7196 7197//7197
f 7198//7198 7199//7199 7200//7200
f 7201//7201 7202//7202 7203//7203
f 7204//7204 7205//7205 7206//7206
f 7207//7207 7208//7208 7209//7209
f 7210//7210 7211//7211 7212//7212
f 7213//7213 7214//7214 7215//7215
f 7216//7216 7217//7217 7218//7218
f 7219//7219 7220//7220 7221//7221
f 7222//7222 7223//7223 7224//7224
f 7225//7225 7226//7226 7227//7227
f 7228//7228 7229//7229 7230//7230
f 7231//7231 7232//7232 7233//7233
f 7234//7234 7235//7235 7236//7236
f 7237//7237 7238//7238 7239//7239
f 7240//7240 7241//7241 7242//7242
f 7243//7243 7244//7244 7245//7245
f 7246//7246 7247//7247 7248//7248
f 7249//7249 7250//7250 7251//7251
f 7252//7252 7253//7253 7254//7254
f 7255//7255 7256//7256 7257//7257
f 7258//7258 7259//7259 7260//7260
f 7261//7261 7262//7262 7263//7263
f 7264//7264 7265//7265 7266//7266
f 7267//7267 7268//7268 7269//7269
f 7270//7270 7271//7271 7272//7272
f 7273//7273 7274//7274 7275//7275
f 7276//7276 7277//7277 7278//7278
f 7279//7279 7280//7280 7281//7281
f 7282//7282 7283//7283 7284//7284
f 7285//7285 7286//7286 7287//7287
f 7288//7288 7289//7289 7290//7290
f 7291//7291 7292//7292 7293//7293
f 7294//7294 7295//7295 7296//7296
f 7297//7297 7298//7298 7299//7299
f 7300//7300 7301//7301 7302//7302
f 7303//7303 7304//7304 7305//7305
f 7306//7306 7307//7307 7308//7308
f 7309//7309 7310//7310 7311//7311
f 7312//7312 7313//7313 7314//7314
f 7315//7315 7316//7316 7317//7317
f 7318//7318 7319//7319 7320//7320
f 7321//7321 7322//7322 7323//7323
f 7324//7324 7325//7325 7326//7326
f 7327//7327 7328//7328 7329//7329
f 7330//7330 7331//7331 7332//7332
f 7333//7333 7334//7334 7335//7335
f 7336//7336 7337//7337 7338//7338
f 7339//7339 7340//7340 7341//7341
f 7342//7342 7343//7343 7344//7344
f 7345//7345 7346//7346 7347//7347
f 7348//7348 7349//7349 7350//7350
f 7351//7351 7352//7352 7353//7353
f 7354//7354 7355//7355 7356//7356
f 7357//7357 7358//7358 7359//7359
f 7360//7360 7361//7361 7362//7362
f 7363//7363 7364//7364 7365//7365
f 7366//7366 7367//7367 7368//7368
f 7369//7369 7370//7370 7371//7371
f 7372//7372 7373//7373 7374//7374
f 7375//7375 7376//7376 7377//7377
f 7378//7378 7379//7379 7380//7380
f 7381//7381 7382//7382 7383//7383
f 7384//7384 7385//7385 7386//7386
f 7387//7387 7388//7388 7389//7389
f 7390//7390 7391//7391 7392//7392
f 7393//7393 7394//7394 7395//7395
f 7396//7396 7397//7397 7398//7398
f 7399//7399 7400//7400 7401//7401
f 7402//7402 7403//7403 7404//7404
f 7405//7405 7406//7406 7407//7407
f 7408//7408 7409//7409 7410//7410
f 7411//7411 7412//7412 7413//7413
f 7414//7414 7415//7415 7416//7416
f 7417//7417 7418//7418 7419//7419
f 7420//7420 7421//7421 7422//7422
f 7423//7423 7424//7424 7425//7425
f 7426//7426 7427//7427 7428//7428
f 7429//7429 7430//7430 7431//7431
f 7432//7432 7433//7433 7434//7434
f 7435//7435 7436//7436 7437//7437
f 7438//7438 7439//7439 7440//7440
f 7441//7441 7442//7442 7443//7443
f 7444//7444 7445//7445 7446//7446
f 7447//7447 7448//7448 7449//7449
f 7450//7450 7451//7451 7452//7452
f 7453//7453 7454//7454 7455//7455
f 7456//7456 7457//7457 7458//7458
f 7459//7459 7460//7460 7461//7461
f 7462//7462 7463//7463 7464//7464
f 7465//7465 7466//7466 7467//7467
f 7468//7468 7469//7469 7470//7470
f 7471//7471 7472//7472 7473//7473
f 7474//7474 7475//7475 7476//7476
f 7477//7477 7478//7478 7479//7479
f 7480//7480 7481//7481 7482//7482
f 7483//7483 7484//7484 7485//7485
f 7486//7486 7487//7487 7488//7488
f 7489//7489 7490//7490 7491//7491
f 7492//7492 7493//7493 7494//7494
f 7495//7495 7496//7496 7497//7497
f 7498//7498 7499//7499 7500//7500
f 7501//7501 7502//7502 7503//7503
f 7504//7504 7505//7505 7506//7506
f 7507//7507 7508//7508 7509//7509
f 7510//7510 7511//7511 7512//7512
f 7513//7513 7514//7514 7515//7515
f 7516//7516 7517//7517 7518//7518
f 7519//7519 7520//7520 7521//7521
f 7522//7522 7523//7523 7524//7524
f 7525//7525 7526//7526 7527//7527
f 7528//7528 7529//7529 7530//7530
f 7531//7531 7532//7532 7533//7533
f 7534//7534 7535//7535 7536//7536
f 7537//7537 7538//7538 7539//7539
f 7540//7540 7541//7541 7542//7542
f 7543//7543 7544//7544 7545//7545
f 7546//7546 7547//7547 7548//7548
f 7549//7549 7550//7550 7551//7551
f 7552//7552 7553//7553 7554//7554
f 7555//7555 7556//7556 7557//7557
f 7558//7558 7559//7559 7560//7560
f 7561//7561 7562//7562 7563//7563
f 7564//7564 7565//7565 7566//7566
f 7567//7567 7568//7568 7569//7569
f 7570//7570 7571//7571 7572//7572
f 7573//7573 7574//7574 7575//7575
f 7576//7576 7577//7577 7578//7578
f 7579//7579 7580//7580 7581//7581
f 7582//7582 7583//7583 7584//7584
f 7585//7585 7586//7586 7587//7587
f 7588//7588 7589//7589 7590//7590
f 7591//7591 7592//7592 7593//7593
f 7594//7594 7595//7595 7596//7596
f 7597//7597 7598//7598 7599//7599
f 7600//7600 7601//7601 7602//7602
f 7603//7603 7604//7604 7605//7605
f 7606//7606 7607//7607 7608//7608
f 7609//7609 7610//7610 7611//7611
f 7612//7612 7613//7613 7614//7614
f 7615//7615 7616//7616 7617//7617
f 7618//7618 7619//7619 7620//7620
f 7621//7621 7622//7622 7623//7623
f 7624//7624 7625//7625 7626//7626
f 7627//7627 7628//7628 7629//7629
f 7630//7630 7631//7631 7632//7632
f 7633//7633 7634//7634 7635//7635
f 7636//7636 7637//7637 7638//7638
f 7639//7639 7640//7640 7641//7641
f 7642//7642 7643//7643 7644//7644
f 7645//7645 7646//7646 7647//7647
f 7648//7648 7649//7649 7650//7650
f 7651//7651 7652//7652 7653//7653
f 7654//7654 7655//7655 7656//7656
f 7657//7657 7658//7658 7659//7659
f 7660//7660 7661//7661 7662//7662
f 7663//7663 7664//7664 7665//7665
f 7666//7666 7667//7667 7668//7668
f 7669//7669 7670//7670 7671//7671
f 7672//7672 7673//7673 7674//7674
f 7675//7675 7676//7676 7677//7677
f 7678//7678 7679//7679 7680//7680
f 7681//7681 7682//7682 7683//7683
f 7684//7684 7685//7685 7686//7686
f 7687//7687 7688//7688 7689//7689
f 7690//7690 7691//7691 7692//7692
f 7693//7693 7694//7694 7695//7695
f 7696//7696 7697//7697 7698//7698
f 7699//7699 7700//7700 7701//7701
f 7702//7702 7703//7703 7704//7704
f 7705//7705 7706//7706 7707//7707
f 7708//7708 7709//7709 7710//7710
f 7711//7711 7712//7712 7713//7713
f 7714//7714 7715//7715 7716//7716
f 7717//7717 7718//7718 7719//7719
f 7720//7720 7721//7721 7722//7722
f 7723//7723 7724//7724 7725//7725
f 7726//7726 7727//7727 7728//7728
f 7729//7729 7730//7730 7731//7731
f 7732//7732 7733//7733 7734//7734
f 7735//7735 7736//7736 7737//7737
f 7738//7738 7739//7739 7740//7740
f 7741//7741 7742//7742 7743//7743
f 7744//7744 7745//7745 7746//7746
f 7747//7747 7748//7748 7749//7749
f 7750//7750 7751//7751 7752//7752
f 7753//7753 7754//7754 7755//7755
f 7756//7756 7757//7757 7758//7758
f 7759//7759 7760//7760 7761//7761
f 7762//7762 7763//7763 7764//7764
f 7765//7765 7766//7766 7767//7767
f 7768//7768 7769//7769 7770//7770
f 7771//7771 7772//7772 7773//7773
f 7774//7774 7775//7775 7776//7776
f 7777//7777 7778//7778 7779//7779
f 7780//7780 7781//7781 7782//7782
f 7783//7783 7784//7784 7785//7785
f 7786//7786 7787//7787 7788//7788
f 7789//7789 7790//7790 7791//7791
f 7792//7792 7793//7793 7794//7794
f 7795//7795 7796//7796 7797//7797
f 7798//7798 7799//7799 7800//7800
f 7801//7801 7802//7802 7803//7803
f 7804//7804 7805//7805 7806//7806
f 7807//7807 7808//7808 7809//7809
f 7810//7810 7811//7811 7812//7812
f 7813//7813 7814//7814 7815//7815
f 7816//7816 7817//7817 7818//7818
f 7819//7819 7820//7820 7821//7821
f 7822//7822 7823//7823 7824//7824
f 7825//7825 7826//7826 7827//7827
f 7828//7828 7829//7829 7830//7830
f 7831//7831 7832//7832 7833//7833
f 7834//7834 7835//7835 7836//7836
f 7837//7837 7838//7838 7839//7839
f 7840//7840 7841//7841 7842//7842
f 7843//7843 7844//7844 7845//7845
f 7846//7846 7847//7847 7848//7848
f 7849//7849 7850//7850 7851//7851
f 7852//7852 7853//7853 7854//7854
f 7855//7855 7856//7856 7857//7857
f 7858//7858 7859//7859 7860//7860
f 7861//7861 7862//7862 7863//7863
f 7864//7864 7865//7865 7866//7866
f 7867//7867 7868//7868 7869//7869
f 7870//7870 7871//7871 7872//7872
f 7873//7873 7874//7874 7875//7875
f 7876//7876 7877//7877 7878//7878
f 7879//7879 7880//7880 7881//7881
f 7882//7882 7883//7883 7884//7884
f 7885//7885 7886//7886 7887//7887
f 7888//7888 7889//7889 7890//7890
f 7891//7891 7892//7892 7893//7893
f 7894//7894 7895//7895 7896//7896
f 7897//7897 7898//7898 7899//7899
f 7900//7900 7901//7901 7902//7902
f 7903//7903 7904//7904 7905//7905
f 7906//7906 7907//7907 7908//7908
f 7909//7909 7910//7910 7911//7911
f 7912//7912 7913//7913 7914//7914
f 7915//7915 7916//7916 7917//7917
f 7918//7918 7919//7919 7920//7920
f 7921//7921 7922//7922 7923//7923
f 7924//7924 7925//7925 7926//7926
f 7927//7927 7928//7928 7929//7929
f 7930//7930 7931//7931 7932//7932
f 7933//7933 7934//7934 7935//7935
f 7936//7936 7937//7937 7938//7938
f 7939//7939 7940//7940 7941//7941
f 7942//7942 7943//7943 7944//7944
f 7945//7945 7946//7946 7947//7947
f 7948//7948 7949//7949 7950//7950
f 7951//7951 7952//7952 7953//7953
f 7954//7954 7955//7955 7956//7956
f 7957//7957 7958//7958 7959//7959
f 7960//7960 7961//7961 7962//7962
f 7963//7963 7964//7964 7965//7965
f 7966//7966 7967//7967 7968//7968
f 7969//7969 7970//7970 7971//7971
f 7972//7972 7973//7973 7974//7974
f 7975//7975 7976//7976 7977//7977
f 7978//7978 7979//7979 7980//7980
f 7981//7981 7982//7982 7983//7983
f 7984//7984 7985//7985 7986//7986
f 7987//7987 7988//7988 7989//7989
f 7990//7990 7991//7991 7992//7992
f 7993//7993 7994//7994 7995//7995
f 7996//7996 7997//7997 7998//7998
f 7999//7999 8000//8000 8001//8001
f 8002//8002 8003//8003 8004//8004
f 8005//8005 8006//8006 8007//8007
f 8008//8008 8009//8009 8010//8010
f 8011//8011 8012//8012 8013//8013
f 8014//8014 8015//8015 8016//8016
f 8017//8017 8018//8018 8019//8019
f 8020//8020 8021//8021 8022//8022
f 8023//8023 8024//8024 8025//8025
f 8026//8026 8027//8027 8028//8028
f 8029//8029 8030//8030 8031//8031
f 8032//8032 8033//8033 8034//8034
f 8035//8035 8036//8036 8037//8037
f 8038//8038 8039//8039 8040//8040
f 8041//8041 8042//8042 8043//8043
f 8044//8044 8045//8045 8046//8046
f 8047//8047 8048//8048 8049//8049
f 8050//8050 8051//8051 8052//8052
f 8053//8053 8054//8054 8055//8055
f 8056//8056 8057//8057 8058//8058
f 8059//8059 8060//8060 8061//8061
f 8062//8062 8063//8063 8064//8064
f 8065//8065 8066//8066 8067//8067
f 8068//8068 8069//8069 8070//8070
f 8071//8071 8072//8072 8073//8073
f 8074//8074 8075//8075 8076//8076
f 8077//8077 8078//8078 8079//8079
f 8080//8080 8081//8081 8082//8082
f 8083//8083 8084//8084 8085//8085
f 8086//8086 8087//8087 8088//8088
f 8089//8089 8090//8090 8091//8091
f 8092//8092 8093//8093 8094//8094
f 8095//8095 8096//8096 8097//8097
f 8098//8098 8099//8099 8100//8100
f 8101//8101 8102//8102 8103//8103
f 8104//8104 8105//8105 8106//8106
f 8107//8107 8108//8108 8109//8109
f 8110//8110 8111//8111 8112//8112
f 8113//8113 8114//8114 8115//8115
f 8116//8116 8117//8117 8118//8118
f 8119//8119 8120//8120 8121//8121
f 8122//8122 8123//8123 8124//8124
f 8125//8125 8126//8126 8127//8127
f 8128//8128 8129//8129 8130//8130
f 8131//8131 8132//8132 8133//8133
f 8134//8134 8135//8135 8136//8136
f 8137//8137 8138//8138 8139//8139
f 8140//8140 8141//8141 8142//8142
f 8143//8143 8144//8144 8145//8145
f 8146//8146 8147//8147 8148//8148
f 8149//8149 8150//8150 8151//8151
f 8152//8152 8153//8153 8154//8154
f 8155//8155 8156//8156 8157//8157
f 8158//8158 8159//8159 8160//8160
f 8161//8161 8162//8162 8163//8163
f 8164//8164 8165//8165 8166//8166
f 8167//8167 8168//8168 8169//8169
f 8170//8170 8171//8171 8172//8172
f 8173//8173 8174//8174 8175//8175
f 8176//8176 8177//8177 8178//8178
f 8179//8179 8180//8180 8181//8181
f 8182//8182 8183//8183 8184//8184
f 8185//8185 8186//8186 8187//8187
f 8188//8188 8189//8189 8190//8190
f 8191//8191 8192//8192 8193//8193
f 8194//8194 8195//8195 8196//8196
f 8197//8197 8198//8198 8199//8199
f 8200//8200 8201//8201 8202//8202
f 8203//8203 8204//8204 8205//8205
f 8206//8206 8207//8207 8208//8208
f 8209//8209 8210//8210 8211//8211
f 8212//8212 8213//8213 8214//8214
f 8215//8215 8216//8216 8217//8217
f 8218//8218 8219//8219 8220//8220
f 8221//8221 8222//8222 8223//8223
f 8224//8224 8225//8225 8226//8226
f 8227//8227 8228//8228 8229//8229
f 8230//8230 8231//8231 8232//8232
f 8233//8233 8234//8234 8235//8235
f 8236//8236 8237//8237 8238//8238
f 8239//8239 8240//8240 8241//8241
f 8242//8242 8243//8243 8244//8244
f 8245//8245 8246//8246 8247//8247
f 8248//8248 8249//8249 8250//8250
f 8251//8251 8252//8252 8253//8253
f 8254//8254 8255//8255 8256//8256
f 8257//8257 8258//8258 8259//8259
f 8260//8260 8261//8261 8262//8262
f 8263//8263 8264//8264 8265//8265
f 8266//8266 8267//8267 8268//8268
f 8269//8269 8270//8270 8271//8271
f 8272//8272 8273//8273 8274//8274
f 8275//8275 8276//8276 8277//8277
f 8278//8278 8279//8279 8280//8280
f 8281//8281 8282//8282 8283//8283
f 8284//8284 8285//8285 8286//8286
f 8287//8287 8288//8288 8289//8289
f 8290//8290 8291//8291 8292//8292
f 8293//8293 8294//8294 8295//8295
f 8296//8296 8297//8297 8298//8298
f 8299//8299 8300//8300 8301//8301
f 8302//8302 8303//8303 8304//8304
f 8305//8305 8306//8306 8307//8307
f 8308//8308 8309//8309 8310//8310
f 8311//8311 8312//8312 8313//8313
f 8314//8314 8315//8315 8316//8316
f 8317//8317 8318//8318 8319//8319
f 8320//8320 8321//8321 8322//8322
f 8323//8323 8324//8324 8325//8325
f 8326//8326 8327//8327 8328//8328
f 8329//8329 8330//8330 8331//8331
f 8332//8332 8333//8333 8334//8334
f 8335//8335 8336//8336 8337//8337
f 8338//8338 8339//8339 8340//8340
f 8341//8341 8342//8342 8343//8343
f 8344//8344 8345//8345 8346//8346
f 8347//8347 8348//8348 8349//8349
f 8350//8350 8351//8351 8352//8352
f 8353//8353 8354//8354 8355//8355
f 8356//8356 8357//8357 8358//8358
f 8359//8359 8360//8360 8361//8361
f 8362//8362 8363//8363 8364//8364
f 8365//8365 8366//8366 8367//8367
f 8368//8368 8369//8369 8370//8370
f 8371//8371 8372//8372 8373//8373
f 8374//8374 8375//8375 8376//8376
f 8377//8377 8378//8378 8379//8379
f 8380//8380 8381//8381 8382//8382
f 8383//8383 8384//8384 8385//8385
f 8386//8386 8387//8387 8388//8388
f 8389//8389 8390//8390 8391//8391
f 8392//8392 8393//8393 8394//8394
f 8395//8395 8396//8396 8397//8397
f 8398//8398 8399//8399 8400//8400
f 8401//8401 8402//8402 8403//8403
f 8404//8404 8405//8405 8406//8406
f 8407//8407 8408//8408 8409//8409
f 8410//8410 8411//8411 8412//8412
f 8413//8413 8414//8414 8415//8415
f 8416//8416 8417//8417 8418//8418
f 8419//8419 8420//8420 8421//8421
f 8422//8422 8423//8423 8424//8424
f 8425//8425 8426//8426 8427//8427
f 8428//8428 8429//8429 8430//8430
f 8431//8431 8432//8432 8433//8433
f 8434//8434 8435//8435 8436//8436
f 8437//8437 8438//8438 8439//8439
f 8440//8440 8441//8441 8442//8442
f 8443//8443 8444//8444 8445//8445
f 8446//8446 8447//8447 8448//8448
f 8449//8449 8450//8450 8451//8451
f 8452//8452 8453//8453 8454//8454
f 8455//8455 8456//8456 8457//8457
f 8458//8458 8459//8459 8460//8460
f 8461//8461 8462//8462 8463//8463
f 8464//8464 8465//8465 8466//8466
f 8467//8467 8468//8468 8469//8469
f 8470//8470 8471//8471 8472//8472
f 8473//8473 8474//8474 8475//8475
f 8476//8476 8477//8477 8478//8478
f 8479//8479 8480//8480 8481//8481
f 8482//8482 8483//8483 8484//8484
f 8485//8485 8486//8486 8487//8487
f 8488//8488 8489//8489 8490//8490
f 8491//8491 8492//8492 8493//8493
f 8494//8494 8495//8495 8496//8496
f 8497//8497 8498//8498 8499//8499
f 8500//8500 8501//8501 8502//8502
f 8503//8503 8504//8504 8505//8505
f 8506//8506 8507//8507 8508//8508
f 8509//8509 8510//8510 8511//8511
f 8512//8512 8513//8513 8514//8514
f 8515//8515 8516//8516 8517//8517
f 8518//8518 8519//8519 8520//8520
f 8521//8521 8522//8522 8523//8523
f 8524//8524 8525//8525 8526//8526
f 8527//8527 8528//8528 8529//8529
f 8530//8530 8531//8531 8532//8532
f 8533//8533 8534//8534 8535//8535
f 8536//8536 8537//8537 8538//8538
f 8539//8539 8540//8540 8541//8541
f 8542//8542 8543//8543 8544//8544
f 8545//8545 8546//8546 8547//8547
f 8548//8548 8549//8549 8550//8550
f 8551//8551 8552//8552 8553//8553
f 8554//8554 8555//8555 8556//8556
f 8557//8557 8558//8558 8559//8559
f 8560//8560 8561//8561 8562//8562
f 8563//8563 8564//8564 8565//8565
f 8566//8566 8567//8567 8568//8568
f 8569//8569 8570//8570 8571//8571
f 8572//8572 8573//8573 8574//8574
f 8575//8575 8576//8576 8577//8577
f 8578//8578 8579//8579 8580//8580
f 8581//8581 8582//8582 8583//8583
f 8584//8584 8585//8585 8586//8586
f 8587//8587 8588//8588 8589//8589
f 8590//8590 8591//8591 8592//8592
f 8593//8593 8594//8594 8595//8595
f 8596//8596 8597//8597 8598//8598
f 8599//8599 8600//8600 8601//8601
f 8602//8602 8603//8603 8604//8604
f 8605//8605 8606//8606 8607//8607
f 8608//8608 8609//8609 8610//8610
f 8611//8611 8612//8612 8613//8613
f 8614//8614 8615//8615 8616//8616
f 8617//8617 8618//8618 8619//8619
f 8620//8620 8621//8621 8622//8622
f 8623//8623 8624//8624 8625//8625
f 8626//8626 8627//8627 8628//8628
f 8629//8629 8630//8630 8631//8631
f 8632//8632 8633//8633 8634//8634
f 8635//8635 8636//8636 8637//8637
f 8638//8638 8639//8639 8640//8640
f 8641//8641 8642//8642 8643//8643
f 8644//8644 8645//8645 8646//8646
f 8647//8647 8648//8648 8649//8649
f 8650//8650 8651//8651 8652//8652
f 8653//8653 8654//8654 8655//8655
f 8656//8656 8657//8657 8658//8658
f 8659//8659 8660//8660 8661//8661
f 8662//8662 8663//8663 8664//8664
f 8665//8665 8666//8666 8667//8667
f 8668//8668 8669//8669 8670//8670
f 8671//8671 8672//8672 8673//8673
f 8674//8674 8675//8675 8676//8676
f 8677//8677 8678//8678 8679//8679
f 8680//8680 8681//8681 8682//8682
f 8683//8683 8684//8684 8685//8685
f 8686//8686 8687//8687 8688//8688
f 8689//8689 8690//8690 8691//8691
f 8692//8692 8693//8693 8694//8694
f 8695//8695 8696//8696 8697//8697
f 8698//8698 8699//8699 8700//8700
f 8701//8701 8702//8702 8703//8703
f 8704//8704 8705//8705 8706//8706
f 8707//8707 8708//8708 8709//8709
f 8710//8710 8711//8711 8712//8712
f 8713//8713 8714//8714 8715//8715
f 8716//8716 8717//8717 8718//8718
f 8719//8719 8720//8720 8721//8721
f 8722//8722 8723//8723 8724//8724
f 8725//8725 8726//8726 8727//8727
f 8728//8728 8729//8729 8730//8730
f 8731//8731 8732//8732 8733//8733
f 8734//8734 8735//8735 8736//8736
f 8737//8737 8738//8738 8739//8739
f 8740//8740 8741//8741 8742//8742
f 8743//8743 8744//8744 8745//8745
f 8746//8746 8747//8747 8748//8748
f 8749//8749 8750//8750 8751//8751
f 8752//8752 8753//8753 8754//8754
f 8755//8755 8756//8756 8757//8757
f 8758//8758 8759//8759 8760//8760
f 8761//8761 8762//8762 8763//8763
f 8764//8764 8765//8765 8766//8766
f 8767//8767 8768//8768 8769//8769
f 8770//8770 8771//8771 8772//8772
f 8773//8773 8774//8774 8775//8775
f 8776//8776 8777//8777 8778//8778
f 8779//8779 8780//8780 8781//8781
f 8782//8782 8783//8783 8784//8784
f 8785//8785 8786//8786 8787//8787
f 8788//8788 8789//8789 8790//8790
f 8791//8791 8792//8792 8793//8793
f 8794//8794 8795//8795 8796//8796
f 8797//8797 8798//8798 8799//8799
f 8800//8800 8801//8801 8802//8802
f 8803//8803 8804//8804 8805//8805
f 8806//8806 8807//8807 8808//8808
f 8809//8809 8810//8810 8811//8811
f 8812//8812 8813//8813 8814//8814
f 8815//8815 8816//8816 8817//8817
f 8818//8818 8819//8819 8820//8820
f 8821//8821 8822//8822 8823//8823
f 8824//8824 8825//8825 8826//8826
f 8827//8827 8828//8828 8829//8829
f 8830//8830 8831//8831 8832//8832
f 8833//8833 8834//8834 8835//8835
f 8836//8836 8837//8837 8838//8838
f 8839//8839 8840//8840 8841//8841
f 8842//8842 8843//8843 8844//8844
f 8845//8845 8846//8846 8847//8847
f 8848//8848 8849//8849 8850//8850
f 8851//8851 8852//8852 8853//8853
f 8854//8854 8855//8855 8856//8856
f 8857//8857 8858//8858 8859//8859
f 8860//8860 8861//8861 8862//8862
f 8863//8863 8864//8864 8865//8865
f 8866//8866 8867//8867 8868//8868
f 8869//8869 8870//8870 8871//8871
f 8872//8872 8873//8873 8874//8874
f 8875//8875 8876//8876 8877//8877
f 8878//8878 8879//8879 8880//8880
f 8881//8881 8882//8882 8883//8883
f 8884//8884 8885//8885 8886//8886
f 8887//8887 8888//8888 8889//8889
f 8890//8890 8891//8891 8892//8892
f 8893//8893 8894//8894 8895//8895
f 8896//8896 8897//8897 8898//8898
f 8899//8899 8900//8900 8901//8901
f 8902//8902 8903//8903 8904//8904
f 8905//8905 8906//8906 8907//8907
f 8908//8908 8909//8909 8910//8910
f 8911//8911 8912//8912 8913//8913
f 8914//8914 8915//8915 8916//8916
f 8917//8917 8918//8918 8919//8919
f 8920//8920 8921//8921 8922//8922
f 8923//8923 8924//8924 8925//8925
f 8926//8926 8927//8927 8928//8928
f 8929//8929 8930//8930 8931//8931
f 8932//8932 8933//8933 8934//8934
f 8935//8935 8936//8936 8937//8937
f 8938//8938 8939//8939 8940//8940
f 8941//8941 8942//8942 8943//8943
f 8944//8944 8945//8945 8946//8946
f 8947//8947 8948//8948 8949//8949
f 8950//8950 8951//8951 8952//8952
f 8953//8953 8954//8954 8955//8955
f 8956//8956 8957//8957 8958//8958
f 8959//8959 8960//8960 8961//8961
f 8962//8962 8963//8963 8964//8964
f 8965//8965 8966//8966 8967//8967
f 8968//8968 8969//8969 8970//8970
f 8971//8971 8972//8972 8973//8973
f 8974//8974 8975//8975 8976//8976
f 8977//8977 8978//8978 8979//8979
f 8980//8980 8981//8981 8982//8982
f 8983//8983 8984//8984 8985//8985
f 8986//8986 8987//8987 8988//8988
f 8989//8989 8990//8990 8991//8991
f 8992//8992 8993//8993 8994//8994
f 8995//8995 8996//8996 8997//8997
f 8998//8998 8999//8999 9000//9000
f 9001//9001 9002//9002 9003//9003
f 9004//9004 9005//9005 9006//9006
f 9007//9007 9008//9008 9009//9009
f 9010//9010 9011//9011 9012//9012
f 9013//9013 9014//9014 9015//9015
f 9016//9016 9017//9017 9018//9018
f 9019//9019 9020//9020 9021//9021
f 9022//9022 9023//9023 9024//9024
f 9025//9025 9026//9026 9027//9027
f 9028//9028 9029//9029 9030//9030
f 9031//9031 9032//9032 9033//9033
f 9034//9034 9035//9035 9036//9036
f 9037//9037 9038//9038 9039//9039
f 9040//9040 9041//9041 9042//9042
f 9043//9043 9044//9044 9045//9045
f 9046//9046 9047//9047 9048//9048
f 9049//9049 9050//9050 9051//9051
f 9052//9052 9053//9053 9054//9054
f 9055//9055 9056//9056 9057//9057
f 9058//9058 9059//9059 9060//9060
f 9061//9061 9062//9062 9063//9063
f 9064//9064 9065//9065 9066//9066
f 9067//9067 9068//9068 9069//9069
f 9070//9070 9071//9071 9072//9072
f 9073//9073 9074//9074 9075//9075
f 9076//9076 9077//9077 9078//9078
f 9079//9079 9080//9080 9081//9081
f 9082//9082 9083//9083 9084//9084
f 9085//9085 9086//9086 9087//9087
f 9088//9088 9089//9089 9090//9090
f 9091//9091 9092//9092 9093//9093
f 9094//9094 9095//9095 9096//9096
f 9097//9097 9098//9098 9099//9099
f 9100//9100 9101//9101 9102//9102
f 9103//9103 9104//9104 9105//9105
f 9106//9106 9107//9107 9108//9108
f 9109//9109 9110//9110 9111//9111
f 9112//9112 9113//9113 9114//9114
f 9115//9115 9116//9116 9117//9117
f 9118//9118 9119//9119 9120//9120
f 9121//9121 9122//9122 9123//9123
f 9124//9124 9125//9125 9126//9126
f 9127//9127 9128//9128 9129//9129
f 9130//9130 9131//9131 9132//9132
f 9133//9133 9134//9134 9135//9135
f 9136//9136 9137//9137 9138//9138
f 9139//9139 9140//9140 9141//9141
f 9142//9142 9143//9143 9144//9144
f 9145//9145 9146//9146 9147//9147
f 9148//9148 9149//9149 9150//9150
f 9151//9151 9152//9152 9153//9153
f 9154//9154 9155//9155 9156//9156
f 9157//9157 9158//9158 9159//9159
f 9160//9160 9161//9161 9162//9162
f 9163//9163 9164//9164 9165//9165
f 9166//9166 9167//9167 9168//9168
f 9169//9169 9170//9170 9171//9171
f 9172//9172 9173//9173 9174//9174
f 9175//9175 9176//9176 9177//9177
f 9178//9178 9179//9179 9180//9180
f 9181//9181 9182//9182 9183//9183
f 9184//9184 9185//9185 9186//9186
f 9187//9187 9188//9188 9189//9189
f 9190//9190 9191//9191 9192//9192
f 9193//9193 9194//9194 9195//9195
f 9196//9196 9197//9197 9198//9198
f 9199//9199 9200//9200 9201//9201
f 9202//9202 9203//9203 9204//9204
f 9205//9205 9206//9206 9207//9207
f 9208//9208 9209//9209 9210//9210
f 9211//9211 9212//9212 9213//9213
f 9214//9214 9215//9215 9216//9216
f 9217//9217 9218//9218 9219//9219
f 9220//9220 9221//9221 9222//9222
f 9223//9223 9224//9224 9225//9225
f 9226//9226 9227//9227 9228//9228
f 9229//9229 9230//9230 9231//9231
f 9232//9232 9233//9233 9234//9234
f 9235//9235 9236//9236 9237//9237
f 9238//9238 9239//9239 9240//9240
f 9241//9241 9242//9242 9243//9243
f 9244//9244 9245//9245 9246//9246
f 9247//9247 9248//9248 9249//9249
f 9250//9250 9251//9251 9252//9252
f 9253//9253 9254//9254 9255//9255
f 9256//9256 9257//9257 9258//9258
f 9259//9259 9260//9260 9261//9261
f 9262//9262 9263//9263 9264//9264
f 9265//9265 9266//9266 9267//9267
f 9268//9268 9269//9269 9270//9270
f 9271//9271 9272//9272 9273//9273
f 9274//9274 9275//9275 9276//9276
f 9277//9277 9278//9278 9279//9279
f 9280//9280 9281//9281 9282//9282
f 9283//9283 9284//9284 9285//9285
f 9286//9286 9287//9287 9288//9288
f 9289//9289 9290//9290 9291//9291
f 9292//9292 9293//9293 9294//9294
f 9295//9295 9296//9296 9297//9297
f 9298//9298 9299//9299 9300//9300
f 9301//9301 9302//9302 9303//9303
f 9304//9304 9305//9305 9306//9306
f 9307//9307 9308//9308 9309//9309
f 9310//9310 9311//9311 9312//9312
f 9313//9313 9314//9314 9315//9315
f 9316//9316 9317//9317 9318//9318
f 9319//9319 9320//9320 9321//9321
f 9322//9322 9323//9323 9324//9324
f 9325//9325 9326//9326 9327//9327
f 9328//9328 9329//9329 9330//9330
f 9331//9331 9332//9332 9333//9333
f 9334//9334 9335//9335 9336//9336
f 9337//9337 9338//9338 9339//9339
f 9340//9340 9341//9341 9342//9342
f 9343//9343 9344//9344 9345//9345
f 9346//9346 9347//9347 9348//9348
f 9349//9349 9350//9350 9351//9351
f 9352//9352 9353//9353 9354//9354
f 9355//9355 9356//9356 9357//9357
f 9358//9358 9359//9359 9360//9360
f 9361//9361 9362//9362 9363//9363
f 9364//9364 9365//9365 9366//9366
f 9367//9367 9368//9368 9369//9369
f 9370//9370 9371//9371 9372//9372
f 9373//9373 9374//9374 9375//9375
f 9376//9376 9377//9377 9378//9378
f 9379//9379 9380//9380 9381//9381
f 9382//9382 9383//9383 9384//9384
f 9385//9385 9386//9386 9387//9387
f 9388//9388 9389//9389 9390//9390
f 9391//9391 9392//9392 9393//9393
f 9394//9394 9395//9395 9396//9396
f 9397//9397 9398//9398 9399//9399
f 9400//9400 9401//9401 9402//9402
f 9403//9403 9404//9404 9405//9405
f 9406//9406 9407//9407 9408//9408
f 9409//9409 9410//9410 9411//9411
f 9412//9412 9413//9413 9414//9414
f 9415//9415 9416//9416 9417//9417
f 9418//9418 9419//9419 9420//9420
f 9421//9421 9422//9422 9423//9423
f 9424//9424 9425//9425 9426//9426
f 9427//9427 9428//9428 9429//9429
f 9430//9430 9431//9431 9432//9432
f 9433//9433 9434//9434 9435//9435
f 9436//9436 9437//9437 9438//9438
f 9439//9439 9440//9440 9441//9441
f 9442//9442 9443//9443 9444//9444
f 9445//9445 9446//9446 9447//9447
f 9448//9448 9449//9449 9450//9450
f 9451//9451 9452//9452 9453//9453
f 9454//9454 9455//9455 9456//9456
f 9457//9457 9458//9458 9459//9459
f 9460//9460 9461//9461 9462//9462
f 9463//9463 9464//9464 9465//9465
f 9466//9466 9467//9467 9468//9468
f 9469//9469 9470//9470 9471//9471
f 9472//9472 9473//9473 9474//9474
f 9475//9475 9476//9476 9477//9477
f 9478//9478 9479//9479 9480//9480
f 9481//9481 9482//9482 9483//9483
f 9484//9484 9485//9485 9486//9486
f 9487//9487 9488//9488 9489//9489
f 9490//9490 9491//9491 9492//9492
f 9493//9493 9494//9494 9495//9495
f 9496//9496 9497//9497 9498//9498
f 9499//9499 9500//9500 9501//9501
f 9502//9502 9503//9503 9504//9504
f 9505//9505 9506//9506 9507//9507
f 9508//9508 9509//9509 9510//9510
f 9511//9511 9512//9512 9513//9513
f 9514//9514 9515//9515 9516//9516
f 9517//9517 9518//9518 9519//9519
f 9520//9520 9521//9521 9522//9522
f 9523//9523 9524//9524 9525//9525
f 9526//9526 9527//9527 9528//9528
f 9529//9529 9530//9530 9531//9531
f 9532//9532 9533//9533 9534//9534
f 9535//9535 9536//9536 9537//9537
f 9538//9538 9539//9539 9540//9540
f 9541//9541 9542//9542 9543//9543
f 9544//9544 9545//9545 9546//9546
f 9547//9547 9548//9548 9549//9549
f 9550//9550 9551//9551 9552//9552
f 9553//9553 9554//9554 9555//9555
f 9556//9556 9557//9557 9558//9558
f 9559//9559 9560//9560 9561//9561
f 9562//9562 9563//9563 9564//9564
f 9565//9565 9566//9566 9567//9567
f 9568//9568 9569//9569 9570//9570
f 9571//9571 9572//9572 9573//9573
f 9574//9574 9575//9575 9576//9576
f 9577//9577 9578//9578 9579//9579
f 9580//9580 9581//9581 9582//9582
f 9583//9583 9584//9584 9585//9585
f 9586//9586 9587//9587 9588//9588
f 9589//9589 9590//9590 9591//9591
f 9592//9592 9593//9593 9594//9594
f 9595//9595 9596//9596 9597//9597
f 9598//9598 9599//9599 9600//9600
f 9601//9601 9602//9602 9603//9603
f 9604//9604 9605//9605 9606//9606
f 9607//9607 9608//9608 9609//9609
f 9610//9610 9611//9611 9612//9612
f 9613//9613 9614//9614 9615//9615
f 9616//9616 9617//9617 9618//9618
f 9619//9619 9620//9620 9621//9621
f 9622//9622 9623//9623 9624//9624
f 9625//9625 9626//9626 9627//9627
f 9628//9628 9629//9629 9630//9630
f 9631//9631 9632//9632 9633//9633
f 9634//9634 9635//9635 9636//9636
f 9637//9637 9638//9638 9639//9639
f 9640//9640 9641//9641 9642//9642
f 9643//9643 9644//9644 9645//9645
f 9646//9646 9647//9647 9648//9648
f 9649//9649 9650//9650 9651//9651
f 9652//9652 9653//9653 9654//9654
f 9655//9655 9656//9656 9657//9657
f 9658//9658 9659//9659 9660//9660
f 9661//9661 9662//9662 9663//9663
f 9664//9664 9665//9665 9666//9666
f 9667//9667 9668//9668 9669//9669
f 9670//9670 9671//9671 9672//9672
f 9673//9673 9674//9674 9675//9675
f 9676//9676 9677//9677 9678//9678
f 9679//9679 9680//9680 9681//9681
f 9682//9682 9683//9683 9684//9684
f 9685//9685 9686//9686 9687//9687
f 9688//9688 9689//9689 9690//9690
f 9691//9691 9692//9692 9693//9693
f 9694//9694 9695//9695 9696//9696
f 9697//9697 9698//9698 9699//9699
f 9700//9700 9701//9701 9702//9702
f 9703//9703 9704//9704 9705//9705
f 9706//9706 9707//9707 9708//9708
f 9709//9709 9710//9710 9711//9711
f 9712//9712 9713//9713 9714//9714
f 9715//9715 9716//9716 9717//9717
f 9718//9718 9719//9719 9720//9720
f 9721//9721 9722//9722 9723//9723
f 9724//9724 9725//9725 9726//9726
f 9727//9727 9728//9728 9729//9729
f 9730//9730 9731//9731 9732//9732
f 9733//9733 9734//9734 9735//9735
f 9736//9736 9737//9737 9738//9738
f 9739//9739 9740//9740 9741//9741
f 9742//9742 9743//9743 9744//9744
f 9745//9745 9746//9746 9747//9747
f 9748//9748 9749//9749 9750//9750
f 9751//9751 9752//9752 9753//9753
f 9754//9754 9755//9755 9756//9756
f 9757//9757 9758//9758 9759//9759
f 9760//9760 9761//9761 9762//9762
f 9763//9763 9764//9764 9765//9765
f 9766//9766 9767//9767 9768//9768
f 9769//9769 9770//9770 9771//9771
f 9772//9772 9773//9773 9774//9774
f 9775//9775 9776//9776 9777//9777
f 9778//9778 9779//9779 9780//9780
f 9781//9781 9782//9782 9783//9783
f 9784//9784 9785//9785 9786//9786
f 9787//9787 9788//9788 9789//9789
f 9790//9790 9791//9791 9792//9792
f 9793//9793 9794//9794 9795//9795
f 9796//9796 9797//9797 9798//9798
f 9799//9799 9800//9800 9801//9801
f 9802//9802 9803//9803 9804//9804
f 9805//9805 9806//9806 9807//9807
f 9808//9808 9809//9809 9810//9810
f 9811//9811 9812//9812 9813//9813
f 9814//9814 9815//9815 9816//9816
f 9817//9817 9818//9818 9819//9819
f 9820//9820 9821//9821 9822//9822
f 9823//9823 9824//9824 9825//9825
f 9826//9826 9827//9827 9828//9828
f 9829//9829 9830//9830 9831//9831
f 9832//9832 9833//9833 9834//9834
f 9835//9835 9836//9836 9837//9837
f 9838//9838 9839//9839 9840//9840
f 9841//9841 9842//9842 9843//9843
f 9844//9844 9845//9845 9846//9846
f 9847//9847 9848//9848 9849//9849
f 9850//9850 9851//9851 9852//9852
f 9853//9853 9854//9854 9855//9855
f 9856//9856 9857//9857 9858//9858
f 9859//9859 9860//9860 9861//9861
f 9862//9862 9863//9863 9864//9864
f 9865//9865 9866//9866 9867//9867
f 9868//9868 9869//9869 9870//9870
f 9871//9871 9872//9872 9873//9873
f 9874//9874 9875//9875 9876//9876
f 9877//9877 9878//9878 9879//9879
f 9880//9880 9881//9881 9882//9882
f 9883//9883 9884//9884 9885//9885
f 9886//9886 9887//9887 9888//9888
f 9889//9889 9890//9890 9891//9891
f 9892//9892 9893//9893 9894//9894
f 9895//9895 9896//9896 9897//9897
f 9898//9898 9899//9899 9900//9900
f 9901//9901 9902//9902 9903//9903
f 9904//9904 9905//9905 9906//9906
f 9907//9907 9908//9908 9909//9909
f 9910//9910 9911//9911 9912//9912
f 9913//9913 9914//9914 9915//9915
f 9916//9916 9917//9917 9918//9918
f 9919//9919 9920//9920 9921//9921
f 9922//9922 9923//9923 9924//9924
f 9925//9925 9926//9926 9927//9927
f 9928//9928 9929//9929 9930//9930
f 9931//9931 9932//9932 9933//9933
f 9934//9934 9935//9935 9936//9936
f 9937//9937 9938//9938 9939//9939
f 9940//9940 9941//9941 9942//9942
f 9943//9943 9944//9944 9945//9945
f 9946//9946 9947//9947 9948//9948
f 9949//9949 9950//9950 9951//9951
f 9952//9952 9953//9953 9954//9954
f 9955//9955 9956//9956 9957//9957
f 9958//9958 9959//9959 9960//9960
f 9961//9961 9962//9962 9963//9963
f 9964//9964 9965//9965 9966//9966
f 9967//9967 9968//9968 9969//9969
f 9970//9970 9971//9971 9972//9972
f 9973//9973 9974//9974 9975//9975
f 9976//9976 9977//9977 9978//9978
f 9979//9979 9980//9980 9981//9981
f 9982//9982 9983//9983 9984//9984
f 9985//9985 9986//9986 9987//9987
f 9988//9988 9989//9989 9990//9990
f 9991//9991 9992//9992 9993//9993
f 9994//9994 9995//9995 9996//9996
f 9997//9997 9998//9998 9999//9999
f 10000//10000 10001//10001 10002//10002
f 10003//10003 10004//10004 10005//10005
f 10006//10006 10007//10007 10008//10008
f 10009//10009 10010//10010 10011//10011
f 10012//10012 10013//10013 10014//10014
f 10015//10015 10016//10016 10017//10017
f 10018//10018 10019//10019 10020//10020
f 10021//10021 10022//10022 10023//10023
f 10024//10024 10025//10025 10026//10026
f 10027//10027 10028//10028 10029//10029
f 10030//10030 10031//10031 10032//10032
f 10033//10033 10034//10034 10035//10035
f 10036//10036 10037//10037 10038//10038
f 10039//10039 10040//10040 10041//10041
f 10042//10042 10043//10043 10044//10044
f 10045//10045 10046//10046 10047//10047
f 10048//10048 10049//10049 10050//10050
f 10051//10051 10052//10052 10053//10053
f 10054//10054 10055//10055 10056//10056
f 10057//10057 10058//10058 10059//10059
f 10060//10060 10061//10061 10062//10062
f 10063//10063 10064//10064 10065//10065
f 10066//10066 10067//10067 10068//10068
f 10069//10069 10070//10070 10071//10071
f 10072//10072 10073//10073 10074//10074
f 10075//10075 10076//10076 10077//10077
f 10078//10078 10079//10079 10080//10080
f 10081//10081 10082//10082 10083//10083
f 10084//10084 10085//10085 10086//10086
f 10087//10087 10088//10088 10089//10089
f 10090//10090 10091//10091 10092//10092
f 10093//10093 10094//10094 10095//10095
f 10096//10096 10097//10097 10098//10098
f 10099//10099 10100//10100 10101//10101
f 10102//10102 10103//10103 10104//10104
f 10105//10105 10106//10106 10107//10107
f 10108//10108 10109//10109 10110//10110
f 10111//10111 10112//10112 10113//10113
f 10114//10114 10115//10115 10116//10116
f 10117//10117 10118//10118 10119//10119
f 10120//10120 10121//10121 10122//10122
f 10123//10123 10124//10124 10125//10125
f 10126//10126 10127//10127 10128//10128
f 10129//10129 10130//10130 10131//10131
f 10132//10132 10133//10133 10134//10134
f 10135//10135 10136//10136 10137//10137
f 10138//10138 10139//10139 10140//10140
f 10141//10141 10142//10142 10143//10143
f 10144//10144 10145//10145 10146//10146
f 10147//10147 10148//10148 10149//10149
f 10150//10150 10151//10151 10152//10152
f 10153//10153 10154//10154 10155//10155
f 10156//10156 10157//10157 10158//10158
f 10159//10159 10160//10160 10161//10161
f 10162//10162 10163//10163 10164//10164
f 10165//10165 10166//10166 10167//10167
f 10168//10168 10169//10169 10170//10170
f 10171//10171 10172//10172 10173//10173
f 10174//10174 10175//10175 10176//10176
f 10177//10177 10178//10178 10179//10179
f 10180//10180 10181//10181 10182//10182
f 10183//10183 10184//10184 10185//10185
f 10186//10186 10187//10187 10188//10188
f 10189//10189 10190//10190 10191//10191
f 10192//10192 10193//10193 10194//10194
f 10195//10195 10196//10196 10197//10197
f 10198//10198 10199//10199 10200//10200
f 10201//10201 10202//10202 10203//10203
f 10204//10204 10205//10205 10206//10206
f 10207//10207 10208//10208 10209//10209
f 10210//10210 10211//10211 10212//10212
f 10213//10213 10214//10214 10215//10215
f 10216//10216 10217//10217 10218//10218
f 10219//10219 10220//10220 10221//10221
f 10222//10222 10223//10223 10224//10224
f 10225//10225 10226//10226 10227//10227
f 10228//10228 10229//10229 10230//10230
f 10231//10231 10232//10232 10233//10233
f 10234//10234 10235//10235 10236//10236
f 10237//10237 10238//10238 10239//10239
f 10240//10240 10241//10241 10242//10242
f 10243//10243 10244//10244 10245//10245
f 10246//10246 10247//10247 10248//10248
f 10249//10249 10250//10250 10251//10251
f 10252//10252 10253//10253 10254//10254
f 10255//10255 10256//10256 10257//10257
f 10258//10258 10259//10259 10260//10260
f 10261//10261 10262//10262 10263//10263
f 10264//10264 10265//10265 10266//10266
f 10267//10267 10268//10268 10269//10269
f 10270//10270 10271//10271 10272//10272
f 10273//10273 10274//10274 10275//10275
f 10276//10276 10277//10277 10278//10278
f 10279//10279 10280//10280 10281//10281
f 10282//10282 10283//10283 10284//10284
f 10285//10285 10286//10286 10287//10287
f 10288//10288 10289//10289 10290//10290
f 10291//10291 10292//10292 10293//10293
f 10294//10294 10295//10295 10296//10296
f 10297//10297 10298//10298 10299//10299
f 10300//10300 10301//10301 10302//10302
f 10303//10303 10304//10304 10305//10305
f 10306//10306 10307//10307 10308//10308
f 10309//10309 10310//10310 10311//10311
f 10312//10312 10313//10313 10314//10314
f 10315//10315 10316//10316 10317//10317
f 10318//10318 10319//10319 10320//10320
f 10321//10321 10322//10322 10323//10323
f 10324//10324 10325//10325 10326//10326
f 10327//10327 10328//10328 10329//10329
f 10330//10330 10331//10331 10332//10332
f 10333//10333 10334//10334 10335//10335
f 10336//10336 10337//10337 10338//10338
f 10339//10339 10340//10340 10341//10341
f 10342//10342 10343//10343 10344//10344
f 10345//10345 10346//10346 10347//10347
f 10348//10348 10349//10349 10350//10350
f 10351//10351 10352//10352 10353//10353
f 10354//10354 10355//10355 10356//10356
f 10357//10357 10358//10358 10359//10359
f 10360//10360 10361//10361 10362//10362
f 10363//10363 10364//10364 10365//10365
f 10366//10366 10367//10367 10368//10368
f 10369//10369 10370//10370 10371//10371
f 10372//10372 10373//10373 10374//10374
f 10375//10375 10376//10376 10377//10377
f 10378//10378 10379//10379 10380//10380
f 10381//10381 10382//10382 10383//10383
f 10384//10384 10385//10385 10386//10386
f 10387//10387 10388//10388 10389//10389
f 10390//10390 10391//10391 10392//10392
f 10393//10393 10394//10394 10395//10395
f 10396//10396 10397//10397 10398//10398
f 10399//10399 10400//10400 10401//10401
f 10402//10402 10403//10403 10404//10404
f 10405//10405 10406//10406 10407//10407
f 10408//10408 10409//10409 10410//10410
f 10411//10411 10412//10412 10413//10413
f 10414//10414 10415//10415 10416//10416
f 10417//10417 10418//10418 10419//10419
f 10420//10420 10421//10421 10422//10422
f 10423//10423 10424//10424 10425//10425
f 10426//10426 10427//10427 10428//10428
f 10429//10429 10430//10430 10431//10431
f 10432//10432 10433//10433 10434//10434
f 10435//10435 10436//10436 10437//10437
f 10438//10438 10439//10439 10440//10440
f 10441//10441 10442//10442 10443//10443
f 10444//10444 10445//10445 10446//10446
f 10447//10447 10448//10448 10449//10449
f 10450//10450 10451//10451 10452//10452
f 10453//10453 10454//10454 10455//10455
f 10456//10456 10457//10457 10458//10458
f 10459//10459 10460//10460 10461//10461
f 10462//10462 10463//10463 10464//10464
f 10465//10465 10466//10466 10467//10467
f 10468//10468 10469//10469 10470//10470
f 10471//10471 10472//10472 10473//10473
f 10474//10474 10475//10475 10476//10476
f 10477//10477 10478//10478 10479//10479
f 10480//10480 10481//10481 10482//10482
f 10483//10483 10484//10484 10485//10485
f 10486//10486 10487//10487 10488//10488
f 10489//10489 10490//10490 10491//10491
f 10492//10492 10493//10493 10494//10494
f 10495//10495 10496//10496 10497//10497
f 10498//10498 10499//10499 10500//10500
f 10501//10501 10502//10502 10503//10503
f 10504//10504 10505//10505 10506//10506
f 10507//10507 10508//10508 10509//10509
f 10510//10510 10511//10511 10512//10512
f 10513//10513 10514//10514 10515//10515
f 10516//10516 10517//10517 10518//10518
f 10519//10519 10520//10520 10521//10521
f 10522//10522 10523//10523 10524//10524
f 10525//10525 10526//10526 10527//10527
f 10528//10528 10529//10529 10530//10530
f 10531//10531 10532//10532 10533//10533
f 10534//10534 10535//10535 10536//10536
f 10537//10537 10538//10538 10539//10539
f 10540//10540 10541//10541 10542//10542
f 10543//10543 10544//10544 10545//10545
f 10546//10546 10547//10547 10548//10548
f 10549//10549 10550//10550 10551//10551
f 10552//10552 10553//10553 10554//10554
f 10555//10555 10556//10556 10557//10557
f 10558//10558 10559//10559 10560//10560
f 10561//10561 10562//10562 10563//10563
f 10564//10564 10565//10565 10566//10566
f 10567//10567 10568//10568 10569//10569
f 10570//10570 10571//10571 10572//10572
f 10573//10573 10574//10574 10575//10575
f 10576//10576 10577//10577 10578//10578
f 10579//10579 10580//10580 10581//10581
f 10582//10582 10583//10583 10584//10584
f 10585//10585 10586//10586 10587//10587
f 10588//10588 10589//10589 10590//10590
f 10591//10591 10592//10592 10593//10593
f 10594//10594 10595//10595 10596//10596
f 10597//10597 10598//10598 10599//10599
f 10600//10600 10601//10601 10602//10602
f 10603//10603 10604//10604 10605//10605
f 10606//10606 10607//10607 10608//10608
f 10609//10609 10610//10610 10611//10611
f 10612//10612 10613//10613 10614//10614
f 10615//10615 10616//10616 10617//10617
f 10618//10618 10619//10619 10620//10620
f 10621//10621 10622//10622 10623//10623
f 10624//10624 10625//10625 10626//10626
f 10627//10627 10628//10628 10629//10629
f 10630//10630 10631//10631 10632//10632
f 10633//10633 10634//10634 10635//10635
f 10636//10636 10637//10637 10638//10638
f 10639//10639 10640//10640 10641//10641
f 10642//10642 10643//10643 10644//10644
f 10645//10645 10646//10646 10647//10647
f 10648//10648 10649//10649 10650//10650
f 10651//10651 10652//10652 10653//10653
f 10654//10654 10655//10655 10656//10656
f 10657//10657 10658//10658 10659//10659
f 10660//10660 10661//10661 10662//10662
f 10663//10663 10664//10664 10665//10665
f 10666//10666 10667//10667 10668//10668
f 10669//10669 10670//10670 10671//10671
f 10672//10672 10673//10673 10674//10674
f 10675//10675 10676//10676 10677//10677
f 10678//10678 10679//10679 10680//10680
f 10681//10681 10682//10682 10683//10683
f 10684//10684 10685//10685 10686//10686
f 10687//10687 10688//10688 10689//10689
f 10690//10690 10691//10691 10692//10692
f 10693//10693 10694//10694 10695//10695
f 10696//10696 10697//10697 10698//10698
f 10699//10699 10700//10700 10701//10701
f 10702//10702 10703//10703 10704//10704
f 10705//10705 10706//10706 10707//10707
f 10708//10708 10709//10709 10710//10710
f 10711//10711 10712//10712 10713//10713
f 10714//10714 10715//10715 10716//10716
f 10717//10717 10718//10718 10719//10719
f 10720//10720 10721//10721 10722//10722
f 10723//10723 10724//10724 10725//10725
f 10726//10726 10727//10727 10728//10728
f 10729//10729 10730//10730 10731//10731
f 10732//10732 10733//10733 10734//10734
f 10735//10735 10736//10736 10737//10737
f 10738//10738 10739//10739 10740//10740
f 10741//10741 10742//10742 10743//10743
f 10744//10744 10745//10745 10746//10746
f 10747//10747 10748//10748 10749//10749
f 10750//10750 10751//10751 10752//10752
f 10753//10753 10754//10754 10755//10755
f 10756//10756 10757//10757 10758//10758
f 10759//10759 10760//10760 10761//10761
f 10762//10762 10763//10763 10764//10764
f 10765//10765 10766//10766 10767//10767
f 10768//10768 10769//10769 10770//10770
f 10771//10771 10772//10772 10773//10773
f 10774//10774 10775//10775 10776//10776
f 10777//10777 10778//10778 10779//10779
f 10780//10780 10781//10781 10782//10782
f 10783//10783 10784//10784 10785//10785
f 10786//10786 10787//10787 10788//10788
f 10789//10789 10790//10790 10791//10791
f 10792//10792 10793//10793 10794//10794
f 10795//10795 10796//10796 10797//10797
f 10798//10798 10799//10799 10800//10800
f 10801//10801 10802//10802 10803//10803
f 10804//10804 10805//10805 10806//10806
f 10807//10807 10808//10808 10809//10809
f 10810//10810 10811//10811 10812//10812
f 10813//10813 10814//10814 10815//10815
f 10816//10816 10817//10817 10818//10818
f 10819//10819 10820//10820 10821//10821
f 10822//10822 10823//10823 10824//10824
f 10825//10825 10826//10826 10827//10827
f 10828//10828 10829//10829 10830//10830
f 10831//10831 10832//10832 10833//10833
f 10834//10834 10835//10835 10836//10836
f 10837//10837 10838//10838 10839//10839
f 10840//10840 10841//10841 10842//10842
f 10843//10843 10844//10844 10845//10845
f 10846//10846 10847//10847 10848//10848
f 10849//10849 10850//10850 10851//10851
f 10852//10852 10853//10853 10854//10854
f 10855//10855 10856//10856 10857//10857
f 10858//10858 10859//10859 10860//10860
f 10861//10861 10862//10862 10863//10863
f 10864//10864 10865//10865 10866//10866
f 10867//10867 10868//10868 10869//10869
f 10870//10870 10871//10871 10872//10872
f 10873//10873 10874//10874 10875//10875
f 10876//10876 10877//10877 10878//10878
f 10879//10879 10880//10880 10881//10881
f 10882//10882 10883//10883 10884//10884
f 10885//10885 10886//10886 10887//10887
f 10888//10888 10889//10889 10890//10890
f 10891//10891 10892//10892 10893//10893
f 10894//10894 10895//10895 10896//10896
f 10897//10897 10898//10898 10899//10899
f 10900//10900 10901//10901 10902//10902
f 10903//10903 10904//10904 10905//10905
f 10906//10906 10907//10907 10908//10908
f 10909//10909 10910//10910 10911//10911
f 10912//10912 10913//10913 10914//10914
f 10915//10915 10916//10916 10917//10917
f 10918//10918 10919//10919 10920//10920
f 10921//10921 10922//10922 10923//10923
f 10924//10924 10925//10925 10926//10926
f 10927//10927 10928//10928 10929//10929
f 10930//10930 10931//10931 10932//10932
f 10933//10933 10934//10934 10935//10935
f 10936//10936 10937//10937 10938//10938
f 10939//10939 10940//10940 10941//10941
f 10942//10942 10943//10943 10944//10944
f 10945//10945 10946//10946 10947//10947
f 10948//10948 10949//10949 10950//10950
f 10951//10951 10952//10952 10953//10953
f 10954//10954 10955//10955 10956//10956
f 10957//10957 10958//10958 10959//10959
f 10960//10960 10961//10961 10962//10962
f 10963//10963 10964//10964 10965//10965
f 10966//10966 10967//10967 10968//10968
f 10969//10969 10970//10970 10971//10971
f 10972//10972 10973//10973 10974//10974
f 10975//10975 10976//10976 10977//10977
f 10978//10978 10979//10979 10980//10980
f 10981//10981 10982//10982 10983//10983
f 10984//10984 10985//10985 10986//10986
f 10987//10987 10988//10988 10989//10989
f 10990//10990 10991//10991 10992//10992
f 10993//10993 10994//10994 10995//10995
f 10996//10996 10997//10997 10998//10998
f 10999//10999 11000//11000 11001//11001
f 11002//11002 11003//11003 11004//11004
f 11005//11005 11006//11006 11007//11007
f 11008//11008 11009//11009 11010//11010
f 11011//11011 11012//11012 11013//11013
f 11014//11014 11015//11015 11016//11016
f 11017//11017 11018//11018 11019//11019
f 11020//11020 11021//11021 11022//11022
f 11023//11023 11024//11024 11025//11025
f 11026//11026 11027//11027 11028//11028
f 11029//11029 11030//11030 11031//11031
f 11032//11032 11033//11033 11034//11034
f 11035//11035 11036//11036 11037//11037
f 11038//11038 11039//11039 11040//11040
f 11041//11041 11042//11042 11043//11043
f 11044//11044 11045//11045 11046//11046
f 11047//11047 11048//11048 11049//11049
f 11050//11050 11051//11051 11052//11052
f 11053//11053 11054//11054 11055//11055
f 11056//11056 11057//11057 11058//11058
f 11059//11059 11060//11060 11061//11061
f 11062//11062 11063//11063 11064//11064
f 11065//11065 11066//11066 11067//11067
f 11068//11068 11069//11069 11070//11070
f 11071//11071 11072//11072 11073//11073
f 11074//11074 11075//11075 11076//11076
f 11077//11077 11078//11078 11079//11079
f 11080//11080 11081//11081 11082//11082
f 11083//11083 11084//11084 11085//11085
f 11086//11086 11087//11087 11088//11088
f 11089//11089 11090//11090 11091//11091
f 11092//11092 11093//11093 11094//11094
f 11095//11095 11096//11096 11097//11097
f 11098//11098 11099//11099 11100//11100
f 11101//11101 11102//11102 11103//11103
f 11104//11104 11105//11105 11106//11106
f 11107//11107 11108//11108 11109//11109
f 11110//11110 11111//11111 11112//11112
f 11113//11113 11114//11114 11115//11115
f 11116//11116 11117//11117 11118//11118
f 11119//11119 11120//11120 11121//11121
f 11122//11122 11123//11123 11124//11124
f 11125//11125 11126//11126 11127//11127
f 11128//11128 11129//11129 11130//11130
f 11131//11131 11132//11132 11133//11133
f 11134//11134 11135//11135 11136//11136
f 11137//11137 11138//11138 11139//11139
f 11140//11140 11141//11141 11142//11142
f 11143//11143 11144//11144 11145//11145
f 11146//11146 11147//11147 11148//11148
f 11149//11149 11150//11150 11151//11151
f 11152//11152 11153//11153 11154//11154
f 11155//11155 11156//11156 11157//11157
f 11158//11158 11159//11159 11160//11160
f 11161//11161 11162//11162 11163//11163
f 11164//11164 11165//11165 11166//11166
f 11167//11167 11168//11168 11169//11169
f 11170//11170 11171//11171 11172//11172
f 11173//11173 11174//11174 11175//11175
f 11176//11176 11177//11177 11178//11178
f 11179//11179 11180//11180 11181//11181
f 11182//11182 11183//11183 11184//11184
f 11185//11185 11186//11186 11187//11187
f 11188//11188 11189//11189 11190//11190
f 11191//11191 11192//11192 11193//11193
f 11194//11194 11195//11195 11196//11196
f 11197//11197 11198//11198 11199//11199
f 11200//11200 11201//11201 11202//11202
f 11203//11203 11204//11204 11205//11205
f 11206//11206 11207//11207 11208//11208
f 11209//11209 11210//11210 11211//11211
f 11212//11212 11213//11213 11214//11214
f 11215//11215 11216//11216 11217//11217
f 11218//11218 11219//11219 11220//11220
f 11221//11221 11222//11222 11223//11223
f 11224//11224 11225//11225 11226//11226
f 11227//11227 11228//11228 11229//11229
f 11230//11230 11231//11231 11232//11232
f 11233//11233 11234//11234 11235//11235
f 11236//11236 11237//11237 11238//11238
f 11239//11239 11240//11240 11241//11241
f 11242//11242 11243//11243 11244//11244
f 11245//11245 11246//11246 11247//11247
f 11248//11248 11249//11249 11250//11250
f 11251//11251 11252//11252 11253//11253
f 11254//11254 11255//11255 11256//11256
f 11257//11257 11258//11258 11259//11259
f 11260//11260 11261//11261 11262//11262
f 11263//11263 11264//11264 11265//11265
f 11266//11266 11267//11267 11268//11268
f 11269//11269 11270//11270 11271//11271
f 11272//11272 11273//11273 11274//11274
f 11275//11275 11276//11276 11277//11277
f 11278//11278 11279//11279 11280//11280
f 11281//11281 11282//11282 11283//11283
f 11284//11284 11285//11285 11286//11286
f 11287//11287 11288//11288 11289//11289
f 11290//11290 11291//11291 11292//11292
f 11293//11293 11294//11294 11295//11295
f 11296//11296 11297//11297 11298//11298
f 11299//11299 11300//11300 11301//11301
f 11302//11302 11303//11303 11304//11304
f 11305//11305 11306//11306 11307//11307
f 11308//11308 11309//11309 11310//11310
f 11311//11311 11312//11312 11313//11313
f 11314//11314 11315//11315 11316//11316
f 11317//11317 11318//11318 11319//11319
f 11320//11320 11321//11321 11322//11322
f 11323//11323 11324//11324 11325//11325
f 11326//11326 11327//11327 11328//11328
f 11329//11329 11330//11330 11331//11331
f 11332//11332 11333//11333 11334//11334
f 11335//11335 11336//11336 11337//11337
f 11338//11338 11339//11339 11340//11340
f 11341//11341 11342//11342 11343//11343
f 11344//11344 11345//11345 11346//11346
f 11347//11347 11348//11348 11349//11349
f 11350//11350 11351//11351 11352//11352
f 11353//11353 11354//11354 11355//11355
f 11356//11356 11357//11357 11358//11358
f 11359//11359 11360//11360 11361//11361
f 11362//11362 11363//11363 11364//11364
f 11365//11365 11366//11366 11367//11367
f 11368//11368 11369//11369 11370//11370
f 11371//11371 11372//11372 11373//11373
f 11374//11374 11375//11375 11376//11376
f 11377//11377 11378//11378 11379//11379
f 11380//11380 11381//11381 11382//11382
f 11383//11383 11384//11384 11385//11385
f 11386//11386 11387//11387 11388//11388
f 11389//11389 11390//11390 11391//11391
f 11392//11392 11393//11393 11394//11394
f 11395//11395 11396//11396 11397//11397
f 11398//11398 11399//11399 11400//11400
f 11401//11401 11402//11402 11403//11403
f 11404//11404 11405//11405 11406//11406
f 11407//11407 11408//11408 11409//11409
f 11410//11410 11411//11411 11412//11412
f 11413//11413 11414//11414 11415//11415
f 11416//11416 11417//11417 11418//11418
f 11419//11419 11420//11420 11421//11421
f 11422//11422 11423//11423 11424//11424
f 11425//11425 11426//11426 11427//11427
f 11428//11428 11429//11429 11430//11430
f 11431//11431 11432//11432 11433//11433
f 11434//11434 11435//11435 11436//11436
f 11437//11437 11438//11438 11439//11439
f 11440//11440 11441//11441 11442//11442
f 11443//11443 11444//11444 11445//11445
f 11446//11446 11447//11447 11448//11448
f 11449//11449 11450//11450 11451//11451
f 11452//11452 11453//11453 11454//11454
f 11455//11455 11456//11456 11457//11457
f 11458//11458 11459//11459 11460//11460
f 11461//11461 11462//11462 11463//11463
f 11464//11464 11465//11465 11466//11466
f 11467//11467 11468//11468 11469//11469
f 11470//11470 11471//11471 11472//11472
f 11473//11473 11474//11474 11475//11475
f 11476//11476 11477//11477 11478//11478
f 11479//11479 11480//11480 11481//11481
f 11482//11482 11483//11483 11484//11484
f 11485//11485 11486//11486 11487//11487
f 11488//11488 11489//11489 11490//11490
f 11491//11491 11492//11492 11493//11493
f 11494//11494 11495//11495 11496//11496
f 11497//11497 11498//11498 11499//11499
f 11500//11500 11501//11501 11502//11502
f 11503//11503 11504//11504 11505//11505
f 11506//11506 11507//11507 11508//11508
f 11509//11509 11510//11510 11511//11511
f 11512//11512 11513//11513 11514//11514
f 11515//11515 11516//11516 11517//11517
f 11518//11518 11519//11519 11520//11520
f 11521//11521 11522//11522 11523//11523
f 11524//11524 11525//11525 11526//11526
f 11527//11527 11528//11528 11529//11529
f 11530//11530 11531//11531 11532//11532
f 11533//11533 11534//11534 11535//11535
f 11536//11536 11537//11537 11538//11538
f 11539//11539 11540//11540 11541//11541
f 11542//11542 11543//11543 11544//11544
f 11545//11545 11546//11546 11547//11547
f 11548//11548 11549//11549 11550//11550
f 11551//11551 11552//11552 11553//11553
f 11554//11554 11555//11555 11556//11556

